keyword,endpoint,search_volume,cpc,competition,keyword_difficulty,date_pulled
"0 stamp duty",keyword_ideas/live,10,,0.0000,,2026-08-15
"0 stamp duty uk",keyword_ideas/live,10,,,,2026-08-15
"162 incorporation relief",keyword_suggestions/live,10,,0.0000,,2026-08-15
"2005 stamp duty rates",keyword_ideas/live,,,,,2026-08-15
"2006 stamp duty",keyword_ideas/live,40,,0.0000,1,2026-08-15
"2014 stamp duty changes",keyword_ideas/live,10,,0.0000,,2026-08-15
"2017 stamp duty",keyword_ideas/live,50,,0.0000,0,2026-08-15
"4 stamp duty",keyword_ideas/live,10,,0.0000,,2026-08-15
"500 000 stamp duty",bulk_keyword_difficulty/live,,,,32,2026-08-15
"7 stamp duty",keyword_ideas/live,10,,0.0000,,2026-08-15
"80c stamp duty and registration charges",keyword_ideas/live,10,,,,2026-08-15
"abolish stamp duty",bulk_keyword_difficulty/live,,,,0,2026-08-15
"abolish stamp duty petition",keyword_ideas/live,10,,0.0000,,2026-08-15
"abolish stamp duty uk",keyword_ideas/live,90,,0.0100,10,2026-08-15
"accountant for self assessment",bulk_keyword_difficulty/live,,,,2,2026-08-15
"accounting & bookkeeping services",bulk_keyword_difficulty/live,,,,10,2026-08-15
"accounting for buy-to let properties",keyword_ideas/live,10,,0.8600,0,2026-08-15
"accounting for buy-to-let properties",keyword_ideas/live,10,,0.8600,0,2026-08-15
"accounting services bookkeeping",bulk_keyword_difficulty/live,,,,2,2026-08-15
"accounting software for property management companies",google_autocomplete,,,,,2026-05-19
"act stamp duty",keyword_ideas/live,20,,0.0000,47,2026-08-15
"act stamp duty commercial",keyword_ideas/live,,,,,2026-08-15
"act stamp duty concession",keyword_ideas/live,10,,0.0000,,2026-08-15
"act stamp duty phase out",keyword_ideas/live,10,,,,2026-08-15
"act stamp duty rates",keyword_ideas/live,10,,,,2026-08-15
"ad valorem stamp duty",keyword_ideas/live,70,,0.0100,0,2026-08-15
"ad valorem stamp duty uk",keyword_ideas/live,10,,0.0000,,2026-08-15
"additional 3 stamp duty",keyword_ideas/live,10,,,,2026-08-15
"additional buyer stamp duty",keyword_ideas/live,480,,0.0100,16,2026-08-15
"additional buyer stamp duty act",keyword_ideas/live,,,,,2026-08-15
"additional buyer stamp duty exemption",keyword_ideas/live,10,,,,2026-08-15
"additional seller stamp duty",keyword_ideas/live,10,,,,2026-08-15
"additional stamp duty exemptions",keyword_ideas/live,10,,,,2026-08-15
"additional stamp duty scotland",keyword_ideas/live,10,,0.0000,,2026-08-15
"agricultural property relief iht",keyword_ideas/live,30,,0.0200,16,2026-08-21
"agricultural property relief inheritance tax",keyword_ideas/live,30,6.78,0.1300,40,2026-08-21
"agricultural relief iht",keyword_ideas/live,90,3.25,0.1200,4,2026-08-21
"agricultural relief inheritance tax",keyword_ideas/live,140,11.79,0.0600,22,2026-08-21
"aldermore limited company buy to let rates",keyword_suggestions/live,20,,0.1900,,2026-08-15
"alternative to incorporation relief",keyword_suggestions/live,,,,,2026-08-15
"are isas subject to inheritance tax",bulk_keyword_difficulty/live,,,,0,2026-08-15
"assignment stamp duty",keyword_ideas/live,10,,0.0000,,2026-08-15
"autumn statement: stamp duty",keyword_ideas/live,20,,0.0000,0,2026-08-15
"average stamp duty uk",keyword_ideas/live,20,,0.0800,,2026-08-15
"avoid inheritance tax uk",keyword_ideas/live,320,3.18,0.6400,6,2026-08-21
"avoid stamp duty",keyword_ideas/live,140,,0.0300,2,2026-08-15
"avoid stamp duty legally",keyword_ideas/live,10,,0.0000,,2026-08-15
"avoid stamp duty uk",keyword_ideas/live,10,,0.0000,,2026-08-15
"avoid tax selling rental property",keyword_ideas/live,10,,,,2026-08-15
"avoiding stamp duty",keyword_ideas/live,140,,0.0300,0,2026-08-15
"back date stamp duty",keyword_ideas/live,10,,,44,2026-08-15
"back to-back staircasing stamp duty",keyword_ideas/live,10,,0.0700,,2026-08-15
"barclays limited company buy to let",keyword_suggestions/live,20,,0.1700,32,2026-08-15
"barclays limited company buy-to-let",keyword_suggestions/live,20,,0.1700,,2026-08-15
"bed and isa stamp duty",keyword_ideas/live,10,,0.0000,,2026-08-15
"benefits of buy to let through limited company",keyword_suggestions/live,20,,0.2400,8,2026-08-15
"benefits of buy-to let through limited company",keyword_suggestions/live,20,,0.2400,8,2026-08-15
"benefits of buy-to-let through limited company",keyword_suggestions/live,20,,0.2400,8,2026-08-15
"benefits of incorporation relief",keyword_suggestions/live,,,,,2026-08-15
"best buy to let limited company mortgage",keyword_suggestions/live,30,12.80,0.7400,4,2026-08-15
"best buy to let limited company mortgages",keyword_suggestions/live,30,12.80,0.7400,4,2026-08-15
"best buy to let mortgage for limited company",keyword_suggestions/live,40,17.35,0.7300,0,2026-08-15
"best buy to let mortgage rates limited company",keyword_suggestions/live,30,4.37,0.8000,,2026-08-15
"best buy to let mortgages for limited company",keyword_suggestions/live,40,17.35,0.7300,0,2026-08-15
"best landlord accounting software",google_autocomplete,,,,,2026-05-19
"best landlord accounting software uk",google_autocomplete,,,,,2026-05-19
"best limited company buy to let mortgage rates",keyword_suggestions/live,40,7.95,0.3700,,2026-08-15
"best limited company buy to let mortgage rates uk",keyword_suggestions/live,70,6.61,0.6400,4,2026-08-15
"best limited company buy to let mortgages",keyword_suggestions/live,210,9.61,0.6800,0,2026-08-15
"best limited company buy-to let mortgages",keyword_suggestions/live,210,9.61,0.6800,5,2026-08-15
"best limited company buy-to-let mortgages",keyword_suggestions/live,210,9.61,0.6800,0,2026-08-15
"birmingham planning application search",keyword_ideas/live,590,1.30,0.0100,0,2026-08-15
"bm solutions limited company buy to let",keyword_suggestions/live,20,,0.0600,,2026-08-15
"bolton reed stamp duty",keyword_ideas/live,10,,,45,2026-08-15
"bookkeeping & accounting services",bulk_keyword_difficulty/live,,,,10,2026-08-15
"branch incorporation relief",keyword_suggestions/live,,,,,2026-08-15
"broadland planning application search",keyword_ideas/live,480,,0.0000,4,2026-08-15
"btl stamp duty",keyword_ideas/live,260,0.63,0.1200,16,2026-08-15
"btl stamp duty calculator",bulk_keyword_difficulty/live,,,,29,2026-08-15
"budget and stamp duty",bulk_keyword_difficulty/live,,,,13,2026-08-15
"budget inheritance tax",keyword_ideas/live,1000,,0.0200,15,2026-08-21
"budget inheritance tax changes",keyword_ideas/live,480,,0.0000,9,2026-08-21
"budget stamp duty",keyword_ideas/live,2900,,0.0000,14,2026-08-15
"bureau advice",keywords_for_site/live,201000,0.83,0.1400,72,2026-05-19
"business relief inheritance tax",keyword_ideas/live,590,3.88,0.4500,6,2026-08-21
"buy to let as a limited company",keyword_suggestions/live,480,7.08,0.5800,0,2026-08-15
"buy to let as limited company",keyword_suggestions/live,480,7.08,0.5800,0,2026-08-15
"buy to let deposit limited company",keyword_ideas/live,,,,,2026-08-15
"buy to let for limited company",keyword_suggestions/live,480,7.08,0.5800,0,2026-08-15
"buy to let for limited company mortgages",keyword_suggestions/live,1000,14.72,0.7300,0,2026-08-15
"buy to let for limited company rates",keyword_suggestions/live,10,3.95,0.8300,,2026-08-15
"buy to let in a limited company",keyword_suggestions/live,480,7.08,0.5800,0,2026-08-15
"buy to let in limited company",keyword_suggestions/live,480,7.08,0.5800,0,2026-08-15
"buy to let in limited company name",keyword_ideas/live,10,,,,2026-08-15
"buy to let incorporation relief",keyword_suggestions/live,,,,,2026-08-15
"buy to let insurance for limited company",keyword_suggestions/live,30,36.77,0.7100,,2026-08-15
"buy to let limited company",keyword_suggestions/live,480,7.08,0.5800,0,2026-08-15
"buy to let limited company benefits",keyword_suggestions/live,10,5.68,0.5200,,2026-08-15
"buy to let limited company calculator",keyword_suggestions/live,20,1.34,0.8600,33,2026-08-15
"buy to let limited company mortgage",keyword_suggestions/live,2400,10.69,0.7100,0,2026-08-15
"buy to let limited company mortgage rates",keyword_suggestions/live,170,5.43,0.6400,0,2026-08-15
"buy to let limited company mortgages",keyword_suggestions/live,2400,10.69,0.7100,0,2026-08-15
"buy to let limited company rates",keyword_suggestions/live,10,3.77,0.8200,0,2026-08-15
"buy to let limited company stamp duty",keyword_suggestions/live,30,,0.1700,8,2026-08-15
"buy to let limited company vs personal",keyword_suggestions/live,20,,0.0300,4,2026-08-15
"buy to let mortgage as a limited company",keyword_suggestions/live,20,3.80,0.8600,0,2026-08-15
"buy to let mortgage broker limited company",keyword_suggestions/live,20,,0.8600,38,2026-08-15
"buy to let mortgage calculator for limited company",keyword_suggestions/live,30,6.26,0.7400,0,2026-08-15
"buy to let mortgage calculator limited company",keyword_suggestions/live,50,3.38,0.5900,0,2026-08-15
"buy to let mortgage criteria for limited company",keyword_suggestions/live,20,3.98,0.6800,5,2026-08-15
"buy to let mortgage for a limited company",keyword_suggestions/live,1000,14.72,0.7300,0,2026-08-15
"buy to let mortgage for limited company",keyword_suggestions/live,1000,14.72,0.7300,0,2026-08-15
"buy to let mortgage for limited company calculator",keyword_suggestions/live,50,6.44,0.8500,0,2026-08-15
"buy to let mortgage for limited company rates",keyword_suggestions/live,50,7.35,0.6500,0,2026-08-15
"buy to let mortgage limited company",keyword_suggestions/live,2400,10.69,0.7100,0,2026-08-15
"buy to let mortgage limited company calculator",keyword_suggestions/live,20,2.33,0.6900,0,2026-08-15
"buy to let mortgage limited company deposit",keyword_suggestions/live,20,,0.5500,,2026-08-15
"buy to let mortgage limited company rates",keyword_suggestions/live,210,8.41,0.7300,0,2026-08-15
"buy to let mortgage on limited company",keyword_suggestions/live,20,12.27,0.8000,0,2026-08-15
"buy to let mortgage rates for limited company",keyword_suggestions/live,210,8.41,0.7300,4,2026-08-15
"buy to let mortgage rates limited company",keyword_suggestions/live,70,7.93,0.7600,0,2026-08-15
"buy to let mortgage rates uk limited company",keyword_suggestions/live,20,8.17,0.7600,0,2026-08-15
"buy to let mortgage through a limited company",keyword_suggestions/live,140,9.35,0.6600,0,2026-08-15
"buy to let mortgage through limited company",keyword_suggestions/live,140,9.35,0.6600,0,2026-08-15
"buy to let mortgage to limited company",keyword_suggestions/live,1000,14.72,0.7300,0,2026-08-15
"buy to let mortgage via limited company",keyword_suggestions/live,140,9.35,0.6600,0,2026-08-15
"buy to let mortgages for limited company",keyword_suggestions/live,1000,14.72,0.7300,0,2026-08-15
"buy to let mortgages limited company",keyword_suggestions/live,2400,10.69,0.7100,0,2026-08-15
"buy to let on limited company",keyword_suggestions/live,20,3.71,0.7000,0,2026-08-15
"buy to let personal or limited company",keyword_suggestions/live,20,9.30,0.3700,42,2026-08-15
"buy to let personal or limited company calculator",keyword_suggestions/live,30,4.69,0.3300,0,2026-08-15
"buy to let property in limited company",keyword_ideas/live,20,3.17,0.6800,,2026-08-15
"buy to let property in trust",keyword_ideas/live,,,,,2026-08-15
"buy to let property limited company",keyword_ideas/live,20,3.17,0.6800,,2026-08-15
"buy to let property tax advisors",keyword_ideas/live,10,,0.0400,,2026-08-15
"buy to let property through limited company",keyword_suggestions/live,40,1.78,0.6600,0,2026-08-15
"buy to let property trust",keyword_ideas/live,,,,,2026-08-15
"buy to let stamp duty bands",keyword_ideas/live,10,,,,2026-08-15
"buy to let stamp duty calculator",bulk_keyword_difficulty/live,,,,41,2026-08-15
"buy to let stamp duty calculator limited company",keyword_suggestions/live,40,6.37,0.2600,,2026-08-15
"buy to let stamp duty limited company",keyword_suggestions/live,30,,0.1700,5,2026-08-15
"buy to let through a limited company",keyword_suggestions/live,170,5.15,0.5600,0,2026-08-15
"buy to let through limited company",keyword_suggestions/live,170,5.15,0.5600,0,2026-08-15
"buy to let through limited company or personal",keyword_suggestions/live,50,4.03,0.1500,0,2026-08-15
"buy to let to limited company",keyword_suggestions/live,480,7.08,0.5800,0,2026-08-15
"buy to let via a limited company",keyword_suggestions/live,170,5.15,0.5600,0,2026-08-15
"buy to let via limited company",keyword_suggestions/live,30,6.20,0.5600,0,2026-08-15
"buy to let with limited company",keyword_suggestions/live,480,7.08,0.5800,0,2026-08-15
"buy to sell stamp duty",keyword_ideas/live,10,,0.0200,,2026-08-15
"buy to-let limited company stamp duty",keyword_suggestions/live,30,,0.1700,6,2026-08-15
"buy to-let mortgage broker limited company",keyword_suggestions/live,20,,0.8600,,2026-08-15
"buy to-let personal or limited company calculator",keyword_suggestions/live,30,4.69,0.3300,,2026-08-15
"buy to-let stamp duty calculator limited company",keyword_suggestions/live,40,6.37,0.2600,,2026-08-15
"buy to-let through limited company or personal",keyword_suggestions/live,50,4.03,0.1500,0,2026-08-15
"buy-to let in limited company name",keyword_ideas/live,10,,,,2026-08-15
"buy-to let insurance for limited company",keyword_suggestions/live,30,36.77,0.7100,,2026-08-15
"buy-to let limited company",keyword_suggestions/live,480,7.08,0.5800,0,2026-08-15
"buy-to let limited company mortgage rates",keyword_suggestions/live,170,5.43,0.6400,4,2026-08-15
"buy-to let mortgage calculator limited company",keyword_suggestions/live,50,3.38,0.5900,0,2026-08-15
"buy-to let personal or limited company calculator",keyword_suggestions/live,30,4.69,0.3300,0,2026-08-15
"buy-to let stamp duty calculator limited company",keyword_suggestions/live,40,6.37,0.2600,,2026-08-15
"buy-to let through limited company",keyword_suggestions/live,170,5.15,0.5600,0,2026-08-15
"buy-to let through limited company or personal",keyword_ideas/live,50,4.03,0.1500,0,2026-08-15
"buy-to sell stamp duty",keyword_ideas/live,10,,0.0200,,2026-08-15
"buy-to-let as limited company",keyword_suggestions/live,480,7.08,0.5800,0,2026-08-15
"buy-to-let incorporation relief",keyword_suggestions/live,,,,,2026-08-15
"buy-to-let insurance for limited company",keyword_suggestions/live,30,36.77,0.7100,,2026-08-15
"buy-to-let limited company",keyword_suggestions/live,480,7.08,0.5800,0,2026-08-15
"buy-to-let limited company calculator",keyword_suggestions/live,20,1.34,0.8600,,2026-08-15
"buy-to-let limited company stamp duty",keyword_suggestions/live,30,,0.1700,9,2026-08-15
"buy-to-let limited company uk",keyword_ideas/live,10,,0.8600,,2026-08-15
"buy-to-let limited company vs personal",keyword_suggestions/live,20,,0.0300,4,2026-08-15
"buy-to-let mortgage calculator limited company",keyword_suggestions/live,50,3.38,0.5900,0,2026-08-15
"buy-to-let personal or limited company",keyword_ideas/live,20,9.30,0.3700,,2026-08-15
"buy-to-let personal or limited company calculator",keyword_suggestions/live,30,4.69,0.3300,0,2026-08-15
"buy-to-let property in trust",keyword_ideas/live,,,,,2026-08-15
"buy-to-let stamp duty calculator limited company",keyword_suggestions/live,40,6.37,0.2600,,2026-08-15
"buy-to-let stamp duty limited company",keyword_suggestions/live,30,,0.1700,6,2026-08-15
"buy-to-let stamp duty refund",keyword_ideas/live,10,,0.1400,,2026-08-15
"buy-to-let tax limited company",keyword_ideas/live,10,,0.2300,,2026-08-15
"buy-to-let through limited company",keyword_ideas/live,170,5.15,0.5600,0,2026-08-15
"buy-to-let through limited company mortgage",keyword_suggestions/live,10,10.05,0.8600,0,2026-08-15
"buy-to-let through limited company or personal",keyword_ideas/live,50,4.03,0.1500,0,2026-08-15
"buy-to-let through limited company stamp duty",keyword_ideas/live,10,,0.4000,,2026-08-15
"buyer or seller pay stamp duty",keyword_ideas/live,10,,0.0800,,2026-08-15
"buyer stamp duty",keyword_ideas/live,20,0.31,0.0600,,2026-08-15
"buyer stamp duty 2012",keyword_ideas/live,,,,,2026-08-15
"buyer stamp duty 2023",keyword_ideas/live,0,,,,2026-08-15
"buyer stamp duty cpf",keyword_ideas/live,0,,,,2026-08-15
"buyer stamp duty for pr",keyword_ideas/live,0,,,,2026-08-15
"buyer stamp duty table",keyword_ideas/live,10,,,,2026-08-15
"buying a buy to let property through a limited company",keyword_suggestions/live,40,1.78,0.6600,0,2026-08-15
"buying a buy to let through a limited company",keyword_suggestions/live,170,5.15,0.5600,0,2026-08-15
"buying a buy-to-let property through a limited company",keyword_suggestions/live,40,1.78,0.6600,0,2026-08-15
"buying a property as a limited company",keyword_ideas/live,480,4.58,0.4400,0,2026-08-15
"buying a property through a limited company",bulk_keyword_difficulty/live,,,,0,2026-08-15
"buying buy to let property through a limited company",keyword_ideas/live,10,13.79,0.6800,0,2026-08-15
"buying buy to let through limited company",keyword_suggestions/live,20,6.56,0.6000,,2026-08-15
"buying buy-to let through limited company",keyword_ideas/live,20,6.56,0.6000,,2026-08-15
"buying off-plan stamp duty",keyword_ideas/live,10,,0.0000,39,2026-08-15
"buying property ltd company",bulk_keyword_difficulty/live,,,,0,2026-08-15
"buying property through limited company",bulk_keyword_difficulty/live,,,,0,2026-08-15
"buying property via a limited company",bulk_keyword_difficulty/live,,,,0,2026-08-15
"buying residential property through a limited company",keyword_ideas/live,40,,0.3400,33,2026-08-15
"buying residential property through limited company",keyword_ideas/live,10,,0.0000,,2026-08-15
"cac stamp duty",keyword_ideas/live,10,,,,2026-08-15
"calculate sdlt",bulk_keyword_difficulty/live,,,,40,2026-08-15
"calculate stamp duty",bulk_keyword_difficulty/live,,,,41,2026-08-15
"calculate stamp duty on shares",bulk_keyword_difficulty/live,,,,1,2026-08-15
"calculate stamp duty uk",bulk_keyword_difficulty/live,,,,41,2026-08-15
"calculating iht",bulk_keyword_difficulty/live,,,,29,2026-08-15
"camden planning application search",keyword_ideas/live,390,,0.0000,22,2026-08-15
"can a limited company get a buy to let mortgage",keyword_suggestions/live,20,1.59,0.7300,,2026-08-15
"can vendor pay stamp duty",keyword_ideas/live,10,,0.0000,,2026-08-15
"cancellation of stamp duty",keyword_ideas/live,10,,,,2026-08-15
"capital gains allowance 25/26",bulk_keyword_difficulty/live,,,,15,2026-08-15
"capital gains tax on shares",keyword_ideas/live,2900,6.01,0.0200,5,2026-08-15
"capital gains tax on uk property",keyword_ideas/live,1600,1.23,0.0500,17,2026-08-21
"capital gains tax scotland",keyword_ideas/live,1900,1.45,0.0400,1,2026-08-21
"capital gains tax when selling a holiday let",keyword_suggestions/live,,,,,2026-08-15
"capitalise stamp duty",keyword_ideas/live,10,,0.0000,,2026-08-15
"certificate of value stamp duty",keyword_ideas/live,10,,,,2026-08-15
"cgt",bulk_keyword_difficulty/live,,,,27,2026-08-15
"cgt allowance",bulk_keyword_difficulty/live,,,,7,2026-08-15
"cgt allowance 2024/25",bulk_keyword_difficulty/live,,,,11,2026-08-15
"cgt allowance 2026/27",bulk_keyword_difficulty/live,,,,7,2026-08-15
"cgt allowance uk",bulk_keyword_difficulty/live,,,,16,2026-08-15
"cgt calculator",bulk_keyword_difficulty/live,,,,11,2026-08-15
"cgt calculator uk",bulk_keyword_difficulty/live,,,,10,2026-08-15
"cgt holdover relief on incorporation",keyword_suggestions/live,,,,,2026-08-15
"cgt house sale",bulk_keyword_difficulty/live,,,,8,2026-08-15
"cgt in spain",bulk_keyword_difficulty/live,,,,0,2026-08-15
"cgt incorporation relief",keyword_suggestions/live,20,,0.1000,,2026-08-15
"cgt on second homes",bulk_keyword_difficulty/live,,,,0,2026-08-15
"cgt property exemption",keyword_ideas/live,20,,0.0200,,2026-08-15
"cgt rate",bulk_keyword_difficulty/live,,,,14,2026-08-15
"cgt rates",bulk_keyword_difficulty/live,,,,25,2026-08-15
"cgt rates 25/26",bulk_keyword_difficulty/live,,,,19,2026-08-15
"cgt rates on commercial property",keyword_ideas/live,20,,0.0000,,2026-08-15
"cgt report",bulk_keyword_difficulty/live,,,,14,2026-08-15
"cgt second homes",bulk_keyword_difficulty/live,,,,0,2026-08-15
"cgt tax return",bulk_keyword_difficulty/live,,,,7,2026-08-15
"cgt uk",bulk_keyword_difficulty/live,,,,14,2026-08-15
"changes to stamp duty victoria",keyword_ideas/live,10,,,,2026-08-15
"charge rent to limited company",keyword_ideas/live,10,,,,2026-08-15
"chartered accountants",keywords_for_site/live,110000,8.20,0.0000,69,2026-05-19
"cheapest buy to let mortgage for limited company",keyword_suggestions/live,90,6.64,0.7800,0,2026-08-15
"cheapest buy-to-let mortgage for limited company",keyword_suggestions/live,90,6.64,0.7800,0,2026-08-15
"check planning permission",keyword_ideas/live,2400,2.01,0.0200,60,2026-08-15
"city of london planning application search",keyword_ideas/live,590,,0.0000,19,2026-08-15
"claim back stamp duty",bulk_keyword_difficulty/live,,,,1,2026-08-15
"claim overpaid inheritance tax",keyword_ideas/live,,,,,2026-08-21
"claim stamp duty back",bulk_keyword_difficulty/live,,,,1,2026-08-15
"commercial buyer stamp duty",keyword_ideas/live,10,,,,2026-08-15
"commercial property sdlt calculator",bulk_keyword_difficulty/live,,,,4,2026-08-15
"commercial sdlt calculator",bulk_keyword_difficulty/live,,,,9,2026-08-15
"commercial stamp duty 2010",keyword_ideas/live,,,,,2026-08-15
"commercial stamp duty calculator",bulk_keyword_difficulty/live,,,,26,2026-08-15
"commercial stamp duty qld",keyword_ideas/live,10,,,,2026-08-15
"commercial stamp duty victoria",keyword_ideas/live,10,,,,2026-08-15
"commercial stamp duty wales",keyword_ideas/live,,,,,2026-08-15
"commonhold and leasehold experts limited",keyword_ideas/live,90,,0.0000,0,2026-08-15
"company incorporation",bulk_keyword_difficulty/live,,,,57,2026-08-15
"company ltd registration",bulk_keyword_difficulty/live,,,,68,2026-08-15
"compare limited company buy to let mortgages",keyword_suggestions/live,40,9.98,0.8600,,2026-08-15
"confirmation statement filing",bulk_keyword_difficulty/live,,,,14,2026-08-15
"conservative stamp duty",keyword_ideas/live,140,,0.0000,0,2026-08-15
"conservatives stamp duty",keyword_ideas/live,140,,0.0000,0,2026-08-15
"consumer buy to let limited company",keyword_ideas/live,,,,,2026-08-15
"consumer buy-to let limited company",keyword_ideas/live,,,,,2026-08-15
"corporation tax helpline",keyword_ideas/live,1300,7.31,0.0500,7,2026-08-21
"crest nicholson stamp duty",keyword_ideas/live,10,9.72,0.2000,,2026-08-15
"crest stamp duty",keyword_ideas/live,10,,0.0000,42,2026-08-15
"current buy to let mortgage rates limited company",keyword_suggestions/live,20,5.14,0.8300,,2026-08-15
"current rate of cgt",bulk_keyword_difficulty/live,,,,17,2026-08-15
"current stamp duty rates",bulk_keyword_difficulty/live,,,,41,2026-08-15
"current uk stamp duty thresholds",keyword_ideas/live,10,,0.0300,,2026-08-15
"cut to stamp duty",keyword_ideas/live,10,,,13,2026-08-15
"declaration of trust property",bulk_keyword_difficulty/live,,,,0,2026-08-15
"deductible costs of selling a rental property",keyword_ideas/live,10,,,,2026-08-15
"deductible expenses when selling rental property",keyword_ideas/live,10,,,,2026-08-15
"deductions when selling a rental property",keyword_ideas/live,10,,0.4300,,2026-08-15
"deductions when selling rental property",keyword_ideas/live,10,,,,2026-08-15
"define public limited company",bulk_keyword_difficulty/live,,,,0,2026-08-15
"define stamp duty",bulk_keyword_difficulty/live,,,,21,2026-08-15
"disapply incorporation relief",keyword_suggestions/live,,,,,2026-08-15
"disapplying incorporation relief",keyword_suggestions/live,,,,,2026-08-15
"distribution in specie stamp duty",keyword_ideas/live,10,,0.0000,,2026-08-15
"do first time buyers pay stamp duty",bulk_keyword_difficulty/live,,,,0,2026-08-15
"do first-time buyers pay stamp duty",bulk_keyword_difficulty/live,,,,14,2026-08-15
"do i need an accountant as a landlord",google_autocomplete,,,,,2026-05-19
"do i need an accountant for my rental property",google_autocomplete,,,,,2026-05-19
"do sellers pay stamp duty",keyword_ideas/live,140,0.60,0.0200,3,2026-08-15
"do you pay stamp duty when selling a house",bulk_keyword_difficulty/live,,,,2,2026-08-15
"do you pay stamp duty when you sell a house",bulk_keyword_difficulty/live,,,,7,2026-08-15
"does a first time buyer pay stamp duty",bulk_keyword_difficulty/live,,,,10,2026-08-15
"does first time buyers pay stamp duty",bulk_keyword_difficulty/live,,,,16,2026-08-15
"double stamp duty",keyword_ideas/live,40,,0.0100,49,2026-08-15
"e stamp duty",keyword_ideas/live,10,,0.0000,57,2026-08-15
"employee benefit trust",bulk_keyword_difficulty/live,,,,0,2026-08-15
"employee ownership trust",bulk_keyword_difficulty/live,,,,26,2026-08-15
"end stamp duty holiday",keyword_ideas/live,10,,,0,2026-08-15
"england stamp duty calculator",bulk_keyword_difficulty/live,,,,42,2026-08-15
"entrepreneurs relief on incorporation",keyword_suggestions/live,10,,0.0000,,2026-08-15
"exemption for stamp duty",bulk_keyword_difficulty/live,,,,2,2026-08-15
"exemption of stamp duty",bulk_keyword_difficulty/live,,,,6,2026-08-15
"exemption stamp duty",bulk_keyword_difficulty/live,,,,14,2026-08-15
"extend stamp duty holiday scotland",keyword_ideas/live,,,,,2026-08-15
"extension stamp duty holiday",keyword_ideas/live,10,,,37,2026-08-15
"extra 3 stamp duty",keyword_ideas/live,10,,,,2026-08-15
"extra stamp duty",keyword_ideas/live,10,,0.0000,51,2026-08-15
"farm inheritance tax uk",keyword_ideas/live,480,11.15,0.0300,30,2026-08-21
"farmers inheritance tax",keyword_ideas/live,4400,5.23,0.0800,27,2026-08-15
"farmers inheritance tax u turn",keyword_ideas/live,140,5.02,0.0000,32,2026-08-21
"farming inheritance tax",keyword_ideas/live,2400,6.00,0.0300,30,2026-08-21
"farms and inheritance tax",bulk_keyword_difficulty/live,,,,30,2026-08-15
"file a return stamp duty",keyword_ideas/live,,,,12,2026-08-15
"firs stamp duty",keyword_ideas/live,10,,,,2026-08-15
"first time buyer stamp duty",bulk_keyword_difficulty/live,,,,6,2026-08-15
"first time buyer stamp duty calculator",bulk_keyword_difficulty/live,,,,31,2026-08-15
"first time buyer stamp duty uk",bulk_keyword_difficulty/live,,,,19,2026-08-15
"first time buyers and stamp duty",bulk_keyword_difficulty/live,,,,19,2026-08-15
"first time landlord limited company",keyword_ideas/live,,,,,2026-08-15
"fixed stamp duty",keyword_ideas/live,10,,,,2026-08-15
"foreign stamp duty qld",keyword_ideas/live,10,,,,2026-08-15
"form 17 stamp duty",keyword_ideas/live,,,,,2026-08-15
"franking stamp duty",keyword_ideas/live,10,,,,2026-08-15
"free accounting software compatible with hmrc",google_autocomplete,,,,,2026-05-19
"free landlord accounting software uk",google_autocomplete,,,,,2026-05-19
"freeagent use of home limited company",keyword_ideas/live,,,,,2026-08-15
"ft stamp duty",keyword_ideas/live,10,,0.0000,,2026-08-15
"furnished holiday let capital gains tax",keyword_suggestions/live,10,,,,2026-08-15
"furnished holiday let capital gains tax hmrc",keyword_suggestions/live,20,3.71,0.0600,0,2026-08-15
"furnished holiday let inheritance tax",keyword_suggestions/live,,,,,2026-08-15
"furnished holiday let stamp duty land tax",keyword_suggestions/live,,,,,2026-08-15
"furnished holiday let tax limited company",keyword_suggestions/live,,,,,2026-08-15
"furnished holiday let tax specialist",keyword_suggestions/live,,,,,2026-08-15
"getting a buy to let mortgage as a limited company",keyword_suggestions/live,30,15.64,0.7600,0,2026-08-15
"getting around stamp duty",keyword_ideas/live,10,,0.1000,,2026-08-15
"gibraltar stamp duty",keyword_ideas/live,10,,0.0000,,2026-08-15
"gift aid",bulk_keyword_difficulty/live,,,,33,2026-08-15
"gift aid tax relief",keyword_ideas/live,880,8.24,0.0500,19,2026-08-21
"gift deed stamp duty in up",keyword_ideas/live,10,,,,2026-08-15
"gift relief on incorporation",keyword_suggestions/live,,,,,2026-08-15
"gift tax uk",keyword_ideas/live,1900,1.34,0.0300,4,2026-08-21
"gov stamp duty calculator",bulk_keyword_difficulty/live,,,,49,2026-08-15
"gov.uk stamp duty",keyword_ideas/live,720,,0.0000,55,2026-08-15
"gov.uk stamp duty calculator",bulk_keyword_difficulty/live,,,,46,2026-08-15
"granny flat agreement stamp duty",keyword_ideas/live,10,,,,2026-08-15
"guardian stamp duty",keyword_ideas/live,40,,0.0000,28,2026-08-15
"habito buy to let limited company",keyword_ideas/live,,,,,2026-08-15
"habito limited company buy to let",keyword_ideas/live,,,,,2026-08-15
"higher rate stamp duty",bulk_keyword_difficulty/live,,,,16,2026-08-15
"higher rate stamp duty wales",keyword_ideas/live,,,,,2026-08-15
"historic stamp duty rates",keyword_ideas/live,210,,0.0000,9,2026-08-15
"historic stamp duty rates ireland",keyword_ideas/live,10,,0.0000,,2026-08-15
"historic stamp duty rates ireland 1998",keyword_ideas/live,0,,,,2026-08-15
"historic stamp duty rates uk",keyword_ideas/live,10,,0.0000,,2026-08-15
"historical stamp duty calculator near london",keyword_ideas/live,,,,,2026-08-15
"historical stamp duty calculator near manchester",keyword_ideas/live,,,,,2026-08-15
"historical stamp duty rates",keyword_ideas/live,210,,0.0000,2,2026-08-15
"historical stamp duty rates nsw",keyword_ideas/live,10,,,,2026-08-15
"historical stamp duty rates nsw 2001",keyword_ideas/live,10,,,,2026-08-15
"historical stamp duty rates qld",keyword_ideas/live,10,,,,2026-08-15
"historical stamp duty rates victoria",keyword_ideas/live,0,,,,2026-08-15
"historical stamp duty rates wa",keyword_ideas/live,10,,,,2026-08-15
"hm revenue stamp duty",bulk_keyword_difficulty/live,,,,35,2026-08-15
"hmrc bank details inheritance tax",keyword_ideas/live,,,,8,2026-08-21
"hmrc capital gains tax",keyword_ideas/live,2400,7.94,0.0100,17,2026-08-21
"hmrc cgt",bulk_keyword_difficulty/live,,,,18,2026-08-15
"hmrc compatible accounting software",google_autocomplete,,,,,2026-05-19
"hmrc corporation tax helpline",keyword_ideas/live,4400,6.32,0.0800,7,2026-08-21
"hmrc gift tax rules",keyword_ideas/live,20,,0.0700,,2026-08-15
"hmrc helpline self assessment",bulk_keyword_difficulty/live,,,,9,2026-08-15
"hmrc historic stamp duty rates",keyword_ideas/live,10,,,56,2026-08-15
"hmrc iht calculator",bulk_keyword_difficulty/live,,,,38,2026-08-15
"hmrc incorporation relief",keyword_suggestions/live,,,,,2026-08-15
"hmrc inheritance tax",keyword_ideas/live,1600,3.30,0.0300,38,2026-08-21
"hmrc inheritance tax changes 2027",bulk_keyword_difficulty/live,,,,7,2026-08-15
"hmrc inheritance tax forms",keyword_ideas/live,110,,0.0000,0,2026-08-21
"hmrc inheritance tax helpline",keyword_ideas/live,260,4.57,0.0300,0,2026-08-21
"hmrc inheritance tax property valuation",keyword_ideas/live,480,,0.0700,9,2026-08-21
"hmrc internal manual inheritance tax manual",keyword_ideas/live,,,,,2026-08-21
"hmrc non resident landlord application",keyword_ideas/live,10,,0.0000,,2026-08-15
"hmrc pension inheritance tax update",keyword_ideas/live,1000,,0.0600,,2026-08-21
"hmrc reclaim stamp duty",keyword_ideas/live,50,,0.0200,2,2026-08-15
"hmrc sdlt",bulk_keyword_difficulty/live,,,,22,2026-08-15
"hmrc sdlt calculator",bulk_keyword_difficulty/live,,,,41,2026-08-15
"hmrc self assessment tax helpline",keyword_ideas/live,30,,0.0100,16,2026-08-15
"hmrc shipley stamp duty",keyword_ideas/live,,,,,2026-08-15
"hmrc stamp duty",keyword_ideas/live,1000,1.13,0.0000,57,2026-08-15
"hmrc stamp duty calculator",bulk_keyword_difficulty/live,,,,35,2026-08-15
"hmrc stamp duty contact",keyword_ideas/live,140,,0.0100,3,2026-08-15
"hmrc stamp duty manual",keyword_ideas/live,30,,0.0000,15,2026-08-15
"hmrc stamp duty rules",keyword_ideas/live,20,,0.0600,,2026-08-15
"hmrc tax advice",keyword_ideas/live,260,7.88,0.4300,59,2026-08-21
"hmrc tax code helpline",keyword_ideas/live,390,11.28,0.0400,28,2026-08-21
"hmrc tax helpline",keyword_ideas/live,480,4.91,0.0200,29,2026-08-21
"hmrc tax return helpline",keyword_ideas/live,90,,0.0400,30,2026-08-21
"hmrc tax specialist",keyword_ideas/live,260,3.79,0.0800,0,2026-08-21
"hmrc tax specialist programme",keyword_ideas/live,590,,0.0000,0,2026-08-21
"hmrc trust registration",bulk_keyword_difficulty/live,,,,0,2026-08-15
"hmrc vat helpline",keyword_ideas/live,5400,5.63,0.0500,21,2026-08-21
"hold over relief on incorporation",keyword_suggestions/live,,,,,2026-08-15
"holdover relief on incorporation",keyword_suggestions/live,,,,,2026-08-15
"holiday let capital gains tax",keyword_suggestions/live,10,,0.0500,8,2026-08-15
"holiday let stamp duty",keyword_ideas/live,210,8.37,0.3600,0,2026-08-15
"holiday let tax advice",keyword_suggestions/live,10,2.76,0.5700,,2026-08-15
"holiday let tax specialist",keyword_suggestions/live,,,,,2026-08-15
"holiday stamp duty",keyword_ideas/live,10,,,3,2026-08-15
"homeground management ltd",bulk_keyword_difficulty/live,,,,0,2026-08-15
"how does incorporation relief work",keyword_suggestions/live,,,,,2026-08-15
"how much deposit for buy to let through limited company",keyword_suggestions/live,50,5.34,0.3100,,2026-08-15
"how much inheritance tax",bulk_keyword_difficulty/live,,,,17,2026-08-15
"how much is inheritance tax",bulk_keyword_difficulty/live,,,,23,2026-08-15
"how much is stamp duty",bulk_keyword_difficulty/live,,,,31,2026-08-15
"how much is stamp duty for a house",bulk_keyword_difficulty/live,,,,32,2026-08-15
"how much is stamp duty on a second home",bulk_keyword_difficulty/live,,,,31,2026-08-15
"how much is stamp duty on second home",bulk_keyword_difficulty/live,,,,31,2026-08-15
"how much is stamp duty uk",bulk_keyword_difficulty/live,,,,31,2026-08-15
"how much money can you gift tax-free",bulk_keyword_difficulty/live,,,,3,2026-08-15
"how much stamp duty",bulk_keyword_difficulty/live,,,,32,2026-08-15
"how much stamp duty do i pay",bulk_keyword_difficulty/live,,,,26,2026-08-15
"how much stamp duty on second home",bulk_keyword_difficulty/live,,,,31,2026-08-15
"how much stamp duty uk",bulk_keyword_difficulty/live,,,,55,2026-08-15
"how to calculate inheritance tax",bulk_keyword_difficulty/live,,,,19,2026-08-15
"how to calculate stamp duty",bulk_keyword_difficulty/live,,,,42,2026-08-15
"how to incorporate",bulk_keyword_difficulty/live,,,,15,2026-08-15
"how to set up a limited company",bulk_keyword_difficulty/live,,,,27,2026-08-15
"how to set up limited company for buy to let",keyword_suggestions/live,50,5.97,0.4700,0,2026-08-15
"hsbc buy to let mortgage for limited company",keyword_suggestions/live,140,6.65,0.5100,1,2026-08-15
"hsbc buy to let mortgage for limited company calculator",keyword_suggestions/live,20,13.79,0.3600,,2026-08-15
"hsbc buy-to let mortgage for limited company",keyword_suggestions/live,140,6.65,0.5100,1,2026-08-15
"hsbc buy-to let mortgage for limited company calculator",keyword_suggestions/live,20,13.79,0.3600,,2026-08-15
"hsbc buy-to-let mortgage for limited company",keyword_suggestions/live,140,6.65,0.5100,12,2026-08-15
"hsbc buy-to-let mortgage for limited company calculator",keyword_suggestions/live,20,13.79,0.3600,,2026-08-15
"iht agricultural property relief",keyword_ideas/live,30,,0.0200,13,2026-08-21
"iht agricultural relief",keyword_ideas/live,90,3.80,0.0300,12,2026-08-21
"iht calculator",bulk_keyword_difficulty/live,,,,8,2026-08-15
"iht forms 400",bulk_keyword_difficulty/live,,,,0,2026-08-15
"iht interest calculator",bulk_keyword_difficulty/live,,,,8,2026-08-15
"iht on gifts",bulk_keyword_difficulty/live,,,,3,2026-08-15
"iht tax rates uk",keyword_ideas/live,30,,0.2400,,2026-08-21
"importance of stamp duty",keyword_ideas/live,10,,,,2026-08-15
"incorporating a buy to let business",keyword_ideas/live,,,,,2026-08-15
"incorporating buy to let properties",keyword_ideas/live,10,,0.5000,,2026-08-15
"incorporation gift relief",keyword_suggestions/live,,,,,2026-08-15
"incorporation loss relief",keyword_suggestions/live,,,,,2026-08-15
"incorporation of buy to let business",keyword_ideas/live,10,,,,2026-08-15
"incorporation relief",keyword_suggestions/live,880,10.63,0.0400,0,2026-08-15
"incorporation relief 2018",keyword_suggestions/live,,,,,2026-08-15
"incorporation relief 2020",keyword_suggestions/live,,,,,2026-08-15
"incorporation relief acca",keyword_suggestions/live,10,,0.0000,,2026-08-15
"incorporation relief accounting entries",keyword_suggestions/live,10,,0.0000,,2026-08-15
"incorporation relief acowtancy",keyword_suggestions/live,,,,,2026-08-15
"incorporation relief and goodwill",keyword_suggestions/live,10,,,,2026-08-15
"incorporation relief buy to let",keyword_suggestions/live,10,,0.0000,,2026-08-15
"incorporation relief buy-to let",keyword_suggestions/live,10,,0.0000,,2026-08-15
"incorporation relief buy-to-let",keyword_suggestions/live,10,,0.0000,,2026-08-15
"incorporation relief calculation",keyword_suggestions/live,10,,0.0200,,2026-08-15
"incorporation relief capital allowances",keyword_suggestions/live,,,,,2026-08-15
"incorporation relief changes",keyword_suggestions/live,10,,,,2026-08-15
"incorporation relief clearance",keyword_suggestions/live,,,,,2026-08-15
"incorporation relief companies",keyword_suggestions/live,,,,,2026-08-15
"incorporation relief conditions",keyword_suggestions/live,40,3.78,0.0500,,2026-08-15
"incorporation relief consideration",keyword_suggestions/live,,,,,2026-08-15
"incorporation relief corporate partner",keyword_suggestions/live,,,,,2026-08-15
"incorporation relief example",keyword_suggestions/live,20,,0.0000,43,2026-08-15
"incorporation relief for landlords",keyword_suggestions/live,20,,,,2026-08-15
"incorporation relief goodwill",keyword_suggestions/live,,,,,2026-08-15
"incorporation relief gov uk",keyword_suggestions/live,,,,,2026-08-15
"incorporation relief hmrc manual",keyword_suggestions/live,20,,0.0100,,2026-08-15
"incorporation relief hmrc manuals",keyword_suggestions/live,,,,,2026-08-15
"incorporation relief ireland",keyword_suggestions/live,10,,0.0000,,2026-08-15
"incorporation relief liabilities",keyword_suggestions/live,,,,,2026-08-15
"incorporation relief llp",keyword_suggestions/live,,,,,2026-08-15
"incorporation relief llp to company",keyword_suggestions/live,,,,,2026-08-15
"incorporation relief loan account",keyword_suggestions/live,,,,,2026-08-15
"incorporation relief non resident",keyword_suggestions/live,,,,,2026-08-15
"incorporation relief on transfer of property",keyword_suggestions/live,10,,0.0500,,2026-08-15
"incorporation relief p6",keyword_suggestions/live,,,,,2026-08-15
"incorporation relief partnership",keyword_suggestions/live,10,,0.0200,,2026-08-15
"incorporation relief plc",keyword_suggestions/live,,,,,2026-08-15
"incorporation relief ppr",keyword_suggestions/live,,,,,2026-08-15
"incorporation relief property",keyword_suggestions/live,110,5.15,0.2200,0,2026-08-15
"incorporation relief property business",keyword_suggestions/live,10,1.57,0.2700,0,2026-08-15
"incorporation relief property partnership",keyword_suggestions/live,10,,0.5700,,2026-08-15
"incorporation relief property portfolio",keyword_suggestions/live,,,,,2026-08-15
"incorporation relief property rental business",keyword_suggestions/live,40,3.30,0.4700,0,2026-08-15
"incorporation relief property stamp duty",keyword_suggestions/live,10,,0.0000,,2026-08-15
"incorporation relief s162",keyword_suggestions/live,20,,0.0000,0,2026-08-15
"incorporation relief sdlt",keyword_suggestions/live,20,,0.0300,,2026-08-15
"incorporation relief share premium",keyword_suggestions/live,,,,,2026-08-15
"incorporation relief stamp duty",keyword_suggestions/live,50,,0.0400,0,2026-08-15
"incorporation relief stock",keyword_suggestions/live,,,,,2026-08-15
"incorporation relief transfer liabilities",keyword_suggestions/live,,,,,2026-08-15
"incorporation relief uk",keyword_suggestions/live,20,,0.0400,,2026-08-15
"incorporation relief worked example",keyword_suggestions/live,,,,,2026-08-15
"incorporation s162 or s165 relief",keyword_suggestions/live,,,,,2026-08-15
"incorporation tax relief",keyword_suggestions/live,40,,0.0400,0,2026-08-15
"incorrect stamp duty paid",keyword_ideas/live,10,,0.0000,39,2026-08-15
"inheritance estate tax",keywords_for_site/live,135000,2.33,0.2600,41,2026-05-19
"inheritance gift tax",bulk_keyword_difficulty/live,,,,15,2026-08-15
"inheritance tax",keyword_ideas/live,110000,1.59,0.1400,31,2026-08-21
"inheritance tax advice",keyword_ideas/live,880,13.86,0.4600,22,2026-08-21
"inheritance tax allowance uk",keyword_ideas/live,480,1.71,0.2900,12,2026-08-21
"inheritance tax allowances",keyword_ideas/live,1300,1.73,0.1400,28,2026-08-21
"inheritance tax and gifts",bulk_keyword_difficulty/live,,,,17,2026-08-15
"inheritance tax and gifts uk",keyword_ideas/live,320,1.35,0.1800,12,2026-08-21
"inheritance tax business property relief",keyword_ideas/live,50,4.89,0.2800,4,2026-08-21
"inheritance tax calculator gov uk",keyword_ideas/live,210,1.32,0.2500,25,2026-08-21
"inheritance tax calculator hmrc",bulk_keyword_difficulty/live,,,,11,2026-08-15
"inheritance tax calculator uk",bulk_keyword_difficulty/live,,,,16,2026-08-15
"inheritance tax changes",keyword_ideas/live,1600,1.80,0.0800,15,2026-08-21
"inheritance tax changes uk",keyword_ideas/live,590,1.39,0.0700,9,2026-08-21
"inheritance tax checker",keyword_ideas/live,480,5.71,0.1900,6,2026-08-21
"inheritance tax explained",keyword_ideas/live,260,1.57,0.2400,30,2026-08-21
"inheritance tax farmers",bulk_keyword_difficulty/live,,,,27,2026-08-15
"inheritance tax farmers protest",keyword_ideas/live,10,,0.0000,25,2026-08-21
"inheritance tax for farmers explained",keyword_ideas/live,10,,0.1500,22,2026-08-21
"inheritance tax forms",keyword_ideas/live,720,32.46,0.0300,0,2026-08-21
"inheritance tax gifts",keyword_ideas/live,1900,1.26,0.1500,12,2026-08-21
"inheritance tax gifts exemption",bulk_keyword_difficulty/live,,,,12,2026-08-15
"inheritance tax ireland",keyword_ideas/live,1000,1.23,0.0100,5,2026-08-21
"inheritance tax manual hmrc",keyword_ideas/live,20,,0.0000,0,2026-08-21
"inheritance tax news",keyword_ideas/live,480,,0.0100,23,2026-08-21
"inheritance tax on farmers uk",keyword_ideas/live,10,7.13,0.0500,34,2026-08-21
"inheritance tax on pensions",keyword_ideas/live,8100,2.28,0.1200,13,2026-08-21
"inheritance tax on property",keyword_ideas/live,1300,2.24,0.3100,23,2026-08-21
"inheritance tax on property uk",keyword_ideas/live,320,2.44,0.2400,35,2026-08-21
"inheritance tax planning",keyword_ideas/live,880,10.21,0.4700,15,2026-08-21
"inheritance tax planning advice",bulk_keyword_difficulty/live,,,,0,2026-08-15
"inheritance tax planning uk",keyword_ideas/live,210,8.74,0.5800,14,2026-08-21
"inheritance tax property allowance",keyword_ideas/live,140,1.42,0.1800,15,2026-08-21
"inheritance tax rate uk",keyword_ideas/live,1000,1.87,0.2400,28,2026-08-21
"inheritance tax rates",keyword_ideas/live,1900,1.71,0.1200,28,2026-08-21
"inheritance tax reform uk",keyword_ideas/live,2900,0.75,0.0400,13,2026-08-15
"inheritance tax reforms uk",keyword_ideas/live,2900,0.75,0.0400,3,2026-08-15
"inheritance tax rules",keyword_ideas/live,1000,1.51,0.2800,29,2026-08-21
"inheritance tax scotland",keyword_ideas/live,2900,1.34,0.3100,17,2026-08-21
"inheritance tax threshold",keyword_ideas/live,18100,1.43,0.0400,28,2026-08-21
"inheritance tax threshold france",keyword_ideas/live,10,,0.0500,,2026-08-21
"inheritance tax threshold married couples",keyword_ideas/live,210,1.55,0.0600,14,2026-08-21
"inheritance tax threshold scotland",keyword_ideas/live,590,2.11,0.0800,19,2026-08-21
"inheritance tax threshold uk",keyword_ideas/live,6600,2.44,0.1000,12,2026-08-21
"inheritance tax trust uk",keyword_ideas/live,390,2.90,0.7100,12,2026-08-21
"inheritance tax uk",keyword_ideas/live,22200,1.50,0.1800,23,2026-08-21
"inheritance tax usa",keyword_ideas/live,880,1.35,0.0300,29,2026-08-21
"inheritance tax when do you pay",bulk_keyword_difficulty/live,,,,14,2026-08-15
"inheritance tax when second parent dies",bulk_keyword_difficulty/live,,,,0,2026-08-15
"inheritance taxes",keywords_for_site/live,135000,2.33,0.2600,61,2026-05-19
"irish stamp duty",keyword_ideas/live,260,,0.0000,3,2026-08-15
"irs selling rental property",keyword_ideas/live,10,,,,2026-08-15
"is stamp duty",keyword_ideas/live,30,,0.0300,,2026-08-15
"is stamp duty vat exempt",keyword_ideas/live,10,,0.0000,,2026-08-15
"isa inheritance tax",keyword_ideas/live,590,3.26,0.0900,0,2026-08-21
"isa stamp duty",keyword_ideas/live,30,8.05,0.0500,19,2026-08-15
"isas and inheritance tax",bulk_keyword_difficulty/live,,,,0,2026-08-15
"isle of man stamp duty",keyword_ideas/live,70,,0.0000,0,2026-08-15
"italy stamp duty",keyword_ideas/live,40,,0.0100,0,2026-08-15
"jersey stamp duty rates",keyword_ideas/live,10,,0.0000,,2026-08-15
"jll stamp duty",keyword_ideas/live,10,,,,2026-08-15
"johnson stamp duty",keyword_ideas/live,10,,,,2026-08-15
"joint tenancy gift tax",keyword_ideas/live,10,,0.0000,,2026-08-15
"knight frank commercial stamp duty",keyword_ideas/live,10,,0.0000,,2026-08-15
"knight frank stamp duty calculator",bulk_keyword_difficulty/live,,,,24,2026-08-15
"labour farm inheritance tax",keyword_ideas/live,40,,0.0000,,2026-08-21
"labour farmers inheritance tax",keyword_ideas/live,10,,0.0000,,2026-08-21
"labour inheritance tax",keyword_ideas/live,390,,0.0100,0,2026-08-21
"labour inheritance tax farmers",keyword_ideas/live,10,,0.0000,,2026-08-21
"labour inheritance tax plans",keyword_ideas/live,20,,0.1000,0,2026-08-21
"labour inheritance tax policy",keyword_ideas/live,4400,,0.0100,0,2026-08-21
"landlord accountant",bulk_keyword_difficulty/live,,,,0,2026-08-15
"landlord accounting software",google_autocomplete,,,,,2026-05-19
"landlord accounting software free",google_autocomplete,,,,,2026-05-19
"landlord accounting software uk",google_autocomplete,,,,,2026-05-19
"landlord accounting system",google_autocomplete,,,,,2026-05-19
"landlord incorporation relief",keyword_suggestions/live,,,,,2026-08-15
"landlord limited company",keyword_ideas/live,40,1.21,0.4600,0,2026-08-15
"landlord limited company accounts",keyword_ideas/live,,,,,2026-08-15
"landlord stamp duty",keyword_ideas/live,140,,0.0500,16,2026-08-15
"landlord stamp duty rates",keyword_ideas/live,10,,,,2026-08-15
"landlord stamp duty rebate",keyword_ideas/live,10,,,42,2026-08-15
"landlord tax advice uk",keyword_ideas/live,40,3.02,0.2100,,2026-08-15
"landlord tax help",keyword_ideas/live,10,5.99,0.2100,,2026-08-15
"landlords limited company",keyword_ideas/live,10,,,0,2026-08-15
"late stamp duty",keyword_ideas/live,10,,0.0000,,2026-08-15
"latest on stamp duty uk",keyword_ideas/live,10,,,,2026-08-15
"latest stamp duty news uk",keyword_ideas/live,10,,,57,2026-08-15
"lease extension tax advice",keyword_ideas/live,10,42.17,0.3600,38,2026-08-15
"lease property to limited company",keyword_ideas/live,10,,0.0000,,2026-08-15
"leeds building society limited company buy to let",keyword_suggestions/live,20,,0.0900,,2026-08-15
"lessor accounting software",google_autocomplete,,,,,2026-05-19
"let to buy stamp duty",keyword_ideas/live,70,,0.1100,21,2026-08-15
"let-to buy stamp duty",keyword_ideas/live,70,,0.1100,16,2026-08-15
"letting property through limited company",keyword_ideas/live,10,,0.4600,,2026-08-15
"letting to a limited company",keyword_ideas/live,10,,,,2026-08-15
"limited company buy to let",keyword_suggestions/live,320,8.00,0.6300,0,2026-08-15
"limited company buy to let advantages",keyword_ideas/live,,,,,2026-08-15
"limited company buy to let brokers",keyword_ideas/live,,,,,2026-08-15
"limited company buy to let calculator",keyword_suggestions/live,20,4.72,0.7400,33,2026-08-15
"limited company buy to let comparison",keyword_ideas/live,,,,,2026-08-15
"limited company buy to let criteria",keyword_ideas/live,,,,,2026-08-15
"limited company buy to let mortgage",keyword_suggestions/live,2400,10.69,0.7100,0,2026-08-15
"limited company buy to let mortgage calculator",keyword_suggestions/live,110,5.20,0.7400,0,2026-08-15
"limited company buy to let mortgage comparison",keyword_suggestions/live,480,7.49,0.6700,4,2026-08-15
"limited company buy to let mortgage criteria",keyword_suggestions/live,20,,0.0000,5,2026-08-15
"limited company buy to let mortgage interest only",keyword_suggestions/live,30,3.78,0.7900,0,2026-08-15
"limited company buy to let mortgage lenders",keyword_suggestions/live,2400,10.69,0.7100,0,2026-08-15
"limited company buy to let mortgage rates",keyword_suggestions/live,320,5.43,0.6600,4,2026-08-15
"limited company buy to let mortgage rates uk",keyword_suggestions/live,40,2.58,0.8600,0,2026-08-15
"limited company buy to let mortgages",keyword_suggestions/live,2400,10.69,0.7100,0,2026-08-15
"limited company buy to let mortgages comparison",keyword_suggestions/live,480,6.59,0.7500,2,2026-08-15
"limited company buy to let mortgages comparison calculator",keyword_suggestions/live,20,8.32,0.6000,,2026-08-15
"limited company buy to let rates",keyword_suggestions/live,40,4.32,0.8100,0,2026-08-15
"limited company buy to let stamp duty",keyword_suggestions/live,70,0.86,0.2000,4,2026-08-15
"limited company buy to let stamp duty calculator",keyword_suggestions/live,30,,0.2300,,2026-08-15
"limited company buy to let the mortgage works",keyword_suggestions/live,10,,,,2026-08-15
"limited company buy-to let mortgage calculator",keyword_suggestions/live,110,5.20,0.7400,0,2026-08-15
"limited company buy-to let mortgage rates uk",keyword_suggestions/live,40,2.58,0.8600,0,2026-08-15
"limited company buy-to let mortgages comparison",keyword_suggestions/live,480,7.49,0.6700,5,2026-08-15
"limited company buy-to let rates",keyword_suggestions/live,40,4.32,0.8100,0,2026-08-15
"limited company buy-to-let",keyword_suggestions/live,320,8.00,0.6300,0,2026-08-15
"limited company buy-to-let mortgage",keyword_suggestions/live,2400,10.69,0.7100,0,2026-08-15
"limited company buy-to-let mortgage comparison",keyword_suggestions/live,480,7.49,0.6700,5,2026-08-15
"limited company buy-to-let mortgages",keyword_suggestions/live,2400,10.69,0.7100,0,2026-08-15
"limited company buy-to-let mortgages comparison",keyword_suggestions/live,480,7.49,0.6700,5,2026-08-15
"limited company buy-to-let stamp duty",keyword_suggestions/live,70,0.86,0.2000,4,2026-08-15
"limited company buy-to-let stamp duty calculator",keyword_suggestions/live,30,,0.2300,,2026-08-15
"limited company for buy to let",keyword_suggestions/live,320,8.00,0.6300,0,2026-08-15
"limited company for buy to let property",keyword_suggestions/live,10,,0.7900,,2026-08-15
"limited company for landlords",keyword_ideas/live,40,1.21,0.4600,0,2026-08-15
"limited company for property development",keyword_ideas/live,10,,,42,2026-08-15
"limited company for rental property",keyword_ideas/live,90,9.93,0.5100,0,2026-08-15
"limited company landlord",keyword_ideas/live,30,,0.3400,0,2026-08-15
"limited company landlords",keyword_ideas/live,30,,0.3400,0,2026-08-15
"limited company mortgage buy to let",keyword_suggestions/live,30,10.55,0.7900,0,2026-08-15
"limited company mortgages buy to let",keyword_suggestions/live,30,10.55,0.7900,0,2026-08-15
"limited company or sole trader",bulk_keyword_difficulty/live,,,,6,2026-08-15
"limited company renting to family member",keyword_ideas/live,10,,0.0400,,2026-08-15
"limited company sole trader",bulk_keyword_difficulty/live,,,,11,2026-08-15
"limited company spv buy to let",keyword_ideas/live,10,15.25,0.7100,,2026-08-15
"limited company versus sole trader",bulk_keyword_difficulty/live,,,,6,2026-08-15
"limited company vs personal buy to let",keyword_ideas/live,10,1.62,0.1200,4,2026-08-15
"limited company vs personal buy-to let",keyword_ideas/live,10,1.62,0.1200,4,2026-08-15
"llp stamp duty",keyword_ideas/live,10,,0.0000,,2026-08-15
"london property stamp duty",keyword_ideas/live,10,,0.0500,,2026-08-15
"loss relief on incorporation",keyword_suggestions/live,,,,,2026-08-15
"ltd",bulk_keyword_difficulty/live,,,,13,2026-08-15
"ltd company",bulk_keyword_difficulty/live,,,,37,2026-08-15
"ltd company accounting",bulk_keyword_difficulty/live,,,,16,2026-08-15
"ltd company for property",keyword_ideas/live,140,18.66,0.5600,0,2026-08-15
"ltd company landlord",keyword_ideas/live,30,,0.3400,,2026-08-15
"ltd company mortgage rates",bulk_keyword_difficulty/live,,,,0,2026-08-15
"ltd company registration",bulk_keyword_difficulty/live,,,,54,2026-08-15
"ltd company set up uk",bulk_keyword_difficulty/live,,,,61,2026-08-15
"ltd company tax calculator",bulk_keyword_difficulty/live,,,,0,2026-08-15
"ltd property company",keyword_ideas/live,20,,0.4100,0,2026-08-15
"ltd vs sole trader",bulk_keyword_difficulty/live,,,,5,2026-08-15
"ltt stamp duty",keyword_ideas/live,10,,0.0000,,2026-08-15
"manufacturing advisory service",keywords_for_site/live,74000,0.58,0.2300,13,2026-05-19
"missing stamp duty deadline",keyword_ideas/live,10,,,,2026-08-15
"money saving expert stamp duty",keyword_ideas/live,70,,0.0000,13,2026-08-15
"mortgage buy to let limited company",keyword_suggestions/live,30,10.55,0.7900,0,2026-08-15
"mortgage for limited company buy to let",keyword_suggestions/live,10,17.27,0.8100,0,2026-08-15
"mortgage rates buy to let limited company",keyword_suggestions/live,10,1.80,0.7900,4,2026-08-15
"mortgage rates for limited company buy to let",keyword_suggestions/live,20,4.53,0.7900,4,2026-08-15
"moving buy-to-let to limited company",keyword_suggestions/live,10,,0.1400,,2026-08-15
"mse stamp duty",keyword_ideas/live,70,,0.0000,28,2026-08-15
"national trust rental properties",bulk_keyword_difficulty/live,,,,30,2026-08-15
"natwest limited company buy to let",keyword_suggestions/live,20,,0.0900,,2026-08-15
"new inheritance tax rules",keyword_ideas/live,480,3.14,0.1700,21,2026-08-15
"new inheritance tax rules uk",keyword_ideas/live,210,1.17,0.1200,15,2026-08-21
"new inheritance tax threshold",keyword_ideas/live,10,,0.0000,21,2026-08-21
"new rules on stamp duty uk",keyword_ideas/live,10,,,,2026-08-15
"new south wales stamp duty rates",keyword_ideas/live,10,,0.0300,,2026-08-15
"new stamp duty announcement",keyword_ideas/live,10,,,22,2026-08-15
"new stamp duty exemptions",keyword_ideas/live,10,,,,2026-08-15
"new stamp duty for landlords",keyword_ideas/live,10,,,,2026-08-15
"new stamp duty rates 2018",keyword_ideas/live,0,,,,2026-08-15
"new stamp duty rules",keyword_ideas/live,720,,0.0100,20,2026-08-15
"new stamp duty rules explained",keyword_ideas/live,10,,,,2026-08-15
"new stamp duty rules gov uk",keyword_ideas/live,10,,,,2026-08-15
"new stamp duty rules uk",keyword_ideas/live,10,,0.0000,,2026-08-15
"news on stamp duty uk",keyword_ideas/live,10,,,8,2026-08-15
"news stamp duty",bulk_keyword_difficulty/live,,,,26,2026-08-15
"next time buyer stamp duty",keyword_ideas/live,,,,,2026-08-15
"nil rate band inheritance tax",keyword_ideas/live,590,3.01,0.1700,6,2026-08-21
"non resident company landlord",keyword_ideas/live,,,,40,2026-08-15
"non resident landlord capital allowances",keyword_ideas/live,10,,,,2026-08-15
"non resident landlord company",keyword_ideas/live,10,,0.0000,40,2026-08-15
"non resident landlord company hmrc",keyword_ideas/live,,,,,2026-08-15
"non resident landlord number",keyword_ideas/live,10,,0.0000,,2026-08-15
"non resident landlord quarterly return",keyword_ideas/live,30,,0.0200,,2026-08-15
"non resident landlord scheme",keyword_ideas/live,880,0.40,0.0100,2,2026-08-15
"non resident landlord scheme company",keyword_ideas/live,,,,43,2026-08-15
"non resident landlord scheme for companies",keyword_ideas/live,10,,0.0000,43,2026-08-15
"non resident landlord tax",keyword_ideas/live,90,,0.0500,1,2026-08-15
"non resident landlord tax exemption",keyword_ideas/live,10,,0.0000,,2026-08-15
"non resident landlord travel expenses",keyword_suggestions/live,,,,,2026-08-15
"non resident landlord withholding tax",keyword_ideas/live,10,,0.0000,,2026-08-15
"non statutory clearance for incorporation relief",keyword_suggestions/live,,,,,2026-08-15
"non-resident company owning uk property",keyword_ideas/live,10,,,40,2026-08-15
"non-resident landlord tax",keyword_ideas/live,90,,0.0500,0,2026-08-15
"non-residential property stamp duty",bulk_keyword_difficulty/live,,,,0,2026-08-15
"northern ireland stamp duty calculator",bulk_keyword_difficulty/live,,,,31,2026-08-15
"northern territory stamp duty",keyword_ideas/live,10,,,,2026-08-15
"novation agreement stamp duty",keyword_ideas/live,10,,,,2026-08-15
"nrls",bulk_keyword_difficulty/live,,,,8,2026-08-15
"nsw stamp duty exemptions",keyword_ideas/live,10,,0.0000,,2026-08-15
"ogier stamp duty",keyword_ideas/live,10,,0.0000,,2026-08-15
"old and new stamp duty",keyword_ideas/live,10,,0.1400,,2026-08-15
"old stamp duty rates",keyword_ideas/live,90,,0.0000,43,2026-08-15
"old stamp duty rates 2019",keyword_ideas/live,10,,,39,2026-08-15
"old stamp duty rates 2021",keyword_ideas/live,0,,,,2026-08-15
"old stamp duty rates 2022",keyword_ideas/live,30,,0.0000,38,2026-08-15
"overlap relief on incorporation",keyword_suggestions/live,,,,,2026-08-15
"overpaid stamp duty",keyword_ideas/live,20,,0.0100,1,2026-08-15
"part exchange stamp duty",keyword_ideas/live,20,,0.0200,0,2026-08-15
"pay capital gains tax",keyword_ideas/live,1600,,0.0000,17,2026-08-21
"pay cgt",bulk_keyword_difficulty/live,,,,13,2026-08-15
"pay cgt on residential property",keyword_ideas/live,30,10.21,0.0500,,2026-08-15
"pay cgt online",bulk_keyword_difficulty/live,,,,13,2026-08-15
"pay stamp duty land tax",bulk_keyword_difficulty/live,,,,35,2026-08-15
"paying inheritance tax",keyword_ideas/live,720,3.56,0.1100,28,2026-08-21
"paying rent to a trust",keyword_ideas/live,10,,,,2026-08-15
"payment for stamp duty",keyword_ideas/live,10,,0.0000,29,2026-08-15
"penalty for stamp duty",keyword_ideas/live,10,,0.0000,0,2026-08-15
"pension inheritance tax changes",keyword_ideas/live,2400,0.62,0.1200,6,2026-08-21
"pension savings inheritance tax changes",keyword_ideas/live,1900,,0.0600,1,2026-08-21
"portfolio landlord limited company",keyword_ideas/live,,,,,2026-08-15
"portuguese stamp duty",keyword_ideas/live,50,,0.0900,0,2026-08-15
"possible stamp duty cut",keyword_ideas/live,10,,,,2026-08-15
"pre incorporation loss relief",keyword_suggestions/live,,,,,2026-08-15
"pre-incorporation loss relief",keyword_suggestions/live,,,,,2026-08-15
"precise mortgages limited company buy to let",keyword_suggestions/live,10,,0.7100,,2026-08-15
"private landlord or limited company",keyword_ideas/live,,,,,2026-08-15
"private ltd companies",bulk_keyword_difficulty/live,,,,15,2026-08-15
"private property seller stamp duty",keyword_ideas/live,10,,,,2026-08-15
"proof of stamp duty paid",keyword_ideas/live,10,,0.0000,,2026-08-15
"property business incorporation relief",keyword_suggestions/live,10,,0.4600,,2026-08-15
"property cgt exemption",keyword_ideas/live,20,,0.0200,,2026-08-15
"property development limited company",keyword_ideas/live,10,,,42,2026-08-15
"property incorporation relief",keyword_suggestions/live,110,5.15,0.2200,0,2026-08-15
"property tax accountant",keyword_ideas/live,210,7.99,0.7500,0,2026-08-21
"property tax stamp duty",keyword_ideas/live,3600,,0.0100,55,2026-08-15
"property118 ltd",bulk_keyword_difficulty/live,,,,8,2026-08-15
"public limited company meaning",bulk_keyword_difficulty/live,,,,0,2026-08-15
"purpose of stamp duty",keyword_ideas/live,20,0.13,0.0500,45,2026-08-15
"putting buy-to-let into limited company",keyword_ideas/live,10,,0.1000,,2026-08-15
"qld stamp duty exemption",keyword_ideas/live,10,,0.0000,,2026-08-15
"qld stamp duty exemptions",keyword_ideas/live,10,,0.0000,,2026-08-15
"qld stamp duty rates",keyword_ideas/live,10,,0.0000,,2026-08-15
"r&d tax credit specialists",bulk_keyword_difficulty/live,,,,15,2026-08-15
"ramsey case incorporation relief",keyword_suggestions/live,,,,,2026-08-15
"rbs buy to let limited company",keyword_ideas/live,,,,,2026-08-15
"recent stamp duty changes",keyword_ideas/live,10,,0.0000,,2026-08-15
"reclaim stamp duty",keyword_ideas/live,720,2.66,0.0500,1,2026-08-15
"reduction in stamp duty uk",keyword_ideas/live,10,,,64,2026-08-15
"reeves inheritance tax",keyword_ideas/live,210,,0.0000,0,2026-08-21
"reeves inheritance tax changes iht",keyword_ideas/live,320,,0.0000,3,2026-08-21
"reeves stamp duty property tax",bulk_keyword_difficulty/live,,,,7,2026-08-15
"reform uk inheritance tax",keyword_ideas/live,90,,0.0000,6,2026-08-21
"reform uk inheritance tax policy",keyword_ideas/live,110,,0.0000,0,2026-08-21
"register a ltd company",bulk_keyword_difficulty/live,,,,29,2026-08-15
"register a trust",bulk_keyword_difficulty/live,,,,0,2026-08-15
"register a trust as a trustee",bulk_keyword_difficulty/live,,,,0,2026-08-15
"register ltd company",bulk_keyword_difficulty/live,,,,64,2026-08-15
"register trust with hmrc",bulk_keyword_difficulty/live,,,,0,2026-08-15
"registering a trust",bulk_keyword_difficulty/live,,,,0,2026-08-15
"registering a trust with hmrc",bulk_keyword_difficulty/live,,,,0,2026-08-15
"rent agreement for private limited company",keyword_ideas/live,10,,,,2026-08-15
"rental income limited company",keyword_ideas/live,10,,0.0000,,2026-08-15
"rental property tax accountant",keyword_ideas/live,10,,1.0000,40,2026-08-15
"rental property through limited company",keyword_ideas/live,20,2.82,0.3100,8,2026-08-15
"renting a flat through a limited company",keyword_ideas/live,10,,,,2026-08-15
"renting property through a limited company",keyword_ideas/live,10,,0.4600,8,2026-08-15
"research and development tax consultant",bulk_keyword_difficulty/live,,,,6,2026-08-15
"reservation agreement stamp duty",keyword_ideas/live,10,,,,2026-08-15
"revenue non resident landlord",keyword_ideas/live,10,,,,2026-08-15
"right to buy stamp duty",keyword_ideas/live,20,,0.0000,23,2026-08-15
"roll over relief on incorporation",keyword_suggestions/live,,,,,2026-08-15
"roll over relief on incorporation of a business",keyword_suggestions/live,,,,,2026-08-15
"roll over relief on incorporation of a business explained",keyword_suggestions/live,,,,,2026-08-15
"roll-over relief on incorporation of a business",keyword_suggestions/live,,,,,2026-08-15
"s 162 incorporation relief",keyword_suggestions/live,10,,0.2700,8,2026-08-15
"s.162 incorporation relief",keyword_suggestions/live,10,,0.2700,8,2026-08-15
"s162 incorporation relief",keyword_suggestions/live,140,,0.0300,0,2026-08-15
"s162 incorporation relief example",keyword_suggestions/live,,,,,2026-08-15
"s162 incorporation relief property",keyword_suggestions/live,20,,0.0300,,2026-08-15
"s162 incorporation relief stamp duty",keyword_suggestions/live,,,,,2026-08-15
"s165 incorporation relief",keyword_suggestions/live,,,,,2026-08-15
"s42 stamp duty relief",keyword_ideas/live,30,,0.0000,,2026-08-15
"s75 stamp duty relief",keyword_ideas/live,30,,0.0000,,2026-08-15
"scotland stamp duty 2021",keyword_ideas/live,10,,,54,2026-08-15
"scotland stamp duty changes",keyword_ideas/live,10,,0.0000,28,2026-08-15
"scotland stamp duty surcharge",keyword_ideas/live,,,,,2026-08-15
"scottish stamp duty",keyword_ideas/live,,,,,2026-08-15
"sdlt",bulk_keyword_difficulty/live,,,,28,2026-08-15
"sdlt calculator",bulk_keyword_difficulty/live,,,,41,2026-08-15
"sdlt calculator commercial",bulk_keyword_difficulty/live,,,,9,2026-08-15
"sdlt calculator hmrc",bulk_keyword_difficulty/live,,,,41,2026-08-15
"sdlt commercial property",bulk_keyword_difficulty/live,,,,0,2026-08-15
"sdlt commercial property calculator",bulk_keyword_difficulty/live,,,,26,2026-08-15
"sdlt definition",bulk_keyword_difficulty/live,,,,13,2026-08-15
"sdlt forms",bulk_keyword_difficulty/live,,,,0,2026-08-15
"sdlt hmrc",bulk_keyword_difficulty/live,,,,22,2026-08-15
"sdlt incorporation relief",keyword_suggestions/live,30,,0.1200,,2026-08-15
"sdlt land",bulk_keyword_difficulty/live,,,,15,2026-08-15
"sdlt meaning",bulk_keyword_difficulty/live,,,,10,2026-08-15
"sdlt on land",bulk_keyword_difficulty/live,,,,17,2026-08-15
"sdlt payable",bulk_keyword_difficulty/live,,,,20,2026-08-15
"sdlt payment",bulk_keyword_difficulty/live,,,,10,2026-08-15
"sdlt rates",bulk_keyword_difficulty/live,,,,13,2026-08-15
"sdlt rates uk",bulk_keyword_difficulty/live,,,,22,2026-08-15
"sdlt relief incorporation",keyword_suggestions/live,,,,,2026-08-15
"sdlt relief on incorporation",keyword_suggestions/live,,,,,2026-08-15
"sdlt relief on incorporation of partnership",keyword_suggestions/live,10,,0.0300,,2026-08-15
"sdlt return",bulk_keyword_difficulty/live,,,,0,2026-08-15
"sdlt submission",bulk_keyword_difficulty/live,,,,10,2026-08-15
"sdlt uk rates",bulk_keyword_difficulty/live,,,,22,2026-08-15
"second home stamp duty",bulk_keyword_difficulty/live,,,,11,2026-08-15
"second home stamp duty calculator",bulk_keyword_difficulty/live,,,,28,2026-08-15
"second house stamp duty",bulk_keyword_difficulty/live,,,,7,2026-08-15
"section 162 incorporation relief",keyword_suggestions/live,210,1.07,0.1300,0,2026-08-15
"section 162 incorporation relief property",keyword_suggestions/live,10,,0.2900,,2026-08-15
"section 165 incorporation relief",keyword_suggestions/live,,,,,2026-08-15
"section 24 limited company",keyword_suggestions/live,10,,0.0000,,2026-08-15
"section 600 incorporation relief",keyword_suggestions/live,,,,,2026-08-15
"sell buy to let property tax",keyword_ideas/live,50,5.06,0.0700,0,2026-08-15
"sell or keep buy-to-let property",keyword_ideas/live,,,,,2026-08-15
"seller stamp duty",keyword_ideas/live,70,,0.0300,27,2026-08-15
"seller stamp duty 4 years",keyword_ideas/live,10,,,,2026-08-15
"seller stamp duty chart",keyword_ideas/live,10,,,,2026-08-15
"seller stamp duty for commercial property",keyword_ideas/live,10,,,,2026-08-15
"seller stamp duty for new launch",keyword_ideas/live,10,,,,2026-08-15
"seller stamp duty rates",keyword_ideas/live,10,,,,2026-08-15
"seller stamp duty sg",keyword_ideas/live,10,,,,2026-08-15
"seller stamp duty singapore private property",keyword_ideas/live,0,,,,2026-08-15
"seller stamp duty uk",keyword_ideas/live,,,,,2026-08-15
"selling a buy to let tax",keyword_ideas/live,10,,0.1400,,2026-08-15
"selling a house stamp duty",bulk_keyword_difficulty/live,,,,6,2026-08-15
"selling a rental home taxes",keyword_ideas/live,10,,0.2900,,2026-08-15
"selling a rental property in bc tax implications",keyword_ideas/live,10,,,,2026-08-15
"selling a rental property ireland tax",keyword_ideas/live,10,,,,2026-08-15
"selling a rental property irs",keyword_ideas/live,10,,,,2026-08-15
"selling a rental property tax uk",keyword_ideas/live,10,1.81,0.2000,,2026-08-15
"selling a rental property taxes",keyword_ideas/live,110,2.50,0.3500,4,2026-08-15
"selling a rented property tax",keyword_ideas/live,110,2.50,0.3500,2,2026-08-15
"selling buy to let property tax",keyword_ideas/live,50,5.06,0.0700,3,2026-08-15
"selling property to limited company",keyword_ideas/live,30,18.10,0.2000,0,2026-08-15
"selling rental property deductible expenses",keyword_ideas/live,10,,,,2026-08-15
"selling rental property irs",keyword_ideas/live,10,,,,2026-08-15
"selling rental property tax deductions",keyword_ideas/live,10,,,,2026-08-15
"selling rental property to tenants",keyword_ideas/live,10,18.46,0.5200,0,2026-08-15
"selling rented property tax",keyword_ideas/live,110,3.93,0.2200,0,2026-08-15
"set up a limited company for buy to let",keyword_suggestions/live,140,8.95,0.4600,0,2026-08-15
"set up a limited company for buy-to-let",keyword_suggestions/live,140,8.95,0.4600,0,2026-08-15
"set up a limited company for rental property",keyword_ideas/live,40,15.34,0.6400,,2026-08-15
"set up as a limited company",bulk_keyword_difficulty/live,,,,26,2026-08-15
"set up company ltd",bulk_keyword_difficulty/live,,,,68,2026-08-15
"set up limited company for buy to let",keyword_suggestions/live,140,8.95,0.4600,0,2026-08-15
"set up limited company for buy-to-let",keyword_suggestions/live,140,8.95,0.4600,0,2026-08-15
"set up limited company for rental property",keyword_ideas/live,40,15.34,0.6400,7,2026-08-15
"setting up a buy-to-let limited company",keyword_suggestions/live,40,10.10,0.3700,0,2026-08-15
"setting up a limited company",bulk_keyword_difficulty/live,,,,27,2026-08-15
"setting up a limited company buy to let",keyword_suggestions/live,140,8.95,0.4600,0,2026-08-15
"setting up a limited company for buy to let",keyword_suggestions/live,140,8.95,0.4600,0,2026-08-15
"setting up a limited company for buy to let property",keyword_ideas/live,,,,,2026-08-15
"setting up a limited company for buy-to-let",keyword_suggestions/live,140,8.95,0.4600,0,2026-08-15
"setting up a limited company uk",bulk_keyword_difficulty/live,,,,13,2026-08-15
"setting up a ltd company",bulk_keyword_difficulty/live,,,,27,2026-08-15
"setting up as a limited company",bulk_keyword_difficulty/live,,,,17,2026-08-15
"setting up limited company for buy to let",keyword_suggestions/live,140,8.95,0.4600,0,2026-08-15
"setting up limited company for buy-to-let",keyword_suggestions/live,140,8.95,0.4600,0,2026-08-15
"setting up limited company for rental property",keyword_ideas/live,40,15.34,0.6400,0,2026-08-15
"sh03 stamp duty",keyword_ideas/live,10,,0.0000,,2026-08-15
"share ownership stamp duty",bulk_keyword_difficulty/live,,,,0,2026-08-15
"share stamp duty calculator",bulk_keyword_difficulty/live,,,,10,2026-08-15
"shared ownership and stamp duty",bulk_keyword_difficulty/live,,,,0,2026-08-15
"shares stamp duty calculator",bulk_keyword_difficulty/live,,,,10,2026-08-15
"should landlord incorporate",keyword_ideas/live,10,,,,2026-08-15
"should landlords set up a limited company",keyword_ideas/live,,,,,2026-08-15
"sic code for buy to let limited company",keyword_suggestions/live,20,,0.0700,,2026-08-15
"sic code for buy-to-let limited company",keyword_suggestions/live,20,,0.0700,,2026-08-15
"singapore rental stamp duty",keyword_ideas/live,10,,0.0000,,2026-08-15
"sipp inheritance tax",keyword_ideas/live,260,2.06,0.1000,0,2026-08-21
"small landlord accounting software",google_autocomplete,,,,,2026-05-19
"sole trader and limited company",bulk_keyword_difficulty/live,,,,6,2026-08-15
"sole trader or limited company",bulk_keyword_difficulty/live,,,,10,2026-08-15
"sole trader vs limited company",bulk_keyword_difficulty/live,,,,6,2026-08-15
"sole trader vs ltd",bulk_keyword_difficulty/live,,,,0,2026-08-15
"sole trader vs ltd company",bulk_keyword_difficulty/live,,,,5,2026-08-15
"spain inheritance tax",bulk_keyword_difficulty/live,,,,0,2026-08-15
"special stamp duty",keyword_ideas/live,10,,,43,2026-08-15
"spring statement stamp duty",keyword_ideas/live,10,,,,2026-08-15
"staggered stamp duty",keyword_ideas/live,30,,,,2026-08-15
"stamp duty",bulk_keyword_difficulty/live,,,,41,2026-08-15
"stamp duty £500 000",keyword_ideas/live,590,0.38,0.1800,32,2026-08-15
"stamp duty 0.5",keyword_ideas/live,20,,0.0000,,2026-08-15
"stamp duty 1",keyword_ideas/live,10,,0.0000,,2026-08-15
"stamp duty 125k",keyword_ideas/live,10,,0.0500,,2026-08-15
"stamp duty 15",keyword_ideas/live,10,,0.0000,51,2026-08-15
"stamp duty 1863",keyword_ideas/live,10,,,,2026-08-15
"stamp duty 1996",keyword_ideas/live,10,,0.0000,,2026-08-15
"stamp duty 1997",keyword_ideas/live,10,,0.0000,,2026-08-15
"stamp duty 1998",keyword_ideas/live,10,,0.0000,,2026-08-15
"stamp duty 1999",keyword_ideas/live,20,,0.0000,45,2026-08-15
"stamp duty 2",keyword_ideas/live,10,,0.0000,,2026-08-15
"stamp duty 2001",keyword_ideas/live,20,,0.0000,,2026-08-15
"stamp duty 2002",keyword_ideas/live,30,,0.0000,44,2026-08-15
"stamp duty 2003",keyword_ideas/live,30,,0.0000,0,2026-08-15
"stamp duty 2005",keyword_ideas/live,30,,0.0000,3,2026-08-15
"stamp duty 2008 uk",keyword_ideas/live,10,,,,2026-08-15
"stamp duty 2009",keyword_ideas/live,20,,0.0000,13,2026-08-15
"stamp duty 2010",keyword_ideas/live,30,,0.0000,0,2026-08-15
"stamp duty 2010 scotland",keyword_ideas/live,10,,,,2026-08-15
"stamp duty 2014 scotland",keyword_ideas/live,10,,,,2026-08-15
"stamp duty 2015 england",keyword_ideas/live,10,,,,2026-08-15
"stamp duty 2015 scotland",keyword_ideas/live,10,,,,2026-08-15
"stamp duty 2nd home",bulk_keyword_difficulty/live,,,,4,2026-08-15
"stamp duty 2nd home calculator",bulk_keyword_difficulty/live,,,,28,2026-08-15
"stamp duty 3",keyword_ideas/live,10,,0.0000,19,2026-08-15
"stamp duty 3 to 5",keyword_ideas/live,10,,0.0000,,2026-08-15
"stamp duty 300k",keyword_ideas/live,320,1.11,0.1200,19,2026-08-15
"stamp duty 350k",keyword_ideas/live,170,0.15,0.1400,32,2026-08-15
"stamp duty 4",keyword_ideas/live,10,,0.0000,,2026-08-15
"stamp duty 40000 threshold",keyword_ideas/live,10,,0.0000,,2026-08-15
"stamp duty 400k house",bulk_keyword_difficulty/live,,,,31,2026-08-15
"stamp duty 50",keyword_ideas/live,10,,,,2026-08-15
"stamp duty 50 discount",keyword_ideas/live,10,,,,2026-08-15
"stamp duty 500 000",keyword_ideas/live,590,0.38,0.1800,32,2026-08-15
"stamp duty 550k",keyword_ideas/live,140,0.07,0.1400,32,2026-08-15
"stamp duty 650 000",keyword_ideas/live,390,0.34,0.2200,33,2026-08-15
"stamp duty 7",keyword_ideas/live,10,,0.0000,,2026-08-15
"stamp duty 700k",keyword_ideas/live,170,0.35,0.1100,32,2026-08-15
"stamp duty 800k",keyword_ideas/live,140,0.42,0.1500,31,2026-08-15
"stamp duty 950k",keyword_ideas/live,50,0.21,0.1400,41,2026-08-15
"stamp duty abolish",keyword_ideas/live,1000,,0.0000,0,2026-08-15
"stamp duty abolished uk",keyword_ideas/live,90,,0.0100,0,2026-08-15
"stamp duty act",keyword_ideas/live,20,,0.0000,47,2026-08-15
"stamp duty act 1863",keyword_ideas/live,10,,0.0000,,2026-08-15
"stamp duty act nsw",keyword_ideas/live,10,,,,2026-08-15
"stamp duty act uk",keyword_ideas/live,,,,,2026-08-15
"stamp duty additional property",bulk_keyword_difficulty/live,,,,11,2026-08-15
"stamp duty advice",keyword_ideas/live,210,8.19,0.5300,0,2026-08-15
"stamp duty amount",keyword_ideas/live,320,1.06,0.0600,42,2026-08-15
"stamp duty and annexes",keyword_ideas/live,10,,0.0000,,2026-08-15
"stamp duty and property tax",bulk_keyword_difficulty/live,,,,36,2026-08-15
"stamp duty and staircasing",keyword_ideas/live,10,,0.1400,0,2026-08-15
"stamp duty and stamping fee",keyword_ideas/live,10,,,,2026-08-15
"stamp duty annex",keyword_ideas/live,10,,0.0000,0,2026-08-15
"stamp duty announcement",keyword_ideas/live,50,,0.0000,20,2026-08-15
"stamp duty announcements",keyword_ideas/live,50,,0.0000,23,2026-08-15
"stamp duty autumn",keyword_ideas/live,10,,,,2026-08-15
"stamp duty autumn statement",keyword_ideas/live,20,,0.0000,0,2026-08-15
"stamp duty backdated",keyword_ideas/live,10,,,44,2026-08-15
"stamp duty bands",bulk_keyword_difficulty/live,,,,22,2026-08-15
"stamp duty bands 2021",keyword_ideas/live,10,,,,2026-08-15
"stamp duty bbc",keyword_ideas/live,20,,0.0000,40,2026-08-15
"stamp duty before and after",keyword_ideas/live,10,,,,2026-08-15
"stamp duty bill",keyword_ideas/live,10,,0.0000,,2026-08-15
"stamp duty brackets",bulk_keyword_difficulty/live,,,,33,2026-08-15
"stamp duty btl",keyword_ideas/live,260,0.63,0.1200,41,2026-08-15
"stamp duty buy to let limited company",keyword_suggestions/live,90,2.94,0.1400,6,2026-08-15
"stamp duty buy to-let limited company",keyword_suggestions/live,90,2.94,0.1400,7,2026-08-15
"stamp duty buy-to let limited company",keyword_suggestions/live,90,2.94,0.1400,7,2026-08-15
"stamp duty buy-to-let limited company",keyword_suggestions/live,90,2.94,0.1400,7,2026-08-15
"stamp duty by state",keyword_ideas/live,10,,,,2026-08-15
"stamp duty calculator",bulk_keyword_difficulty/live,,,,41,2026-08-15
"stamp duty calculator 2025",bulk_keyword_difficulty/live,,,,41,2026-08-15
"stamp duty calculator 2nd home",bulk_keyword_difficulty/live,,,,26,2026-08-15
"stamp duty calculator 2nd property",bulk_keyword_difficulty/live,,,,26,2026-08-15
"stamp duty calculator buy to let limited company",keyword_suggestions/live,20,5.77,0.2200,,2026-08-15
"stamp duty calculator buy-to-let limited company",keyword_suggestions/live,20,5.77,0.2200,,2026-08-15
"stamp duty calculator commercial",bulk_keyword_difficulty/live,,,,0,2026-08-15
"stamp duty calculator england",bulk_keyword_difficulty/live,,,,41,2026-08-15
"stamp duty calculator first time buyer",bulk_keyword_difficulty/live,,,,31,2026-08-15
"stamp duty calculator for commercial property",bulk_keyword_difficulty/live,,,,2,2026-08-15
"stamp duty calculator for limited company",bulk_keyword_difficulty/live,,,,0,2026-08-15
"stamp duty calculator for shares",bulk_keyword_difficulty/live,,,,11,2026-08-15
"stamp duty calculator gov",keyword_ideas/live,1600,0.53,0.0200,46,2026-08-21
"stamp duty calculator knight frank",bulk_keyword_difficulty/live,,,,29,2026-08-15
"stamp duty calculator limited company",bulk_keyword_difficulty/live,,,,0,2026-08-15
"stamp duty calculator limited company buy to let",keyword_suggestions/live,40,4.88,0.1900,14,2026-08-15
"stamp duty calculator limited company buy to-let",keyword_suggestions/live,40,4.88,0.1900,,2026-08-15
"stamp duty calculator limited company buy-to let",keyword_suggestions/live,40,4.88,0.1900,14,2026-08-15
"stamp duty calculator limited company buy-to-let",keyword_suggestions/live,40,4.88,0.1900,14,2026-08-15
"stamp duty calculator london",keyword_ideas/live,720,0.48,0.2300,36,2026-08-21
"stamp duty calculator ni",bulk_keyword_difficulty/live,,,,30,2026-08-15
"stamp duty calculator northern ireland",bulk_keyword_difficulty/live,,,,32,2026-08-15
"stamp duty calculator on shares",bulk_keyword_difficulty/live,,,,13,2026-08-15
"stamp duty calculator shares",bulk_keyword_difficulty/live,,,,11,2026-08-15
"stamp duty calculator uk",bulk_keyword_difficulty/live,,,,41,2026-08-15
"stamp duty calculator wales",bulk_keyword_difficulty/live,,,,13,2026-08-15
"stamp duty cayman",keyword_ideas/live,30,,0.0000,,2026-08-15
"stamp duty change",bulk_keyword_difficulty/live,,,,12,2026-08-15
"stamp duty change date",keyword_ideas/live,10,,,22,2026-08-15
"stamp duty changes",keyword_ideas/live,6600,1.62,0.0100,20,2026-08-15
"stamp duty changes england northern ireland",keyword_ideas/live,10,,,,2026-08-15
"stamp duty changes for landlords",keyword_ideas/live,10,,0.0000,,2026-08-15
"stamp duty changes in wales",keyword_ideas/live,10,,,,2026-08-15
"stamp duty changes london",keyword_ideas/live,10,,0.0000,,2026-08-15
"stamp duty changes martin lewis",keyword_ideas/live,20,,,0,2026-08-15
"stamp duty changes scotland",keyword_ideas/live,10,,0.0000,11,2026-08-15
"stamp duty changes victoria",keyword_ideas/live,10,,0.0000,,2026-08-15
"stamp duty changes wa",keyword_ideas/live,10,,,,2026-08-15
"stamp duty changes wales",keyword_ideas/live,10,,0.0000,0,2026-08-15
"stamp duty charge meaning",keyword_ideas/live,10,,,,2026-08-15
"stamp duty chargeable consideration",keyword_ideas/live,50,,0.0000,0,2026-08-15
"stamp duty charges",keyword_ideas/live,390,0.29,0.1300,23,2026-08-15
"stamp duty claim back",bulk_keyword_difficulty/live,,,,2,2026-08-15
"stamp duty clearance",keyword_ideas/live,10,,0.0000,,2026-08-15
"stamp duty code",keyword_ideas/live,10,,0.0000,45,2026-08-15
"stamp duty codes",keyword_ideas/live,10,,0.0000,,2026-08-15
"stamp duty collected by",keyword_ideas/live,10,,,,2026-08-15
"stamp duty commercial scotland",keyword_ideas/live,,,,,2026-08-15
"stamp duty commercial wales",keyword_ideas/live,,,,,2026-08-15
"stamp duty completion date",keyword_ideas/live,10,,,,2026-08-15
"stamp duty concession",keyword_ideas/live,50,,0.0000,15,2026-08-15
"stamp duty concession qld",keyword_ideas/live,10,,0.0000,,2026-08-15
"stamp duty concessions",keyword_ideas/live,50,,0.0000,8,2026-08-15
"stamp duty concessions victoria",keyword_ideas/live,10,,,,2026-08-15
"stamp duty consideration",keyword_ideas/live,20,,0.0000,15,2026-08-15
"stamp duty conveyance",keyword_ideas/live,10,,0.0000,,2026-08-15
"stamp duty cost",bulk_keyword_difficulty/live,,,,33,2026-08-15
"stamp duty cost qld",keyword_ideas/live,10,,,,2026-08-15
"stamp duty costs 2021",keyword_ideas/live,10,,,,2026-08-15
"stamp duty costs qld",keyword_ideas/live,10,,,,2026-08-15
"stamp duty crackdown",keyword_ideas/live,10,,,,2026-08-15
"stamp duty current rates",bulk_keyword_difficulty/live,,,,31,2026-08-15
"stamp duty cut 2022",keyword_ideas/live,10,,0.0000,17,2026-08-15
"stamp duty cut in uk",keyword_ideas/live,0,,,30,2026-08-15
"stamp duty cut uk",keyword_ideas/live,10,,0.0000,,2026-08-15
"stamp duty cut wales",keyword_ideas/live,10,,,36,2026-08-15
"stamp duty cuts uk",keyword_ideas/live,10,,0.0000,30,2026-08-15
"stamp duty date",keyword_ideas/live,10,,0.0000,56,2026-08-15
"stamp duty dates",keyword_ideas/live,10,,0.0000,,2026-08-15
"stamp duty deadline 2021",keyword_ideas/live,10,,0.0000,47,2026-08-15
"stamp duty deadline uk",keyword_ideas/live,10,,,2,2026-08-15
"stamp duty debate",keyword_ideas/live,10,,0.0000,39,2026-08-15
"stamp duty declaration",keyword_ideas/live,20,,0.0000,,2026-08-15
"stamp duty definition",bulk_keyword_difficulty/live,,,,42,2026-08-15
"stamp duty delay",keyword_ideas/live,10,,0.0000,,2026-08-15
"stamp duty difference",keyword_ideas/live,10,,0.0000,,2026-08-15
"stamp duty discount 2022",keyword_ideas/live,10,,,,2026-08-15
"stamp duty document",keyword_ideas/live,10,,0.0000,,2026-08-15
"stamp duty documents",keyword_ideas/live,10,,0.0000,,2026-08-15
"stamp duty dodge",keyword_ideas/live,10,,0.0000,,2026-08-15
"stamp duty drop",keyword_ideas/live,10,,0.0000,,2026-08-15
"stamp duty due",keyword_ideas/live,10,,0.0400,50,2026-08-15
"stamp duty due date",keyword_ideas/live,10,,0.0000,,2026-08-15
"stamp duty effective date",keyword_ideas/live,10,,,,2026-08-15
"stamp duty end",keyword_ideas/live,20,,0.0100,6,2026-08-15
"stamp duty end date",keyword_ideas/live,10,,0.0000,40,2026-08-15
"stamp duty ending",keyword_ideas/live,20,,0.0100,13,2026-08-15
"stamp duty england",bulk_keyword_difficulty/live,,,,31,2026-08-15
"stamp duty england 2018",keyword_ideas/live,10,,,59,2026-08-15
"stamp duty england 2022",keyword_ideas/live,10,,,66,2026-08-15
"stamp duty england vs scotland",keyword_ideas/live,20,,0.0200,,2026-08-15
"stamp duty england vs wales",keyword_ideas/live,10,,0.0000,,2026-08-15
"stamp duty estimator",bulk_keyword_difficulty/live,,,,37,2026-08-15
"stamp duty example",keyword_ideas/live,20,0.32,0.1300,,2026-08-15
"stamp duty exchange or completion",keyword_ideas/live,10,,0.0000,7,2026-08-15
"stamp duty exempt",bulk_keyword_difficulty/live,,,,5,2026-08-15
"stamp duty exemption",bulk_keyword_difficulty/live,,,,5,2026-08-15
"stamp duty exemption act",keyword_ideas/live,10,,,,2026-08-15
"stamp duty exemption certificate",keyword_ideas/live,10,,0.0000,,2026-08-15
"stamp duty exemption for first time buyers",bulk_keyword_difficulty/live,,,,10,2026-08-15
"stamp duty exemption scotland",keyword_ideas/live,10,,0.0000,,2026-08-15
"stamp duty exemption uk",keyword_ideas/live,170,,0.0300,9,2026-08-15
"stamp duty exemption wales",keyword_ideas/live,10,,0.0000,,2026-08-15
"stamp duty exemptions",bulk_keyword_difficulty/live,,,,8,2026-08-15
"stamp duty experts",keyword_ideas/live,50,11.96,0.6700,0,2026-08-15
"stamp duty explained",keyword_ideas/live,390,1.29,0.0500,11,2026-08-15
"stamp duty extension gov uk",keyword_ideas/live,10,,,,2026-08-15
"stamp duty extension uk",keyword_ideas/live,10,,,50,2026-08-15
"stamp duty facts",keyword_ideas/live,10,,0.0000,,2026-08-15
"stamp duty fees",bulk_keyword_difficulty/live,,,,34,2026-08-15
"stamp duty fees 2021",keyword_ideas/live,10,,,,2026-08-15
"stamp duty fees 2022",keyword_ideas/live,10,,0.0000,,2026-08-15
"stamp duty first",keyword_ideas/live,10,,0.0200,,2026-08-15
"stamp duty first time buyer",bulk_keyword_difficulty/live,,,,18,2026-08-15
"stamp duty first time buyers",bulk_keyword_difficulty/live,,,,9,2026-08-15
"stamp duty for buy to let limited company",keyword_suggestions/live,90,2.94,0.1400,8,2026-08-15
"stamp duty for buy to-let limited company",keyword_suggestions/live,90,2.94,0.1400,6,2026-08-15
"stamp duty for buy-to-let limited company",keyword_suggestions/live,90,2.94,0.1400,8,2026-08-15
"stamp duty for commercial property",bulk_keyword_difficulty/live,,,,0,2026-08-15
"stamp duty for couples",keyword_ideas/live,10,,0.0200,,2026-08-15
"stamp duty for first time buyers",bulk_keyword_difficulty/live,,,,13,2026-08-15
"stamp duty for landlords",keyword_ideas/live,140,,0.0500,16,2026-08-15
"stamp duty for limited company",bulk_keyword_difficulty/live,,,,1,2026-08-15
"stamp duty for limited company buy to let",keyword_suggestions/live,70,0.86,0.2000,4,2026-08-15
"stamp duty for limited company buy to-let",keyword_suggestions/live,70,0.86,0.2000,,2026-08-15
"stamp duty for limited company buy-to-let",keyword_suggestions/live,70,0.86,0.2000,6,2026-08-15
"stamp duty for property",bulk_keyword_difficulty/live,,,,33,2026-08-15
"stamp duty for sale and purchase agreement",keyword_ideas/live,10,,,,2026-08-15
"stamp duty for sellers",keyword_ideas/live,70,,0.0300,21,2026-08-15
"stamp duty for shared ownership",bulk_keyword_difficulty/live,,,,0,2026-08-15
"stamp duty form fee",keyword_ideas/live,10,,0.0000,,2026-08-15
"stamp duty fraud",keyword_ideas/live,20,,0.0000,,2026-08-15
"stamp duty freeze 2022",keyword_ideas/live,10,,,40,2026-08-15
"stamp duty freeze extension",keyword_ideas/live,20,,,49,2026-08-15
"stamp duty freeze scotland",keyword_ideas/live,10,,,,2026-08-15
"stamp duty freeze uk",keyword_ideas/live,10,,0.0000,,2026-08-15
"stamp duty fresh hold",keyword_ideas/live,30,,0.0100,,2026-08-15
"stamp duty getting scrapped",keyword_ideas/live,20,,0.0000,,2026-08-15
"stamp duty gibraltar",keyword_ideas/live,10,,0.0000,36,2026-08-15
"stamp duty gift exemption",keyword_ideas/live,10,,,,2026-08-15
"stamp duty gilts",keyword_ideas/live,10,,0.0000,,2026-08-15
"stamp duty granny annex",keyword_ideas/live,10,,0.0000,,2026-08-15
"stamp duty granny flat",keyword_ideas/live,10,,0.0000,,2026-08-15
"stamp duty guernsey",keyword_ideas/live,40,,0.0000,0,2026-08-15
"stamp duty guidelines",keyword_ideas/live,70,0.11,0.0500,41,2026-08-15
"stamp duty help to buy",keyword_ideas/live,50,,0.0000,4,2026-08-15
"stamp duty higher rate",bulk_keyword_difficulty/live,,,,17,2026-08-15
"stamp duty history",keyword_ideas/live,170,,0.0000,3,2026-08-15
"stamp duty hmrc manual",keyword_ideas/live,30,,0.0000,0,2026-08-15
"stamp duty holiday again",keyword_ideas/live,10,,,,2026-08-15
"stamp duty holiday announcement 2020",keyword_ideas/live,10,,,,2026-08-15
"stamp duty holiday deadline",keyword_ideas/live,10,,,42,2026-08-15
"stamp duty holiday definition",keyword_ideas/live,10,,,,2026-08-15
"stamp duty holiday end",keyword_ideas/live,30,,0.0000,0,2026-08-15
"stamp duty holiday ending",keyword_ideas/live,30,,0.0000,0,2026-08-15
"stamp duty holiday england",keyword_ideas/live,10,,,50,2026-08-15
"stamp duty holiday explained",keyword_ideas/live,10,,0.0000,,2026-08-15
"stamp duty holiday extension wales",keyword_ideas/live,,,,,2026-08-15
"stamp duty holiday news",keyword_ideas/live,10,,0.0000,,2026-08-15
"stamp duty holiday rules",keyword_ideas/live,10,,,55,2026-08-15
"stamp duty holiday scotland extended",keyword_ideas/live,,,,,2026-08-15
"stamp duty holiday scotland extension",keyword_ideas/live,,,,,2026-08-15
"stamp duty holiday start",keyword_ideas/live,10,,,,2026-08-15
"stamp duty holiday uk",keyword_ideas/live,30,,0.0100,10,2026-08-15
"stamp duty holiday wales",keyword_ideas/live,10,,0.0000,21,2026-08-15
"stamp duty holiday wales 2020",keyword_ideas/live,,,,,2026-08-15
"stamp duty holiday wales 2021",keyword_ideas/live,,,,,2026-08-15
"stamp duty holiday wales extension",keyword_ideas/live,,,,,2026-08-15
"stamp duty homes",bulk_keyword_difficulty/live,,,,32,2026-08-15
"stamp duty hotline",keyword_ideas/live,10,,0.0000,,2026-08-15
"stamp duty in 2009",keyword_ideas/live,20,,0.0000,13,2026-08-15
"stamp duty in 2010",keyword_ideas/live,30,,0.0000,0,2026-08-15
"stamp duty in england 2022",keyword_ideas/live,10,,,66,2026-08-15
"stamp duty in scotland 2014",keyword_ideas/live,10,,0.0000,,2026-08-15
"stamp duty in scotland 2018",keyword_ideas/live,10,,,,2026-08-15
"stamp duty in scotland 2022",keyword_ideas/live,0,,,40,2026-08-15
"stamp duty in spain",keyword_ideas/live,90,1.17,0.0200,1,2026-08-15
"stamp duty in uk",bulk_keyword_difficulty/live,,,,41,2026-08-15
"stamp duty in up",keyword_ideas/live,10,,0.0200,,2026-08-15
"stamp duty in up for female",keyword_ideas/live,10,,,,2026-08-15
"stamp duty in usa",keyword_ideas/live,30,,0.0000,1,2026-08-15
"stamp duty in wales 2018",keyword_ideas/live,10,,0.0000,,2026-08-15
"stamp duty in wales 2020",keyword_ideas/live,10,,0.0000,45,2026-08-15
"stamp duty in wales 2021",keyword_ideas/live,10,,,55,2026-08-15
"stamp duty in wales 2022",keyword_ideas/live,0,,,21,2026-08-15
"stamp duty incentive",keyword_ideas/live,30,2.35,0.0500,0,2026-08-15
"stamp duty incentives",keyword_ideas/live,30,2.35,0.0500,0,2026-08-15
"stamp duty increase wales",keyword_ideas/live,10,,,,2026-08-15
"stamp duty ireland",keyword_ideas/live,260,,0.0000,5,2026-08-15
"stamp duty ireland commercial",keyword_ideas/live,10,,0.0000,,2026-08-15
"stamp duty is a con",keyword_ideas/live,30,,0.0000,11,2026-08-15
"stamp duty is collected by central or state",keyword_ideas/live,10,,,,2026-08-15
"stamp duty is payable on",keyword_ideas/live,10,,,,2026-08-15
"stamp duty is theft",keyword_ideas/live,10,,0.0000,,2026-08-15
"stamp duty is unfair",keyword_ideas/live,20,,0.0000,,2026-08-15
"stamp duty jamaica",keyword_ideas/live,10,,0.0000,,2026-08-15
"stamp duty jk",keyword_ideas/live,10,,,,2026-08-15
"stamp duty land tax",bulk_keyword_difficulty/live,,,,39,2026-08-15
"stamp duty land tax calculator",bulk_keyword_difficulty/live,,,,43,2026-08-15
"stamp duty land tax commercial property",bulk_keyword_difficulty/live,,,,0,2026-08-15
"stamp duty land tax first time buyers",bulk_keyword_difficulty/live,,,,33,2026-08-15
"stamp duty land tax form",bulk_keyword_difficulty/live,,,,0,2026-08-15
"stamp duty land tax hmrc",bulk_keyword_difficulty/live,,,,30,2026-08-15
"stamp duty land tax login",keyword_ideas/live,2900,,0.0000,0,2026-08-21
"stamp duty land tax on commercial property",bulk_keyword_difficulty/live,,,,0,2026-08-15
"stamp duty land tax return",bulk_keyword_difficulty/live,,,,0,2026-08-15
"stamp duty land tax returns",bulk_keyword_difficulty/live,,,,0,2026-08-15
"stamp duty land tax threshold",bulk_keyword_difficulty/live,,,,55,2026-08-15
"stamp duty latest news uk",keyword_ideas/live,10,,0.0000,57,2026-08-15
"stamp duty latest update",keyword_ideas/live,10,,,54,2026-08-15
"stamp duty legislation uk",keyword_ideas/live,,,,,2026-08-15
"stamp duty levy",keyword_ideas/live,20,2.09,0.0100,59,2026-08-15
"stamp duty limited company buy to let",keyword_suggestions/live,70,0.86,0.2000,1,2026-08-15
"stamp duty limited company property calculator",bulk_keyword_difficulty/live,,,,3,2026-08-15
"stamp duty list",keyword_ideas/live,10,,0.0000,,2026-08-15
"stamp duty london",keyword_ideas/live,320,0.19,0.0700,16,2026-08-15
"stamp duty loophole",keyword_ideas/live,70,,0.0200,0,2026-08-15
"stamp duty loopholes",keyword_ideas/live,70,,0.0200,0,2026-08-15
"stamp duty love tax",keyword_ideas/live,,,,,2026-08-15
"stamp duty manifesto",keyword_ideas/live,10,,,,2026-08-15
"stamp duty manual hmrc",keyword_ideas/live,,,,15,2026-08-15
"stamp duty martin lewis",keyword_ideas/live,50,,0.0000,26,2026-08-15
"stamp duty meaning",bulk_keyword_difficulty/live,,,,27,2026-08-15
"stamp duty meaning in nigeria",keyword_ideas/live,10,,,,2026-08-15
"stamp duty means",bulk_keyword_difficulty/live,,,,27,2026-08-15
"stamp duty minimum amount",keyword_ideas/live,10,,0.0600,,2026-08-15
"stamp duty money saving expert",keyword_ideas/live,70,,0.0000,15,2026-08-15
"stamp duty mot",keyword_ideas/live,10,,,,2026-08-15
"stamp duty mp",keyword_ideas/live,10,,0.0000,,2026-08-15
"stamp duty new zealand",keyword_ideas/live,40,,0.0000,,2026-08-15
"stamp duty news",keyword_ideas/live,2400,,0.0000,11,2026-08-15
"stamp duty news 2020",keyword_ideas/live,10,,,62,2026-08-15
"stamp duty news uk",keyword_ideas/live,210,,0.0100,15,2026-08-15
"stamp duty ni calculator",bulk_keyword_difficulty/live,,,,42,2026-08-15
"stamp duty non commercial",keyword_ideas/live,,,,,2026-08-15
"stamp duty northern ireland",bulk_keyword_difficulty/live,,,,26,2026-08-15
"stamp duty northern ireland calculator",bulk_keyword_difficulty/live,,,,27,2026-08-15
"stamp duty not paid",keyword_ideas/live,10,,0.0000,,2026-08-15
"stamp duty notification",keyword_ideas/live,10,,0.0000,,2026-08-15
"stamp duty nsw",keyword_ideas/live,70,2.03,0.0600,9,2026-08-15
"stamp duty nt",keyword_ideas/live,10,,,,2026-08-15
"stamp duty old rates",keyword_ideas/live,40,,0.0000,43,2026-08-15
"stamp duty old rules",keyword_ideas/live,10,,0.0000,,2026-08-15
"stamp duty on $750 000 victoria",keyword_ideas/live,10,,0.0000,,2026-08-15
"stamp duty on $900 000 nsw",keyword_ideas/live,10,,0.0000,,2026-08-15
"stamp duty on £350000",keyword_ideas/live,590,0.48,0.2000,27,2026-08-15
"stamp duty on £600000 uk",keyword_ideas/live,20,,0.1200,57,2026-08-15
"stamp duty on £700 000 uk",keyword_ideas/live,30,0.14,0.1800,,2026-08-15
"stamp duty on 1 million",keyword_ideas/live,260,0.10,0.1600,27,2026-08-15
"stamp duty on 1.1 million",keyword_ideas/live,170,0.11,0.1700,24,2026-08-15
"stamp duty on 1.3 million victoria",keyword_ideas/live,10,,,,2026-08-15
"stamp duty on 1.5 million",keyword_ideas/live,210,0.38,0.1700,24,2026-08-15
"stamp duty on 1.5 million nsw",keyword_ideas/live,10,,0.1000,,2026-08-15
"stamp duty on 300000",keyword_ideas/live,480,0.16,0.1700,32,2026-08-15
"stamp duty on 300k house",bulk_keyword_difficulty/live,,,,20,2026-08-15
"stamp duty on 450 000 uk",keyword_ideas/live,20,,0.1800,,2026-08-15
"stamp duty on 450k house",bulk_keyword_difficulty/live,,,,33,2026-08-15
"stamp duty on 600000",keyword_ideas/live,480,0.23,0.1900,32,2026-08-15
"stamp duty on 600000 uk",keyword_ideas/live,20,,0.1200,57,2026-08-15
"stamp duty on 650 000",keyword_ideas/live,390,0.34,0.2200,27,2026-08-15
"stamp duty on 800 000 nsw",keyword_ideas/live,10,,,,2026-08-15
"stamp duty on 800k house",bulk_keyword_difficulty/live,,,,32,2026-08-15
"stamp duty on 850 000 victoria",keyword_ideas/live,10,,,,2026-08-15
"stamp duty on 950 000 qld",keyword_ideas/live,10,,,,2026-08-15
"stamp duty on a 350k house",bulk_keyword_difficulty/live,,,,32,2026-08-15
"stamp duty on a second house",bulk_keyword_difficulty/live,,,,17,2026-08-15
"stamp duty on a site",keyword_ideas/live,10,,0.0000,55,2026-08-15
"stamp duty on business property",bulk_keyword_difficulty/live,,,,0,2026-08-15
"stamp duty on buy to let limited company",keyword_suggestions/live,90,2.94,0.1400,7,2026-08-15
"stamp duty on buy to let limited company calculator",keyword_suggestions/live,20,15.37,0.1700,,2026-08-15
"stamp duty on buy to-let limited company",keyword_suggestions/live,90,2.94,0.1400,6,2026-08-15
"stamp duty on buy to-let limited company calculator",keyword_suggestions/live,20,15.37,0.1700,,2026-08-15
"stamp duty on buy-to-let limited company",keyword_suggestions/live,90,2.94,0.1400,6,2026-08-15
"stamp duty on buy-to-let limited company calculator",keyword_suggestions/live,20,15.37,0.1700,,2026-08-15
"stamp duty on commercial property",keyword_ideas/live,2900,1.61,0.0100,0,2026-08-15
"stamp duty on commercial property lease",keyword_ideas/live,10,,0.0300,38,2026-08-15
"stamp duty on documents",keyword_ideas/live,10,,,,2026-08-15
"stamp duty on gift",keyword_ideas/live,30,,0.0000,0,2026-08-15
"stamp duty on goodwill",keyword_ideas/live,10,,0.0000,42,2026-08-15
"stamp duty on goodwill uk",keyword_ideas/live,,,,,2026-08-15
"stamp duty on granny annexes",keyword_ideas/live,10,,0.0000,,2026-08-15
"stamp duty on holiday let wales",keyword_ideas/live,,,,,2026-08-15
"stamp duty on holiday lets",keyword_ideas/live,210,8.37,0.3600,0,2026-08-15
"stamp duty on house",bulk_keyword_difficulty/live,,,,32,2026-08-15
"stamp duty on land",bulk_keyword_difficulty/live,,,,29,2026-08-15
"stamp duty on limited company buy to let",keyword_suggestions/live,70,0.86,0.2000,6,2026-08-15
"stamp duty on non residential property",bulk_keyword_difficulty/live,,,,0,2026-08-15
"stamp duty on rental properties uk",keyword_ideas/live,,,,25,2026-08-15
"stamp duty on rental property",keyword_ideas/live,210,3.61,0.0700,20,2026-08-15
"stamp duty on rental property ireland",keyword_ideas/live,10,,0.0000,,2026-08-15
"stamp duty on second home",bulk_keyword_difficulty/live,,,,7,2026-08-15
"stamp duty on second property",keyword_ideas/live,2900,0.68,0.1300,9,2026-08-15
"stamp duty on shared ownership",bulk_keyword_difficulty/live,,,,0,2026-08-15
"stamp duty on shares calculator",bulk_keyword_difficulty/live,,,,5,2026-08-15
"stamp duty on staircasing",keyword_ideas/live,70,,0.0200,0,2026-08-15
"stamp duty on trademark assignment",keyword_ideas/live,10,,,,2026-08-15
"stamp duty on value or purchase price",keyword_ideas/live,10,,0.0000,,2026-08-15
"stamp duty ordinance",keyword_ideas/live,10,,0.0000,,2026-08-15
"stamp duty ordinance section 45",keyword_ideas/live,10,,,,2026-08-15
"stamp duty org",keyword_ideas/live,30,,0.0100,35,2026-08-15
"stamp duty origin",keyword_ideas/live,40,,0.0100,2,2026-08-15
"stamp duty paid by seller",keyword_ideas/live,30,,0.0000,14,2026-08-15
"stamp duty paid london",keyword_ideas/live,10,,,,2026-08-15
"stamp duty payment",keyword_ideas/live,1000,0.45,0.0300,41,2026-08-15
"stamp duty pdf",keyword_ideas/live,10,,,,2026-08-15
"stamp duty penalties",keyword_ideas/live,90,,0.0000,0,2026-08-15
"stamp duty penalty uk",keyword_ideas/live,10,,,,2026-08-15
"stamp duty perth",keyword_ideas/live,10,,0.0000,,2026-08-15
"stamp duty poland",keyword_ideas/live,10,,0.0000,,2026-08-15
"stamp duty price",bulk_keyword_difficulty/live,,,,31,2026-08-15
"stamp duty prices",bulk_keyword_difficulty/live,,,,32,2026-08-15
"stamp duty property tax",bulk_keyword_difficulty/live,,,,32,2026-08-15
"stamp duty proposals",keyword_ideas/live,70,,0.0000,1,2026-08-15
"stamp duty proposals uk",keyword_ideas/live,20,,0.0000,,2026-08-15
"stamp duty purpose",keyword_ideas/live,20,,0.0100,,2026-08-15
"stamp duty pwc",keyword_ideas/live,10,,,,2026-08-15
"stamp duty qld gov",keyword_ideas/live,,,,,2026-08-15
"stamp duty qld rates",keyword_ideas/live,10,,,,2026-08-15
"stamp duty queensland",keyword_ideas/live,10,,0.0300,53,2026-08-15
"stamp duty queries",keyword_ideas/live,10,2.05,0.1300,49,2026-08-15
"stamp duty query",keyword_ideas/live,10,2.05,0.1300,49,2026-08-15
"stamp duty rate",bulk_keyword_difficulty/live,,,,41,2026-08-15
"stamp duty rates",keyword_ideas/live,9900,0.46,0.0700,31,2026-08-15
"stamp duty rates 1992",keyword_ideas/live,10,,0.0000,,2026-08-15
"stamp duty rates 1998",keyword_ideas/live,10,,0.0000,,2026-08-15
"stamp duty rates 2025",bulk_keyword_difficulty/live,,,,13,2026-08-15
"stamp duty rates current",keyword_ideas/live,10,,0.0000,41,2026-08-15
"stamp duty rates england",bulk_keyword_difficulty/live,,,,28,2026-08-15
"stamp duty rates england 2022",keyword_ideas/live,10,,,,2026-08-15
"stamp duty rates historical",keyword_ideas/live,210,,0.0000,9,2026-08-15
"stamp duty rates in england",bulk_keyword_difficulty/live,,,,28,2026-08-15
"stamp duty rates london",keyword_ideas/live,10,,0.0500,,2026-08-15
"stamp duty rates qld",keyword_ideas/live,10,,0.0000,,2026-08-15
"stamp duty rates queensland",keyword_ideas/live,10,,0.0000,,2026-08-15
"stamp duty rates september 2022",keyword_ideas/live,10,,,,2026-08-15
"stamp duty rates wa",keyword_ideas/live,10,,,,2026-08-15
"stamp duty rebate",keyword_ideas/live,170,,0.0100,1,2026-08-15
"stamp duty receipt",keyword_ideas/live,40,,0.0000,21,2026-08-15
"stamp duty reclaims co uk",keyword_ideas/live,10,,,,2026-08-15
"stamp duty registration charges",keyword_ideas/live,10,,0.0000,,2026-08-15
"stamp duty registration fees",keyword_ideas/live,10,,0.0000,,2026-08-15
"stamp duty relief london",keyword_ideas/live,10,,0.0000,42,2026-08-15
"stamp duty remission",keyword_ideas/live,10,,,,2026-08-15
"stamp duty removal",keyword_ideas/live,210,,0.0000,19,2026-08-15
"stamp duty removed uk",keyword_ideas/live,20,,0.0100,5,2026-08-15
"stamp duty renovation",keyword_ideas/live,10,,0.0000,,2026-08-15
"stamp duty replacement",keyword_ideas/live,110,,0.0000,17,2026-08-15
"stamp duty rules scotland",keyword_ideas/live,20,,0.0000,,2026-08-15
"stamp duty rumours",keyword_ideas/live,90,,0.0000,7,2026-08-15
"stamp duty rush",keyword_ideas/live,10,,0.0000,,2026-08-15
"stamp duty saving scheme",keyword_ideas/live,10,,,,2026-08-15
"stamp duty scandal",keyword_ideas/live,40,,0.0000,,2026-08-15
"stamp duty schedule",keyword_ideas/live,10,,0.0000,,2026-08-15
"stamp duty scotland",keyword_ideas/live,8100,0.30,0.0900,23,2026-08-15
"stamp duty scotland 2014",keyword_ideas/live,10,,0.0000,,2026-08-15
"stamp duty scotland 2017",keyword_ideas/live,10,,,,2026-08-15
"stamp duty scotland 2018",keyword_ideas/live,10,,0.0000,,2026-08-15
"stamp duty scotland 2019",keyword_ideas/live,10,,0.0000,,2026-08-15
"stamp duty scotland 2020",keyword_ideas/live,10,,,17,2026-08-15
"stamp duty scotland 2021",keyword_ideas/live,10,,0.0000,54,2026-08-15
"stamp duty scotland 2022",keyword_ideas/live,10,,,17,2026-08-15
"stamp duty scotland extension",keyword_ideas/live,0,,,,2026-08-15
"stamp duty scotland holiday",keyword_ideas/live,10,,,39,2026-08-15
"stamp duty scotland news",keyword_ideas/live,10,,,,2026-08-15
"stamp duty scotland vs england",keyword_ideas/live,30,,0.0000,,2026-08-15
"stamp duty scrapped scotland",keyword_ideas/live,,,,,2026-08-15
"stamp duty search",keyword_ideas/live,10,,0.0400,,2026-08-15
"stamp duty sell within 3 years",keyword_ideas/live,10,,0.0000,,2026-08-15
"stamp duty shares calculator",bulk_keyword_difficulty/live,,,,8,2026-08-15
"stamp duty should be abolished",keyword_ideas/live,20,,0.0000,,2026-08-15
"stamp duty spain",keyword_ideas/live,90,1.17,0.0200,0,2026-08-15
"stamp duty specialist uk",keyword_ideas/live,,,,,2026-08-15
"stamp duty staircasing",keyword_ideas/live,70,,0.0200,0,2026-08-15
"stamp duty surcharge nsw",keyword_ideas/live,10,,,,2026-08-15
"stamp duty suspended",keyword_ideas/live,10,,0.0000,49,2026-08-15
"stamp duty suspension",keyword_ideas/live,10,,0.0000,50,2026-08-15
"stamp duty suspension scotland",keyword_ideas/live,,,,,2026-08-15
"stamp duty swamping",keyword_ideas/live,10,,,,2026-08-15
"stamp duty table victoria",keyword_ideas/live,10,,,,2026-08-15
"stamp duty tasmania",keyword_ideas/live,10,4.37,0.0200,,2026-08-15
"stamp duty tax",keyword_ideas/live,1000,0.41,0.0300,41,2026-08-15
"stamp duty tax calculator",bulk_keyword_difficulty/live,,,,45,2026-08-15
"stamp duty tax calculator uk",keywords_for_site/live,49500,0.25,0.2100,60,2026-05-19
"stamp duty tax return",bulk_keyword_difficulty/live,,,,12,2026-08-15
"stamp duty tax wales",keyword_ideas/live,10,,0.0000,,2026-08-15
"stamp duty threshold",bulk_keyword_difficulty/live,,,,41,2026-08-15
"stamp duty threshold uk",keyword_ideas/live,2900,0.57,0.0700,19,2026-08-15
"stamp duty threshold wales",keyword_ideas/live,140,0.10,0.0400,26,2026-08-15
"stamp duty thresholds",bulk_keyword_difficulty/live,,,,28,2026-08-15
"stamp duty thresholds uk",bulk_keyword_difficulty/live,,,,27,2026-08-15
"stamp duty to be cut",keyword_ideas/live,10,,0.0000,37,2026-08-15
"stamp duty to be scrapped",keyword_ideas/live,90,,0.0000,0,2026-08-15
"stamp duty trinidad",keyword_ideas/live,10,,0.0000,,2026-08-15
"stamp duty u turn",keyword_ideas/live,10,,0.0000,22,2026-08-15
"stamp duty uk",keyword_ideas/live,12100,0.54,0.0600,22,2026-08-15
"stamp duty uk 2007",keyword_ideas/live,10,,0.0000,,2026-08-15
"stamp duty uk 2010",keyword_ideas/live,10,,0.0000,,2026-08-15
"stamp duty uk 2013",keyword_ideas/live,10,,0.0000,,2026-08-15
"stamp duty uk 2015",keyword_ideas/live,10,,0.0000,,2026-08-15
"stamp duty uk 2016",keyword_ideas/live,10,,0.0000,,2026-08-15
"stamp duty uk 2018",keyword_ideas/live,20,,0.0000,27,2026-08-15
"stamp duty uk cut",keyword_ideas/live,10,,,30,2026-08-15
"stamp duty uk definition",keyword_ideas/live,10,,0.0000,,2026-08-15
"stamp duty uk extension",keyword_ideas/live,0,,,50,2026-08-15
"stamp duty uk holiday",keyword_ideas/live,10,,,37,2026-08-15
"stamp duty uk how much",bulk_keyword_difficulty/live,,,,42,2026-08-15
"stamp duty uk latest news",keyword_ideas/live,10,,,57,2026-08-15
"stamp duty uk news",keyword_ideas/live,210,,0.0100,9,2026-08-15
"stamp duty up",keyword_ideas/live,10,,0.0200,,2026-08-15
"stamp duty update",keyword_ideas/live,110,,0.0100,18,2026-08-15
"stamp duty update news",keyword_ideas/live,10,,0.0000,53,2026-08-15
"stamp duty us",keyword_ideas/live,30,,0.0000,14,2026-08-15
"stamp duty usa",keyword_ideas/live,30,,0.0000,8,2026-08-15
"stamp duty validity",keyword_ideas/live,10,,,,2026-08-15
"stamp duty value meaning",keyword_ideas/live,10,,,,2026-08-15
"stamp duty value of property",keyword_ideas/live,20,0.20,0.2600,,2026-08-15
"stamp duty values",keyword_ideas/live,50,0.18,0.1700,27,2026-08-15
"stamp duty vat",keyword_ideas/live,50,,0.0100,0,2026-08-15
"stamp duty vicroads",keyword_ideas/live,10,,,,2026-08-15
"stamp duty victoria news",keyword_ideas/live,10,,,,2026-08-15
"stamp duty wait and see",keyword_ideas/live,,,,,2026-08-15
"stamp duty wales",bulk_keyword_difficulty/live,,,,15,2026-08-15
"stamp duty wales 2017",keyword_ideas/live,10,,,,2026-08-15
"stamp duty wales 2019",keyword_ideas/live,10,,,,2026-08-15
"stamp duty wales 2020",keyword_ideas/live,10,,,45,2026-08-15
"stamp duty wales 2021",keyword_ideas/live,10,,,55,2026-08-15
"stamp duty wales 2022",keyword_ideas/live,10,,,21,2026-08-15
"stamp duty wales 2023",keyword_ideas/live,10,8.26,0.1400,24,2026-08-15
"stamp duty wales covid",keyword_ideas/live,,,,,2026-08-15
"stamp duty wales cut",keyword_ideas/live,10,,,,2026-08-15
"stamp duty wales extension",keyword_ideas/live,0,,,,2026-08-15
"stamp duty wales holiday",keyword_ideas/live,10,,0.0000,21,2026-08-15
"stamp duty website",keyword_ideas/live,10,,0.0000,,2026-08-15
"stamp duty when buying with a friend",keyword_ideas/live,10,,0.0000,,2026-08-15
"stamp duty why",keyword_ideas/live,70,,0.0400,41,2026-08-15
"stamp duty wiki",keyword_ideas/live,70,,0.0000,18,2026-08-15
"stamp duty wikipedia",keyword_ideas/live,70,,0.0000,19,2026-08-15
"stamp duty will it change",keyword_ideas/live,20,,0.0000,,2026-08-15
"stamp duty zoopla",keyword_ideas/live,20,,0.0000,17,2026-08-15
"stamping fee vs stamp duty",keyword_ideas/live,10,,,,2026-08-15
"standard stamp duty rate",keyword_ideas/live,10,,0.0000,,2026-08-15
"starmer inheritance tax",keyword_ideas/live,720,,0.0000,9,2026-08-21
"sub sale stamp duty",keyword_ideas/live,10,,,,2026-08-15
"sub-sale stamp duty",keyword_ideas/live,10,,,,2026-08-15
"submit sdlt",bulk_keyword_difficulty/live,,,,10,2026-08-15
"sutton planning application search",keyword_ideas/live,320,,0.0000,0,2026-08-15
"switzerland inheritance tax",keyword_ideas/live,480,,0.0100,3,2026-08-21
"taper relief inheritance tax",keyword_ideas/live,320,1.98,0.2500,0,2026-08-21
"tax accountant",keyword_ideas/live,2400,13.60,0.5100,16,2026-08-15
"tax advice for buy to let landlords",keyword_ideas/live,10,,0.0000,,2026-08-15
"tax advice for buy-to-let landlords",keyword_ideas/live,10,,0.0000,,2026-08-15
"tax advice for rental property owners",keyword_ideas/live,10,33.82,0.8600,,2026-08-15
"tax advisor",keyword_ideas/live,2400,17.47,0.6300,15,2026-08-21
"tax advisor near me",keyword_ideas/live,3600,8.66,0.6900,6,2026-08-15
"tax laws selling rental property",keyword_ideas/live,10,,,,2026-08-15
"tax liability selling rental property",keyword_ideas/live,10,,,,2026-08-15
"tax liability when selling a rental property",keyword_ideas/live,10,,,,2026-08-15
"tax on selling a rental property",keyword_ideas/live,110,2.50,0.3500,2,2026-08-15
"tax on selling a rented property",keyword_ideas/live,110,2.50,0.3500,1,2026-08-15
"tax on selling rental property",keyword_ideas/live,110,2.50,0.3500,2,2026-08-15
"tax relief on goodwill on incorporation",keyword_suggestions/live,10,,,40,2026-08-15
"tax return accountant",bulk_keyword_difficulty/live,,,,47,2026-08-15
"tax specialist hmrc",keyword_ideas/live,260,5.50,0.0800,0,2026-08-21
"tax when selling buy to let property",keyword_ideas/live,10,,0.0000,13,2026-08-15
"taxes for selling rental property",keyword_ideas/live,110,2.50,0.3500,2,2026-08-15
"taxes on selling rental property",keyword_ideas/live,110,2.50,0.3500,3,2026-08-15
"taylor wimpey stamp duty offers",keyword_ideas/live,10,,,,2026-08-15
"tenancy agreement limited company",keyword_ideas/live,,,,,2026-08-15
"tnreginet stamp duty",keyword_ideas/live,10,,0.0000,,2026-08-15
"tories stamp duty",keyword_ideas/live,30,,0.0000,,2026-08-15
"trademark assignment stamp duty",keyword_ideas/live,10,,,,2026-08-15
"transfer buy to let property to company",keyword_ideas/live,10,,0.3200,,2026-08-15
"transfer buy to let to company",keyword_ideas/live,10,,0.0000,,2026-08-15
"transfer buy to let to limited company",keyword_suggestions/live,20,,0.2100,0,2026-08-15
"transfer buy-to-let into limited company",keyword_suggestions/live,10,,,,2026-08-15
"transfer of rental agreement to new owner",keyword_ideas/live,10,,,,2026-08-15
"transfer property to limited company",keyword_ideas/live,480,4.48,0.3600,0,2026-08-15
"transfer rental income to spouse",keyword_ideas/live,40,,0.0000,0,2026-08-15
"transfer rental property to limited company",keyword_ideas/live,30,1.39,0.3200,0,2026-08-15
"transfer rental property to llc",keyword_ideas/live,10,,0.1400,,2026-08-15
"transferring buy to let property into a company",keyword_ideas/live,10,,0.3200,39,2026-08-15
"transferring buy to let to limited company",keyword_suggestions/live,20,,0.2100,0,2026-08-15
"transferring buy-to let to limited company",keyword_suggestions/live,20,,0.2100,0,2026-08-15
"transferring buy-to-let property into a company",keyword_ideas/live,10,,0.3200,39,2026-08-15
"transferring buy-to-let property into trust",keyword_ideas/live,10,,0.1000,8,2026-08-15
"transferring buy-to-let to limited company",keyword_suggestions/live,20,,0.2100,0,2026-08-15
"transferring rental income to spouse",keyword_ideas/live,40,,0.0000,0,2026-08-15
"transferring rental property to llc",keyword_ideas/live,10,,0.1400,,2026-08-15
"trust register service",bulk_keyword_difficulty/live,,,,0,2026-08-15
"trust registration",bulk_keyword_difficulty/live,,,,0,2026-08-15
"trust registration service",bulk_keyword_difficulty/live,,,,0,2026-08-15
"trusts to avoid inheritance tax",keyword_ideas/live,720,4.00,0.6100,0,2026-08-21
"type of stamp duty",keyword_ideas/live,10,,0.0500,,2026-08-15
"types of stamp duty",keyword_ideas/live,10,,0.0500,,2026-08-15
"uk budget inheritance tax",keyword_ideas/live,70,,,16,2026-08-21
"uk cgt rates",bulk_keyword_difficulty/live,,,,21,2026-08-15
"uk farm inheritance tax",keyword_ideas/live,1300,,0.0100,30,2026-08-21
"uk farmers inheritance tax",keyword_ideas/live,40,,0.0000,34,2026-08-21
"uk inheritance tax",keyword_ideas/live,2900,2.04,0.1200,51,2026-08-21
"uk inheritance tax explained",keyword_ideas/live,140,2.21,0.4300,28,2026-08-21
"uk inheritance tax rules",keyword_ideas/live,590,1.22,0.2800,23,2026-08-21
"uk inheritance tax warning",keyword_ideas/live,27100,,0.0400,6,2026-08-21
"uk non resident landlord tax",keyword_ideas/live,20,,0.0900,0,2026-08-15
"uk pension inheritance tax",keyword_ideas/live,2900,,0.0400,10,2026-08-21
"uk property rental tax for non resident",keyword_ideas/live,10,,0.2900,,2026-08-15
"uk stamp duty",bulk_keyword_difficulty/live,,,,55,2026-08-15
"uk stamp duty 2021",keyword_ideas/live,10,,0.0000,,2026-08-15
"uk stamp duty act",keyword_ideas/live,,,,,2026-08-15
"uk stamp duty calculator",bulk_keyword_difficulty/live,,,,41,2026-08-15
"uk stamp duty changes",keyword_ideas/live,590,,0.0000,22,2026-08-15
"uk stamp duty cut",keyword_ideas/live,10,,0.0000,30,2026-08-15
"uk stamp duty in 2014",keyword_ideas/live,,,,,2026-08-15
"uk stamp duty landlords budget",keyword_ideas/live,10,,,0,2026-08-15
"uk stamp duty rates",bulk_keyword_difficulty/live,,,,27,2026-08-15
"upu stamp duty",keyword_ideas/live,10,,,,2026-08-15
"us inheritance tax threshold",keyword_ideas/live,90,0.92,0.0500,58,2026-08-21
"us stamp duty",keyword_ideas/live,30,,0.0000,11,2026-08-15
"utrn number stamp duty",keyword_ideas/live,10,,0.0000,11,2026-08-15
"vat helpline",bulk_keyword_difficulty/live,,,,1,2026-08-15
"vendor pays stamp duty",keyword_ideas/live,10,,0.0000,,2026-08-15
"venture capital trust",bulk_keyword_difficulty/live,,,,15,2026-08-15
"victoria stamp duty changes",keyword_ideas/live,10,,0.0000,,2026-08-15
"victoria stamp duty exemptions",keyword_ideas/live,10,,,,2026-08-15
"victorian stamp duty rates",keyword_ideas/live,10,,0.0500,,2026-08-15
"wa stamp duty concession",keyword_ideas/live,10,,0.0700,,2026-08-15
"wales stamp duty calculator",bulk_keyword_difficulty/live,,,,9,2026-08-15
"wales stamp duty changes",keyword_ideas/live,10,,0.0000,17,2026-08-15
"westminster planning application search",keyword_ideas/live,320,,0.0000,0,2026-08-15
"what is cgt",bulk_keyword_difficulty/live,,,,25,2026-08-15
"what is incorporation relief",keyword_suggestions/live,90,,0.0100,0,2026-08-15
"what is sdlt tax",bulk_keyword_difficulty/live,,,,27,2026-08-15
"what is stamp duty",bulk_keyword_difficulty/live,,,,41,2026-08-15
"what is stamp duty limit",bulk_keyword_difficulty/live,,,,43,2026-08-15
"what is stamp duty qld",keyword_ideas/live,10,,,,2026-08-15
"what is stamp duty wa",keyword_ideas/live,10,,,,2026-08-15
"what is the stamp duty rate",bulk_keyword_difficulty/live,,,,19,2026-08-15
"what percentage is stamp duty",bulk_keyword_difficulty/live,,,,25,2026-08-15
"when do you pay inheritance tax",bulk_keyword_difficulty/live,,,,10,2026-08-15
"when stamp duty end",keyword_ideas/live,10,,,49,2026-08-15
"when stamp duty is applicable",keyword_ideas/live,10,0.90,0.1000,,2026-08-15
"when was incorporation relief introduced",keyword_suggestions/live,,,,,2026-08-15
"where is stamp duty payable",keyword_ideas/live,30,,0.0200,,2026-08-15
"where to pay stamp duty",keyword_ideas/live,30,,0.0200,,2026-08-15
"which accounting software is used in uk",google_autocomplete,,,,,2026-05-19
"who collects stamp duty",keyword_ideas/live,20,,0.0200,,2026-08-15
"who introduced stamp duty",keyword_ideas/live,210,,0.0000,0,2026-08-15
"who pays stamp duty in qld",keyword_ideas/live,10,,,,2026-08-15
"who pays stamp duty nsw",keyword_ideas/live,10,,0.0000,,2026-08-15
"who pays stamp duty qld",keyword_ideas/live,10,,,,2026-08-15
"who will pay stamp duty",keyword_ideas/live,10,,,,2026-08-15
"why stamp duty",keyword_ideas/live,70,,0.0400,42,2026-08-15
"will stamp duty",keyword_ideas/live,10,,0.0000,,2026-08-15
"will stamp duty change in 2026",bulk_keyword_difficulty/live,,,,9,2026-08-15
"work out stamp duty",keyword_ideas/live,390,0.33,0.1600,32,2026-08-15
"zero stamp duty",keyword_ideas/live,10,,0.0000,47,2026-08-15
