page,date,impressions,clicks,avg_impression_position,avg_click_position
https://www.propertytaxpartners.co.uk/blog/section-24-and-tax-relief/claim-mortgage-interest-rental-property-uk-section-24,2026-05-22,298,20,4,-1
https://www.propertytaxpartners.co.uk/blog/capital-gains-tax/capital-gains-tax-property-complete-guide-uk,2026-05-22,642,15,4,-1
https://www.propertytaxpartners.co.uk/blog/capital-gains-tax/tax-sell-rental-property-uk,2026-05-22,129,11,3,-1
https://www.propertytaxpartners.co.uk/blog/capital-gains-tax/how-to-report-property-sale-hmrc-60-days,2026-05-22,801,9,5,-1
https://www.propertytaxpartners.co.uk/blog/making-tax-digital-mtd/mtd-rental-income-threshold-exemptions,2026-05-22,155,8,4,-1
https://www.propertytaxpartners.co.uk/blog/incorporation-and-company-structures/how-to-transfer-property-into-limited-company-uk,2026-05-22,134,7,5,-1
https://www.propertytaxpartners.co.uk/blog/capital-gains-tax/cgt-rates-property-2026-27-current-rates-explained,2026-05-22,110,7,3,-1
https://www.propertytaxpartners.co.uk/blog/section-24-and-tax-relief/landlord-tax-deductions-uk-2026-complete-list,2026-05-22,147,5,6,-1
https://www.propertytaxpartners.co.uk/blog/landlord-tax-essentials/sa105-property-income-form-2026-complete-guide,2026-05-22,204,4,5,-1
https://www.propertytaxpartners.co.uk/blog/section-24-and-tax-relief/furnished-holiday-let-tax-rules-exemptions,2026-05-22,78,4,6,-1
https://www.propertytaxpartners.co.uk/blog/section-24-and-tax-relief/mortgage-arrangement-fees-deductible-landlord,2026-05-22,30,4,4,-1
https://www.propertytaxpartners.co.uk/blog/non-resident-landlord-tax/non-resident-landlord-scheme-uk-complete-guide,2026-05-22,269,3,5,-1
https://www.propertytaxpartners.co.uk/blog/section-24-and-tax-relief/finance-costs-section-24-complete-guide,2026-05-22,122,3,4,-1
https://www.propertytaxpartners.co.uk/blog/making-tax-digital-mtd/how-to-register-mtd-landlord-step-by-step-guide,2026-05-22,83,3,6,-1
https://www.propertytaxpartners.co.uk/blog/property-types-and-specialist-tax/airbnb-tax-uk-short-term-rental-income-taxed,2026-05-22,50,3,6,-1
https://www.propertytaxpartners.co.uk/blog/landlord-tax-essentials/income-tax-rates-landlords-2026-27-complete-guide,2026-05-22,11,3,3,-1
https://www.propertytaxpartners.co.uk/blog/capital-gains-tax/principal-private-residence-relief-landlords,2026-05-22,218,2,6,-1
https://www.propertytaxpartners.co.uk/blog/non-resident-landlord-tax/non-resident-cgt-uk-property-rates-reporting,2026-05-22,84,2,6,-1
https://www.propertytaxpartners.co.uk/blog/capital-gains-tax/property-improvements-reduce-cgt-enhancement-expenditure,2026-05-22,50,2,6,-1
https://www.propertytaxpartners.co.uk/blog/landlord-tax-essentials/capital-allowances-second-hand-vans,2026-05-22,42,2,4,-1
https://www.propertytaxpartners.co.uk/blog/capital-gains-tax/cgt-property-transfer-spouse,2026-05-22,33,2,4,-1
https://www.propertytaxpartners.co.uk/blog/capital-gains-tax/capital-gains-tax-property-sale-uk-2026-rates-allowances,2026-05-22,11,2,6,-1
https://www.propertytaxpartners.co.uk/blog/capital-gains-tax/cgt-annual-exempt-amount-3000-allowance-2026-27,2026-05-22,192,1,5,-1
https://www.propertytaxpartners.co.uk/blog/non-resident-landlord-tax/nrl-approval-receive-rent-gross-hmrc-guide,2026-05-22,134,1,5,-1
https://www.propertytaxpartners.co.uk/blog/landlord-tax-essentials/landlord-tax-return-complete-guide-2026,2026-05-22,64,1,6,-1
https://www.propertytaxpartners.co.uk/blog/property-accountant-services/can-you-claim-aia-on-second-hand-assets,2026-05-22,42,1,4,-1
https://www.propertytaxpartners.co.uk/blog/landlord-tax-essentials/rental-yield-calculator-guide-uk-landlords,2026-05-22,31,1,8,-1
https://www.propertytaxpartners.co.uk/blog/section-24-and-tax-relief/tax-relief-mortgage-interest-rented-property-guide,2026-05-22,4,1,5,-1
https://www.propertytaxpartners.co.uk/blog/capital-gains-tax/report-property-sale-hmrc-60-days-guide,2026-05-22,160,0,5,-1
https://www.propertytaxpartners.co.uk/blog/capital-gains-tax/60-day-cgt-reporting-property-sales-complete-guide,2026-05-22,106,0,6,-1
https://www.propertytaxpartners.co.uk/blog/section-24-and-tax-relief/what-is-aia-in-tax,2026-05-22,77,0,5,-1
https://www.propertytaxpartners.co.uk/blog/landlord-tax-essentials/capital-allowances-on-vans,2026-05-22,54,0,4,-1
https://www.propertytaxpartners.co.uk/blog/property-types-and-specialist-tax/capital-allowances-on-property,2026-05-22,40,0,6,-1
https://www.propertytaxpartners.co.uk/blog/section-24-and-tax-relief/annual-investment-allowance-uk,2026-05-22,31,0,5,-1
https://www.propertytaxpartners.co.uk/blog/capital-gains-tax/60-day-cgt-reporting-property-sales-rule,2026-05-22,30,0,4,-1
https://www.propertytaxpartners.co.uk/blog/section-24-and-tax-relief/writing-down-allowance-cars,2026-05-22,27,0,5,-1
https://www.propertytaxpartners.co.uk/blog/landlord-tax-essentials/capital-vs-revenue-expenditure-landlord-uk,2026-05-22,26,0,5,-1
https://www.propertytaxpartners.co.uk/blog/landlord-tax-essentials/2027-property-income-tax-rates-landlords-uk,2026-05-22,25,0,5,-1
https://www.propertytaxpartners.co.uk/blog/section-24-and-tax-relief/replacement-domestic-items-relief-uk-landlords-guide,2026-05-22,16,0,7,-1
https://www.propertytaxpartners.co.uk/blog/landlord-tax-essentials/annual-investment-allowance-2025,2026-05-22,15,0,3,-1
https://www.propertytaxpartners.co.uk/blog/capital-gains-tax/cgt-deferral-strategies-property-investors-uk,2026-05-22,14,0,5,-1
https://www.propertytaxpartners.co.uk/blog/property-types-and-specialist-tax/aia-capital-allowances,2026-05-22,14,0,5,-1
https://www.propertytaxpartners.co.uk/blog/non-resident-landlord-tax/non-resident-cgt-selling-uk-property-overseas-guide,2026-05-22,13,0,6,-1
https://www.propertytaxpartners.co.uk/blog/property-types-and-specialist-tax/capital-allowance-aia-property-landlords,2026-05-22,13,0,6,-1
https://www.propertytaxpartners.co.uk/blog/capital-gains-tax/cgt-reporting-deadlines-property-2026,2026-05-22,12,0,4,-1
https://www.propertytaxpartners.co.uk/blog/landlord-tax-essentials/what-repairs-can-landlords-deduct-from-rental-income,2026-05-22,11,0,6,-1
https://www.propertytaxpartners.co.uk/blog/capital-gains-tax/cgt-property-sold-loss-claim-capital-losses,2026-05-22,11,0,4,-1
https://www.propertytaxpartners.co.uk/blog/capital-gains-tax/cgt-main-residence-election-two-properties,2026-05-22,11,0,5,-1
https://www.propertytaxpartners.co.uk/blog/property-types-and-specialist-tax/aia-allowance-uk-property-investors,2026-05-22,11,0,7,-1
https://www.propertytaxpartners.co.uk/blog/landlord-tax-essentials/landlord-tax-changes-2026-complete-guide,2026-05-22,9,0,3,-1
https://www.propertytaxpartners.co.uk/blog/section-24-and-tax-relief/section-24-mortgage-interest-restriction-uk-landlords,2026-05-22,5,0,5,-1
https://www.propertytaxpartners.co.uk/blog/landlord-tax-essentials/landlord-accounting-spreadsheet-template-free-excel-guide,2026-05-22,5,0,7,-1
https://www.propertytaxpartners.co.uk/blog/making-tax-digital-mtd/best-mtd-software-landlords-2026,2026-05-22,4,0,9,-1
https://www.propertytaxpartners.co.uk/blog/making-tax-digital-mtd/making-tax-digital-property-income-2026-complete-guide,2026-05-22,3,0,4,-1
https://www.propertytaxpartners.co.uk/blog/capital-gains-tax/cgt-payment-deadlines-property-sales-2026,2026-05-22,1,0,10,-1
https://www.propertytaxpartners.co.uk/blog/section-24-and-tax-relief/claim-mortgage-interest-rental-property-uk-section-24,2026-05-29,358,20,3,-1
https://www.propertytaxpartners.co.uk/blog/capital-gains-tax/capital-gains-tax-property-complete-guide-uk,2026-05-29,609,17,4,-1
https://www.propertytaxpartners.co.uk/blog/capital-gains-tax/how-to-report-property-sale-hmrc-60-days,2026-05-29,877,12,5,-1
https://www.propertytaxpartners.co.uk/blog/capital-gains-tax/tax-sell-rental-property-uk,2026-05-29,142,10,3,-1
https://www.propertytaxpartners.co.uk/blog/section-24-and-tax-relief/landlord-tax-deductions-uk-2026-complete-list,2026-05-29,63,5,6,-1
https://www.propertytaxpartners.co.uk/blog/capital-gains-tax/cgt-rates-property-2026-27-current-rates-explained,2026-05-29,121,4,5,-1
https://www.propertytaxpartners.co.uk/blog/capital-gains-tax/property-improvements-reduce-cgt-enhancement-expenditure,2026-05-29,31,4,5,-1
https://www.propertytaxpartners.co.uk/blog/capital-gains-tax/principal-private-residence-relief-landlords,2026-05-29,174,3,7,-1
https://www.propertytaxpartners.co.uk/blog/capital-gains-tax/60-day-cgt-reporting-property-sales-complete-guide,2026-05-29,119,3,5,-1
https://www.propertytaxpartners.co.uk/blog/section-24-and-tax-relief/landlord-expenses-allowable-uk-2026,2026-05-29,113,3,6,-1
https://www.propertytaxpartners.co.uk/blog/property-accountant-services/can-you-claim-aia-on-second-hand-assets,2026-05-29,89,3,4,-1
https://www.propertytaxpartners.co.uk/blog/property-types-and-specialist-tax/airbnb-tax-uk-short-term-rental-income-taxed,2026-05-29,45,3,6,-1
https://www.propertytaxpartners.co.uk/blog/making-tax-digital-mtd/mtd-rental-income-threshold-exemptions,2026-05-29,220,2,5,-1
https://www.propertytaxpartners.co.uk/blog/incorporation-and-company-structures/buy-to-let-limited-company-complete-guide-uk,2026-05-29,44,2,5,-1
https://www.propertytaxpartners.co.uk/blog/landlord-tax-essentials/capital-vs-revenue-expenditure-landlord-uk,2026-05-29,39,2,6,-1
https://www.propertytaxpartners.co.uk/blog/incorporation-and-company-structures/how-to-transfer-property-into-limited-company-uk,2026-05-29,24,2,3,-1
https://www.propertytaxpartners.co.uk/blog/capital-gains-tax/cgt-property-transfer-spouse,2026-05-29,24,2,4,-1
https://www.propertytaxpartners.co.uk/blog/section-24-and-tax-relief/mortgage-interest-deductible-landlords-uk-2026,2026-05-29,2,2,2,-1
https://www.propertytaxpartners.co.uk/blog/capital-gains-tax/report-property-sale-hmrc-60-days-guide,2026-05-29,189,1,5,-1
https://www.propertytaxpartners.co.uk/blog/landlord-tax-essentials/sa105-property-income-form-2026-complete-guide,2026-05-29,187,1,5,-1
https://www.propertytaxpartners.co.uk/blog/section-24-and-tax-relief/finance-costs-section-24-complete-guide,2026-05-29,152,1,4,-1
https://www.propertytaxpartners.co.uk/blog/capital-gains-tax/cgt-annual-exempt-amount-3000-allowance-2026-27,2026-05-29,151,1,6,-1
https://www.propertytaxpartners.co.uk/blog/non-resident-landlord-tax/nrl-approval-receive-rent-gross-hmrc-guide,2026-05-29,127,1,5,-1
https://www.propertytaxpartners.co.uk/blog/section-24-and-tax-relief/what-is-aia-in-tax,2026-05-29,125,1,6,-1
https://www.propertytaxpartners.co.uk/blog/incorporation-and-company-structures/spv-property-investment-special-purpose-vehicle-guide,2026-05-29,96,1,6,-1
https://www.propertytaxpartners.co.uk/blog/making-tax-digital-mtd/how-to-register-mtd-landlord-step-by-step-guide,2026-05-29,74,1,6,-1
https://www.propertytaxpartners.co.uk/blog/landlord-tax-essentials/capital-allowances-second-hand-vans,2026-05-29,68,1,6,-1
https://www.propertytaxpartners.co.uk/blog/non-resident-landlord-tax/non-resident-landlord-self-assessment-filing-requirements,2026-05-29,68,1,6,-1
https://www.propertytaxpartners.co.uk/blog/non-resident-landlord-tax/non-resident-cgt-selling-uk-property-overseas-guide,2026-05-29,41,1,6,-1
https://www.propertytaxpartners.co.uk/blog/capital-gains-tax/cgt-main-residence-relief-joint-ownership-pra-election-spouses-mechanics,2026-05-29,16,1,7,-1
https://www.propertytaxpartners.co.uk/blog/landlord-tax-essentials/landlord-tax-return-complete-guide-2026,2026-05-29,15,1,6,-1
https://www.propertytaxpartners.co.uk/blog/section-24-and-tax-relief/mortgage-arrangement-fees-deductible-landlord,2026-05-29,13,1,3,-1
https://www.propertytaxpartners.co.uk/blog/capital-gains-tax/60-day-cgt-reporting-property-sales-rule,2026-05-29,13,1,6,-1
https://www.propertytaxpartners.co.uk/blog/landlord-tax-essentials/capital-allowances-on-vans,2026-05-29,12,1,4,-1
https://www.propertytaxpartners.co.uk/blog/section-24-and-tax-relief/landlord-capital-allowances-tax-relief,2026-05-29,12,1,4,-1
https://www.propertytaxpartners.co.uk/blog/capital-gains-tax/cgt-selling-buy-to-let-property-calculation-guide,2026-05-29,11,1,5,-1
https://www.propertytaxpartners.co.uk/blog/incorporation-and-company-structures/ated-late-filing-penalty-appeal-reasonable-excuse,2026-05-29,6,1,6,-1
https://www.propertytaxpartners.co.uk/blog/non-resident-landlord-tax/iht-non-resident-uk-property-april-2025-residence-test,2026-05-29,3,1,6,-1
https://www.propertytaxpartners.co.uk/blog/incorporation-and-company-structures/retained-profits-property-company-tax-advantages,2026-05-29,2,1,3,-1
https://www.propertytaxpartners.co.uk/blog/property-types-and-specialist-tax/hmo-licensing-fees-tax-deductible-uk-landlords,2026-05-29,1,1,1,-1
https://www.propertytaxpartners.co.uk/blog/non-resident-landlord-tax/non-resident-landlord-scheme-uk-complete-guide,2026-05-29,219,0,5,-1
https://www.propertytaxpartners.co.uk/blog/section-24-and-tax-relief/furnished-holiday-let-tax-rules-exemptions,2026-05-29,68,0,6,-1
https://www.propertytaxpartners.co.uk/blog/making-tax-digital-mtd/mtd-itsa-agent-services-account-asa-authorisation-walkthrough,2026-05-29,62,0,7,-1
https://www.propertytaxpartners.co.uk/blog/non-resident-landlord-tax/non-resident-cgt-uk-property-rates-reporting,2026-05-29,34,0,7,-1
https://www.propertytaxpartners.co.uk/blog/property-types-and-specialist-tax/diy-housebuilders-vat-refund-scheme,2026-05-29,29,0,6,-1
https://www.propertytaxpartners.co.uk/blog/property-types-and-specialist-tax/vat-on-new-builds-residential-property,2026-05-29,27,0,7,-1
https://www.propertytaxpartners.co.uk/blog/landlord-tax-essentials/declaration-of-trust-property-beneficial-ownership-mechanics-evidence-form-17,2026-05-29,25,0,6,-1
https://www.propertytaxpartners.co.uk/blog/landlord-tax-essentials/joint-tenants-vs-tenants-in-common-property-tax-consequences-uk-landlords,2026-05-29,23,0,7,-1
https://www.propertytaxpartners.co.uk/blog/landlord-tax-essentials/iht-joint-ownership-property-spouse-exemption-transferable-allowances-jointly-tic-vs-jt,2026-05-29,20,0,7,-1
https://www.propertytaxpartners.co.uk/blog/capital-gains-tax/capital-gains-tax-property-sale-uk-2026-rates-allowances,2026-05-29,19,0,4,-1
https://www.propertytaxpartners.co.uk/blog/landlord-tax-essentials/2027-property-income-tax-rates-landlords-uk,2026-05-29,19,0,5,-1
https://www.propertytaxpartners.co.uk/blog/property-types-and-specialist-tax/capital-allowances-property-investors-complete-pillar-2026-27-caa-2001-decision-framework,2026-05-29,17,0,6,-1
https://www.propertytaxpartners.co.uk/blog/property-types-and-specialist-tax/capital-allowances-on-property,2026-05-29,16,0,4,-1
https://www.propertytaxpartners.co.uk/blog/section-24-and-tax-relief/replacement-domestic-items-relief-uk-landlords-guide,2026-05-29,14,0,6,-1
https://www.propertytaxpartners.co.uk/blog/capital-gains-tax/cgt-payment-deadlines-property-sales-2026,2026-05-29,13,0,6,-1
https://www.propertytaxpartners.co.uk/blog/capital-gains-tax/ppr-relief-calculation-former-home-step-by-step,2026-05-29,13,0,6,-1
https://www.propertytaxpartners.co.uk/blog/landlord-tax-essentials/inheritance-tax-rental-property-uk-guide,2026-05-29,12,0,4,-1
https://www.propertytaxpartners.co.uk/blog/incorporation-and-company-structures/ated-rates-2026-27-bands-table-worked-examples,2026-05-29,11,0,3,-1
https://www.propertytaxpartners.co.uk/blog/capital-gains-tax/cgt-deferral-strategies-property-investors-uk,2026-05-29,11,0,6,-1
https://www.propertytaxpartners.co.uk/blog/incorporation-and-company-structures/types-of-property-company-structure-uk-guide,2026-05-29,6,0,6,-1
https://www.propertytaxpartners.co.uk/blog/making-tax-digital-mtd/best-mtd-software-landlords-2026,2026-05-29,6,0,14,-1
https://www.propertytaxpartners.co.uk/blog/making-tax-digital-mtd/mtd-itsa-stopping-letting-mid-year-cessation-quarterly-mechanics,2026-05-29,3,0,19,-1
https://www.propertytaxpartners.co.uk/blog/section-24-and-tax-relief/annual-investment-allowance-uk,2026-05-29,3,0,6,-1
https://www.propertytaxpartners.co.uk/blog/capital-gains-tax/cgt-property-sold-loss-claim-capital-losses,2026-05-29,2,0,4,-1
https://www.propertytaxpartners.co.uk/blog/incorporation-and-company-structures/tax-efficient-property-investment-structure-guide,2026-05-29,2,0,6,-1
https://www.propertytaxpartners.co.uk/blog/section-24-and-tax-relief/section-24-mortgage-interest-restriction-uk-landlords,2026-05-29,1,0,13,-1
https://www.propertytaxpartners.co.uk/blog/incorporation-and-company-structures/ated-complete-guide-2026-27,2026-05-29,1,0,7,-1
https://www.propertytaxpartners.co.uk/blog/property-types-and-specialist-tax/serviced-accommodation-tax-fhl-abolition-april-2025,2026-05-29,1,0,3,-1
https://www.propertytaxpartners.co.uk/blog/section-24-and-tax-relief/claim-mortgage-interest-rental-property-uk-section-24,2026-06-05,460,30,3,-1
https://www.propertytaxpartners.co.uk/blog/capital-gains-tax/capital-gains-tax-property-complete-guide-uk,2026-06-05,645,18,4,-1
https://www.propertytaxpartners.co.uk/blog/making-tax-digital-mtd/mtd-rental-income-threshold-exemptions,2026-06-05,278,9,5,-1
https://www.propertytaxpartners.co.uk/blog/capital-gains-tax/tax-sell-rental-property-uk,2026-06-05,118,9,3,-1
https://www.propertytaxpartners.co.uk/blog/capital-gains-tax/cgt-rates-property-2026-27-current-rates-explained,2026-06-05,636,8,5,-1
https://www.propertytaxpartners.co.uk/blog/section-24-and-tax-relief/finance-costs-section-24-complete-guide,2026-06-05,221,8,4,-1
https://www.propertytaxpartners.co.uk/blog/capital-gains-tax/principal-private-residence-relief-landlords,2026-06-05,216,6,6,-1
https://www.propertytaxpartners.co.uk/blog/capital-gains-tax/property-improvements-reduce-cgt-enhancement-expenditure,2026-06-05,93,5,4,-1
https://www.propertytaxpartners.co.uk/blog/incorporation-and-company-structures/how-to-transfer-property-into-limited-company-uk,2026-06-05,77,5,3,-1
https://www.propertytaxpartners.co.uk/blog/section-24-and-tax-relief/mortgage-arrangement-fees-deductible-landlord,2026-06-05,37,5,3,-1
https://www.propertytaxpartners.co.uk/blog/landlord-tax-essentials/sa105-property-income-form-2026-complete-guide,2026-06-05,293,4,5,-1
https://www.propertytaxpartners.co.uk/blog/non-resident-landlord-tax/nrl-approval-receive-rent-gross-hmrc-guide,2026-06-05,267,4,5,-1
https://www.propertytaxpartners.co.uk/blog/incorporation-and-company-structures/spv-property-investment-special-purpose-vehicle-guide,2026-06-05,135,4,6,-1
https://www.propertytaxpartners.co.uk/blog/property-accountant-services/can-you-claim-aia-on-second-hand-assets,2026-06-05,81,4,4,-1
https://www.propertytaxpartners.co.uk/blog/landlord-tax-essentials/capital-vs-revenue-expenditure-landlord-uk,2026-06-05,45,4,6,-1
https://www.propertytaxpartners.co.uk/blog/section-24-and-tax-relief/mortgage-interest-deductible-landlords-uk-2026,2026-06-05,40,4,5,-1
https://www.propertytaxpartners.co.uk/blog/landlord-tax-essentials/2027-property-income-tax-rates-landlords-uk,2026-06-05,25,4,3,-1
https://www.propertytaxpartners.co.uk/blog/non-resident-landlord-tax/non-resident-landlord-scheme-uk-complete-guide,2026-06-05,326,3,6,-1
https://www.propertytaxpartners.co.uk/blog/capital-gains-tax/how-to-report-property-sale-hmrc-60-days,2026-06-05,225,3,5,-1
https://www.propertytaxpartners.co.uk/blog/section-24-and-tax-relief/landlord-tax-deductions-uk-2026-complete-list,2026-06-05,160,3,6,-1
https://www.propertytaxpartners.co.uk/blog/landlord-tax-essentials/capital-allowances-on-vans,2026-06-05,125,3,6,-1
https://www.propertytaxpartners.co.uk/blog/capital-gains-tax/cgt-property-transfer-spouse,2026-06-05,71,3,4,-1
https://www.propertytaxpartners.co.uk/blog/landlord-tax-essentials/inheritance-tax-rental-property-uk-guide,2026-06-05,4,3,4,-1
https://www.propertytaxpartners.co.uk/blog/capital-gains-tax/cgt-annual-exempt-amount-3000-allowance-2026-27,2026-06-05,241,2,6,-1
https://www.propertytaxpartners.co.uk/blog/section-24-and-tax-relief/replacement-domestic-items-relief-uk-landlords-guide,2026-06-05,152,2,5,-1
https://www.propertytaxpartners.co.uk/blog/incorporation-and-company-structures/corporation-tax-marginal-relief-uk-guide,2026-06-05,130,2,6,-1
https://www.propertytaxpartners.co.uk/blog/capital-gains-tax/cgt-payment-deadlines-property-sales-2026,2026-06-05,129,2,6,-1
https://www.propertytaxpartners.co.uk/blog/landlord-tax-essentials/capital-allowances-second-hand-vans,2026-06-05,98,2,5,-1
https://www.propertytaxpartners.co.uk/blog/property-types-and-specialist-tax/diy-housebuilders-vat-refund-scheme,2026-06-05,87,2,6,-1
https://www.propertytaxpartners.co.uk/blog/section-24-and-tax-relief/furnished-holiday-let-tax-rules-exemptions,2026-06-05,81,2,6,-1
https://www.propertytaxpartners.co.uk/blog/capital-gains-tax/capital-gains-tax-property-sale-uk-2026-rates-allowances,2026-06-05,66,2,5,-1
https://www.propertytaxpartners.co.uk/blog/property-types-and-specialist-tax/writing-down-allowance-rates,2026-06-05,41,2,5,-1
https://www.propertytaxpartners.co.uk/blog/property-types-and-specialist-tax/booking-com-a-complete-guide-for-the-hosts,2026-06-05,31,2,4,-1
https://www.propertytaxpartners.co.uk/blog/landlord-tax-essentials/income-tax-rates-landlords-2026-27-complete-guide,2026-06-05,15,2,4,-1
https://www.propertytaxpartners.co.uk/blog/incorporation-and-company-structures/sdlt-incorporation-stamp-duty-twice,2026-06-05,14,2,5,-1
https://www.propertytaxpartners.co.uk/blog/capital-gains-tax/cgt-selling-buy-to-let-property-calculation-guide,2026-06-05,8,2,6,-1
https://www.propertytaxpartners.co.uk/blog/non-resident-landlord-tax/non-resident-cgt-selling-uk-property-overseas-guide,2026-06-05,97,1,5,-1
https://www.propertytaxpartners.co.uk/blog/making-tax-digital-mtd/how-to-register-mtd-landlord-step-by-step-guide,2026-06-05,84,1,6,-1
https://www.propertytaxpartners.co.uk/blog/property-types-and-specialist-tax/airbnb-tax-uk-short-term-rental-income-taxed,2026-06-05,81,1,6,-1
https://www.propertytaxpartners.co.uk/blog/non-resident-landlord-tax/non-resident-landlord-self-assessment-filing-requirements,2026-06-05,80,1,6,-1
https://www.propertytaxpartners.co.uk/blog/landlord-tax-essentials/form-17-declaration-beneficial-interest-property-mechanics-filing-revocation,2026-06-05,61,1,5,-1
https://www.propertytaxpartners.co.uk/blog/landlord-tax-essentials/joint-tenants-vs-tenants-in-common-property-tax-consequences-uk-landlords,2026-06-05,59,1,7,-1
https://www.propertytaxpartners.co.uk/blog/property-types-and-specialist-tax/hmo-selective-licensing-compliance-housing-act-2004-landlord-licensing-mechanics,2026-06-05,55,1,6,-1
https://www.propertytaxpartners.co.uk/blog/property-types-and-specialist-tax/integral-features-capital-allowances,2026-06-05,49,1,5,-1
https://www.propertytaxpartners.co.uk/blog/non-resident-landlord-tax/non-resident-cgt-uk-property-rates-reporting,2026-06-05,44,1,6,-1
https://www.propertytaxpartners.co.uk/blog/landlord-tax-essentials/land-transaction-tax-a-complete-guide,2026-06-05,37,1,6,-1
https://www.propertytaxpartners.co.uk/blog/section-24-and-tax-relief/tax-relief-mortgage-interest-rented-property-guide,2026-06-05,34,1,4,-1
https://www.propertytaxpartners.co.uk/blog/property-types-and-specialist-tax/vat-option-to-tax-commercial-property-mechanics-election-revocation,2026-06-05,29,1,8,-1
https://www.propertytaxpartners.co.uk/blog/section-24-and-tax-relief/landlord-expenses-allowable-uk-2026,2026-06-05,25,1,6,-1
https://www.propertytaxpartners.co.uk/blog/landlord-tax-essentials/pet-rights-tenancy-landlord-refusal-reasonable-grounds,2026-06-05,24,1,7,-1
https://www.propertytaxpartners.co.uk/blog/property-types-and-specialist-tax/government-to-end-council-tax-on-hmo-rooms,2026-06-05,16,1,6,-1
https://www.propertytaxpartners.co.uk/blog/making-tax-digital-mtd/making-tax-digital-property-income-2026-complete-guide,2026-06-05,12,1,5,-1
https://www.propertytaxpartners.co.uk/blog/capital-gains-tax/cgt-commercial-property-different-residential,2026-06-05,5,1,5,-1
https://www.propertytaxpartners.co.uk/blog/property-types-and-specialist-tax/holiday-let-tax-calculator-fhl-changes,2026-06-05,3,1,2,-1
https://www.propertytaxpartners.co.uk/blog/property-types-and-specialist-tax/commercial-property-tax-landlords-rates-reliefs-allowances,2026-06-05,3,1,2,-1
https://www.propertytaxpartners.co.uk/blog/incorporation-and-company-structures/sdlt-transfer-property-company-cost,2026-06-05,1,1,4,-1
https://www.propertytaxpartners.co.uk/blog/property-types-and-specialist-tax/single-person-council-tax-discounts-a-complete-guide,2026-06-05,1,1,4,-1
https://www.propertytaxpartners.co.uk/blog/property-types-and-specialist-tax/labour-plans-stamp-duty-hike-for-overseas-buyers,2026-06-05,1,1,4,-1
https://www.propertytaxpartners.co.uk/blog/section-24-and-tax-relief/rental-income-tax-uk-complete-guide-landlords,2026-06-05,92,0,6,-1
https://www.propertytaxpartners.co.uk/blog/incorporation-and-company-structures/a-complete-guide-to-identity-verification-in-uk,2026-06-05,81,0,8,-1
https://www.propertytaxpartners.co.uk/blog/landlord-tax-essentials/landlord-tax-return-complete-guide-2026,2026-06-05,53,0,6,-1
https://www.propertytaxpartners.co.uk/blog/making-tax-digital-mtd/mtd-itsa-agent-services-account-asa-authorisation-walkthrough,2026-06-05,49,0,6,-1
https://www.propertytaxpartners.co.uk/blog/capital-gains-tax/cgt-deferral-strategies-property-investors-uk,2026-06-05,46,0,6,-1
https://www.propertytaxpartners.co.uk/blog/capital-gains-tax/cgt-gifting-property-family-members-uk,2026-06-05,44,0,7,-1
https://www.propertytaxpartners.co.uk/blog/property-types-and-specialist-tax/capital-allowances-property-investors-complete-pillar-2026-27-caa-2001-decision-framework,2026-06-05,41,0,6,-1
https://www.propertytaxpartners.co.uk/blog/property-types-and-specialist-tax/vat-on-new-builds-residential-property,2026-06-05,35,0,7,-1
https://www.propertytaxpartners.co.uk/blog/landlord-tax-essentials/sdlt-buy-to-let-rates-surcharge-guide-2025,2026-06-05,35,0,6,-1
https://www.propertytaxpartners.co.uk/blog/incorporation-and-company-structures/buy-to-let-limited-company-complete-guide-uk,2026-06-05,32,0,4,-1
https://www.propertytaxpartners.co.uk/blog/non-resident-landlord-tax/nrl-scheme-letting-agents-quarterly-returns-mechanics,2026-06-05,25,0,5,-1
https://www.propertytaxpartners.co.uk/blog/landlord-tax-essentials/how-to-complete-landlord-self-assessment-filing-step-by-step-guide,2026-06-05,24,0,6,-1
https://www.propertytaxpartners.co.uk/blog/landlord-tax-essentials/declaration-of-trust-property-beneficial-ownership-mechanics-evidence-form-17,2026-06-05,23,0,7,-1
https://www.propertytaxpartners.co.uk/blog/capital-gains-tax/report-property-sale-hmrc-60-days-guide,2026-06-05,16,0,5,-1
https://www.propertytaxpartners.co.uk/blog/landlord-tax-essentials/iht-lifetime-gifts-7-year-rule-property-taper,2026-06-05,15,0,7,-1
https://www.propertytaxpartners.co.uk/blog/section-24-and-tax-relief/section-24-mortgage-interest-restriction-uk-landlords,2026-06-05,15,0,6,-1
https://www.propertytaxpartners.co.uk/blog/landlord-tax-essentials/iht-joint-ownership-property-spouse-exemption-transferable-allowances-jointly-tic-vs-jt,2026-06-05,14,0,5,-1
https://www.propertytaxpartners.co.uk/blog/capital-gains-tax/60-day-cgt-reporting-property-sales-complete-guide,2026-06-05,14,0,5,-1
https://www.propertytaxpartners.co.uk/blog/capital-gains-tax/60-day-cgt-reporting-property-sales-rule,2026-06-05,14,0,7,-1
https://www.propertytaxpartners.co.uk/blog/section-24-and-tax-relief/section-24-self-assessment-tax-return,2026-06-05,13,0,3,-1
https://www.propertytaxpartners.co.uk/blog/property-types-and-specialist-tax/capital-allowances-on-property,2026-06-05,13,0,6,-1
https://www.propertytaxpartners.co.uk/blog/capital-gains-tax/cgt-main-residence-relief-joint-ownership-pra-election-spouses-mechanics,2026-06-05,13,0,5,-1
https://www.propertytaxpartners.co.uk/blog/landlord-tax-essentials/welsh-land-transaction-tax-ltt-rates-bands-2026-27-residential-buyers,2026-06-05,13,0,5,-1
https://www.propertytaxpartners.co.uk/blog/section-24-and-tax-relief/what-is-aia-in-tax,2026-06-05,13,0,5,-1
https://www.propertytaxpartners.co.uk/blog/property-types-and-specialist-tax/lease-variation-and-lease-surrender,2026-06-05,12,0,8,-1
https://www.propertytaxpartners.co.uk/blog/incorporation-and-company-structures/types-of-property-company-structure-uk-guide,2026-06-05,10,0,6,-1
https://www.propertytaxpartners.co.uk/blog/capital-gains-tax/cgt-property-sold-loss-claim-capital-losses,2026-06-05,7,0,5,-1
https://www.propertytaxpartners.co.uk/blog/making-tax-digital-mtd/best-mtd-software-landlords-2026,2026-06-05,5,0,7,-1
https://www.propertytaxpartners.co.uk/blog/property-types-and-specialist-tax/badges-of-trade-marson-morton-property-flipping-investment-distinction-landlords,2026-06-05,5,0,6,-1
https://www.propertytaxpartners.co.uk/blog/property-types-and-specialist-tax/ated-penalties-and-appeals,2026-06-05,4,0,6,-1
https://www.propertytaxpartners.co.uk/blog/incorporation-and-company-structures/ated-15-percent-flat-rate-sdlt-interaction,2026-06-05,1,0,2,-1
https://www.propertytaxpartners.co.uk/blog/property-types-and-specialist-tax/capital-allowance-aia-property-landlords,2026-06-05,1,0,5,-1
https://www.propertytaxpartners.co.uk/blog/incorporation-and-company-structures/directors-loan-repayment-bed-and-breakfast-trap-s464c-s464d,2026-06-05,1,0,2,-1
https://www.propertytaxpartners.co.uk/blog/property-types-and-specialist-tax/hmo-common-parts-capital-allowances-s35-claim-mechanics-multi-tenant-property,2026-06-05,1,0,5,-1
https://www.propertytaxpartners.co.uk/blog/incorporation-and-company-structures/landlord-incorporation-step-by-step-guide-uk,2026-06-05,1,0,12,-1
https://www.propertytaxpartners.co.uk/blog/section-24-and-tax-relief/claim-mortgage-interest-rental-property-uk-section-24,2026-06-12,352,27,3,-1
https://www.propertytaxpartners.co.uk/blog/incorporation-and-company-structures/how-to-transfer-property-into-limited-company-uk,2026-06-12,214,19,4,-1
https://www.propertytaxpartners.co.uk/blog/capital-gains-tax/tax-sell-rental-property-uk,2026-06-12,167,17,3,-1
https://www.propertytaxpartners.co.uk/blog/capital-gains-tax/capital-gains-tax-property-complete-guide-uk,2026-06-12,534,12,5,-1
https://www.propertytaxpartners.co.uk/blog/non-resident-landlord-tax/non-resident-landlord-scheme-uk-complete-guide,2026-06-12,368,10,6,-1
https://www.propertytaxpartners.co.uk/blog/section-24-and-tax-relief/mortgage-arrangement-fees-deductible-landlord,2026-06-12,50,8,3,-1
https://www.propertytaxpartners.co.uk/blog/making-tax-digital-mtd/mtd-rental-income-threshold-exemptions,2026-06-12,195,7,5,-1
https://www.propertytaxpartners.co.uk/blog/capital-gains-tax/cgt-gifting-property-family-members-uk,2026-06-12,188,7,6,-1
https://www.propertytaxpartners.co.uk/blog/non-resident-landlord-tax/nrl-approval-receive-rent-gross-hmrc-guide,2026-06-12,339,6,4,-1
https://www.propertytaxpartners.co.uk/blog/section-24-and-tax-relief/finance-costs-section-24-complete-guide,2026-06-12,236,6,4,-1
https://www.propertytaxpartners.co.uk/blog/incorporation-and-company-structures/sdlt-transfer-property-company-cost,2026-06-12,99,6,5,-1
https://www.propertytaxpartners.co.uk/blog/capital-gains-tax/cgt-rates-property-2026-27-current-rates-explained,2026-06-12,400,5,7,-1
https://www.propertytaxpartners.co.uk/blog/landlord-tax-essentials/sa105-property-income-form-2026-complete-guide,2026-06-12,237,5,5,-1
https://www.propertytaxpartners.co.uk/blog/property-accountant-services/can-you-claim-aia-on-second-hand-assets,2026-06-12,74,5,3,-1
https://www.propertytaxpartners.co.uk/blog/property-types-and-specialist-tax/commercial-property-fixtures-claim-s198-election-purchase-mechanics,2026-06-12,29,5,7,-1
https://www.propertytaxpartners.co.uk/blog/section-24-and-tax-relief/landlord-tax-deductions-uk-2026-complete-list,2026-06-12,141,4,6,-1
https://www.propertytaxpartners.co.uk/calculators/lbtt-calculator-scotland,2026-06-12,484,3,6,-1
https://www.propertytaxpartners.co.uk/blog/capital-gains-tax/principal-private-residence-relief-landlords,2026-06-12,197,3,7,-1
https://www.propertytaxpartners.co.uk/blog/property-types-and-specialist-tax/hmo-selective-licensing-compliance-housing-act-2004-landlord-licensing-mechanics,2026-06-12,126,3,6,-1
https://www.propertytaxpartners.co.uk/blog/section-24-and-tax-relief/replacement-domestic-items-relief-uk-landlords-guide,2026-06-12,117,3,5,-1
https://www.propertytaxpartners.co.uk/blog/capital-gains-tax/property-improvements-reduce-cgt-enhancement-expenditure,2026-06-12,65,3,5,-1
https://www.propertytaxpartners.co.uk/blog/landlord-tax-essentials/capital-allowances-second-hand-vans,2026-06-12,45,3,5,-1
https://www.propertytaxpartners.co.uk/blog/incorporation-and-company-structures/spv-property-investment-special-purpose-vehicle-guide,2026-06-12,113,2,6,-1
https://www.propertytaxpartners.co.uk/blog/incorporation-and-company-structures/corporation-tax-marginal-relief-uk-guide,2026-06-12,104,2,6,-1
https://www.propertytaxpartners.co.uk/blog/section-24-and-tax-relief/rental-income-tax-uk-complete-guide-landlords,2026-06-12,102,2,7,-1
https://www.propertytaxpartners.co.uk/blog/landlord-tax-essentials/landlord-tax-return-complete-guide-2026,2026-06-12,94,2,6,-1
https://www.propertytaxpartners.co.uk/blog/section-24-and-tax-relief/furnished-holiday-let-tax-rules-exemptions,2026-06-12,83,2,6,-1
https://www.propertytaxpartners.co.uk/blog/non-resident-landlord-tax/non-resident-cgt-selling-uk-property-overseas-guide,2026-06-12,81,2,6,-1
https://www.propertytaxpartners.co.uk/calculators/capital-gains-tax-calculator,2026-06-12,75,2,6,-1
https://www.propertytaxpartners.co.uk/blog/property-types-and-specialist-tax/writing-down-allowance-rates,2026-06-12,70,2,5,-1
https://www.propertytaxpartners.co.uk/blog/landlord-tax-essentials/form-17-declaration-beneficial-interest-property-mechanics-filing-revocation,2026-06-12,64,2,6,-1
https://www.propertytaxpartners.co.uk/blog/capital-gains-tax/cgt-property-transfer-spouse,2026-06-12,43,2,5,-1
https://www.propertytaxpartners.co.uk/blog/property-types-and-specialist-tax/council-tax-for-new-builds,2026-06-12,26,2,5,-1
https://www.propertytaxpartners.co.uk/blog/landlord-tax-essentials/vat-on-rental-income-residential-vs-commercial-landlord-vat-status-decision-framework,2026-06-12,12,2,5,-1
https://www.propertytaxpartners.co.uk/blog/landlord-tax-essentials/record-keeping-landlords-what-track-how-long-keep,2026-06-12,6,2,2,-1
https://www.propertytaxpartners.co.uk/blog/property-types-and-specialist-tax/a-complete-guide-on-community-infrastructure-levy-cil,2026-06-12,166,1,7,-1
https://www.propertytaxpartners.co.uk/blog/capital-gains-tax/cgt-payment-deadlines-property-sales-2026,2026-06-12,127,1,7,-1
https://www.propertytaxpartners.co.uk/blog/property-types-and-specialist-tax/diy-housebuilders-vat-refund-scheme,2026-06-12,103,1,5,-1
https://www.propertytaxpartners.co.uk/blog/landlord-tax-essentials/capital-allowances-on-vans,2026-06-12,95,1,5,-1
https://www.propertytaxpartners.co.uk/blog/landlord-tax-essentials/welsh-land-transaction-tax-ltt-rates-bands-2026-27-residential-buyers,2026-06-12,94,1,6,-1
https://www.propertytaxpartners.co.uk/blog/property-types-and-specialist-tax/integral-features-capital-allowances,2026-06-12,72,1,5,-1
https://www.propertytaxpartners.co.uk/blog/landlord-tax-essentials/capital-vs-revenue-expenditure-landlord-uk,2026-06-12,56,1,4,-1
https://www.propertytaxpartners.co.uk/blog/capital-gains-tax/rollover-relief-property-landlords,2026-06-12,52,1,6,-1
https://www.propertytaxpartners.co.uk/blog/section-24-and-tax-relief/section-24-self-assessment-tax-return,2026-06-12,51,1,3,-1
https://www.propertytaxpartners.co.uk/blog/capital-gains-tax/letting-relief-landlords-2026-changes,2026-06-12,48,1,6,-1
https://www.propertytaxpartners.co.uk/blog/property-types-and-specialist-tax/airbnb-tax-uk-short-term-rental-income-taxed,2026-06-12,46,1,5,-1
https://www.propertytaxpartners.co.uk/blog/incorporation-and-company-structures/togc-vat-property-letting-business,2026-06-12,43,1,5,-1
https://www.propertytaxpartners.co.uk/blog/landlord-tax-essentials/domestic-reverse-charge-construction-vat-landlords,2026-06-12,31,1,7,-1
https://www.propertytaxpartners.co.uk/blog/landlord-tax-essentials/sdlt-5-percent-surcharge-refund-claim-process,2026-06-12,26,1,7,-1
https://www.propertytaxpartners.co.uk/blog/capital-gains-tax/cgt-deferral-strategies-property-investors-uk,2026-06-12,18,1,7,-1
https://www.propertytaxpartners.co.uk/blog/landlord-tax-essentials/scottish-lbtt-rates-bands-2026-27-residential-buyers-complete-guide,2026-06-12,15,1,7,-1
https://www.propertytaxpartners.co.uk/blog/property-types-and-specialist-tax/how-owning-property-abroad-leads-higher-stamp-duty-rates,2026-06-12,14,1,6,-1
https://www.propertytaxpartners.co.uk/blog/incorporation-and-company-structures/how-to-set-up-property-investment-company-uk-guide,2026-06-12,14,1,6,-1
https://www.propertytaxpartners.co.uk/blog/section-24-and-tax-relief/tax-relief-mortgage-interest-rented-property-guide,2026-06-12,13,1,6,-1
https://www.propertytaxpartners.co.uk/property-tax-rates,2026-06-12,4,1,4,-1
https://www.propertytaxpartners.co.uk/blog/making-tax-digital-mtd/landlord-accounting-software-uk-best-options-2026,2026-06-12,1,1,2,-1
https://www.propertytaxpartners.co.uk/calculators/ltt-calculator-wales,2026-06-12,192,0,7,-1
https://www.propertytaxpartners.co.uk/blog/capital-gains-tax/cgt-annual-exempt-amount-3000-allowance-2026-27,2026-06-12,143,0,6,-1
https://www.propertytaxpartners.co.uk/blog/non-resident-landlord-tax/non-resident-landlord-self-assessment-filing-requirements,2026-06-12,129,0,6,-1
https://www.propertytaxpartners.co.uk/blog/landlord-tax-essentials/land-transaction-tax-a-complete-guide,2026-06-12,70,0,6,-1
https://www.propertytaxpartners.co.uk/blog/making-tax-digital-mtd/how-to-register-mtd-landlord-step-by-step-guide,2026-06-12,69,0,6,-1
https://www.propertytaxpartners.co.uk/blog/property-types-and-specialist-tax/aia-allowance-uk-property-investors,2026-06-12,50,0,5,-1
https://www.propertytaxpartners.co.uk/blog/non-resident-landlord-tax/non-resident-cgt-uk-property-rates-reporting,2026-06-12,38,0,6,-1
https://www.propertytaxpartners.co.uk/blog/property-types-and-specialist-tax/vat-option-to-tax-commercial-property-mechanics-election-revocation,2026-06-12,37,0,7,-1
https://www.propertytaxpartners.co.uk/blog/capital-gains-tax/ppr-relief-calculation-former-home-step-by-step,2026-06-12,33,0,7,-1
https://www.propertytaxpartners.co.uk/blog/landlord-tax-essentials/annual-investment-allowance-2025,2026-06-12,33,0,5,-1
https://www.propertytaxpartners.co.uk/blog/landlord-tax-essentials/iht-april-2026-bpr-apr-cap-property-impact,2026-06-12,31,0,7,-1
https://www.propertytaxpartners.co.uk/blog/capital-gains-tax/capital-gains-tax-property-sale-uk-2026-rates-allowances,2026-06-12,29,0,5,-1
https://www.propertytaxpartners.co.uk/blog/property-types-and-specialist-tax/single-person-council-tax-discount,2026-06-12,28,0,6,-1
https://www.propertytaxpartners.co.uk/blog/landlord-tax-essentials/income-tax-rates-landlords-2026-27-complete-guide,2026-06-12,26,0,4,-1
https://www.propertytaxpartners.co.uk/blog/section-24-and-tax-relief/section-24-mortgage-interest-restriction-uk-landlords,2026-06-12,25,0,7,-1
https://www.propertytaxpartners.co.uk/blog/property-types-and-specialist-tax/applicable-sdlt-rates-for-first-time-buyers,2026-06-12,25,0,7,-1
https://www.propertytaxpartners.co.uk/blog/incorporation-and-company-structures/ated-rates-2026-27-bands-table-worked-examples,2026-06-12,22,0,6,-1
https://www.propertytaxpartners.co.uk/blog/incorporation-and-company-structures/sdlt-incorporation-stamp-duty-twice,2026-06-12,22,0,7,-1
https://www.propertytaxpartners.co.uk/blog/landlord-tax-essentials/2027-property-income-tax-rates-landlords-uk,2026-06-12,17,0,3,-1
https://www.propertytaxpartners.co.uk/blog/making-tax-digital-mtd/making-tax-digital-property-income-2026-complete-guide,2026-06-12,14,0,5,-1
https://www.propertytaxpartners.co.uk/blog/landlord-tax-essentials/declaration-of-trust-property-beneficial-ownership-mechanics-evidence-form-17,2026-06-12,14,0,7,-1
https://www.propertytaxpartners.co.uk/blog/capital-gains-tax/cgt-selling-buy-to-let-property-calculation-guide,2026-06-12,14,0,5,-1
https://www.propertytaxpartners.co.uk/blog/making-tax-digital-mtd/mtd-quarterly-reporting-landlords-step-by-step-guide,2026-06-12,12,0,5,-1
https://www.propertytaxpartners.co.uk/blog/landlord-tax-essentials/landlord-vat-registration-when-required,2026-06-12,11,0,7,-1
https://www.propertytaxpartners.co.uk/blog/landlord-tax-essentials/sdlt-buy-to-let-rates-surcharge-guide-2025,2026-06-12,11,0,6,-1
https://www.propertytaxpartners.co.uk/calculators/property-allowance-checker,2026-06-12,11,0,8,-1
https://www.propertytaxpartners.co.uk/blog/landlord-tax-essentials/lbtt-review-in-scotland,2026-06-12,9,0,7,-1
https://www.propertytaxpartners.co.uk/blog/incorporation-and-company-structures/a-complete-guide-to-identity-verification-in-uk,2026-06-12,7,0,6,-1
https://www.propertytaxpartners.co.uk/blog/incorporation-and-company-structures/types-of-property-company-structure-uk-guide,2026-06-12,5,0,6,-1
https://www.propertytaxpartners.co.uk/blog/capital-gains-tax/cgt-property-2027-rate-changes-uk-landlords,2026-06-12,4,0,42,-1
https://www.propertytaxpartners.co.uk/blog/section-24-and-tax-relief/writing-down-allowance-cars,2026-06-12,3,0,7,-1
https://www.propertytaxpartners.co.uk/blog/property-types-and-specialist-tax/balancing-allowance-balancing-charge-on-disposal-property-capital-allowances-mechanics,2026-06-12,3,0,8,-1
https://www.propertytaxpartners.co.uk/blog/property-accountant-services/how-much-does-a-property-accountant-cost,2026-06-12,3,0,4,-1
https://www.propertytaxpartners.co.uk/blog/non-resident-landlord-tax/uk-property-income-expats-tax-obligations-explained,2026-06-12,2,0,6,-1
https://www.propertytaxpartners.co.uk/calculators/rental-yield-calculator,2026-06-12,2,0,8,-1
https://www.propertytaxpartners.co.uk/blog/landlord-tax-essentials/record-retention-discipline-voluntary-disclosure-failure-to-notify-landlords,2026-06-12,2,0,5,-1
https://www.propertytaxpartners.co.uk/blog/non-resident-landlord-tax/sdlt-non-resident-2-percent-surcharge,2026-06-12,2,0,7,-1
https://www.propertytaxpartners.co.uk/blog/non-resident-landlord-tax/uk-spain-dta-property-uk-resident-spanish-holiday-home,2026-06-12,1,0,10,-1
https://www.propertytaxpartners.co.uk/blog/landlord-tax-essentials/first-time-landlord-tax-guide-everything-you-need-to-know,2026-06-12,1,0,9,-1
https://www.propertytaxpartners.co.uk/blog/landlord-tax-essentials/let-property-campaign-penalty-calculator,2026-06-12,1,0,6,-1
https://www.propertytaxpartners.co.uk/blog/incorporation-and-company-structures/buy-to-let-limited-company-mortgage-rates-2026-market-guide,2026-06-12,1,0,9,-1
https://www.propertytaxpartners.co.uk/blog/property-types-and-specialist-tax/commonhold-and-leasehold-reform-bill,2026-06-12,1,0,1,-1
https://www.propertytaxpartners.co.uk/blog/property-accountant-services/a-complete-guide-to-uk-payroll-taxes-and-deductions-for-employers,2026-06-12,1,0,1,-1
https://www.propertytaxpartners.co.uk/blog/section-24-and-tax-relief/claim-mortgage-interest-rental-property-uk-section-24,2026-06-19,356,24,4,-1
https://www.propertytaxpartners.co.uk/blog/capital-gains-tax/tax-sell-rental-property-uk,2026-06-19,140,14,3,-1
https://www.propertytaxpartners.co.uk/blog/incorporation-and-company-structures/how-to-transfer-property-into-limited-company-uk,2026-06-19,182,13,3,-1
https://www.propertytaxpartners.co.uk/blog/non-resident-landlord-tax/nrl-approval-receive-rent-gross-hmrc-guide,2026-06-19,343,10,4,-1
https://www.propertytaxpartners.co.uk/blog/making-tax-digital-mtd/mtd-rental-income-threshold-exemptions,2026-06-19,233,10,5,-1
https://www.propertytaxpartners.co.uk/blog/section-24-and-tax-relief/mortgage-arrangement-fees-deductible-landlord,2026-06-19,57,9,3,-1
https://www.propertytaxpartners.co.uk/blog/capital-gains-tax/capital-gains-tax-property-complete-guide-uk,2026-06-19,676,8,5,-1
https://www.propertytaxpartners.co.uk/calculators/lbtt-calculator-scotland,2026-06-19,487,8,7,-1
https://www.propertytaxpartners.co.uk/blog/incorporation-and-company-structures/sdlt-transfer-property-company-cost,2026-06-19,168,8,5,-1
https://www.propertytaxpartners.co.uk/blog/capital-gains-tax/cgt-gifting-property-family-members-uk,2026-06-19,230,7,6,-1
https://www.propertytaxpartners.co.uk/blog/section-24-and-tax-relief/finance-costs-section-24-complete-guide,2026-06-19,216,7,4,-1
https://www.propertytaxpartners.co.uk/blog/section-24-and-tax-relief/landlord-tax-deductions-uk-2026-complete-list,2026-06-19,124,7,6,-1
https://www.propertytaxpartners.co.uk/blog/landlord-tax-essentials/sa105-property-income-form-2026-complete-guide,2026-06-19,255,6,5,-1
https://www.propertytaxpartners.co.uk/blog/property-types-and-specialist-tax/council-tax-for-new-builds,2026-06-19,44,6,5,-1
https://www.propertytaxpartners.co.uk/blog/landlord-tax-essentials/capital-allowances-on-vans,2026-06-19,147,5,5,-1
https://www.propertytaxpartners.co.uk/blog/property-types-and-specialist-tax/writing-down-allowance-rates,2026-06-19,103,5,5,-1
https://www.propertytaxpartners.co.uk/blog/capital-gains-tax/cgt-property-transfer-spouse,2026-06-19,52,4,5,-1
https://www.propertytaxpartners.co.uk/blog/non-resident-landlord-tax/non-resident-cgt-uk-property-rates-reporting,2026-06-19,42,4,5,-1
https://www.propertytaxpartners.co.uk/blog/non-resident-landlord-tax/non-resident-landlord-scheme-uk-complete-guide,2026-06-19,464,3,5,-1
https://www.propertytaxpartners.co.uk/blog/incorporation-and-company-structures/spv-property-investment-special-purpose-vehicle-guide,2026-06-19,153,3,5,-1
https://www.propertytaxpartners.co.uk/blog/capital-gains-tax/property-improvements-reduce-cgt-enhancement-expenditure,2026-06-19,147,3,5,-1
https://www.propertytaxpartners.co.uk/blog/property-types-and-specialist-tax/integral-features-capital-allowances,2026-06-19,145,3,4,-1
https://www.propertytaxpartners.co.uk/blog/capital-gains-tax/principal-private-residence-relief-landlords,2026-06-19,130,3,6,-1
https://www.propertytaxpartners.co.uk/blog/property-types-and-specialist-tax/a-complete-guide-on-community-infrastructure-levy-cil,2026-06-19,285,2,6,-1
https://www.propertytaxpartners.co.uk/blog/property-types-and-specialist-tax/diy-housebuilders-vat-refund-scheme,2026-06-19,163,2,6,-1
https://www.propertytaxpartners.co.uk/blog/capital-gains-tax/cgt-payment-deadlines-property-sales-2026,2026-06-19,156,2,6,-1
https://www.propertytaxpartners.co.uk/blog/non-resident-landlord-tax/non-resident-cgt-selling-uk-property-overseas-guide,2026-06-19,79,2,5,-1
https://www.propertytaxpartners.co.uk/blog/property-types-and-specialist-tax/commercial-property-fixtures-claim-s198-election-purchase-mechanics,2026-06-19,69,2,6,-1
https://www.propertytaxpartners.co.uk/blog/non-resident-landlord-tax/non-resident-landlord-self-assessment-filing-requirements,2026-06-19,43,2,6,-1
https://www.propertytaxpartners.co.uk/blog/incorporation-and-company-structures/sdlt-incorporation-stamp-duty-twice,2026-06-19,36,2,6,-1
https://www.propertytaxpartners.co.uk/blog/property-types-and-specialist-tax/how-owning-property-abroad-leads-higher-stamp-duty-rates,2026-06-19,34,2,6,-1
https://www.propertytaxpartners.co.uk/blog/capital-gains-tax/cgt-rates-property-2026-27-current-rates-explained,2026-06-19,204,1,6,-1
https://www.propertytaxpartners.co.uk/blog/landlord-tax-essentials/land-transaction-tax-a-complete-guide,2026-06-19,138,1,6,-1
https://www.propertytaxpartners.co.uk/blog/landlord-tax-essentials/landlord-tax-return-complete-guide-2026,2026-06-19,119,1,6,-1
https://www.propertytaxpartners.co.uk/blog/landlord-tax-essentials/annual-investment-allowance-2025,2026-06-19,114,1,6,-1
https://www.propertytaxpartners.co.uk/blog/landlord-tax-essentials/capital-allowances-second-hand-vans,2026-06-19,97,1,6,-1
https://www.propertytaxpartners.co.uk/blog/section-24-and-tax-relief/writing-down-allowance-cars,2026-06-19,88,1,6,-1
https://www.propertytaxpartners.co.uk/blog/property-accountant-services/can-you-claim-aia-on-second-hand-assets,2026-06-19,72,1,5,-1
https://www.propertytaxpartners.co.uk/blog/capital-gains-tax/ppr-relief-calculation-former-home-step-by-step,2026-06-19,57,1,6,-1
https://www.propertytaxpartners.co.uk/blog/section-24-and-tax-relief/rental-income-tax-uk-complete-guide-landlords,2026-06-19,50,1,6,-1
https://www.propertytaxpartners.co.uk/blog/incorporation-and-company-structures/how-to-set-up-property-investment-company-uk-guide,2026-06-19,40,1,6,-1
https://www.propertytaxpartners.co.uk/blog/property-types-and-specialist-tax/lease-extensions-in-the-uk-surrender-and-regrant,2026-06-19,28,1,5,-1
https://www.propertytaxpartners.co.uk/blog/making-tax-digital-mtd/making-tax-digital-property-income-2026-complete-guide,2026-06-19,25,1,4,-1
https://www.propertytaxpartners.co.uk/blog/section-24-and-tax-relief/section-24-self-assessment-tax-return,2026-06-19,23,1,3,-1
https://www.propertytaxpartners.co.uk/blog/property-types-and-specialist-tax/applicable-sdlt-rates-for-first-time-buyers,2026-06-19,20,1,7,-1
https://www.propertytaxpartners.co.uk/blog/landlord-tax-essentials/income-tax-rates-landlords-2026-27-complete-guide,2026-06-19,17,1,3,-1
https://www.propertytaxpartners.co.uk/blog/property-types-and-specialist-tax/capital-allowances-property-investors-complete-pillar-2026-27-caa-2001-decision-framework,2026-06-19,15,1,6,-1
https://www.propertytaxpartners.co.uk/blog/landlord-tax-essentials/sdlt-buy-to-let-rates-surcharge-guide-2025,2026-06-19,12,1,8,-1
https://www.propertytaxpartners.co.uk/blog/capital-gains-tax/cgt-deferral-strategies-property-investors-uk,2026-06-19,11,1,7,-1
https://www.propertytaxpartners.co.uk/blog/portfolio-management/property-investment-benchmarks-uk-2026-good-yield,2026-06-19,9,1,4,-1
https://www.propertytaxpartners.co.uk/blog/making-tax-digital-mtd/how-to-register-mtd-landlord-step-by-step-guide,2026-06-19,9,1,5,-1
https://www.propertytaxpartners.co.uk/blog/property-types-and-specialist-tax/how-much-tax-holiday-let-property-uk,2026-06-19,5,1,6,-1
https://www.propertytaxpartners.co.uk/calculators/ltt-calculator-wales,2026-06-19,168,0,7,-1
https://www.propertytaxpartners.co.uk/blog/property-types-and-specialist-tax/hmo-selective-licensing-compliance-housing-act-2004-landlord-licensing-mechanics,2026-06-19,119,0,6,-1
https://www.propertytaxpartners.co.uk/blog/capital-gains-tax/cgt-annual-exempt-amount-3000-allowance-2026-27,2026-06-19,118,0,7,-1
https://www.propertytaxpartners.co.uk/blog/incorporation-and-company-structures/corporation-tax-marginal-relief-uk-guide,2026-06-19,116,0,6,-1
https://www.propertytaxpartners.co.uk/blog/section-24-and-tax-relief/replacement-domestic-items-relief-uk-landlords-guide,2026-06-19,102,0,5,-1
https://www.propertytaxpartners.co.uk/blog/incorporation-and-company-structures/ated-rates-2026-27-bands-table-worked-examples,2026-06-19,79,0,5,-1
https://www.propertytaxpartners.co.uk/blog/landlord-tax-essentials/vat-on-rental-income-residential-vs-commercial-landlord-vat-status-decision-framework,2026-06-19,76,0,5,-1
https://www.propertytaxpartners.co.uk/blog/capital-gains-tax/rollover-relief-property-landlords,2026-06-19,58,0,7,-1
https://www.propertytaxpartners.co.uk/blog/property-types-and-specialist-tax/airbnb-tax-uk-short-term-rental-income-taxed,2026-06-19,54,0,5,-1
https://www.propertytaxpartners.co.uk/blog/landlord-tax-essentials/scottish-lbtt-rates-bands-2026-27-residential-buyers-complete-guide,2026-06-19,53,0,7,-1
https://www.propertytaxpartners.co.uk/blog/section-24-and-tax-relief/furnished-holiday-let-tax-rules-exemptions,2026-06-19,48,0,6,-1
https://www.propertytaxpartners.co.uk/blog/property-types-and-specialist-tax/single-person-council-tax-discount,2026-06-19,47,0,7,-1
https://www.propertytaxpartners.co.uk/blog/capital-gains-tax/letting-relief-landlords-2026-changes,2026-06-19,40,0,7,-1
https://www.propertytaxpartners.co.uk/blog/property-types-and-specialist-tax/vat-option-to-tax-commercial-property-mechanics-election-revocation,2026-06-19,38,0,8,-1
https://www.propertytaxpartners.co.uk/blog/section-24-and-tax-relief/tax-relief-mortgage-interest-rented-property-guide,2026-06-19,36,0,6,-1
https://www.propertytaxpartners.co.uk/blog/landlord-tax-essentials/how-to-complete-landlord-self-assessment-filing-step-by-step-guide,2026-06-19,32,0,6,-1
https://www.propertytaxpartners.co.uk/blog/landlord-tax-essentials/how-to-calculate-net-rental-income-after-all-costs-uk-guide,2026-06-19,31,0,5,-1
https://www.propertytaxpartners.co.uk/blog/landlord-tax-essentials/form-17-declaration-beneficial-interest-property-mechanics-filing-revocation,2026-06-19,29,0,6,-1
https://www.propertytaxpartners.co.uk/blog/property-types-and-specialist-tax/aia-allowance-uk-property-investors,2026-06-19,27,0,7,-1
https://www.propertytaxpartners.co.uk/blog/landlord-tax-essentials/sdlt-5-percent-surcharge-refund-claim-process,2026-06-19,27,0,6,-1
https://www.propertytaxpartners.co.uk/blog/property-types-and-specialist-tax/ated-rates,2026-06-19,24,0,6,-1
https://www.propertytaxpartners.co.uk/blog/landlord-tax-essentials/welsh-land-transaction-tax-ltt-rates-bands-2026-27-residential-buyers,2026-06-19,24,0,6,-1
https://www.propertytaxpartners.co.uk/blog/incorporation-and-company-structures/ated-complete-guide-2026-27,2026-06-19,22,0,7,-1
https://www.propertytaxpartners.co.uk/blog/property-types-and-specialist-tax/capital-allowances-on-property,2026-06-19,20,0,6,-1
https://www.propertytaxpartners.co.uk/blog/landlord-tax-essentials/iht-april-2026-bpr-apr-cap-property-impact,2026-06-19,18,0,7,-1
https://www.propertytaxpartners.co.uk/blog/landlord-tax-essentials/landlord-vat-registration-when-required,2026-06-19,15,0,5,-1
https://www.propertytaxpartners.co.uk/blog/property-types-and-specialist-tax/vat-on-new-builds-residential-property,2026-06-19,14,0,7,-1
https://www.propertytaxpartners.co.uk/blog/incorporation-and-company-structures/sdlt-group-relief-schedule-7-fa-2003-claw-back-connected-party-recovery-depth,2026-06-19,14,0,5,-1
https://www.propertytaxpartners.co.uk/blog/property-types-and-specialist-tax/government-to-end-council-tax-on-hmo-rooms,2026-06-19,14,0,6,-1
https://www.propertytaxpartners.co.uk/blog/capital-gains-tax/capital-gains-tax-property-sale-uk-2026-rates-allowances,2026-06-19,13,0,6,-1
https://www.propertytaxpartners.co.uk/blog/capital-gains-tax/cgt-property-sold-loss-claim-capital-losses,2026-06-19,13,0,6,-1
https://www.propertytaxpartners.co.uk/blog/landlord-tax-essentials/capital-vs-revenue-expenditure-landlord-uk,2026-06-19,13,0,5,-1
https://www.propertytaxpartners.co.uk/blog/landlord-tax-essentials/vat-dilapidations-payments-tenant-landlord-vat-treatment-supply-or-damages,2026-06-19,13,0,6,-1
https://www.propertytaxpartners.co.uk/blog/landlord-tax-essentials/rental-yield-calculator-guide-uk-landlords,2026-06-19,13,0,6,-1
https://www.propertytaxpartners.co.uk/blog/property-types-and-specialist-tax/booking-com-a-complete-guide-for-the-hosts,2026-06-19,12,0,5,-1
https://www.propertytaxpartners.co.uk/blog/incorporation-and-company-structures/ated-late-filing-penalties-mechanics,2026-06-19,12,0,5,-1
https://www.propertytaxpartners.co.uk/blog/property-types-and-specialist-tax/vat-capital-goods-scheme-property-businesses-10-year-adjustment-mechanics,2026-06-19,11,0,7,-1
https://www.propertytaxpartners.co.uk/blog/incorporation-and-company-structures/substantial-shareholding-exemption-property-companies,2026-06-19,11,0,7,-1
https://www.propertytaxpartners.co.uk/blog/incorporation-and-company-structures/anti-avoidance-rules-share-exchanges-and-reorganisations,2026-06-19,11,0,4,-1
https://www.propertytaxpartners.co.uk/blog/landlord-tax-essentials/schedule-24-fa-2007-penalty-behaviour-categories-landlord-enquiries,2026-06-19,11,0,8,-1
https://www.propertytaxpartners.co.uk/blog/landlord-tax-essentials/2027-property-income-tax-rates-landlords-uk,2026-06-19,10,0,4,-1
https://www.propertytaxpartners.co.uk/calculators/capital-gains-tax-calculator,2026-06-19,9,0,6,-1
https://www.propertytaxpartners.co.uk/blog/landlord-tax-essentials/btl-mortgage,2026-06-19,8,0,6,-1
https://www.propertytaxpartners.co.uk/blog/landlord-tax-essentials/schedule-24-fa-2007-careless-deliberate-penalty-mitigation-landlords,2026-06-19,6,0,7,-1
https://www.propertytaxpartners.co.uk/blog/landlord-tax-essentials/a-complete-guide-to-periodic-tenancy,2026-06-19,5,0,6,-1
https://www.propertytaxpartners.co.uk/property-tax-rates,2026-06-19,3,0,5,-1
https://www.propertytaxpartners.co.uk/blog/property-types-and-specialist-tax/commercial-property-tax-landlords-rates-reliefs-allowances,2026-06-19,3,0,6,-1
https://www.propertytaxpartners.co.uk/blog/property-types-and-specialist-tax/sdlt-furnished-holiday-let-2025-abolition,2026-06-19,3,0,8,-1
https://www.propertytaxpartners.co.uk/blog/incorporation-and-company-structures/how-to-transfer-property-into-limited-company-uk,2026-06-26,211,25,3,-1
https://www.propertytaxpartners.co.uk/blog/section-24-and-tax-relief/claim-mortgage-interest-rental-property-uk-section-24,2026-06-26,382,24,3,-1
https://www.propertytaxpartners.co.uk/blog/capital-gains-tax/capital-gains-tax-property-complete-guide-uk,2026-06-26,549,11,5,-1
https://www.propertytaxpartners.co.uk/blog/capital-gains-tax/cgt-gifting-property-family-members-uk,2026-06-26,255,9,6,-1
https://www.propertytaxpartners.co.uk/blog/capital-gains-tax/tax-sell-rental-property-uk,2026-06-26,117,9,3,-1
https://www.propertytaxpartners.co.uk/blog/property-types-and-specialist-tax/integral-features-capital-allowances,2026-06-26,129,8,4,-1
https://www.propertytaxpartners.co.uk/blog/landlord-tax-essentials/sa105-property-income-form-2026-complete-guide,2026-06-26,265,7,5,-1
https://www.propertytaxpartners.co.uk/blog/non-resident-landlord-tax/nrl-approval-receive-rent-gross-hmrc-guide,2026-06-26,263,7,4,-1
https://www.propertytaxpartners.co.uk/blog/incorporation-and-company-structures/sdlt-transfer-property-company-cost,2026-06-26,147,6,5,-1
https://www.propertytaxpartners.co.uk/blog/section-24-and-tax-relief/writing-down-allowance-cars,2026-06-26,120,6,5,-1
https://www.propertytaxpartners.co.uk/blog/capital-gains-tax/property-improvements-reduce-cgt-enhancement-expenditure,2026-06-26,111,5,5,-1
https://www.propertytaxpartners.co.uk/blog/section-24-and-tax-relief/mortgage-arrangement-fees-deductible-landlord,2026-06-26,72,5,3,-1
https://www.propertytaxpartners.co.uk/calculators/lbtt-calculator-scotland,2026-06-26,248,4,7,-1
https://www.propertytaxpartners.co.uk/blog/section-24-and-tax-relief/section-24-self-assessment-tax-return,2026-06-26,44,4,3,-1
https://www.propertytaxpartners.co.uk/blog/making-tax-digital-mtd/mtd-rental-income-threshold-exemptions,2026-06-26,155,3,5,-1
https://www.propertytaxpartners.co.uk/blog/property-types-and-specialist-tax/diy-housebuilders-vat-refund-scheme,2026-06-26,126,3,6,-1
https://www.propertytaxpartners.co.uk/blog/landlord-tax-essentials/capital-allowances-on-vans,2026-06-26,121,3,6,-1
https://www.propertytaxpartners.co.uk/blog/property-types-and-specialist-tax/commercial-property-fixtures-claim-s198-election-purchase-mechanics,2026-06-26,113,3,6,-1
https://www.propertytaxpartners.co.uk/blog/section-24-and-tax-relief/tax-relief-mortgage-interest-rented-property-guide,2026-06-26,54,3,5,-1
https://www.propertytaxpartners.co.uk/blog/property-types-and-specialist-tax/booking-com-a-complete-guide-for-the-hosts,2026-06-26,29,3,4,-1
https://www.propertytaxpartners.co.uk/blog/property-types-and-specialist-tax/badges-of-trade-marson-morton-property-flipping-investment-distinction-landlords,2026-06-26,6,3,3,-1
https://www.propertytaxpartners.co.uk/blog/non-resident-landlord-tax/non-resident-landlord-scheme-uk-complete-guide,2026-06-26,424,2,6,-1
https://www.propertytaxpartners.co.uk/blog/property-types-and-specialist-tax/a-complete-guide-on-community-infrastructure-levy-cil,2026-06-26,196,2,6,-1
https://www.propertytaxpartners.co.uk/blog/landlord-tax-essentials/property-business-rates-council-tax-landlords,2026-06-26,105,2,6,-1
https://www.propertytaxpartners.co.uk/blog/non-resident-landlord-tax/non-resident-cgt-selling-uk-property-overseas-guide,2026-06-26,100,2,6,-1
https://www.propertytaxpartners.co.uk/blog/section-24-and-tax-relief/replacement-domestic-items-relief-uk-landlords-guide,2026-06-26,99,2,5,-1
https://www.propertytaxpartners.co.uk/blog/section-24-and-tax-relief/landlord-tax-deductions-uk-2026-complete-list,2026-06-26,95,2,6,-1
https://www.propertytaxpartners.co.uk/blog/non-resident-landlord-tax/non-resident-landlord-self-assessment-filing-requirements,2026-06-26,58,2,6,-1
https://www.propertytaxpartners.co.uk/blog/capital-gains-tax/capital-gains-tax-property-sale-uk-2026-rates-allowances,2026-06-26,43,2,5,-1
https://www.propertytaxpartners.co.uk/blog/incorporation-and-company-structures/sdlt-incorporation-stamp-duty-twice,2026-06-26,36,2,6,-1
https://www.propertytaxpartners.co.uk/blog/landlord-tax-essentials/iht-joint-ownership-property-spouse-exemption-transferable-allowances-jointly-tic-vs-jt,2026-06-26,2,2,2,-1
https://www.propertytaxpartners.co.uk/blog/landlord-tax-essentials/land-transaction-tax-a-complete-guide,2026-06-26,186,1,7,-1
https://www.propertytaxpartners.co.uk/blog/section-24-and-tax-relief/finance-costs-section-24-complete-guide,2026-06-26,184,1,5,-1
https://www.propertytaxpartners.co.uk/blog/incorporation-and-company-structures/spv-property-investment-special-purpose-vehicle-guide,2026-06-26,119,1,5,-1
https://www.propertytaxpartners.co.uk/blog/landlord-tax-essentials/landlord-tax-return-complete-guide-2026,2026-06-26,115,1,7,-1
https://www.propertytaxpartners.co.uk/blog/property-types-and-specialist-tax/writing-down-allowance-rates,2026-06-26,115,1,6,-1
https://www.propertytaxpartners.co.uk/blog/capital-gains-tax/cgt-payment-deadlines-property-sales-2026,2026-06-26,93,1,7,-1
https://www.propertytaxpartners.co.uk/blog/incorporation-and-company-structures/corporation-tax-marginal-relief-uk-guide,2026-06-26,92,1,7,-1
https://www.propertytaxpartners.co.uk/blog/landlord-tax-essentials/annual-investment-allowance-2025,2026-06-26,91,1,6,-1
https://www.propertytaxpartners.co.uk/blog/capital-gains-tax/principal-private-residence-relief-landlords,2026-06-26,87,1,7,-1
https://www.propertytaxpartners.co.uk/blog/section-24-and-tax-relief/rental-income-tax-uk-complete-guide-landlords,2026-06-26,72,1,6,-1
https://www.propertytaxpartners.co.uk/blog/landlord-tax-essentials/form-17-declaration-beneficial-interest-property-mechanics-filing-revocation,2026-06-26,69,1,5,-1
https://www.propertytaxpartners.co.uk/blog/landlord-tax-essentials/welsh-land-transaction-tax-ltt-rates-bands-2026-27-residential-buyers,2026-06-26,56,1,7,-1
https://www.propertytaxpartners.co.uk/blog/section-24-and-tax-relief/section-24-mortgage-interest-restriction-uk-landlords,2026-06-26,51,1,5,-1
https://www.propertytaxpartners.co.uk/blog/section-24-and-tax-relief/mortgage-interest-deductible-landlords-uk-2026,2026-06-26,50,1,4,-1
https://www.propertytaxpartners.co.uk/blog/incorporation-and-company-structures/how-to-set-up-property-investment-company-uk-guide,2026-06-26,36,1,7,-1
https://www.propertytaxpartners.co.uk/blog/landlord-tax-essentials/2027-property-income-tax-rates-landlords-uk,2026-06-26,27,1,5,-1
https://www.propertytaxpartners.co.uk/property-tax-rates,2026-06-26,27,1,5,-1
https://www.propertytaxpartners.co.uk/blog/property-types-and-specialist-tax/how-owning-property-abroad-leads-higher-stamp-duty-rates,2026-06-26,26,1,4,-1
https://www.propertytaxpartners.co.uk/blog/landlord-tax-essentials/how-to-complete-landlord-self-assessment-filing-step-by-step-guide,2026-06-26,18,1,6,-1
https://www.propertytaxpartners.co.uk/blog/property-types-and-specialist-tax/remittance-basis-tax-insights-for-non-domiciled-individuals,2026-06-26,14,1,8,-1
https://www.propertytaxpartners.co.uk/blog/property-types-and-specialist-tax/council-tax-for-new-builds,2026-06-26,12,1,5,-1
https://www.propertytaxpartners.co.uk/blog/landlord-tax-essentials/putting-a-rental-property-into-a-trust,2026-06-26,1,1,4,-1
https://www.propertytaxpartners.co.uk/blog/capital-gains-tax/cgt-rates-property-2026-27-current-rates-explained,2026-06-26,150,0,6,-1
https://www.propertytaxpartners.co.uk/blog/landlord-tax-essentials/vat-on-rental-income-residential-vs-commercial-landlord-vat-status-decision-framework,2026-06-26,115,0,6,-1
https://www.propertytaxpartners.co.uk/blog/property-accountant-services/can-you-claim-aia-on-second-hand-assets,2026-06-26,74,0,4,-1
https://www.propertytaxpartners.co.uk/blog/property-types-and-specialist-tax/hmo-selective-licensing-compliance-housing-act-2004-landlord-licensing-mechanics,2026-06-26,73,0,6,-1
https://www.propertytaxpartners.co.uk/blog/property-types-and-specialist-tax/single-person-council-tax-discount,2026-06-26,68,0,6,-1
https://www.propertytaxpartners.co.uk/calculators/ltt-calculator-wales,2026-06-26,68,0,8,-1
https://www.propertytaxpartners.co.uk/blog/property-types-and-specialist-tax/capital-allowances-on-property,2026-06-26,64,0,6,-1
https://www.propertytaxpartners.co.uk/blog/property-types-and-specialist-tax/lease-extensions-in-the-uk-surrender-and-regrant,2026-06-26,60,0,7,-1
https://www.propertytaxpartners.co.uk/blog/non-resident-landlord-tax/non-resident-cgt-uk-property-rates-reporting,2026-06-26,44,0,6,-1
https://www.propertytaxpartners.co.uk/blog/capital-gains-tax/cgt-property-transfer-spouse,2026-06-26,42,0,5,-1
https://www.propertytaxpartners.co.uk/blog/property-types-and-specialist-tax/applicable-sdlt-rates-for-first-time-buyers,2026-06-26,42,0,7,-1
https://www.propertytaxpartners.co.uk/blog/section-24-and-tax-relief/furnished-holiday-let-tax-rules-exemptions,2026-06-26,38,0,7,-1
https://www.propertytaxpartners.co.uk/blog/landlord-tax-essentials/capital-allowances-second-hand-vans,2026-06-26,36,0,6,-1
https://www.propertytaxpartners.co.uk/blog/landlord-tax-essentials/scottish-lbtt-rates-bands-2026-27-residential-buyers-complete-guide,2026-06-26,31,0,7,-1
https://www.propertytaxpartners.co.uk/blog/capital-gains-tax/rollover-relief-property-landlords,2026-06-26,30,0,7,-1
https://www.propertytaxpartners.co.uk/blog/landlord-tax-essentials/renters-rights-act-property-redress-scheme-mandatory-enrolment-landlords,2026-06-26,28,0,6,-1
https://www.propertytaxpartners.co.uk/blog/incorporation-and-company-structures/ated-rates-2026-27-bands-table-worked-examples,2026-06-26,25,0,6,-1
https://www.propertytaxpartners.co.uk/blog/property-types-and-specialist-tax/vat-on-new-builds-residential-property,2026-06-26,24,0,7,-1
https://www.propertytaxpartners.co.uk/blog/making-tax-digital-mtd/making-tax-digital-property-income-2026-complete-guide,2026-06-26,24,0,6,-1
https://www.propertytaxpartners.co.uk/blog/landlord-tax-essentials/what-repairs-can-landlords-deduct-from-rental-income,2026-06-26,18,0,5,-1
https://www.propertytaxpartners.co.uk/blog/capital-gains-tax/cgt-annual-exempt-amount-3000-allowance-2026-27,2026-06-26,18,0,8,-1
https://www.propertytaxpartners.co.uk/blog/landlord-tax-essentials/income-tax-rates-landlords-2026-27-complete-guide,2026-06-26,17,0,5,-1
https://www.propertytaxpartners.co.uk/blog/property-types-and-specialist-tax/vat-toms-long-term-stays-hotel-aparthotel-28-day-rule-mechanics,2026-06-26,16,0,4,-1
https://www.propertytaxpartners.co.uk/blog/landlord-tax-essentials/lbtt-review-in-scotland,2026-06-26,16,0,8,-1
https://www.propertytaxpartners.co.uk/blog/incorporation-and-company-structures/sdlt-sub-sale-relief-mechanics,2026-06-26,16,0,5,-1
https://www.propertytaxpartners.co.uk/blog/property-types-and-specialist-tax/airbnb-tax-uk-short-term-rental-income-taxed,2026-06-26,14,0,6,-1
https://www.propertytaxpartners.co.uk/blog/landlord-tax-essentials/schedule-24-fa-2007-penalty-behaviour-categories-landlord-enquiries,2026-06-26,14,0,8,-1
https://www.propertytaxpartners.co.uk/blog/property-types-and-specialist-tax/vat-on-furnished-holiday-lettings-fhl,2026-06-26,14,0,5,-1
https://www.propertytaxpartners.co.uk/blog/landlord-tax-essentials/how-to-calculate-net-rental-income-after-all-costs-uk-guide,2026-06-26,13,0,3,-1
https://www.propertytaxpartners.co.uk/blog/property-types-and-specialist-tax/lease-variation-and-lease-surrender,2026-06-26,12,0,6,-1
https://www.propertytaxpartners.co.uk/blog/landlord-tax-essentials/record-keeping-landlords-what-track-how-long-keep,2026-06-26,12,0,4,-1
https://www.propertytaxpartners.co.uk/blog/incorporation-and-company-structures/buy-to-let-limited-company-complete-guide-uk,2026-06-26,12,0,4,-1
https://www.propertytaxpartners.co.uk/blog/property-types-and-specialist-tax/multiple-dwellings-relief,2026-06-26,12,0,5,-1
https://www.propertytaxpartners.co.uk/blog/incorporation-and-company-structures/togc-vat-property-letting-business,2026-06-26,11,0,7,-1
https://www.propertytaxpartners.co.uk/blog/incorporation-and-company-structures/substantial-shareholding-exemption-property-companies,2026-06-26,11,0,7,-1
https://www.propertytaxpartners.co.uk/blog/property-types-and-specialist-tax/government-to-end-council-tax-on-hmo-rooms,2026-06-26,11,0,6,-1
https://www.propertytaxpartners.co.uk/blog/landlord-tax-essentials/scottish-lbtt-additional-dwelling-supplement-ads-mechanics-second-home-buyers,2026-06-26,11,0,7,-1
https://www.propertytaxpartners.co.uk/blog/incorporation-and-company-structures/property-company-group-relief-corporation-tax,2026-06-26,7,0,6,-1
https://www.propertytaxpartners.co.uk/blog/property-types-and-specialist-tax/ated-rates,2026-06-26,6,0,6,-1
https://www.propertytaxpartners.co.uk/blog/incorporation-and-company-structures/corporate-tax-planning-strategies-for-uk-clients,2026-06-26,4,0,4,-1
https://www.propertytaxpartners.co.uk/blog/capital-gains-tax/ppr-relief-calculation-former-home-step-by-step,2026-06-26,3,0,6,-1
https://www.propertytaxpartners.co.uk/blog/incorporation-and-company-structures/sdlt-group-relief-for-corporate-landlord-portfolios,2026-06-26,3,0,20,-1
https://www.propertytaxpartners.co.uk/blog/landlord-tax-essentials/renters-rights-act-rent-increase-section-13-tribunal-route,2026-06-26,3,0,5,-1
https://www.propertytaxpartners.co.uk/blog/property-types-and-specialist-tax/vat-commercial-to-residential-conversion-5-percent-reduced-rate-developer-recovery-mechanics,2026-06-26,3,0,7,-1
https://www.propertytaxpartners.co.uk/blog/incorporation-and-company-structures/ated-overseas-companies-voluntary-compliance-otm-letters,2026-06-26,2,0,6,-1
https://www.propertytaxpartners.co.uk/blog/property-types-and-specialist-tax/is-increasing-council-tax-damaging-the-housing-market,2026-06-26,2,0,2,-1
https://www.propertytaxpartners.co.uk/blog/capital-gains-tax/bed-and-breakfasting,2026-06-26,2,0,10,-1
https://www.propertytaxpartners.co.uk/blog/incorporation-and-company-structures/how-to-transfer-property-into-limited-company-uk,2026-07-03,161,18,3,-1
https://www.propertytaxpartners.co.uk/blog/section-24-and-tax-relief/claim-mortgage-interest-rental-property-uk-section-24,2026-07-03,303,13,4,-1
https://www.propertytaxpartners.co.uk/blog/capital-gains-tax/tax-sell-rental-property-uk,2026-07-03,130,13,3,-1
https://www.propertytaxpartners.co.uk/blog/capital-gains-tax/capital-gains-tax-property-complete-guide-uk,2026-07-03,587,10,6,-1
https://www.propertytaxpartners.co.uk/blog/capital-gains-tax/cgt-gifting-property-family-members-uk,2026-07-03,218,8,5,-1
https://www.propertytaxpartners.co.uk/blog/section-24-and-tax-relief/finance-costs-section-24-complete-guide,2026-07-03,216,7,5,-1
https://www.propertytaxpartners.co.uk/blog/making-tax-digital-mtd/mtd-rental-income-threshold-exemptions,2026-07-03,197,7,6,-1
https://www.propertytaxpartners.co.uk/blog/section-24-and-tax-relief/landlord-tax-deductions-uk-2026-complete-list,2026-07-03,103,6,6,-1
https://www.propertytaxpartners.co.uk/blog/property-types-and-specialist-tax/a-complete-guide-on-community-infrastructure-levy-cil,2026-07-03,309,5,6,-1
https://www.propertytaxpartners.co.uk/blog/non-resident-landlord-tax/nrl-approval-receive-rent-gross-hmrc-guide,2026-07-03,295,5,4,-1
https://www.propertytaxpartners.co.uk/blog/landlord-tax-essentials/sa105-property-income-form-2026-complete-guide,2026-07-03,260,5,5,-1
https://www.propertytaxpartners.co.uk/blog/incorporation-and-company-structures/sdlt-transfer-property-company-cost,2026-07-03,127,4,5,-1
https://www.propertytaxpartners.co.uk/blog/section-24-and-tax-relief/tax-relief-mortgage-interest-rented-property-guide,2026-07-03,39,4,6,-1
https://www.propertytaxpartners.co.uk/blog/capital-gains-tax/property-improvements-reduce-cgt-enhancement-expenditure,2026-07-03,123,3,5,-1
https://www.propertytaxpartners.co.uk/blog/section-24-and-tax-relief/section-24-self-assessment-tax-return,2026-07-03,47,3,4,-1
https://www.propertytaxpartners.co.uk/blog/capital-gains-tax/cgt-property-transfer-spouse,2026-07-03,43,3,5,-1
https://www.propertytaxpartners.co.uk/blog/property-types-and-specialist-tax/vat-on-new-builds-residential-property,2026-07-03,39,3,6,-1
https://www.propertytaxpartners.co.uk/blog/section-24-and-tax-relief/mortgage-arrangement-fees-deductible-landlord,2026-07-03,35,3,3,-1
https://www.propertytaxpartners.co.uk/blog/property-types-and-specialist-tax/council-tax-for-new-builds,2026-07-03,31,3,3,-1
https://www.propertytaxpartners.co.uk/blog/non-resident-landlord-tax/non-resident-landlord-scheme-uk-complete-guide,2026-07-03,393,2,7,-1
https://www.propertytaxpartners.co.uk/blog/non-resident-landlord-tax/non-resident-landlord-self-assessment-filing-requirements,2026-07-03,136,2,6,-1
https://www.propertytaxpartners.co.uk/blog/capital-gains-tax/cgt-rates-property-2026-27-current-rates-explained,2026-07-03,125,2,6,-1
https://www.propertytaxpartners.co.uk/blog/property-types-and-specialist-tax/integral-features-capital-allowances,2026-07-03,123,2,5,-1
https://www.propertytaxpartners.co.uk/blog/section-24-and-tax-relief/rental-income-tax-uk-complete-guide-landlords,2026-07-03,60,2,6,-1
https://www.propertytaxpartners.co.uk/blog/property-types-and-specialist-tax/capital-allowances-on-property,2026-07-03,38,2,6,-1
https://www.propertytaxpartners.co.uk/blog/capital-gains-tax/cgt-selling-buy-to-let-property-calculation-guide,2026-07-03,28,2,5,-1
https://www.propertytaxpartners.co.uk/blog/making-tax-digital-mtd/making-tax-digital-property-income-2026-complete-guide,2026-07-03,26,2,6,-1
https://www.propertytaxpartners.co.uk/blog/incorporation-and-company-structures/incorporating-property-portfolio-uk-2026,2026-07-03,5,2,1,-1
https://www.propertytaxpartners.co.uk/blog/incorporation-and-company-structures/ated-valuation-date-rules-2027-revaluation,2026-07-03,4,2,5,-1
https://www.propertytaxpartners.co.uk/blog/property-types-and-specialist-tax/commercial-property-fixtures-claim-s198-election-purchase-mechanics,2026-07-03,160,1,6,-1
https://www.propertytaxpartners.co.uk/blog/property-types-and-specialist-tax/diy-housebuilders-vat-refund-scheme,2026-07-03,139,1,6,-1
https://www.propertytaxpartners.co.uk/blog/landlord-tax-essentials/capital-allowances-on-vans,2026-07-03,97,1,6,-1
https://www.propertytaxpartners.co.uk/blog/incorporation-and-company-structures/spv-property-investment-special-purpose-vehicle-guide,2026-07-03,95,1,6,-1
https://www.propertytaxpartners.co.uk/blog/non-resident-landlord-tax/non-resident-cgt-selling-uk-property-overseas-guide,2026-07-03,93,1,6,-1
https://www.propertytaxpartners.co.uk/blog/capital-gains-tax/principal-private-residence-relief-landlords,2026-07-03,87,1,7,-1
https://www.propertytaxpartners.co.uk/blog/section-24-and-tax-relief/writing-down-allowance-cars,2026-07-03,80,1,6,-1
https://www.propertytaxpartners.co.uk/blog/incorporation-and-company-structures/corporation-tax-marginal-relief-uk-guide,2026-07-03,57,1,7,-1
https://www.propertytaxpartners.co.uk/blog/landlord-tax-essentials/annual-investment-allowance-2025,2026-07-03,44,1,6,-1
https://www.propertytaxpartners.co.uk/blog/section-24-and-tax-relief/section-24-mortgage-interest-restriction-uk-landlords,2026-07-03,42,1,6,-1
https://www.propertytaxpartners.co.uk/blog/property-types-and-specialist-tax/single-person-council-tax-discount,2026-07-03,40,1,8,-1
https://www.propertytaxpartners.co.uk/blog/landlord-tax-essentials/discovery-assessment-time-limits-landlord-tax-enquiries-tma-1970-s29,2026-07-03,39,1,7,-1
https://www.propertytaxpartners.co.uk/blog/property-types-and-specialist-tax/booking-com-a-complete-guide-for-the-hosts,2026-07-03,35,1,5,-1
https://www.propertytaxpartners.co.uk/blog/section-24-and-tax-relief/furnished-holiday-let-tax-rules-exemptions,2026-07-03,24,1,7,-1
https://www.propertytaxpartners.co.uk/blog/capital-gains-tax/ppr-relief-calculation-former-home-step-by-step,2026-07-03,13,1,5,-1
https://www.propertytaxpartners.co.uk/blog/landlord-tax-essentials/vat-dilapidations-payments-tenant-landlord-vat-treatment-supply-or-damages,2026-07-03,12,1,5,-1
https://www.propertytaxpartners.co.uk/blog/property-types-and-specialist-tax/how-much-tax-holiday-let-property-uk,2026-07-03,11,1,8,-1
https://www.propertytaxpartners.co.uk/blog/property-types-and-specialist-tax/vat-capital-goods-scheme-property-businesses-10-year-adjustment-mechanics,2026-07-03,1,1,4,-1
https://www.propertytaxpartners.co.uk/blog/property-types-and-specialist-tax/averdieck-case-analysis-navigating-sdlt-and-public-rights-of-way,2026-07-03,1,1,5,-1
https://www.propertytaxpartners.co.uk/calculators/lbtt-calculator-scotland,2026-07-03,377,0,7,-1
https://www.propertytaxpartners.co.uk/blog/landlord-tax-essentials/land-transaction-tax-a-complete-guide,2026-07-03,149,0,8,-1
https://www.propertytaxpartners.co.uk/blog/capital-gains-tax/cgt-payment-deadlines-property-sales-2026,2026-07-03,95,0,7,-1
https://www.propertytaxpartners.co.uk/blog/landlord-tax-essentials/vat-on-rental-income-residential-vs-commercial-landlord-vat-status-decision-framework,2026-07-03,94,0,6,-1
https://www.propertytaxpartners.co.uk/blog/section-24-and-tax-relief/replacement-domestic-items-relief-uk-landlords-guide,2026-07-03,86,0,5,-1
https://www.propertytaxpartners.co.uk/blog/landlord-tax-essentials/landlord-tax-return-complete-guide-2026,2026-07-03,75,0,7,-1
https://www.propertytaxpartners.co.uk/blog/property-types-and-specialist-tax/writing-down-allowance-rates,2026-07-03,59,0,6,-1
https://www.propertytaxpartners.co.uk/blog/property-accountant-services/can-you-claim-aia-on-second-hand-assets,2026-07-03,47,0,5,-1
https://www.propertytaxpartners.co.uk/blog/incorporation-and-company-structures/ated-rates-2026-27-bands-table-worked-examples,2026-07-03,46,0,5,-1
https://www.propertytaxpartners.co.uk/blog/landlord-tax-essentials/welsh-land-transaction-tax-ltt-rates-bands-2026-27-residential-buyers,2026-07-03,42,0,7,-1
https://www.propertytaxpartners.co.uk/blog/landlord-tax-essentials/how-to-complete-landlord-self-assessment-filing-step-by-step-guide,2026-07-03,41,0,6,-1
https://www.propertytaxpartners.co.uk/blog/property-types-and-specialist-tax/hmo-selective-licensing-compliance-housing-act-2004-landlord-licensing-mechanics,2026-07-03,33,0,7,-1
https://www.propertytaxpartners.co.uk/blog/making-tax-digital-mtd/mtd-quarterly-reporting-landlords-step-by-step-guide,2026-07-03,31,0,4,-1
https://www.propertytaxpartners.co.uk/blog/landlord-tax-essentials/schedule-24-fa-2007-penalty-behaviour-categories-landlord-enquiries,2026-07-03,31,0,8,-1
https://www.propertytaxpartners.co.uk/blog/landlord-tax-essentials/what-repairs-can-landlords-deduct-from-rental-income,2026-07-03,29,0,5,-1
https://www.propertytaxpartners.co.uk/blog/capital-gains-tax/capital-gains-tax-property-sale-uk-2026-rates-allowances,2026-07-03,29,0,5,-1
https://www.propertytaxpartners.co.uk/blog/property-types-and-specialist-tax/lease-variation-and-lease-surrender,2026-07-03,26,0,7,-1
https://www.propertytaxpartners.co.uk/blog/property-types-and-specialist-tax/vat-toms-long-term-stays-hotel-aparthotel-28-day-rule-mechanics,2026-07-03,26,0,6,-1
https://www.propertytaxpartners.co.uk/blog/section-24-and-tax-relief/mortgage-interest-deductible-landlords-uk-2026,2026-07-03,22,0,5,-1
https://www.propertytaxpartners.co.uk/blog/landlord-tax-essentials/form-17-declaration-beneficial-interest-property-mechanics-filing-revocation,2026-07-03,22,0,6,-1
https://www.propertytaxpartners.co.uk/blog/property-types-and-specialist-tax/lease-extensions-in-the-uk-surrender-and-regrant,2026-07-03,19,0,7,-1
https://www.propertytaxpartners.co.uk/blog/property-types-and-specialist-tax/remittance-basis-tax-insights-for-non-domiciled-individuals,2026-07-03,17,0,6,-1
https://www.propertytaxpartners.co.uk/blog/landlord-tax-essentials/property-business-rates-council-tax-landlords,2026-07-03,15,0,5,-1
https://www.propertytaxpartners.co.uk/blog/incorporation-and-company-structures/togc-vat-property-letting-business,2026-07-03,15,0,6,-1
https://www.propertytaxpartners.co.uk/blog/non-resident-landlord-tax/non-resident-cgt-uk-property-rates-reporting,2026-07-03,14,0,6,-1
https://www.propertytaxpartners.co.uk/blog/capital-gains-tax/cgt-annual-exempt-amount-3000-allowance-2026-27,2026-07-03,14,0,8,-1
https://www.propertytaxpartners.co.uk/blog/incorporation-and-company-structures/sdlt-incorporation-stamp-duty-twice,2026-07-03,14,0,6,-1
https://www.propertytaxpartners.co.uk/blog/property-types-and-specialist-tax/applicable-sdlt-rates-for-first-time-buyers,2026-07-03,14,0,7,-1
https://www.propertytaxpartners.co.uk/blog/non-resident-landlord-tax/iht-non-resident-uk-property-april-2025-residence-test,2026-07-03,13,0,7,-1
https://www.propertytaxpartners.co.uk/blog/landlord-tax-essentials/2027-property-income-tax-rates-landlords-uk,2026-07-03,12,0,5,-1
https://www.propertytaxpartners.co.uk/blog/property-types-and-specialist-tax/ated-rates,2026-07-03,11,0,5,-1
https://www.propertytaxpartners.co.uk/blog/landlord-tax-essentials/capital-allowances-second-hand-vans,2026-07-03,11,0,7,-1
https://www.propertytaxpartners.co.uk/property-tax-rates,2026-07-03,11,0,7,-1
https://www.propertytaxpartners.co.uk/blog/landlord-tax-essentials/sdlt-buy-to-let-rates-surcharge-guide-2025,2026-07-03,11,0,7,-1
https://www.propertytaxpartners.co.uk/blog/incorporation-and-company-structures/substantial-shareholding-exemption-sse,2026-07-03,11,0,8,-1
https://www.propertytaxpartners.co.uk/blog/portfolio-management/property-investment-benchmarks-uk-2026-good-yield,2026-07-03,9,0,4,-1
https://www.propertytaxpartners.co.uk/blog/landlord-tax-essentials/renters-rights-act-rent-increase-section-13-tribunal-route,2026-07-03,8,0,6,-1
https://www.propertytaxpartners.co.uk/blog/capital-gains-tax/cgt-deferral-strategies-property-investors-uk,2026-07-03,7,0,5,-1
https://www.propertytaxpartners.co.uk/blog/landlord-tax-essentials/income-tax-rates-landlords-2026-27-complete-guide,2026-07-03,6,0,5,-1
https://www.propertytaxpartners.co.uk/blog/incorporation-and-company-structures/property-investment-company-structure-planning,2026-07-03,6,0,18,-1
https://www.propertytaxpartners.co.uk/blog/incorporation-and-company-structures/buy-to-let-limited-company-complete-guide-uk,2026-07-03,6,0,5,-1
https://www.propertytaxpartners.co.uk/blog/incorporation-and-company-structures/how-to-set-up-property-investment-company-uk-guide,2026-07-03,5,0,8,-1
https://www.propertytaxpartners.co.uk/blog/incorporation-and-company-structures/employee-ownership-trust-eot-property-spv-exit-mechanics-tcga-1992-s236,2026-07-03,5,0,8,-1
https://www.propertytaxpartners.co.uk/blog/landlord-tax-essentials/landlord-insurance-guide-types-costs-tax-deductible,2026-07-03,4,0,4,-1
https://www.propertytaxpartners.co.uk/calculators/ltt-calculator-wales,2026-07-03,3,0,9,-1
https://www.propertytaxpartners.co.uk/blog/property-types-and-specialist-tax/commonhold-and-leasehold-reform-bill,2026-07-03,3,0,6,-1
https://www.propertytaxpartners.co.uk/blog/landlord-tax-essentials/landlord-tax-changes-2026-complete-guide,2026-07-03,2,0,6,-1
https://www.propertytaxpartners.co.uk/blog/non-resident-landlord-tax/uk-property-income-expats-tax-obligations-explained,2026-07-03,2,0,5,-1
https://www.propertytaxpartners.co.uk/blog/making-tax-digital-mtd/landlord-accounting-software-uk-best-options-2026,2026-07-03,1,0,4,-1
https://www.propertytaxpartners.co.uk/blog/incorporation-and-company-structures/ated-overseas-companies-voluntary-compliance-otm-letters,2026-07-03,1,0,10,-1
https://www.propertytaxpartners.co.uk/blog/portfolio-management/refinancing-rental-property-when-does-it-make-financial-sense,2026-07-03,1,0,2,-1
https://www.propertytaxpartners.co.uk/blog/capital-gains-tax/reduce-cgt-property-disposal-uk,2026-07-03,1,0,4,-1
https://www.propertytaxpartners.co.uk/blog/section-24-and-tax-relief/claim-mortgage-interest-rental-property-uk-section-24,2026-07-10,421,31,4,-1
https://www.propertytaxpartners.co.uk/blog/capital-gains-tax/cgt-gifting-property-family-members-uk,2026-07-10,311,14,5,-1
https://www.propertytaxpartners.co.uk/blog/incorporation-and-company-structures/how-to-transfer-property-into-limited-company-uk,2026-07-10,205,14,4,-1
https://www.propertytaxpartners.co.uk/blog/non-resident-landlord-tax/nrl-approval-receive-rent-gross-hmrc-guide,2026-07-10,454,13,4,-1
https://www.propertytaxpartners.co.uk/blog/landlord-tax-essentials/sa105-property-income-form-2026-complete-guide,2026-07-10,306,12,5,-1
https://www.propertytaxpartners.co.uk/blog/capital-gains-tax/capital-gains-tax-property-complete-guide-uk,2026-07-10,667,9,6,-1
https://www.propertytaxpartners.co.uk/blog/capital-gains-tax/tax-sell-rental-property-uk,2026-07-10,128,8,4,-1
https://www.propertytaxpartners.co.uk/blog/property-types-and-specialist-tax/council-tax-for-new-builds,2026-07-10,70,8,4,-1
https://www.propertytaxpartners.co.uk/blog/making-tax-digital-mtd/making-tax-digital-property-income-2026-complete-guide,2026-07-10,85,7,6,-1
https://www.propertytaxpartners.co.uk/blog/section-24-and-tax-relief/finance-costs-section-24-complete-guide,2026-07-10,268,6,4,-1
https://www.propertytaxpartners.co.uk/blog/incorporation-and-company-structures/sdlt-transfer-property-company-cost,2026-07-10,173,5,5,-1
https://www.propertytaxpartners.co.uk/blog/property-types-and-specialist-tax/integral-features-capital-allowances,2026-07-10,136,5,4,-1
https://www.propertytaxpartners.co.uk/blog/making-tax-digital-mtd/mtd-quarterly-reporting-landlords-step-by-step-guide,2026-07-10,122,5,5,-1
https://www.propertytaxpartners.co.uk/blog/making-tax-digital-mtd/mtd-rental-income-threshold-exemptions,2026-07-10,249,4,6,-1
https://www.propertytaxpartners.co.uk/blog/section-24-and-tax-relief/landlord-tax-deductions-uk-2026-complete-list,2026-07-10,162,4,7,-1
https://www.propertytaxpartners.co.uk/blog/capital-gains-tax/property-improvements-reduce-cgt-enhancement-expenditure,2026-07-10,142,4,5,-1
https://www.propertytaxpartners.co.uk/blog/capital-gains-tax/cgt-property-transfer-spouse,2026-07-10,81,4,6,-1
https://www.propertytaxpartners.co.uk/calculators/lbtt-calculator-scotland,2026-07-10,406,3,8,-1
https://www.propertytaxpartners.co.uk/blog/landlord-tax-essentials/property-business-rates-council-tax-landlords,2026-07-10,114,3,6,-1
https://www.propertytaxpartners.co.uk/blog/section-24-and-tax-relief/replacement-domestic-items-relief-uk-landlords-guide,2026-07-10,109,3,5,-1
https://www.propertytaxpartners.co.uk/blog/section-24-and-tax-relief/section-24-self-assessment-tax-return,2026-07-10,55,3,4,-1
https://www.propertytaxpartners.co.uk/blog/section-24-and-tax-relief/mortgage-interest-deductible-landlords-uk-2026,2026-07-10,49,3,5,-1
https://www.propertytaxpartners.co.uk/blog/property-accountant-services/can-you-claim-aia-on-second-hand-assets,2026-07-10,27,3,4,-1
https://www.propertytaxpartners.co.uk/blog/making-tax-digital-mtd/mtd-itsa-foreign-property-income-quarterly-reporting-rules,2026-07-10,9,3,4,-1
https://www.propertytaxpartners.co.uk/blog/property-types-and-specialist-tax/capital-allowances-on-property,2026-07-10,102,2,6,-1
https://www.propertytaxpartners.co.uk/blog/landlord-tax-essentials/capital-allowances-on-vans,2026-07-10,95,2,6,-1
https://www.propertytaxpartners.co.uk/blog/capital-gains-tax/ppr-relief-calculation-former-home-step-by-step,2026-07-10,81,2,6,-1
https://www.propertytaxpartners.co.uk/blog/incorporation-and-company-structures/spv-property-investment-special-purpose-vehicle-guide,2026-07-10,59,2,6,-1
https://www.propertytaxpartners.co.uk/blog/capital-gains-tax/capital-gains-tax-property-sale-uk-2026-rates-allowances,2026-07-10,29,2,5,-1
https://www.propertytaxpartners.co.uk/blog/incorporation-and-company-structures/buy-to-let-limited-company-complete-guide-uk,2026-07-10,13,2,5,-1
https://www.propertytaxpartners.co.uk/blog/non-resident-landlord-tax/non-resident-landlord-scheme-uk-complete-guide,2026-07-10,504,1,7,-1
https://www.propertytaxpartners.co.uk/blog/property-types-and-specialist-tax/a-complete-guide-on-community-infrastructure-levy-cil,2026-07-10,407,1,6,-1
https://www.propertytaxpartners.co.uk/blog/non-resident-landlord-tax/non-resident-landlord-self-assessment-filing-requirements,2026-07-10,172,1,6,-1
https://www.propertytaxpartners.co.uk/blog/landlord-tax-essentials/landlord-tax-return-complete-guide-2026,2026-07-10,128,1,7,-1
https://www.propertytaxpartners.co.uk/blog/landlord-tax-essentials/land-transaction-tax-a-complete-guide,2026-07-10,122,1,8,-1
https://www.propertytaxpartners.co.uk/blog/capital-gains-tax/principal-private-residence-relief-landlords,2026-07-10,113,1,6,-1
https://www.propertytaxpartners.co.uk/blog/non-resident-landlord-tax/non-resident-cgt-selling-uk-property-overseas-guide,2026-07-10,113,1,6,-1
https://www.propertytaxpartners.co.uk/blog/section-24-and-tax-relief/writing-down-allowance-cars,2026-07-10,99,1,6,-1
https://www.propertytaxpartners.co.uk/blog/property-types-and-specialist-tax/commercial-property-fixtures-claim-s198-election-purchase-mechanics,2026-07-10,98,1,7,-1
https://www.propertytaxpartners.co.uk/blog/incorporation-and-company-structures/directors-loan-accountsdla-uk-guide,2026-07-10,74,1,6,-1
https://www.propertytaxpartners.co.uk/blog/capital-gains-tax/cgt-payment-deadlines-property-sales-2026,2026-07-10,73,1,6,-1
https://www.propertytaxpartners.co.uk/blog/property-types-and-specialist-tax/vat-on-new-builds-residential-property,2026-07-10,73,1,5,-1
https://www.propertytaxpartners.co.uk/blog/property-types-and-specialist-tax/hmo-selective-licensing-compliance-housing-act-2004-landlord-licensing-mechanics,2026-07-10,60,1,6,-1
https://www.propertytaxpartners.co.uk/blog/landlord-tax-essentials/sdlt-5-percent-surcharge-refund-claim-process,2026-07-10,51,1,6,-1
https://www.propertytaxpartners.co.uk/blog/non-resident-landlord-tax/nrl-scheme-letting-agents-quarterly-returns-mechanics,2026-07-10,47,1,7,-1
https://www.propertytaxpartners.co.uk/blog/landlord-tax-essentials/what-repairs-can-landlords-deduct-from-rental-income,2026-07-10,44,1,6,-1
https://www.propertytaxpartners.co.uk/blog/property-types-and-specialist-tax/booking-com-a-complete-guide-for-the-hosts,2026-07-10,44,1,6,-1
https://www.propertytaxpartners.co.uk/blog/property-types-and-specialist-tax/vat-toms-long-term-stays-hotel-aparthotel-28-day-rule-mechanics,2026-07-10,42,1,5,-1
https://www.propertytaxpartners.co.uk/blog/incorporation-and-company-structures/togc-vat-property-letting-business,2026-07-10,42,1,8,-1
https://www.propertytaxpartners.co.uk/blog/section-24-and-tax-relief/rental-income-tax-uk-complete-guide-landlords,2026-07-10,38,1,6,-1
https://www.propertytaxpartners.co.uk/blog/landlord-tax-essentials/how-to-complete-landlord-self-assessment-filing-step-by-step-guide,2026-07-10,36,1,7,-1
https://www.propertytaxpartners.co.uk/blog/section-24-and-tax-relief/tax-relief-mortgage-interest-rented-property-guide,2026-07-10,32,1,5,-1
https://www.propertytaxpartners.co.uk/blog/section-24-and-tax-relief/mortgage-arrangement-fees-deductible-landlord,2026-07-10,11,1,3,-1
https://www.propertytaxpartners.co.uk/blog/property-types-and-specialist-tax/vat-capital-goods-scheme-property-businesses-10-year-adjustment-mechanics,2026-07-10,11,1,5,-1
https://www.propertytaxpartners.co.uk/blog/landlord-tax-essentials/landlord-vat-registration-when-required,2026-07-10,6,1,7,-1
https://www.propertytaxpartners.co.uk/blog/section-24-and-tax-relief/landlord-insurance-tax-deductible,2026-07-10,5,1,2,-1
https://www.propertytaxpartners.co.uk/blog/non-resident-landlord-tax/uk-jersey-guernsey-isle-of-man-dtas-property-investors,2026-07-10,5,1,6,-1
https://www.propertytaxpartners.co.uk/blog/property-types-and-specialist-tax/diy-housebuilders-vat-refund-scheme,2026-07-10,154,0,6,-1
https://www.propertytaxpartners.co.uk/blog/capital-gains-tax/cgt-rates-property-2026-27-current-rates-explained,2026-07-10,143,0,6,-1
https://www.propertytaxpartners.co.uk/blog/property-types-and-specialist-tax/writing-down-allowance-rates,2026-07-10,98,0,7,-1
https://www.propertytaxpartners.co.uk/blog/property-types-and-specialist-tax/single-person-council-tax-discount,2026-07-10,87,0,7,-1
https://www.propertytaxpartners.co.uk/blog/section-24-and-tax-relief/furnished-holiday-let-tax-rules-exemptions,2026-07-10,68,0,7,-1
https://www.propertytaxpartners.co.uk/blog/landlord-tax-essentials/annual-investment-allowance-2025,2026-07-10,67,0,5,-1
https://www.propertytaxpartners.co.uk/blog/section-24-and-tax-relief/section-24-mortgage-interest-restriction-uk-landlords,2026-07-10,55,0,5,-1
https://www.propertytaxpartners.co.uk/blog/landlord-tax-essentials/vat-on-rental-income-residential-vs-commercial-landlord-vat-status-decision-framework,2026-07-10,46,0,7,-1
https://www.propertytaxpartners.co.uk/blog/landlord-tax-essentials/form-17-declaration-beneficial-interest-property-mechanics-filing-revocation,2026-07-10,44,0,8,-1
https://www.propertytaxpartners.co.uk/blog/non-resident-landlord-tax/non-resident-cgt-uk-property-rates-reporting,2026-07-10,44,0,6,-1
https://www.propertytaxpartners.co.uk/blog/landlord-tax-essentials/scottish-lbtt-rates-bands-2026-27-residential-buyers-complete-guide,2026-07-10,40,0,6,-1
https://www.propertytaxpartners.co.uk/blog/incorporation-and-company-structures/corporation-tax-marginal-relief-uk-guide,2026-07-10,39,0,6,-1
https://www.propertytaxpartners.co.uk/blog/landlord-tax-essentials/discovery-assessment-time-limits-landlord-tax-enquiries-tma-1970-s29,2026-07-10,37,0,7,-1
https://www.propertytaxpartners.co.uk/blog/capital-gains-tax/cgt-annual-exempt-amount-3000-allowance-2026-27,2026-07-10,32,0,7,-1
https://www.propertytaxpartners.co.uk/blog/incorporation-and-company-structures/substantial-shareholding-exemption-sse,2026-07-10,29,0,7,-1
https://www.propertytaxpartners.co.uk/blog/landlord-tax-essentials/capital-allowances-second-hand-vans,2026-07-10,27,0,6,-1
https://www.propertytaxpartners.co.uk/blog/landlord-tax-essentials/renters-rights-act-rent-increase-section-13-tribunal-route,2026-07-10,27,0,8,-1
https://www.propertytaxpartners.co.uk/blog/landlord-tax-essentials/capital-vs-revenue-expenditure-landlord-uk,2026-07-10,26,0,6,-1
https://www.propertytaxpartners.co.uk/blog/landlord-tax-essentials/schedule-24-fa-2007-penalty-behaviour-categories-landlord-enquiries,2026-07-10,26,0,8,-1
https://www.propertytaxpartners.co.uk/blog/property-types-and-specialist-tax/lease-variation-and-lease-surrender,2026-07-10,25,0,6,-1
https://www.propertytaxpartners.co.uk/blog/landlord-tax-essentials/welsh-land-transaction-tax-ltt-rates-bands-2026-27-residential-buyers,2026-07-10,24,0,6,-1
https://www.propertytaxpartners.co.uk/blog/landlord-tax-essentials/how-much-tax-rental-income-uk-complete-guide,2026-07-10,24,0,7,-1
https://www.propertytaxpartners.co.uk/blog/incorporation-and-company-structures/sdlt-group-relief-for-corporate-landlord-portfolios,2026-07-10,23,0,7,-1
https://www.propertytaxpartners.co.uk/blog/property-types-and-specialist-tax/vat-option-to-tax-commercial-property-mechanics-election-revocation,2026-07-10,19,0,10,-1
https://www.propertytaxpartners.co.uk/blog/landlord-tax-essentials/vat-dilapidations-payments-tenant-landlord-vat-treatment-supply-or-damages,2026-07-10,19,0,6,-1
https://www.propertytaxpartners.co.uk/blog/incorporation-and-company-structures/ated-rates-2026-27-bands-table-worked-examples,2026-07-10,17,0,5,-1
https://www.propertytaxpartners.co.uk/blog/capital-gains-tax/cgt-main-residence-relief-joint-ownership-pra-election-spouses-mechanics,2026-07-10,15,0,5,-1
https://www.propertytaxpartners.co.uk/blog/making-tax-digital-mtd/best-mtd-software-landlords-2026,2026-07-10,15,0,2,-1
https://www.propertytaxpartners.co.uk/blog/property-types-and-specialist-tax/single-person-council-tax-discounts-a-complete-guide,2026-07-10,14,0,5,-1
https://www.propertytaxpartners.co.uk/blog/landlord-tax-essentials/how-to-calculate-net-rental-income-after-all-costs-uk-guide,2026-07-10,14,0,6,-1
https://www.propertytaxpartners.co.uk/blog/property-types-and-specialist-tax/multiple-dwellings-relief,2026-07-10,13,0,8,-1
https://www.propertytaxpartners.co.uk/blog/property-types-and-specialist-tax/balancing-allowance-balancing-charge-on-disposal-property-capital-allowances-mechanics,2026-07-10,12,0,8,-1
https://www.propertytaxpartners.co.uk/blog/property-types-and-specialist-tax/lease-extensions-in-the-uk-surrender-and-regrant,2026-07-10,12,0,6,-1
https://www.propertytaxpartners.co.uk/blog/incorporation-and-company-structures/types-of-property-company-structure-uk-guide,2026-07-10,12,0,7,-1
https://www.propertytaxpartners.co.uk/blog/capital-gains-tax/letting-relief-landlords-2026-changes,2026-07-10,12,0,8,-1
https://www.propertytaxpartners.co.uk/blog/incorporation-and-company-structures/how-to-set-up-property-investment-company-uk-guide,2026-07-10,12,0,7,-1
https://www.propertytaxpartners.co.uk/blog/property-types-and-specialist-tax/how-much-tax-holiday-let-property-uk,2026-07-10,11,0,3,-1
https://www.propertytaxpartners.co.uk/blog/landlord-tax-essentials/income-tax-rates-landlords-2026-27-complete-guide,2026-07-10,11,0,3,-1
https://www.propertytaxpartners.co.uk/blog/capital-gains-tax/cgt-inherited-rental-property-calculation-uk,2026-07-10,11,0,8,-1
https://www.propertytaxpartners.co.uk/blog/property-types-and-specialist-tax/government-to-end-council-tax-on-hmo-rooms,2026-07-10,10,0,8,-1
https://www.propertytaxpartners.co.uk/blog/capital-gains-tax/cgt-property-sold-loss-claim-capital-losses,2026-07-10,8,0,8,-1
https://www.propertytaxpartners.co.uk/blog/property-types-and-specialist-tax/capital-allowances-property-investors-complete-pillar-2026-27-caa-2001-decision-framework,2026-07-10,7,0,8,-1
https://www.propertytaxpartners.co.uk/blog/non-resident-landlord-tax/uk-property-income-expats-tax-obligations-explained,2026-07-10,6,0,6,-1
https://www.propertytaxpartners.co.uk/blog/incorporation-and-company-structures/how-to-transfer-property-into-limited-company-uk,2026-07-17,263,24,4,-1
https://www.propertytaxpartners.co.uk/blog/section-24-and-tax-relief/claim-mortgage-interest-rental-property-uk-section-24,2026-07-17,500,20,4,-1
https://www.propertytaxpartners.co.uk/blog/capital-gains-tax/tax-sell-rental-property-uk,2026-07-17,189,20,4,-1
https://www.propertytaxpartners.co.uk/blog/landlord-tax-essentials/sa105-property-income-form-2026-complete-guide,2026-07-17,424,18,5,-1
https://www.propertytaxpartners.co.uk/blog/capital-gains-tax/cgt-gifting-property-family-members-uk,2026-07-17,315,11,4,-1
https://www.propertytaxpartners.co.uk/blog/incorporation-and-company-structures/sdlt-transfer-property-company-cost,2026-07-17,219,9,5,-1
https://www.propertytaxpartners.co.uk/blog/section-24-and-tax-relief/mortgage-interest-deductible-landlords-uk-2026,2026-07-17,97,8,5,-1
https://www.propertytaxpartners.co.uk/blog/section-24-and-tax-relief/finance-costs-section-24-complete-guide,2026-07-17,228,6,4,-1
https://www.propertytaxpartners.co.uk/blog/making-tax-digital-mtd/making-tax-digital-property-income-2026-complete-guide,2026-07-17,133,6,5,-1
https://www.propertytaxpartners.co.uk/blog/non-resident-landlord-tax/nrl-approval-receive-rent-gross-hmrc-guide,2026-07-17,369,5,4,-1
https://www.propertytaxpartners.co.uk/blog/making-tax-digital-mtd/mtd-rental-income-threshold-exemptions,2026-07-17,253,5,6,-1
https://www.propertytaxpartners.co.uk/blog/section-24-and-tax-relief/landlord-tax-deductions-uk-2026-complete-list,2026-07-17,119,5,6,-1
https://www.propertytaxpartners.co.uk/blog/section-24-and-tax-relief/section-24-self-assessment-tax-return,2026-07-17,99,5,4,-1
https://www.propertytaxpartners.co.uk/blog/landlord-tax-essentials/property-business-rates-council-tax-landlords,2026-07-17,129,4,5,-1
https://www.propertytaxpartners.co.uk/blog/section-24-and-tax-relief/replacement-domestic-items-relief-uk-landlords-guide,2026-07-17,118,4,5,-1
https://www.propertytaxpartners.co.uk/blog/making-tax-digital-mtd/mtd-itsa-foreign-property-income-quarterly-reporting-rules,2026-07-17,75,4,5,-1
https://www.propertytaxpartners.co.uk/blog/landlord-tax-essentials/income-tax-rates-landlords-2026-27-complete-guide,2026-07-17,46,4,4,-1
https://www.propertytaxpartners.co.uk/blog/capital-gains-tax/capital-gains-tax-property-complete-guide-uk,2026-07-17,602,3,6,-1
https://www.propertytaxpartners.co.uk/blog/non-resident-landlord-tax/non-resident-landlord-scheme-uk-complete-guide,2026-07-17,479,3,6,-1
https://www.propertytaxpartners.co.uk/blog/property-types-and-specialist-tax/integral-features-capital-allowances,2026-07-17,186,3,5,-1
https://www.propertytaxpartners.co.uk/blog/making-tax-digital-mtd/mtd-quarterly-reporting-landlords-step-by-step-guide,2026-07-17,150,3,5,-1
https://www.propertytaxpartners.co.uk/blog/property-types-and-specialist-tax/single-person-council-tax-discount,2026-07-17,106,3,8,-1
https://www.propertytaxpartners.co.uk/blog/capital-gains-tax/property-improvements-reduce-cgt-enhancement-expenditure,2026-07-17,98,3,6,-1
https://www.propertytaxpartners.co.uk/blog/property-types-and-specialist-tax/council-tax-for-new-builds,2026-07-17,91,3,4,-1
https://www.propertytaxpartners.co.uk/blog/capital-gains-tax/cgt-property-transfer-spouse,2026-07-17,88,3,5,-1
https://www.propertytaxpartners.co.uk/blog/capital-gains-tax/ppr-relief-calculation-former-home-step-by-step,2026-07-17,79,3,7,-1
https://www.propertytaxpartners.co.uk/blog/property-types-and-specialist-tax/vat-toms-long-term-stays-hotel-aparthotel-28-day-rule-mechanics,2026-07-17,61,3,5,-1
https://www.propertytaxpartners.co.uk/blog/property-types-and-specialist-tax/airbnb-tax-uk-short-term-rental-income-taxed,2026-07-17,22,3,6,-1
https://www.propertytaxpartners.co.uk/blog/property-types-and-specialist-tax/how-owning-property-abroad-leads-higher-stamp-duty-rates,2026-07-17,18,3,5,-1
https://www.propertytaxpartners.co.uk/blog/landlord-tax-essentials/capital-allowances-on-vans,2026-07-17,131,2,6,-1
https://www.propertytaxpartners.co.uk/blog/capital-gains-tax/principal-private-residence-relief-landlords,2026-07-17,127,2,7,-1
https://www.propertytaxpartners.co.uk/blog/incorporation-and-company-structures/spv-property-investment-special-purpose-vehicle-guide,2026-07-17,101,2,6,-1
https://www.propertytaxpartners.co.uk/blog/landlord-tax-essentials/vat-on-rental-income-residential-vs-commercial-landlord-vat-status-decision-framework,2026-07-17,69,2,6,-1
https://www.propertytaxpartners.co.uk/locations,2026-07-17,2,2,6,-1
https://www.propertytaxpartners.co.uk/blog/property-types-and-specialist-tax/a-complete-guide-on-community-infrastructure-levy-cil,2026-07-17,409,1,7,-1
https://www.propertytaxpartners.co.uk/calculators/lbtt-calculator-scotland,2026-07-17,397,1,7,-1
https://www.propertytaxpartners.co.uk/blog/property-types-and-specialist-tax/diy-housebuilders-vat-refund-scheme,2026-07-17,189,1,6,-1
https://www.propertytaxpartners.co.uk/blog/property-types-and-specialist-tax/capital-allowances-on-property,2026-07-17,164,1,6,-1
https://www.propertytaxpartners.co.uk/blog/landlord-tax-essentials/landlord-tax-return-complete-guide-2026,2026-07-17,152,1,7,-1
https://www.propertytaxpartners.co.uk/blog/non-resident-landlord-tax/non-resident-cgt-selling-uk-property-overseas-guide,2026-07-17,128,1,6,-1
https://www.propertytaxpartners.co.uk/blog/landlord-tax-essentials/what-repairs-can-landlords-deduct-from-rental-income,2026-07-17,121,1,6,-1
https://www.propertytaxpartners.co.uk/blog/section-24-and-tax-relief/writing-down-allowance-cars,2026-07-17,104,1,6,-1
https://www.propertytaxpartners.co.uk/blog/incorporation-and-company-structures/directors-loan-accountsdla-uk-guide,2026-07-17,98,1,7,-1
https://www.propertytaxpartners.co.uk/blog/property-types-and-specialist-tax/writing-down-allowance-rates,2026-07-17,95,1,7,-1
https://www.propertytaxpartners.co.uk/blog/capital-gains-tax/cgt-payment-deadlines-property-sales-2026,2026-07-17,88,1,6,-1
https://www.propertytaxpartners.co.uk/blog/landlord-tax-essentials/how-to-complete-landlord-self-assessment-filing-step-by-step-guide,2026-07-17,52,1,6,-1
https://www.propertytaxpartners.co.uk/blog/property-accountant-services/can-you-claim-aia-on-second-hand-assets,2026-07-17,51,1,5,-1
https://www.propertytaxpartners.co.uk/blog/capital-gains-tax/capital-gains-tax-property-sale-uk-2026-rates-allowances,2026-07-17,48,1,6,-1
https://www.propertytaxpartners.co.uk/blog/landlord-tax-essentials/sdlt-5-percent-surcharge-refund-claim-process,2026-07-17,46,1,7,-1
https://www.propertytaxpartners.co.uk/blog/property-types-and-specialist-tax/capital-allowances-commercial-property-what-can-claim,2026-07-17,45,1,4,-1
https://www.propertytaxpartners.co.uk/blog/property-types-and-specialist-tax/lease-variation-and-lease-surrender,2026-07-17,43,1,6,-1
https://www.propertytaxpartners.co.uk/blog/capital-gains-tax/letting-relief-landlords-2026-changes,2026-07-17,43,1,7,-1
https://www.propertytaxpartners.co.uk/blog/section-24-and-tax-relief/furnished-holiday-let-tax-rules-exemptions,2026-07-17,40,1,7,-1
https://www.propertytaxpartners.co.uk/blog/incorporation-and-company-structures/togc-vat-property-letting-business,2026-07-17,37,1,7,-1
https://www.propertytaxpartners.co.uk/blog/property-types-and-specialist-tax/hmo-selective-licensing-compliance-housing-act-2004-landlord-licensing-mechanics,2026-07-17,37,1,6,-1
https://www.propertytaxpartners.co.uk/blog/capital-gains-tax/cgt-property-sold-loss-claim-capital-losses,2026-07-17,24,1,6,-1
https://www.propertytaxpartners.co.uk/blog/incorporation-and-company-structures/partnership-sdlt-relief-schedule-15-fa-2003-incorporation-sum-lower-proportions,2026-07-17,15,1,6,-1
https://www.propertytaxpartners.co.uk/blog/landlord-tax-essentials/sdlt-shared-ownership-staircasing,2026-07-17,13,1,4,-1
https://www.propertytaxpartners.co.uk/blog/property-types-and-specialist-tax/how-much-tax-holiday-let-property-uk,2026-07-17,12,1,4,-1
https://www.propertytaxpartners.co.uk/blog/property-types-and-specialist-tax/a-complete-guide-to-stamp-duty-refund,2026-07-17,11,1,6,-1
https://www.propertytaxpartners.co.uk/blog/landlord-tax-essentials/iht-joint-ownership-property-spouse-exemption-transferable-allowances-jointly-tic-vs-jt,2026-07-17,11,1,6,-1
https://www.propertytaxpartners.co.uk/blog/landlord-tax-essentials/renters-rights-act-rent-increase-section-13-tribunal-route,2026-07-17,8,1,3,-1
https://www.propertytaxpartners.co.uk/,2026-07-17,6,1,3,-1
https://www.propertytaxpartners.co.uk/blog/non-resident-landlord-tax/nrl-withholding-tax-20-percent-basic-rate-deduction,2026-07-17,4,1,6,-1
https://www.propertytaxpartners.co.uk/contact,2026-07-17,3,1,2,-1
https://www.propertytaxpartners.co.uk/blog/property-types-and-specialist-tax/labour-plans-stamp-duty-hike-for-overseas-buyers,2026-07-17,1,1,5,-1
https://www.propertytaxpartners.co.uk/blog/landlord-tax-essentials/land-transaction-tax-a-complete-guide,2026-07-17,183,0,8,-1
https://www.propertytaxpartners.co.uk/blog/section-24-and-tax-relief/rental-income-tax-uk-complete-guide-landlords,2026-07-17,141,0,6,-1
https://www.propertytaxpartners.co.uk/blog/property-types-and-specialist-tax/commercial-property-fixtures-claim-s198-election-purchase-mechanics,2026-07-17,113,0,7,-1
https://www.propertytaxpartners.co.uk/blog/property-types-and-specialist-tax/vat-on-new-builds-residential-property,2026-07-17,102,0,6,-1
https://www.propertytaxpartners.co.uk/blog/non-resident-landlord-tax/non-resident-landlord-self-assessment-filing-requirements,2026-07-17,100,0,6,-1
https://www.propertytaxpartners.co.uk/blog/capital-gains-tax/cgt-rates-property-2026-27-current-rates-explained,2026-07-17,87,0,7,-1
https://www.propertytaxpartners.co.uk/blog/landlord-tax-essentials/form-17-declaration-beneficial-interest-property-mechanics-filing-revocation,2026-07-17,78,0,7,-1
https://www.propertytaxpartners.co.uk/blog/incorporation-and-company-structures/corporation-tax-marginal-relief-uk-guide,2026-07-17,68,0,6,-1
https://www.propertytaxpartners.co.uk/blog/making-tax-digital-mtd/best-mtd-software-landlords-2026,2026-07-17,65,0,2,-1
https://www.propertytaxpartners.co.uk/blog/section-24-and-tax-relief/tax-relief-mortgage-interest-rented-property-guide,2026-07-17,64,0,6,-1
https://www.propertytaxpartners.co.uk/blog/landlord-tax-essentials/discovery-assessment-time-limits-landlord-tax-enquiries-tma-1970-s29,2026-07-17,61,0,7,-1
https://www.propertytaxpartners.co.uk/blog/landlord-tax-essentials/annual-investment-allowance-2025,2026-07-17,60,0,6,-1
https://www.propertytaxpartners.co.uk/blog/landlord-tax-essentials/schedule-24-fa-2007-penalty-behaviour-categories-landlord-enquiries,2026-07-17,54,0,8,-1
https://www.propertytaxpartners.co.uk/blog/incorporation-and-company-structures/buy-to-let-limited-company-complete-guide-uk,2026-07-17,51,0,4,-1
https://www.propertytaxpartners.co.uk/blog/property-types-and-specialist-tax/booking-com-a-complete-guide-for-the-hosts,2026-07-17,48,0,6,-1
https://www.propertytaxpartners.co.uk/blog/property-types-and-specialist-tax/applicable-sdlt-rates-for-first-time-buyers,2026-07-17,45,0,7,-1
https://www.propertytaxpartners.co.uk/blog/landlord-tax-essentials/welsh-land-transaction-tax-ltt-rates-bands-2026-27-residential-buyers,2026-07-17,41,0,7,-1
https://www.propertytaxpartners.co.uk/blog/incorporation-and-company-structures/substantial-shareholding-exemption-sse,2026-07-17,38,0,7,-1
https://www.propertytaxpartners.co.uk/blog/landlord-tax-essentials/capital-vs-revenue-expenditure-landlord-uk,2026-07-17,35,0,6,-1
https://www.propertytaxpartners.co.uk/blog/incorporation-and-company-structures/ated-rates-2026-27-bands-table-worked-examples,2026-07-17,29,0,5,-1
https://www.propertytaxpartners.co.uk/blog/landlord-tax-essentials/vat-dilapidations-payments-tenant-landlord-vat-treatment-supply-or-damages,2026-07-17,29,0,6,-1
https://www.propertytaxpartners.co.uk/blog/property-types-and-specialist-tax/single-person-council-tax-discounts-a-complete-guide,2026-07-17,28,0,6,-1
https://www.propertytaxpartners.co.uk/blog/property-types-and-specialist-tax/ated-rates,2026-07-17,25,0,5,-1
https://www.propertytaxpartners.co.uk/blog/non-resident-landlord-tax/nrl-scheme-letting-agents-quarterly-returns-mechanics,2026-07-17,25,0,7,-1
https://www.propertytaxpartners.co.uk/blog/landlord-tax-essentials/capital-allowances-second-hand-vans,2026-07-17,24,0,8,-1
https://www.propertytaxpartners.co.uk/blog/section-24-and-tax-relief/section-24-mortgage-interest-restriction-uk-landlords,2026-07-17,22,0,6,-1
https://www.propertytaxpartners.co.uk/blog/capital-gains-tax/cgt-divorce-property-transfer-tax-implications,2026-07-17,21,0,6,-1
https://www.propertytaxpartners.co.uk/blog/landlord-tax-essentials/scottish-lbtt-rates-bands-2026-27-residential-buyers-complete-guide,2026-07-17,20,0,7,-1
https://www.propertytaxpartners.co.uk/blog/landlord-tax-essentials/how-to-calculate-net-rental-income-after-all-costs-uk-guide,2026-07-17,20,0,5,-1
https://www.propertytaxpartners.co.uk/blog/capital-gains-tax/cgt-deferral-strategies-property-investors-uk,2026-07-17,15,0,5,-1
https://www.propertytaxpartners.co.uk/blog/capital-gains-tax/cgt-inherited-rental-property-calculation-uk,2026-07-17,15,0,5,-1
https://www.propertytaxpartners.co.uk/blog/property-types-and-specialist-tax/vat-mixed-use-property-purchase-residential-commercial-element-apportionment,2026-07-17,14,0,3,-1
https://www.propertytaxpartners.co.uk/blog/incorporation-and-company-structures/sdlt-incorporation-stamp-duty-twice,2026-07-17,13,0,6,-1
https://www.propertytaxpartners.co.uk/blog/landlord-tax-essentials/renters-rights-act-property-redress-scheme-mandatory-enrolment-landlords,2026-07-17,13,0,9,-1
https://www.propertytaxpartners.co.uk/blog/section-24-and-tax-relief/claim-mortgage-interest-rental-property-uk-section-24,2026-07-24,577,34,4,-1
https://www.propertytaxpartners.co.uk/blog/incorporation-and-company-structures/how-to-transfer-property-into-limited-company-uk,2026-07-24,273,26,3,-1
https://www.propertytaxpartners.co.uk/blog/capital-gains-tax/tax-sell-rental-property-uk,2026-07-24,252,23,4,-1
https://www.propertytaxpartners.co.uk/blog/landlord-tax-essentials/sa105-property-income-form-2026-complete-guide,2026-07-24,521,17,5,-1
https://www.propertytaxpartners.co.uk/blog/capital-gains-tax/cgt-gifting-property-family-members-uk,2026-07-24,418,17,5,-1
https://www.propertytaxpartners.co.uk/blog/making-tax-digital-mtd/mtd-quarterly-reporting-landlords-step-by-step-guide,2026-07-24,188,16,5,-1
https://www.propertytaxpartners.co.uk/blog/section-24-and-tax-relief/finance-costs-section-24-complete-guide,2026-07-24,330,15,4,-1
https://www.propertytaxpartners.co.uk/blog/capital-gains-tax/capital-gains-tax-property-complete-guide-uk,2026-07-24,514,9,7,-1
https://www.propertytaxpartners.co.uk/blog/incorporation-and-company-structures/sdlt-transfer-property-company-cost,2026-07-24,200,9,6,-1
https://www.propertytaxpartners.co.uk/blog/property-types-and-specialist-tax/integral-features-capital-allowances,2026-07-24,195,8,5,-1
https://www.propertytaxpartners.co.uk/blog/non-resident-landlord-tax/nrl-approval-receive-rent-gross-hmrc-guide,2026-07-24,397,6,4,-1
https://www.propertytaxpartners.co.uk/blog/making-tax-digital-mtd/mtd-rental-income-threshold-exemptions,2026-07-24,227,6,6,-1
https://www.propertytaxpartners.co.uk/blog/property-types-and-specialist-tax/council-tax-for-new-builds,2026-07-24,84,6,4,-1
https://www.propertytaxpartners.co.uk/blog/making-tax-digital-mtd/making-tax-digital-property-income-2026-complete-guide,2026-07-24,146,5,5,-1
https://www.propertytaxpartners.co.uk/blog/section-24-and-tax-relief/mortgage-interest-deductible-landlords-uk-2026,2026-07-24,138,5,4,-1
https://www.propertytaxpartners.co.uk/blog/capital-gains-tax/ppr-relief-calculation-former-home-step-by-step,2026-07-24,146,4,6,-1
https://www.propertytaxpartners.co.uk/blog/section-24-and-tax-relief/writing-down-allowance-cars,2026-07-24,103,4,6,-1
https://www.propertytaxpartners.co.uk/blog/property-types-and-specialist-tax/how-much-tax-holiday-let-property-uk,2026-07-24,81,4,6,-1
https://www.propertytaxpartners.co.uk/blog/incorporation-and-company-structures/types-of-property-company-structure-uk-guide,2026-07-24,50,4,5,-1
https://www.propertytaxpartners.co.uk/blog/landlord-tax-essentials/property-business-rates-council-tax-landlords,2026-07-24,175,3,5,-1
https://www.propertytaxpartners.co.uk/blog/capital-gains-tax/property-improvements-reduce-cgt-enhancement-expenditure,2026-07-24,142,3,5,-1
https://www.propertytaxpartners.co.uk/blog/section-24-and-tax-relief/replacement-domestic-items-relief-uk-landlords-guide,2026-07-24,136,3,5,-1
https://www.propertytaxpartners.co.uk/blog/capital-gains-tax/principal-private-residence-relief-landlords,2026-07-24,133,3,6,-1
https://www.propertytaxpartners.co.uk/blog/section-24-and-tax-relief/section-24-self-assessment-tax-return,2026-07-24,118,3,5,-1
https://www.propertytaxpartners.co.uk/blog/capital-gains-tax/cgt-property-transfer-spouse,2026-07-24,108,3,5,-1
https://www.propertytaxpartners.co.uk/blog/making-tax-digital-mtd/mtd-itsa-foreign-property-income-quarterly-reporting-rules,2026-07-24,86,3,4,-1
https://www.propertytaxpartners.co.uk/blog/incorporation-and-company-structures/spv-property-investment-special-purpose-vehicle-guide,2026-07-24,84,3,6,-1
https://www.propertytaxpartners.co.uk/blog/landlord-tax-essentials/capital-vs-revenue-expenditure-landlord-uk,2026-07-24,82,3,6,-1
https://www.propertytaxpartners.co.uk/blog/property-accountant-services/can-you-claim-aia-on-second-hand-assets,2026-07-24,78,3,4,-1
https://www.propertytaxpartners.co.uk/blog/capital-gains-tax/cgt-property-sold-loss-claim-capital-losses,2026-07-24,63,3,6,-1
https://www.propertytaxpartners.co.uk/blog/capital-gains-tax/cgt-calculation-selling-buy-to-let-property-step-by-step,2026-07-24,48,3,5,-1
https://www.propertytaxpartners.co.uk/blog/landlord-tax-essentials/abolition-of-furnished-holiday-lettings-fhl-what-individual-owners-needs-to-know,2026-07-24,43,3,6,-1
https://www.propertytaxpartners.co.uk/blog/non-resident-landlord-tax/non-resident-landlord-scheme-uk-complete-guide,2026-07-24,430,2,7,-1
https://www.propertytaxpartners.co.uk/calculators/lbtt-calculator-scotland,2026-07-24,321,2,8,-1
https://www.propertytaxpartners.co.uk/blog/property-types-and-specialist-tax/single-person-council-tax-discount,2026-07-24,244,2,7,-1
https://www.propertytaxpartners.co.uk/blog/property-types-and-specialist-tax/a-complete-guide-on-community-infrastructure-levy-cil,2026-07-24,176,2,6,-1
https://www.propertytaxpartners.co.uk/blog/property-types-and-specialist-tax/capital-allowances-on-property,2026-07-24,145,2,6,-1
https://www.propertytaxpartners.co.uk/blog/incorporation-and-company-structures/directors-loan-accountsdla-uk-guide,2026-07-24,95,2,7,-1
https://www.propertytaxpartners.co.uk/blog/landlord-tax-essentials/form-17-declaration-beneficial-interest-property-mechanics-filing-revocation,2026-07-24,71,2,7,-1
https://www.propertytaxpartners.co.uk/blog/incorporation-and-company-structures/buy-to-let-limited-company-complete-guide-uk,2026-07-24,36,2,4,-1
https://www.propertytaxpartners.co.uk/blog/landlord-tax-essentials/income-tax-rates-landlords-2026-27-complete-guide,2026-07-24,34,2,5,-1
https://www.propertytaxpartners.co.uk/blog/section-24-and-tax-relief/tax-relief-mortgage-interest-rented-property-guide,2026-07-24,28,2,6,-1
https://www.propertytaxpartners.co.uk/blog/landlord-tax-essentials/landlord-vat-registration-when-required,2026-07-24,12,2,4,-1
https://www.propertytaxpartners.co.uk/blog/section-24-and-tax-relief/landlord-tax-deductions-uk-2026-complete-list,2026-07-24,154,1,7,-1
https://www.propertytaxpartners.co.uk/blog/landlord-tax-essentials/land-transaction-tax-a-complete-guide,2026-07-24,139,1,8,-1
https://www.propertytaxpartners.co.uk/blog/property-types-and-specialist-tax/vat-on-new-builds-residential-property,2026-07-24,117,1,6,-1
https://www.propertytaxpartners.co.uk/blog/landlord-tax-essentials/vat-on-rental-income-residential-vs-commercial-landlord-vat-status-decision-framework,2026-07-24,98,1,7,-1
https://www.propertytaxpartners.co.uk/blog/property-types-and-specialist-tax/commercial-property-fixtures-claim-s198-election-purchase-mechanics,2026-07-24,84,1,7,-1
https://www.propertytaxpartners.co.uk/blog/section-24-and-tax-relief/rental-income-tax-uk-complete-guide-landlords,2026-07-24,78,1,7,-1
https://www.propertytaxpartners.co.uk/blog/capital-gains-tax/cgt-rates-property-2026-27-current-rates-explained,2026-07-24,78,1,7,-1
https://www.propertytaxpartners.co.uk/blog/property-types-and-specialist-tax/booking-com-a-complete-guide-for-the-hosts,2026-07-24,78,1,6,-1
https://www.propertytaxpartners.co.uk/blog/incorporation-and-company-structures/corporation-tax-marginal-relief-uk-guide,2026-07-24,74,1,6,-1
https://www.propertytaxpartners.co.uk/blog/non-resident-landlord-tax/non-resident-cgt-uk-property-rates-reporting,2026-07-24,55,1,6,-1
https://www.propertytaxpartners.co.uk/blog/landlord-tax-essentials/discovery-assessment-time-limits-landlord-tax-enquiries-tma-1970-s29,2026-07-24,50,1,6,-1
https://www.propertytaxpartners.co.uk/blog/property-types-and-specialist-tax/capital-allowances-commercial-property-what-can-claim,2026-07-24,48,1,5,-1
https://www.propertytaxpartners.co.uk/blog/property-types-and-specialist-tax/vat-toms-long-term-stays-hotel-aparthotel-28-day-rule-mechanics,2026-07-24,35,1,6,-1
https://www.propertytaxpartners.co.uk/blog/incorporation-and-company-structures/sdlt-group-relief-schedule-7-fa-2003-claw-back-connected-party-recovery-depth,2026-07-24,35,1,7,-1
https://www.propertytaxpartners.co.uk/blog/landlord-tax-essentials/declaration-of-trust-property-beneficial-ownership-mechanics-evidence-form-17,2026-07-24,30,1,7,-1
https://www.propertytaxpartners.co.uk/blog/landlord-tax-essentials/record-keeping-landlords-what-track-how-long-keep,2026-07-24,23,1,4,-1
https://www.propertytaxpartners.co.uk/blog/incorporation-and-company-structures/sdlt-incorporation-stamp-duty-twice,2026-07-24,23,1,7,-1
https://www.propertytaxpartners.co.uk/blog/portfolio-management/property-investment-benchmarks-uk-2026-good-yield,2026-07-24,22,1,5,-1
https://www.propertytaxpartners.co.uk/blog/capital-gains-tax/rollover-relief-property-landlords,2026-07-24,15,1,6,-1
https://www.propertytaxpartners.co.uk/blog/incorporation-and-company-structures/partnership-sdlt-relief-schedule-15-fa-2003-incorporation-sum-lower-proportions,2026-07-24,14,1,6,-1
https://www.propertytaxpartners.co.uk/blog/capital-gains-tax/letting-relief-landlords-2026-changes,2026-07-24,13,1,7,-1
https://www.propertytaxpartners.co.uk/blog/incorporation-and-company-structures/substantial-shareholding-exemption-property-companies,2026-07-24,11,1,5,-1
https://www.propertytaxpartners.co.uk/blog/landlord-tax-essentials/capital-allowances-on-vans,2026-07-24,150,0,6,-1
https://www.propertytaxpartners.co.uk/blog/landlord-tax-essentials/landlord-tax-return-complete-guide-2026,2026-07-24,134,0,7,-1
https://www.propertytaxpartners.co.uk/blog/non-resident-landlord-tax/non-resident-cgt-selling-uk-property-overseas-guide,2026-07-24,82,0,6,-1
https://www.propertytaxpartners.co.uk/blog/property-types-and-specialist-tax/writing-down-allowance-rates,2026-07-24,72,0,6,-1
https://www.propertytaxpartners.co.uk/blog/non-resident-landlord-tax/non-resident-landlord-self-assessment-filing-requirements,2026-07-24,68,0,7,-1
https://www.propertytaxpartners.co.uk/blog/property-types-and-specialist-tax/lease-variation-and-lease-surrender,2026-07-24,62,0,7,-1
https://www.propertytaxpartners.co.uk/blog/landlord-tax-essentials/what-repairs-can-landlords-deduct-from-rental-income,2026-07-24,61,0,7,-1
https://www.propertytaxpartners.co.uk/blog/landlord-tax-essentials/schedule-24-fa-2007-penalty-behaviour-categories-landlord-enquiries,2026-07-24,60,0,8,-1
https://www.propertytaxpartners.co.uk/blog/incorporation-and-company-structures/substantial-shareholding-exemption-sse,2026-07-24,57,0,7,-1
https://www.propertytaxpartners.co.uk/blog/landlord-tax-essentials/how-to-complete-landlord-self-assessment-filing-step-by-step-guide,2026-07-24,55,0,7,-1
https://www.propertytaxpartners.co.uk/blog/property-types-and-specialist-tax/lease-extensions-in-the-uk-surrender-and-regrant,2026-07-24,48,0,7,-1
https://www.propertytaxpartners.co.uk/blog/property-types-and-specialist-tax/single-person-council-tax-discounts-a-complete-guide,2026-07-24,45,0,7,-1
https://www.propertytaxpartners.co.uk/blog/section-24-and-tax-relief/furnished-holiday-let-tax-rules-exemptions,2026-07-24,43,0,7,-1
https://www.propertytaxpartners.co.uk/calculators/ltt-calculator-wales,2026-07-24,38,0,8,-1
https://www.propertytaxpartners.co.uk/blog/capital-gains-tax/capital-gains-tax-property-sale-uk-2026-rates-allowances,2026-07-24,37,0,7,-1
https://www.propertytaxpartners.co.uk/blog/non-resident-landlord-tax/nrl-scheme-letting-agents-quarterly-returns-mechanics,2026-07-24,26,0,6,-1
https://www.propertytaxpartners.co.uk/blog/landlord-tax-essentials/capital-allowances-second-hand-vans,2026-07-24,24,0,7,-1
https://www.propertytaxpartners.co.uk/blog/landlord-tax-essentials/schedule-24-fa-2007-careless-deliberate-penalty-mitigation-landlords,2026-07-24,23,0,9,-1
https://www.propertytaxpartners.co.uk/blog/section-24-and-tax-relief/section-24-mortgage-interest-restriction-uk-landlords,2026-07-24,22,0,6,-1
https://www.propertytaxpartners.co.uk/blog/landlord-tax-essentials/iht-gifts-with-reservation-of-benefit-property,2026-07-24,22,0,4,-1
https://www.propertytaxpartners.co.uk/blog/capital-gains-tax/cgt-payment-deadlines-property-sales-2026,2026-07-24,21,0,7,-1
https://www.propertytaxpartners.co.uk/blog/making-tax-digital-mtd/mtd-record-keeping-landlords-digital-requirements,2026-07-24,17,0,5,-1
https://www.propertytaxpartners.co.uk/blog/property-types-and-specialist-tax/diy-housebuilders-vat-refund-scheme,2026-07-24,16,0,7,-1
https://www.propertytaxpartners.co.uk/blog/landlord-tax-essentials/vat-dilapidations-payments-tenant-landlord-vat-treatment-supply-or-damages,2026-07-24,16,0,5,-1
https://www.propertytaxpartners.co.uk/blog/property-types-and-specialist-tax/a-complete-guide-to-stamp-duty-refund,2026-07-24,15,0,8,-1
https://www.propertytaxpartners.co.uk/property-tax-rates,2026-07-24,14,0,6,-1
https://www.propertytaxpartners.co.uk/blog/incorporation-and-company-structures/how-to-set-up-property-investment-company-uk-guide,2026-07-24,13,0,7,-1
https://www.propertytaxpartners.co.uk/blog/landlord-tax-essentials/scottish-lbtt-rates-bands-2026-27-residential-buyers-complete-guide,2026-07-24,12,0,6,-1
https://www.propertytaxpartners.co.uk/blog/section-24-and-tax-relief/what-is-aia-in-tax,2026-07-24,12,0,7,-1
https://www.propertytaxpartners.co.uk/blog/landlord-tax-essentials/sdlt-5-percent-surcharge-refund-claim-process,2026-07-24,12,0,6,-1
https://www.propertytaxpartners.co.uk/blog/landlord-tax-essentials/periodic-tenancy-default-ast-conversion-mechanics,2026-07-24,12,0,7,-1
https://www.propertytaxpartners.co.uk/blog/property-types-and-specialist-tax/airbnb-tax-uk-short-term-rental-income-taxed,2026-07-24,11,0,7,-1
https://www.propertytaxpartners.co.uk/blog/property-types-and-specialist-tax/vat-property-conversion-residential-to-commercial-or-commercial-to-residential-zero-rate-reduced-rate,2026-07-24,11,0,6,-1
https://www.propertytaxpartners.co.uk/blog/incorporation-and-company-structures/close-investment-holding-company-property,2026-07-24,11,0,8,-1
https://www.propertytaxpartners.co.uk/blog/landlord-tax-essentials/renters-rights-act-rent-increase-section-13-tribunal-route,2026-07-24,11,0,5,-1
https://www.propertytaxpartners.co.uk/blog/capital-gains-tax/cgt-gifting-property-family-members-uk,2026-07-31,488,37,4,-1
https://www.propertytaxpartners.co.uk/blog/landlord-tax-essentials/sa105-property-income-form-2026-complete-guide,2026-07-31,639,27,5,-1
https://www.propertytaxpartners.co.uk/blog/incorporation-and-company-structures/how-to-transfer-property-into-limited-company-uk,2026-07-31,242,26,3,-1
https://www.propertytaxpartners.co.uk/blog/section-24-and-tax-relief/claim-mortgage-interest-rental-property-uk-section-24,2026-07-31,655,21,4,-1
https://www.propertytaxpartners.co.uk/blog/capital-gains-tax/tax-sell-rental-property-uk,2026-07-31,234,21,4,-1
https://www.propertytaxpartners.co.uk/blog/making-tax-digital-mtd/mtd-quarterly-reporting-landlords-step-by-step-guide,2026-07-31,285,11,5,-1
https://www.propertytaxpartners.co.uk/blog/non-resident-landlord-tax/nrl-approval-receive-rent-gross-hmrc-guide,2026-07-31,415,9,4,-1
https://www.propertytaxpartners.co.uk/blog/making-tax-digital-mtd/making-tax-digital-property-income-2026-complete-guide,2026-07-31,200,9,5,-1
https://www.propertytaxpartners.co.uk/blog/making-tax-digital-mtd/mtd-itsa-foreign-property-income-quarterly-reporting-rules,2026-07-31,128,8,4,-1
https://www.propertytaxpartners.co.uk/blog/capital-gains-tax/ppr-relief-calculation-former-home-step-by-step,2026-07-31,217,7,6,-1
https://www.propertytaxpartners.co.uk/blog/incorporation-and-company-structures/sdlt-transfer-property-company-cost,2026-07-31,177,7,6,-1
https://www.propertytaxpartners.co.uk/blog/capital-gains-tax/property-improvements-reduce-cgt-enhancement-expenditure,2026-07-31,176,7,5,-1
https://www.propertytaxpartners.co.uk/blog/property-types-and-specialist-tax/how-much-tax-holiday-let-property-uk,2026-07-31,82,7,5,-1
https://www.propertytaxpartners.co.uk/blog/property-types-and-specialist-tax/council-tax-for-new-builds,2026-07-31,81,7,5,-1
https://www.propertytaxpartners.co.uk/blog/capital-gains-tax/capital-gains-tax-property-complete-guide-uk,2026-07-31,603,6,6,-1
https://www.propertytaxpartners.co.uk/blog/landlord-tax-essentials/property-business-rates-council-tax-landlords,2026-07-31,187,6,5,-1
https://www.propertytaxpartners.co.uk/blog/property-types-and-specialist-tax/booking-com-a-complete-guide-for-the-hosts,2026-07-31,55,6,5,-1
https://www.propertytaxpartners.co.uk/blog/section-24-and-tax-relief/finance-costs-section-24-complete-guide,2026-07-31,327,5,4,-1
https://www.propertytaxpartners.co.uk/blog/capital-gains-tax/principal-private-residence-relief-landlords,2026-07-31,174,5,6,-1
https://www.propertytaxpartners.co.uk/blog/capital-gains-tax/cgt-property-sold-loss-claim-capital-losses,2026-07-31,117,5,6,-1
https://www.propertytaxpartners.co.uk/blog/incorporation-and-company-structures/spv-property-investment-special-purpose-vehicle-guide,2026-07-31,85,4,6,-1
https://www.propertytaxpartners.co.uk/blog/capital-gains-tax/cgt-calculation-selling-buy-to-let-property-step-by-step,2026-07-31,44,4,4,-1
https://www.propertytaxpartners.co.uk/blog/landlord-tax-essentials/sdlt-leasehold-extension-vs-fresh-purchase,2026-07-31,28,4,5,-1
https://www.propertytaxpartners.co.uk/blog/non-resident-landlord-tax/non-resident-landlord-scheme-uk-complete-guide,2026-07-31,449,3,7,-1
https://www.propertytaxpartners.co.uk/blog/property-types-and-specialist-tax/a-complete-guide-on-community-infrastructure-levy-cil,2026-07-31,380,3,7,-1
https://www.propertytaxpartners.co.uk/blog/making-tax-digital-mtd/mtd-rental-income-threshold-exemptions,2026-07-31,178,3,6,-1
https://www.propertytaxpartners.co.uk/blog/section-24-and-tax-relief/landlord-tax-deductions-uk-2026-complete-list,2026-07-31,142,3,6,-1
https://www.propertytaxpartners.co.uk/blog/section-24-and-tax-relief/replacement-domestic-items-relief-uk-landlords-guide,2026-07-31,142,3,5,-1
https://www.propertytaxpartners.co.uk/blog/landlord-tax-essentials/capital-allowances-on-vans,2026-07-31,124,3,7,-1
https://www.propertytaxpartners.co.uk/blog/property-types-and-specialist-tax/capital-allowances-on-property,2026-07-31,123,3,6,-1
https://www.propertytaxpartners.co.uk/blog/incorporation-and-company-structures/directors-loan-accountsdla-uk-guide,2026-07-31,84,3,7,-1
https://www.propertytaxpartners.co.uk/blog/section-24-and-tax-relief/tax-relief-mortgage-interest-rented-property-guide,2026-07-31,59,3,6,-1
https://www.propertytaxpartners.co.uk/blog/property-types-and-specialist-tax/vat-toms-long-term-stays-hotel-aparthotel-28-day-rule-mechanics,2026-07-31,58,3,5,-1
https://www.propertytaxpartners.co.uk/blog/landlord-tax-essentials/income-tax-rates-landlords-2026-27-complete-guide,2026-07-31,45,3,4,-1
https://www.propertytaxpartners.co.uk/blog/property-types-and-specialist-tax/vat-capital-goods-scheme-property-businesses-10-year-adjustment-mechanics,2026-07-31,45,3,6,-1
https://www.propertytaxpartners.co.uk/blog/landlord-tax-essentials/landlord-vat-registration-when-required,2026-07-31,38,3,5,-1
https://www.propertytaxpartners.co.uk/calculators/lbtt-calculator-scotland,2026-07-31,382,2,7,-1
https://www.propertytaxpartners.co.uk/blog/property-types-and-specialist-tax/single-person-council-tax-discount,2026-07-31,282,2,7,-1
https://www.propertytaxpartners.co.uk/blog/section-24-and-tax-relief/mortgage-interest-deductible-landlords-uk-2026,2026-07-31,186,2,4,-1
https://www.propertytaxpartners.co.uk/blog/section-24-and-tax-relief/section-24-self-assessment-tax-return,2026-07-31,124,2,4,-1
https://www.propertytaxpartners.co.uk/blog/capital-gains-tax/cgt-property-transfer-spouse,2026-07-31,91,2,5,-1
https://www.propertytaxpartners.co.uk/blog/property-types-and-specialist-tax/commercial-property-fixtures-claim-s198-election-purchase-mechanics,2026-07-31,78,2,7,-1
https://www.propertytaxpartners.co.uk/blog/property-accountant-services/can-you-claim-aia-on-second-hand-assets,2026-07-31,68,2,4,-1
https://www.propertytaxpartners.co.uk/blog/non-resident-landlord-tax/non-resident-cgt-selling-uk-property-overseas-guide,2026-07-31,62,2,6,-1
https://www.propertytaxpartners.co.uk/blog/landlord-tax-essentials/sdlt-5-percent-surcharge-refund-claim-process,2026-07-31,54,2,7,-1
https://www.propertytaxpartners.co.uk/blog/property-types-and-specialist-tax/single-person-council-tax-discounts-a-complete-guide,2026-07-31,53,2,7,-1
https://www.propertytaxpartners.co.uk/blog/landlord-tax-essentials/what-repairs-can-landlords-deduct-from-rental-income,2026-07-31,48,2,6,-1
https://www.propertytaxpartners.co.uk/blog/landlord-tax-essentials/scottish-lbtt-rates-bands-2026-27-residential-buyers-complete-guide,2026-07-31,43,2,6,-1
https://www.propertytaxpartners.co.uk/blog/landlord-tax-essentials/land-transaction-tax-a-complete-guide,2026-07-31,144,1,8,-1
https://www.propertytaxpartners.co.uk/blog/property-types-and-specialist-tax/diy-housebuilders-vat-refund-scheme,2026-07-31,131,1,6,-1
https://www.propertytaxpartners.co.uk/blog/property-types-and-specialist-tax/integral-features-capital-allowances,2026-07-31,123,1,5,-1
https://www.propertytaxpartners.co.uk/blog/landlord-tax-essentials/landlord-tax-return-complete-guide-2026,2026-07-31,121,1,7,-1
https://www.propertytaxpartners.co.uk/blog/incorporation-and-company-structures/corporation-tax-marginal-relief-uk-guide,2026-07-31,114,1,6,-1
https://www.propertytaxpartners.co.uk/blog/landlord-tax-essentials/form-17-declaration-beneficial-interest-property-mechanics-filing-revocation,2026-07-31,81,1,6,-1
https://www.propertytaxpartners.co.uk/calculators/ltt-calculator-wales,2026-07-31,79,1,7,-1
https://www.propertytaxpartners.co.uk/blog/property-types-and-specialist-tax/writing-down-allowance-rates,2026-07-31,71,1,6,-1
https://www.propertytaxpartners.co.uk/property-tax-rates,2026-07-31,55,1,5,-1
https://www.propertytaxpartners.co.uk/blog/property-types-and-specialist-tax/capital-allowances-examples,2026-07-31,47,1,6,-1
https://www.propertytaxpartners.co.uk/blog/landlord-tax-essentials/welsh-land-transaction-tax-ltt-rates-bands-2026-27-residential-buyers,2026-07-31,37,1,6,-1
https://www.propertytaxpartners.co.uk/blog/property-types-and-specialist-tax/lease-variation-and-lease-surrender,2026-07-31,30,1,7,-1
https://www.propertytaxpartners.co.uk/blog/property-types-and-specialist-tax/how-owning-property-abroad-leads-higher-stamp-duty-rates,2026-07-31,29,1,5,-1
https://www.propertytaxpartners.co.uk/blog/making-tax-digital-mtd/mtd-record-keeping-landlords-digital-requirements,2026-07-31,29,1,7,-1
https://www.propertytaxpartners.co.uk/blog/incorporation-and-company-structures/types-of-property-company-structure-uk-guide,2026-07-31,24,1,4,-1
https://www.propertytaxpartners.co.uk/blog/non-resident-landlord-tax/nrcgt-indirect-disposal-property-rich-companies-shares,2026-07-31,16,1,6,-1
https://www.propertytaxpartners.co.uk/blog/capital-gains-tax/rollover-relief-property-landlords,2026-07-31,14,1,6,-1
https://www.propertytaxpartners.co.uk/blog/landlord-tax-essentials/iht-long-term-resident-test-section-6a-tail-period-table-landlords,2026-07-31,12,1,5,-1
https://www.propertytaxpartners.co.uk/blog/property-types-and-specialist-tax/airbnb-tax-uk-short-term-rental-income-taxed,2026-07-31,11,1,5,-1
https://www.propertytaxpartners.co.uk/blog/section-24-and-tax-relief/writing-down-allowance-cars,2026-07-31,93,0,6,-1
https://www.propertytaxpartners.co.uk/blog/property-types-and-specialist-tax/vat-on-new-builds-residential-property,2026-07-31,90,0,6,-1
https://www.propertytaxpartners.co.uk/blog/landlord-tax-essentials/vat-on-rental-income-residential-vs-commercial-landlord-vat-status-decision-framework,2026-07-31,88,0,6,-1
https://www.propertytaxpartners.co.uk/blog/capital-gains-tax/cgt-rates-property-2026-27-current-rates-explained,2026-07-31,85,0,7,-1
https://www.propertytaxpartners.co.uk/blog/landlord-tax-essentials/how-to-complete-landlord-self-assessment-filing-step-by-step-guide,2026-07-31,84,0,7,-1
https://www.propertytaxpartners.co.uk/blog/non-resident-landlord-tax/non-resident-landlord-self-assessment-filing-requirements,2026-07-31,76,0,7,-1
https://www.propertytaxpartners.co.uk/blog/landlord-tax-essentials/discovery-assessment-time-limits-landlord-tax-enquiries-tma-1970-s29,2026-07-31,63,0,7,-1
https://www.propertytaxpartners.co.uk/blog/section-24-and-tax-relief/rental-income-tax-uk-complete-guide-landlords,2026-07-31,60,0,6,-1
https://www.propertytaxpartners.co.uk/blog/section-24-and-tax-relief/section-24-mortgage-interest-restriction-uk-landlords,2026-07-31,59,0,6,-1
https://www.propertytaxpartners.co.uk/blog/landlord-tax-essentials/schedule-24-fa-2007-penalty-behaviour-categories-landlord-enquiries,2026-07-31,54,0,8,-1
https://www.propertytaxpartners.co.uk/blog/section-24-and-tax-relief/furnished-holiday-let-tax-rules-exemptions,2026-07-31,48,0,7,-1
https://www.propertytaxpartners.co.uk/blog/property-types-and-specialist-tax/a-complete-guide-to-stamp-duty-refund,2026-07-31,43,0,8,-1
https://www.propertytaxpartners.co.uk/blog/property-types-and-specialist-tax/vat-option-to-tax-commercial-property-mechanics-election-revocation,2026-07-31,40,0,8,-1
https://www.propertytaxpartners.co.uk/blog/non-resident-landlord-tax/nrl-scheme-letting-agents-quarterly-returns-mechanics,2026-07-31,36,0,6,-1
https://www.propertytaxpartners.co.uk/blog/non-resident-landlord-tax/non-resident-cgt-uk-property-rates-reporting,2026-07-31,34,0,6,-1
https://www.propertytaxpartners.co.uk/blog/incorporation-and-company-structures/sdlt-group-relief-for-corporate-landlord-portfolios,2026-07-31,33,0,8,-1
https://www.propertytaxpartners.co.uk/blog/capital-gains-tax/cgt-payment-deadlines-property-sales-2026,2026-07-31,31,0,7,-1
https://www.propertytaxpartners.co.uk/blog/section-24-and-tax-relief/rent-a-room-relief-uk-landlords-lodgers-guide,2026-07-31,27,0,7,-1
https://www.propertytaxpartners.co.uk/blog/incorporation-and-company-structures/substantial-shareholding-exemption-sse,2026-07-31,26,0,7,-1
https://www.propertytaxpartners.co.uk/blog/property-types-and-specialist-tax/lease-extensions-in-the-uk-surrender-and-regrant,2026-07-31,25,0,8,-1
https://www.propertytaxpartners.co.uk/blog/incorporation-and-company-structures/sdlt-group-relief-schedule-7-fa-2003-claw-back-connected-party-recovery-depth,2026-07-31,25,0,7,-1
https://www.propertytaxpartners.co.uk/blog/non-resident-landlord-tax/nrl-withholding-tax-20-percent-basic-rate-deduction,2026-07-31,23,0,5,-1
https://www.propertytaxpartners.co.uk/blog/capital-gains-tax/cgt-selling-buy-to-let-property-calculation-guide,2026-07-31,23,0,6,-1
https://www.propertytaxpartners.co.uk/blog/incorporation-and-company-structures/togc-vat-property-letting-business,2026-07-31,22,0,7,-1
https://www.propertytaxpartners.co.uk/blog/incorporation-and-company-structures/settlements-legislation-s624-s629-property-income-attribution-mechanics,2026-07-31,18,0,6,-1
https://www.propertytaxpartners.co.uk/blog/incorporation-and-company-structures/property-investment-company-structure-planning,2026-07-31,16,0,5,-1
https://www.propertytaxpartners.co.uk/blog/landlord-tax-essentials/capital-allowances-second-hand-vans,2026-07-31,14,0,8,-1
https://www.propertytaxpartners.co.uk/blog/landlord-tax-essentials/sdlt-buy-to-let-rates-surcharge-guide-2025,2026-07-31,14,0,7,-1
https://www.propertytaxpartners.co.uk/blog/landlord-tax-essentials/2027-property-income-tax-rates-landlords-uk,2026-07-31,13,0,5,-1
https://www.propertytaxpartners.co.uk/blog/property-types-and-specialist-tax/vat-property-conversion-residential-to-commercial-or-commercial-to-residential-zero-rate-reduced-rate,2026-07-31,12,0,7,-1
https://www.propertytaxpartners.co.uk/blog/capital-gains-tax/capital-gains-tax-property-sale-uk-2026-rates-allowances,2026-07-31,12,0,7,-1
https://www.propertytaxpartners.co.uk/blog/property-types-and-specialist-tax/balancing-allowance-balancing-charge-on-disposal-property-capital-allowances-mechanics,2026-07-31,12,0,6,-1
https://www.propertytaxpartners.co.uk/blog/section-24-and-tax-relief/section-24-tax-credit-20-percent-basic-rate-relief,2026-07-31,12,0,5,-1
https://www.propertytaxpartners.co.uk/blog/section-24-and-tax-relief/claim-mortgage-interest-rental-property-uk-section-24,2026-08-07,634,41,4,-1
https://www.propertytaxpartners.co.uk/blog/capital-gains-tax/cgt-gifting-property-family-members-uk,2026-08-07,506,33,4,-1
https://www.propertytaxpartners.co.uk/blog/incorporation-and-company-structures/how-to-transfer-property-into-limited-company-uk,2026-08-07,296,30,4,-1
https://www.propertytaxpartners.co.uk/blog/landlord-tax-essentials/sa105-property-income-form-2026-complete-guide,2026-08-07,755,23,5,-1
https://www.propertytaxpartners.co.uk/blog/making-tax-digital-mtd/mtd-quarterly-reporting-landlords-step-by-step-guide,2026-08-07,352,20,5,-1
https://www.propertytaxpartners.co.uk/blog/capital-gains-tax/tax-sell-rental-property-uk,2026-08-07,270,17,4,-1
https://www.propertytaxpartners.co.uk/blog/section-24-and-tax-relief/finance-costs-section-24-complete-guide,2026-08-07,430,15,4,-1
https://www.propertytaxpartners.co.uk/blog/making-tax-digital-mtd/making-tax-digital-property-income-2026-complete-guide,2026-08-07,298,14,5,-1
https://www.propertytaxpartners.co.uk/blog/making-tax-digital-mtd/mtd-itsa-foreign-property-income-quarterly-reporting-rules,2026-08-07,218,12,5,-1
https://www.propertytaxpartners.co.uk/blog/non-resident-landlord-tax/nrl-approval-receive-rent-gross-hmrc-guide,2026-08-07,373,11,4,-1
https://www.propertytaxpartners.co.uk/blog/section-24-and-tax-relief/landlord-tax-deductions-uk-2026-complete-list,2026-08-07,199,8,6,-1
https://www.propertytaxpartners.co.uk/blog/section-24-and-tax-relief/mortgage-interest-deductible-landlords-uk-2026,2026-08-07,192,8,4,-1
https://www.propertytaxpartners.co.uk/blog/landlord-tax-essentials/property-business-rates-council-tax-landlords,2026-08-07,179,8,5,-1
https://www.propertytaxpartners.co.uk/blog/making-tax-digital-mtd/mtd-rental-income-threshold-exemptions,2026-08-07,284,7,6,-1
https://www.propertytaxpartners.co.uk/blog/incorporation-and-company-structures/sdlt-transfer-property-company-cost,2026-08-07,217,7,5,-1
https://www.propertytaxpartners.co.uk/blog/section-24-and-tax-relief/mortgage-arrangement-fees-deductible-landlord,2026-08-07,61,7,4,-1
https://www.propertytaxpartners.co.uk/blog/capital-gains-tax/capital-gains-tax-property-complete-guide-uk,2026-08-07,507,5,6,-1
https://www.propertytaxpartners.co.uk/blog/landlord-tax-essentials/vat-on-rental-income-residential-vs-commercial-landlord-vat-status-decision-framework,2026-08-07,144,5,6,-1
https://www.propertytaxpartners.co.uk/blog/property-types-and-specialist-tax/capital-allowances-on-property,2026-08-07,128,5,5,-1
https://www.propertytaxpartners.co.uk/blog/landlord-tax-essentials/capital-vs-revenue-expenditure-landlord-uk,2026-08-07,66,5,5,-1
https://www.propertytaxpartners.co.uk/blog/non-resident-landlord-tax/non-resident-landlord-scheme-uk-complete-guide,2026-08-07,362,4,6,-1
https://www.propertytaxpartners.co.uk/blog/incorporation-and-company-structures/directors-loan-accountsdla-uk-guide,2026-08-07,239,4,6,-1
https://www.propertytaxpartners.co.uk/blog/capital-gains-tax/cgt-property-sold-loss-claim-capital-losses,2026-08-07,115,4,5,-1
https://www.propertytaxpartners.co.uk/blog/capital-gains-tax/cgt-property-transfer-spouse,2026-08-07,92,4,5,-1
https://www.propertytaxpartners.co.uk/blog/section-24-and-tax-relief/tax-relief-mortgage-interest-rented-property-guide,2026-08-07,65,4,6,-1
https://www.propertytaxpartners.co.uk/blog/capital-gains-tax/cgt-calculation-selling-buy-to-let-property-step-by-step,2026-08-07,52,4,3,-1
https://www.propertytaxpartners.co.uk/blog/landlord-tax-essentials/btl-mortgage,2026-08-07,15,4,2,-1
https://www.propertytaxpartners.co.uk/blog/property-types-and-specialist-tax/a-complete-guide-on-community-infrastructure-levy-cil,2026-08-07,313,3,6,-1
https://www.propertytaxpartners.co.uk/blog/capital-gains-tax/property-improvements-reduce-cgt-enhancement-expenditure,2026-08-07,152,3,5,-1
https://www.propertytaxpartners.co.uk/blog/landlord-tax-essentials/capital-allowances-on-vans,2026-08-07,148,3,6,-1
https://www.propertytaxpartners.co.uk/blog/section-24-and-tax-relief/section-24-self-assessment-tax-return,2026-08-07,129,3,4,-1
https://www.propertytaxpartners.co.uk/blog/property-types-and-specialist-tax/integral-features-capital-allowances,2026-08-07,120,3,5,-1
https://www.propertytaxpartners.co.uk/blog/property-types-and-specialist-tax/booking-com-a-complete-guide-for-the-hosts,2026-08-07,92,3,5,-1
https://www.propertytaxpartners.co.uk/blog/property-types-and-specialist-tax/airbnb-tax-uk-short-term-rental-income-taxed,2026-08-07,63,3,5,-1
https://www.propertytaxpartners.co.uk/blog/landlord-tax-essentials/income-tax-rates-landlords-2026-27-complete-guide,2026-08-07,56,3,5,-1
https://www.propertytaxpartners.co.uk/blog/landlord-tax-essentials/penalties-not-declaring-rental-income-hmrc,2026-08-07,11,3,7,-1
https://www.propertytaxpartners.co.uk/blog/capital-gains-tax/ppr-relief-calculation-former-home-step-by-step,2026-08-07,150,2,6,-1
https://www.propertytaxpartners.co.uk/blog/section-24-and-tax-relief/replacement-domestic-items-relief-uk-landlords-guide,2026-08-07,141,2,5,-1
https://www.propertytaxpartners.co.uk/blog/property-types-and-specialist-tax/how-much-tax-holiday-let-property-uk,2026-08-07,109,2,5,-1
https://www.propertytaxpartners.co.uk/blog/property-types-and-specialist-tax/council-tax-for-new-builds,2026-08-07,90,2,4,-1
https://www.propertytaxpartners.co.uk/blog/landlord-tax-essentials/what-repairs-can-landlords-deduct-from-rental-income,2026-08-07,82,2,6,-1
https://www.propertytaxpartners.co.uk/blog/section-24-and-tax-relief/furnished-holiday-let-tax-rules-exemptions,2026-08-07,75,2,6,-1
https://www.propertytaxpartners.co.uk/blog/property-types-and-specialist-tax/commercial-property-fixtures-claim-s198-election-purchase-mechanics,2026-08-07,70,2,8,-1
https://www.propertytaxpartners.co.uk/blog/section-24-and-tax-relief/writing-down-allowance-cars,2026-08-07,69,2,6,-1
https://www.propertytaxpartners.co.uk/blog/landlord-tax-essentials/how-to-complete-landlord-self-assessment-filing-step-by-step-guide,2026-08-07,54,2,6,-1
https://www.propertytaxpartners.co.uk/blog/property-types-and-specialist-tax/vat-capital-goods-scheme-property-businesses-10-year-adjustment-mechanics,2026-08-07,26,2,5,-1
https://www.propertytaxpartners.co.uk/blog/property-types-and-specialist-tax/writing-down-allowance-rates,2026-08-07,24,2,6,-1
https://www.propertytaxpartners.co.uk/blog/property-types-and-specialist-tax/commercial-property-tax-landlords-rates-reliefs-allowances,2026-08-07,13,2,5,-1
https://www.propertytaxpartners.co.uk/blog/property-types-and-specialist-tax/single-person-council-tax-discount,2026-08-07,317,1,7,-1
https://www.propertytaxpartners.co.uk/blog/incorporation-and-company-structures/spv-property-investment-special-purpose-vehicle-guide,2026-08-07,87,1,6,-1
https://www.propertytaxpartners.co.uk/blog/landlord-tax-essentials/form-17-declaration-beneficial-interest-property-mechanics-filing-revocation,2026-08-07,80,1,6,-1
https://www.propertytaxpartners.co.uk/blog/property-types-and-specialist-tax/vat-toms-long-term-stays-hotel-aparthotel-28-day-rule-mechanics,2026-08-07,72,1,6,-1
https://www.propertytaxpartners.co.uk/blog/capital-gains-tax/cgt-rates-property-2026-27-current-rates-explained,2026-08-07,64,1,7,-1
https://www.propertytaxpartners.co.uk/blog/making-tax-digital-mtd/mtd-record-keeping-landlords-digital-requirements,2026-08-07,56,1,6,-1
https://www.propertytaxpartners.co.uk/blog/incorporation-and-company-structures/types-of-property-company-structure-uk-guide,2026-08-07,51,1,5,-1
https://www.propertytaxpartners.co.uk/blog/property-types-and-specialist-tax/capital-allowances-examples,2026-08-07,51,1,7,-1
https://www.propertytaxpartners.co.uk/blog/non-resident-landlord-tax/non-resident-cgt-selling-uk-property-overseas-guide,2026-08-07,50,1,6,-1
https://www.propertytaxpartners.co.uk/blog/property-accountant-services/can-you-claim-aia-on-second-hand-assets,2026-08-07,45,1,4,-1
https://www.propertytaxpartners.co.uk/blog/property-types-and-specialist-tax/lease-extensions-in-the-uk-surrender-and-regrant,2026-08-07,45,1,6,-1
https://www.propertytaxpartners.co.uk/blog/non-resident-landlord-tax/non-resident-landlord-self-assessment-filing-requirements,2026-08-07,42,1,6,-1
https://www.propertytaxpartners.co.uk/blog/property-types-and-specialist-tax/single-person-council-tax-discounts-a-complete-guide,2026-08-07,41,1,5,-1
https://www.propertytaxpartners.co.uk/blog/landlord-tax-essentials/declaration-of-trust-property-beneficial-ownership-mechanics-evidence-form-17,2026-08-07,34,1,7,-1
https://www.propertytaxpartners.co.uk/blog/incorporation-and-company-structures/partnership-sdlt-relief-schedule-15-fa-2003-incorporation-sum-lower-proportions,2026-08-07,27,1,7,-1
https://www.propertytaxpartners.co.uk/blog/portfolio-management/property-investment-benchmarks-uk-2026-good-yield,2026-08-07,27,1,5,-1
https://www.propertytaxpartners.co.uk/blog/making-tax-digital-mtd/best-mtd-software-landlords-2026,2026-08-07,23,1,3,-1
https://www.propertytaxpartners.co.uk/blog/capital-gains-tax/cgt-selling-buy-to-let-property-calculation-guide,2026-08-07,20,1,4,-1
https://www.propertytaxpartners.co.uk/blog/landlord-tax-essentials/sdlt-leasehold-extension-vs-fresh-purchase,2026-08-07,17,1,5,-1
https://www.propertytaxpartners.co.uk/blog/section-24-and-tax-relief/section-24-remortgaging-btl-property-tax-implications,2026-08-07,13,1,2,-1
https://www.propertytaxpartners.co.uk/blog/landlord-tax-essentials/lbtt-review-in-scotland,2026-08-07,11,1,6,-1
https://www.propertytaxpartners.co.uk/blog/capital-gains-tax/cgt-inherited-rental-property-calculation-uk,2026-08-07,9,1,3,-1
https://www.propertytaxpartners.co.uk/calculators/lbtt-calculator-scotland,2026-08-07,345,0,8,-1
https://www.propertytaxpartners.co.uk/blog/landlord-tax-essentials/landlord-tax-return-complete-guide-2026,2026-08-07,144,0,7,-1
https://www.propertytaxpartners.co.uk/blog/capital-gains-tax/principal-private-residence-relief-landlords,2026-08-07,142,0,6,-1
https://www.propertytaxpartners.co.uk/blog/section-24-and-tax-relief/rental-income-tax-uk-complete-guide-landlords,2026-08-07,109,0,7,-1
https://www.propertytaxpartners.co.uk/blog/capital-gains-tax/cgt-payment-deadlines-property-sales-2026,2026-08-07,100,0,6,-1
https://www.propertytaxpartners.co.uk/blog/property-types-and-specialist-tax/diy-housebuilders-vat-refund-scheme,2026-08-07,91,0,7,-1
https://www.propertytaxpartners.co.uk/blog/landlord-tax-essentials/land-transaction-tax-a-complete-guide,2026-08-07,89,0,8,-1
https://www.propertytaxpartners.co.uk/blog/property-types-and-specialist-tax/vat-on-new-builds-residential-property,2026-08-07,86,0,6,-1
https://www.propertytaxpartners.co.uk/blog/non-resident-landlord-tax/non-resident-cgt-uk-property-rates-reporting,2026-08-07,66,0,6,-1
https://www.propertytaxpartners.co.uk/blog/incorporation-and-company-structures/corporation-tax-marginal-relief-uk-guide,2026-08-07,59,0,6,-1
https://www.propertytaxpartners.co.uk/blog/property-types-and-specialist-tax/vat-property-conversion-residential-to-commercial-or-commercial-to-residential-zero-rate-reduced-rate,2026-08-07,52,0,6,-1
https://www.propertytaxpartners.co.uk/blog/incorporation-and-company-structures/substantial-shareholding-exemption-sse,2026-08-07,39,0,8,-1
https://www.propertytaxpartners.co.uk/blog/property-types-and-specialist-tax/vat-option-to-tax-commercial-property-mechanics-election-revocation,2026-08-07,38,0,7,-1
https://www.propertytaxpartners.co.uk/blog/capital-gains-tax/cgt-annual-exempt-amount-3000-allowance-2026-27,2026-08-07,37,0,7,-1
https://www.propertytaxpartners.co.uk/blog/property-types-and-specialist-tax/capital-allowances-commercial-property-what-can-claim,2026-08-07,36,0,5,-1
https://www.propertytaxpartners.co.uk/blog/landlord-tax-essentials/a-complete-guide-to-periodic-tenancy,2026-08-07,36,0,7,-1
https://www.propertytaxpartners.co.uk/blog/capital-gains-tax/capital-gains-tax-property-sale-uk-2026-rates-allowances,2026-08-07,31,0,6,-1
https://www.propertytaxpartners.co.uk/blog/landlord-tax-essentials/discovery-assessment-time-limits-landlord-tax-enquiries-tma-1970-s29,2026-08-07,29,0,7,-1
https://www.propertytaxpartners.co.uk/blog/incorporation-and-company-structures/buy-to-let-limited-company-complete-guide-uk,2026-08-07,28,0,3,-1
https://www.propertytaxpartners.co.uk/blog/property-types-and-specialist-tax/a-complete-guide-to-stamp-duty-refund,2026-08-07,27,0,7,-1
https://www.propertytaxpartners.co.uk/blog/making-tax-digital-mtd/how-to-register-mtd-landlord-step-by-step-guide,2026-08-07,27,0,6,-1
https://www.propertytaxpartners.co.uk/blog/incorporation-and-company-structures/sdlt-group-relief-for-corporate-landlord-portfolios,2026-08-07,26,0,8,-1
https://www.propertytaxpartners.co.uk/blog/capital-gains-tax/letting-relief-landlords-2026-changes,2026-08-07,24,0,8,-1
https://www.propertytaxpartners.co.uk/blog/landlord-tax-essentials/sdlt-5-percent-surcharge-refund-claim-process,2026-08-07,24,0,6,-1
https://www.propertytaxpartners.co.uk/blog/landlord-tax-essentials/record-keeping-landlords-what-track-how-long-keep,2026-08-07,22,0,5,-1
https://www.propertytaxpartners.co.uk/blog/landlord-tax-essentials/scottish-lbtt-rates-bands-2026-27-residential-buyers-complete-guide,2026-08-07,22,0,6,-1
https://www.propertytaxpartners.co.uk/blog/landlord-tax-essentials/annual-investment-allowance-2025,2026-08-07,22,0,5,-1
https://www.propertytaxpartners.co.uk/blog/capital-gains-tax/cgt-main-residence-relief-joint-ownership-pra-election-spouses-mechanics,2026-08-07,21,0,5,-1
https://www.propertytaxpartners.co.uk/blog/making-tax-digital-mtd/mtd-itsa-agent-services-account-asa-authorisation-walkthrough,2026-08-07,18,0,6,-1
https://www.propertytaxpartners.co.uk/blog/property-types-and-specialist-tax/how-owning-property-abroad-leads-higher-stamp-duty-rates,2026-08-07,17,0,5,-1
https://www.propertytaxpartners.co.uk/blog/capital-gains-tax/cgt-gifting-property-family-members-uk,2026-08-14,607,40,4,-1
https://www.propertytaxpartners.co.uk/blog/incorporation-and-company-structures/how-to-transfer-property-into-limited-company-uk,2026-08-14,372,34,3,-1
https://www.propertytaxpartners.co.uk/blog/landlord-tax-essentials/sa105-property-income-form-2026-complete-guide,2026-08-14,623,19,5,-1
https://www.propertytaxpartners.co.uk/blog/capital-gains-tax/tax-sell-rental-property-uk,2026-08-14,291,18,4,-1
https://www.propertytaxpartners.co.uk/blog/section-24-and-tax-relief/claim-mortgage-interest-rental-property-uk-section-24,2026-08-14,451,17,4,-1
https://www.propertytaxpartners.co.uk/blog/property-types-and-specialist-tax/council-tax-for-new-builds,2026-08-14,113,12,4,-1
https://www.propertytaxpartners.co.uk/blog/section-24-and-tax-relief/mortgage-interest-deductible-landlords-uk-2026,2026-08-14,219,10,4,-1
https://www.propertytaxpartners.co.uk/blog/landlord-tax-essentials/what-repairs-can-landlords-deduct-from-rental-income,2026-08-14,127,9,6,-1
https://www.propertytaxpartners.co.uk/blog/section-24-and-tax-relief/mortgage-arrangement-fees-deductible-landlord,2026-08-14,101,9,4,-1
https://www.propertytaxpartners.co.uk/blog/capital-gains-tax/cgt-calculation-selling-buy-to-let-property-step-by-step,2026-08-14,84,8,3,-1
https://www.propertytaxpartners.co.uk/blog/non-resident-landlord-tax/nrl-approval-receive-rent-gross-hmrc-guide,2026-08-14,394,7,4,-1
https://www.propertytaxpartners.co.uk/blog/making-tax-digital-mtd/mtd-quarterly-reporting-landlords-step-by-step-guide,2026-08-14,165,7,5,-1
https://www.propertytaxpartners.co.uk/blog/making-tax-digital-mtd/making-tax-digital-property-income-2026-complete-guide,2026-08-14,116,7,6,-1
https://www.propertytaxpartners.co.uk/blog/property-types-and-specialist-tax/how-much-tax-holiday-let-property-uk,2026-08-14,103,7,5,-1
https://www.propertytaxpartners.co.uk/blog/incorporation-and-company-structures/partnership-sdlt-relief-schedule-15-fa-2003-incorporation-sum-lower-proportions,2026-08-14,66,7,6,-1
https://www.propertytaxpartners.co.uk/blog/landlord-tax-essentials/property-business-rates-council-tax-landlords,2026-08-14,233,6,5,-1
https://www.propertytaxpartners.co.uk/blog/making-tax-digital-mtd/mtd-rental-income-threshold-exemptions,2026-08-14,129,6,6,-1
https://www.propertytaxpartners.co.uk/blog/capital-gains-tax/ppr-relief-calculation-former-home-step-by-step,2026-08-14,174,5,6,-1
https://www.propertytaxpartners.co.uk/blog/making-tax-digital-mtd/mtd-itsa-foreign-property-income-quarterly-reporting-rules,2026-08-14,91,5,5,-1
https://www.propertytaxpartners.co.uk/blog/capital-gains-tax/capital-gains-tax-property-complete-guide-uk,2026-08-14,476,4,7,-1
https://www.propertytaxpartners.co.uk/blog/capital-gains-tax/principal-private-residence-relief-landlords,2026-08-14,171,4,6,-1
https://www.propertytaxpartners.co.uk/blog/property-types-and-specialist-tax/single-person-council-tax-discounts-a-complete-guide,2026-08-14,56,4,6,-1
https://www.propertytaxpartners.co.uk/blog/section-24-and-tax-relief/finance-costs-section-24-complete-guide,2026-08-14,302,3,4,-1
https://www.propertytaxpartners.co.uk/blog/incorporation-and-company-structures/directors-loan-accountsdla-uk-guide,2026-08-14,251,3,6,-1
https://www.propertytaxpartners.co.uk/blog/property-types-and-specialist-tax/capital-allowances-on-property,2026-08-14,246,3,6,-1
https://www.propertytaxpartners.co.uk/blog/section-24-and-tax-relief/landlord-tax-deductions-uk-2026-complete-list,2026-08-14,205,3,6,-1
https://www.propertytaxpartners.co.uk/blog/capital-gains-tax/cgt-property-sold-loss-claim-capital-losses,2026-08-14,185,3,6,-1
https://www.propertytaxpartners.co.uk/blog/incorporation-and-company-structures/sdlt-transfer-property-company-cost,2026-08-14,161,3,5,-1
https://www.propertytaxpartners.co.uk/blog/capital-gains-tax/property-improvements-reduce-cgt-enhancement-expenditure,2026-08-14,152,3,5,-1
https://www.propertytaxpartners.co.uk/blog/section-24-and-tax-relief/replacement-domestic-items-relief-uk-landlords-guide,2026-08-14,147,3,5,-1
https://www.propertytaxpartners.co.uk/blog/property-types-and-specialist-tax/commercial-property-fixtures-claim-s198-election-purchase-mechanics,2026-08-14,119,3,7,-1
https://www.propertytaxpartners.co.uk/blog/capital-gains-tax/cgt-property-transfer-spouse,2026-08-14,96,3,5,-1
https://www.propertytaxpartners.co.uk/blog/section-24-and-tax-relief/section-24-self-assessment-tax-return,2026-08-14,89,3,5,-1
https://www.propertytaxpartners.co.uk/blog/landlord-tax-essentials/btl-mortgage,2026-08-14,54,3,3,-1
https://www.propertytaxpartners.co.uk/blog/property-types-and-specialist-tax/vat-property-conversion-residential-to-commercial-or-commercial-to-residential-zero-rate-reduced-rate,2026-08-14,38,3,6,-1
https://www.propertytaxpartners.co.uk/blog/landlord-tax-essentials/capital-allowances-on-vans,2026-08-14,135,2,6,-1
https://www.propertytaxpartners.co.uk/blog/landlord-tax-essentials/vat-on-rental-income-residential-vs-commercial-landlord-vat-status-decision-framework,2026-08-14,122,2,6,-1
https://www.propertytaxpartners.co.uk/blog/incorporation-and-company-structures/corporation-tax-marginal-relief-uk-guide,2026-08-14,106,2,7,-1
https://www.propertytaxpartners.co.uk/blog/portfolio-management/property-investment-benchmarks-uk-2026-good-yield,2026-08-14,69,2,6,-1
https://www.propertytaxpartners.co.uk/blog/section-24-and-tax-relief/tax-relief-mortgage-interest-rented-property-guide,2026-08-14,57,2,6,-1
https://www.propertytaxpartners.co.uk/blog/property-accountant-services/can-you-claim-aia-on-second-hand-assets,2026-08-14,55,2,4,-1
https://www.propertytaxpartners.co.uk/blog/capital-gains-tax/capital-gains-tax-property-sale-uk-2026-rates-allowances,2026-08-14,50,2,6,-1
https://www.propertytaxpartners.co.uk/blog/property-types-and-specialist-tax/booking-com-a-complete-guide-for-the-hosts,2026-08-14,41,2,4,-1
https://www.propertytaxpartners.co.uk/blog/property-types-and-specialist-tax/vat-toms-long-term-stays-hotel-aparthotel-28-day-rule-mechanics,2026-08-14,38,2,4,-1
https://www.propertytaxpartners.co.uk/blog/capital-gains-tax/cgt-on-inherited-property-uk-probate-base-cost,2026-08-14,25,2,5,-1
https://www.propertytaxpartners.co.uk/blog/incorporation-and-company-structures/llp-accounts,2026-08-14,24,2,6,-1
https://www.propertytaxpartners.co.uk/blog/capital-gains-tax/cgt-overseas-property-uk-residents-foreign-disposals,2026-08-14,12,2,4,-1
https://www.propertytaxpartners.co.uk/blog/making-tax-digital-mtd/mtd-record-keeping-landlords-digital-requirements,2026-08-14,5,2,4,-1
https://www.propertytaxpartners.co.uk/blog/non-resident-landlord-tax/non-resident-landlord-scheme-uk-complete-guide,2026-08-14,404,1,7,-1
https://www.propertytaxpartners.co.uk/blog/property-types-and-specialist-tax/a-complete-guide-on-community-infrastructure-levy-cil,2026-08-14,219,1,6,-1
https://www.propertytaxpartners.co.uk/blog/property-types-and-specialist-tax/integral-features-capital-allowances,2026-08-14,212,1,5,-1
https://www.propertytaxpartners.co.uk/blog/property-types-and-specialist-tax/diy-housebuilders-vat-refund-scheme,2026-08-14,129,1,7,-1
https://www.propertytaxpartners.co.uk/blog/landlord-tax-essentials/land-transaction-tax-a-complete-guide,2026-08-14,122,1,7,-1
https://www.propertytaxpartners.co.uk/blog/capital-gains-tax/cgt-payment-deadlines-property-sales-2026,2026-08-14,103,1,7,-1
https://www.propertytaxpartners.co.uk/blog/landlord-tax-essentials/form-17-declaration-beneficial-interest-property-mechanics-filing-revocation,2026-08-14,102,1,6,-1
https://www.propertytaxpartners.co.uk/blog/property-types-and-specialist-tax/airbnb-tax-uk-short-term-rental-income-taxed,2026-08-14,88,1,5,-1
https://www.propertytaxpartners.co.uk/blog/section-24-and-tax-relief/writing-down-allowance-cars,2026-08-14,76,1,6,-1
https://www.propertytaxpartners.co.uk/blog/property-types-and-specialist-tax/capital-allowances-examples,2026-08-14,68,1,6,-1
https://www.propertytaxpartners.co.uk/blog/non-resident-landlord-tax/non-resident-cgt-selling-uk-property-overseas-guide,2026-08-14,67,1,6,-1
https://www.propertytaxpartners.co.uk/blog/landlord-tax-essentials/income-tax-rates-landlords-2026-27-complete-guide,2026-08-14,57,1,5,-1
https://www.propertytaxpartners.co.uk/blog/section-24-and-tax-relief/rent-a-room-relief-uk-landlords-lodgers-guide,2026-08-14,56,1,7,-1
https://www.propertytaxpartners.co.uk/blog/property-types-and-specialist-tax/vat-on-new-builds-residential-property,2026-08-14,56,1,6,-1
https://www.propertytaxpartners.co.uk/blog/section-24-and-tax-relief/furnished-holiday-let-tax-rules-exemptions,2026-08-14,52,1,7,-1
https://www.propertytaxpartners.co.uk/blog/landlord-tax-essentials/declaration-of-trust-property-beneficial-ownership-mechanics-evidence-form-17,2026-08-14,48,1,6,-1
https://www.propertytaxpartners.co.uk/property-tax-rates,2026-08-14,46,1,5,-1
https://www.propertytaxpartners.co.uk/blog/property-types-and-specialist-tax/vat-capital-goods-scheme-property-businesses-10-year-adjustment-mechanics,2026-08-14,43,1,6,-1
https://www.propertytaxpartners.co.uk/blog/property-types-and-specialist-tax/remittance-basis-tax-insights-for-non-domiciled-individuals,2026-08-14,37,1,7,-1
https://www.propertytaxpartners.co.uk/blog/landlord-tax-essentials/capital-vs-revenue-expenditure-landlord-uk,2026-08-14,33,1,5,-1
https://www.propertytaxpartners.co.uk/blog/landlord-tax-essentials/renters-rights-act-rent-increase-section-13-tribunal-route,2026-08-14,32,1,7,-1
https://www.propertytaxpartners.co.uk/blog/non-resident-landlord-tax/nrl-withholding-tax-20-percent-basic-rate-deduction,2026-08-14,31,1,5,-1
https://www.propertytaxpartners.co.uk/blog/property-types-and-specialist-tax/capital-allowances-commercial-property-what-can-claim,2026-08-14,27,1,5,-1
https://www.propertytaxpartners.co.uk/blog/landlord-tax-essentials/iht-joint-ownership-property-spouse-exemption-transferable-allowances-jointly-tic-vs-jt,2026-08-14,22,1,5,-1
https://www.propertytaxpartners.co.uk/blog/capital-gains-tax/letting-relief-landlords-2026-changes,2026-08-14,15,1,7,-1
https://www.propertytaxpartners.co.uk/blog/section-24-and-tax-relief/section-24-remortgaging-btl-property-tax-implications,2026-08-14,15,1,5,-1
https://www.propertytaxpartners.co.uk/blog/incorporation-and-company-structures/close-investment-holding-company-property,2026-08-14,13,1,7,-1
https://www.propertytaxpartners.co.uk/blog/landlord-tax-essentials/2027-property-income-tax-rates-landlords-uk,2026-08-14,13,1,5,-1
https://www.propertytaxpartners.co.uk/blog/landlord-tax-essentials/sdlt-on-probate-property-transfers,2026-08-14,12,1,6,-1
https://www.propertytaxpartners.co.uk/blog/capital-gains-tax/property-capital-gains-tax-calculator,2026-08-14,12,1,7,-1
https://www.propertytaxpartners.co.uk/blog/landlord-tax-essentials/penalties-not-declaring-rental-income-hmrc,2026-08-14,11,1,5,-1
https://www.propertytaxpartners.co.uk/blog/non-resident-landlord-tax/iht-non-resident-uk-property-april-2025-residence-test,2026-08-14,1,1,4,-1
https://www.propertytaxpartners.co.uk/blog/making-tax-digital-mtd/landlord-tax-return-deadline-2026,2026-08-14,1,1,2,-1
https://www.propertytaxpartners.co.uk/calculators/lbtt-calculator-scotland,2026-08-14,282,0,8,-1
https://www.propertytaxpartners.co.uk/blog/property-types-and-specialist-tax/single-person-council-tax-discount,2026-08-14,137,0,7,-1
https://www.propertytaxpartners.co.uk/blog/landlord-tax-essentials/landlord-tax-return-complete-guide-2026,2026-08-14,113,0,6,-1
https://www.propertytaxpartners.co.uk/blog/incorporation-and-company-structures/spv-property-investment-special-purpose-vehicle-guide,2026-08-14,87,0,6,-1
https://www.propertytaxpartners.co.uk/blog/property-types-and-specialist-tax/writing-down-allowance-rates,2026-08-14,76,0,6,-1
https://www.propertytaxpartners.co.uk/blog/non-resident-landlord-tax/non-resident-landlord-self-assessment-filing-requirements,2026-08-14,63,0,6,-1
https://www.propertytaxpartners.co.uk/blog/capital-gains-tax/cgt-annual-exempt-amount-3000-allowance-2026-27,2026-08-14,62,0,7,-1
https://www.propertytaxpartners.co.uk/blog/section-24-and-tax-relief/rental-income-tax-uk-complete-guide-landlords,2026-08-14,60,0,7,-1
https://www.propertytaxpartners.co.uk/calculators/ltt-calculator-wales,2026-08-14,59,0,9,-1
https://www.propertytaxpartners.co.uk/blog/capital-gains-tax/cgt-rates-property-2026-27-current-rates-explained,2026-08-14,57,0,6,-1
https://www.propertytaxpartners.co.uk/blog/landlord-tax-essentials/discovery-assessment-time-limits-landlord-tax-enquiries-tma-1970-s29,2026-08-14,56,0,7,-1
https://www.propertytaxpartners.co.uk/blog/property-types-and-specialist-tax/vat-option-to-tax-commercial-property-mechanics-election-revocation,2026-08-14,46,0,7,-1
https://www.propertytaxpartners.co.uk/blog/landlord-tax-essentials/scottish-lbtt-rates-bands-2026-27-residential-buyers-complete-guide,2026-08-14,45,0,6,-1
https://www.propertytaxpartners.co.uk/blog/non-resident-landlord-tax/non-resident-cgt-uk-property-rates-reporting,2026-08-14,44,0,7,-1
https://www.propertytaxpartners.co.uk/blog/landlord-tax-essentials/annual-investment-allowance-2025,2026-08-14,44,0,5,-1
https://www.propertytaxpartners.co.uk/blog/incorporation-and-company-structures/types-of-property-company-structure-uk-guide,2026-08-14,43,0,5,-1
https://www.propertytaxpartners.co.uk/blog/landlord-tax-essentials/welsh-land-transaction-tax-ltt-rates-bands-2026-27-residential-buyers,2026-08-14,34,0,6,-1
https://www.propertytaxpartners.co.uk/blog/landlord-tax-essentials/a-complete-guide-to-periodic-tenancy,2026-08-14,34,0,6,-1
https://www.propertytaxpartners.co.uk/blog/property-types-and-specialist-tax/balancing-allowance-balancing-charge-on-disposal-property-capital-allowances-mechanics,2026-08-14,31,0,7,-1
https://www.propertytaxpartners.co.uk/blog/capital-gains-tax/cgt-gifting-property-family-members-uk,2026-08-21,741,41,4,-1
https://www.propertytaxpartners.co.uk/blog/capital-gains-tax/tax-sell-rental-property-uk,2026-08-21,322,24,4,-1
https://www.propertytaxpartners.co.uk/blog/landlord-tax-essentials/sa105-property-income-form-2026-complete-guide,2026-08-21,717,21,5,-1
https://www.propertytaxpartners.co.uk/blog/section-24-and-tax-relief/claim-mortgage-interest-rental-property-uk-section-24,2026-08-21,419,19,4,-1
https://www.propertytaxpartners.co.uk/blog/incorporation-and-company-structures/how-to-transfer-property-into-limited-company-uk,2026-08-21,323,18,4,-1
https://www.propertytaxpartners.co.uk/blog/section-24-and-tax-relief/mortgage-interest-deductible-landlords-uk-2026,2026-08-21,214,13,4,-1
https://www.propertytaxpartners.co.uk/blog/property-types-and-specialist-tax/council-tax-for-new-builds,2026-08-21,87,13,4,-1
https://www.propertytaxpartners.co.uk/blog/incorporation-and-company-structures/sdlt-transfer-property-company-cost,2026-08-21,183,11,5,-1
https://www.propertytaxpartners.co.uk/blog/property-types-and-specialist-tax/how-much-tax-holiday-let-property-uk,2026-08-21,103,9,5,-1
https://www.propertytaxpartners.co.uk/blog/capital-gains-tax/principal-private-residence-relief-landlords,2026-08-21,160,7,6,-1
https://www.propertytaxpartners.co.uk/blog/capital-gains-tax/capital-gains-tax-property-complete-guide-uk,2026-08-21,495,6,6,-1
https://www.propertytaxpartners.co.uk/blog/property-types-and-specialist-tax/integral-features-capital-allowances,2026-08-21,196,6,5,-1
https://www.propertytaxpartners.co.uk/blog/capital-gains-tax/cgt-property-transfer-spouse,2026-08-21,128,6,5,-1
https://www.propertytaxpartners.co.uk/blog/capital-gains-tax/ppr-relief-calculation-former-home-step-by-step,2026-08-21,167,5,6,-1
https://www.propertytaxpartners.co.uk/blog/section-24-and-tax-relief/mortgage-arrangement-fees-deductible-landlord,2026-08-21,71,5,6,-1
https://www.propertytaxpartners.co.uk/blog/capital-gains-tax/cgt-calculation-selling-buy-to-let-property-step-by-step,2026-08-21,52,5,4,-1
https://www.propertytaxpartners.co.uk/blog/incorporation-and-company-structures/directors-loan-accountsdla-uk-guide,2026-08-21,300,4,7,-1
https://www.propertytaxpartners.co.uk/blog/section-24-and-tax-relief/finance-costs-section-24-complete-guide,2026-08-21,228,4,4,-1
https://www.propertytaxpartners.co.uk/blog/section-24-and-tax-relief/rent-a-room-relief-uk-landlords-lodgers-guide,2026-08-21,127,4,6,-1
https://www.propertytaxpartners.co.uk/blog/landlord-tax-essentials/property-income-allowance-1000-exemption-vs-expenses,2026-08-21,47,4,4,-1
https://www.propertytaxpartners.co.uk/blog/non-resident-landlord-tax/nrl-approval-receive-rent-gross-hmrc-guide,2026-08-21,403,3,4,-1
https://www.propertytaxpartners.co.uk/blog/non-resident-landlord-tax/non-resident-landlord-scheme-uk-complete-guide,2026-08-21,390,3,7,-1
https://www.propertytaxpartners.co.uk/blog/capital-gains-tax/property-improvements-reduce-cgt-enhancement-expenditure,2026-08-21,186,3,5,-1
https://www.propertytaxpartners.co.uk/blog/section-24-and-tax-relief/landlord-tax-deductions-uk-2026-complete-list,2026-08-21,178,3,6,-1
https://www.propertytaxpartners.co.uk/blog/landlord-tax-essentials/capital-allowances-on-vans,2026-08-21,125,3,5,-1
https://www.propertytaxpartners.co.uk/blog/capital-gains-tax/cgt-property-sold-loss-claim-capital-losses,2026-08-21,125,3,6,-1
https://www.propertytaxpartners.co.uk/blog/landlord-tax-essentials/capital-vs-revenue-expenditure-landlord-uk,2026-08-21,95,3,6,-1
https://www.propertytaxpartners.co.uk/blog/landlord-tax-essentials/form-17-declaration-beneficial-interest-property-mechanics-filing-revocation,2026-08-21,86,3,6,-1
https://www.propertytaxpartners.co.uk/blog/landlord-tax-essentials/income-tax-rates-landlords-2026-27-complete-guide,2026-08-21,70,3,5,-1
https://www.propertytaxpartners.co.uk/blog/capital-gains-tax/cgt-overseas-property-uk-residents-foreign-disposals,2026-08-21,58,3,3,-1
https://www.propertytaxpartners.co.uk/blog/non-resident-landlord-tax/non-resident-landlord-self-assessment-filing-requirements,2026-08-21,57,3,6,-1
https://www.propertytaxpartners.co.uk/blog/property-types-and-specialist-tax/capital-allowances-on-property,2026-08-21,186,2,6,-1
https://www.propertytaxpartners.co.uk/blog/landlord-tax-essentials/property-business-rates-council-tax-landlords,2026-08-21,184,2,5,-1
https://www.propertytaxpartners.co.uk/blog/capital-gains-tax/cgt-payment-deadlines-property-sales-2026,2026-08-21,172,2,7,-1
https://www.propertytaxpartners.co.uk/blog/landlord-tax-essentials/what-repairs-can-landlords-deduct-from-rental-income,2026-08-21,143,2,5,-1
https://www.propertytaxpartners.co.uk/blog/section-24-and-tax-relief/writing-down-allowance-cars,2026-08-21,104,2,6,-1
https://www.propertytaxpartners.co.uk/blog/incorporation-and-company-structures/spv-property-investment-special-purpose-vehicle-guide,2026-08-21,88,2,5,-1
https://www.propertytaxpartners.co.uk/blog/capital-gains-tax/cgt-annual-exempt-amount-3000-allowance-2026-27,2026-08-21,82,2,7,-1
https://www.propertytaxpartners.co.uk/blog/incorporation-and-company-structures/partnership-sdlt-relief-schedule-15-fa-2003-incorporation-sum-lower-proportions,2026-08-21,78,2,6,-1
https://www.propertytaxpartners.co.uk/blog/property-types-and-specialist-tax/commercial-property-fixtures-claim-s198-election-purchase-mechanics,2026-08-21,68,2,7,-1
https://www.propertytaxpartners.co.uk/blog/section-24-and-tax-relief/rental-income-tax-uk-complete-guide-landlords,2026-08-21,65,2,7,-1
https://www.propertytaxpartners.co.uk/blog/capital-gains-tax/gifting-property-and-deed-of-gift-tax-implications,2026-08-21,57,2,4,-1
https://www.propertytaxpartners.co.uk/blog/section-24-and-tax-relief/section-24-self-assessment-tax-return,2026-08-21,40,2,4,-1
https://www.propertytaxpartners.co.uk/blog/property-types-and-specialist-tax/vat-capital-goods-scheme-property-businesses-10-year-adjustment-mechanics,2026-08-21,38,2,5,-1
https://www.propertytaxpartners.co.uk/blog/landlord-tax-essentials/landlord-vat-registration-when-required,2026-08-21,16,2,3,-1
https://www.propertytaxpartners.co.uk/blog/capital-gains-tax/cgt-divorce-property-transfer-tax-implications,2026-08-21,13,2,6,-1
https://www.propertytaxpartners.co.uk/calculators/lbtt-calculator-scotland,2026-08-21,226,1,8,-1
https://www.propertytaxpartners.co.uk/blog/property-types-and-specialist-tax/a-complete-guide-on-community-infrastructure-levy-cil,2026-08-21,184,1,6,-1
https://www.propertytaxpartners.co.uk/blog/property-types-and-specialist-tax/single-person-council-tax-discount,2026-08-21,129,1,7,-1
https://www.propertytaxpartners.co.uk/blog/making-tax-digital-mtd/mtd-rental-income-threshold-exemptions,2026-08-21,123,1,6,-1
https://www.propertytaxpartners.co.uk/blog/section-24-and-tax-relief/replacement-domestic-items-relief-uk-landlords-guide,2026-08-21,116,1,5,-1
https://www.propertytaxpartners.co.uk/blog/landlord-tax-essentials/vat-on-rental-income-residential-vs-commercial-landlord-vat-status-decision-framework,2026-08-21,99,1,6,-1
https://www.propertytaxpartners.co.uk/blog/incorporation-and-company-structures/corporation-tax-marginal-relief-uk-guide,2026-08-21,91,1,7,-1
https://www.propertytaxpartners.co.uk/blog/landlord-tax-essentials/landlord-tax-return-complete-guide-2026,2026-08-21,83,1,7,-1
https://www.propertytaxpartners.co.uk/blog/landlord-tax-essentials/land-transaction-tax-a-complete-guide,2026-08-21,73,1,7,-1
https://www.propertytaxpartners.co.uk/blog/capital-gains-tax/capital-gains-tax-property-sale-uk-2026-rates-allowances,2026-08-21,71,1,6,-1
https://www.propertytaxpartners.co.uk/blog/making-tax-digital-mtd/mtd-quarterly-reporting-landlords-step-by-step-guide,2026-08-21,71,1,5,-1
https://www.propertytaxpartners.co.uk/blog/property-accountant-services/can-you-claim-aia-on-second-hand-assets,2026-08-21,68,1,5,-1
https://www.propertytaxpartners.co.uk/blog/property-types-and-specialist-tax/airbnb-tax-uk-short-term-rental-income-taxed,2026-08-21,63,1,6,-1
https://www.propertytaxpartners.co.uk/blog/property-types-and-specialist-tax/vat-toms-long-term-stays-hotel-aparthotel-28-day-rule-mechanics,2026-08-21,53,1,6,-1
https://www.propertytaxpartners.co.uk/blog/landlord-tax-essentials/btl-mortgage,2026-08-21,40,1,4,-1
https://www.propertytaxpartners.co.uk/blog/incorporation-and-company-structures/types-of-property-company-structure-uk-guide,2026-08-21,32,1,5,-1
https://www.propertytaxpartners.co.uk/blog/property-types-and-specialist-tax/structures-and-buildings-allowance-sba-3-percent-claim-mechanics-fa-2018-onward,2026-08-21,23,1,6,-1
https://www.propertytaxpartners.co.uk/blog/section-24-and-tax-relief/tax-relief-mortgage-interest-rented-property-guide,2026-08-21,22,1,6,-1
https://www.propertytaxpartners.co.uk/blog/landlord-tax-essentials/vat-dilapidations-payments-tenant-landlord-vat-treatment-supply-or-damages,2026-08-21,14,1,6,-1
https://www.propertytaxpartners.co.uk/blog/incorporation-and-company-structures/llp-accounts,2026-08-21,12,1,5,-1
https://www.propertytaxpartners.co.uk/blog/incorporation-and-company-structures/scottish-lbtt-corporate-buyer-15-percent-flat-rate-or-ads-pathway-decision,2026-08-21,12,1,4,-1
https://www.propertytaxpartners.co.uk/blog/making-tax-digital-mtd/mtd-itsa-foreign-property-income-quarterly-reporting-rules,2026-08-21,12,1,4,-1
https://www.propertytaxpartners.co.uk/blog/property-types-and-specialist-tax/how-owning-property-abroad-leads-higher-stamp-duty-rates,2026-08-21,11,1,5,-1
https://www.propertytaxpartners.co.uk/blog/incorporation-and-company-structures/sdlt-incorporation-stamp-duty-twice,2026-08-21,11,1,6,-1
https://www.propertytaxpartners.co.uk/blog/making-tax-digital-mtd/mtd-record-keeping-landlords-digital-requirements,2026-08-21,2,1,2,-1
https://www.propertytaxpartners.co.uk/blog/incorporation-and-company-structures/a-complete-guide-to-identity-verification-in-uk,2026-08-21,1,1,6,-1
https://www.propertytaxpartners.co.uk/blog/property-types-and-specialist-tax/badges-of-trade-marson-morton-property-flipping-investment-distinction-landlords,2026-08-21,1,1,2,-1
https://www.propertytaxpartners.co.uk/blog/property-types-and-specialist-tax/diy-housebuilders-vat-refund-scheme,2026-08-21,94,0,6,-1
https://www.propertytaxpartners.co.uk/blog/property-types-and-specialist-tax/writing-down-allowance-rates,2026-08-21,86,0,6,-1
https://www.propertytaxpartners.co.uk/blog/property-types-and-specialist-tax/single-person-council-tax-discounts-a-complete-guide,2026-08-21,84,0,6,-1
https://www.propertytaxpartners.co.uk/blog/capital-gains-tax/cgt-rates-property-2026-27-current-rates-explained,2026-08-21,77,0,7,-1
https://www.propertytaxpartners.co.uk/calculators/ltt-calculator-wales,2026-08-21,68,0,9,-1
https://www.propertytaxpartners.co.uk/blog/section-24-and-tax-relief/furnished-holiday-let-tax-rules-exemptions,2026-08-21,61,0,7,-1
https://www.propertytaxpartners.co.uk/blog/non-resident-landlord-tax/non-resident-cgt-selling-uk-property-overseas-guide,2026-08-21,52,0,6,-1
https://www.propertytaxpartners.co.uk/blog/property-types-and-specialist-tax/vat-on-new-builds-residential-property,2026-08-21,46,0,7,-1
https://www.propertytaxpartners.co.uk/blog/property-types-and-specialist-tax/capital-allowances-examples,2026-08-21,44,0,7,-1
https://www.propertytaxpartners.co.uk/blog/making-tax-digital-mtd/making-tax-digital-property-income-2026-complete-guide,2026-08-21,40,0,5,-1
https://www.propertytaxpartners.co.uk/blog/landlord-tax-essentials/welsh-land-transaction-tax-ltt-rates-bands-2026-27-residential-buyers,2026-08-21,37,0,7,-1
https://www.propertytaxpartners.co.uk/blog/property-types-and-specialist-tax/remittance-basis-tax-insights-for-non-domiciled-individuals,2026-08-21,36,0,6,-1
https://www.propertytaxpartners.co.uk/blog/property-types-and-specialist-tax/booking-com-a-complete-guide-for-the-hosts,2026-08-21,34,0,5,-1
https://www.propertytaxpartners.co.uk/blog/portfolio-management/property-investment-benchmarks-uk-2026-good-yield,2026-08-21,33,0,5,-1
https://www.propertytaxpartners.co.uk/blog/landlord-tax-essentials/annual-investment-allowance-2025,2026-08-21,30,0,6,-1
https://www.propertytaxpartners.co.uk/blog/capital-gains-tax/cgt-property-2027-rate-changes-uk-landlords,2026-08-21,28,0,5,-1
https://www.propertytaxpartners.co.uk/blog/landlord-tax-essentials/discovery-assessment-time-limits-landlord-tax-enquiries-tma-1970-s29,2026-08-21,26,0,7,-1
https://www.propertytaxpartners.co.uk/blog/landlord-tax-essentials/sdlt-leasehold-extension-vs-fresh-purchase,2026-08-21,23,0,5,-1
https://www.propertytaxpartners.co.uk/blog/incorporation-and-company-structures/substantial-shareholding-exemption-sse,2026-08-21,23,0,7,-1
https://www.propertytaxpartners.co.uk/blog/property-types-and-specialist-tax/lease-extensions-in-the-uk-surrender-and-regrant,2026-08-21,22,0,6,-1
https://www.propertytaxpartners.co.uk/blog/landlord-tax-essentials/how-to-calculate-net-rental-income-after-all-costs-uk-guide,2026-08-21,19,0,5,-1
https://www.propertytaxpartners.co.uk/blog/incorporation-and-company-structures/togc-vat-property-letting-business,2026-08-21,16,0,7,-1
https://www.propertytaxpartners.co.uk/blog/incorporation-and-company-structures/property-investment-company-structure-planning,2026-08-21,15,0,5,-1
https://www.propertytaxpartners.co.uk/blog/landlord-tax-essentials/how-to-complete-landlord-self-assessment-filing-step-by-step-guide,2026-08-21,15,0,7,-1
https://www.propertytaxpartners.co.uk/blog/property-types-and-specialist-tax/vat-property-conversion-residential-to-commercial-or-commercial-to-residential-zero-rate-reduced-rate,2026-08-21,14,0,7,-1
https://www.propertytaxpartners.co.uk/blog/landlord-tax-essentials/2027-property-income-tax-rates-landlords-uk,2026-08-21,14,0,5,-1
https://www.propertytaxpartners.co.uk/blog/property-types-and-specialist-tax/hmo-selective-licensing-compliance-housing-act-2004-landlord-licensing-mechanics,2026-08-21,14,0,7,-1
https://www.propertytaxpartners.co.uk/blog/capital-gains-tax/cgt-gifting-property-family-members-uk,2026-08-28,726,35,4,-1
https://www.propertytaxpartners.co.uk/blog/incorporation-and-company-structures/how-to-transfer-property-into-limited-company-uk,2026-08-28,222,24,3,-1
https://www.propertytaxpartners.co.uk/blog/capital-gains-tax/tax-sell-rental-property-uk,2026-08-28,259,19,4,-1
https://www.propertytaxpartners.co.uk/blog/section-24-and-tax-relief/landlord-tax-deductions-uk-2026-complete-list,2026-08-28,444,17,6,-1
https://www.propertytaxpartners.co.uk/blog/landlord-tax-essentials/sa105-property-income-form-2026-complete-guide,2026-08-28,639,16,5,-1
https://www.propertytaxpartners.co.uk/blog/non-resident-landlord-tax/nrl-approval-receive-rent-gross-hmrc-guide,2026-08-28,450,13,4,-1
https://www.propertytaxpartners.co.uk/blog/section-24-and-tax-relief/claim-mortgage-interest-rental-property-uk-section-24,2026-08-28,404,13,4,-1
https://www.propertytaxpartners.co.uk/blog/section-24-and-tax-relief/mortgage-interest-deductible-landlords-uk-2026,2026-08-28,203,11,4,-1
https://www.propertytaxpartners.co.uk/blog/incorporation-and-company-structures/sdlt-transfer-property-company-cost,2026-08-28,179,9,5,-1
https://www.propertytaxpartners.co.uk/blog/landlord-tax-essentials/property-business-rates-council-tax-landlords,2026-08-28,219,8,5,-1
https://www.propertytaxpartners.co.uk/blog/section-24-and-tax-relief/finance-costs-section-24-complete-guide,2026-08-28,235,7,4,-1
https://www.propertytaxpartners.co.uk/blog/landlord-tax-essentials/income-tax-rates-landlords-2026-27-complete-guide,2026-08-28,135,7,5,-1
https://www.propertytaxpartners.co.uk/blog/capital-gains-tax/capital-gains-tax-property-complete-guide-uk,2026-08-28,615,6,6,-1
https://www.propertytaxpartners.co.uk/blog/property-types-and-specialist-tax/integral-features-capital-allowances,2026-08-28,208,6,5,-1
https://www.propertytaxpartners.co.uk/blog/landlord-tax-essentials/what-repairs-can-landlords-deduct-from-rental-income,2026-08-28,145,6,6,-1
https://www.propertytaxpartners.co.uk/blog/capital-gains-tax/cgt-property-transfer-spouse,2026-08-28,143,6,5,-1
https://www.propertytaxpartners.co.uk/blog/capital-gains-tax/cgt-calculation-selling-buy-to-let-property-step-by-step,2026-08-28,125,6,3,-1
https://www.propertytaxpartners.co.uk/blog/section-24-and-tax-relief/tax-relief-mortgage-interest-rented-property-guide,2026-08-28,83,6,5,-1
https://www.propertytaxpartners.co.uk/blog/landlord-tax-essentials/capital-allowances-on-vans,2026-08-28,177,5,6,-1
https://www.propertytaxpartners.co.uk/blog/capital-gains-tax/principal-private-residence-relief-landlords,2026-08-28,164,5,6,-1
https://www.propertytaxpartners.co.uk/blog/property-types-and-specialist-tax/council-tax-for-new-builds,2026-08-28,99,5,4,-1
https://www.propertytaxpartners.co.uk/blog/capital-gains-tax/gifting-property-and-deed-of-gift-tax-implications,2026-08-28,61,5,4,-1
https://www.propertytaxpartners.co.uk/blog/section-24-and-tax-relief/rent-a-room-relief-uk-landlords-lodgers-guide,2026-08-28,143,4,6,-1
https://www.propertytaxpartners.co.uk/blog/incorporation-and-company-structures/corporation-tax-marginal-relief-uk-guide,2026-08-28,122,4,6,-1
https://www.propertytaxpartners.co.uk/blog/capital-gains-tax/cgt-overseas-property-uk-residents-foreign-disposals,2026-08-28,83,4,4,-1
https://www.propertytaxpartners.co.uk/blog/section-24-and-tax-relief/mortgage-arrangement-fees-deductible-landlord,2026-08-28,55,4,4,-1
https://www.propertytaxpartners.co.uk/blog/capital-gains-tax/capital-gains-tax-second-home-sale,2026-08-28,35,4,4,-1
https://www.propertytaxpartners.co.uk/blog/capital-gains-tax/cgt-payment-deadlines-property-sales-2026,2026-08-28,236,3,6,-1
https://www.propertytaxpartners.co.uk/blog/capital-gains-tax/property-improvements-reduce-cgt-enhancement-expenditure,2026-08-28,161,3,5,-1
https://www.propertytaxpartners.co.uk/blog/capital-gains-tax/ppr-relief-calculation-former-home-step-by-step,2026-08-28,132,3,6,-1
https://www.propertytaxpartners.co.uk/blog/section-24-and-tax-relief/writing-down-allowance-cars,2026-08-28,91,3,6,-1
https://www.propertytaxpartners.co.uk/blog/property-types-and-specialist-tax/vat-toms-long-term-stays-hotel-aparthotel-28-day-rule-mechanics,2026-08-28,84,3,5,-1
https://www.propertytaxpartners.co.uk/blog/landlord-tax-essentials/capital-vs-revenue-expenditure-landlord-uk,2026-08-28,73,3,5,-1
https://www.propertytaxpartners.co.uk/blog/landlord-tax-essentials/property-income-allowance-1000-exemption-vs-expenses,2026-08-28,27,3,4,-1
https://www.propertytaxpartners.co.uk/blog/capital-gains-tax/cgt-divorce-property-transfer-tax-implications,2026-08-28,15,3,5,-1
https://www.propertytaxpartners.co.uk/blog/section-24-and-tax-relief/rental-income-tax-uk-complete-guide-landlords,2026-08-28,151,2,7,-1
https://www.propertytaxpartners.co.uk/blog/property-types-and-specialist-tax/a-complete-guide-on-community-infrastructure-levy-cil,2026-08-28,150,2,7,-1
https://www.propertytaxpartners.co.uk/blog/property-types-and-specialist-tax/capital-allowances-on-property,2026-08-28,140,2,6,-1
https://www.propertytaxpartners.co.uk/blog/capital-gains-tax/cgt-property-sold-loss-claim-capital-losses,2026-08-28,132,2,6,-1
https://www.propertytaxpartners.co.uk/blog/section-24-and-tax-relief/replacement-domestic-items-relief-uk-landlords-guide,2026-08-28,127,2,5,-1
https://www.propertytaxpartners.co.uk/blog/property-types-and-specialist-tax/single-person-council-tax-discounts-a-complete-guide,2026-08-28,108,2,6,-1
https://www.propertytaxpartners.co.uk/blog/property-accountant-services/can-you-claim-aia-on-second-hand-assets,2026-08-28,85,2,5,-1
https://www.propertytaxpartners.co.uk/blog/landlord-tax-essentials/landlord-tax-return-complete-guide-2026,2026-08-28,69,2,6,-1
https://www.propertytaxpartners.co.uk/blog/landlord-tax-essentials/btl-mortgage,2026-08-28,40,2,4,-1
https://www.propertytaxpartners.co.uk/blog/landlord-tax-essentials/residence-nil-rate-band-frozen,2026-08-28,12,2,6,-1
https://www.propertytaxpartners.co.uk/blog/non-resident-landlord-tax/non-resident-landlord-scheme-uk-complete-guide,2026-08-28,352,1,6,-1
https://www.propertytaxpartners.co.uk/blog/capital-gains-tax/capital-gains-tax-property-sale-uk-2026-rates-allowances,2026-08-28,142,1,6,-1
https://www.propertytaxpartners.co.uk/blog/landlord-tax-essentials/land-transaction-tax-a-complete-guide,2026-08-28,116,1,7,-1
https://www.propertytaxpartners.co.uk/blog/capital-gains-tax/cgt-rates-property-2026-27-current-rates-explained,2026-08-28,84,1,7,-1
https://www.propertytaxpartners.co.uk/blog/landlord-tax-essentials/form-17-declaration-beneficial-interest-property-mechanics-filing-revocation,2026-08-28,79,1,6,-1
https://www.propertytaxpartners.co.uk/blog/property-types-and-specialist-tax/writing-down-allowance-rates,2026-08-28,77,1,6,-1
https://www.propertytaxpartners.co.uk/blog/non-resident-landlord-tax/non-resident-cgt-selling-uk-property-overseas-guide,2026-08-28,55,1,7,-1
https://www.propertytaxpartners.co.uk/blog/property-types-and-specialist-tax/vat-on-new-builds-residential-property,2026-08-28,52,1,7,-1
https://www.propertytaxpartners.co.uk/blog/portfolio-management/property-investment-benchmarks-uk-2026-good-yield,2026-08-28,43,1,6,-1
https://www.propertytaxpartners.co.uk/blog/property-types-and-specialist-tax/lease-variation-and-lease-surrender,2026-08-28,34,1,7,-1
https://www.propertytaxpartners.co.uk/blog/incorporation-and-company-structures/ated-rates-2026-27-bands-table-worked-examples,2026-08-28,32,1,4,-1
https://www.propertytaxpartners.co.uk/blog/capital-gains-tax/cgt-property-2027-rate-changes-uk-landlords,2026-08-28,28,1,5,-1
https://www.propertytaxpartners.co.uk/blog/property-types-and-specialist-tax/vat-capital-goods-scheme-property-businesses-10-year-adjustment-mechanics,2026-08-28,23,1,6,-1
https://www.propertytaxpartners.co.uk/blog/capital-gains-tax/cgt-inherited-rental-property-calculation-uk,2026-08-28,19,1,5,-1
https://www.propertytaxpartners.co.uk/property-tax-rates,2026-08-28,15,1,6,-1
https://www.propertytaxpartners.co.uk/blog/property-types-and-specialist-tax/capital-allowances-commercial-property-what-can-claim,2026-08-28,13,1,5,-1
https://www.propertytaxpartners.co.uk/blog/landlord-tax-essentials/iht-joint-ownership-property-spouse-exemption-transferable-allowances-jointly-tic-vs-jt,2026-08-28,13,1,7,-1
https://www.propertytaxpartners.co.uk/blog/property-types-and-specialist-tax/full-expensing-and-first-year-allowances,2026-08-28,13,1,5,-1
https://www.propertytaxpartners.co.uk/blog/landlord-tax-essentials/pre-letting-expenses-landlord-claim-before-first-tenant,2026-08-28,12,1,5,-1
https://www.propertytaxpartners.co.uk/blog/property-types-and-specialist-tax/first-time-buyer-relief-benefits-and-eligibility-requirements,2026-08-28,11,1,6,-1
https://www.propertytaxpartners.co.uk/blog/landlord-tax-essentials/discovery-assessment-time-limits-landlord-tax-enquiries-tma-1970-s29,2026-08-28,11,1,6,-1
https://www.propertytaxpartners.co.uk/blog/landlord-tax-essentials/bare-trusts-and-lbtt-relief-availability,2026-08-28,11,1,5,-1
https://www.propertytaxpartners.co.uk/blog/non-resident-landlord-tax/nrl-withholding-tax-20-percent-basic-rate-deduction,2026-08-28,10,1,6,-1
https://www.propertytaxpartners.co.uk/blog/property-types-and-specialist-tax/commercial-epc-requirements,2026-08-28,5,1,5,-1
https://www.propertytaxpartners.co.uk/blog/non-resident-landlord-tax/uk-property-income-expats-tax-obligations-explained,2026-08-28,5,1,5,-1
https://www.propertytaxpartners.co.uk/blog/portfolio-management/property-investment-exit-strategy-planning-guide,2026-08-28,2,1,3,-1
https://www.propertytaxpartners.co.uk/blog/incorporation-and-company-structures/directors-loan-accountsdla-uk-guide,2026-08-28,121,0,6,-1
https://www.propertytaxpartners.co.uk/blog/property-types-and-specialist-tax/single-person-council-tax-discount,2026-08-28,115,0,7,-1
https://www.propertytaxpartners.co.uk/calculators/lbtt-calculator-scotland,2026-08-28,105,0,9,-1
https://www.propertytaxpartners.co.uk/blog/landlord-tax-essentials/vat-on-rental-income-residential-vs-commercial-landlord-vat-status-decision-framework,2026-08-28,96,0,5,-1
https://www.propertytaxpartners.co.uk/blog/incorporation-and-company-structures/spv-property-investment-special-purpose-vehicle-guide,2026-08-28,77,0,6,-1
https://www.propertytaxpartners.co.uk/blog/property-types-and-specialist-tax/diy-housebuilders-vat-refund-scheme,2026-08-28,66,0,7,-1
https://www.propertytaxpartners.co.uk/blog/property-types-and-specialist-tax/commercial-property-fixtures-claim-s198-election-purchase-mechanics,2026-08-28,62,0,7,-1
https://www.propertytaxpartners.co.uk/blog/making-tax-digital-mtd/mtd-rental-income-threshold-exemptions,2026-08-28,48,0,6,-1
https://www.propertytaxpartners.co.uk/blog/property-types-and-specialist-tax/booking-com-a-complete-guide-for-the-hosts,2026-08-28,48,0,5,-1
https://www.propertytaxpartners.co.uk/blog/non-resident-landlord-tax/non-resident-landlord-self-assessment-filing-requirements,2026-08-28,47,0,6,-1
https://www.propertytaxpartners.co.uk/blog/property-types-and-specialist-tax/structures-and-buildings-allowance-sba-3-percent-claim-mechanics-fa-2018-onward,2026-08-28,47,0,6,-1
https://www.propertytaxpartners.co.uk/calculators/ltt-calculator-wales,2026-08-28,44,0,9,-1
https://www.propertytaxpartners.co.uk/blog/incorporation-and-company-structures/sdlt-group-relief-for-corporate-landlord-portfolios,2026-08-28,40,0,7,-1
https://www.propertytaxpartners.co.uk/blog/section-24-and-tax-relief/section-24-self-assessment-tax-return,2026-08-28,38,0,4,-1
https://www.propertytaxpartners.co.uk/blog/landlord-tax-essentials/capital-allowances-second-hand-vans,2026-08-28,38,0,7,-1
https://www.propertytaxpartners.co.uk/blog/property-types-and-specialist-tax/how-much-tax-holiday-let-property-uk,2026-08-28,33,0,5,-1
https://www.propertytaxpartners.co.uk/blog/incorporation-and-company-structures/partnership-sdlt-relief-schedule-15-fa-2003-incorporation-sum-lower-proportions,2026-08-28,32,0,7,-1
https://www.propertytaxpartners.co.uk/blog/property-types-and-specialist-tax/airbnb-tax-uk-short-term-rental-income-taxed,2026-08-28,31,0,5,-1
https://www.propertytaxpartners.co.uk/blog/non-resident-landlord-tax/non-resident-cgt-uk-property-rates-reporting,2026-08-28,27,0,7,-1
https://www.propertytaxpartners.co.uk/blog/section-24-and-tax-relief/section-24-mortgage-interest-restriction-uk-landlords,2026-08-28,26,0,5,-1
https://www.propertytaxpartners.co.uk/blog/landlord-tax-essentials/declaration-of-trust-property-beneficial-ownership-mechanics-evidence-form-17,2026-08-28,26,0,7,-1
https://www.propertytaxpartners.co.uk/blog/capital-gains-tax/how-much-do-estate-agents-charge-to-sell-a-house,2026-08-28,24,0,5,-1
https://www.propertytaxpartners.co.uk/blog/property-types-and-specialist-tax/vat-property-conversion-residential-to-commercial-or-commercial-to-residential-zero-rate-reduced-rate,2026-08-28,23,0,5,-1
https://www.propertytaxpartners.co.uk/blog/section-24-and-tax-relief/furnished-holiday-let-tax-rules-exemptions,2026-08-28,23,0,6,-1
https://www.propertytaxpartners.co.uk/blog/capital-gains-tax/letting-relief-landlords-2026-changes,2026-08-28,19,0,6,-1
https://www.propertytaxpartners.co.uk/blog/property-types-and-specialist-tax/vat-option-to-tax-commercial-property-mechanics-election-revocation,2026-08-28,18,0,7,-1
https://www.propertytaxpartners.co.uk/blog/landlord-tax-essentials/inheritance-tax-rental-property-uk-guide,2026-08-28,17,0,7,-1
https://www.propertytaxpartners.co.uk/blog/landlord-tax-essentials/penalties-not-declaring-rental-income-hmrc,2026-08-28,16,0,5,-1
https://www.propertytaxpartners.co.uk/blog/non-resident-landlord-tax/nrcgt-indirect-disposal-property-rich-companies-shares,2026-08-28,15,0,6,-1
https://www.propertytaxpartners.co.uk/blog/capital-gains-tax/cgt-gifting-property-family-members-uk,2026-09-04,705,44,4,-1
https://www.propertytaxpartners.co.uk/blog/section-24-and-tax-relief/landlord-tax-deductions-uk-2026-complete-list,2026-09-04,488,30,5,-1
https://www.propertytaxpartners.co.uk/blog/incorporation-and-company-structures/how-to-transfer-property-into-limited-company-uk,2026-09-04,172,19,4,-1
https://www.propertytaxpartners.co.uk/blog/landlord-tax-essentials/sa105-property-income-form-2026-complete-guide,2026-09-04,526,17,5,-1
https://www.propertytaxpartners.co.uk/blog/section-24-and-tax-relief/claim-mortgage-interest-rental-property-uk-section-24,2026-09-04,333,14,4,-1
https://www.propertytaxpartners.co.uk/blog/capital-gains-tax/tax-sell-rental-property-uk,2026-09-04,246,12,4,-1
https://www.propertytaxpartners.co.uk/blog/section-24-and-tax-relief/finance-costs-section-24-complete-guide,2026-09-04,253,9,4,-1
https://www.propertytaxpartners.co.uk/blog/incorporation-and-company-structures/sdlt-transfer-property-company-cost,2026-09-04,161,9,5,-1
https://www.propertytaxpartners.co.uk/blog/landlord-tax-essentials/what-repairs-can-landlords-deduct-from-rental-income,2026-09-04,108,8,5,-1
https://www.propertytaxpartners.co.uk/blog/section-24-and-tax-relief/section-24-self-assessment-tax-return,2026-09-04,90,7,4,-1
https://www.propertytaxpartners.co.uk/blog/property-types-and-specialist-tax/council-tax-for-new-builds,2026-09-04,103,6,4,-1
https://www.propertytaxpartners.co.uk/blog/capital-gains-tax/capital-gains-tax-property-sale-uk-2026-rates-allowances,2026-09-04,256,5,7,-1
https://www.propertytaxpartners.co.uk/blog/property-types-and-specialist-tax/integral-features-capital-allowances,2026-09-04,149,5,5,-1
https://www.propertytaxpartners.co.uk/blog/landlord-tax-essentials/capital-allowances-on-vans,2026-09-04,131,5,6,-1
https://www.propertytaxpartners.co.uk/blog/landlord-tax-essentials/income-tax-rates-landlords-2026-27-complete-guide,2026-09-04,99,5,5,-1
https://www.propertytaxpartners.co.uk/blog/capital-gains-tax/gifting-property-and-deed-of-gift-tax-implications,2026-09-04,65,5,3,-1
https://www.propertytaxpartners.co.uk/blog/section-24-and-tax-relief/mortgage-arrangement-fees-deductible-landlord,2026-09-04,59,5,4,-1
https://www.propertytaxpartners.co.uk/blog/landlord-tax-essentials/property-income-allowance-1000-exemption-vs-expenses,2026-09-04,55,5,4,-1
https://www.propertytaxpartners.co.uk/blog/incorporation-and-company-structures/types-of-property-company-structure-uk-guide,2026-09-04,21,5,4,-1
https://www.propertytaxpartners.co.uk/blog/non-resident-landlord-tax/nrl-approval-receive-rent-gross-hmrc-guide,2026-09-04,283,4,4,-1
https://www.propertytaxpartners.co.uk/blog/capital-gains-tax/cgt-payment-deadlines-property-sales-2026,2026-09-04,267,4,6,-1
https://www.propertytaxpartners.co.uk/blog/section-24-and-tax-relief/rent-a-room-relief-uk-landlords-lodgers-guide,2026-09-04,202,4,6,-1
https://www.propertytaxpartners.co.uk/blog/capital-gains-tax/cgt-calculation-selling-buy-to-let-property-step-by-step,2026-09-04,115,4,4,-1
https://www.propertytaxpartners.co.uk/blog/capital-gains-tax/cgt-property-transfer-spouse,2026-09-04,110,4,5,-1
https://www.propertytaxpartners.co.uk/blog/section-24-and-tax-relief/mortgage-interest-deductible-landlords-uk-2026,2026-09-04,90,4,4,-1
https://www.propertytaxpartners.co.uk/blog/landlord-tax-essentials/property-business-rates-council-tax-landlords,2026-09-04,180,3,5,-1
https://www.propertytaxpartners.co.uk/blog/capital-gains-tax/property-improvements-reduce-cgt-enhancement-expenditure,2026-09-04,154,3,5,-1
https://www.propertytaxpartners.co.uk/blog/section-24-and-tax-relief/tax-relief-mortgage-interest-rented-property-guide,2026-09-04,135,3,4,-1
https://www.propertytaxpartners.co.uk/blog/property-types-and-specialist-tax/single-person-council-tax-discounts-a-complete-guide,2026-09-04,110,3,6,-1
https://www.propertytaxpartners.co.uk/blog/property-types-and-specialist-tax/how-much-tax-holiday-let-property-uk,2026-09-04,108,3,3,-1
https://www.propertytaxpartners.co.uk/blog/capital-gains-tax/cgt-overseas-property-uk-residents-foreign-disposals,2026-09-04,86,3,3,-1
https://www.propertytaxpartners.co.uk/blog/property-types-and-specialist-tax/lease-extension-cost-uk,2026-09-04,3,3,5,-1
https://www.propertytaxpartners.co.uk/blog/non-resident-landlord-tax/non-resident-landlord-scheme-uk-complete-guide,2026-09-04,280,2,7,-1
https://www.propertytaxpartners.co.uk/blog/capital-gains-tax/ppr-relief-calculation-former-home-step-by-step,2026-09-04,173,2,6,-1
https://www.propertytaxpartners.co.uk/blog/section-24-and-tax-relief/rental-income-tax-uk-complete-guide-landlords,2026-09-04,173,2,7,-1
https://www.propertytaxpartners.co.uk/blog/property-types-and-specialist-tax/a-complete-guide-on-community-infrastructure-levy-cil,2026-09-04,171,2,6,-1
https://www.propertytaxpartners.co.uk/blog/capital-gains-tax/principal-private-residence-relief-landlords,2026-09-04,144,2,6,-1
https://www.propertytaxpartners.co.uk/blog/property-types-and-specialist-tax/commercial-property-fixtures-claim-s198-election-purchase-mechanics,2026-09-04,102,2,8,-1
https://www.propertytaxpartners.co.uk/blog/incorporation-and-company-structures/directors-loan-accountsdla-uk-guide,2026-09-04,92,2,6,-1
https://www.propertytaxpartners.co.uk/blog/property-types-and-specialist-tax/airbnb-tax-uk-short-term-rental-income-taxed,2026-09-04,66,2,5,-1
https://www.propertytaxpartners.co.uk/blog/section-24-and-tax-relief/section-24-mortgage-interest-restriction-uk-landlords,2026-09-04,48,2,4,-1
https://www.propertytaxpartners.co.uk/blog/non-resident-landlord-tax/non-resident-cgt-uk-property-rates-reporting,2026-09-04,42,2,6,-1
https://www.propertytaxpartners.co.uk/blog/landlord-tax-essentials/sdlt-leasehold-extension-vs-fresh-purchase,2026-09-04,13,2,5,-1
https://www.propertytaxpartners.co.uk/blog/making-tax-digital-mtd/best-mtd-software-landlords-2026,2026-09-04,7,2,2,-1
https://www.propertytaxpartners.co.uk/blog/capital-gains-tax/capital-gains-tax-property-complete-guide-uk,2026-09-04,447,1,7,-1
https://www.propertytaxpartners.co.uk/blog/property-types-and-specialist-tax/capital-allowances-on-property,2026-09-04,122,1,5,-1
https://www.propertytaxpartners.co.uk/blog/capital-gains-tax/cgt-property-sold-loss-claim-capital-losses,2026-09-04,104,1,6,-1
https://www.propertytaxpartners.co.uk/blog/section-24-and-tax-relief/replacement-domestic-items-relief-uk-landlords-guide,2026-09-04,80,1,6,-1
https://www.propertytaxpartners.co.uk/blog/non-resident-landlord-tax/non-resident-cgt-selling-uk-property-overseas-guide,2026-09-04,61,1,7,-1
https://www.propertytaxpartners.co.uk/blog/property-types-and-specialist-tax/vat-toms-long-term-stays-hotel-aparthotel-28-day-rule-mechanics,2026-09-04,57,1,5,-1
https://www.propertytaxpartners.co.uk/blog/landlord-tax-essentials/btl-mortgage,2026-09-04,57,1,4,-1
https://www.propertytaxpartners.co.uk/blog/property-types-and-specialist-tax/booking-com-a-complete-guide-for-the-hosts,2026-09-04,52,1,4,-1
https://www.propertytaxpartners.co.uk/blog/property-types-and-specialist-tax/vat-on-new-builds-residential-property,2026-09-04,34,1,6,-1
https://www.propertytaxpartners.co.uk/blog/incorporation-and-company-structures/partnership-sdlt-relief-schedule-15-fa-2003-incorporation-sum-lower-proportions,2026-09-04,28,1,5,-1
https://www.propertytaxpartners.co.uk/blog/capital-gains-tax/cgt-inherited-rental-property-calculation-uk,2026-09-04,27,1,6,-1
https://www.propertytaxpartners.co.uk/blog/property-types-and-specialist-tax/capital-allowances-on-cars-and-vehicles,2026-09-04,26,1,5,-1
https://www.propertytaxpartners.co.uk/blog/landlord-tax-essentials/declaration-of-trust-property-beneficial-ownership-mechanics-evidence-form-17,2026-09-04,25,1,6,-1
https://www.propertytaxpartners.co.uk/blog/incorporation-and-company-structures/spv-property-investment-special-purpose-vehicle-guide,2026-09-04,22,1,6,-1
https://www.propertytaxpartners.co.uk/blog/non-resident-landlord-tax/nrl-withholding-tax-20-percent-basic-rate-deduction,2026-09-04,22,1,5,-1
https://www.propertytaxpartners.co.uk/blog/incorporation-and-company-structures/sdlt-incorporation-stamp-duty-twice,2026-09-04,16,1,5,-1
https://www.propertytaxpartners.co.uk/blog/landlord-tax-essentials/landlord-accounting-spreadsheet-template-free-excel-guide,2026-09-04,11,1,5,-1
https://www.propertytaxpartners.co.uk/blog/incorporation-and-company-structures/ated-mixed-use-property-apportionment-treatment,2026-09-04,4,1,3,-1
https://www.propertytaxpartners.co.uk/blog/landlord-tax-essentials/a-complete-guide-to-hmrcs-digital-disclosure-service,2026-09-04,3,1,8,-1
https://www.propertytaxpartners.co.uk/blog/incorporation-and-company-structures/scottish-lbtt-corporate-buyer-15-percent-flat-rate-or-ads-pathway-decision,2026-09-04,1,1,1,-1
https://www.propertytaxpartners.co.uk/blog/incorporation-and-company-structures/corporation-tax-marginal-relief-uk-guide,2026-09-04,109,0,6,-1
https://www.propertytaxpartners.co.uk/blog/landlord-tax-essentials/land-transaction-tax-a-complete-guide,2026-09-04,95,0,8,-1
https://www.propertytaxpartners.co.uk/blog/property-types-and-specialist-tax/diy-housebuilders-vat-refund-scheme,2026-09-04,82,0,7,-1
https://www.propertytaxpartners.co.uk/blog/section-24-and-tax-relief/writing-down-allowance-cars,2026-09-04,81,0,5,-1
https://www.propertytaxpartners.co.uk/blog/landlord-tax-essentials/vat-on-rental-income-residential-vs-commercial-landlord-vat-status-decision-framework,2026-09-04,70,0,6,-1
https://www.propertytaxpartners.co.uk/blog/landlord-tax-essentials/form-17-declaration-beneficial-interest-property-mechanics-filing-revocation,2026-09-04,60,0,6,-1
https://www.propertytaxpartners.co.uk/blog/capital-gains-tax/cgt-on-inherited-property-uk-probate-base-cost,2026-09-04,57,0,5,-1
https://www.propertytaxpartners.co.uk/blog/section-24-and-tax-relief/furnished-holiday-let-tax-rules-exemptions,2026-09-04,55,0,8,-1
https://www.propertytaxpartners.co.uk/blog/landlord-tax-essentials/landlord-tax-return-complete-guide-2026,2026-09-04,49,0,7,-1
https://www.propertytaxpartners.co.uk/blog/property-types-and-specialist-tax/capital-allowances-commercial-property-what-can-claim,2026-09-04,40,0,6,-1
https://www.propertytaxpartners.co.uk/blog/non-resident-landlord-tax/non-resident-landlord-self-assessment-filing-requirements,2026-09-04,39,0,6,-1
https://www.propertytaxpartners.co.uk/blog/property-types-and-specialist-tax/structures-and-buildings-allowance-sba-3-percent-claim-mechanics-fa-2018-onward,2026-09-04,39,0,6,-1
https://www.propertytaxpartners.co.uk/blog/capital-gains-tax/cgt-rates-property-2026-27-current-rates-explained,2026-09-04,37,0,8,-1
https://www.propertytaxpartners.co.uk/blog/property-types-and-specialist-tax/single-person-council-tax-discount,2026-09-04,37,0,8,-1
https://www.propertytaxpartners.co.uk/blog/property-types-and-specialist-tax/writing-down-allowance-rates,2026-09-04,33,0,7,-1
https://www.propertytaxpartners.co.uk/blog/property-accountant-services/can-you-claim-aia-on-second-hand-assets,2026-09-04,29,0,4,-1
https://www.propertytaxpartners.co.uk/blog/property-types-and-specialist-tax/vat-option-to-tax-commercial-property-mechanics-election-revocation,2026-09-04,28,0,8,-1
https://www.propertytaxpartners.co.uk/blog/capital-gains-tax/cgt-divorce-property-transfer-tax-implications,2026-09-04,27,0,6,-1
https://www.propertytaxpartners.co.uk/blog/capital-gains-tax/letting-relief-landlords-2026-changes,2026-09-04,25,0,7,-1
https://www.propertytaxpartners.co.uk/blog/landlord-tax-essentials/sdlt-buy-to-let-rates-surcharge-guide-2025,2026-09-04,24,0,8,-1
https://www.propertytaxpartners.co.uk/calculators/lbtt-calculator-scotland,2026-09-04,22,0,9,-1
https://www.propertytaxpartners.co.uk/calculators/ltt-calculator-wales,2026-09-04,22,0,9,-1
https://www.propertytaxpartners.co.uk/blog/making-tax-digital-mtd/mtd-rental-income-threshold-exemptions,2026-09-04,21,0,5,-1
https://www.propertytaxpartners.co.uk/blog/incorporation-and-company-structures/sdlt-group-relief-for-corporate-landlord-portfolios,2026-09-04,20,0,7,-1
https://www.propertytaxpartners.co.uk/blog/landlord-tax-essentials/section-21-abolition-uk-landlord-possession-guide-2026,2026-09-04,18,0,4,-1
https://www.propertytaxpartners.co.uk/blog/landlord-tax-essentials/sdlt-on-probate-property-transfers,2026-09-04,17,0,5,-1
https://www.propertytaxpartners.co.uk/blog/landlord-tax-essentials/capital-vs-revenue-expenditure-landlord-uk,2026-09-04,14,0,5,-1
https://www.propertytaxpartners.co.uk/blog/property-types-and-specialist-tax/vat-property-conversion-residential-to-commercial-or-commercial-to-residential-zero-rate-reduced-rate,2026-09-04,13,0,7,-1
https://www.propertytaxpartners.co.uk/blog/portfolio-management/property-investment-benchmarks-uk-2026-good-yield,2026-09-04,13,0,6,-1
https://www.propertytaxpartners.co.uk/blog/landlord-tax-essentials/record-keeping-landlords-what-track-how-long-keep,2026-09-04,13,0,5,-1
https://www.propertytaxpartners.co.uk/blog/incorporation-and-company-structures/eligible-groups-for-group-relief-under-uk-corporation-tax,2026-09-04,13,0,7,-1
https://www.propertytaxpartners.co.uk/blog/landlord-tax-essentials/discovery-assessment-time-limits-landlord-tax-enquiries-tma-1970-s29,2026-09-04,13,0,7,-1
https://www.propertytaxpartners.co.uk/blog/property-types-and-specialist-tax/first-time-buyer-relief-benefits-and-eligibility-requirements,2026-09-04,12,0,4,-1
https://www.propertytaxpartners.co.uk/blog/incorporation-and-company-structures/togc-vat-property-letting-business,2026-09-04,12,0,7,-1
https://www.propertytaxpartners.co.uk/blog/incorporation-and-company-structures/change-sic-code-companies-house-property-company,2026-09-04,12,0,7,-1
https://www.propertytaxpartners.co.uk/blog/property-types-and-specialist-tax/property-development-tax-trading-vs-investment-income,2026-09-04,12,0,4,-1
https://www.propertytaxpartners.co.uk/blog/capital-gains-tax/cgt-gifting-property-family-members-uk,2026-09-11,708,38,4,-1
https://www.propertytaxpartners.co.uk/blog/section-24-and-tax-relief/landlord-tax-deductions-uk-2026-complete-list,2026-09-11,641,32,5,-1
https://www.propertytaxpartners.co.uk/blog/capital-gains-tax/tax-sell-rental-property-uk,2026-09-11,212,23,4,-1
https://www.propertytaxpartners.co.uk/blog/incorporation-and-company-structures/how-to-transfer-property-into-limited-company-uk,2026-09-11,255,18,3,-1
https://www.propertytaxpartners.co.uk/blog/section-24-and-tax-relief/claim-mortgage-interest-rental-property-uk-section-24,2026-09-11,406,15,4,-1
https://www.propertytaxpartners.co.uk/blog/capital-gains-tax/cgt-overseas-property-uk-residents-foreign-disposals,2026-09-11,225,15,4,-1
https://www.propertytaxpartners.co.uk/blog/landlord-tax-essentials/what-repairs-can-landlords-deduct-from-rental-income,2026-09-11,263,14,5,-1
https://www.propertytaxpartners.co.uk/blog/landlord-tax-essentials/sa105-property-income-form-2026-complete-guide,2026-09-11,573,13,5,-1
https://www.propertytaxpartners.co.uk/blog/section-24-and-tax-relief/mortgage-arrangement-fees-deductible-landlord,2026-09-11,109,12,4,-1
https://www.propertytaxpartners.co.uk/blog/non-resident-landlord-tax/nrl-approval-receive-rent-gross-hmrc-guide,2026-09-11,492,11,4,-1
https://www.propertytaxpartners.co.uk/blog/incorporation-and-company-structures/sdlt-transfer-property-company-cost,2026-09-11,214,10,5,-1
https://www.propertytaxpartners.co.uk/blog/section-24-and-tax-relief/rent-a-room-relief-uk-landlords-lodgers-guide,2026-09-11,285,8,5,-1
https://www.propertytaxpartners.co.uk/blog/property-types-and-specialist-tax/integral-features-capital-allowances,2026-09-11,213,8,4,-1
https://www.propertytaxpartners.co.uk/blog/section-24-and-tax-relief/mortgage-interest-deductible-landlords-uk-2026,2026-09-11,150,8,4,-1
https://www.propertytaxpartners.co.uk/blog/capital-gains-tax/capital-gains-tax-property-complete-guide-uk,2026-09-11,527,6,7,-1
https://www.propertytaxpartners.co.uk/blog/section-24-and-tax-relief/tax-relief-mortgage-interest-rented-property-guide,2026-09-11,168,6,4,-1
https://www.propertytaxpartners.co.uk/blog/capital-gains-tax/cgt-payment-deadlines-property-sales-2026,2026-09-11,369,5,6,-1
https://www.propertytaxpartners.co.uk/blog/section-24-and-tax-relief/finance-costs-section-24-complete-guide,2026-09-11,271,5,4,-1
https://www.propertytaxpartners.co.uk/blog/capital-gains-tax/principal-private-residence-relief-landlords,2026-09-11,213,5,6,-1
https://www.propertytaxpartners.co.uk/blog/property-types-and-specialist-tax/council-tax-for-new-builds,2026-09-11,120,5,5,-1
https://www.propertytaxpartners.co.uk/blog/property-types-and-specialist-tax/how-much-tax-holiday-let-property-uk,2026-09-11,98,5,5,-1
https://www.propertytaxpartners.co.uk/blog/property-types-and-specialist-tax/airbnb-tax-uk-short-term-rental-income-taxed,2026-09-11,91,5,5,-1
https://www.propertytaxpartners.co.uk/blog/landlord-tax-essentials/property-business-rates-council-tax-landlords,2026-09-11,190,4,6,-1
https://www.propertytaxpartners.co.uk/blog/capital-gains-tax/ppr-relief-calculation-former-home-step-by-step,2026-09-11,175,4,6,-1
https://www.propertytaxpartners.co.uk/blog/capital-gains-tax/property-improvements-reduce-cgt-enhancement-expenditure,2026-09-11,142,4,5,-1
https://www.propertytaxpartners.co.uk/blog/property-types-and-specialist-tax/vat-property-conversion-residential-to-commercial-or-commercial-to-residential-zero-rate-reduced-rate,2026-09-11,100,4,5,-1
https://www.propertytaxpartners.co.uk/blog/section-24-and-tax-relief/section-24-self-assessment-tax-return,2026-09-11,95,4,4,-1
https://www.propertytaxpartners.co.uk/blog/capital-gains-tax/cgt-on-inherited-property-uk-probate-base-cost,2026-09-11,31,4,4,-1
https://www.propertytaxpartners.co.uk/blog/capital-gains-tax/capital-gains-tax-property-sale-uk-2026-rates-allowances,2026-09-11,255,3,6,-1
https://www.propertytaxpartners.co.uk/blog/landlord-tax-essentials/capital-allowances-on-vans,2026-09-11,204,3,5,-1
https://www.propertytaxpartners.co.uk/blog/property-types-and-specialist-tax/a-complete-guide-on-community-infrastructure-levy-cil,2026-09-11,163,3,7,-1
https://www.propertytaxpartners.co.uk/blog/capital-gains-tax/cgt-property-transfer-spouse,2026-09-11,129,3,5,-1
https://www.propertytaxpartners.co.uk/blog/property-types-and-specialist-tax/single-person-council-tax-discounts-a-complete-guide,2026-09-11,116,3,6,-1
https://www.propertytaxpartners.co.uk/blog/capital-gains-tax/cgt-calculation-selling-buy-to-let-property-step-by-step,2026-09-11,89,3,3,-1
https://www.propertytaxpartners.co.uk/blog/capital-gains-tax/gifting-property-and-deed-of-gift-tax-implications,2026-09-11,81,3,4,-1
https://www.propertytaxpartners.co.uk/blog/property-types-and-specialist-tax/lease-variation-and-lease-surrender,2026-09-11,57,3,5,-1
https://www.propertytaxpartners.co.uk/blog/property-types-and-specialist-tax/vat-toms-long-term-stays-hotel-aparthotel-28-day-rule-mechanics,2026-09-11,47,3,7,-1
https://www.propertytaxpartners.co.uk/blog/non-resident-landlord-tax/non-resident-landlord-scheme-uk-complete-guide,2026-09-11,429,2,6,-1
https://www.propertytaxpartners.co.uk/blog/incorporation-and-company-structures/corporation-tax-marginal-relief-uk-guide,2026-09-11,194,2,6,-1
https://www.propertytaxpartners.co.uk/blog/section-24-and-tax-relief/rental-income-tax-uk-complete-guide-landlords,2026-09-11,187,2,6,-1
https://www.propertytaxpartners.co.uk/blog/property-types-and-specialist-tax/commercial-property-fixtures-claim-s198-election-purchase-mechanics,2026-09-11,148,2,6,-1
https://www.propertytaxpartners.co.uk/blog/capital-gains-tax/cgt-property-sold-loss-claim-capital-losses,2026-09-11,120,2,6,-1
https://www.propertytaxpartners.co.uk/blog/property-types-and-specialist-tax/vat-option-to-tax-commercial-property-mechanics-election-revocation,2026-09-11,92,2,7,-1
https://www.propertytaxpartners.co.uk/blog/landlord-tax-essentials/capital-vs-revenue-expenditure-landlord-uk,2026-09-11,90,2,5,-1
https://www.propertytaxpartners.co.uk/blog/property-accountant-services/can-you-claim-aia-on-second-hand-assets,2026-09-11,75,2,5,-1
https://www.propertytaxpartners.co.uk/blog/landlord-tax-essentials/property-income-allowance-1000-exemption-vs-expenses,2026-09-11,52,2,4,-1
https://www.propertytaxpartners.co.uk/blog/making-tax-digital-mtd/mtd-rental-income-threshold-exemptions,2026-09-11,49,2,6,-1
https://www.propertytaxpartners.co.uk/blog/property-types-and-specialist-tax/how-owning-property-abroad-leads-higher-stamp-duty-rates,2026-09-11,41,2,5,-1
https://www.propertytaxpartners.co.uk/blog/landlord-tax-essentials/land-transaction-tax-a-complete-guide,2026-09-11,162,1,7,-1
https://www.propertytaxpartners.co.uk/blog/property-types-and-specialist-tax/capital-allowances-on-property,2026-09-11,145,1,5,-1
https://www.propertytaxpartners.co.uk/blog/section-24-and-tax-relief/writing-down-allowance-cars,2026-09-11,106,1,5,-1
https://www.propertytaxpartners.co.uk/blog/non-resident-landlord-tax/non-resident-cgt-selling-uk-property-overseas-guide,2026-09-11,100,1,6,-1
https://www.propertytaxpartners.co.uk/blog/property-types-and-specialist-tax/diy-housebuilders-vat-refund-scheme,2026-09-11,98,1,7,-1
https://www.propertytaxpartners.co.uk/blog/landlord-tax-essentials/form-17-declaration-beneficial-interest-property-mechanics-filing-revocation,2026-09-11,86,1,6,-1
https://www.propertytaxpartners.co.uk/blog/landlord-tax-essentials/vat-on-rental-income-residential-vs-commercial-landlord-vat-status-decision-framework,2026-09-11,83,1,6,-1
https://www.propertytaxpartners.co.uk/blog/landlord-tax-essentials/income-tax-rates-landlords-2026-27-complete-guide,2026-09-11,78,1,4,-1
https://www.propertytaxpartners.co.uk/blog/property-types-and-specialist-tax/vat-capital-goods-scheme-property-businesses-10-year-adjustment-mechanics,2026-09-11,73,1,5,-1
https://www.propertytaxpartners.co.uk/blog/landlord-tax-essentials/btl-mortgage,2026-09-11,52,1,4,-1
https://www.propertytaxpartners.co.uk/blog/property-types-and-specialist-tax/capital-allowances-commercial-property-what-can-claim,2026-09-11,47,1,6,-1
https://www.propertytaxpartners.co.uk/blog/section-24-and-tax-relief/furnished-holiday-let-tax-rules-exemptions,2026-09-11,44,1,5,-1
https://www.propertytaxpartners.co.uk/blog/non-resident-landlord-tax/non-resident-cgt-uk-property-rates-reporting,2026-09-11,42,1,6,-1
https://www.propertytaxpartners.co.uk/blog/capital-gains-tax/cgt-divorce-property-transfer-tax-implications,2026-09-11,40,1,5,-1
https://www.propertytaxpartners.co.uk/blog/making-tax-digital-mtd/mtd-quarterly-reporting-landlords-step-by-step-guide,2026-09-11,33,1,7,-1
https://www.propertytaxpartners.co.uk/blog/landlord-tax-essentials/landlord-tax-changes-2026-complete-guide,2026-09-11,31,1,4,-1
https://www.propertytaxpartners.co.uk/blog/property-types-and-specialist-tax/vat-property-conversions-residential-reduced-rate-opted-to-tax,2026-09-11,12,1,6,-1
https://www.propertytaxpartners.co.uk/blog/landlord-tax-essentials/iht-lifetime-gifts-7-year-rule-property-taper,2026-09-11,12,1,6,-1
https://www.propertytaxpartners.co.uk/blog/incorporation-and-company-structures/ated-valuation-date-rules-2027-revaluation,2026-09-11,11,1,5,-1
https://www.propertytaxpartners.co.uk/blog/incorporation-and-company-structures/property-investment-company-structure-planning,2026-09-11,11,1,6,-1
https://www.propertytaxpartners.co.uk/blog/landlord-tax-essentials/pre-letting-expenses-landlord-claim-before-first-tenant,2026-09-11,11,1,4,-1
https://www.propertytaxpartners.co.uk/blog/property-types-and-specialist-tax/ated-rates,2026-09-11,11,1,3,-1
https://www.propertytaxpartners.co.uk/blog/property-types-and-specialist-tax/balancing-allowance-balancing-charge-on-disposal-property-capital-allowances-mechanics,2026-09-11,11,1,6,-1
https://www.propertytaxpartners.co.uk/blog/capital-gains-tax/average-london-estate-agent-fees,2026-09-11,3,1,3,-1
https://www.propertytaxpartners.co.uk/blog/incorporation-and-company-structures/directors-loan-accountsdla-uk-guide,2026-09-11,141,0,5,-1
https://www.propertytaxpartners.co.uk/blog/section-24-and-tax-relief/replacement-domestic-items-relief-uk-landlords-guide,2026-09-11,120,0,5,-1
https://www.propertytaxpartners.co.uk/blog/landlord-tax-essentials/landlord-tax-return-complete-guide-2026,2026-09-11,119,0,8,-1
https://www.propertytaxpartners.co.uk/blog/capital-gains-tax/cgt-rates-property-2026-27-current-rates-explained,2026-09-11,91,0,6,-1
https://www.propertytaxpartners.co.uk/blog/property-types-and-specialist-tax/vat-on-new-builds-residential-property,2026-09-11,70,0,6,-1
https://www.propertytaxpartners.co.uk/blog/property-types-and-specialist-tax/single-person-council-tax-discount,2026-09-11,67,0,7,-1
https://www.propertytaxpartners.co.uk/blog/property-types-and-specialist-tax/writing-down-allowance-rates,2026-09-11,64,0,6,-1
https://www.propertytaxpartners.co.uk/blog/property-types-and-specialist-tax/booking-com-a-complete-guide-for-the-hosts,2026-09-11,57,0,5,-1
https://www.propertytaxpartners.co.uk/blog/incorporation-and-company-structures/spv-property-investment-special-purpose-vehicle-guide,2026-09-11,51,0,6,-1
https://www.propertytaxpartners.co.uk/blog/non-resident-landlord-tax/nrl-withholding-tax-20-percent-basic-rate-deduction,2026-09-11,51,0,5,-1
https://www.propertytaxpartners.co.uk/blog/property-types-and-specialist-tax/lease-extensions-in-the-uk-surrender-and-regrant,2026-09-11,49,0,6,-1
https://www.propertytaxpartners.co.uk/blog/section-24-and-tax-relief/section-24-mortgage-interest-restriction-uk-landlords,2026-09-11,48,0,4,-1
https://www.propertytaxpartners.co.uk/blog/incorporation-and-company-structures/partnership-sdlt-relief-schedule-15-fa-2003-incorporation-sum-lower-proportions,2026-09-11,48,0,6,-1
https://www.propertytaxpartners.co.uk/blog/landlord-tax-essentials/capital-allowances-second-hand-vans,2026-09-11,47,0,6,-1
https://www.propertytaxpartners.co.uk/blog/non-resident-landlord-tax/non-resident-landlord-self-assessment-filing-requirements,2026-09-11,43,0,6,-1
https://www.propertytaxpartners.co.uk/blog/incorporation-and-company-structures/sdlt-group-relief-for-corporate-landlord-portfolios,2026-09-11,42,0,7,-1
https://www.propertytaxpartners.co.uk/blog/incorporation-and-company-structures/ated-rates-2026-27-bands-table-worked-examples,2026-09-11,41,0,4,-1
https://www.propertytaxpartners.co.uk/blog/incorporation-and-company-structures/types-of-property-company-structure-uk-guide,2026-09-11,34,0,4,-1
https://www.propertytaxpartners.co.uk/blog/landlord-tax-essentials/property-investment-tax-uk-complete-guide-2026,2026-09-11,34,0,6,-1
https://www.propertytaxpartners.co.uk/blog/portfolio-management/property-investment-benchmarks-uk-2026-good-yield,2026-09-11,33,0,4,-1
https://www.propertytaxpartners.co.uk/blog/property-types-and-specialist-tax/a-complete-guide-to-stamp-duty-refund,2026-09-11,33,0,7,-1
https://www.propertytaxpartners.co.uk/blog/incorporation-and-company-structures/llp-accounts,2026-09-11,31,0,4,-1
https://www.propertytaxpartners.co.uk/blog/making-tax-digital-mtd/making-tax-digital-property-income-2026-complete-guide,2026-09-11,31,0,6,-1
https://www.propertytaxpartners.co.uk/blog/landlord-tax-essentials/declaration-of-trust-property-beneficial-ownership-mechanics-evidence-form-17,2026-09-11,27,0,6,-1
https://www.propertytaxpartners.co.uk/blog/non-resident-landlord-tax/nrcgt-indirect-disposal-property-rich-companies-shares,2026-09-11,26,0,5,-1
https://www.propertytaxpartners.co.uk/blog/property-types-and-specialist-tax/first-time-buyer-relief-benefits-and-eligibility-requirements,2026-09-11,25,0,7,-1
https://www.propertytaxpartners.co.uk/blog/landlord-tax-essentials/how-to-complete-landlord-self-assessment-filing-step-by-step-guide,2026-09-11,25,0,12,-1
https://www.propertytaxpartners.co.uk/blog/capital-gains-tax/cgt-annual-exempt-amount-3000-allowance-2026-27,2026-09-11,24,0,7,-1
https://www.propertytaxpartners.co.uk/blog/capital-gains-tax/cgt-gifting-property-family-members-uk,2026-09-18,735,41,4,-1
https://www.propertytaxpartners.co.uk/blog/section-24-and-tax-relief/landlord-tax-deductions-uk-2026-complete-list,2026-09-18,690,27,5,-1
https://www.propertytaxpartners.co.uk/blog/incorporation-and-company-structures/how-to-transfer-property-into-limited-company-uk,2026-09-18,280,25,3,-1
https://www.propertytaxpartners.co.uk/blog/landlord-tax-essentials/sa105-property-income-form-2026-complete-guide,2026-09-18,666,22,5,-1
https://www.propertytaxpartners.co.uk/blog/capital-gains-tax/cgt-overseas-property-uk-residents-foreign-disposals,2026-09-18,340,17,4,-1
https://www.propertytaxpartners.co.uk/blog/section-24-and-tax-relief/claim-mortgage-interest-rental-property-uk-section-24,2026-09-18,352,15,4,-1
https://www.propertytaxpartners.co.uk/blog/capital-gains-tax/tax-sell-rental-property-uk,2026-09-18,259,14,4,-1
https://www.propertytaxpartners.co.uk/blog/incorporation-and-company-structures/sdlt-transfer-property-company-cost,2026-09-18,305,13,5,-1
https://www.propertytaxpartners.co.uk/blog/section-24-and-tax-relief/mortgage-interest-deductible-landlords-uk-2026,2026-09-18,204,13,4,-1
https://www.propertytaxpartners.co.uk/blog/landlord-tax-essentials/what-repairs-can-landlords-deduct-from-rental-income,2026-09-18,224,11,5,-1
https://www.propertytaxpartners.co.uk/blog/property-types-and-specialist-tax/integral-features-capital-allowances,2026-09-18,200,9,4,-1
https://www.propertytaxpartners.co.uk/blog/non-resident-landlord-tax/nrl-approval-receive-rent-gross-hmrc-guide,2026-09-18,391,8,4,-1
https://www.propertytaxpartners.co.uk/blog/section-24-and-tax-relief/tax-relief-mortgage-interest-rented-property-guide,2026-09-18,178,8,5,-1
https://www.propertytaxpartners.co.uk/blog/capital-gains-tax/cgt-calculation-selling-buy-to-let-property-step-by-step,2026-09-18,128,8,3,-1
https://www.propertytaxpartners.co.uk/blog/section-24-and-tax-relief/section-24-self-assessment-tax-return,2026-09-18,123,8,4,-1
https://www.propertytaxpartners.co.uk/blog/capital-gains-tax/capital-gains-tax-property-complete-guide-uk,2026-09-18,381,7,6,-1
https://www.propertytaxpartners.co.uk/blog/section-24-and-tax-relief/finance-costs-section-24-complete-guide,2026-09-18,232,7,4,-1
https://www.propertytaxpartners.co.uk/blog/property-types-and-specialist-tax/airbnb-tax-uk-short-term-rental-income-taxed,2026-09-18,165,7,4,-1
https://www.propertytaxpartners.co.uk/blog/capital-gains-tax/cgt-payment-deadlines-property-sales-2026,2026-09-18,326,6,6,-1
https://www.propertytaxpartners.co.uk/blog/capital-gains-tax/capital-gains-tax-second-home-sale,2026-09-18,98,6,4,-1
https://www.propertytaxpartners.co.uk/blog/section-24-and-tax-relief/rent-a-room-relief-uk-landlords-lodgers-guide,2026-09-18,403,5,5,-1
https://www.propertytaxpartners.co.uk/blog/landlord-tax-essentials/capital-allowances-on-vans,2026-09-18,183,5,5,-1
https://www.propertytaxpartners.co.uk/blog/capital-gains-tax/property-improvements-reduce-cgt-enhancement-expenditure,2026-09-18,156,5,5,-1
https://www.propertytaxpartners.co.uk/blog/section-24-and-tax-relief/mortgage-arrangement-fees-deductible-landlord,2026-09-18,138,5,4,-1
https://www.propertytaxpartners.co.uk/blog/property-types-and-specialist-tax/how-much-tax-holiday-let-property-uk,2026-09-18,80,5,4,-1
https://www.propertytaxpartners.co.uk/blog/capital-gains-tax/capital-gains-tax-property-sale-uk-2026-rates-allowances,2026-09-18,247,4,6,-1
https://www.propertytaxpartners.co.uk/blog/landlord-tax-essentials/property-business-rates-council-tax-landlords,2026-09-18,234,4,6,-1
https://www.propertytaxpartners.co.uk/blog/capital-gains-tax/cgt-property-sold-loss-claim-capital-losses,2026-09-18,122,4,6,-1
https://www.propertytaxpartners.co.uk/blog/capital-gains-tax/gifting-property-and-deed-of-gift-tax-implications,2026-09-18,118,4,4,-1
https://www.propertytaxpartners.co.uk/blog/landlord-tax-essentials/property-income-allowance-1000-exemption-vs-expenses,2026-09-18,88,4,4,-1
https://www.propertytaxpartners.co.uk/blog/landlord-tax-essentials/btl-mortgage,2026-09-18,56,4,4,-1
https://www.propertytaxpartners.co.uk/blog/incorporation-and-company-structures/sdlt-six-dwellings-non-residential-election,2026-09-18,29,4,4,-1
https://www.propertytaxpartners.co.uk/blog/section-24-and-tax-relief/rental-income-tax-uk-complete-guide-landlords,2026-09-18,245,3,6,-1
https://www.propertytaxpartners.co.uk/blog/section-24-and-tax-relief/writing-down-allowance-cars,2026-09-18,107,3,5,-1
https://www.propertytaxpartners.co.uk/blog/property-types-and-specialist-tax/council-tax-for-new-builds,2026-09-18,97,3,4,-1
https://www.propertytaxpartners.co.uk/blog/landlord-tax-essentials/income-tax-rates-landlords-2026-27-complete-guide,2026-09-18,73,3,4,-1
https://www.propertytaxpartners.co.uk/blog/property-types-and-specialist-tax/balancing-allowance-balancing-charge-on-disposal-property-capital-allowances-mechanics,2026-09-18,45,3,6,-1
https://www.propertytaxpartners.co.uk/blog/capital-gains-tax/cgt-main-residence-relief-joint-ownership-pra-election-spouses-mechanics,2026-09-18,32,3,5,-1
https://www.propertytaxpartners.co.uk/blog/capital-gains-tax/principal-private-residence-relief-landlords,2026-09-18,232,2,6,-1
https://www.propertytaxpartners.co.uk/blog/property-types-and-specialist-tax/commercial-property-fixtures-claim-s198-election-purchase-mechanics,2026-09-18,147,2,7,-1
https://www.propertytaxpartners.co.uk/blog/capital-gains-tax/ppr-relief-calculation-former-home-step-by-step,2026-09-18,138,2,6,-1
https://www.propertytaxpartners.co.uk/blog/landlord-tax-essentials/landlord-tax-return-complete-guide-2026,2026-09-18,108,2,7,-1
https://www.propertytaxpartners.co.uk/blog/property-types-and-specialist-tax/capital-allowances-on-property,2026-09-18,104,2,5,-1
https://www.propertytaxpartners.co.uk/blog/property-types-and-specialist-tax/single-person-council-tax-discounts-a-complete-guide,2026-09-18,103,2,7,-1
https://www.propertytaxpartners.co.uk/blog/landlord-tax-essentials/capital-vs-revenue-expenditure-landlord-uk,2026-09-18,103,2,5,-1
https://www.propertytaxpartners.co.uk/blog/landlord-tax-essentials/form-17-declaration-beneficial-interest-property-mechanics-filing-revocation,2026-09-18,83,2,6,-1
https://www.propertytaxpartners.co.uk/blog/section-24-and-tax-relief/furnished-holiday-let-tax-rules-exemptions,2026-09-18,71,2,6,-1
https://www.propertytaxpartners.co.uk/blog/incorporation-and-company-structures/togc-vat-property-letting-business,2026-09-18,61,2,7,-1
https://www.propertytaxpartners.co.uk/blog/making-tax-digital-mtd/mtd-rental-income-threshold-exemptions,2026-09-18,57,2,6,-1
https://www.propertytaxpartners.co.uk/blog/non-resident-landlord-tax/non-resident-landlord-self-assessment-filing-requirements,2026-09-18,27,2,6,-1
https://www.propertytaxpartners.co.uk/blog/landlord-tax-essentials/land-transaction-tax-a-complete-guide,2026-09-18,164,1,8,-1
https://www.propertytaxpartners.co.uk/blog/incorporation-and-company-structures/corporation-tax-marginal-relief-uk-guide,2026-09-18,158,1,6,-1
https://www.propertytaxpartners.co.uk/blog/non-resident-landlord-tax/non-resident-cgt-selling-uk-property-overseas-guide,2026-09-18,117,1,6,-1
https://www.propertytaxpartners.co.uk/blog/capital-gains-tax/cgt-property-transfer-spouse,2026-09-18,113,1,5,-1
https://www.propertytaxpartners.co.uk/blog/section-24-and-tax-relief/replacement-domestic-items-relief-uk-landlords-guide,2026-09-18,107,1,6,-1
https://www.propertytaxpartners.co.uk/blog/non-resident-landlord-tax/non-resident-cgt-uk-property-rates-reporting,2026-09-18,75,1,6,-1
https://www.propertytaxpartners.co.uk/blog/incorporation-and-company-structures/llp-accounts,2026-09-18,72,1,5,-1
https://www.propertytaxpartners.co.uk/blog/property-types-and-specialist-tax/vat-toms-long-term-stays-hotel-aparthotel-28-day-rule-mechanics,2026-09-18,71,1,5,-1
https://www.propertytaxpartners.co.uk/blog/property-accountant-services/can-you-claim-aia-on-second-hand-assets,2026-09-18,61,1,4,-1
https://www.propertytaxpartners.co.uk/blog/landlord-tax-essentials/property-investment-tax-uk-complete-guide-2026,2026-09-18,59,1,6,-1
https://www.propertytaxpartners.co.uk/blog/property-types-and-specialist-tax/capital-allowances-commercial-property-what-can-claim,2026-09-18,46,1,6,-1
https://www.propertytaxpartners.co.uk/blog/capital-gains-tax/cgt-divorce-property-transfer-tax-implications,2026-09-18,30,1,5,-1
https://www.propertytaxpartners.co.uk/blog/property-types-and-specialist-tax/single-person-council-tax-discount,2026-09-18,28,1,7,-1
https://www.propertytaxpartners.co.uk/blog/landlord-tax-essentials/record-keeping-landlords-what-track-how-long-keep,2026-09-18,27,1,6,-1
https://www.propertytaxpartners.co.uk/blog/incorporation-and-company-structures/partnership-sdlt-relief-schedule-15-fa-2003-incorporation-sum-lower-proportions,2026-09-18,26,1,6,-1
https://www.propertytaxpartners.co.uk/blog/property-types-and-specialist-tax/structures-and-buildings-allowance-sba-3-percent-claim-mechanics-fa-2018-onward,2026-09-18,23,1,6,-1
https://www.propertytaxpartners.co.uk/blog/landlord-tax-essentials/pre-letting-expenses-landlord-claim-before-first-tenant,2026-09-18,22,1,6,-1
https://www.propertytaxpartners.co.uk/blog/portfolio-management/property-investment-benchmarks-uk-2026-good-yield,2026-09-18,18,1,4,-1
https://www.propertytaxpartners.co.uk/blog/property-types-and-specialist-tax/lease-extension-cost-uk,2026-09-18,18,1,5,-1
https://www.propertytaxpartners.co.uk/blog/incorporation-and-company-structures/close-investment-holding-company-property,2026-09-18,14,1,4,-1
https://www.propertytaxpartners.co.uk/blog/landlord-tax-essentials/iht-joint-ownership-property-spouse-exemption-transferable-allowances-jointly-tic-vs-jt,2026-09-18,14,1,5,-1
https://www.propertytaxpartners.co.uk/blog/capital-gains-tax/cgt-property-2027-rate-changes-uk-landlords,2026-09-18,13,1,5,-1
https://www.propertytaxpartners.co.uk/blog/landlord-tax-essentials/epc-certificate-cost-uk,2026-09-18,12,1,3,-1
https://www.propertytaxpartners.co.uk/blog/property-types-and-specialist-tax/lease-variation-and-lease-surrender,2026-09-18,11,1,6,-1
https://www.propertytaxpartners.co.uk/blog/property-types-and-specialist-tax/how-owning-property-abroad-leads-higher-stamp-duty-rates,2026-09-18,11,1,4,-1
https://www.propertytaxpartners.co.uk/blog/non-resident-landlord-tax/non-resident-landlord-scheme-uk-complete-guide,2026-09-18,285,0,7,-1
https://www.propertytaxpartners.co.uk/blog/property-types-and-specialist-tax/a-complete-guide-on-community-infrastructure-levy-cil,2026-09-18,166,0,7,-1
https://www.propertytaxpartners.co.uk/blog/incorporation-and-company-structures/directors-loan-accountsdla-uk-guide,2026-09-18,102,0,6,-1
https://www.propertytaxpartners.co.uk/blog/property-types-and-specialist-tax/vat-on-new-builds-residential-property,2026-09-18,82,0,7,-1
https://www.propertytaxpartners.co.uk/blog/property-types-and-specialist-tax/diy-housebuilders-vat-refund-scheme,2026-09-18,81,0,7,-1
https://www.propertytaxpartners.co.uk/blog/capital-gains-tax/cgt-on-inherited-property-uk-probate-base-cost,2026-09-18,64,0,5,-1
https://www.propertytaxpartners.co.uk/blog/property-types-and-specialist-tax/writing-down-allowance-rates,2026-09-18,58,0,6,-1
https://www.propertytaxpartners.co.uk/blog/property-types-and-specialist-tax/vat-option-to-tax-commercial-property-mechanics-election-revocation,2026-09-18,51,0,7,-1
https://www.propertytaxpartners.co.uk/blog/incorporation-and-company-structures/spv-property-investment-special-purpose-vehicle-guide,2026-09-18,50,0,6,-1
https://www.propertytaxpartners.co.uk/blog/landlord-tax-essentials/vat-on-rental-income-residential-vs-commercial-landlord-vat-status-decision-framework,2026-09-18,49,0,6,-1
https://www.propertytaxpartners.co.uk/blog/property-types-and-specialist-tax/vat-property-conversion-residential-to-commercial-or-commercial-to-residential-zero-rate-reduced-rate,2026-09-18,44,0,6,-1
https://www.propertytaxpartners.co.uk/blog/landlord-tax-essentials/capital-allowances-second-hand-vans,2026-09-18,38,0,6,-1
https://www.propertytaxpartners.co.uk/blog/incorporation-and-company-structures/buy-to-let-limited-company-complete-guide-uk,2026-09-18,38,0,4,-1
https://www.propertytaxpartners.co.uk/blog/landlord-tax-essentials/landlord-tax-changes-2026-complete-guide,2026-09-18,37,0,5,-1
https://www.propertytaxpartners.co.uk/blog/landlord-tax-essentials/tenancy-agreement-template-rra-2025-compliant-clauses,2026-09-18,37,0,5,-1
https://www.propertytaxpartners.co.uk/blog/property-types-and-specialist-tax/first-time-buyer-relief-benefits-and-eligibility-requirements,2026-09-18,29,0,7,-1
https://www.propertytaxpartners.co.uk/blog/landlord-tax-essentials/scottish-lbtt-rates-bands-2026-27-residential-buyers-complete-guide,2026-09-18,29,0,4,-1
https://www.propertytaxpartners.co.uk/blog/property-types-and-specialist-tax/lease-extensions-in-the-uk-surrender-and-regrant,2026-09-18,26,0,6,-1
https://www.propertytaxpartners.co.uk/blog/incorporation-and-company-structures/sdlt-group-relief-for-corporate-landlord-portfolios,2026-09-18,26,0,6,-1
https://www.propertytaxpartners.co.uk/blog/capital-gains-tax/cgt-rates-property-2026-27-current-rates-explained,2026-09-18,24,0,7,-1
https://www.propertytaxpartners.co.uk/blog/property-types-and-specialist-tax/full-expensing-and-first-year-allowances,2026-09-18,24,0,6,-1
https://www.propertytaxpartners.co.uk/blog/property-types-and-specialist-tax/multiple-dwellings-relief,2026-09-18,23,0,6,-1
https://www.propertytaxpartners.co.uk/blog/landlord-tax-essentials/welsh-land-transaction-tax-ltt-rates-bands-2026-27-residential-buyers,2026-09-18,18,0,6,-1
https://www.propertytaxpartners.co.uk/blog/landlord-tax-essentials/essential-guide-for-first-time-homebuyers-in-scotland,2026-09-18,18,0,8,-1
https://www.propertytaxpartners.co.uk/blog/incorporation-and-company-structures/types-of-property-company-structure-uk-guide,2026-09-18,17,0,5,-1
https://www.propertytaxpartners.co.uk/blog/capital-gains-tax/cgt-gifting-property-family-members-uk,2026-09-25,704,30,4,-1
https://www.propertytaxpartners.co.uk/blog/section-24-and-tax-relief/landlord-tax-deductions-uk-2026-complete-list,2026-09-25,811,26,5,-1
https://www.propertytaxpartners.co.uk/blog/incorporation-and-company-structures/sdlt-transfer-property-company-cost,2026-09-25,350,19,5,-1
https://www.propertytaxpartners.co.uk/blog/incorporation-and-company-structures/how-to-transfer-property-into-limited-company-uk,2026-09-25,244,19,3,-1
https://www.propertytaxpartners.co.uk/blog/landlord-tax-essentials/sa105-property-income-form-2026-complete-guide,2026-09-25,711,16,5,-1
https://www.propertytaxpartners.co.uk/blog/capital-gains-tax/tax-sell-rental-property-uk,2026-09-25,262,16,3,-1
https://www.propertytaxpartners.co.uk/blog/section-24-and-tax-relief/claim-mortgage-interest-rental-property-uk-section-24,2026-09-25,387,15,4,-1
https://www.propertytaxpartners.co.uk/blog/capital-gains-tax/cgt-overseas-property-uk-residents-foreign-disposals,2026-09-25,258,12,4,-1
https://www.propertytaxpartners.co.uk/blog/section-24-and-tax-relief/tax-relief-mortgage-interest-rented-property-guide,2026-09-25,202,11,5,-1
https://www.propertytaxpartners.co.uk/blog/capital-gains-tax/capital-gains-tax-second-home-sale,2026-09-25,126,11,3,-1
https://www.propertytaxpartners.co.uk/blog/section-24-and-tax-relief/mortgage-arrangement-fees-deductible-landlord,2026-09-25,118,11,4,-1
https://www.propertytaxpartners.co.uk/blog/landlord-tax-essentials/what-repairs-can-landlords-deduct-from-rental-income,2026-09-25,228,10,5,-1
https://www.propertytaxpartners.co.uk/blog/capital-gains-tax/capital-gains-tax-property-complete-guide-uk,2026-09-25,574,9,6,-1
https://www.propertytaxpartners.co.uk/blog/section-24-and-tax-relief/mortgage-interest-deductible-landlords-uk-2026,2026-09-25,155,9,4,-1
https://www.propertytaxpartners.co.uk/blog/capital-gains-tax/cgt-calculation-selling-buy-to-let-property-step-by-step,2026-09-25,129,9,3,-1
https://www.propertytaxpartners.co.uk/blog/property-types-and-specialist-tax/council-tax-for-new-builds,2026-09-25,112,9,4,-1
https://www.propertytaxpartners.co.uk/blog/property-types-and-specialist-tax/how-much-tax-holiday-let-property-uk,2026-09-25,223,7,4,-1
https://www.propertytaxpartners.co.uk/blog/landlord-tax-essentials/property-business-rates-council-tax-landlords,2026-09-25,167,7,6,-1
https://www.propertytaxpartners.co.uk/blog/non-resident-landlord-tax/nrl-approval-receive-rent-gross-hmrc-guide,2026-09-25,385,6,4,-1
https://www.propertytaxpartners.co.uk/blog/property-types-and-specialist-tax/commercial-property-fixtures-claim-s198-election-purchase-mechanics,2026-09-25,153,6,7,-1
https://www.propertytaxpartners.co.uk/blog/landlord-tax-essentials/income-tax-rates-landlords-2026-27-complete-guide,2026-09-25,84,6,5,-1
https://www.propertytaxpartners.co.uk/blog/capital-gains-tax/capital-gains-tax-property-sale-uk-2026-rates-allowances,2026-09-25,165,5,6,-1
https://www.propertytaxpartners.co.uk/blog/capital-gains-tax/principal-private-residence-relief-landlords,2026-09-25,158,5,6,-1
https://www.propertytaxpartners.co.uk/blog/section-24-and-tax-relief/rent-a-room-relief-uk-landlords-lodgers-guide,2026-09-25,326,4,6,-1
https://www.propertytaxpartners.co.uk/blog/landlord-tax-essentials/capital-allowances-on-vans,2026-09-25,146,4,6,-1
https://www.propertytaxpartners.co.uk/blog/landlord-tax-essentials/capital-vs-revenue-expenditure-landlord-uk,2026-09-25,130,4,5,-1
https://www.propertytaxpartners.co.uk/blog/landlord-tax-essentials/form-17-declaration-beneficial-interest-property-mechanics-filing-revocation,2026-09-25,113,4,5,-1
https://www.propertytaxpartners.co.uk/blog/landlord-tax-essentials/btl-mortgage,2026-09-25,64,4,4,-1
https://www.propertytaxpartners.co.uk/blog/portfolio-management/property-investment-benchmarks-uk-2026-good-yield,2026-09-25,57,4,5,-1
https://www.propertytaxpartners.co.uk/blog/capital-gains-tax/cgt-payment-deadlines-property-sales-2026,2026-09-25,283,3,6,-1
https://www.propertytaxpartners.co.uk/blog/property-types-and-specialist-tax/integral-features-capital-allowances,2026-09-25,211,3,5,-1
https://www.propertytaxpartners.co.uk/blog/capital-gains-tax/ppr-relief-calculation-former-home-step-by-step,2026-09-25,139,3,7,-1
https://www.propertytaxpartners.co.uk/blog/capital-gains-tax/gifting-property-and-deed-of-gift-tax-implications,2026-09-25,137,3,4,-1
https://www.propertytaxpartners.co.uk/blog/capital-gains-tax/cgt-property-sold-loss-claim-capital-losses,2026-09-25,128,3,6,-1
https://www.propertytaxpartners.co.uk/blog/property-types-and-specialist-tax/airbnb-tax-uk-short-term-rental-income-taxed,2026-09-25,123,3,4,-1
https://www.propertytaxpartners.co.uk/blog/section-24-and-tax-relief/writing-down-allowance-cars,2026-09-25,101,3,6,-1
https://www.propertytaxpartners.co.uk/blog/incorporation-and-company-structures/partnership-sdlt-relief-schedule-15-fa-2003-incorporation-sum-lower-proportions,2026-09-25,97,3,6,-1
https://www.propertytaxpartners.co.uk/blog/non-resident-landlord-tax/non-resident-cgt-uk-property-rates-reporting,2026-09-25,88,3,6,-1
https://www.propertytaxpartners.co.uk/blog/incorporation-and-company-structures/togc-vat-property-letting-business,2026-09-25,58,3,6,-1
https://www.propertytaxpartners.co.uk/blog/property-types-and-specialist-tax/capital-allowances-commercial-property-what-can-claim,2026-09-25,53,3,5,-1
https://www.propertytaxpartners.co.uk/blog/capital-gains-tax/cgt-property-2027-rate-changes-uk-landlords,2026-09-25,36,3,5,-1
https://www.propertytaxpartners.co.uk/blog/non-resident-landlord-tax/non-resident-landlord-scheme-uk-complete-guide,2026-09-25,245,2,7,-1
https://www.propertytaxpartners.co.uk/blog/section-24-and-tax-relief/finance-costs-section-24-complete-guide,2026-09-25,238,2,4,-1
https://www.propertytaxpartners.co.uk/blog/landlord-tax-essentials/landlord-tax-return-complete-guide-2026,2026-09-25,153,2,6,-1
https://www.propertytaxpartners.co.uk/blog/incorporation-and-company-structures/corporation-tax-marginal-relief-uk-guide,2026-09-25,123,2,7,-1
https://www.propertytaxpartners.co.uk/blog/section-24-and-tax-relief/replacement-domestic-items-relief-uk-landlords-guide,2026-09-25,109,2,6,-1
https://www.propertytaxpartners.co.uk/blog/capital-gains-tax/cgt-property-transfer-spouse,2026-09-25,91,2,5,-1
https://www.propertytaxpartners.co.uk/blog/landlord-tax-essentials/vat-on-rental-income-residential-vs-commercial-landlord-vat-status-decision-framework,2026-09-25,84,2,6,-1
https://www.propertytaxpartners.co.uk/blog/property-accountant-services/can-you-claim-aia-on-second-hand-assets,2026-09-25,77,2,4,-1
https://www.propertytaxpartners.co.uk/blog/property-types-and-specialist-tax/structures-and-buildings-allowance-sba-3-percent-claim-mechanics-fa-2018-onward,2026-09-25,48,2,6,-1
https://www.propertytaxpartners.co.uk/blog/landlord-tax-essentials/welsh-land-transaction-tax-ltt-rates-bands-2026-27-residential-buyers,2026-09-25,37,2,6,-1
https://www.propertytaxpartners.co.uk/blog/landlord-tax-essentials/vat-dilapidations-payments-tenant-landlord-vat-treatment-supply-or-damages,2026-09-25,26,2,5,-1
https://www.propertytaxpartners.co.uk/blog/incorporation-and-company-structures/directors-loan-accountsdla-uk-guide,2026-09-25,173,1,6,-1
https://www.propertytaxpartners.co.uk/blog/landlord-tax-essentials/land-transaction-tax-a-complete-guide,2026-09-25,158,1,7,-1
https://www.propertytaxpartners.co.uk/blog/property-types-and-specialist-tax/capital-allowances-on-property,2026-09-25,126,1,5,-1
https://www.propertytaxpartners.co.uk/blog/section-24-and-tax-relief/section-24-self-assessment-tax-return,2026-09-25,95,1,4,-1
https://www.propertytaxpartners.co.uk/blog/property-types-and-specialist-tax/vat-option-to-tax-commercial-property-mechanics-election-revocation,2026-09-25,57,1,7,-1
https://www.propertytaxpartners.co.uk/blog/property-types-and-specialist-tax/vat-property-conversion-residential-to-commercial-or-commercial-to-residential-zero-rate-reduced-rate,2026-09-25,53,1,6,-1
https://www.propertytaxpartners.co.uk/blog/property-types-and-specialist-tax/vat-toms-long-term-stays-hotel-aparthotel-28-day-rule-mechanics,2026-09-25,44,1,5,-1
https://www.propertytaxpartners.co.uk/blog/property-types-and-specialist-tax/lease-extension-cost-uk,2026-09-25,40,1,5,-1
https://www.propertytaxpartners.co.uk/blog/landlord-tax-essentials/declaration-of-trust-property-beneficial-ownership-mechanics-evidence-form-17,2026-09-25,39,1,6,-1
https://www.propertytaxpartners.co.uk/blog/landlord-tax-essentials/2027-property-income-tax-rates-landlords-uk,2026-09-25,36,1,5,-1
https://www.propertytaxpartners.co.uk/blog/landlord-tax-essentials/iht-joint-ownership-property-spouse-exemption-transferable-allowances-jointly-tic-vs-jt,2026-09-25,25,1,6,-1
https://www.propertytaxpartners.co.uk/blog/making-tax-digital-mtd/mtd-rental-income-threshold-exemptions,2026-09-25,24,1,5,-1
https://www.propertytaxpartners.co.uk/blog/property-types-and-specialist-tax/property-development-tax-trading-vs-investment-income,2026-09-25,23,1,5,-1
https://www.propertytaxpartners.co.uk/,2026-09-25,21,1,4,-1
https://www.propertytaxpartners.co.uk/blog/non-resident-landlord-tax/uk-property-income-expats-tax-obligations-explained,2026-09-25,18,1,6,-1
https://www.propertytaxpartners.co.uk/blog/incorporation-and-company-structures/buy-to-let-limited-company-complete-guide-uk,2026-09-25,17,1,4,-1
https://www.propertytaxpartners.co.uk/blog/incorporation-and-company-structures/settlements-legislation-s624-s629-property-income-attribution-mechanics,2026-09-25,15,1,5,-1
https://www.propertytaxpartners.co.uk/blog/landlord-tax-essentials/pre-letting-expenses-landlord-claim-before-first-tenant,2026-09-25,14,1,5,-1
https://www.propertytaxpartners.co.uk/blog/capital-gains-tax/cgt-property-transfer-limited-company-calculate,2026-09-25,13,1,3,-1
https://www.propertytaxpartners.co.uk/blog/incorporation-and-company-structures/ated-rates-2026-27-bands-table-worked-examples,2026-09-25,12,1,5,-1
https://www.propertytaxpartners.co.uk/blog/incorporation-and-company-structures/incorporating-property-portfolio-uk-2026,2026-09-25,12,1,5,-1
https://www.propertytaxpartners.co.uk/blog/capital-gains-tax/cgt-selling-buy-to-let-property-calculation-guide,2026-09-25,12,1,4,-1
https://www.propertytaxpartners.co.uk/blog/landlord-tax-essentials/scottish-lbtt-rates-bands-2026-27-residential-buyers-complete-guide,2026-09-25,11,1,6,-1
https://www.propertytaxpartners.co.uk/blog/property-types-and-specialist-tax/full-expensing-and-first-year-allowances,2026-09-25,11,1,5,-1
https://www.propertytaxpartners.co.uk/blog/section-24-and-tax-relief/landlord-insurance-tax-deductible,2026-09-25,11,1,2,-1
https://www.propertytaxpartners.co.uk/blog/property-accountant-services/how-much-does-a-property-accountant-cost,2026-09-25,2,1,2,-1
https://www.propertytaxpartners.co.uk/blog/property-types-and-specialist-tax/a-complete-guide-on-community-infrastructure-levy-cil,2026-09-25,167,0,8,-1
https://www.propertytaxpartners.co.uk/blog/capital-gains-tax/property-improvements-reduce-cgt-enhancement-expenditure,2026-09-25,146,0,6,-1
https://www.propertytaxpartners.co.uk/blog/section-24-and-tax-relief/rental-income-tax-uk-complete-guide-landlords,2026-09-25,146,0,7,-1
https://www.propertytaxpartners.co.uk/blog/non-resident-landlord-tax/non-resident-cgt-selling-uk-property-overseas-guide,2026-09-25,91,0,6,-1
https://www.propertytaxpartners.co.uk/blog/landlord-tax-essentials/property-income-allowance-1000-exemption-vs-expenses,2026-09-25,76,0,5,-1
https://www.propertytaxpartners.co.uk/blog/property-types-and-specialist-tax/single-person-council-tax-discounts-a-complete-guide,2026-09-25,71,0,6,-1
https://www.propertytaxpartners.co.uk/blog/capital-gains-tax/cgt-rates-property-2026-27-current-rates-explained,2026-09-25,59,0,7,-1
https://www.propertytaxpartners.co.uk/blog/property-types-and-specialist-tax/single-person-council-tax-discount,2026-09-25,51,0,7,-1
https://www.propertytaxpartners.co.uk/blog/property-types-and-specialist-tax/balancing-allowance-balancing-charge-on-disposal-property-capital-allowances-mechanics,2026-09-25,48,0,6,-1
https://www.propertytaxpartners.co.uk/blog/section-24-and-tax-relief/furnished-holiday-let-tax-rules-exemptions,2026-09-25,37,0,7,-1
https://www.propertytaxpartners.co.uk/blog/landlord-tax-essentials/discovery-assessment-time-limits-landlord-tax-enquiries-tma-1970-s29,2026-09-25,35,0,7,-1
https://www.propertytaxpartners.co.uk/blog/landlord-tax-essentials/property-investment-tax-uk-complete-guide-2026,2026-09-25,34,0,5,-1
https://www.propertytaxpartners.co.uk/blog/property-types-and-specialist-tax/vat-on-new-builds-residential-property,2026-09-25,31,0,7,-1
https://www.propertytaxpartners.co.uk/blog/capital-gains-tax/cgt-on-inherited-property-uk-probate-base-cost,2026-09-25,27,0,5,-1
https://www.propertytaxpartners.co.uk/blog/property-types-and-specialist-tax/writing-down-allowance-rates,2026-09-25,27,0,6,-1
https://www.propertytaxpartners.co.uk/blog/property-types-and-specialist-tax/first-time-buyer-relief-benefits-and-eligibility-requirements,2026-09-25,27,0,7,-1
https://www.propertytaxpartners.co.uk/blog/capital-gains-tax/rollover-relief-property-landlords,2026-09-25,27,0,7,-1
https://www.propertytaxpartners.co.uk/blog/property-types-and-specialist-tax/booking-com-a-complete-guide-for-the-hosts,2026-09-25,26,0,4,-1
https://www.propertytaxpartners.co.uk/blog/incorporation-and-company-structures/llp-accounts,2026-09-25,25,0,5,-1
https://www.propertytaxpartners.co.uk/blog/section-24-and-tax-relief/section-24-mortgage-interest-restriction-uk-landlords,2026-09-25,24,0,3,-1
https://www.propertytaxpartners.co.uk/blog/non-resident-landlord-tax/nrl-scheme-letting-agents-quarterly-returns-mechanics,2026-09-25,23,0,5,-1
https://www.propertytaxpartners.co.uk/blog/property-types-and-specialist-tax/service-charge-disputes-leaseholders,2026-09-25,22,0,5,-1
https://www.propertytaxpartners.co.uk/blog/section-24-and-tax-relief/landlord-tax-deductions-uk-2026-complete-list,2026-10-02,809,39,5,-1
https://www.propertytaxpartners.co.uk/blog/capital-gains-tax/cgt-gifting-property-family-members-uk,2026-10-02,634,37,4,-1
https://www.propertytaxpartners.co.uk/blog/incorporation-and-company-structures/how-to-transfer-property-into-limited-company-uk,2026-10-02,328,23,3,-1
https://www.propertytaxpartners.co.uk/blog/landlord-tax-essentials/sa105-property-income-form-2026-complete-guide,2026-10-02,844,16,5,-1
https://www.propertytaxpartners.co.uk/blog/incorporation-and-company-structures/sdlt-transfer-property-company-cost,2026-10-02,389,15,5,-1
https://www.propertytaxpartners.co.uk/blog/capital-gains-tax/tax-sell-rental-property-uk,2026-10-02,251,15,4,-1
https://www.propertytaxpartners.co.uk/blog/landlord-tax-essentials/what-repairs-can-landlords-deduct-from-rental-income,2026-10-02,297,14,5,-1
https://www.propertytaxpartners.co.uk/blog/non-resident-landlord-tax/nrl-approval-receive-rent-gross-hmrc-guide,2026-10-02,386,13,4,-1
https://www.propertytaxpartners.co.uk/blog/capital-gains-tax/capital-gains-tax-second-home-sale,2026-10-02,243,13,4,-1
https://www.propertytaxpartners.co.uk/blog/capital-gains-tax/cgt-overseas-property-uk-residents-foreign-disposals,2026-10-02,230,13,4,-1
https://www.propertytaxpartners.co.uk/blog/capital-gains-tax/cgt-calculation-selling-buy-to-let-property-step-by-step,2026-10-02,161,10,3,-1
https://www.propertytaxpartners.co.uk/blog/section-24-and-tax-relief/claim-mortgage-interest-rental-property-uk-section-24,2026-10-02,371,9,4,-1
https://www.propertytaxpartners.co.uk/blog/section-24-and-tax-relief/finance-costs-section-24-complete-guide,2026-10-02,255,7,4,-1
https://www.propertytaxpartners.co.uk/blog/section-24-and-tax-relief/tax-relief-mortgage-interest-rented-property-guide,2026-10-02,154,6,4,-1
https://www.propertytaxpartners.co.uk/blog/section-24-and-tax-relief/mortgage-arrangement-fees-deductible-landlord,2026-10-02,115,6,5,-1
https://www.propertytaxpartners.co.uk/blog/landlord-tax-essentials/property-business-rates-council-tax-landlords,2026-10-02,226,5,6,-1
https://www.propertytaxpartners.co.uk/blog/section-24-and-tax-relief/mortgage-interest-deductible-landlords-uk-2026,2026-10-02,215,5,4,-1
https://www.propertytaxpartners.co.uk/blog/section-24-and-tax-relief/writing-down-allowance-cars,2026-10-02,147,5,5,-1
https://www.propertytaxpartners.co.uk/blog/landlord-tax-essentials/capital-allowances-on-vans,2026-10-02,142,5,6,-1
https://www.propertytaxpartners.co.uk/blog/capital-gains-tax/cgt-property-transfer-spouse,2026-10-02,100,5,5,-1
https://www.propertytaxpartners.co.uk/blog/capital-gains-tax/gifting-property-and-deed-of-gift-tax-implications,2026-10-02,99,5,4,-1
https://www.propertytaxpartners.co.uk/blog/incorporation-and-company-structures/sdlt-six-dwellings-non-residential-election,2026-10-02,90,5,4,-1
https://www.propertytaxpartners.co.uk/blog/capital-gains-tax/capital-gains-tax-property-complete-guide-uk,2026-10-02,441,4,6,-1
https://www.propertytaxpartners.co.uk/blog/property-types-and-specialist-tax/integral-features-capital-allowances,2026-10-02,252,4,4,-1
https://www.propertytaxpartners.co.uk/blog/section-24-and-tax-relief/rent-a-room-relief-uk-landlords-lodgers-guide,2026-10-02,209,4,5,-1
https://www.propertytaxpartners.co.uk/blog/capital-gains-tax/property-improvements-reduce-cgt-enhancement-expenditure,2026-10-02,157,4,4,-1
https://www.propertytaxpartners.co.uk/blog/section-24-and-tax-relief/section-24-self-assessment-tax-return,2026-10-02,101,4,4,-1
https://www.propertytaxpartners.co.uk/blog/property-types-and-specialist-tax/council-tax-for-new-builds,2026-10-02,98,4,4,-1
https://www.propertytaxpartners.co.uk/blog/landlord-tax-essentials/btl-mortgage,2026-10-02,94,4,4,-1
https://www.propertytaxpartners.co.uk/blog/capital-gains-tax/cgt-on-inherited-property-uk-probate-base-cost,2026-10-02,86,4,5,-1
https://www.propertytaxpartners.co.uk/blog/property-types-and-specialist-tax/how-much-tax-holiday-let-property-uk,2026-10-02,74,4,5,-1
https://www.propertytaxpartners.co.uk/blog/capital-gains-tax/cgt-annual-exempt-amount-3000-allowance-2026-27,2026-10-02,72,4,6,-1
https://www.propertytaxpartners.co.uk/blog/property-types-and-specialist-tax/airbnb-tax-uk-short-term-rental-income-taxed,2026-10-02,414,3,3,-1
https://www.propertytaxpartners.co.uk/blog/capital-gains-tax/cgt-payment-deadlines-property-sales-2026,2026-10-02,266,3,6,-1
https://www.propertytaxpartners.co.uk/blog/landlord-tax-essentials/form-17-declaration-beneficial-interest-property-mechanics-filing-revocation,2026-10-02,128,3,6,-1
https://www.propertytaxpartners.co.uk/blog/landlord-tax-essentials/income-tax-rates-landlords-2026-27-complete-guide,2026-10-02,119,3,4,-1
https://www.propertytaxpartners.co.uk/blog/capital-gains-tax/ppr-relief-calculation-former-home-step-by-step,2026-10-02,93,3,6,-1
https://www.propertytaxpartners.co.uk/blog/landlord-tax-essentials/2027-property-income-tax-rates-landlords-uk,2026-10-02,74,3,5,-1
https://www.propertytaxpartners.co.uk/blog/property-types-and-specialist-tax/structures-and-buildings-allowance-sba-3-percent-claim-mechanics-fa-2018-onward,2026-10-02,62,3,6,-1
https://www.propertytaxpartners.co.uk/blog/property-accountant-services/can-you-claim-aia-on-second-hand-assets,2026-10-02,51,3,4,-1
https://www.propertytaxpartners.co.uk/blog/capital-gains-tax/capital-gains-tax-property-sale-uk-2026-rates-allowances,2026-10-02,207,2,6,-1
https://www.propertytaxpartners.co.uk/blog/capital-gains-tax/cgt-property-sold-loss-claim-capital-losses,2026-10-02,134,2,5,-1
https://www.propertytaxpartners.co.uk/blog/landlord-tax-essentials/property-income-allowance-1000-exemption-vs-expenses,2026-10-02,123,2,5,-1
https://www.propertytaxpartners.co.uk/blog/portfolio-management/property-investment-benchmarks-uk-2026-good-yield,2026-10-02,93,2,4,-1
https://www.propertytaxpartners.co.uk/blog/landlord-tax-essentials/capital-vs-revenue-expenditure-landlord-uk,2026-10-02,89,2,5,-1
https://www.propertytaxpartners.co.uk/blog/property-types-and-specialist-tax/capital-allowances-commercial-property-what-can-claim,2026-10-02,86,2,5,-1
https://www.propertytaxpartners.co.uk/blog/non-resident-landlord-tax/non-resident-landlord-self-assessment-filing-requirements,2026-10-02,27,2,6,-1
https://www.propertytaxpartners.co.uk/blog/non-resident-landlord-tax/nrcgt-indirect-disposal-property-rich-companies-shares,2026-10-02,24,2,5,-1
https://www.propertytaxpartners.co.uk/blog/incorporation-and-company-structures/sdlt-group-relief-schedule-7-fa-2003-claw-back-connected-party-recovery-depth,2026-10-02,17,2,7,-1
https://www.propertytaxpartners.co.uk/blog/capital-gains-tax/principal-private-residence-relief-landlords,2026-10-02,181,1,6,-1
https://www.propertytaxpartners.co.uk/blog/landlord-tax-essentials/landlord-tax-return-complete-guide-2026,2026-10-02,125,1,6,-1
https://www.propertytaxpartners.co.uk/blog/property-types-and-specialist-tax/a-complete-guide-on-community-infrastructure-levy-cil,2026-10-02,122,1,7,-1
https://www.propertytaxpartners.co.uk/blog/property-types-and-specialist-tax/capital-allowances-on-property,2026-10-02,112,1,6,-1
https://www.propertytaxpartners.co.uk/blog/incorporation-and-company-structures/togc-vat-property-letting-business,2026-10-02,91,1,7,-1
https://www.propertytaxpartners.co.uk/blog/incorporation-and-company-structures/directors-loan-accountsdla-uk-guide,2026-10-02,82,1,6,-1
https://www.propertytaxpartners.co.uk/blog/landlord-tax-essentials/welsh-land-transaction-tax-ltt-rates-bands-2026-27-residential-buyers,2026-10-02,69,1,6,-1
https://www.propertytaxpartners.co.uk/blog/property-types-and-specialist-tax/diy-housebuilders-vat-refund-scheme,2026-10-02,41,1,8,-1
https://www.propertytaxpartners.co.uk/blog/incorporation-and-company-structures/types-of-property-company-structure-uk-guide,2026-10-02,37,1,5,-1
https://www.propertytaxpartners.co.uk/blog/property-types-and-specialist-tax/full-expensing-and-first-year-allowances,2026-10-02,30,1,5,-1
https://www.propertytaxpartners.co.uk/blog/property-types-and-specialist-tax/how-owning-property-abroad-leads-higher-stamp-duty-rates,2026-10-02,29,1,6,-1
https://www.propertytaxpartners.co.uk/blog/property-types-and-specialist-tax/commercial-epc-requirements,2026-10-02,27,1,3,-1
https://www.propertytaxpartners.co.uk/blog/property-types-and-specialist-tax/service-charge-disputes-leaseholders,2026-10-02,27,1,6,-1
https://www.propertytaxpartners.co.uk/blog/landlord-tax-essentials/pre-letting-expenses-landlord-claim-before-first-tenant,2026-10-02,26,1,4,-1
https://www.propertytaxpartners.co.uk/blog/incorporation-and-company-structures/buy-to-let-limited-company-complete-guide-uk,2026-10-02,24,1,3,-1
https://www.propertytaxpartners.co.uk/blog/property-types-and-specialist-tax/leasehold-reform-act-2024-what-is-in-force,2026-10-02,19,1,5,-1
https://www.propertytaxpartners.co.uk/blog/landlord-tax-essentials/epc-certificate-cost-uk,2026-10-02,16,1,7,-1
https://www.propertytaxpartners.co.uk/blog/incorporation-and-company-structures/substantial-shareholding-exemption-property-companies,2026-10-02,14,1,5,-1
https://www.propertytaxpartners.co.uk/blog/incorporation-and-company-structures/eligible-groups-for-group-relief-under-uk-corporation-tax,2026-10-02,12,1,6,-1
https://www.propertytaxpartners.co.uk/blog/landlord-tax-essentials/renters-rights-act-rent-increase-section-13-tribunal-route,2026-10-02,7,1,6,-1
https://www.propertytaxpartners.co.uk/blog/section-24-and-tax-relief/annual-investment-allowance-landlords-uk,2026-10-02,6,1,2,-1
https://www.propertytaxpartners.co.uk/blog/incorporation-and-company-structures/ated-15-percent-flat-rate-sdlt-interaction,2026-10-02,5,1,6,-1
https://www.propertytaxpartners.co.uk/blog/capital-gains-tax/rollover-relief-property-landlords,2026-10-02,4,1,5,-1
https://www.propertytaxpartners.co.uk/blog/non-resident-landlord-tax/non-resident-landlord-scheme-uk-complete-guide,2026-10-02,359,0,7,-1
https://www.propertytaxpartners.co.uk/blog/section-24-and-tax-relief/rental-income-tax-uk-complete-guide-landlords,2026-10-02,156,0,7,-1
https://www.propertytaxpartners.co.uk/blog/property-types-and-specialist-tax/commercial-property-fixtures-claim-s198-election-purchase-mechanics,2026-10-02,153,0,7,-1
https://www.propertytaxpartners.co.uk/blog/incorporation-and-company-structures/corporation-tax-marginal-relief-uk-guide,2026-10-02,148,0,6,-1
https://www.propertytaxpartners.co.uk/blog/landlord-tax-essentials/land-transaction-tax-a-complete-guide,2026-10-02,143,0,7,-1
https://www.propertytaxpartners.co.uk/blog/incorporation-and-company-structures/partnership-sdlt-relief-schedule-15-fa-2003-incorporation-sum-lower-proportions,2026-10-02,101,0,6,-1
https://www.propertytaxpartners.co.uk/blog/section-24-and-tax-relief/replacement-domestic-items-relief-uk-landlords-guide,2026-10-02,100,0,7,-1
https://www.propertytaxpartners.co.uk/blog/property-types-and-specialist-tax/vat-option-to-tax-commercial-property-mechanics-election-revocation,2026-10-02,81,0,8,-1
https://www.propertytaxpartners.co.uk/blog/property-types-and-specialist-tax/single-person-council-tax-discounts-a-complete-guide,2026-10-02,80,0,6,-1
https://www.propertytaxpartners.co.uk/blog/landlord-tax-essentials/vat-on-rental-income-residential-vs-commercial-landlord-vat-status-decision-framework,2026-10-02,73,0,6,-1
https://www.propertytaxpartners.co.uk/blog/non-resident-landlord-tax/non-resident-cgt-uk-property-rates-reporting,2026-10-02,69,0,7,-1
https://www.propertytaxpartners.co.uk/blog/property-types-and-specialist-tax/vat-toms-long-term-stays-hotel-aparthotel-28-day-rule-mechanics,2026-10-02,57,0,5,-1
https://www.propertytaxpartners.co.uk/blog/landlord-tax-essentials/a-complete-guide-to-hmrcs-digital-disclosure-service,2026-10-02,49,0,8,-1
https://www.propertytaxpartners.co.uk/blog/property-types-and-specialist-tax/capital-allowances-on-cars-and-vehicles,2026-10-02,48,0,6,-1
https://www.propertytaxpartners.co.uk/blog/landlord-tax-essentials/declaration-of-trust-property-beneficial-ownership-mechanics-evidence-form-17,2026-10-02,44,0,6,-1
https://www.propertytaxpartners.co.uk/blog/non-resident-landlord-tax/non-resident-cgt-selling-uk-property-overseas-guide,2026-10-02,39,0,6,-1
https://www.propertytaxpartners.co.uk/blog/property-types-and-specialist-tax/writing-down-allowance-rates,2026-10-02,38,0,6,-1
https://www.propertytaxpartners.co.uk/blog/property-types-and-specialist-tax/balancing-allowance-balancing-charge-on-disposal-property-capital-allowances-mechanics,2026-10-02,35,0,7,-1
https://www.propertytaxpartners.co.uk/blog/incorporation-and-company-structures/change-sic-code-companies-house-property-company,2026-10-02,32,0,7,-1
https://www.propertytaxpartners.co.uk/blog/property-types-and-specialist-tax/vat-property-conversion-residential-to-commercial-or-commercial-to-residential-zero-rate-reduced-rate,2026-10-02,31,0,6,-1
https://www.propertytaxpartners.co.uk/blog/section-24-and-tax-relief/furnished-holiday-let-tax-rules-exemptions,2026-10-02,30,0,6,-1
https://www.propertytaxpartners.co.uk/blog/making-tax-digital-mtd/landlord-accounting-software-uk-best-options-2026,2026-10-02,30,0,9,-1
https://www.propertytaxpartners.co.uk/blog/capital-gains-tax/capital-gains-tax-on-shares-uk,2026-10-02,28,0,7,-1
https://www.propertytaxpartners.co.uk/blog/incorporation-and-company-structures/ated-rates-2026-27-bands-table-worked-examples,2026-10-02,27,0,4,-1
https://www.propertytaxpartners.co.uk/blog/landlord-tax-essentials/how-to-complete-landlord-self-assessment-filing-step-by-step-guide,2026-10-02,25,0,7,-1
https://www.propertytaxpartners.co.uk/blog/landlord-tax-essentials/landlord-vat-registration-when-required,2026-10-02,25,0,5,-1
https://www.propertytaxpartners.co.uk/blog/landlord-tax-essentials/discovery-assessment-time-limits-landlord-tax-enquiries-tma-1970-s29,2026-10-02,24,0,8,-1
https://www.propertytaxpartners.co.uk/blog/section-24-and-tax-relief/section-24-mortgage-interest-restriction-uk-landlords,2026-10-02,23,0,4,-1
