page,clicks,impressions,ctr,position
https://www.propertytaxpartners.co.uk/blog/section-24-and-tax-relief/mortgage-arrangement-fees-deductible-landlord,297,7852,0.037825,4.61
https://www.propertytaxpartners.co.uk/blog/landlord-tax-essentials/sa105-property-income-form-2026-complete-guide,291,16838,0.017282,5.0
https://www.propertytaxpartners.co.uk/blog/landlord-tax-essentials/landlord-accounting-spreadsheet-template-free-excel-guide,244,4975,0.049045,6.52
https://www.propertytaxpartners.co.uk/blog/capital-gains-tax/capital-gains-tax-property-complete-guide-uk,159,26382,0.006027,5.08
https://www.propertytaxpartners.co.uk/blog/property-accountant-services/can-you-claim-aia-on-second-hand-assets,78,5760,0.013542,4.05
https://www.propertytaxpartners.co.uk/blog/capital-gains-tax/cgt-overseas-property-uk-residents-foreign-disposals,75,4430,0.01693,6.1
https://www.propertytaxpartners.co.uk/blog/property-accountant-services/how-much-does-a-property-accountant-cost,72,4869,0.014787,4.95
https://www.propertytaxpartners.co.uk/blog/section-24-and-tax-relief/landlord-tax-deductions-uk-2026-complete-list,71,3998,0.017759,7.4
https://www.propertytaxpartners.co.uk/blog/capital-gains-tax/cgt-payment-deadlines-property-sales-2026,56,6015,0.00931,7.56
https://www.propertytaxpartners.co.uk/,50,554,0.090253,29.61
https://www.propertytaxpartners.co.uk/blog/landlord-tax-essentials/penalties-not-declaring-rental-income-hmrc,49,2646,0.018519,7.27
https://www.propertytaxpartners.co.uk/blog/non-resident-landlord-tax/non-resident-landlord-scheme-uk-complete-guide,48,5748,0.008351,21.73
https://www.propertytaxpartners.co.uk/blog/non-resident-landlord-tax/non-resident-landlord-self-assessment-filing-requirements,47,2251,0.02088,7.65
https://www.propertytaxpartners.co.uk/blog/property-types-and-specialist-tax/toms-vat-serviced-accommodation,46,1157,0.039758,5.99
https://www.propertytaxpartners.co.uk/blog/landlord-tax-essentials/landlord-vat-registration-when-required,45,4988,0.009022,14.08
https://www.propertytaxpartners.co.uk/blog/landlord-tax-essentials/gift-with-reservation-of-benefit,43,2375,0.018105,7.76
https://www.propertytaxpartners.co.uk/blog/landlord-tax-essentials/iht-gifts-with-reservation-of-benefit-property,43,2218,0.019387,6.14
https://www.propertytaxpartners.co.uk/blog/property-types-and-specialist-tax/lease-variation-and-lease-surrender,42,2527,0.01662,7.27
https://www.propertytaxpartners.co.uk/blog/landlord-tax-essentials/capital-allowances-on-vans,41,4262,0.00962,7.03
https://www.propertytaxpartners.co.uk/blog/section-24-and-tax-relief/section-24-repeal-future-reversed,41,945,0.043386,4.68
https://www.propertytaxpartners.co.uk/blog/capital-gains-tax/cgt-property-2027-rate-changes-uk-landlords,37,2027,0.018254,5.61
https://www.propertytaxpartners.co.uk/blog/non-resident-landlord-tax/double-taxation-agreement-uk-and-isle-of-man,33,1327,0.024868,6.75
https://www.propertytaxpartners.co.uk/blog/landlord-tax-essentials/inheritance-tax-rental-property-uk-guide,32,2482,0.012893,9.6
https://www.propertytaxpartners.co.uk/blog/portfolio-management/buying-commercial-property-through-a-sipp,32,4970,0.006439,10.14
https://www.propertytaxpartners.co.uk/blog/non-resident-landlord-tax/moving-to-australia-uk-rental-property-tax-pathway,31,1703,0.018203,8.74
https://www.propertytaxpartners.co.uk/blog/property-types-and-specialist-tax/commercial-property-tax-landlords-rates-reliefs-allowances,30,3131,0.009582,12.99
https://www.propertytaxpartners.co.uk/blog/property-types-and-specialist-tax/vat-property-conversion-residential-to-commercial-or-commercial-to-residential-zero-rate-reduced-rate,30,3766,0.007966,8.09
https://www.propertytaxpartners.co.uk/blog/property-types-and-specialist-tax/integral-features-capital-allowances,27,4333,0.006231,7.37
https://www.propertytaxpartners.co.uk/blog/property-types-and-specialist-tax/vat-property-conversions-residential-reduced-rate-opted-to-tax,27,1980,0.013636,8.02
https://www.propertytaxpartners.co.uk/blog/capital-gains-tax/ppr-relief-calculation-former-home-step-by-step,26,2015,0.012903,7.36
https://www.propertytaxpartners.co.uk/blog/property-types-and-specialist-tax/vat-mixed-use-property-purchase-residential-commercial-element-apportionment,26,1519,0.017117,5.56
https://www.propertytaxpartners.co.uk/blog/section-24-and-tax-relief/replacement-domestic-items-relief-uk-landlords-guide,26,2503,0.010388,7.88
https://www.propertytaxpartners.co.uk/blog/landlord-tax-essentials/scottish-lbtt-rates-bands-2026-27-residential-buyers-complete-guide,25,14792,0.00169,7.09
https://www.propertytaxpartners.co.uk/blog/property-types-and-specialist-tax/single-person-council-tax-discounts-a-complete-guide,25,3618,0.00691,11.47
https://www.propertytaxpartners.co.uk/about,24,224,0.107143,9.68
https://www.propertytaxpartners.co.uk/blog/landlord-tax-essentials/vat-on-rental-income-residential-vs-commercial-landlord-vat-status-decision-framework,24,3957,0.006065,19.73
https://www.propertytaxpartners.co.uk/blog/section-24-and-tax-relief/landlord-insurance-tax-deductible,24,2697,0.008899,6.0
https://www.propertytaxpartners.co.uk/blog/incorporation-and-company-structures/settlor-interested-trust-iht-s49-1a-cgt-s169b-property-attribution-rules,23,1731,0.013287,9.49
https://www.propertytaxpartners.co.uk/blog/incorporation-and-company-structures/spv-property-investment-special-purpose-vehicle-guide,22,2456,0.008958,13.93
https://www.propertytaxpartners.co.uk/blog/non-resident-landlord-tax/dta-tie-breaker-test-dual-residence-property-owners,22,1549,0.014203,6.87
https://www.propertytaxpartners.co.uk/blog/non-resident-landlord-tax/nrl-scheme-letting-agents-quarterly-returns-mechanics,22,2882,0.007634,6.77
https://www.propertytaxpartners.co.uk/blog/incorporation-and-company-structures/how-to-transfer-property-into-limited-company-uk,20,2530,0.007905,23.59
https://www.propertytaxpartners.co.uk/blog/property-types-and-specialist-tax/hmo-licensing-fees-tax-deductible-uk-landlords,20,1292,0.01548,4.46
https://www.propertytaxpartners.co.uk/blog/capital-gains-tax/cgt-selling-multiple-properties-same-year,19,416,0.045673,5.07
https://www.propertytaxpartners.co.uk/blog/incorporation-and-company-structures/corporation-tax-rates-property-companies-2026-27,19,2130,0.00892,9.71
https://www.propertytaxpartners.co.uk/blog/landlord-tax-essentials/land-transaction-tax-a-complete-guide,19,4457,0.004263,8.75
https://www.propertytaxpartners.co.uk/blog/property-types-and-specialist-tax/capital-allowances-on-property,19,3505,0.005421,23.96
https://www.propertytaxpartners.co.uk/blog/property-types-and-specialist-tax/sdlt-mixed-use-rates-vs-residential-property-tribunal-tests-landlords,19,647,0.029366,6.98
https://www.propertytaxpartners.co.uk/blog/property-types-and-specialist-tax/lease-extensions-in-the-uk-surrender-and-regrant,18,2863,0.006287,12.82
https://www.propertytaxpartners.co.uk/blog/landlord-tax-essentials/essential-guide-for-first-time-homebuyers-in-scotland,17,3091,0.0055,8.08
https://www.propertytaxpartners.co.uk/blog/landlord-tax-essentials/sdlt-leasehold-extension-vs-fresh-purchase,17,1813,0.009377,9.99
https://www.propertytaxpartners.co.uk/blog/property-types-and-specialist-tax/hmo-tax-guide-rental-income-deductions-multi-tenant,17,1591,0.010685,9.85
https://www.propertytaxpartners.co.uk/blog/landlord-tax-essentials/landlord-tax-calendar-2026-27-key-dates,16,1128,0.014184,5.47
https://www.propertytaxpartners.co.uk/blog/landlord-tax-essentials/record-keeping-landlords-what-track-how-long-keep,16,591,0.027073,6.82
https://www.propertytaxpartners.co.uk/blog/property-types-and-specialist-tax/a-complete-guide-on-community-infrastructure-levy-cil,16,1777,0.009004,10.54
https://www.propertytaxpartners.co.uk/blog/property-types-and-specialist-tax/how-owning-property-abroad-leads-higher-stamp-duty-rates,16,1298,0.012327,6.7
https://www.propertytaxpartners.co.uk/blog/capital-gains-tax/cgt-on-inherited-property-uk-probate-base-cost,15,1656,0.009058,6.1
https://www.propertytaxpartners.co.uk/locations/birmingham,15,1905,0.007874,32.14
https://www.propertytaxpartners.co.uk/blog/capital-gains-tax/capital-gains-tax-second-home-sale,14,1399,0.010007,10.78
https://www.propertytaxpartners.co.uk/blog/capital-gains-tax/part-exchange-house-uk,14,802,0.017456,7.64
https://www.propertytaxpartners.co.uk/blog/property-types-and-specialist-tax/commercial-property-fixtures-claim-s198-election-purchase-mechanics,14,1395,0.010036,11.59
https://www.propertytaxpartners.co.uk/blog/incorporation-and-company-structures/property-company-group-relief-corporation-tax,13,803,0.016189,6.67
https://www.propertytaxpartners.co.uk/blog/incorporation-and-company-structures/sdlt-incorporation-stamp-duty-twice,13,775,0.016774,9.37
https://www.propertytaxpartners.co.uk/blog/property-accountant-services/how-to-become-property-accountant,13,1266,0.010269,18.71
https://www.propertytaxpartners.co.uk/blog/property-types-and-specialist-tax/council-tax-for-new-builds,13,903,0.014396,6.65
https://www.propertytaxpartners.co.uk/blog/property-types-and-specialist-tax/farm-tax-uk-guide,13,1739,0.007476,8.0
https://www.propertytaxpartners.co.uk/blog/incorporation-and-company-structures/alphabet-shares-property-spv-dividend-splitting-spouse-children,12,1302,0.009217,6.1
https://www.propertytaxpartners.co.uk/blog/incorporation-and-company-structures/ated-complete-guide-2026-27,11,2380,0.004622,5.82
https://www.propertytaxpartners.co.uk/blog/incorporation-and-company-structures/ated-return-amendment-corrections-procedure,11,672,0.016369,11.53
https://www.propertytaxpartners.co.uk/blog/incorporation-and-company-structures/gifting-property-to-adult-children-decision-tree-cgt-iht-occupancy-mechanics,11,316,0.03481,6.99
https://www.propertytaxpartners.co.uk/blog/incorporation-and-company-structures/substantial-shareholding-exemption-property-companies,11,1933,0.005691,8.1
https://www.propertytaxpartners.co.uk/blog/property-types-and-specialist-tax/vat-partial-exemption-special-method-approval-landlords-standard-method-override-mechanics,11,714,0.015406,8.77
https://www.propertytaxpartners.co.uk/calculators/rent-a-room-relief-calculator,11,437,0.025172,6.76
https://www.propertytaxpartners.co.uk/blog/incorporation-and-company-structures/property-investment-company-structure-planning,10,1257,0.007955,10.01
https://www.propertytaxpartners.co.uk/blog/incorporation-and-company-structures/property-spv-employer-pension-contributions-wholly-and-exclusively-test-mechanics,10,642,0.015576,9.14
https://www.propertytaxpartners.co.uk/blog/landlord-tax-essentials/vat-dilapidations-payments-tenant-landlord-vat-treatment-supply-or-damages,10,1066,0.009381,22.62
https://www.propertytaxpartners.co.uk/blog/incorporation-and-company-structures/charging-market-rent-to-own-property-company-tax-treatment,9,1021,0.008815,7.04
https://www.propertytaxpartners.co.uk/blog/landlord-tax-essentials/landlord-tax-return-complete-guide-2026,9,1129,0.007972,4.91
https://www.propertytaxpartners.co.uk/blog/non-resident-landlord-tax/returning-to-uk-after-non-residence-property-portfolio,9,159,0.056604,5.62
https://www.propertytaxpartners.co.uk/blog/capital-gains-tax/do-limited-companies-pay-capital-gains-tax-property,8,732,0.010929,6.04
https://www.propertytaxpartners.co.uk/blog/incorporation-and-company-structures/ated-late-filing-penalties-mechanics,8,586,0.013652,6.76
https://www.propertytaxpartners.co.uk/blog/incorporation-and-company-structures/director-living-in-property-owned-by-limited-company,8,108,0.074074,3.85
https://www.propertytaxpartners.co.uk/blog/incorporation-and-company-structures/sdlt-transfer-property-company-cost,8,2079,0.003848,8.99
https://www.propertytaxpartners.co.uk/blog/incorporation-and-company-structures/section-162-incorporation-relief-property-landlords,8,770,0.01039,11.75
https://www.propertytaxpartners.co.uk/blog/incorporation-and-company-structures/transfer-of-going-concern-togc-commercial-property-option-matching-vat-free,8,1540,0.005195,8.03
https://www.propertytaxpartners.co.uk/blog/incorporation-and-company-structures/when-does-hmrc-accept-rental-property-incorporation-business,8,321,0.024922,6.46
https://www.propertytaxpartners.co.uk/blog/property-types-and-specialist-tax/capital-allowances-furnished-holiday-lets,8,376,0.021277,10.67
https://www.propertytaxpartners.co.uk/blog/property-types-and-specialist-tax/capital-allowances-on-cars-and-vehicles,8,1437,0.005567,10.18
https://www.propertytaxpartners.co.uk/blog/property-types-and-specialist-tax/ground-rent-rules-uk,8,864,0.009259,10.32
https://www.propertytaxpartners.co.uk/blog/section-24-and-tax-relief/furnished-holiday-let-tax-rules-exemptions,8,1853,0.004317,24.87
https://www.propertytaxpartners.co.uk/calculators/cost-of-selling-calculator,8,3254,0.002459,8.15
https://www.propertytaxpartners.co.uk/locations/leeds,8,1879,0.004258,25.22
https://www.propertytaxpartners.co.uk/blog/capital-gains-tax/inheriting-uk-rental-property-executors-step-by-step,7,374,0.018717,7.6
https://www.propertytaxpartners.co.uk/blog/landlord-tax-essentials/let-property-campaign-disclosure-mechanics-undeclared-rental-income-2026,7,725,0.009655,9.89
https://www.propertytaxpartners.co.uk/blog/making-tax-digital-mtd/landlord-accounting-software-uk-best-options-2026,7,1082,0.00647,14.5
https://www.propertytaxpartners.co.uk/blog/portfolio-management/when-to-sell-rental-property-key-indicators-landlords,7,1989,0.003519,19.7
https://www.propertytaxpartners.co.uk/blog/property-finance/is-bridging-loan-interest-tax-deductible,7,165,0.042424,4.88
https://www.propertytaxpartners.co.uk/blog/property-finance/spv-mortgages-explained,7,629,0.011129,8.34
https://www.propertytaxpartners.co.uk/blog/property-types-and-specialist-tax/capital-allowances-for-industrial-units,7,261,0.02682,6.41
https://www.propertytaxpartners.co.uk/blog/property-types-and-specialist-tax/diy-housebuilders-vat-refund-scheme,7,592,0.011824,10.78
https://www.propertytaxpartners.co.uk/blog/property-types-and-specialist-tax/embedded-capital-allowances-commercial-property,7,219,0.031963,7.87
https://www.propertytaxpartners.co.uk/blog/section-24-and-tax-relief/section-24-child-benefit-high-income-charge-landlords,7,246,0.028455,4.97
https://www.propertytaxpartners.co.uk/calculators/portfolio-profitability-calculator,7,1080,0.006481,10.73
https://www.propertytaxpartners.co.uk/blog/capital-gains-tax/cgt-main-residence-relief-joint-ownership-pra-election-spouses-mechanics,6,277,0.021661,5.6
https://www.propertytaxpartners.co.uk/blog/capital-gains-tax/estate-agent-contract-tie-in-periods,6,306,0.019608,5.55
https://www.propertytaxpartners.co.uk/blog/capital-gains-tax/modern-method-of-auction-explained,6,604,0.009934,6.95
https://www.propertytaxpartners.co.uk/blog/incorporation-and-company-structures/sdlt-group-relief-for-corporate-landlord-portfolios,6,1169,0.005133,7.81
https://www.propertytaxpartners.co.uk/blog/making-tax-digital-mtd/best-mtd-software-landlords-2026,6,428,0.014019,12.36
https://www.propertytaxpartners.co.uk/blog/making-tax-digital-mtd/mtd-itsa-foreign-property-income-quarterly-reporting-rules,6,316,0.018987,6.29
https://www.propertytaxpartners.co.uk/blog/property-types-and-specialist-tax/how-much-tax-holiday-let-property-uk,6,3287,0.001825,37.02
https://www.propertytaxpartners.co.uk/blog/property-types-and-specialist-tax/selling-house-below-market-value,6,881,0.00681,10.87
https://www.propertytaxpartners.co.uk/blog/property-types-and-specialist-tax/vat-capital-goods-scheme-property-businesses-10-year-adjustment-mechanics,6,1998,0.003003,11.46
https://www.propertytaxpartners.co.uk/blog/incorporation-and-company-structures/buy-to-let-limited-company-complete-guide-uk,5,902,0.005543,11.95
https://www.propertytaxpartners.co.uk/blog/landlord-tax-essentials/gas-safety-certificate-cost,5,959,0.005214,17.05
https://www.propertytaxpartners.co.uk/blog/landlord-tax-essentials/ltt-refunds-for-derelict-or-uninhabitable-properties,5,280,0.017857,8.37
https://www.propertytaxpartners.co.uk/blog/landlord-tax-essentials/national-insurance-on-rental-income,5,814,0.006143,7.38
https://www.propertytaxpartners.co.uk/blog/property-accountant-services/belfast-property-accountant-specialist-tax-services,5,972,0.005144,21.98
https://www.propertytaxpartners.co.uk/blog/property-accountant-services/london-property-accountant,5,1212,0.004125,18.1
https://www.propertytaxpartners.co.uk/blog/property-types-and-specialist-tax/cis-templates,5,506,0.009881,18.86
https://www.propertytaxpartners.co.uk/blog/property-types-and-specialist-tax/hmo-vs-standard-buy-to-let-tax-comparison,5,743,0.006729,7.22
https://www.propertytaxpartners.co.uk/blog/property-types-and-specialist-tax/right-to-manage-process-steps,5,292,0.017123,9.52
https://www.propertytaxpartners.co.uk/blog/property-types-and-specialist-tax/vat-toms-long-term-stays-hotel-aparthotel-28-day-rule-mechanics,5,889,0.005624,7.92
https://www.propertytaxpartners.co.uk/calculators/section-24-calculator,5,357,0.014006,10.06
https://www.propertytaxpartners.co.uk/blog/capital-gains-tax/2027-property-tax-rates-cgt-capital-gains-changes,4,119,0.033613,5.82
https://www.propertytaxpartners.co.uk/blog/capital-gains-tax/cgt-inherited-rental-property-calculation-uk,4,247,0.016194,6.85
https://www.propertytaxpartners.co.uk/blog/capital-gains-tax/cgt-reporting-deadlines-property-2026,4,1687,0.002371,9.33
https://www.propertytaxpartners.co.uk/blog/incorporation-and-company-structures/extracting-money-from-property-limited-company,4,306,0.013072,6.19
https://www.propertytaxpartners.co.uk/blog/landlord-tax-essentials/deed-of-variation-property-estate-redirecting-inheritance-iht-saving,4,632,0.006329,7.42
https://www.propertytaxpartners.co.uk/blog/landlord-tax-essentials/eicr-certificate-cost-landlords,4,165,0.024242,8.22
https://www.propertytaxpartners.co.uk/blog/landlord-tax-essentials/gas-safety-certificates,4,875,0.004571,22.22
https://www.propertytaxpartners.co.uk/blog/landlord-tax-essentials/hmrc-nudge-letter-response-playbook-landlords-property-income,4,282,0.014184,8.7
https://www.propertytaxpartners.co.uk/blog/landlord-tax-essentials/how-to-calculate-net-rental-income-after-all-costs-uk-guide,4,247,0.016194,7.87
https://www.propertytaxpartners.co.uk/blog/landlord-tax-essentials/joint-tenants-vs-tenants-in-common-property-tax-consequences-uk-landlords,4,153,0.026144,11.65
https://www.propertytaxpartners.co.uk/blog/landlord-tax-essentials/stamp-duty-buy-to-let-surcharge,4,3367,0.001188,50.84
https://www.propertytaxpartners.co.uk/blog/landlord-tax-essentials/unmarried-co-owners-property-tax-rental-income-split-actual-beneficial-share,4,253,0.01581,7.75
https://www.propertytaxpartners.co.uk/blog/making-tax-digital-mtd/mtd-rental-income-threshold-exemptions,4,893,0.004479,11.99
https://www.propertytaxpartners.co.uk/blog/non-resident-landlord-tax/arriving-in-the-uk,4,119,0.033613,7.13
https://www.propertytaxpartners.co.uk/blog/non-resident-landlord-tax/non-resident-landlords-uk-inheritance-tax-exposure,4,221,0.0181,6.78
https://www.propertytaxpartners.co.uk/blog/property-finance/commercial-mortgages-guide,4,420,0.009524,31.82
https://www.propertytaxpartners.co.uk/blog/property-types-and-specialist-tax/capital-allowance-aia-property-landlords,4,383,0.010444,27.07
https://www.propertytaxpartners.co.uk/blog/property-types-and-specialist-tax/capital-allowances-for-hotels,4,216,0.018519,7.6
https://www.propertytaxpartners.co.uk/blog/property-types-and-specialist-tax/leasehold-reform-act-2024-what-is-in-force,4,573,0.006981,5.62
https://www.propertytaxpartners.co.uk/blog/capital-gains-tax/cgt-calculation-selling-buy-to-let-property-step-by-step,3,98,0.030612,6.67
https://www.propertytaxpartners.co.uk/blog/capital-gains-tax/how-much-do-estate-agents-charge-to-sell-a-house,3,834,0.003597,19.73
https://www.propertytaxpartners.co.uk/blog/incorporation-and-company-structures/directors-loan-repayment-bed-and-breakfast-trap-s464c-s464d,3,11378,0.000264,8.17
https://www.propertytaxpartners.co.uk/blog/incorporation-and-company-structures/pre-sale-extraction-strip-cash-before-spv-share-sale-vs-buyer-discount,3,327,0.009174,7.72
https://www.propertytaxpartners.co.uk/blog/incorporation-and-company-structures/transferring-fhl-portfolio-to-limited-company,3,69,0.043478,6.29
https://www.propertytaxpartners.co.uk/blog/landlord-tax-essentials/iht-joint-ownership-property-spouse-exemption-transferable-allowances-jointly-tic-vs-jt,3,393,0.007634,8.15
https://www.propertytaxpartners.co.uk/blog/landlord-tax-essentials/iht-long-term-resident-test-section-6a-tail-period-table-landlords,3,543,0.005525,6.72
https://www.propertytaxpartners.co.uk/blog/landlord-tax-essentials/pet-rights-tenancy-landlord-refusal-reasonable-grounds,3,431,0.006961,6
https://www.propertytaxpartners.co.uk/blog/landlord-tax-essentials/property-income-allowance-1000-exemption-vs-expenses,3,722,0.004155,6.56
https://www.propertytaxpartners.co.uk/blog/making-tax-digital-mtd/mtd-software-landlords-free-vs-paid-options-compared,3,865,0.003468,19.82
https://www.propertytaxpartners.co.uk/blog/non-resident-landlord-tax/trf-qualifying-overseas-capital-what-can-be-designated-non-doms,3,51,0.058824,8.25
https://www.propertytaxpartners.co.uk/blog/non-resident-landlord-tax/uk-india-dta-property-rental-income-treatment,3,264,0.011364,6.8
https://www.propertytaxpartners.co.uk/blog/property-accountant-services/bristol-property-accountant,3,365,0.008219,11.52
https://www.propertytaxpartners.co.uk/blog/property-accountant-services/hmrcs-loan-charge-settling-disguised-remuneration-schemes,3,92,0.032609,14.02
https://www.propertytaxpartners.co.uk/blog/property-accountant-services/property-accountant-leicester,3,273,0.010989,8.64
https://www.propertytaxpartners.co.uk/blog/property-types-and-specialist-tax/a-complete-guide-to-stamp-duty-relief-for-probate-properties,3,180,0.016667,8.44
https://www.propertytaxpartners.co.uk/blog/property-types-and-specialist-tax/aia-capital-allowances,3,80,0.0375,9.64
https://www.propertytaxpartners.co.uk/blog/property-types-and-specialist-tax/annual-tax-on-enveloped-dwellings-pro-and-cons,3,306,0.009804,25.07
https://www.propertytaxpartners.co.uk/blog/property-types-and-specialist-tax/badges-of-trade-marson-morton-property-flipping-investment-distinction-landlords,3,98,0.030612,6.21
https://www.propertytaxpartners.co.uk/blog/property-types-and-specialist-tax/booking-com-a-complete-guide-for-the-hosts,3,521,0.005758,7.66
https://www.propertytaxpartners.co.uk/blog/property-types-and-specialist-tax/capital-allowances-for-gp-surgeries,3,52,0.057692,7.19
https://www.propertytaxpartners.co.uk/blog/property-types-and-specialist-tax/capital-allowances-for-hospitality,3,173,0.017341,7.45
https://www.propertytaxpartners.co.uk/blog/property-types-and-specialist-tax/land-remediation-relief-150-percent-claim-mechanics-ltdco-developer-investor,3,508,0.005906,15.17
https://www.propertytaxpartners.co.uk/blog/section-24-and-tax-relief/buy-to-let-refinancing-when-does-it-make-sense,3,56,0.053571,4.75
https://www.propertytaxpartners.co.uk/calculators/corporation-tax-calculator,3,231,0.012987,5.58
https://www.propertytaxpartners.co.uk/contact,3,155,0.019355,7.52
https://www.propertytaxpartners.co.uk/leasehold,3,216,0.013889,10.97
https://www.propertytaxpartners.co.uk/section-24,3,168,0.017857,15.95
https://www.propertytaxpartners.co.uk/services,3,129,0.023256,21.62
https://www.propertytaxpartners.co.uk/blog/capital-gains-tax/bed-and-breakfasting,2,318,0.006289,7.74
https://www.propertytaxpartners.co.uk/blog/capital-gains-tax/business-asset-disposal-relief-residential-property-qualification,2,204,0.009804,6.46
https://www.propertytaxpartners.co.uk/blog/capital-gains-tax/capital-gains-tax-property-sale-uk-2026-rates-allowances,2,180,0.011111,4.92
https://www.propertytaxpartners.co.uk/blog/capital-gains-tax/cgt-selling-buy-to-let-property-calculation-guide,2,194,0.010309,6.77
https://www.propertytaxpartners.co.uk/blog/capital-gains-tax/cheapest-estate-agent-fees-uk,2,1341,0.001491,7.56
https://www.propertytaxpartners.co.uk/blog/capital-gains-tax/selling-a-probate-property,2,159,0.012579,6.23
https://www.propertytaxpartners.co.uk/blog/capital-gains-tax/temporary-non-residence-5-year-cgt-recapture-property,2,85,0.023529,7.04
https://www.propertytaxpartners.co.uk/blog/incorporation-and-company-structures/ated-late-filing-penalty-appeal-reasonable-excuse,2,141,0.014184,6.38
https://www.propertytaxpartners.co.uk/blog/incorporation-and-company-structures/companies-house-emails-directors-for-identity-verification-under-new-rules,2,896,0.002232,8.36
https://www.propertytaxpartners.co.uk/blog/incorporation-and-company-structures/gifting-property-to-minor-children-bare-trust-mechanics-tax-traps,2,145,0.013793,6.49
https://www.propertytaxpartners.co.uk/blog/incorporation-and-company-structures/how-to-close-a-property-limited-company,2,50,0.04,4.56
https://www.propertytaxpartners.co.uk/blog/landlord-tax-essentials/a-complete-guide-to-hmrcs-digital-disclosure-service,2,257,0.007782,12.1
https://www.propertytaxpartners.co.uk/blog/landlord-tax-essentials/benefits-of-participating-in-the-let-property-campaign,2,32,0.0625,6.41
https://www.propertytaxpartners.co.uk/blog/landlord-tax-essentials/business-property-relief-rental-property-iht,2,253,0.007905,8.7
https://www.propertytaxpartners.co.uk/blog/landlord-tax-essentials/fire-risk-assessment-cost,2,614,0.003257,13.85
https://www.propertytaxpartners.co.uk/blog/landlord-tax-essentials/jointly-owned-property,2,315,0.006349,29.26
https://www.propertytaxpartners.co.uk/blog/landlord-tax-essentials/landlord-electrical-safety-certificate,2,1318,0.001517,54.08
https://www.propertytaxpartners.co.uk/blog/landlord-tax-essentials/mees-epc-rules-what-your-landlords-think,2,49,0.040816,7.08
https://www.propertytaxpartners.co.uk/blog/landlord-tax-essentials/sdlt-on-probate-property-transfers,2,243,0.00823,7.0
https://www.propertytaxpartners.co.uk/blog/landlord-tax-essentials/tenancy-deposits-landlord-tax-position,2,168,0.011905,6.56
https://www.propertytaxpartners.co.uk/blog/making-tax-digital-mtd/heres-how-you-can-exit-mtd-if-your-income-falls,2,105,0.019048,7.72
https://www.propertytaxpartners.co.uk/blog/making-tax-digital-mtd/making-tax-digital-property-income-2026-complete-guide,2,347,0.005764,9.23
https://www.propertytaxpartners.co.uk/blog/making-tax-digital-mtd/mtd-quarterly-reporting-landlords-step-by-step-guide,2,42,0.047619,6.38
https://www.propertytaxpartners.co.uk/blog/property-accountant-services/coventry-property-accountant,2,126,0.015873,18.48
https://www.propertytaxpartners.co.uk/blog/property-finance/bridging-finance-for-below-market-value,2,69,0.028986,17.14
https://www.propertytaxpartners.co.uk/blog/property-finance/bridging-loan-rates,2,1823,0.001097,50.36
https://www.propertytaxpartners.co.uk/blog/property-finance/day-one-remortgage-limited-company,2,138,0.014493,7.25
https://www.propertytaxpartners.co.uk/blog/property-finance/expat-non-resident-landlord-mortgages,2,123,0.01626,13.55
https://www.propertytaxpartners.co.uk/blog/property-finance/semi-commercial-mortgages,2,97,0.020619,20.38
https://www.propertytaxpartners.co.uk/blog/property-finance/sic-code-for-an-spv-property-company,2,197,0.010152,6.64
https://www.propertytaxpartners.co.uk/blog/property-types-and-specialist-tax/capital-allowances-for-care-homes,2,111,0.018018,6.61
https://www.propertytaxpartners.co.uk/blog/property-types-and-specialist-tax/capital-allowances-for-offices,2,130,0.015385,7.57
https://www.propertytaxpartners.co.uk/blog/property-types-and-specialist-tax/commercial-epc-requirements,2,102,0.019608,12.27
https://www.propertytaxpartners.co.uk/blog/property-types-and-specialist-tax/end-of-the-furnished-holiday-letting-regime,2,126,0.015873,10.31
https://www.propertytaxpartners.co.uk/blog/property-types-and-specialist-tax/government-to-end-council-tax-on-hmo-rooms,2,382,0.005236,12.71
https://www.propertytaxpartners.co.uk/blog/property-types-and-specialist-tax/how-to-avoid-inheritance-tax-on-a-farm,2,152,0.013158,6.72
https://www.propertytaxpartners.co.uk/blog/property-types-and-specialist-tax/inheritance-tax-on-farms,2,160,0.0125,8.82
https://www.propertytaxpartners.co.uk/blog/property-types-and-specialist-tax/land-remediation-relief-guide,2,46,0.043478,6.85
https://www.propertytaxpartners.co.uk/blog/property-types-and-specialist-tax/lease-extension-solicitor-what-they-do,2,65,0.030769,7.2
https://www.propertytaxpartners.co.uk/blog/property-types-and-specialist-tax/property-development-tax-trading-vs-investment-income,2,796,0.002513,8.05
https://www.propertytaxpartners.co.uk/blog/property-types-and-specialist-tax/right-to-manage-company-setup,2,224,0.008929,7.14
https://www.propertytaxpartners.co.uk/blog/property-types-and-specialist-tax/structures-and-buildings-allowance-sba,2,135,0.014815,6.27
https://www.propertytaxpartners.co.uk/blog/property-types-and-specialist-tax/vat-calculator,2,234,0.008547,7.48
https://www.propertytaxpartners.co.uk/blog/property-types-and-specialist-tax/vat-on-new-builds-residential-property,2,540,0.003704,9.74
https://www.propertytaxpartners.co.uk/blog/section-24-and-tax-relief/annual-investment-allowance-uk,2,79,0.025316,6.81
https://www.propertytaxpartners.co.uk/blog/section-24-and-tax-relief/section-24-2027-tax-year-planning-uk-landlords,2,64,0.03125,6.59
https://www.propertytaxpartners.co.uk/calculators/bpr-apr-allowance-calculator,2,59,0.033898,5.81
https://www.propertytaxpartners.co.uk/calculators/lease-extension-premium-calculator,2,606,0.0033,53.15
https://www.propertytaxpartners.co.uk/cost-of-selling-a-property,2,115,0.017391,32.4
https://www.propertytaxpartners.co.uk/locations/london,2,560,0.003571,41.41
https://www.propertytaxpartners.co.uk/locations/manchester,2,1192,0.001678,39.06
https://propertytaxpartners.co.uk/blog/incorporate-rental-property-without-cgt,1,102,0.009804,9.59
https://www.propertytaxpartners.co.uk/blog/capital-gains-tax/average-london-estate-agent-fees,1,185,0.005405,7.17
https://www.propertytaxpartners.co.uk/blog/capital-gains-tax/capital-gains-tax-on-shares-uk,1,640,0.001563,27.4
https://www.propertytaxpartners.co.uk/blog/capital-gains-tax/capital-gains-tax-selling-rental-property-uk,1,9,0.111111,5.22
https://www.propertytaxpartners.co.uk/blog/capital-gains-tax/cgt-divorce-property-transfer-tax-implications,1,41,0.02439,8.76
https://www.propertytaxpartners.co.uk/blog/capital-gains-tax/cgt-property-transfer-limited-company-calculate,1,108,0.009259,6.65
https://www.propertytaxpartners.co.uk/blog/capital-gains-tax/cgt-property-transfer-spouse,1,115,0.008696,5.43
https://www.propertytaxpartners.co.uk/blog/capital-gains-tax/cgt-record-keeping-property-sales-what-to-save-how-long,1,37,0.027027,7.89
https://www.propertytaxpartners.co.uk/blog/capital-gains-tax/reduce-cgt-property-disposal-uk,1,23,0.043478,10.26
https://www.propertytaxpartners.co.uk/blog/incorporation-and-company-structures/are-landlords-really-leaving-net-formation-data,1,30,0.033333,8.2
https://www.propertytaxpartners.co.uk/blog/incorporation-and-company-structures/ated-15-percent-flat-rate-sdlt-interaction,1,132,0.007576,5.48
https://www.propertytaxpartners.co.uk/blog/incorporation-and-company-structures/ated-relief-related-persons-market-rent-test,1,109,0.009174,6.26
https://www.propertytaxpartners.co.uk/blog/incorporation-and-company-structures/ated-rental-property-relief-mechanics,1,148,0.006757,6.22
https://www.propertytaxpartners.co.uk/blog/incorporation-and-company-structures/companies-house-reforms,1,616,0.001623,22.47
https://www.propertytaxpartners.co.uk/blog/incorporation-and-company-structures/extraction-while-incorporating-phase-2-acquisition-funded-by-personal-funds,1,1353,0.000739,6.14
https://www.propertytaxpartners.co.uk/blog/incorporation-and-company-structures/fic-articles-of-association-property-control-mechanics,1,134,0.007463,8.36
https://www.propertytaxpartners.co.uk/blog/incorporation-and-company-structures/fic-growth-shares-and-freezer-shares-design,1,40,0.025,6.55
https://www.propertytaxpartners.co.uk/blog/incorporation-and-company-structures/llp-and-taxation-benefits,1,104,0.009615,12.96
https://www.propertytaxpartners.co.uk/blog/incorporation-and-company-structures/mvl-members-voluntary-liquidation-property-company-cgt-vs-income-treatment,1,59,0.016949,9.61
https://www.propertytaxpartners.co.uk/blog/incorporation-and-company-structures/property-company-running-costs-annual-budget,1,26,0.038462,4.38
https://www.propertytaxpartners.co.uk/blog/incorporation-and-company-structures/scottish-lbtt-corporate-buyer-15-percent-flat-rate-or-ads-pathway-decision,1,61,0.016393,9.15
https://www.propertytaxpartners.co.uk/blog/incorporation-and-company-structures/settlor-interested-property-trust-grob-interaction-double-trap-mechanics,1,55,0.018182,9.27
https://www.propertytaxpartners.co.uk/blog/incorporation-and-company-structures/when-does-property-holding-company-structure-make-sense-uk-landlords,1,92,0.01087,5.65
https://www.propertytaxpartners.co.uk/blog/landlord-tax-essentials/agricultural-relief-for-inheritance-tax-key-benefits,1,45,0.022222,17.38
https://www.propertytaxpartners.co.uk/blog/landlord-tax-essentials/annual-investment-allowance-2025,1,1,1,2
https://www.propertytaxpartners.co.uk/blog/landlord-tax-essentials/claim-home-office-deduction-landlords,1,61,0.016393,7.87
https://www.propertytaxpartners.co.uk/blog/landlord-tax-essentials/how-much-tax-rental-income-uk-complete-guide,1,246,0.004065,11.74
https://www.propertytaxpartners.co.uk/blog/landlord-tax-essentials/how-to-book-an-epc,1,165,0.006061,11.2
https://www.propertytaxpartners.co.uk/blog/landlord-tax-essentials/ltt-higher-rates-for-spouses-minor-children-and-trust-interests,1,86,0.011628,8.37
https://www.propertytaxpartners.co.uk/blog/landlord-tax-essentials/mees-regulations-landlords,1,146,0.006849,9.66
https://www.propertytaxpartners.co.uk/blog/landlord-tax-essentials/property-business-rates-council-tax-landlords,1,144,0.006944,8.76
https://www.propertytaxpartners.co.uk/blog/landlord-tax-essentials/schedule-24-fa-2007-careless-deliberate-penalty-mitigation-landlords,1,307,0.003257,7.42
https://www.propertytaxpartners.co.uk/blog/landlord-tax-essentials/schedule-24-fa-2007-penalty-behaviour-categories-landlord-enquiries,1,583,0.001715,7.55
https://www.propertytaxpartners.co.uk/blog/landlord-tax-essentials/worldwide-disclosure-facility-offshore-landlord-catch-up-fa-2017-ftc,1,192,0.005208,7.97
https://www.propertytaxpartners.co.uk/blog/making-tax-digital-mtd/mtd-itsa-major-tax-reform-context-policy-history,1,7,0.142857,4.86
https://www.propertytaxpartners.co.uk/blog/making-tax-digital-mtd/mtd-itsa-stopping-letting-mid-year-cessation-quarterly-mechanics,1,31,0.032258,6.61
https://www.propertytaxpartners.co.uk/blog/making-tax-digital-mtd/mtd-quarterly-deadlines-2026-2027-landlords,1,40,0.025,6.65
https://www.propertytaxpartners.co.uk/blog/non-resident-landlord-tax/moving-to-dubai-uk-rental-property-tax-pathway,1,19,0.052632,7
https://www.propertytaxpartners.co.uk/blog/non-resident-landlord-tax/nrl-approval-receive-rent-gross-hmrc-guide,1,330,0.00303,6.4
https://www.propertytaxpartners.co.uk/blog/non-resident-landlord-tax/srt-statutory-residence-test-landlord-decision-tree,1,36,0.027778,8.17
https://www.propertytaxpartners.co.uk/blog/portfolio-management/btl-investment-plymouth-cardiff-landlord-hotspots,1,192,0.005208,11.86
https://www.propertytaxpartners.co.uk/blog/portfolio-management/budgeting-voids-repairs-rental-cash-flow,1,32,0.03125,5.75
https://www.propertytaxpartners.co.uk/blog/portfolio-management/how-to-value-rental-property-portfolio-tax-purposes,1,532,0.00188,20.0
https://www.propertytaxpartners.co.uk/blog/portfolio-management/portfolio-landlord-tax-planning-strategy-guide,1,184,0.005435,12.42
https://www.propertytaxpartners.co.uk/blog/portfolio-management/refinancing-rental-property-when-does-it-make-financial-sense,1,218,0.004587,7.27
https://www.propertytaxpartners.co.uk/blog/property-accountant-services/3m-mortgage-fraud-convicts-accountant-and-financial-adviser,1,49,0.020408,8.9
https://www.propertytaxpartners.co.uk/blog/property-accountant-services/birmingham-property-accountant,1,253,0.003953,13.51
https://www.propertytaxpartners.co.uk/blog/property-accountant-services/leeds-property-accountant-specialist-tax-services,1,222,0.004505,16.14
https://www.propertytaxpartners.co.uk/blog/property-accountant-services/liverpool-property-accountant-tax-services-landlords,1,206,0.004854,15.29
https://www.propertytaxpartners.co.uk/blog/property-accountant-services/portsmouth-property-accountant-landlord-tax-services,1,76,0.013158,19.07
https://www.propertytaxpartners.co.uk/blog/property-accountant-services/property-accountant-aberdeen-landlords-tax-services,1,8,0.125,13.75
https://www.propertytaxpartners.co.uk/blog/property-accountant-services/property-accountant-edinburgh-landlord-tax-services,1,68,0.014706,32.12
https://www.propertytaxpartners.co.uk/blog/property-accountant-services/property-accountant-middlesbrough-specialist-tax-services,1,83,0.012048,20.27
https://www.propertytaxpartners.co.uk/blog/property-accountant-services/property-management-accounting-services,1,28,0.035714,26.79
https://www.propertytaxpartners.co.uk/blog/property-accountant-services/sunderland-property-accountant-specialist-tax-services,1,43,0.023256,9
https://www.propertytaxpartners.co.uk/blog/property-accountant-services/vat-calculation-calculator,1,223,0.004484,22.27
https://www.propertytaxpartners.co.uk/blog/property-accountant-services/vat-tax-calculator,1,15,0.066667,7.93
https://www.propertytaxpartners.co.uk/blog/property-finance/bridging-finance-for-hmo-conversions,1,57,0.017544,5.3
https://www.propertytaxpartners.co.uk/blog/property-finance/financing-a-property-development-tax,1,136,0.007353,7.44
https://www.propertytaxpartners.co.uk/blog/property-finance/spv-mortgage-no-income-newly-formed,1,105,0.009524,6.63
https://www.propertytaxpartners.co.uk/blog/property-types-and-specialist-tax/a-short-guide-planning-permission-in-uk,1,48,0.020833,10.23
https://www.propertytaxpartners.co.uk/blog/property-types-and-specialist-tax/applicable-sdlt-rates-for-first-time-buyers,1,21,0.047619,5.81
https://www.propertytaxpartners.co.uk/blog/property-types-and-specialist-tax/archer-uk-limited-vs-revenue-scotland-ftt-rules-no-lbtt-charge-for-lease-extension-granted-under-sdlt,1,34,0.029412,7.82
https://www.propertytaxpartners.co.uk/blog/property-types-and-specialist-tax/artificial-separation-and-vat-key-insights-from-cases,1,237,0.004219,6.42
https://www.propertytaxpartners.co.uk/blog/property-types-and-specialist-tax/ated-rates,1,38,0.026316,9.45
https://www.propertytaxpartners.co.uk/blog/property-types-and-specialist-tax/avoiding-common-mistakes-with-enveloped-dwelling-tax,1,53,0.018868,8.17
https://www.propertytaxpartners.co.uk/blog/property-types-and-specialist-tax/capital-allowances-for-pubs-and-restaurants,1,73,0.013699,7.37
https://www.propertytaxpartners.co.uk/blog/property-types-and-specialist-tax/capital-allowances-for-student-accommodation,1,39,0.025641,7.15
https://www.propertytaxpartners.co.uk/blog/property-types-and-specialist-tax/capital-allowances-property-investors-complete-pillar-2026-27-caa-2001-decision-framework,1,11,0.090909,7.55
https://www.propertytaxpartners.co.uk/blog/property-types-and-specialist-tax/first-time-buyer-relief-benefits-and-eligibility-requirements,1,176,0.005682,9.1
https://www.propertytaxpartners.co.uk/blog/property-types-and-specialist-tax/full-expensing-and-first-year-allowances,1,72,0.013889,7.96
https://www.propertytaxpartners.co.uk/blog/property-types-and-specialist-tax/full-expensing-capital-allowances,1,47,0.021277,6.47
https://www.propertytaxpartners.co.uk/blog/property-types-and-specialist-tax/hmo-capital-allowances-multi-tenant-landlords-claim,1,26,0.038462,15.62
https://www.propertytaxpartners.co.uk/blog/property-types-and-specialist-tax/horton-hall-sdlt-case-residential-vs-non-residential-dispute,1,16,0.0625,5.56
https://www.propertytaxpartners.co.uk/blog/property-types-and-specialist-tax/landlord-vat-recovery-professional-fees-capital-costs-commercial-property,1,244,0.004098,10.19
https://www.propertytaxpartners.co.uk/blog/property-types-and-specialist-tax/non-resident-developer-uk-tax-scope-fa-2016-offshore-developer-planning-closure,1,46,0.021739,6.59
https://www.propertytaxpartners.co.uk/blog/property-types-and-specialist-tax/right-to-manage-explained,1,258,0.003876,14.02
https://www.propertytaxpartners.co.uk/blog/property-types-and-specialist-tax/section-24-commercial-property-complete-guide,1,60,0.016667,4.68
https://www.propertytaxpartners.co.uk/blog/property-types-and-specialist-tax/service-charge-disputes-leaseholders,1,429,0.002331,10.28
https://www.propertytaxpartners.co.uk/blog/property-types-and-specialist-tax/single-person-council-tax-discount,1,495,0.00202,8.82
https://www.propertytaxpartners.co.uk/blog/property-types-and-specialist-tax/writing-down-allowance-rates,1,144,0.006944,10.83
https://www.propertytaxpartners.co.uk/blog/section-24-and-tax-relief/aia-capital-allowance-property-landlords,1,306,0.003268,8.44
https://www.propertytaxpartners.co.uk/blog/section-24-and-tax-relief/annual-investment-allowance-2024-25,1,128,0.007812,7.6
https://www.propertytaxpartners.co.uk/blog/section-24-and-tax-relief/section-24-personal-allowance-60-percent-tax-rate-landlords,1,25,0.04,7.12
https://www.propertytaxpartners.co.uk/blog/section-24-and-tax-relief/section-24-self-assessment-tax-return,1,68,0.014706,4.1
https://www.propertytaxpartners.co.uk/blog/section-24-and-tax-relief/unequal-rental-income-split-spouses-tax-planning-form-17-vs-default-50-50-decision,1,64,0.015625,7.94
https://www.propertytaxpartners.co.uk/blog/section-24-and-tax-relief/writing-down-allowance-cars,1,261,0.003831,6.44
https://www.propertytaxpartners.co.uk/calculators,1,1364,0.000733,36.93
https://www.propertytaxpartners.co.uk/calculators/buy-to-let-mortgage-calculator,1,372,0.002688,47.56
https://www.propertytaxpartners.co.uk/calculators/capital-allowances-calculator,1,53,0.018868,30.58
https://www.propertytaxpartners.co.uk/calculators/commercial-mortgage-calculator,1,7296,0.000137,58.39
https://www.propertytaxpartners.co.uk/calculators/development-finance-calculator,1,106,0.009434,71.11
https://www.propertytaxpartners.co.uk/calculators/dividend-tax-calculator,1,35,0.028571,6.17
https://www.propertytaxpartners.co.uk/calculators/incorporation-cost-calculator,1,21,0.047619,6.52
https://www.propertytaxpartners.co.uk/for/non-resident-landlords,1,38,0.026316,23.37
https://www.propertytaxpartners.co.uk/landed-estates,1,119,0.008403,24.87
https://www.propertytaxpartners.co.uk/landlord-compliance,1,129,0.007752,28.22
https://www.propertytaxpartners.co.uk/locations/bristol,1,868,0.001152,18.85
https://www.propertytaxpartners.co.uk/privacy-policy,1,77,0.012987,6.34
https://www.propertytaxpartners.co.uk/terms,1,130,0.007692,31.43
https://propertytaxpartners.co.uk/blog/incorporation-existing-portfolios-phased-approach,0,198,0,40.72
https://propertytaxpartners.co.uk/blog/mtd-rental-income-threshold-exemptions,0,23,0,13.43
https://www.propertytaxpartners.co.uk/blog,0,196,0,12.63
https://www.propertytaxpartners.co.uk/blog/capital-gains-tax-property-complete-guide-uk,0,4,0,1
https://www.propertytaxpartners.co.uk/blog/capital-gains-tax-second-home-sale,0,2,0,1
https://www.propertytaxpartners.co.uk/blog/capital-gains-tax/2027-property-tax-rates-affect-capital-gains-tax-sales,0,3,0,7.33
https://www.propertytaxpartners.co.uk/blog/capital-gains-tax/can-you-sell-a-house-without-an-estate-agent,0,93,0,10.57
https://www.propertytaxpartners.co.uk/blog/capital-gains-tax/capital-gains-tax-property-complete-guide-complete-guide,0,1,0,1
https://www.propertytaxpartners.co.uk/blog/capital-gains-tax/capital-gains-tax-property-complete-guide-uk#allowable-costs-in-the-base-cost,0,1,0,5
https://www.propertytaxpartners.co.uk/blog/capital-gains-tax/capital-gains-tax-property-complete-guide-uk#furnished-holiday-lets-after-the-regimes-abolition,0,3,0,6.67
https://www.propertytaxpartners.co.uk/blog/capital-gains-tax/capital-gains-tax-property-complete-guide-uk#how-much-is-capital-gains-tax-on-property-in-202627,0,10,0,6.7
https://www.propertytaxpartners.co.uk/blog/capital-gains-tax/capital-gains-tax-property-complete-guide-uk#limited-company-ownership-and-cgt,0,7,0,7
https://www.propertytaxpartners.co.uk/blog/capital-gains-tax/capital-gains-tax-property-complete-guide-uk#private-residence-relief-and-letting-relief,0,1,0,9
https://www.propertytaxpartners.co.uk/blog/capital-gains-tax/capital-gains-tax-property-complete-guide-uk#spouse-and-civil-partner-transfers,0,2,0,8.5
https://www.propertytaxpartners.co.uk/blog/capital-gains-tax/capital-gains-tax-property-complete-guide-uk#the-202627-cgt-framework-at-a-glance,0,7,0,6.57
https://www.propertytaxpartners.co.uk/blog/capital-gains-tax/capital-gains-tax-property-complete-guide-uk#the-2027-outlook,0,7,0,6.14
https://www.propertytaxpartners.co.uk/blog/capital-gains-tax/capital-gains-tax-property-complete-guide-uk#the-60-day-reporting-and-payment-regime,0,4,0,7.25
https://www.propertytaxpartners.co.uk/blog/capital-gains-tax/capital-gains-tax-property-complete-guide-uk#the-annual-exempt-amount-and-rate-bands,0,8,0,7
https://www.propertytaxpartners.co.uk/blog/capital-gains-tax/capital-gains-tax-property-complete-guide-uk#the-five-step-calculation,0,4,0,7
https://www.propertytaxpartners.co.uk/blog/capital-gains-tax/capital-gains-tax-property-complete-uk-guide/,0,1,0,1
https://www.propertytaxpartners.co.uk/blog/capital-gains-tax/capital-gains-tax-property-guide-uk,0,1,0,1
https://www.propertytaxpartners.co.uk/blog/capital-gains-tax/cgt-annual-exempt-amount-3000-allowance-2026-27,0,116,0,7.35
https://www.propertytaxpartners.co.uk/blog/capital-gains-tax/cgt-divorce...,0,1,0,1
https://www.propertytaxpartners.co.uk/blog/capital-gains-tax/cgt-gifting-property-family-members-uk,0,1,0,32
https://www.propertytaxpartners.co.uk/blog/capital-gains-tax/cgt-on-inherited-property-probate-base-cost,0,2,0,1
https://www.propertytaxpartners.co.uk/blog/capital-gains-tax/cgt-overseas-property-foreign-disposals,0,2,0,1
https://www.propertytaxpartners.co.uk/blog/capital-gains-tax/cgt-overseas-property-uk-foreign-disposals,0,1,0,1
https://www.propertytaxpartners.co.uk/blog/capital-gains-tax/cgt-overseas-property-uk-residents-foreign-disposals#calculating-the-gain-allowable-expenditure,0,5,0,5.2
https://www.propertytaxpartners.co.uk/blog/capital-gains-tax/cgt-overseas-property-uk-residents-foreign-disposals#cgt-rates-on-overseas-property-202627,0,10,0,6.1
https://www.propertytaxpartners.co.uk/blog/capital-gains-tax/cgt-overseas-property-uk-residents-foreign-disposals#foreign-tax-credit-relief-under-tiopa-2010,0,10,0,6.1
https://www.propertytaxpartners.co.uk/blog/capital-gains-tax/cgt-overseas-property-uk-residents-foreign-disposals#fx-conversion-the-rule-that-trips-up-most-computations,0,3,0,6.67
https://www.propertytaxpartners.co.uk/blog/capital-gains-tax/cgt-overseas-property-uk-residents-foreign-disposals#hmrcs-visibility-of-overseas-disposals,0,7,0,5.57
https://www.propertytaxpartners.co.uk/blog/capital-gains-tax/cgt-overseas-property-uk-residents-foreign-disposals#how-to-report-sa108-and-foreign-pages-not-the-60-day-return,0,8,0,5.62
https://www.propertytaxpartners.co.uk/blog/capital-gains-tax/cgt-overseas-property-uk-residents-foreign-disposals#private-residence-relief-on-overseas-property,0,8,0,5.62
https://www.propertytaxpartners.co.uk/blog/capital-gains-tax/cgt-overseas-property-uk-residents-foreign-disposals#temporary-non-residence-the-returning-resident-trap,0,1,0,5
https://www.propertytaxpartners.co.uk/blog/capital-gains-tax/cgt-overseas-property-uk-residents-foreign-disposals#when-uk-cgt-applies-to-overseas-property,0,10,0,6.1
https://www.propertytaxpartners.co.uk/blog/capital-gains-tax/cgt-property-2027-rate-changes-uk-landlords#how-the-confirmed-april-2027-income-tax-change-affects-cgt-planning,0,20,0,6.75
https://www.propertytaxpartners.co.uk/blog/capital-gains-tax/cgt-property-2027-rate-changes-uk-landlords#what-is-and-isnt-confirmed-for-cgt-in-april-2027,0,20,0,6.75
https://www.propertytaxpartners.co.uk/blog/capital-gains-tax/cgt-property-2027-rate-changes-uk-landlords#whats-confirmed-for-april-2027,0,12,0,6.17
https://www.propertytaxpartners.co.uk/blog/capital-gains-tax/cgt-property-2027-rate-changes-uk-landlords#whats-confirmed-for-residential-property-cgt-in-202627,0,12,0,6.17
https://www.propertytaxpartners.co.uk/blog/capital-gains-tax/cgt-property-sold-loss-claim-capital-losses,0,37,0,12.95
https://www.propertytaxpartners.co.uk/blog/capital-gains-tax/cost-of-moving-house-uk,0,46,0,14.09
https://www.propertytaxpartners.co.uk/blog/capital-gains-tax/do-limited-companies-p-cg-tax-property,0,1,0,1
https://www.propertytaxpartners.co.uk/blog/capital-gains-tax/estate-agent-fees-for-renting,0,237,0,7.76
https://www.propertytaxpartners.co.uk/blog/capital-gains-tax/gifting-property-and-deed-of-gift-tax-implications,0,139,0,10.5
https://www.propertytaxpartners.co.uk/blog/capital-gains-tax/hmrcs-nudge-letters-demand-urgent-review-of-gift-hold-over-relief-claim,0,56,0,6.11
https://www.propertytaxpartners.co.uk/blog/capital-gains-tax/hmrcs-nudge-letters-on-business-asset-disposal-relief,0,10,0,6.4
https://www.propertytaxpartners.co.uk/blog/capital-gains-tax/modern-method-of-auction-explained/,0,1,0,1
https://www.propertytaxpartners.co.uk/blog/capital-gains-tax/online-estate-agents-uk,0,86,0,7.22
https://www.propertytaxpartners.co.uk/blog/capital-gains-tax/rollover-relief-property-landlords,0,40,0,11.3
https://www.propertytaxpartners.co.uk/blog/capital-gains-tax/sell-house-without-estate-agent,0,68,0,25.15
https://www.propertytaxpartners.co.uk/blog/capital-gains-tax/selling-a-house-at-auction-uk,0,174,0,13.42
https://www.propertytaxpartners.co.uk/blog/capital-gas-tax/ppr-relief-calculation-former-home-step-by-step,0,1,0,1
https://www.propertytaxpartners.co.uk/blog/capital-tax/do-limited-companies-pay-capital-gains-tax-property,0,1,0,1
https://www.propertytaxpartners.co.uk/blog/epc-certificate-cost-uk,0,1,0,1
https://www.propertytaxpartners.co.uk/blog/incorporation-and-company-structures/2027-tax-rates-incorporation-decision-property-landlords,0,28,0,6
https://www.propertytaxpartners.co.uk/blog/incorporation-and-company-structures/2027-tax-rates-incorporation-decision-uk-landlords,0,6,0,4.83
https://www.propertytaxpartners.co.uk/blog/incorporation-and-company-structures/a-complete-guide-to-family-investment-companies-fics,0,94,0,10.13
https://www.propertytaxpartners.co.uk/blog/incorporation-and-company-structures/a-complete-guide-to-identity-verification-in-uk,0,106,0,11.91
https://www.propertytaxpartners.co.uk/blog/incorporation-and-company-structures/ated-relief-clawback-occupation-non-qualifying-individual,0,37,0,8.49
https://www.propertytaxpartners.co.uk/blog/incorporation-and-company-structures/ated-six-step-compliance-walkthrough-uk-non-natural-persons,0,50,0,8.58
https://www.propertytaxpartners.co.uk/blog/incorporation-and-company-structures/bare-trust-vs-nominee-company-vs-formal-trust-decision-property-investors,0,32,0,9.12
https://www.propertytaxpartners.co.uk/blog/incorporation-and-company-structures/btl-spv-directors-loan-repayment-strategy-tax-efficient-extraction,0,11,0,8.55
https://www.propertytaxpartners.co.uk/blog/incorporation-and-company-structures/buy-to-let-limited-company-mortgage-options,0,1,0,3
https://www.propertytaxpartners.co.uk/blog/incorporation-and-company-structures/buy-to-let-limited-company-mortgage-rates-2026-market-guide,0,197,0,15.42
https://www.propertytaxpartners.co.uk/blog/incorporation-and-company-structures/companies-house-confirmation-statement-changes-2024-onwards-psc-disclosure,0,98,0,9.27
https://www.propertytaxpartners.co.uk/blog/incorporation-and-company-structures/companies-house-id-verification-begins-today,0,108,0,8.59
https://www.propertytaxpartners.co.uk/blog/incorporation-and-company-structures/companies-house-reforms-explained-for-business-success,0,273,0,12.16
https://www.propertytaxpartners.co.uk/blog/incorporation-and-company-structures/companies-house-tightens-id-rules-what-does-it-mean,0,33,0,9.85
https://www.propertytaxpartners.co.uk/blog/incorporation-and-company-structures/corporate-tax-planning-strategies-for-uk-clients,0,42,0,6.57
https://www.propertytaxpartners.co.uk/blog/incorporation-and-company-structures/corporation-tax-marginal-relief-uk-guide,0,549,0,8.34
https://www.propertytaxpartners.co.uk/blog/incorporation-and-company-structures/corporation-tax-rates-for-property-companies-2026-27,0,1,0,1
https://www.propertytaxpartners.co.uk/blog/incorporation-and-company-structures/corporation-tax-rates-property-companies,0,1,0,1
https://www.propertytaxpartners.co.uk/blog/incorporation-and-company-structures/corporation-tax-rates-property-companies-2026-27#a-worked-section-24-example,0,2,0,4
https://www.propertytaxpartners.co.uk/blog/incorporation-and-company-structures/corporation-tax-rates-property-companies-2026-27#capital-gains-tax-and-section-162-relief,0,2,0,4.5
https://www.propertytaxpartners.co.uk/blog/incorporation-and-company-structures/corporation-tax-rates-property-companies-2026-27#corporation-tax-rates-for-property-companies-in-202627,0,9,0,4.44
https://www.propertytaxpartners.co.uk/blog/incorporation-and-company-structures/corporation-tax-rates-property-companies-2026-27#dividends-and-the-second-layer-of-tax,0,2,0,4.5
https://www.propertytaxpartners.co.uk/blog/incorporation-and-company-structures/corporation-tax-rates-property-companies-2026-27#how-april-2027-changes-the-maths,0,4,0,4
https://www.propertytaxpartners.co.uk/blog/incorporation-and-company-structures/corporation-tax-rates-property-companies-2026-27#retaining-profit-to-grow-the-portfolio,0,1,0,5
https://www.propertytaxpartners.co.uk/blog/incorporation-and-company-structures/corporation-tax-rates-property-companies-2026-27#stamp-duty-land-tax-on-incorporation,0,3,0,4.33
https://www.propertytaxpartners.co.uk/blog/incorporation-and-company-structures/corporation-tax-rates-property-companies-2026-27#the-250000-main-rate-and-the-265-marginal-band,0,6,0,3.83
https://www.propertytaxpartners.co.uk/blog/incorporation-and-company-structures/corporation-tax-rates-property-companies-2026-27#the-50000-small-profits-rate,0,1,0,4
https://www.propertytaxpartners.co.uk/blog/incorporation-and-company-structures/corporation-tax-rates-property-companies-2026-27#the-close-investment-holding-company-trap,0,2,0,7
https://www.propertytaxpartners.co.uk/blog/incorporation-and-company-structures/corporation-tax-rates-property-companies-2026-27#why-section-24-drives-the-decision,0,1,0,4
https://www.propertytaxpartners.co.uk/blog/incorporation-and-company-structures/corporation-tax-vs-income-tax-landlords-2027,0,13,0,34.31
https://www.propertytaxpartners.co.uk/blog/incorporation-and-company-structures/directors-of-trust-owned-spv-extraction-rules-settlor-interested-trap,0,20,0,7.3
https://www.propertytaxpartners.co.uk/blog/incorporation-and-company-structures/eccta-2023-id-verification-mandatory-companies-house-2025-2026-landlord-ltdcos,0,14,0,7.79
https://www.propertytaxpartners.co.uk/blog/incorporation-and-company-structures/family-investment-company-mechanics-share-classes-property,0,82,0,7.1
https://www.propertytaxpartners.co.uk/blog/incorporation-and-company-structures/family-investment-company-property-worth-it,0,96,0,5.34
https://www.propertytaxpartners.co.uk/blog/incorporation-and-company-structures/fic-blended-family-protected-legacy-property-second-marriage,0,1,0,25
https://www.propertytaxpartners.co.uk/blog/incorporation-and-company-structures/fic-complete-guide-property-wealth-transfer,0,7,0,6.57
https://www.propertytaxpartners.co.uk/blog/incorporation-and-company-structures/fic-gifting-shares-children-property-7-year-iht-mechanics,0,11,0,9.64
https://www.propertytaxpartners.co.uk/blog/incorporation-and-company-structures/fic-iht-treatment-bpr-myth,0,9,0,17.56
https://www.propertytaxpartners.co.uk/blog/incorporation-and-company-structures/fic-property-corporate-governance-board-meetings-resolutions-discipline,0,10,0,6.3
https://www.propertytaxpartners.co.uk/blog/incorporation-and-company-structures/fic-property-retirement-decumulation-mechanics-uk,0,1,0,8
https://www.propertytaxpartners.co.uk/blog/incorporation-and-company-structures/gifting-property-to-minor-children-bare-trust-mechanics-tax-traps#block-1-a-minor-cannot-hold-legal-estate-in-land,0,1,0,2
https://www.propertytaxpartners.co.uk/blog/incorporation-and-company-structures/gifting-property-to-minor-children-bare-trust-mechanics-tax-traps#block-2-ittoia-2005-s629-attributes-the-rental-income,0,1,0,2
https://www.propertytaxpartners.co.uk/blog/incorporation-and-company-structures/gifting-property-to-minor-children-bare-trust-mechanics-tax-traps#block-3-the-grandparent-as-settlor-route,0,1,0,2
https://www.propertytaxpartners.co.uk/blog/incorporation-and-company-structures/gifting-property-to-minor-children-bare-trust-mechanics-tax-traps#iht-mechanics-pet-runs-from-gift-date-not-from-the-childs-birth,0,1,0,2
https://www.propertytaxpartners.co.uk/blog/incorporation-and-company-structures/gifting-property-to-minor-children-bare-trust-mechanics-tax-traps#the-18th-birthday-cliff-and-what-changes,0,1,0,2
https://www.propertytaxpartners.co.uk/blog/incorporation-and-company-structures/gifting-property-to-minor-children-bare-trust-mechanics-tax-traps#worked-scenario-1-parent-to-minor-bare-trust,0,1,0,2
https://www.propertytaxpartners.co.uk/blog/incorporation-and-company-structures/gifting-property-to-minor-children-bare-trust-mechanics-tax-traps#worked-scenario-2-grandparent-to-grandchild-bare-trust,0,1,0,2
https://www.propertytaxpartners.co.uk/blog/incorporation-and-company-structures/hmrcs-new-guidelines-for-llps-raise-concerns,0,21,0,8.76
https://www.propertytaxpartners.co.uk/blog/incorporation-and-company-structures/how-to-choose-right-property-company-structure-uk-landlords-2026,0,3,0,6
https://www.propertytaxpartners.co.uk/blog/incorporation-and-company-structures/hybrid-limited-liability-partnership,0,18,0,7.28
https://www.propertytaxpartners.co.uk/blog/incorporation-and-company-structures/immediate-post-death-interest-ipdi-rental-property-tax-iht-1984-s49a,0,13,0,8.23
https://www.propertytaxpartners.co.uk/blog/incorporation-and-company-structures/incorporate-rental-property-without-cgt,0,2,0,52
https://www.propertytaxpartners.co.uk/blog/incorporation-and-company-structures/incorporating-property-portfolio-uk-2026,0,12,0,30.92
https://www.propertytaxpartners.co.uk/blog/incorporation-and-company-structures/incorporation-and-company-structures/,0,1,0,1
https://www.propertytaxpartners.co.uk/blog/incorporation-and-company-structures/incorporation-case-study-10-property-portfolio-200k-mortgage,0,44,0,6.14
https://www.propertytaxpartners.co.uk/blog/incorporation-and-company-structures/incorporation-cost-calculator-cgt-sdlt-implications,0,1,0,7
https://www.propertytaxpartners.co.uk/blog/incorporation-and-company-structures/incorporation-existing-portfolios-phased-approach,0,45,0,7.07
https://www.propertytaxpartners.co.uk/blog/incorporation-and-company-structures/incorporation-holdover-relief-property,0,38,0,6.92
https://www.propertytaxpartners.co.uk/blog/incorporation-and-company-structures/incorporation-timing-when-to-incorporate-property-portfolio,0,35,0,42.83
https://www.propertytaxpartners.co.uk/blog/incorporation-and-company-structures/landlord-incorporation-step-by-step-guide-uk,0,3,0,88.67
https://www.propertytaxpartners.co.uk/blog/incorporation-and-company-structures/limited-company-vs-personal-ownership-tax-comparison-2026,0,43,0,4.77
https://www.propertytaxpartners.co.uk/blog/incorporation-and-company-structures/llp-accounts,0,91,0,8.05
https://www.propertytaxpartners.co.uk/blog/incorporation-and-company-structures/partnership-partnership-agreement-roles-types-benefits,0,31,0,9.19
https://www.propertytaxpartners.co.uk/blog/incorporation-and-company-structures/partnership-sdlt-relief-schedule-15-fa-2003-incorporation-sum-lower-proportions,0,774,0,6.59
https://www.propertytaxpartners.co.uk/blog/incorporation-and-company-structures/property-company-accounting-requirements-hmrc-expectations,0,87,0,7.87
https://www.propertytaxpartners.co.uk/blog/incorporation-and-company-structures/property-company-group-relief-corporation-tax#capital-losses-section-171a-tcga-1992-instead,0,2,0,8.5
https://www.propertytaxpartners.co.uk/blog/incorporation-and-company-structures/property-company-group-relief-corporation-tax#consortium-relief-when-it-applies-to-property-groups,0,4,0,7.25
https://www.propertytaxpartners.co.uk/blog/incorporation-and-company-structures/property-company-group-relief-corporation-tax#corresponding-accounting-periods,0,1,0,8
https://www.propertytaxpartners.co.uk/blog/incorporation-and-company-structures/property-company-group-relief-corporation-tax#five-failure-modes-for-property-groups,0,5,0,7.6
https://www.propertytaxpartners.co.uk/blog/incorporation-and-company-structures/property-company-group-relief-corporation-tax#the-75-ownership-test-in-plain-english,0,1,0,8
https://www.propertytaxpartners.co.uk/blog/incorporation-and-company-structures/property-company-group-relief-corporation-tax#why-portfolio-landlords-end-up-with-multiple-companies,0,1,0,8
https://www.propertytaxpartners.co.uk/blog/incorporation-and-company-structures/property-company-group-relief-corporation-tax#worked-example-four-spvs-one-refurbishment-year,0,1,0,8
https://www.propertytaxpartners.co.uk/blog/incorporation-and-company-structures/property-partnership-trading-investment-jv-developer-structures-sch-15-sdlt-interaction,0,25,0,6.48
https://www.propertytaxpartners.co.uk/blog/incorporation-and-company-structures/property-spv-employer-pension-contributions-wholly-and-exclusively-test-mechanics#annual-allowance-tapered-annual-allowance-and-the-mpaa-floor,0,1,0,2
https://www.propertytaxpartners.co.uk/blog/incorporation-and-company-structures/property-spv-employer-pension-contributions-wholly-and-exclusively-test-mechanics#carry-forward-the-3-year-window,0,1,0,2
https://www.propertytaxpartners.co.uk/blog/incorporation-and-company-structures/property-spv-employer-pension-contributions-wholly-and-exclusively-test-mechanics#the-cta-2009-s54-wholly-and-exclusively-gateway-for-single-director-spvs,0,1,0,2
https://www.propertytaxpartners.co.uk/blog/incorporation-and-company-structures/property-spv-employer-pension-contributions-wholly-and-exclusively-test-mechanics#why-employer-pension-contributions-are-the-high-yield-extraction-lever,0,2,0,5.5
https://www.propertytaxpartners.co.uk/blog/incorporation-and-company-structures/property-spv-employer-pension-contributions-wholly-and-exclusively-test-mechanics#worked-scenario-a-20000-routine-annual-contribution,0,2,0,5.5
https://www.propertytaxpartners.co.uk/blog/incorporation-and-company-structures/property-spv-employer-pension-contributions-wholly-and-exclusively-test-mechanics#worked-scenario-b-60000-full-annual-allowance-in-current-year,0,1,0,2
https://www.propertytaxpartners.co.uk/blog/incorporation-and-company-structures/property-spv-employer-pension-contributions-wholly-and-exclusively-test-mechanics#worked-scenario-c-180000-three-year-carry-forward-sweep,0,1,0,2
https://www.propertytaxpartners.co.uk/blog/incorporation-and-company-structures/putting-rental-property-into-a-trust-decision-pillar-iht-cgt-sdlt-stack,0,16,0,8.38
https://www.propertytaxpartners.co.uk/blog/incorporation-and-company-structures/residential-property-developer-tax-uk,0,39,0,37.9
https://www.propertytaxpartners.co.uk/blog/incorporation-and-company-structures/retained-profits-property-company-tax-advantages,0,18,0,6.39
https://www.propertytaxpartners.co.uk/blog/incorporation-and-company-structures/scottish-lbtt-bare-trust-acquisition-relief-corporate-restructuring-mechanics,0,11,0,10.36
https://www.propertytaxpartners.co.uk/blog/incorporation-and-company-structures/sdlt-bewley-uninhabitable-property-test-non-residential-rates-landlords,0,186,0,9.24
https://www.propertytaxpartners.co.uk/blog/incorporation-and-company-structures/sdlt-divorce-separation-transfer-relief-schedule-3-paragraph-3-fa-2003,0,62,0,9.69
https://www.propertytaxpartners.co.uk/blog/incorporation-and-company-structures/sdlt-sub-sale-relief-mechanics,0,31,0,6.13
https://www.propertytaxpartners.co.uk/blog/incorporation-and-company-structures/section-24-impact-on-company-formations-data,0,5,0,3.4
https://www.propertytaxpartners.co.uk/blog/incorporation-and-company-structures/selling-a-property-spv-share-sale-vs-asset-sale,0,5,0,6
https://www.propertytaxpartners.co.uk/blog/incorporation-and-company-structures/settlor-interested-property-trust-three-statute-trap,0,1,0,1
https://www.propertytaxpartners.co.uk/blog/incorporation-and-company-structures/starting-property-business-sole-trader-vs-ltd-vs-partnership,0,89,0,6.87
https://www.propertytaxpartners.co.uk/blog/incorporation-and-company-structures/substantial-shareholding-excess-property-companies,0,1,0,1
https://www.propertytaxpartners.co.uk/blog/incorporation-and-company-structures/substantial-shareholding-exemption-property-companies#failure-modes-for-property-groups,0,1,0,3
https://www.propertytaxpartners.co.uk/blog/incorporation-and-company-structures/substantial-shareholding-exemption-property-companies#interaction-with-intra-group-transfers,0,1,0,3
https://www.propertytaxpartners.co.uk/blog/incorporation-and-company-structures/substantial-shareholding-exemption-property-companies#the-substantial-shareholding-test-10-12-months,0,1,0,3
https://www.propertytaxpartners.co.uk/blog/incorporation-and-company-structures/substantial-shareholding-exemption-property-companies#the-trading-company-test,0,1,0,3
https://www.propertytaxpartners.co.uk/blog/incorporation-and-company-structures/substantial-shareholding-exemption-property-companies#what-sse-does-at-a-high-level,0,1,0,3
https://www.propertytaxpartners.co.uk/blog/incorporation-and-company-structures/substantial-shareholding-exemption-property-companies#why-property-development-passes-the-test,0,1,0,3
https://www.propertytaxpartners.co.uk/blog/incorporation-and-company-structures/substantial-shareholding-exemption-property-companies#worked-example-holdco-selling-devco-for-8-million,0,1,0,3
https://www.propertytaxpartners.co.uk/blog/incorporation-and-company-structures/substantial-shareholding-exemption-sse,0,324,0,7.33
https://www.propertytaxpartners.co.uk/blog/incorporation-and-company-structures/tax-efficient-property-investment-structure-guide,0,160,0,24.96
https://www.propertytaxpartners.co.uk/blog/incorporation-and-company-structures/time-pressure-extraction-divorce-illness-emigration-sequence-12-month-window,0,103,0,8.04
https://www.propertytaxpartners.co.uk/blog/incorporation-and-company-structures/transfer-property-to-limited-company-conveyancing,0,48,0,24.79
https://www.propertytaxpartners.co.uk/blog/incorporation-and-company-structures/trust-registration-service-trs-compliance-trust-owned-btl-mlr-2017,0,14,0,6.36
https://www.propertytaxpartners.co.uk/blog/incorporation-and-company-structures/uk-landlord-buy-to-let-company-statistics,0,1,0,2
https://www.propertytaxpartners.co.uk/blog/incorporation-existing-portfolios-phased-approach,0,102,0,55.31
https://www.propertytaxpartners.co.uk/blog/knowledgebase,0,1,0,1
https://www.propertytaxpartners.co.uk/blog/landlord-accounting-spreadsheet-template-free-excel-guide,0,1,0,1
https://www.propertytaxpartners.co.uk/blog/landlord-records-what-track-how-long-keep,0,1,0,1
https://www.propertytaxpartners.co.uk/blog/landlord-tax-essentials/2027-property-income-tax-rates-landlords-uk,0,5,0,12
https://www.propertytaxpartners.co.uk/blog/landlord-tax-essentials/accidental-landlord-taxes-a-complete-guide,0,2,0,16
https://www.propertytaxpartners.co.uk/blog/landlord-tax-essentials/are-rent-arrears-skyrocketing-and-squeezing-landlords,0,55,0,8
https://www.propertytaxpartners.co.uk/blog/landlord-tax-essentials/btl-mortgage,0,1,0,40
https://www.propertytaxpartners.co.uk/blog/landlord-tax-essentials/capital-allowances-on-vans#can-a-landlord-claim-capital-allowances-on-a-van,0,7,0,6
https://www.propertytaxpartners.co.uk/blog/landlord-tax-essentials/capital-allowances-on-vans#claiming-aia-on-a-van,0,5,0,6.4
https://www.propertytaxpartners.co.uk/blog/landlord-tax-essentials/capital-allowances-on-vans#do-you-get-a-first-year-allowance-on-a-new-van,0,3,0,7.33
https://www.propertytaxpartners.co.uk/blog/landlord-tax-essentials/capital-allowances-on-vans#double-cab-pickup-capital-allowances-2025-onwards,0,3,0,4.67
https://www.propertytaxpartners.co.uk/blog/landlord-tax-essentials/capital-allowances-on-vans#full-expensing-for-a-van-in-a-limited-company,0,2,0,6.5
https://www.propertytaxpartners.co.uk/blog/landlord-tax-essentials/capital-allowances-on-vans#the-writing-down-allowance-on-a-van,0,2,0,6
https://www.propertytaxpartners.co.uk/blog/landlord-tax-essentials/capital-allowances-on-vans#van-capital-allowances-at-a-glance-2026,0,9,0,5.78
https://www.propertytaxpartners.co.uk/blog/landlord-tax-essentials/capital-allowances-on-vans#what-are-capital-allowances-and-is-a-van-plant-and-machinery,0,1,0,4
https://www.propertytaxpartners.co.uk/blog/landlord-tax-essentials/capital-allowances-on-vans#which-relief-for-my-van,0,1,0,9
https://www.propertytaxpartners.co.uk/blog/landlord-tax-essentials/comparing-online-and-paper-self-assessment-tax-returns,0,11,0,6.91
https://www.propertytaxpartners.co.uk/blog/landlord-tax-essentials/cop9-contractual-disclosure-facility-landlord-tax-fraud-investigation,0,6,0,15.67
https://www.propertytaxpartners.co.uk/blog/landlord-tax-essentials/domestic-reverse-charge-construction-vat-landlords,0,25,0,7.92
https://www.propertytaxpartners.co.uk/blog/landlord-tax-essentials/energy-performance-certificates-epc,0,29,0,11.48
https://www.propertytaxpartners.co.uk/blog/landlord-tax-essentials/epc-certificate-cost-uk,0,294,0,17.24
https://www.propertytaxpartners.co.uk/blog/landlord-tax-essentials/epc-improvement-grant-schemes-landlords-eco4-bus-gbis,0,1,0,3
https://www.propertytaxpartners.co.uk/blog/landlord-tax-essentials/excluded-property-trust-long-term-resident-settlor-pivot-landlords,0,125,0,9.98
https://www.propertytaxpartners.co.uk/blog/landlord-tax-essentials/farmland-supply-value-drops-is-iht-reform-to-blame,0,1,0,11
https://www.propertytaxpartners.co.uk/blog/landlord-tax-essentials/fic-estate-planning-landlord-portfolio-value-freezing-iht-mechanics,0,31,0,11.29
https://www.propertytaxpartners.co.uk/blog/landlord-tax-essentials/first-time-landlord-tax-guide-everything-you-need-to-know,0,1,0,1
https://www.propertytaxpartners.co.uk/blog/landlord-tax-essentials/gift-with-reservation,0,1,0,1
https://www.propertytaxpartners.co.uk/blog/landlord-tax-essentials/gift-with-reservation-benefit,0,1,0,1
https://www.propertytaxpartners.co.uk/blog/landlord-tax-essentials/hmo-landlord-accounting-multi-tenant-property-tax,0,1,0,8
https://www.propertytaxpartners.co.uk/blog/landlord-tax-essentials/hmrc-closure-notice-mechanics-landlord-enquiries-tma-1970-s28a,0,21,0,6.29
https://www.propertytaxpartners.co.uk/blog/landlord-tax-essentials/hmrc-penalties-late-landlord-tax-returns-2026,0,32,0,7.12
https://www.propertytaxpartners.co.uk/blog/landlord-tax-essentials/how-long-does-probate-take-in-the-uk,0,7,0,13.14
https://www.propertytaxpartners.co.uk/blog/landlord-tax-essentials/how-much-tax-rental-income-complete-guide,0,1,0,1
https://www.propertytaxpartners.co.uk/blog/landlord-tax-essentials/how-to-complete-landlord-self-assessment-filing-step-by-step-guide,0,2,0,10
https://www.propertytaxpartners.co.uk/blog/landlord-tax-essentials/iht-1m-bpr-apr-cap-mixed-trading-investing-landlord-allocation,0,3,0,12.33
https://www.propertytaxpartners.co.uk/blog/landlord-tax-essentials/iht-april-2026-bpr-apr-cap-property-impact,0,4,0,9.25
https://www.propertytaxpartners.co.uk/blog/landlord-tax-essentials/iht-gifts-with-reservation-of-benefit-property#cessation-of-reservation-the-s1024-escape-and-the-false-pet-clock,0,112,0,6.77
https://www.propertytaxpartners.co.uk/blog/landlord-tax-essentials/iht-gifts-with-reservation-of-benefit-property#escape-route-one-pay-full-market-rent,0,2,0,10
https://www.propertytaxpartners.co.uk/blog/landlord-tax-essentials/iht-gifts-with-reservation-of-benefit-property#escape-route-two-the-schedule-20-paragraph-6-co-ownership-carve-out,0,45,0,7.33
https://www.propertytaxpartners.co.uk/blog/landlord-tax-essentials/iht-gifts-with-reservation-of-benefit-property#grob-and-btl-portfolio-gifts-when-does-it-bite,0,27,0,6.96
https://www.propertytaxpartners.co.uk/blog/landlord-tax-essentials/iht-gifts-with-reservation-of-benefit-property#poat-as-the-back-stop-where-s102-does-not-bite,0,104,0,7.45
https://www.propertytaxpartners.co.uk/blog/landlord-tax-essentials/iht-gifts-with-reservation-of-benefit-property#the-classic-trap-a-600000-home-gifted-parents-continue-to-live-there,0,31,0,7.06
https://www.propertytaxpartners.co.uk/blog/landlord-tax-essentials/iht-gifts-with-reservation-of-benefit-property#the-s1025-exemptions-and-the-s102a-to-s102c-extensions,0,61,0,7.59
https://www.propertytaxpartners.co.uk/blog/landlord-tax-essentials/iht-gifts-with-reservation-of-benefit-property#the-statute-in-one-paragraph-what-s102-actually-does,0,183,0,6.78
https://www.propertytaxpartners.co.uk/blog/landlord-tax-essentials/iht-gifts-with-reservation-of-benefit-property#what-reservation-of-benefit-actually-covers,0,4,0,7.75
https://www.propertytaxpartners.co.uk/blog/landlord-tax-essentials/iht-long-term-resident-test-section-6a-tail-panel-landlords,0,1,0,1
https://www.propertytaxpartners.co.uk/blog/landlord-tax-essentials/iht-property-investors-decision-framework-2026-onwards,0,5,0,9.6
https://www.propertytaxpartners.co.uk/blog/landlord-tax-essentials/iht-residence-nil-rate-band-2m-taper-property-portfolios,0,5,0,14.6
https://www.propertytaxpartners.co.uk/blog/landlord-tax-essentials/iht-spouse-exemption-second-death-property-portfolio-window-mechanics,0,4,0,7.75
https://www.propertytaxpartners.co.uk/blog/landlord-tax-essentials/income-tax-rates-landlords-2026-27-complete-guide,0,43,0,9.42
https://www.propertytaxpartners.co.uk/blog/landlord-tax-essentials/inheritance-tax-a-brief-summary,0,30,0,8.8
https://www.propertytaxpartners.co.uk/blog/landlord-tax-essentials/inheritance-tax-and-the-family-home,0,9,0,7.56
https://www.propertytaxpartners.co.uk/blog/landlord-tax-essentials/inheritance-tax-rental-property-uk-guide#6-charitable-legacy-to-reduce-headline-rate,0,1,0,11
https://www.propertytaxpartners.co.uk/blog/landlord-tax-essentials/inheritance-tax-rental-property-uk-guide#business-property-relief-the-big-myth,0,1,0,11
https://www.propertytaxpartners.co.uk/blog/landlord-tax-essentials/inheritance-tax-rental-property-uk-guide#how-rental-property-is-valued-for-iht,0,1,0,11
https://www.propertytaxpartners.co.uk/blog/landlord-tax-essentials/inheritance-tax-rental-property-uk-guide#pensions-and-iht-from-6-april-2027,0,1,0,11
https://www.propertytaxpartners.co.uk/blog/landlord-tax-essentials/inheritance-tax-rental-property-uk-guide#the-gift-with-reservation-of-benefit-trap-fa-1986-s102,0,1,0,11
https://www.propertytaxpartners.co.uk/blog/landlord-tax-essentials/inheritance-tax-rental-property-uk-guide#the-iht-mechanics-what-applies-to-a-landlords-estate,0,1,0,11
https://www.propertytaxpartners.co.uk/blog/landlord-tax-essentials/inheritance-tax-rental-property-uk-guide#worked-example-typical-landlord-estate,0,1,0,11
https://www.propertytaxpartners.co.uk/blog/landlord-tax-essentials/know-about-let-property-campaign,0,48,0,8.73
https://www.propertytaxpartners.co.uk/blog/landlord-tax-essentials/landlord-accounting-spreadsheet-template-free-excel-guide#common-landlord-spreadsheet-mistakes-to-avoid,0,326,0,7.66
https://www.propertytaxpartners.co.uk/blog/landlord-tax-essentials/landlord-accounting-spreadsheet-template-free-excel-guide#how-long-to-keep-your-landlord-records,0,79,0,8.13
https://www.propertytaxpartners.co.uk/blog/landlord-tax-essentials/landlord-accounting-spreadsheet-template-free-excel-guide#setting-up-and-maintaining-the-spreadsheet,0,67,0,8.28
https://www.propertytaxpartners.co.uk/blog/landlord-tax-essentials/landlord-accounting-spreadsheet-template-free-excel-guide#the-expense-worksheet-mapped-to-sa105-categories,0,88,0,7.98
https://www.propertytaxpartners.co.uk/blog/landlord-tax-essentials/landlord-accounting-spreadsheet-template-free-excel-guide#the-income-worksheet-with-copy-paste-column-structure,0,15,0,6.87
https://www.propertytaxpartners.co.uk/blog/landlord-tax-essentials/landlord-accounting-spreadsheet-template-free-excel-guide#the-per-property-summary-dashboard,0,27,0,7.22
https://www.propertytaxpartners.co.uk/blog/landlord-tax-essentials/landlord-accounting-spreadsheet-template-free-excel-guide#tracking-capital-improvements-for-capital-gains-tax,0,66,0,8.27
https://www.propertytaxpartners.co.uk/blog/landlord-tax-essentials/landlord-accounting-spreadsheet-template-free-excel-guide#when-a-spreadsheet-is-enough-and-when-to-graduate-to-software,0,277,0,7.68
https://www.propertytaxpartners.co.uk/blog/landlord-tax-essentials/landlord-accounting-spreadsheet-template-free-excel-guide#why-a-landlord-spreadsheet-still-works-in-2026-and-stays-mtd-compatible,0,323,0,7.66
https://www.propertytaxpartners.co.uk/blog/landlord-tax-essentials/landlord-insurance-guide-types-costs-tax-deductible,0,9,0,6.33
https://www.propertytaxpartners.co.uk/blog/landlord-tax-essentials/landlord-licensing-explained,0,121,0,76.54
https://www.propertytaxpartners.co.uk/blog/landlord-tax-essentials/landlord-tax-changes-2026-complete-guide,0,33,0,37.88
https://www.propertytaxpartners.co.uk/blog/landlord-tax-essentials/landlord-tax-essentials,0,1,0,1
https://www.propertytaxpartners.co.uk/blog/landlord-tax-essentials/landlord-tax-essentials-joint-tenants-vs-tenants-in-common-property-tax-consequences-uk-landlords,0,1,0,1
https://www.propertytaxpartners.co.uk/blog/landlord-tax-essentials/landlord-vat-registration-when-required#anti-avoidance-disapplication,0,2,0,6.5
https://www.propertytaxpartners.co.uk/blog/landlord-tax-essentials/landlord-vat-registration-when-required#bundled-services-and-the-single-supply-multiple-supply-test,0,5,0,5.4
https://www.propertytaxpartners.co.uk/blog/landlord-tax-essentials/landlord-vat-registration-when-required#de-registration-the-88000-threshold,0,2,0,6.5
https://www.propertytaxpartners.co.uk/blog/landlord-tax-essentials/landlord-vat-registration-when-required#does-it-make-a-difference-if-i-hold-the-property-through-a-limited-company,0,3,0,4.67
https://www.propertytaxpartners.co.uk/blog/landlord-tax-essentials/landlord-vat-registration-when-required#holiday-accommodation-vat-unchanged-by-fhl-abolition,0,8,0,6.25
https://www.propertytaxpartners.co.uk/blog/landlord-tax-essentials/landlord-vat-registration-when-required#mtd-for-vat-mandatory-from-day-one,0,5,0,5.4
https://www.propertytaxpartners.co.uk/blog/landlord-tax-essentials/landlord-vat-registration-when-required#the-vat-position-of-different-rental-income-streams,0,8,0,6.62
https://www.propertytaxpartners.co.uk/blog/landlord-tax-essentials/landlord-vat-registration-when-required#why-not,0,8,0,7
https://www.propertytaxpartners.co.uk/blog/landlord-tax-essentials/landlord-vat-registration-when-required#worked-example-holiday-let-landlord-crossing-the-threshold-mid-year,0,9,0,6.89
https://www.propertytaxpartners.co.uk/blog/landlord-tax-essentials/let-property-campaign-2026-penalty-math-route-selection-undeclared-rental-income-2026,0,1,0,1
https://www.propertytaxpartners.co.uk/blog/landlord-tax-essentials/let-property-campaign-formal-disclosure-route-landlords-undisclosed-rental,0,44,0,6.8
https://www.propertytaxpartners.co.uk/blog/landlord-tax-essentials/let-property-campaign-penalty-calculator,0,33,0,9.09
https://www.propertytaxpartners.co.uk/blog/landlord-tax-essentials/let-property-campaign-why-voluntary-disclosure-makes-sense,0,1,0,9
https://www.propertytaxpartners.co.uk/blog/landlord-tax-essentials/limits-on-ads-repayment-ftt-clarifies-disposal-in-replacement-of-main-residence,0,58,0,8.76
https://www.propertytaxpartners.co.uk/blog/landlord-tax-essentials/penalties-not-declaring-rental-income-hmrc#a-worked-example-what-undeclared-rent-really-costs,0,102,0,7.84
https://www.propertytaxpartners.co.uk/blog/landlord-tax-essentials/penalties-not-declaring-rental-income-hmrc#coming-forward-how-to-disclose-and-why-it-changes-the-numbers,0,79,0,7.59
https://www.propertytaxpartners.co.uk/blog/landlord-tax-essentials/penalties-not-declaring-rental-income-hmrc#failure-to-notify-late-filing-and-late-payment-are-different-things,0,18,0,7.33
https://www.propertytaxpartners.co.uk/blog/landlord-tax-essentials/penalties-not-declaring-rental-income-hmrc#how-far-back-hmrc-can-assess,0,113,0,8.17
https://www.propertytaxpartners.co.uk/blog/landlord-tax-essentials/penalties-not-declaring-rental-income-hmrc#how-hmrc-detects-undeclared-rental-income,0,144,0,8.19
https://www.propertytaxpartners.co.uk/blog/landlord-tax-essentials/penalties-not-declaring-rental-income-hmrc#if-you-are-not-yet-in-default-staying-out-of-the-penalty-regime,0,141,0,8.23
https://www.propertytaxpartners.co.uk/blog/landlord-tax-essentials/penalties-not-declaring-rental-income-hmrc#the-consequences-ladder,0,7,0,9
https://www.propertytaxpartners.co.uk/blog/landlord-tax-essentials/penalties-not-declaring-rental-income-hmrc#the-penalty-bands-at-a-glance,0,87,0,7.64
https://www.propertytaxpartners.co.uk/blog/landlord-tax-essentials/penalties-not-declaring-rental-income-hmrc#why-the-rate-of-tax-on-your-rent-drives-the-size-of-the-penalty,0,94,0,7.51
https://www.propertytaxpartners.co.uk/blog/landlord-tax-essentials/pension-decumulation-property-portfolio-iht-2027-cohort-sequence,0,1,0,6
https://www.propertytaxpartners.co.uk/blog/landlord-tax-essentials/pension-iht-april-2027-landlord-estate-planning,0,5,0,7.2
https://www.propertytaxpartners.co.uk/blog/landlord-tax-essentials/property-investment-tax-uk-complete-guide-2026,0,1,0,9
https://www.propertytaxpartners.co.uk/blog/landlord-tax-essentials/property-investment-vs-stocks-shares-tax-comparison,0,23,0,6.3
https://www.propertytaxpartners.co.uk/blog/landlord-tax-essentials/reasonable-excuse-case-law-landlord-penalties-perrin-martland,0,207,0,8.24
https://www.propertytaxpartners.co.uk/blog/landlord-tax-essentials/record-retention-discipline-voluntary-disclosure-failure-to-notify-landlords,0,7,0,4.14
https://www.propertytaxpartners.co.uk/blog/landlord-tax-essentials/renters-rights-act-2026-tax-implications-landlords,0,21,0,18.62
https://www.propertytaxpartners.co.uk/blog/landlord-tax-essentials/renters-rights-act-possession-grounds-reform-section-8-landlords,0,21,0,7.52
https://www.propertytaxpartners.co.uk/blog/landlord-tax-essentials/rra-2026-whats-in-force-letting-agents,0,86,0,7.09
https://www.propertytaxpartners.co.uk/blog/landlord-tax-essentials/sa105-property-form-2026-complete-guide,0,4,0,1
https://www.propertytaxpartners.co.uk/blog/landlord-tax-essentials/sa105-property-income-form-2006-complete-guide,0,1,0,1
https://www.propertytaxpartners.co.uk/blog/landlord-tax-essentials/sa105-property-income-form-2026-complete-guide#a-worked-example-where-the-numbers-go,0,66,0,6.92
https://www.propertytaxpartners.co.uk/blog/landlord-tax-essentials/sa105-property-income-form-2026-complete-guide#completing-the-sa105-for-two-or-more-properties,0,173,0,5.87
https://www.propertytaxpartners.co.uk/blog/landlord-tax-essentials/sa105-property-income-form-2026-complete-guide#do-you-need-the-sa105-the-1000-property-allowance,0,283,0,6.9
https://www.propertytaxpartners.co.uk/blog/landlord-tax-essentials/sa105-property-income-form-2026-complete-guide#expenses-boxes-24-to-29-and-the-repairs-versus-improvements-line,0,112,0,5.85
https://www.propertytaxpartners.co.uk/blog/landlord-tax-essentials/sa105-property-income-form-2026-complete-guide#income-box-20-and-the-rents-line,0,22,0,7.45
https://www.propertytaxpartners.co.uk/blog/landlord-tax-essentials/sa105-property-income-form-2026-complete-guide#jointly-owned-property-and-form-17,0,102,0,7.73
https://www.propertytaxpartners.co.uk/blog/landlord-tax-essentials/sa105-property-income-form-2026-complete-guide#losses-the-loss-boxes-and-how-they-carry,0,32,0,7.12
https://www.propertytaxpartners.co.uk/blog/landlord-tax-essentials/sa105-property-income-form-2026-complete-guide#rent-a-room-and-lodger-income,0,3,0,8
https://www.propertytaxpartners.co.uk/blog/landlord-tax-essentials/sa105-property-income-form-2026-complete-guide#replacing-furniture-appliances-carpets-and-curtains-box-36-not-capital-allowances,0,106,0,5.71
https://www.propertytaxpartners.co.uk/blog/landlord-tax-essentials/sa105-property-income-form-2026-complete-guide#residential-mortgage-interest-box-44-and-the-section-24-reducer,0,127,0,6.17
https://www.propertytaxpartners.co.uk/blog/landlord-tax-essentials/sa105-property-income-form-2026-complete-guide#the-sa105-202526-box-map-at-a-glance,0,499,0,6.13
https://www.propertytaxpartners.co.uk/blog/landlord-tax-essentials/sa105-property-income-form-2026-complete-guide#what-the-sa105-is-and-where-property-income-goes-on-your-tax-return,0,471,0,6.52
https://www.propertytaxpartners.co.uk/blog/landlord-tax-essentials/scottish-lbtt-first-time-buyer-relief-eligibility-mechanics,0,17,0,6.29
https://www.propertytaxpartners.co.uk/blog/landlord-tax-essentials/scottish-lbtt-rates-bands-2026-27-residential-buyers-complete-guide#filing-the-lbtt-return-with-revenue-scotland,0,44,0,5.59
https://www.propertytaxpartners.co.uk/blog/landlord-tax-essentials/scottish-lbtt-rates-bands-2026-27-residential-buyers-complete-guide#first-time-buyer-relief-the-175000-nil-with-no-upper-value-cap,0,19,0,5.16
https://www.propertytaxpartners.co.uk/blog/landlord-tax-essentials/scottish-lbtt-rates-bands-2026-27-residential-buyers-complete-guide#how-lbtt-compares-across-the-four-nations-on-the-additional-dwelling-charge,0,21,0,5.29
https://www.propertytaxpartners.co.uk/blog/landlord-tax-essentials/scottish-lbtt-rates-bands-2026-27-residential-buyers-complete-guide#mr-and-mrs-macleod-edinburgh-morningside-townhouse-400000,0,18,0,5.17
https://www.propertytaxpartners.co.uk/blog/landlord-tax-essentials/scottish-lbtt-rates-bands-2026-27-residential-buyers-complete-guide#mr-and-mrs-sinclair-glasgow-west-end-villa-900000,0,19,0,5.16
https://www.propertytaxpartners.co.uk/blog/landlord-tax-essentials/scottish-lbtt-rates-bands-2026-27-residential-buyers-complete-guide#ms-stewart-single-first-time-buyer-in-aberdeen-westhill-200000,0,1,0,5
https://www.propertytaxpartners.co.uk/blog/landlord-tax-essentials/scottish-lbtt-rates-bands-2026-27-residential-buyers-complete-guide#the-202627-main-residential-rate-table,0,46,0,5.63
https://www.propertytaxpartners.co.uk/blog/landlord-tax-essentials/scottish-lbtt-rates-bands-2026-27-residential-buyers-complete-guide#the-scottish-devolution-route-that-produced-lbtt,0,19,0,5.16
https://www.propertytaxpartners.co.uk/blog/landlord-tax-essentials/sdlt-leasehold-extension-vs-fresh-purchase#collective-enfranchisement-when-leaseholders-buy-the-freehold-together,0,62,0,9.76
https://www.propertytaxpartners.co.uk/blog/landlord-tax-essentials/sdlt-leasehold-extension-vs-fresh-purchase#common-errors-leaseholders-and-conveyancers-make,0,61,0,9.74
https://www.propertytaxpartners.co.uk/blog/landlord-tax-essentials/sdlt-leasehold-extension-vs-fresh-purchase#devolved-tax-lbtt-and-ltt,0,6,0,8
https://www.propertytaxpartners.co.uk/blog/landlord-tax-essentials/sdlt-leasehold-extension-vs-fresh-purchase#the-40000-threshold-and-the-hrad-trap,0,81,0,9.52
https://www.propertytaxpartners.co.uk/blog/landlord-tax-essentials/sdlt-leasehold-extension-vs-fresh-purchase#the-80-year-marriage-value-cliff-today-and-after-lfra-2024-commencement,0,116,0,9.92
https://www.propertytaxpartners.co.uk/blog/landlord-tax-essentials/sdlt-leasehold-extension-vs-fresh-purchase#the-80000-marriage-value-moment-pre-and-post-2024,0,55,0,10.49
https://www.propertytaxpartners.co.uk/blog/landlord-tax-essentials/sdlt-leasehold-extension-vs-fresh-purchase#the-statutory-regime-lrhuda-1993-and-the-2024-reforms,0,67,0,9.57
https://www.propertytaxpartners.co.uk/blog/landlord-tax-essentials/sdlt-leasehold-extension-vs-fresh-purchase#the-technical-mechanic-surrender-and-regrant,0,53,0,9.96
https://www.propertytaxpartners.co.uk/blog/landlord-tax-essentials/sdlt-leasehold-extension-vs-fresh-purchase#worked-comparison-extension-vs-fresh-purchase-on-a-350000-flat,0,211,0,9.91
https://www.propertytaxpartners.co.uk/blog/landlord-tax-essentials/sdlt-shared-ownership-staircasing,0,218,0,7.47
https://www.propertytaxpartners.co.uk/blog/landlord-tax-essentials/second-home-sdlt-additional-dwellings-surcharge-joint-owners-spouse-aggregation-rules,0,17,0,6.59
https://www.propertytaxpartners.co.uk/blog/landlord-tax-essentials/section-21-abolition-uk-landlord-possession-guide-2026,0,63,0,6.68
https://www.propertytaxpartners.co.uk/blog/landlord-tax-essentials/stamp-duty-buy-to-let-surcharge#what-is-the-stamp-duty-buy-to-let-surcharge-in-202627,0,4,0,5.75
https://www.propertytaxpartners.co.uk/blog/landlord-tax-essentials/stamp-duty-buy-to-let-surcharge#worked-example-stamp-duty-on-a-300000-buy-to-let,0,4,0,5.75
https://www.propertytaxpartners.co.uk/blog/landlord-tax-essentials/tenancy-agreement-template-rra-2025-compliant-clauses,0,63,0,8.19
https://www.propertytaxpartners.co.uk/blog/landlord-tax-essentials/tribunal-appeal-process-landlords-first-tier-tribunal-tax-chamber,0,13,0,8.31
https://www.propertytaxpartners.co.uk/blog/landlord-tax-essentials/understanding-alternative-finance-arrangements-under-lbtt,0,137,0,7.91
https://www.propertytaxpartners.co.uk/blog/landlord-tax-essentials/vat-for-landlords-and-what-is-option-to-tax,0,1,0,1
https://www.propertytaxpartners.co.uk/blog/landlord-tax-essentials/vat-on-residential-vs-commercial-landlord-vat-status-decision-framework,0,2,0,1
https://www.propertytaxpartners.co.uk/blog/landlord-tax-essentials/vat-status-decision-framework,0,1,0,1
https://www.propertytaxpartners.co.uk/blog/landlord-tax-essentials/welsh-ltt-higher-rates-residential-second-homes-additional-properties-surcharge-mechanics,0,102,0,6.2
https://www.propertytaxpartners.co.uk/blog/landlord-tax-essentials/what-repairs-can-landlords-deduct-from-rental-income,0,147,0,12.13
https://www.propertytaxpartners.co.uk/blog/landlord-vat-registration-when-required,0,3,0,1
https://www.propertytaxpartners.co.uk/blog/making-tax-digital-mtd/government-to-implement-mtd-for-it-with-lower-threshold,0,4,0,11
https://www.propertytaxpartners.co.uk/blog/making-tax-digital-mtd/how-to-switch-self-assessment-mtd-property-income,0,10,0,8.3
https://www.propertytaxpartners.co.uk/blog/making-tax-digital-mtd/making-tax-digital-major-self-assessment-overhaul-ahead,0,6,0,7.17
https://www.propertytaxpartners.co.uk/blog/making-tax-digital-mtd/mtd-itsa-accidental-landlords-do-i-need-to-file-digitally,0,9,0,8.67
https://www.propertytaxpartners.co.uk/blog/making-tax-digital-mtd/mtd-itsa-agent-services-account-asa-authorisation-walkthrough,0,90,0,8.78
https://www.propertytaxpartners.co.uk/blog/making-tax-digital-mtd/mtd-itsa-digital-records-receipts-bank-feeds-what-counts-evidence,0,30,0,8.5
https://www.propertytaxpartners.co.uk/blog/making-tax-digital-mtd/mtd-itsa-exit-rule-income-drops-three-year-test,0,13,0,7.54
https://www.propertytaxpartners.co.uk/blog/making-tax-digital-mtd/mtd-itsa-jointly-owned-property-threshold-split,0,65,0,6.8
https://www.propertytaxpartners.co.uk/blog/making-tax-digital-mtd/mtd-itsa-late-submission-points-late-payment-15-30-31-worked,0,27,0,13.19
https://www.propertytaxpartners.co.uk/blog/making-tax-digital-mtd/mtd-itsa-letter-from-hmrc-what-to-do-next,0,13,0,6.31
https://www.propertytaxpartners.co.uk/blog/making-tax-digital-mtd/mtd-itsa-letting-agent-managed-portfolio-who-files-quarterly,0,2,0,6.5
https://www.propertytaxpartners.co.uk/blog/making-tax-digital-mtd/mtd-itsa-qualifying-income-test-gross-vs-net,0,37,0,5.78
https://www.propertytaxpartners.co.uk/blog/making-tax-digital-mtd/mtd-itsa-spreadsheets-with-bridging-software-allowed-mechanics,0,41,0,9.29
https://www.propertytaxpartners.co.uk/blog/making-tax-digital-mtd/mtd-penalties-landlords-miss-deadline,0,15,0,8.07
https://www.propertytaxpartners.co.uk/blog/making-tax-digital-mtd/mtd-record-keeping-landlords-digital-requirements,0,6,0,5.33
https://www.propertytaxpartners.co.uk/blog/making-tax-digital-mtd/property-accounting-software-uk,0,46,0,24.83
https://www.propertytaxpartners.co.uk/blog/making-tax-digital-mtd/property-accounting-software-uk-2026,0,3,0,6
https://www.propertytaxpartners.co.uk/blog/non-resident-landlord-tax,0,14,0,13.71
https://www.propertytaxpartners.co.uk/blog/non-resident-landlord-tax/are-you-leaving-the-uk-permanently,0,6,0,6.17
https://www.propertytaxpartners.co.uk/blog/non-resident-landlord-tax/automatic-exchange-of-information,0,542,0,10.13
https://www.propertytaxpartners.co.uk/blog/non-resident-landlord-tax/cgt-rebasing-election-fa-2025-schedule-11-narrow-eligibility-non-doms,0,30,0,6.57
https://www.propertytaxpartners.co.uk/blog/non-resident-landlord-tax/do-i-have-to-pay-uk-tax,0,26,0,8.42
https://www.propertytaxpartners.co.uk/blog/non-resident-landlord-tax/double-taxation-agreement-uk-and-isle-of-man#example-one-mr-quayle-manx-resident-individual-landlord,0,3,0,6.33
https://www.propertytaxpartners.co.uk/blog/non-resident-landlord-tax/double-taxation-agreement-uk-and-isle-of-man#example-three-ms-kissack-article-4-tie-breaker-for-a-dual-resident,0,3,0,6.33
https://www.propertytaxpartners.co.uk/blog/non-resident-landlord-tax/double-taxation-agreement-uk-and-isle-of-man#example-two-crosby-properties-limited-manx-incorporated-property-company,0,3,0,6.33
https://www.propertytaxpartners.co.uk/blog/non-resident-landlord-tax/fig-election-mechanics-per-year-claim-personal-allowance-cgt-aea-cost,0,8,0,5.5
https://www.propertytaxpartners.co.uk/blog/non-resident-landlord-tax/fig-regime-qualifying-new-resident-10-year-non-residence-test-landlords,0,16,0,6.5
https://www.propertytaxpartners.co.uk/blog/non-resident-landlord-tax/foreign-tax-credit-uk-property-overseas-landlords,0,50,0,6.8
https://www.propertytaxpartners.co.uk/blog/non-resident-landlord-tax/moving-to-australia-uk-rental-property-tax-pathway#cgt-uk-nrcgt-australian-cgt-and-the-50-discount-denial,0,4,0,4.5
https://www.propertytaxpartners.co.uk/blog/non-resident-landlord-tax/moving-to-australia-uk-rental-property-tax-pathway#common-australia-pathway-misconceptions-corrected,0,4,0,4.5
https://www.propertytaxpartners.co.uk/blog/non-resident-landlord-tax/moving-to-australia-uk-rental-property-tax-pathway#how-australia-taxes-your-uk-rental-income-fito-mechanics,0,7,0,6.14
https://www.propertytaxpartners.co.uk/blog/non-resident-landlord-tax/moving-to-australia-uk-rental-property-tax-pathway#the-four-ato-residency-tests,0,4,0,4.5
https://www.propertytaxpartners.co.uk/blog/non-resident-landlord-tax/moving-to-australia-uk-rental-property-tax-pathway#the-symmetric-uk-australia-treaty,0,7,0,6.14
https://www.propertytaxpartners.co.uk/blog/non-resident-landlord-tax/moving-to-australia-uk-rental-property-tax-pathway#the-tax-year-mismatch-and-reporting-cadence,0,3,0,4.67
https://www.propertytaxpartners.co.uk/blog/non-resident-landlord-tax/moving-to-australia-uk-rental-property-tax-pathway#the-temporary-resident-concession-section-768-910-itaa-1997,0,1,0,4
https://www.propertytaxpartners.co.uk/blog/non-resident-landlord-tax/moving-to-australia-uk-rental-property-tax-pathway#worked-example-helen-six-year-sydney-secondment-from-1-march-2026,0,4,0,4.5
https://www.propertytaxpartners.co.uk/blog/non-resident-landlord-tax/non-dom-reform-april-2025-fig-regime-property-investors,0,30,0,9.27
https://www.propertytaxpartners.co.uk/blog/non-resident-landlord-tax/non-resident-landlord-self-assessment-filing-requirements#mtd-for-income-tax-applies-to-non-resident-sole-trader-landlords-too,0,1,0,8
https://www.propertytaxpartners.co.uk/blog/non-resident-landlord-tax/non-resident-landlord-self-assessment-filing-requirements#worked-example-non-resident-landlord-with-two-uk-properties,0,1,0,8
https://www.propertytaxpartners.co.uk/blog/non-resident-landlord-tax/non-resident-landlord-tax,0,1,0,1
https://www.propertytaxpartners.co.uk/blog/non-resident-landlord-tax/non-resident-landlord-tax-filing-requirements,0,1,0,1
https://www.propertytaxpartners.co.uk/blog/non-resident-landlord-tax/non-resident-landlord-tax-non-resident-landlord-self-assessment-filing-requirements,0,1,0,1
https://www.propertytaxpartners.co.uk/blog/non-resident-landlord-tax/nrl-scheme-letting-agents-quarterly-returns-mechanics#apportionment-when-nrl1-approval-arrives-mid-quarter,0,20,0,9.7
https://www.propertytaxpartners.co.uk/blog/non-resident-landlord-tax/nrl-scheme-letting-agents-quarterly-returns-mechanics#nrl2-line-items-computing-the-withholding,0,4,0,7
https://www.propertytaxpartners.co.uk/blog/non-resident-landlord-tax/nrl-scheme-letting-agents-quarterly-returns-mechanics#registering-as-an-nrl-agent,0,183,0,8.2
https://www.propertytaxpartners.co.uk/blog/non-resident-landlord-tax/nrl-scheme-letting-agents-quarterly-returns-mechanics#regulation-10-personal-liability-of-the-agent,0,4,0,4.5
https://www.propertytaxpartners.co.uk/blog/non-resident-landlord-tax/nrl-scheme-letting-agents-quarterly-returns-mechanics#the-nrl6-annual-certificate,0,193,0,8.5
https://www.propertytaxpartners.co.uk/blog/non-resident-landlord-tax/nrl-scheme-letting-agents-quarterly-returns-mechanics#the-quarterly-cadence,0,199,0,8.41
https://www.propertytaxpartners.co.uk/blog/non-resident-landlord-tax/nrl-scheme-letting-agents-quarterly-returns-mechanics#the-tenant-as-duty-holder-scenario,0,4,0,7
https://www.propertytaxpartners.co.uk/blog/non-resident-landlord-tax/nrl-scheme-letting-agents-quarterly-returns-mechanics#who-is-the-duty-holder,0,4,0,6.5
https://www.propertytaxpartners.co.uk/blog/non-resident-landlord-tax/nrl-scheme-letting-agents-quarterly-returns-mechanics#worked-example-marlow-lets-q2-2026-nrl2-for-one-client,0,4,0,7
https://www.propertytaxpartners.co.uk/blog/non-resident-landlord-tax/nrl-withholding-tax-20-percent-basic-rate-deduction,0,33,0,11.85
https://www.propertytaxpartners.co.uk/blog/non-resident-landlord-tax/tax-treaties-property-investors-treaty-framework-guide,0,24,0,8
https://www.propertytaxpartners.co.uk/blog/non-resident-landlord-tax/temporary-repatriation-facility-trf-designation-mechanics-12-15-percent-rates,0,36,0,8.03
https://www.propertytaxpartners.co.uk/blog/non-resident-landlord-tax/uk-property-income-expats-tax-obligations-explained,0,20,0,28
https://www.propertytaxpartners.co.uk/blog/non-resident-landlord-tax/uk-spain-dta-property-uk-resident-spanish-holiday-home,0,4,0,7.5
https://www.propertytaxpartners.co.uk/blog/non-resident-landlord-tax/uk-us-dta-property-tax-implications-landlords,0,3,0,3.33
https://www.propertytaxpartners.co.uk/blog/portfolio-management,0,48,0,84.21
https://www.propertytaxpartners.co.uk/blog/portfolio-management/buy-to-let-market-sees-record-high-returns,0,1,0,3
https://www.propertytaxpartners.co.uk/blog/portfolio-management/buying-commercial-property-sipp,0,1,0,1
https://www.propertytaxpartners.co.uk/blog/portfolio-management/buying-commercial-property-through-a-sipp#buying-commercial-property-through-a-sipp-step-by-step,0,4,0,9.5
https://www.propertytaxpartners.co.uk/blog/portfolio-management/buying-commercial-property-through-a-sipp#commercial-property-what-qualifies-and-the-tax-advantages,0,1,0,10
https://www.propertytaxpartners.co.uk/blog/portfolio-management/buying-commercial-property-through-a-sipp#in-specie-contributions-transferring-property-you-already-own,0,2,0,8
https://www.propertytaxpartners.co.uk/blog/portfolio-management/buying-commercial-property-through-a-sipp#lump-sum-allowances-and-what-happens-at-retirement,0,1,0,6
https://www.propertytaxpartners.co.uk/blog/portfolio-management/buying-commercial-property-through-a-sipp#renting-back-to-your-own-business-the-arms-length-rule,0,2,0,8
https://www.propertytaxpartners.co.uk/blog/portfolio-management/buying-commercial-property-through-a-sipp#ssas-employer-loans-a-separate-tool,0,2,0,8
https://www.propertytaxpartners.co.uk/blog/portfolio-management/buying-commercial-property-through-a-sipp#the-borrowing-limit-how-much-can-the-sipp-borrow,0,4,0,9.5
https://www.propertytaxpartners.co.uk/blog/portfolio-management/buying-commercial-property-through-a-sipp#what-investment-regulated-pension-schemes-can-and-cannot-hold,0,1,0,6
https://www.propertytaxpartners.co.uk/blog/portfolio-management/buying-commercial-property-through-a-sipp#why-residential-property-is-prohibited-the-taxable-property-rules,0,1,0,10
https://www.propertytaxpartners.co.uk/blog/portfolio-management/buying-commercial-property-within-a-sipp,0,1,0,1
https://www.propertytaxpartners.co.uk/blog/portfolio-management/landlord-tax-return-complete-guide-2026,0,3,0,10.33
https://www.propertytaxpartners.co.uk/blog/portfolio-management/multi-property-landlord-tax-planning-strategies-5-plus-properties,0,303,0,7.58
https://www.propertytaxpartners.co.uk/blog/portfolio-management/property-investment-benchmarks-uk-2026-good-yield,0,137,0,12.53
https://www.propertytaxpartners.co.uk/blog/portfolio-management/property-investment-exit-strategy-planning-guide,0,19,0,9.84
https://www.propertytaxpartners.co.uk/blog/portfolio-management/property-portfolio-accounting-tracking-profitability,0,14,0,20.29
https://www.propertytaxpartners.co.uk/blog/portfolio-management/property-portfolio-review-checklist-landlords-2026,0,2,0,4
https://www.propertytaxpartners.co.uk/blog/portfolio-management/reduce-void-periods-rental-properties-uk-landlords,0,39,0,38.38
https://www.propertytaxpartners.co.uk/blog/property-accountant-services,0,1,0,12
https://www.propertytaxpartners.co.uk/blog/property-accountant-services/accountant-accounting-services,0,34,0,87.71
https://www.propertytaxpartners.co.uk/blog/property-accountant-services/accounting-services-for-property-owners,0,85,0,19.25
https://www.propertytaxpartners.co.uk/blog/property-accountant-services/beginners-guide-to-cis-verification-in-the-uk,0,33,0,8.91
https://www.propertytaxpartners.co.uk/blog/property-accountant-services/birmingham-property-accountant#birminghams-btl-market-in-2026-where-the-tax-pressure-sits,0,2,0,9.5
https://www.propertytaxpartners.co.uk/blog/property-accountant-services/birmingham-property-accountant#capital-gains-tax-on-selling-a-birmingham-buy-to-let,0,2,0,9.5
https://www.propertytaxpartners.co.uk/blog/property-accountant-services/brighton-property-accountant-specialist-tax-services,0,3,0,68
https://www.propertytaxpartners.co.uk/blog/property-accountant-services/buy-to-let-accountants-near-me-guide,0,23,0,8.3
https://www.propertytaxpartners.co.uk/blog/property-accountant-services/cambridge-property-accountant-landlord-tax-services,0,22,0,56.18
https://www.propertytaxpartners.co.uk/blog/property-accountant-services/can-aia-on-second,0,1,0,1
https://www.propertytaxpartners.co.uk/blog/property-accountant-services/can-you-claim-aia-on-second-hand-assets#buying-and-disposing-of-an-asset-in-the-same-accounting-period,0,164,0,5.15
https://www.propertytaxpartners.co.uk/blog/property-accountant-services/can-you-claim-aia-on-second-hand-assets#cars-are-out-full-stop,0,543,0,3.78
https://www.propertytaxpartners.co.uk/blog/property-accountant-services/can-you-claim-aia-on-second-hand-assets#multiple-companies-and-the-shared-aia,0,9,0,5
https://www.propertytaxpartners.co.uk/blog/property-accountant-services/can-you-claim-aia-on-second-hand-assets#second-hand-versus-previously-owned-by-you,0,529,0,4.09
https://www.propertytaxpartners.co.uk/blog/property-accountant-services/can-you-claim-aia-on-second-hand-assets#the-connected-party-rule,0,9,0,6.89
https://www.propertytaxpartners.co.uk/blog/property-accountant-services/can-you-claim-aia-on-second-hand-assets#the-four-aia-bars-at-a-glance,0,129,0,4.09
https://www.propertytaxpartners.co.uk/blog/property-accountant-services/can-you-claim-aia-on-second-hand-assets#the-landlord-reality-the-dwelling-house-bar,0,94,0,4.07
https://www.propertytaxpartners.co.uk/blog/property-accountant-services/can-you-claim-aia-on-second-hand-assets#the-short-answer-when-aia-works-on-a-second-hand-asset,0,308,0,4.2
https://www.propertytaxpartners.co.uk/blog/property-accountant-services/can-you-claim-aia-on-second-hand-assets#valuing-and-timing-the-claim,0,49,0,4.14
https://www.propertytaxpartners.co.uk/blog/property-accountant-services/can-you-claim-aia-on-second-hand-assets#where-second-hand-aia-genuinely-helps-a-property-business,0,833,0,3.79
https://www.propertytaxpartners.co.uk/blog/property-accountant-services/can-you-claim-aia-on-second-hand-assets#which-capital-allowance-applies-to-a-second-hand-asset,0,451,0,4.17
https://www.propertytaxpartners.co.uk/blog/property-accountant-services/can-you-claim-aia-on-second-hand-assets#why-aia-beats-full-expensing-and-the-40-first-year-allowance-on-second-hand,0,855,0,3.71
https://www.propertytaxpartners.co.uk/blog/property-accountant-services/change-landlord-accountants,0,33,0,16.3
https://www.propertytaxpartners.co.uk/blog/property-accountant-services/cheltenham-property-accountant-landlord-tax-services,0,6,0,13.83
https://www.propertytaxpartners.co.uk/blog/property-accountant-services/derby-property-accountant-specialist-tax-services-local-landlords,0,35,0,37.63
https://www.propertytaxpartners.co.uk/blog/property-accountant-services/exeter-property-accountant-specialist-tax-services,0,31,0,13.74
https://www.propertytaxpartners.co.uk/blog/property-accountant-services/file-dormant-accounts-a-complete-guide,0,32,0,6.41
https://www.propertytaxpartners.co.uk/blog/property-accountant-services/manchester-property-accountant,0,1192,0,23.52
https://www.propertytaxpartners.co.uk/blog/property-accountant-services/newcastle-property-accountant-landlord-tax-services,0,26,0,39.85
https://www.propertytaxpartners.co.uk/blog/property-accountant-services/online-property-accountant-remote-accounting,0,1,0,7
https://www.propertytaxpartners.co.uk/blog/property-accountant-services/peterborough-property-accountant-specialist-tax-services,0,7,0,18
https://www.propertytaxpartners.co.uk/blog/property-accountant-services/plymouth-property-accountant-local-landlord-tax-services,0,40,0,24.4
https://www.propertytaxpartners.co.uk/blog/property-accountant-services/property-accountant-bath-expert-tax-services-local-landlords,0,91,0,13.36
https://www.propertytaxpartners.co.uk/blog/property-accountant-services/property-accountant-bournemouth-landlords-tax-services,0,105,0,30.71
https://www.propertytaxpartners.co.uk/blog/property-accountant-services/property-accountant-dundee-landlord-tax-services,0,2,0,13.5
https://www.propertytaxpartners.co.uk/blog/property-accountant-services/property-accountant-glasgow,0,100,0,12.81
https://www.propertytaxpartners.co.uk/blog/property-accountant-services/property-accountant-jobs-uk,0,3,0,10
https://www.propertytaxpartners.co.uk/blog/property-accountant-services/property-accountant-near-me,0,33,0,30.3
https://www.propertytaxpartners.co.uk/blog/property-accountant-services/property-accountant-nottingham-landlords,0,46,0,23.89
https://www.propertytaxpartners.co.uk/blog/property-accountant-services/property-accountant-oxford-guide-local-landlords,0,191,0,14.84
https://www.propertytaxpartners.co.uk/blog/property-accountant-services/property-accountant-preston-expert-tax-services-local-landlords,0,41,0,7.88
https://www.propertytaxpartners.co.uk/blog/property-accountant-services/property-accountant-reading-specialist-tax-services,0,7,0,13.71
https://www.propertytaxpartners.co.uk/blog/property-accountant-services/property-accountant-salary-complete-guide,0,60,0,9.68
https://www.propertytaxpartners.co.uk/blog/property-accountant-services/property-accountant-services,0,7,0,18.29
https://www.propertytaxpartners.co.uk/blog/property-accountant-services/property-accountant-swansea-landlord-tax-services,0,116,0,15.87
https://www.propertytaxpartners.co.uk/blog/property-accountant-services/property-accountant-warrington-landlord-services-2026,0,87,0,37.54
https://www.propertytaxpartners.co.uk/blog/property-accountant-services/property-accountant-wolverhampton-specialist-tax-services,0,77,0,21.47
https://www.propertytaxpartners.co.uk/blog/property-accountant-services/slough-property-accountant-landlord-tax-services,0,11,0,9.64
https://www.propertytaxpartners.co.uk/blog/property-accountant-services/vat-how-to-calculate,0,110,0,19.91
https://www.propertytaxpartners.co.uk/blog/property-accountant-services/what-does-a-property-accountant-do,0,186,0,17.34
https://www.propertytaxpartners.co.uk/blog/property-accountant-services/what-services-buy-to-let-accountant,0,5,0,20
https://www.propertytaxpartners.co.uk/blog/property-accountant-services/why-cardiff-landlords-need-specialist-property-accountant-2026,0,66,0,21.29
https://www.propertytaxpartners.co.uk/blog/property-accountant-services/why-luton-landlords-need-specialist-property-accountant-2026,0,114,0,24.78
https://www.propertytaxpartners.co.uk/blog/property-accountant-services/why-southampton-landlords-need-property-accountant,0,68,0,31.68
https://www.propertytaxpartners.co.uk/blog/property-accountant-services/york-property-accountant-landlord-tax-services,0,9,0,15.11
https://www.propertytaxpartners.co.uk/blog/property-business-rates-council-tax-landlords,0,1,0,6
https://www.propertytaxpartners.co.uk/blog/property-finance,0,21,0,30.81
https://www.propertytaxpartners.co.uk/blog/property-finance/bridging-finance-for-auction-purchases,0,40,0,8.12
https://www.propertytaxpartners.co.uk/blog/property-finance/bridging-finance-for-buy-to-let,0,116,0,20.22
https://www.propertytaxpartners.co.uk/blog/property-finance/bridging-finance-for-chain-breaks,0,19,0,84.84
https://www.propertytaxpartners.co.uk/blog/property-finance/bridging-finance-for-commercial-property,0,60,0,40.12
https://www.propertytaxpartners.co.uk/blog/property-finance/bridging-finance-for-land-purchase,0,25,0,35.28
https://www.propertytaxpartners.co.uk/blog/property-finance/bridging-finance-for-refurbishment,0,33,0,10.67
https://www.propertytaxpartners.co.uk/blog/property-finance/bridging-loan-lenders,0,24,0,40
https://www.propertytaxpartners.co.uk/blog/property-finance/bridging-loans-guide,0,43,0,24.91
https://www.propertytaxpartners.co.uk/blog/property-finance/buy-to-let,0,1,0,1
https://www.propertytaxpartners.co.uk/blog/property-finance/buy-to-let-mortgage-lenders,0,265,0,11.73
https://www.propertytaxpartners.co.uk/blog/property-finance/buy-to-let-mortgage-rates,0,602,0,66.51
https://www.propertytaxpartners.co.uk/blog/property-finance/buy-to-let-mortgages-guide,0,127,0,14.93
https://www.propertytaxpartners.co.uk/blog/property-finance/capital-raising-btl-remortgage-equity-release,0,46,0,9.24
https://www.propertytaxpartners.co.uk/blog/property-finance/commercial-mortgage-rates,0,310,0,44.56
https://www.propertytaxpartners.co.uk/blog/property-finance/development-exit-finance,0,14,0,7.93
https://www.propertytaxpartners.co.uk/blog/property-finance/development-finance-guide,0,49,0,8.35
https://www.propertytaxpartners.co.uk/blog/property-finance/first-time-landlord-mortgage,0,189,0,12.28
https://www.propertytaxpartners.co.uk/blog/property-finance/hmo-mortgages,0,88,0,34.42
https://www.propertytaxpartners.co.uk/blog/property-finance/holiday-let-mortgages,0,168,0,15.75
https://www.propertytaxpartners.co.uk/blog/property-finance/let-to-buy-mortgages,0,27,0,7.52
https://www.propertytaxpartners.co.uk/blog/property-finance/mezzanine-and-jv-finance,0,25,0,6.92
https://www.propertytaxpartners.co.uk/blog/property-finance/portfolio-landlord-mortgages-guide,0,79,0,24.06
https://www.propertytaxpartners.co.uk/blog/property-finance/self-employed-buy-to-let-mortgage,0,128,0,75.3
https://www.propertytaxpartners.co.uk/blog/property-tax-accountant-london,0,2,0,20
https://www.propertytaxpartners.co.uk/blog/property-types-and-specialist-tax/a-complete-guide-on-cil,0,1,0,1
https://www.propertytaxpartners.co.uk/blog/property-types-and-specialist-tax/a-complete-guide-on-multiple-dwellings-relief-eligibility-and-benefits,0,28,0,15.79
https://www.propertytaxpartners.co.uk/blog/property-types-and-specialist-tax/a-complete-guide-to-5-sdlt-surcharge-refund-claims,0,11,0,6.82
https://www.propertytaxpartners.co.uk/blog/property-types-and-specialist-tax/abolition-of-multiple-dwellings-relief-mdr-raises-concerns,0,21,0,18.14
https://www.propertytaxpartners.co.uk/blog/property-types-and-specialist-tax/aia-1m-cap-property-investors-allocation-strategy-and-association-rules-cta-2010,0,8,0,4.38
https://www.propertytaxpartners.co.uk/blog/property-types-and-specialist-tax/aia-allowance-uk-property-investors,0,59,0,10.1
https://www.propertytaxpartners.co.uk/blog/property-types-and-specialist-tax/airbnb-landlords,0,7,0,12.29
https://www.propertytaxpartners.co.uk/blog/property-types-and-specialist-tax/anti-fragmentation-rule-section-356oh-section-517h-multi-entity-developer-scheme-defeat,0,18,0,8.67
https://www.propertytaxpartners.co.uk/blog/property-types-and-specialist-tax/ated-late-filing-penalty-failed-reasonable-excuse-or-special-circumstances-appeal,0,13,0,4.38
https://www.propertytaxpartners.co.uk/blog/property-types-and-specialist-tax/ated-penalties-and-appeals,0,4,0,6.25
https://www.propertytaxpartners.co.uk/blog/property-types-and-specialist-tax/ated-return-amendment-guide-when-how-tax-tips,0,16,0,8.19
https://www.propertytaxpartners.co.uk/blog/property-types-and-specialist-tax/averdieck-case-analysis-navigating-sdlt-and-public-rights-of-way,0,10,0,6.7
https://www.propertytaxpartners.co.uk/blog/property-types-and-specialist-tax/badges-or-trade-marson-morton-property-flipping-investment-distinction-landlords,0,1,0,1
https://www.propertytaxpartners.co.uk/blog/property-types-and-specialist-tax/balancing-allowance-balancing-charge-on-disposal-property-capital-allowances-mechanics,0,3,0,4.33
https://www.propertytaxpartners.co.uk/blog/property-types-and-specialist-tax/big-tax-changes-ahead-for-furnished-holiday-lettings,0,31,0,13.29
https://www.propertytaxpartners.co.uk/blog/property-types-and-specialist-tax/capital-allowances-examples,0,4,0,70.25
https://www.propertytaxpartners.co.uk/blog/property-types-and-specialist-tax/capital-allowances-for-dental-practices,0,37,0,6.38
https://www.propertytaxpartners.co.uk/blog/property-types-and-specialist-tax/capital-allowances-for-hospitality#the-plant-and-integral-features-that-dominate-a-hospitality-claim,0,1,0,2
https://www.propertytaxpartners.co.uk/blog/property-types-and-specialist-tax/capital-allowances-for-hospitality#the-short-life-asset-election-the-move-that-fits-the-refit-cycle,0,1,0,2
https://www.propertytaxpartners.co.uk/blog/property-types-and-specialist-tax/capital-allowances-for-property,0,1,0,1
https://www.propertytaxpartners.co.uk/blog/property-types-and-specialist-tax/cis-deduction-by-contractors-in-the-uk,0,29,0,9.76
https://www.propertytaxpartners.co.uk/blog/property-types-and-specialist-tax/commercial-energy-performance-certificate-cost,0,73,0,10.78
https://www.propertytaxpartners.co.uk/blog/property-types-and-specialist-tax/commercial-property-mees-compliance,0,38,0,12.95
https://www.propertytaxpartners.co.uk/blog/property-types-and-specialist-tax/commercial-property-tax-landlords-reliefs-allowances,0,2,0,1
https://www.propertytaxpartners.co.uk/blog/property-types-and-specialist-tax/commercial-property-types-and-specialist-tax/commercial-property-tax-landlords-rates-reliefs-allowances,0,1,0,1
https://www.propertytaxpartners.co.uk/blog/property-types-and-specialist-tax/commonhold-and-leasehold-reform-bill,0,51,0,11.63
https://www.propertytaxpartners.co.uk/blog/property-types-and-specialist-tax/condition-a-acquisition-main-purpose-test-trader-by-stealth-landlord-trap,0,56,0,6.09
https://www.propertytaxpartners.co.uk/blog/property-types-and-specialist-tax/condition-d-development-main-purpose-convert-and-flip-trap-landlord-developers,0,12,0,8.5
https://www.propertytaxpartners.co.uk/blog/property-types-and-specialist-tax/contaminated-land-remediation-and-risk-assessment,0,21,0,11.19
https://www.propertytaxpartners.co.uk/blog/property-types-and-specialist-tax/disapplication-option-to-tax-schedule-10-paragraph-12-residential-conversion,0,45,0,8.98
https://www.propertytaxpartners.co.uk/blog/property-types-and-specialist-tax/fhl-capital-allowances-post-april-2025-grandfathered-claims-mechanics,0,2,0,9
https://www.propertytaxpartners.co.uk/blog/property-types-and-specialist-tax/first-time-buyer-relief-overcome-down-payment,0,21,0,10.19
https://www.propertytaxpartners.co.uk/blog/property-types-and-specialist-tax/free-rental-valuation,0,39,0,6.9
https://www.propertytaxpartners.co.uk/blog/property-types-and-specialist-tax/ftt-refuses-late-sdlt-appeal-where-appellants-chose-not-to-seek-professional-advice,0,27,0,7.81
https://www.propertytaxpartners.co.uk/blog/property-types-and-specialist-tax/government-to-end-council-tax-on-hmo-rooms#the-hmo-definition-s254-not-s61,0,1,0,2
https://www.propertytaxpartners.co.uk/blog/property-types-and-specialist-tax/government-to-end-council-tax-on-hmo-rooms#the-interaction-with-hmo-licensing-and-planning,0,1,0,2
https://www.propertytaxpartners.co.uk/blog/property-types-and-specialist-tax/government-to-end-council-tax-on-hmo-rooms#who-pays-the-bill,0,1,0,2
https://www.propertytaxpartners.co.uk/blog/property-types-and-specialist-tax/hmo-licensing-costs-tax-deductible,0,1,0,11
https://www.propertytaxpartners.co.uk/blog/property-types-and-specialist-tax/hmo-selective-licensing-compliance-housing-act-2004-landlord-licensing-mechanics,0,21,0,6.57
https://www.propertytaxpartners.co.uk/blog/property-types-and-specialist-tax/hmo-vs-standard-btl-tax-comparison,0,1,0,1
https://www.propertytaxpartners.co.uk/blog/property-types-and-specialist-tax/hmrcs-otm-letters-campaign-directed-at-ated-avoidance,0,1,0,35
https://www.propertytaxpartners.co.uk/blog/property-types-and-specialist-tax/holiday-let-tax-calculator-fhl-changes,0,169,0,54.6
https://www.propertytaxpartners.co.uk/blog/property-types-and-specialist-tax/impact-of-fhl-tax-abolition-on-pension-contributions-key-insights-strategies,0,52,0,5.88
https://www.propertytaxpartners.co.uk/blog/property-types-and-specialist-tax/integral-features,0,1,0,1
https://www.propertytaxpartners.co.uk/blog/property-types-and-specialist-tax/integral-features-capital-allowances#how-to-make-a-claim,0,2,0,9.5
https://www.propertytaxpartners.co.uk/blog/property-types-and-specialist-tax/integral-features-capital-allowances#shell-structures-integral-features-or-plant-which-box-does-the-spend-fall-in,0,2,0,7
https://www.propertytaxpartners.co.uk/blog/property-types-and-specialist-tax/integral-features-capital-allowances#structures-and-buildings-allowance-versus-integral-features,0,4,0,8.25
https://www.propertytaxpartners.co.uk/blog/property-types-and-specialist-tax/integral-features-capital-allowances#the-annual-investment-allowance-100-relief-up-front,0,1,0,4
https://www.propertytaxpartners.co.uk/blog/property-types-and-specialist-tax/integral-features-capital-allowances#the-finance-act-2026-reliefs-and-why-the-40-allowance-does-not-reach-integral-features,0,2,0,9.5
https://www.propertytaxpartners.co.uk/blog/property-types-and-specialist-tax/integral-features-capital-allowances#who-can-claim-and-the-section-35-dwelling-house-bar,0,1,0,10
https://www.propertytaxpartners.co.uk/blog/property-types-and-specialist-tax/labour-plans-stamp-duty-hike-for-overseas-buyers,0,14,0,5.71
https://www.propertytaxpartners.co.uk/blog/property-types-and-specialist-tax/land-and-buildings-transaction-tax-multiple-dwellings-relief,0,37,0,10.41
https://www.propertytaxpartners.co.uk/blog/property-types-and-specialist-tax/lease-extension-cost-uk,0,338,0,20.19
https://www.propertytaxpartners.co.uk/blog/property-types-and-specialist-tax/lease-extensions-in-the-uk-surrender-and-regrant#a-worked-overlap-relief-calculation,0,55,0,9.45
https://www.propertytaxpartners.co.uk/blog/property-types-and-specialist-tax/lease-extensions-in-the-uk-surrender-and-regrant#schedule-17a-para-13-first-five-years-rent-increase,0,11,0,9.18
https://www.propertytaxpartners.co.uk/blog/property-types-and-specialist-tax/lease-extensions-in-the-uk-surrender-and-regrant#schedule-17a-para-14-repealed-by-fa-2013,0,19,0,7.11
https://www.propertytaxpartners.co.uk/blog/property-types-and-specialist-tax/lease-extensions-in-the-uk-surrender-and-regrant#schedule-17a-para-15a-reductions-and-other-variations,0,168,0,10.3
https://www.propertytaxpartners.co.uk/blog/property-types-and-specialist-tax/lease-extensions-in-the-uk-surrender-and-regrant#schedule-17a-para-9-rent-for-the-overlap-period,0,92,0,8.82
https://www.propertytaxpartners.co.uk/blog/property-types-and-specialist-tax/lease-extensions-in-the-uk-surrender-and-regrant#scotland-lbttsa-2013-sch-19,0,84,0,8.81
https://www.propertytaxpartners.co.uk/blog/property-types-and-specialist-tax/lease-extensions-in-the-uk-surrender-and-regrant#the-boundary-which-alterations-trigger-the-doctrine,0,101,0,8.87
https://www.propertytaxpartners.co.uk/blog/property-types-and-specialist-tax/lease-extensions-in-the-uk-surrender-and-regrant#the-common-law-doctrine,0,242,0,9.44
https://www.propertytaxpartners.co.uk/blog/property-types-and-specialist-tax/lease-extensions-in-the-uk-surrender-and-regrant#wales-ltta-2017-sch-6,0,196,0,10.03
https://www.propertytaxpartners.co.uk/blog/property-types-and-specialist-tax/lease-variation-and-lease-surrender#deemed-surrender-by-operation-of-law,0,2,0,7.5
https://www.propertytaxpartners.co.uk/blog/property-types-and-specialist-tax/lease-variation-and-lease-surrender#example-1-voluntary-commercial-surrender-with-reverse-premium,0,3,0,6.33
https://www.propertytaxpartners.co.uk/blog/property-types-and-specialist-tax/lease-variation-and-lease-surrender#example-2-voluntary-residential-surrender-with-no-reverse-premium,0,8,0,7.12
https://www.propertytaxpartners.co.uk/blog/property-types-and-specialist-tax/lease-variation-and-lease-surrender#section-433b-the-sdlt-treatment-of-surrender,0,14,0,7.21
https://www.propertytaxpartners.co.uk/blog/property-types-and-specialist-tax/lease-variation-and-lease-surrender#section-433d-the-sdlt-treatment-of-variation,0,1,0,10
https://www.propertytaxpartners.co.uk/blog/property-types-and-specialist-tax/lease-variation-and-lease-surrender#worked-cgt-example-voluntary-commercial-surrender-with-reverse-premium,0,13,0,7
https://www.propertytaxpartners.co.uk/blog/property-types-and-specialist-tax/multiple-dwellings-relief,0,10,0,6.4
https://www.propertytaxpartners.co.uk/blog/property-types-and-specialist-tax/multiple-dwellings-relief-abolition-fa-2024-transitional-rules-landlords,0,19,0,7.63
https://www.propertytaxpartners.co.uk/blog/property-types-and-specialist-tax/remittance-basis-tax-insights-for-non-domiciled-individuals,0,48,0,13.48
https://www.propertytaxpartners.co.uk/blog/property-types-and-specialist-tax/residency-and-domicile,0,4,0,9.75
https://www.propertytaxpartners.co.uk/blog/property-types-and-specialist-tax/sdlt-mixed-use-rates-vs-residential-property-tribunal-tests-landlords#fa-2003-section-116-framework,0,2,0,4.5
https://www.propertytaxpartners.co.uk/blog/property-types-and-specialist-tax/sdlt-mixed-use-rates-vs-residential-property-tribunal-tests-landlords#how-bewley-is-different-do-not-conflate-s1161a-with-s1161b,0,4,0,5.25
https://www.propertytaxpartners.co.uk/blog/property-types-and-specialist-tax/sdlt-mixed-use-rates-vs-residential-property-tribunal-tests-landlords#suterwalla-v-hmrc-2024-ukut-188-tcc-the-use-at-effective-date-refinement,0,4,0,5.25
https://www.propertytaxpartners.co.uk/blog/property-types-and-specialist-tax/sdlt-mixed-use-rates-vs-residential-property-tribunal-tests-landlords#the-court-of-appeal-decision-hyman-v-hmrc-2022-ewca-civ-185,0,5,0,5.6
https://www.propertytaxpartners.co.uk/blog/property-types-and-specialist-tax/sdlt-mixed-use-rates-vs-residential-property-tribunal-tests-landlords#the-ftt-decision-hyman-goodfellow-v-hmrc-2019-ukftt-469-tc,0,2,0,6
https://www.propertytaxpartners.co.uk/blog/property-types-and-specialist-tax/sdlt-mixed-use-rates-vs-residential-property-tribunal-tests-landlords#the-hmrc-enquiry-pattern-reality,0,4,0,5.25
https://www.propertytaxpartners.co.uk/blog/property-types-and-specialist-tax/sdlt-mixed-use-rates-vs-residential-property-tribunal-tests-landlords#the-mixed-use-additional-dwellings-surcharge-exemption-sch-4za-paragraph-18,0,2,0,4.5
https://www.propertytaxpartners.co.uk/blog/property-types-and-specialist-tax/sdlt-mixed-use-rates-vs-residential-property-tribunal-tests-landlords#the-operational-decision-framework-for-landlord-and-investor-acquisitions,0,2,0,4.5
https://www.propertytaxpartners.co.uk/blog/property-types-and-specialist-tax/sdlt-mixed-use-rates-vs-residential-property-tribunal-tests-landlords#the-upper-tribunal-decision-hyman-v-hmrc-2021-ukut-68-tcc,0,5,0,5.6
https://www.propertytaxpartners.co.uk/blog/property-types-and-specialist-tax/sdlt-mixed-use-rates-vs-residential-property-tribunal-tests-landlords#worked-example-1-suterwalla-shaped-win-on-a-country-property-with-substantive-grazing-licence,0,2,0,4.5
https://www.propertytaxpartners.co.uk/blog/property-types-and-specialist-tax/sdlt-mixed-use-rates-vs-residential-property-tribunal-tests-landlords#worked-example-2-hyman-shaped-loss-on-amenity-garden-claim,0,2,0,6
https://www.propertytaxpartners.co.uk/blog/property-types-and-specialist-tax/serviced-accommodation-tax-fhl-abolition-april-2025,0,4,0,8.25
https://www.propertytaxpartners.co.uk/blog/property-types-and-specialist-tax/serviced-accommodation-vs-buy-to-let-tax-comparison-2026,0,2,0,8
https://www.propertytaxpartners.co.uk/blog/property-types-and-specialist-tax/structures-and-buildings-allowance-sba-3-percent-claim-mechanics-fa-2018-onward,0,84,0,7.38
https://www.propertytaxpartners.co.uk/blog/property-types-and-specialist-tax/toms-vat-serviced-accommodation#the-financial-impact-of-falling-outside-toms,0,7,0,7.86
https://www.propertytaxpartners.co.uk/blog/property-types-and-specialist-tax/toms-vat-serviced-accommodation#what-toms-is-and-how-it-works,0,7,0,7.86
https://www.propertytaxpartners.co.uk/blog/property-types-and-specialist-tax/toms-vat-the-sonder-verdict,0,1,0,1
https://www.propertytaxpartners.co.uk/blog/property-types-and-specialist-tax/transactions-in-uk-land-cta-2010-part-8zb-ita-2007-part-9a-four-conditions-test,0,72,0,6.5
https://www.propertytaxpartners.co.uk/blog/property-types-and-specialist-tax/vat-cladding-remediation-relief-residential-building-safety-act-section-30a-mechanics,0,77,0,7.95
https://www.propertytaxpartners.co.uk/blog/property-types-and-specialist-tax/vat-on-furnished-holiday-lettings-fhl,0,89,0,6.31
https://www.propertytaxpartners.co.uk/blog/property-types-and-specialist-tax/vat-partial-exemption-special-method-approval-landlords-standard-method-override-mechanics#the-special-method-route-at-regulation-102,0,3,0,6.33
https://www.propertytaxpartners.co.uk/blog/property-types-and-specialist-tax/vat-partial-exemption-special-method-approval-landlords-standard-method-override-mechanics#the-standard-method-override-at-regulation-107a,0,3,0,6.33
https://www.propertytaxpartners.co.uk/blog/property-types-and-specialist-tax/vat-property-conversion-residential-to-commercial-or-commercial-to-residential-zero-rate-reduced-rate#common-misconceptions-and-marginal-cases,0,2,0,10
https://www.propertytaxpartners.co.uk/blog/property-types-and-specialist-tax/vat-property-conversion-residential-to-commercial-or-commercial-to-residential-zero-rate-reduced-rate#developer-vs-diy-two-routes-to-vat-relief,0,2,0,10
https://www.propertytaxpartners.co.uk/blog/property-types-and-specialist-tax/vat-property-conversion-residential-to-commercial-or-commercial-to-residential-zero-rate-reduced-rate#downstream-sale-or-let-what-happens-after-conversion,0,2,0,10
https://www.propertytaxpartners.co.uk/blog/property-types-and-specialist-tax/vat-property-conversion-residential-to-commercial-or-commercial-to-residential-zero-rate-reduced-rate#the-certification-mechanic-and-notice-708-evidence,0,2,0,6
https://www.propertytaxpartners.co.uk/blog/property-types-and-specialist-tax/vat-property-conversion-residential-to-commercial-or-commercial-to-residential-zero-rate-reduced-rate#the-three-reliefs-at-a-glance,0,2,0,10
https://www.propertytaxpartners.co.uk/blog/property-types-and-specialist-tax/vat-property-conversion-residential-to-commercial-or-commercial-to-residential-zero-rate-reduced-rate#worked-example-a-office-block-to-six-flats-zero-rate,0,3,0,9.67
https://www.propertytaxpartners.co.uk/blog/property-types-and-specialist-tax/vat-property-conversion-residential-to-commercial-or-commercial-to-residential-zero-rate-reduced-rate#worked-example-b-empty-victorian-terrace-renovation-5,0,2,0,10
https://www.propertytaxpartners.co.uk/blog/property-types-and-specialist-tax/vat-property-conversion-residential-to-commercial-or-commercial-to-residential-zero-rate-reduced-rate#zero-rate-on-first-grant-converted-non-residential-to-residential,0,5,0,8.2
https://www.propertytaxpartners.co.uk/blog/property-types-and-specialist-tax/vat-registration-threshold-90k-landlords-april-2024-group-registration,0,11,0,7.18
https://www.propertytaxpartners.co.uk/blog/property-types-and-specialist-tax/welsh-ltt-derelict-uninhabitable-property-refund-relief-claim-mechanics,0,34,0,6.26
https://www.propertytaxpartners.co.uk/blog/section-24-and-section-24-and-tax-relief/mortgage-arrangement-fees-deductible-landlord,0,1,0,1
https://www.propertytaxpartners.co.uk/blog/section-24-and-tax-relief,0,7,0,31.29
https://www.propertytaxpartners.co.uk/blog/section-24-and-tax-relief/,0,1,0,1
https://www.propertytaxpartners.co.uk/blog/section-24-and-tax-relief/annual-investment-allowance-landlords-uk,0,6,0,14.5
https://www.propertytaxpartners.co.uk/blog/section-24-and-tax-relief/claim-mortgage-interest-rental-property-uk-section-24,0,144,0,36.49
https://www.propertytaxpartners.co.uk/blog/section-24-and-tax-relief/finance-costs-section-24-complete-guide,0,2,0,5
https://www.propertytaxpartners.co.uk/blog/section-24-and-tax-relief/how-to-calculate-section-24-tax-credit-step-by-step,0,46,0,10.15
https://www.propertytaxpartners.co.uk/blog/section-24-and-tax-relief/landlord-capital-allowances-tax-relief,0,20,0,47.95
https://www.propertytaxpartners.co.uk/blog/section-24-and-tax-relief/landlord-expenses-allowable-uk-2026,0,1,0,10
https://www.propertytaxpartners.co.uk/blog/section-24-and-tax-relief/landlord-tax-deductions-uk-2006-complete-list,0,2,0,1
https://www.propertytaxpartners.co.uk/blog/section-24-and-tax-relief/landlord-tax-deductions-uk-2026-complete-list#can-you-deduct-mortgage-interest-from-rental-income,0,24,0,7.96
https://www.propertytaxpartners.co.uk/blog/section-24-and-tax-relief/landlord-tax-deductions-uk-2026-complete-list#individual-landlords-the-section-24-reducer,0,2,0,6
https://www.propertytaxpartners.co.uk/blog/section-24-and-tax-relief/landlord-tax-deductions-uk-2026-complete-list#insurance-claims-and-other-grey-areas,0,12,0,9.75
https://www.propertytaxpartners.co.uk/blog/section-24-and-tax-relief/landlord-tax-deductions-uk-2026-complete-list#landlord-expenses-list-at-a-glance-table,0,40,0,8.2
https://www.propertytaxpartners.co.uk/blog/section-24-and-tax-relief/landlord-tax-deductions-uk-2026-complete-list#other-finance-costs-that-also-run-through-the-reducer,0,2,0,8.5
https://www.propertytaxpartners.co.uk/blog/section-24-and-tax-relief/landlord-tax-deductions-uk-2026-complete-list#professional-fees-advertising-and-management,0,3,0,9
https://www.propertytaxpartners.co.uk/blog/section-24-and-tax-relief/landlord-tax-deductions-uk-2026-complete-list#property-running-costs,0,5,0,7.8
https://www.propertytaxpartners.co.uk/blog/section-24-and-tax-relief/landlord-tax-deductions-uk-2026-complete-list#replacement-of-domestic-items-relief,0,1,0,4
https://www.propertytaxpartners.co.uk/blog/section-24-and-tax-relief/landlord-tax-deductions-uk-2026-complete-list#the-complete-list-of-allowable-landlord-expenses,0,46,0,7.83
https://www.propertytaxpartners.co.uk/blog/section-24-and-tax-relief/landlord-tax-deductions-uk-2026-complete-list#the-home-office-deduction,0,3,0,9.33
https://www.propertytaxpartners.co.uk/blog/section-24-and-tax-relief/landlord-tax-deductions-uk-2026-complete-list#travel-and-motor-expenses,0,16,0,8.81
https://www.propertytaxpartners.co.uk/blog/section-24-and-tax-relief/landlord-tax-deductions-uk-2026-complete-list#what-expenses-can-you-claim-against-rental-income,0,27,0,8
https://www.propertytaxpartners.co.uk/blog/section-24-and-tax-relief/landlord-tax-deductions-uk-2026-complete-list#what-is-not-deductible-against-rental-income,0,7,0,7.43
https://www.propertytaxpartners.co.uk/blog/section-24-and-tax-relief/landlord-tax-deductions-uk-2026-complete-list#which-repairs-count-as-allowable-expenses-and-which-are-improvements,0,42,0,7.81
https://www.propertytaxpartners.co.uk/blog/section-24-and-tax-relief/mortgage-arrangement-fee-deductible-landlord,0,1,0,1
https://www.propertytaxpartners.co.uk/blog/section-24-and-tax-relief/mortgage-arrangement-fees-deductible-landlord#are-mortgage-arrangement-fees-tax-deductible-for-landlords,0,1291,0,4.86
https://www.propertytaxpartners.co.uk/blog/section-24-and-tax-relief/mortgage-arrangement-fees-deductible-landlord#companies-are-taxed-under-a-different-regime-entirely,0,631,0,4.84
https://www.propertytaxpartners.co.uk/blog/section-24-and-tax-relief/mortgage-arrangement-fees-deductible-landlord#how-a-worked-example-actually-looks-under-section-24,0,403,0,4.9
https://www.propertytaxpartners.co.uk/blog/section-24-and-tax-relief/mortgage-arrangement-fees-deductible-landlord#reporting-these-costs-under-making-tax-digital,0,419,0,4.81
https://www.propertytaxpartners.co.uk/blog/section-24-and-tax-relief/mortgage-arrangement-fees-deductible-landlord#the-fee-does-not-reduce-your-capital-gains-tax-bill,0,574,0,5.1
https://www.propertytaxpartners.co.uk/blog/section-24-and-tax-relief/mortgage-arrangement-fees-deductible-landlord#the-treatment-depends-on-two-questions-not-on-purchase-versus-remortgage,0,494,0,4.68
https://www.propertytaxpartners.co.uk/blog/section-24-and-tax-relief/mortgage-arrangement-fees-deductible-landlord#timing-apportionment-and-getting-the-claim-right,0,133,0,4.41
https://www.propertytaxpartners.co.uk/blog/section-24-and-tax-relief/mortgage-arrangement-fees-deductible-landlord#what-about-valuation-fees-legal-fees-and-the-rest-of-the-closing-costs,0,419,0,5.26
https://www.propertytaxpartners.co.uk/blog/section-24-and-tax-relief/mortgage-arrangement-fees-deductible-landlord#why-section-24-changes-the-value-of-every-residential-finance-cost,0,555,0,4.8
https://www.propertytaxpartners.co.uk/blog/section-24-and-tax-relief/mortgage-interest-deductible-landlords-uk-2026,0,42,0,10.6
https://www.propertytaxpartners.co.uk/blog/section-24-and-tax-relief/rent-a-room-relief-uk-landlords-lodgers-guide,0,283,0,9.19
https://www.propertytaxpartners.co.uk/blog/section-24-and-tax-relief/rental-income-tax-calculator,0,6,0,15
https://www.propertytaxpartners.co.uk/blog/section-24-and-tax-relief/rental-income-tax-uk-complete-guide-landlords,0,11,0,56.55
https://www.propertytaxpartners.co.uk/blog/section-24-and-tax-relief/replacement-domestic-items-relief-uk-landlords-guide#how-the-relief-is-calculated-correctly,0,2,0,8
https://www.propertytaxpartners.co.uk/blog/section-24-and-tax-relief/replacement-domestic-items-relief-uk-landlords-guide#how-this-relief-compares-to-the-old-wear-and-tear-allowance,0,2,0,8
https://www.propertytaxpartners.co.uk/blog/section-24-and-tax-relief/replacement-domestic-items-relief-uk-landlords-guide#replacement-of-domestic-items-relief-for-companies-cta-2009-s250a,0,2,0,8
https://www.propertytaxpartners.co.uk/blog/section-24-and-tax-relief/replacement-domestic-items-relief-uk-landlords-guide#the-four-conditions-for-the-relief-ittoia-2005-s311a,0,1,0,9
https://www.propertytaxpartners.co.uk/blog/section-24-and-tax-relief/replacement-domestic-items-relief-uk-landlords-guide#the-furnished-holiday-let-exclusion-and-the-former-fhl-transition,0,2,0,8
https://www.propertytaxpartners.co.uk/blog/section-24-and-tax-relief/replacement-domestic-items-relief-uk-landlords-guide#what-qualifies-and-what-does-not,0,2,0,8
https://www.propertytaxpartners.co.uk/blog/section-24-and-tax-relief/replacement-domestic-items-relief-uk-landlords-guide#what-replacement-of-domestic-items-relief-actually-is,0,2,0,8
https://www.propertytaxpartners.co.uk/blog/section-24-and-tax-relief/replacement-domestic-items-relief-uk-landlords-guide#why-the-relief-is-valuable-alongside-section-24,0,1,0,7
https://www.propertytaxpartners.co.uk/blog/section-24-and-tax-relief/replacement-domestic-items-relief-uk-landlords-relief,0,1,0,1
https://www.propertytaxpartners.co.uk/blog/section-24-and-tax-relief/replacement-domestic-items-relief-uk-landlords-relief-uk-landlords-guide,0,1,0,1
https://www.propertytaxpartners.co.uk/blog/section-24-and-tax-relief/section-24-2027-tax-year-planning-landlords,0,68,0,6.53
https://www.propertytaxpartners.co.uk/blog/section-24-and-tax-relief/section-24-basic-rate-taxpayers,0,26,0,11.62
https://www.propertytaxpartners.co.uk/blog/section-24-and-tax-relief/section-24-calculator,0,7,0,38.43
https://www.propertytaxpartners.co.uk/blog/section-24-and-tax-relief/section-24-higher-rate-taxpayers-2026,0,2,0,5.5
https://www.propertytaxpartners.co.uk/blog/section-24-and-tax-relief/section-24-higher-rate-taxpayers-changes-2027,0,5,0,14.6
https://www.propertytaxpartners.co.uk/blog/section-24-and-tax-relief/section-24-interest-only-mortgage-tax-planning,0,6,0,3.17
https://www.propertytaxpartners.co.uk/blog/section-24-and-tax-relief/section-24-joint-property-ownership-tax-split,0,5,0,5
https://www.propertytaxpartners.co.uk/blog/section-24-and-tax-relief/section-24-mortgage-interest-restriction-uk-landlords,0,1,0,63
https://www.propertytaxpartners.co.uk/blog/section-24-and-tax-relief/section-24-multiple-properties-cumulative-impact,0,4,0,5
https://www.propertytaxpartners.co.uk/blog/section-24-and-tax-relief/section-24-repeal-future-reversed#how-section-24-bites-a-worked-higher-rate-example,0,208,0,5.48
https://www.propertytaxpartners.co.uk/blog/section-24-and-tax-relief/section-24-repeal-future-reversed#incorporation-into-a-limited-company,0,166,0,5.48
https://www.propertytaxpartners.co.uk/blog/section-24-and-tax-relief/section-24-repeal-future-reversed#the-april-2027-property-rates-and-what-they-actually-do-to-section-24,0,182,0,5.51
https://www.propertytaxpartners.co.uk/blog/section-24-and-tax-relief/section-24-repeal-future-reversed#what-could-change-and-the-indicators-worth-watching,0,166,0,5.48
https://www.propertytaxpartners.co.uk/blog/section-24-and-tax-relief/section-24-repeal-future-reversed#why-repeal-is-unlikely-politics-revenue-and-direction-of-travel,0,171,0,5.48
https://www.propertytaxpartners.co.uk/blog/section-24-and-tax-relief/section-24-repeal-future-reversed#will-section-24-be-reversed-the-short-honest-answer,0,187,0,5.44
https://www.propertytaxpartners.co.uk/blog/section-24-and-tax-relief/section-24-tax-credit-20-percent-basic-rate-relief,0,10,0,19
https://www.propertytaxpartners.co.uk/blog/section-24-and-tax-relief/section-24-tax-relief-complete-guide,0,5,0,59.8
https://www.propertytaxpartners.co.uk/blog/section-24-and-tax-relief/section-24-vs-incorporation-which-saves-more-tax,0,72,0,8.17
https://www.propertytaxpartners.co.uk/blog/section-24-and-tax-relief/section-24-worked-example-50k-rental-income-portfolio,0,1,0,7
https://www.propertytaxpartners.co.uk/blog/section-24-and-tax-relief/tax-relief-mortgage-interest-rented-property-guide,0,32,0,54.25
https://www.propertytaxpartners.co.uk/blog/section-24-and-tax-relief/what-is-aia-in-tax,0,1,0,7
https://www.propertytaxpartners.co.uk/blog/section-24-vs-incorporation-tax-savings,0,1,0,9
https://www.propertytaxpartners.co.uk/blog/type-and-specialist-tax/hmo-licensing-fees-tax-deductible-uk-landlords,0,1,0,1
https://www.propertytaxpartners.co.uk/blog/types-and-specialist-tax/a-complete-guide-on-community-infrastructure-levy-cil,0,1,0,1
https://www.propertytaxpartners.co.uk/blog/types-and-specialist-tax/capital-allowances-for-student-accommodation,0,1,0,1
https://www.propertytaxpartners.co.uk/calculators/buy-to-let-cashflow-calculator,0,242,0,69.53
https://www.propertytaxpartners.co.uk/calculators/buy-to-let-mortgage-calculator/,0,1,0,1
https://www.propertytaxpartners.co.uk/calculators/buy-to-let-rental-stress-test-calculator,0,111,0,36.43
https://www.propertytaxpartners.co.uk/calculators/capital-gains-tax-calculator,0,178,0,9.33
https://www.propertytaxpartners.co.uk/calculators/first-time-buyer-stamp-duty-calculator,0,1318,0,80.72
https://www.propertytaxpartners.co.uk/calculators/lbtt-calculator-scotland,0,143,0,14.55
https://www.propertytaxpartners.co.uk/calculators/ltt-calculator-wales,0,34,0,7.24
https://www.propertytaxpartners.co.uk/calculators/property-allowance-checker,0,27,0,6.63
https://www.propertytaxpartners.co.uk/calculators/rd-tax-credit-calculator,0,399,0,44.07
https://www.propertytaxpartners.co.uk/calculators/rental-income-tax-calculator,0,60,0,39.9
https://www.propertytaxpartners.co.uk/calculators/rental-yield-calculator,0,316,0,74.51
https://www.propertytaxpartners.co.uk/calculators/stamp-duty-calculator,0,4,0,5.75
https://www.propertytaxpartners.co.uk/for-letting-agents,0,1,0,7
https://www.propertytaxpartners.co.uk/for/couples-splitting-rental-income,0,8,0,7.88
https://www.propertytaxpartners.co.uk/for/first-time-and-accidental-landlords,0,2,0,18
https://www.propertytaxpartners.co.uk/for/gifting-property-to-family,0,39,0,43.49
https://www.propertytaxpartners.co.uk/for/hmo-and-multi-let-landlords,0,8,0,42.12
https://www.propertytaxpartners.co.uk/for/holiday-let-and-serviced-accommodation,0,29,0,27.31
https://www.propertytaxpartners.co.uk/for/inherited-property,0,7,0,8.43
https://www.propertytaxpartners.co.uk/for/landlord-retirement-and-succession,0,30,0,4.17
https://www.propertytaxpartners.co.uk/for/landlord-self-assessment-and-mtd,0,24,0,7.21
https://www.propertytaxpartners.co.uk/for/moving-property-into-a-limited-company,0,37,0,6.35
https://www.propertytaxpartners.co.uk/for/portfolio-landlords-incorporating-a-partnership,0,15,0,24.67
https://www.propertytaxpartners.co.uk/for/property-company-profit-extraction,0,1,0,1
https://www.propertytaxpartners.co.uk/for/property-spv-set-up,0,34,0,16.35
https://www.propertytaxpartners.co.uk/for/rental-income-disclosure,0,16,0,5.06
https://www.propertytaxpartners.co.uk/for/selling-a-buy-to-let,0,19,0,8
https://www.propertytaxpartners.co.uk/incorporation,0,12,0,4.42
https://www.propertytaxpartners.co.uk/landlord-tax,0,472,0,76.03
https://www.propertytaxpartners.co.uk/locations/birmingham#allowable-expenses-for-birmingham-btl-landlords,0,2,0,9.5
https://www.propertytaxpartners.co.uk/locations/birmingham#april-2027-property-income-tax-surcharge,0,1,0,7
https://www.propertytaxpartners.co.uk/locations/birmingham#birminghams-btl-market-in-2026-where-the-tax-pressure-sits,0,2,0,9.5
https://www.propertytaxpartners.co.uk/locations/birmingham#capital-gains-tax-on-selling-a-birmingham-buy-to-let,0,2,0,9.5
https://www.propertytaxpartners.co.uk/locations/birmingham#hmo-licensing-and-article-4-directions-across-birmingham,0,1,0,12
https://www.propertytaxpartners.co.uk/locations/birmingham#limited-company-vs-personal-ownership-a-birmingham-specific-comparison,0,2,0,9.5
https://www.propertytaxpartners.co.uk/locations/birmingham#making-tax-digital-for-income-tax-from-6-april-2026,0,1,0,7
https://www.propertytaxpartners.co.uk/locations/birmingham#the-sdlt-additional-dwellings-surcharge-what-birmingham-landlords-pay-on-purchase,0,1,0,12
https://www.propertytaxpartners.co.uk/locations/birmingham#worked-example-section-24-impact-on-a-birmingham-btl-portfolio,0,2,0,9.5
https://www.propertytaxpartners.co.uk/making-tax-digital-landlords,0,238,0,19.46
https://www.propertytaxpartners.co.uk/property-tax-partners-cgt-overseas-property-uk-residents-foreign-disposals,0,1,0,1
https://www.propertytaxpartners.co.uk/property-tax-partners.co.uk/blog/section-24-and-tax-relief/buy-to-let-refinancing-when-does-it-make-sense,0,1,0,1
https://www.propertytaxpartners.co.uk/property-tax-rates,0,242,0,9.83
https://www.propertytaxpartners.co.uk/research,0,6,0,5.83
https://www.propertytaxpartners.co.uk/research/landlord-tax-index,0,19,0,8.21
https://www.propertytaxpartners.co.uk/services/landlord-accountant,0,172,0,63.67
https://www.propertytaxpartners.co.uk/services/non-resident-landlord,0,34,0,18.97
https://www.propertytaxpartners.co.uk/services/property-accountant,0,10,0,13.5
https://www.propertytaxpartners.co.uk/services/property-tax-advice,0,258,0,59.38
https://www.propertytaxpartners.co.uk/spv-company,0,10,0,32.2
