source,primary_dest,secondary_dest,basis,s1_top,s1_share,s1_impr,s2_top,s2_score,s2_margin,s3,source_value,frozen,give_up,source_value_basis,s1_cover,gsc_clicks,gsc_impressions,leads_90d,category,input_sha256
/blog/incorporation-and-company-structures/how-to-transfer-property-into-limited-company-uk,/for/moving-property-into-a-limited-company,,forced (LE-14),/services/property-tax-advice,0.634,93,/for/moving-property-into-a-limited-company,0.254,0.074,/for/moving-property-into-a-limited-company,7.555,False,False,primary,0.099,20,2530,15,incorporation-and-company-structures,26c951335f8b14593a257714f3e1ec109937e42b2bf2f757f8c1b7daa4267735
/blog/incorporation-and-company-structures/sdlt-transfer-property-company-cost,/blog/incorporation-and-company-structures/how-to-transfer-property-into-limited-company-uk,/for/moving-property-into-a-limited-company,judgment (high),,,0,/blog/incorporation-and-company-structures/how-to-transfer-property-into-limited-company-uk,0.301,0.096,/for/moving-property-into-a-limited-company,5.087,False,False,primary,0.0,8,2079,3,incorporation-and-company-structures,35f9025c97f654a89119783fd436e7b5ec4a3a673dbf209a99634b23cb31e85b
/services/property-tax-advice,/services/property-accountant,/services/landlord-accountant,judgment (medium),/services/property-accountant,1.0,5,/services/landlord-accountant,0.132,0.022,,4.636,False,False,primary,0.024,0,258,7,,c0d1864a830df56d02bae2fd0017f714508674cab39092ade530228c8bb3137e
/blog/incorporation-and-company-structures/buy-to-let-limited-company-complete-guide-uk,/for/moving-property-into-a-limited-company,,s2_specific,,,0,/for/moving-property-into-a-limited-company,0.289,0.064,/for/moving-property-into-a-limited-company,4.178,False,False,primary,0.0,5,902,2,incorporation-and-company-structures,bb0efc05c18c227016ea102d8fb92974779897f5f3d443f5b119c86d10fc9a9f
/blog/landlord-tax-essentials/landlord-vat-registration-when-required,/for/holiday-let-and-serviced-accommodation,/services/landlord-accountant,s2_specific,,,0,/for/holiday-let-and-serviced-accommodation,0.209,0.115,/services/landlord-accountant,3.996,True,False,primary,0.0,45,5038,2,landlord-tax-essentials,28cf9c411f14d8a2b3e51442d7b6e7ec53e5e27207fcf3318533e9dfcd5853b3
/blog/capital-gains-tax/capital-gains-tax-property-complete-guide-uk,/for/selling-a-buy-to-let,,judgment (high),/for/selling-a-buy-to-let,0.4,5,/blog/capital-gains-tax/capital-gains-tax-second-home-sale,0.299,0.12,/for/selling-a-buy-to-let,3.959,True,False,primary,0.002,159,26436,2,capital-gains-tax,7fa5dd5dc9806d55ef77e09192f31451b5c90051d33d3a71db5756b020364038
/blog/capital-gains-tax/cgt-overseas-property-uk-residents-foreign-disposals,/services/property-tax-advice,,judgment (medium),,,0,/blog/capital-gains-tax/capital-gains-tax-second-home-sale,0.215,0.016,/for/selling-a-buy-to-let,3.867,False,False,primary,0.0,75,4492,5,capital-gains-tax,a6618873a7135a4a86afe5cf86bed8b0e6b63f82f39b88be4a4abde62f96c080
/blog/capital-gains-tax/cgt-calculation-selling-buy-to-let-property-step-by-step,/for/selling-a-buy-to-let,,s2_specific,,,0,/for/selling-a-buy-to-let,0.314,0.045,/for/selling-a-buy-to-let,3.723,False,False,primary,0.0,3,98,2,capital-gains-tax,fdb74e7f949bf52c884c8c2f5018d1752c28d2dbd8a963ddc3d1ca79bc705c49
/blog/making-tax-digital-mtd/best-mtd-software-landlords-2026,/for/landlord-self-assessment-and-mtd,,s2_specific,,,0,/for/landlord-self-assessment-and-mtd,0.239,0.171,/for/landlord-self-assessment-and-mtd,3.679,False,False,primary,0.0,6,428,2,making-tax-digital-mtd,9041349f99c41c0eceb8866958930d0af86d460ce93efba086bda671a8358bd3
/blog/incorporation-and-company-structures/partnership-sdlt-relief-schedule-15-fa-2003-incorporation-sum-lower-proportions,/for/portfolio-landlords-incorporating-a-partnership,/for/moving-property-into-a-limited-company,judgment (high),,,0,/for/moving-property-into-a-limited-company,0.156,0.039,/for/moving-property-into-a-limited-company,3.569,False,False,primary,0.0,0,774,2,incorporation-and-company-structures,5f3d9a9c6f7647316cc854439913ceed700a34d0961e1d4a74eede72cfec04bc
/blog/section-24-and-tax-relief/landlord-tax-deductions-uk-2026-complete-list,/services/landlord-accountant,,judgment (high),/services/property-tax-advice,1.0,1,/services/landlord-accountant,0.09,0.0,/services/property-tax-advice,3.534,False,False,primary,0.002,71,4228,3,section-24-and-tax-relief,cc0ea66b0c795566a66c0a065197338c055886e88677e9550e0fa3165174fb9d
/blog/landlord-tax-essentials/sa105-property-income-form-2026-complete-guide,/for/landlord-self-assessment-and-mtd,,judgment (medium),,,0,/for/landlord-self-assessment-and-mtd,0.132,0.045,/services/landlord-accountant,3.512,True,False,primary,0.0,291,18834,2,landlord-tax-essentials,50ce14ad64b805955ebb6a15ad3254695416b122eda4a551b483a9cf799c64c0
/blog/capital-gains-tax/cgt-gifting-property-family-members-uk,/for/gifting-property-to-family,,s2_specific,,,0,/for/gifting-property-to-family,0.32,0.191,/for/selling-a-buy-to-let,3.441,False,False,primary,0.0,0,1,4,capital-gains-tax,e1a0f46e22101a80a546be7466c9cb9b4d1c2719d3a4c4cee4add5865c07db86
/blog/landlord-tax-essentials/penalties-not-declaring-rental-income-hmrc,/for/rental-income-disclosure,,judgment (high),,,0,/for/rental-income-disclosure,0.145,0.073,/services/landlord-accountant,3.401,False,False,primary,0.0,49,3431,2,landlord-tax-essentials,38f81a515a2065839b31c586a4b7de182db5ccf4ec786e82a46c97e2583d49d1
/services/non-resident-landlord,/for/non-resident-landlords,,judgment (medium),/services/property-tax-advice,1.0,2,/for-letting-agents,0.182,0.054,,3.329,False,False,primary,0.222,0,34,2,,68048c0edabff211fba7fcc288e42b69b658faf84eaaaaa85b0ad56469e9dbd2
/blog/making-tax-digital-mtd/mtd-quarterly-reporting-landlords-step-by-step-guide,/for/landlord-self-assessment-and-mtd,,s2_specific,,,0,/for/landlord-self-assessment-and-mtd,0.266,0.217,/for/landlord-self-assessment-and-mtd,3.298,False,False,primary,0.0,2,42,2,making-tax-digital-mtd,37cdb825324fc5b9b0d3d983d47c9a5e147e85b3d7ccfc0436b011b46be8b0ad
/blog/non-resident-landlord-tax/non-resident-landlord-scheme-uk-complete-guide,/services/non-resident-landlord,,judgment (high),/services/non-resident-landlord,1.0,12,/services/non-resident-landlord,0.202,0.062,/services/non-resident-landlord,3.152,False,False,primary,0.005,48,5748,1,non-resident-landlord-tax,0a782bc170a03dbf34248f09ac228da10fda0d8e6a38812758b732aa9f59a797
/blog/capital-gains-tax/capital-gains-tax-second-home-sale,/for/selling-a-buy-to-let,,s2_specific,,,0,/for/selling-a-buy-to-let,0.24,0.139,/for/selling-a-buy-to-let,3.147,False,False,primary,0.0,14,1399,1,capital-gains-tax,b7846368f03e47000c3706c81e9425f66461b79f82802a6785c95e15e0f6dcfc
/blog/property-types-and-specialist-tax/toms-vat-serviced-accommodation,/for/holiday-let-and-serviced-accommodation,,judgment (high),,,0,/for/holiday-let-and-serviced-accommodation,0.128,0.05,/services/property-tax-advice,3.144,False,False,primary,0.0,46,1171,2,property-types-and-specialist-tax,7f1f7261799269b0aaed7491fa9730f94a99a502fb9b086471adb15a31c840b5
/blog/capital-gains-tax/gifting-property-and-deed-of-gift-tax-implications,/for/gifting-property-to-family,,s2_specific,/for/gifting-property-to-family,1.0,3,/for/gifting-property-to-family,0.352,0.223,/for/selling-a-buy-to-let,3.127,False,False,primary,0.6,0,139,1,capital-gains-tax,c59872d7d2edcfe56c6a93d6635575238c668c95a8c13a686208e83395b5f8a8
/blog/landlord-tax-essentials/inheritance-tax-rental-property-uk-guide,/for/landlord-retirement-and-succession,,s1_strong,/for/landlord-retirement-and-succession,0.868,182,/landed-estates,0.172,0.062,/services/landlord-accountant,3.068,False,False,primary,0.521,32,2489,2,landlord-tax-essentials,cf0b506db69f3ac4e39a5bca9a6574dc0bdc21234af87718c103fd114dccec3e
/blog/landlord-tax-essentials/property-business-rates-council-tax-landlords,/for/hmo-and-multi-let-landlords,,manager override,,,0,/for/hmo-and-multi-let-landlords,0.157,0.041,/services/landlord-accountant,2.991,False,False,primary,0.0,1,144,2,landlord-tax-essentials,0f6638d0a91220f91bb76e897df935762f97441d63d63996ada05beb474f229d
/blog/incorporation-and-company-structures/incorporating-property-portfolio-uk-2026,/for/moving-property-into-a-limited-company,,s2_specific,/for/moving-property-into-a-limited-company,1.0,10,/for/moving-property-into-a-limited-company,0.279,0.133,/for/moving-property-into-a-limited-company,2.913,False,False,primary,1.0,0,12,2,incorporation-and-company-structures,b849217a9d2b83a93212d0439697a7a21c07d3979d432f8017506ac1a8a73297
/locations/manchester,/services/property-accountant,/services/property-tax-advice,judgment (high),/services/property-accountant,0.611,622,/for/hmo-and-multi-let-landlords,0.18,0.054,,2.864,False,True,primary,0.662,2,1192,2,,a16751eb9354a4bac61c81b4b4cbd870b2ac3655fae9b8fa12d718b8d36f6149
/locations/birmingham,/services/property-accountant,/services/landlord-accountant,judgment (high),/services/landlord-accountant,0.558,1305,/for/hmo-and-multi-let-landlords,0.185,0.042,,2.823,False,True,primary,0.811,15,1919,2,,94dd801043ffbc64b9bd20681d4ef94cf98ddb536b70d271218302eea054e998
/blog/capital-gains-tax/cgt-inherited-rental-property-calculation-uk,/for/inherited-property,,s2_specific,,,0,/for/inherited-property,0.248,0.096,/for/selling-a-buy-to-let,2.791,False,False,primary,0.0,4,247,1,capital-gains-tax,8ba458f225ad95222101f309bd45e471befe65da13d918c38005928feb786cc1
/blog/capital-gains-tax/cgt-selling-buy-to-let-property-calculation-guide,/for/selling-a-buy-to-let,,judgment (high),,,0,/for/selling-a-buy-to-let,0.254,0.011,/for/selling-a-buy-to-let,2.749,False,False,primary,0.0,2,194,1,capital-gains-tax,c9aac8be27d74ce50c718083a9bf451afdc35a0cf7cd12afde92ed6d3cf7faf9
/blog/section-24-and-tax-relief/mortgage-arrangement-fees-deductible-landlord,/services/landlord-accountant,,judgment (medium),,,0,/services/landlord-accountant,0.134,0.033,/services/property-tax-advice,2.683,True,False,primary,0.0,297,12771,1,section-24-and-tax-relief,a7c30f4dc6f8a121d93face54ac817374bc6b267ab7dda3cc27cf2c8abf7d23e
/blog/property-accountant-services/property-accountant-edinburgh-landlord-tax-services,/services/property-accountant,,judgment (high),/services/landlord-accountant,1.0,2,/services/landlord-accountant,0.162,0.042,/services/property-accountant,2.666,False,False,primary,1.0,1,68,2,property-accountant-services,ea2ef0f0270e064cbfd30155feb3da8b6e0ceb7664215d3d4c2a0b41d7613cf1
/blog/property-accountant-services/portsmouth-property-accountant-landlord-tax-services,/for/hmo-and-multi-let-landlords,/services/property-accountant,s2_specific,,,0,/for/hmo-and-multi-let-landlords,0.276,0.146,/services/property-accountant,2.618,False,False,primary,0.0,1,76,1,property-accountant-services,2ad6bbd3787296af61b587ccb371d6d102d485d12c42c9ca5e5cbca2255298dc
/blog/section-24-and-tax-relief/claim-mortgage-interest-rental-property-uk-section-24,/services/landlord-accountant,,judgment (medium),,,0,/for/rental-income-disclosure,0.107,0.035,/services/property-tax-advice,2.558,False,False,primary,0.0,0,144,2,section-24-and-tax-relief,4d244500d1926cad1ba76f2cdd1b05ffe721da7fa85c90f49f7c3408bd9b7cd1
/blog/property-types-and-specialist-tax/farm-tax-uk-guide,/landed-estates,/services/property-tax-advice,s2_specific,,,0,/landed-estates,0.339,0.223,/services/property-tax-advice,2.555,False,False,primary,0.0,13,1739,0,property-types-and-specialist-tax,a8409f977ea736dfb0028e6141d58baec58073f84cd4ebeb410c28d0b4c574d3
/blog/incorporation-and-company-structures/property-investment-company-structure-planning,/for/property-spv-set-up,/for/moving-property-into-a-limited-company,judgment (medium),/for/moving-property-into-a-limited-company,1.0,1,/for/property-spv-set-up,0.147,0.005,/for/moving-property-into-a-limited-company,2.444,False,False,primary,0.003,10,1257,1,incorporation-and-company-structures,1d2b12a094a2024a30b6d828b68fb30e622057f590f0066ad62acfaf627f3140
/blog/property-accountant-services/how-much-does-a-property-accountant-cost,/services/property-accountant,,judgment (high),/services/landlord-accountant,0.584,281,/services/landlord-accountant,0.21,0.037,/services/property-accountant,2.417,True,False,primary,0.658,72,4869,1,property-accountant-services,c00caf517ee798d6b668e8fae083534b5bd56f1fc0ffaeb4d2b743e551851ab8
/blog/incorporation-and-company-structures/extracting-money-from-property-limited-company,/for/property-company-profit-extraction,,judgment (high),,,0,/for/property-spv-set-up,0.134,0.022,/for/moving-property-into-a-limited-company,2.384,False,False,primary,0.0,4,306,1,incorporation-and-company-structures,437505fc9280738e49d553b496cc4351d145bc65e53424a54c60cea6bc3e15ca
/blog/non-resident-landlord-tax/moving-to-australia-uk-rental-property-tax-pathway,/for/non-resident-landlords,/services/non-resident-landlord,judgment (high),,,0,/services/non-resident-landlord,0.114,0.025,/services/non-resident-landlord,2.316,False,False,primary,0.0,31,1737,1,non-resident-landlord-tax,6a67a99b440c45a04685d5b450599c71ac13d88691fd9182bcc3f3ba752f0ac8
/blog/section-24-and-tax-relief/finance-costs-section-24-complete-guide,/services/landlord-accountant,,judgment (medium),,,0,/for/landlord-self-assessment-and-mtd,0.069,0.014,/services/property-tax-advice,2.257,False,False,primary,0.0,0,2,2,section-24-and-tax-relief,353d7add7df24b4a3e3f41a868308977b4dcb93a2a51d0dbadc9234ab81ece79
/blog/incorporation-and-company-structures/spv-company-formation-cost-uk,/for/property-spv-set-up,,s2_specific,,,0,/for/property-spv-set-up,0.248,0.108,/for/moving-property-into-a-limited-company,2.197,False,False,primary,0.0,0,0,2,incorporation-and-company-structures,796363783d02b83a0debd5e8064b8bd396c1063129ea4ec71eb8d21a78e10948
/blog/landlord-tax-essentials/gift-with-reservation-of-benefit,/for/gifting-property-to-family,,judgment (high),/for/gifting-property-to-family,1.0,1,/landed-estates,0.101,0.006,/services/landlord-accountant,2.134,False,False,primary,0.009,43,2375,1,landlord-tax-essentials,b47e0d4a79009470d13f5908e85f5f5784f14439292129ba9de86d654c9d0663
/blog/incorporation-and-company-structures/section-162-incorporation-relief-property-landlords,/for/moving-property-into-a-limited-company,,s1_strong,/for/moving-property-into-a-limited-company,0.989,88,/for/moving-property-into-a-limited-company,0.311,0.11,/for/moving-property-into-a-limited-company,2.098,False,False,primary,0.44,8,770,0,incorporation-and-company-structures,fb4993495758e0ae55b9b9176991dd742f7c1aee8983ae108d459c70aef63ee5
/blog/landlord-tax-essentials/landlord-tax-changes-2026-complete-guide,/for/landlord-self-assessment-and-mtd,,judgment (medium),,,0,/for/landlord-self-assessment-and-mtd,0.189,0.096,/services/landlord-accountant,2.053,False,False,primary,0.0,0,33,1,landlord-tax-essentials,a54e95fd6ea8b32ade44fb27f23762369c378b1140c8179d83b6fd54261b91ec
/blog/capital-gains-tax/cgt-property-transfer-spouse,/for/couples-splitting-rental-income,/services/property-tax-advice,judgment (medium),,,0,/blog/incorporation-and-company-structures/how-to-transfer-property-into-limited-company-uk,0.131,0.016,/for/selling-a-buy-to-let,2.051,False,False,primary,0.0,1,115,1,capital-gains-tax,f785e368a7c7a0afda6aec435a20f1b54d6f920c0384dcb5db9bf51688c68ce9
/blog/property-types-and-specialist-tax/how-much-tax-holiday-let-property-uk,/for/holiday-let-and-serviced-accommodation,/services/property-tax-advice,s2_specific,/for/holiday-let-and-serviced-accommodation,1.0,1,/for/holiday-let-and-serviced-accommodation,0.246,0.083,/services/property-tax-advice,1.998,False,False,primary,0.0,6,3287,0,property-types-and-specialist-tax,fbe2e20732fb7559277f615e6778261c08975ccf4befc00741330587f34eb9fb
/calculators/corporation-tax-calculator,/for/moving-property-into-a-limited-company,,judgment (medium),,,0,/for/moving-property-into-a-limited-company,0.109,0.007,,1.991,False,False,primary,0.0,3,231,1,,647fad995e26d45ee47ed49327a3d587f4682a7516fab6a75f6f59172f42eaff
/blog/property-types-and-specialist-tax/how-to-avoid-inheritance-tax-on-a-farm,/landed-estates,/services/property-tax-advice,s2_specific,,,0,/landed-estates,0.372,0.276,/services/property-tax-advice,1.92,False,False,primary,0.0,2,152,0,property-types-and-specialist-tax,5a95a4da440b60be79a57fa06cd54126364d206f4b2a6e6b5c4b5364d5b88878
/blog/property-types-and-specialist-tax/artificial-separation-and-vat-key-insights-from-cases,/for/holiday-let-and-serviced-accommodation,,judgment (medium),,,0,/for/holiday-let-and-serviced-accommodation,0.095,0.043,/services/property-tax-advice,1.911,False,False,primary,0.0,1,237,1,property-types-and-specialist-tax,c661b189b5a4568ff848a788cf1e5d7b29d168e3c11059111d1edca0f16c2851
/blog/making-tax-digital-mtd/mtd-record-keeping-landlords-digital-requirements,/for/landlord-self-assessment-and-mtd,,s2_specific,,,0,/for/landlord-self-assessment-and-mtd,0.265,0.207,/for/landlord-self-assessment-and-mtd,1.902,False,False,primary,0.0,0,6,1,making-tax-digital-mtd,a849bb74f657751fdd738e8ef0190208e80c86993e78a7b9d9b17b41522880fb
/blog/incorporation-and-company-structures/spv-property-investment-special-purpose-vehicle-guide,/for/property-spv-set-up,,s2_specific,/for/property-spv-set-up,1.0,3,/for/property-spv-set-up,0.239,0.116,/for/moving-property-into-a-limited-company,1.89,False,False,primary,0.005,22,2456,0,incorporation-and-company-structures,d3ccf9d7082963048f020d1d85a8dd35e1e2b4cb50de1bbf698b6a5ff6ae655f
/blog/section-24-and-tax-relief/section-24-repeal-future-reversed,/services/property-tax-advice,,judgment (medium),,,0,/for/moving-property-into-a-limited-company,0.066,0.01,/services/property-tax-advice,1.824,False,False,primary,0.0,41,2025,1,section-24-and-tax-relief,350774d02b4cb8a5707bbefb00abec52e9815d471b9b88556cfa1822309e7d0d
/blog/property-accountant-services/property-accountant-glasgow,/services/property-accountant,,s1_strong,/services/property-accountant,1.0,73,/services/landlord-accountant,0.125,0.026,/services/property-accountant,1.822,False,False,primary,0.82,0,100,1,property-accountant-services,a86768ed2780dc363ff285d3bb875ddd10d5f92c273339cdbb783a0429bdc3e6
/blog/property-accountant-services/sunderland-property-accountant-specialist-tax-services,/services/property-accountant,,judgment (high),/locations/leeds,1.0,4,/services/landlord-accountant,0.165,0.002,/services/property-accountant,1.82,False,False,primary,1.0,1,43,1,property-accountant-services,5aaad3ae18385eea5c613aeaf0501b47f3acbcfda4fc450c00a5a7ce5ce5f344
/blog/incorporation-and-company-structures/gifting-property-to-adult-children-decision-tree-cgt-iht-occupancy-mechanics,/for/gifting-property-to-family,,s2_specific,,,0,/for/gifting-property-to-family,0.298,0.174,/for/moving-property-into-a-limited-company,1.808,False,False,primary,0.0,11,316,0,incorporation-and-company-structures,4957f30e1921f6bdc2e8027447e0ae2dcaa4a8717e50609e46857526c044a3ed
/blog/making-tax-digital-mtd/mtd-rental-income-threshold-exemptions,/for/landlord-self-assessment-and-mtd,,s2_specific,,,0,/for/landlord-self-assessment-and-mtd,0.253,0.166,/for/landlord-self-assessment-and-mtd,1.732,False,False,primary,0.0,4,893,0,making-tax-digital-mtd,6a48c63598311646745177053ac6474ea856bc39446c655c71b30f6b11936d02
/blog/making-tax-digital-mtd/making-tax-digital-property-income-2026-complete-guide,/for/landlord-self-assessment-and-mtd,,s2_specific,,,0,/for/landlord-self-assessment-and-mtd,0.291,0.231,/for/landlord-self-assessment-and-mtd,1.72,False,False,primary,0.0,2,347,0,making-tax-digital-mtd,7dd23d3613f5b7a0a6dcda755ce2e4362eaadcf1461d451f6fc1001453cb6b75
/blog/property-accountant-services/property-accountant-aberdeen-landlords-tax-services,/services/property-accountant,,judgment (high),,,0,/for/holiday-let-and-serviced-accommodation,0.154,0.006,/services/property-accountant,1.72,False,False,primary,0.0,1,8,1,property-accountant-services,582ae72721577433ca08ab04741a6f2a14d1b886c0b2154e613505699b92abba
/blog/property-accountant-services/property-accountant-leicester,/services/property-accountant,,judgment (high),,,0,/for/hmo-and-multi-let-landlords,0.174,0.061,/services/property-accountant,1.707,False,False,primary,0.0,3,273,1,property-accountant-services,78754123ea66a93db853b3767dfdb7d3ad2ed5acc872213df2e86335bbb35e9b
/blog/incorporation-and-company-structures/fic-articles-of-association-property-control-mechanics,/for/landlord-retirement-and-succession,,judgment (high),,,0,/for/moving-property-into-a-limited-company,0.096,0.001,/for/moving-property-into-a-limited-company,1.701,False,False,primary,0.0,1,134,1,incorporation-and-company-structures,e03d077b158b5e6fd4df82050506a04874c05031daf7db5663dca3687809b35c
/blog/property-accountant-services/why-cardiff-landlords-need-specialist-property-accountant-2026,/services/property-accountant,,judgment (high),,,0,/for/hmo-and-multi-let-landlords,0.129,0.008,/services/property-accountant,1.7,False,False,primary,0.0,0,66,1,property-accountant-services,3846a626e12c2853d4273ed76f344012c58537c0cc02013c4e59f9e10b7a4b3d
/blog/capital-gains-tax/cgt-on-inherited-property-uk-probate-base-cost,/for/inherited-property,,s2_specific,/for/selling-a-buy-to-let,1.0,1,/for/inherited-property,0.227,0.097,/for/selling-a-buy-to-let,1.699,False,False,primary,0.033,15,1656,0,capital-gains-tax,b352f1fa1bf75f42081b509a7f8f2e976022ebb2fe7946c433b6f0214b7a1f57
/blog/property-finance/spv-mortgages-explained,/for/property-spv-set-up,/services/property-accountant,s2_specific,,,0,/for/property-spv-set-up,0.257,0.112,/services/property-accountant,1.684,False,False,primary,0.0,7,629,0,property-finance,12c3fc9f8bbf098ba5fcc7e8a25155eacade19cf8a8f7cd83ad625e15618d535
/blog/section-24-and-tax-relief/furnished-holiday-let-tax-rules-exemptions,/for/holiday-let-and-serviced-accommodation,/services/property-tax-advice,s2_specific,,,0,/for/holiday-let-and-serviced-accommodation,0.222,0.103,/services/property-tax-advice,1.678,False,False,primary,0.0,8,1853,0,section-24-and-tax-relief,3de7d58c70fa687df35264b139334131d4db353f5dc8ed997a0ac48fc3c986c1
/blog/non-resident-landlord-tax/non-resident-landlord-self-assessment-filing-requirements,/services/non-resident-landlord,,judgment (high),/services/non-resident-landlord,0.75,4,/services/non-resident-landlord,0.211,0.047,/services/non-resident-landlord,1.667,False,False,primary,0.022,47,2253,0,non-resident-landlord-tax,df179e0e87d5f5a975bbc1786a7771ddd2a287b77200c02a1186e024273ccd1b
/blog/property-finance/capital-raising-btl-remortgage-equity-release,/services/property-tax-advice,,"judgment (low, 2 readers agree)",,,0,/for/selling-a-buy-to-let,0.08,0.005,/services/property-accountant,1.667,False,False,primary,0.0,0,46,1,property-finance,91b1909a5fd0037cf61c7743cfb533b45fd61fae2a16734c6d554a2d33c5da62
/blog/property-types-and-specialist-tax/capital-allowances-furnished-holiday-lets,/for/holiday-let-and-serviced-accommodation,/services/property-tax-advice,s2_specific,,,0,/for/holiday-let-and-serviced-accommodation,0.269,0.137,/services/property-tax-advice,1.649,False,False,primary,0.0,8,376,0,property-types-and-specialist-tax,46d571d79bbb26fe5fb113bf076b3977e40174f599e020c81858ea777914e636
/blog/landlord-tax-essentials/how-to-complete-landlord-self-assessment-filing-step-by-step-guide,/for/landlord-self-assessment-and-mtd,/services/landlord-accountant,s2_specific,,,0,/for/landlord-self-assessment-and-mtd,0.23,0.134,/services/landlord-accountant,1.639,False,False,primary,0.0,0,2,1,landlord-tax-essentials,3258fd31dc90542e4785cd5330a62edcc98d9eb6ecb6dfd76206f72bd82a545e
/blog/capital-gains-tax/cgt-payment-deadlines-property-sales-2026,/for/selling-a-buy-to-let,,judgment (high),,,0,/blog/capital-gains-tax/capital-gains-tax-second-home-sale,0.225,0.037,/for/selling-a-buy-to-let,1.616,False,False,primary,0.0,56,6015,0,capital-gains-tax,e32d8685a5b8737a52cb4351ff8d65e5c9a7f1802abc8f417a9e1a7133b8a6bf
/blog/landlord-tax-essentials/hmrc-nudge-letter-response-playbook-landlords-property-income,/for/rental-income-disclosure,,judgment (high),,,0,/for/rental-income-disclosure,0.037,0.004,/services/landlord-accountant,1.601,False,False,primary,0.0,4,282,1,landlord-tax-essentials,7e9427159cbb53779c3372479645dd6ca1684c7d72a3b4d4cbd4760dea4745c3
/blog/incorporation-and-company-structures/incorporation-cost-calculator-cgt-sdlt-implications,/for/moving-property-into-a-limited-company,,s2_specific,,,0,/for/moving-property-into-a-limited-company,0.266,0.065,/for/moving-property-into-a-limited-company,1.571,False,False,primary,0.0,0,1,1,incorporation-and-company-structures,cee038a35a068bcc935a8387a45d2931b48fab8f399fba0a5bc788398f0a8e57
/blog/property-types-and-specialist-tax/vat-property-conversions-residential-reduced-rate-opted-to-tax,/services/property-tax-advice,,judgment (medium),,,0,/blog/capital-gains-tax/capital-gains-tax-second-home-sale,0.133,0.047,/services/property-tax-advice,1.566,False,False,primary,0.0,27,1980,1,property-types-and-specialist-tax,11495c5891adb48619428d967d511b224ab537e22142781a329ef176f732d323
/blog/property-types-and-specialist-tax/hmo-tax-guide-rental-income-deductions-multi-tenant,/for/hmo-and-multi-let-landlords,,s1_strong,/for/hmo-and-multi-let-landlords,0.88,108,/for/hmo-and-multi-let-landlords,0.208,0.128,/services/property-tax-advice,1.551,False,False,primary,0.458,17,1591,0,property-types-and-specialist-tax,863233da685d7598f7747ff87da6730ef55dfbf39954c4d9ebea706b01c74883
/blog/property-types-and-specialist-tax/commercial-property-fixtures-claim-s198-election-purchase-mechanics,/services/property-tax-advice,,judgment (high),,,0,/blog/incorporation-and-company-structures/how-to-transfer-property-into-limited-company-uk,0.056,0.023,/services/property-tax-advice,1.543,False,False,primary,0.0,14,1395,1,property-types-and-specialist-tax,f635e2939c0814f57e9a5cadacb5a2e6f229105bd9ea0650dc6e961204dcb72d
/blog/section-24-and-tax-relief/tax-relief-mortgage-interest-rented-property-guide,/services/property-tax-advice,,judgment (medium),,,0,/for/selling-a-buy-to-let,0.182,0.093,/services/property-tax-advice,1.542,False,False,primary,0.0,0,32,1,section-24-and-tax-relief,f9eb9ec8e3a4f66025f3d088079a69d3a5e1ac40167afa0e4a1618a229dc263e
/blog/incorporation-and-company-structures/corporation-tax-rates-property-companies-2026-27,/for/moving-property-into-a-limited-company,,judgment (medium),,,0,/blog/incorporation-and-company-structures/how-to-transfer-property-into-limited-company-uk,0.21,0.012,/for/moving-property-into-a-limited-company,1.532,False,False,primary,0.0,19,2163,0,incorporation-and-company-structures,0e6de72c434ce35c6d7fbb84152a32142e09944648529ee7b2ac369b70927c01
/blog/non-resident-landlord-tax/nrl-scheme-letting-agents-quarterly-returns-mechanics,/for-letting-agents,/services/non-resident-landlord,judgment (high),,,0,/for-letting-agents,0.185,0.017,/services/non-resident-landlord,1.519,False,False,primary,0.0,22,3497,0,non-resident-landlord-tax,faf7a3cb8eee0373a163c9e7fb2113dcb176fe1b4780ea1b23e57eb1e69cce42
/blog/capital-gains-tax/inheriting-uk-rental-property-executors-step-by-step,/for/inherited-property,,s2_specific,,,0,/for/inherited-property,0.248,0.135,/for/selling-a-buy-to-let,1.512,False,False,primary,0.0,7,374,0,capital-gains-tax,9f99b1a706c37b9394238378f1db89dc5e8ae9b59d9bc04377fbadb052a83a52
/blog/non-resident-landlord-tax/non-resident-landlords-uk-inheritance-tax-exposure,/for/non-resident-landlords,,judgment (medium),,,0,/services/non-resident-landlord,0.182,0.047,/services/non-resident-landlord,1.497,False,False,primary,0.0,4,221,0,non-resident-landlord-tax,d39e55c0860a7ff439889004741b79f8515050f93bea97fcc033f0939f4fe7c5
/blog/landlord-tax-essentials/let-property-campaign-disclosure-mechanics-undeclared-rental-income-2026,/for/rental-income-disclosure,/services/landlord-accountant,s2_specific,,,0,/for/rental-income-disclosure,0.221,0.142,/services/landlord-accountant,1.475,False,False,primary,0.0,7,725,0,landlord-tax-essentials,57e74bff75da6a73814a61fbdcc59bdba4c84c3b5da13847e076d134c343d9a3
/blog/capital-gains-tax/cgt-selling-multiple-properties-same-year,/for/selling-a-buy-to-let,,judgment (high),,,0,/blog/capital-gains-tax/capital-gains-tax-second-home-sale,0.234,0.004,/for/selling-a-buy-to-let,1.474,False,False,primary,0.0,19,416,0,capital-gains-tax,95cad18fd24d924b0aff9f94a4baa79366f2e191ef042f8777dc5c2385a105aa
/blog/capital-gains-tax/cgt-divorce-property-transfer-tax-implications,/services/property-tax-advice,,judgment (medium),,,0,/blog/capital-gains-tax/capital-gains-tax-second-home-sale,0.109,0.009,/for/selling-a-buy-to-let,1.473,False,False,primary,0.0,1,41,1,capital-gains-tax,00aa3c4feda3bb137050d99b163fd0301296bdd7ce898104f45e2ad5a652ddd9
/blog/landlord-tax-essentials/landlord-tax-return-complete-guide-2026,/for/landlord-self-assessment-and-mtd,/services/landlord-accountant,s2_specific,,,0,/for/landlord-self-assessment-and-mtd,0.206,0.055,/services/landlord-accountant,1.465,False,False,primary,0.0,9,1129,0,landlord-tax-essentials,adf0cc89d3f35bec1f934b8ef396782ffb696f2379c794f82fd40dab37bdb342
/blog/incorporation-and-company-structures/when-does-hmrc-accept-rental-property-incorporation-business,/for/moving-property-into-a-limited-company,,s2_specific,,,0,/for/moving-property-into-a-limited-company,0.238,0.036,/for/moving-property-into-a-limited-company,1.43,False,False,primary,0.0,8,321,0,incorporation-and-company-structures,3f8678661eceb58cd836d2070e4d2c61d7e0c5ff9e97af5b8e3a8dbd0b26c5ed
/blog/capital-gains-tax/cgt-deferral-strategies-property-investors-uk,/for/selling-a-buy-to-let,/for/moving-property-into-a-limited-company,judgment (medium),,,0,/for/moving-property-into-a-limited-company,0.112,0.001,/for/selling-a-buy-to-let,1.386,False,False,primary,0.0,0,0,1,capital-gains-tax,f086a134b9a37cd2bcdcd7bcd6954c3772bd0714466804e1bfe9b704f26f96c6
/blog/capital-gains-tax/tax-sell-rental-property-uk,/for/selling-a-buy-to-let,,s2_specific,,,0,/for/selling-a-buy-to-let,0.204,0.039,/for/selling-a-buy-to-let,1.386,False,False,primary,0.0,0,0,1,capital-gains-tax,712c5485d8cd2b9f9a09a5495bf61887a9938a8d5a0dbcfb8dc660a37c0c51f8
/blog/incorporation-and-company-structures/ated-overview-companies-holding-uk-residential-property-2026-27,/services/property-tax-advice,,judgment (medium),,,0,/for/moving-property-into-a-limited-company,0.07,0.017,/for/moving-property-into-a-limited-company,1.386,False,False,primary,0.0,0,0,1,incorporation-and-company-structures,d5fb90a316d6651d28d02e5d5b937f0bc4814c2a630ca46ad32252d730581b90
/blog/incorporation-and-company-structures/director-loan-property-company,/for/property-company-profit-extraction,/services/property-accountant,judgment (medium),,,0,/for/moving-property-into-a-limited-company,0.136,0.02,/for/moving-property-into-a-limited-company,1.386,False,False,primary,0.0,0,0,1,incorporation-and-company-structures,0be7b310db2d24e54e64ca36348f27b2bcc7a0826b97d6920da5a858d5429d4e
/blog/incorporation-and-company-structures/grob-s102-family-home-shared-occupation-s102b-uk-mechanics,/for/gifting-property-to-family,,judgment (medium),,,0,/for/gifting-property-to-family,0.107,0.015,/for/moving-property-into-a-limited-company,1.386,False,False,primary,0.0,0,0,1,incorporation-and-company-structures,2b8c56e263d7d6845a1dde58af4fd161c2b4deca14301ed7c953eef0ebcff316
/blog/incorporation-and-company-structures/incorporation-case-study-5-property-portfolio-analysis,/for/moving-property-into-a-limited-company,,judgment (high),,,0,/for/moving-property-into-a-limited-company,0.179,0.007,/for/moving-property-into-a-limited-company,1.386,False,False,primary,0.0,0,0,1,incorporation-and-company-structures,bea89c80b2f44b203ac2fb2db457f363aa424e10344ef1a10507b85a106816bc
/blog/landlord-tax-essentials/end-tax-year-checklist-landlords-april-2026,/services/property-tax-advice,,judgment (medium),,,0,/for/landlord-self-assessment-and-mtd,0.148,0.098,/services/landlord-accountant,1.386,False,False,primary,0.0,0,0,1,landlord-tax-essentials,d2bfb634e1920159eeaf4d197a0402b7a320fd1192036d2ceec78987f21489dd
/blog/non-resident-landlord-tax/non-resident-cgt-selling-uk-property-overseas-guide,/services/non-resident-landlord,,judgment (high),,,0,/services/non-resident-landlord,0.232,0.024,/services/non-resident-landlord,1.386,False,False,primary,0.0,0,0,1,non-resident-landlord-tax,56255d8017890edda2a9de3f1c53b2c18670c5f08963c01e6ce9fe79c608e555
/blog/section-24-and-tax-relief/section-24-pension-contributions-tax-planning,/services/property-tax-advice,,judgment (high),,,0,/for/landlord-self-assessment-and-mtd,0.121,0.03,/services/property-tax-advice,1.386,False,False,primary,0.0,0,0,1,section-24-and-tax-relief,aba05b27e115d602b8813a116033fb70903cd1c39081fcc1755b453787606223
/calculators/cost-of-selling-calculator,/for/selling-a-buy-to-let,,judgment (medium),,,0,/blog/capital-gains-tax/capital-gains-tax-second-home-sale,0.24,0.073,,1.355,False,False,primary,0.0,8,3254,0,,94ecbf6cbe8e34276aed1b969f12381471bbceb0186891df024508cf39101ae8
/blog/property-accountant-services/property-accountant-oxford-guide-local-landlords,/for/hmo-and-multi-let-landlords,/services/property-accountant,s2_specific,/services/landlord-accountant,1.0,6,/for/hmo-and-multi-let-landlords,0.256,0.105,/services/property-accountant,1.347,False,False,primary,0.043,0,191,0,property-accountant-services,01a5fc1417cb2e689ab39739edbc5487808226911f3eaf00b8ca5273d50a30e6
/blog/incorporation-and-company-structures/gifting-property-to-minor-children-bare-trust-mechanics-tax-traps,/for/gifting-property-to-family,,s2_specific,,,0,/for/gifting-property-to-family,0.258,0.136,/for/moving-property-into-a-limited-company,1.331,False,False,primary,0.0,2,152,0,incorporation-and-company-structures,a71380d969d4e4000aef0f1b1a0a703865bb7cefcaa8a6532028a4cc34bd9c3e
/blog/property-types-and-specialist-tax/hmo-vs-standard-buy-to-let-tax-comparison,/for/hmo-and-multi-let-landlords,,s1_strong,/for/hmo-and-multi-let-landlords,1.0,21,/for/hmo-and-multi-let-landlords,0.197,0.058,/services/property-tax-advice,1.317,False,False,primary,0.167,5,743,0,property-types-and-specialist-tax,134a6aa3b52455861f996f5d1264679f04994ca681e581ab727635a4b286bb34
/blog/capital-gains-tax/ppr-relief-calculation-former-home-step-by-step,/for/selling-a-buy-to-let,,judgment (medium),,,0,/for/selling-a-buy-to-let,0.17,0.008,/for/selling-a-buy-to-let,1.312,False,False,primary,0.0,26,2015,0,capital-gains-tax,4cabdaf137d4f2f561a3e0b0f90b59afd28db892d2bfc5af2bd7427f785d13a5
/blog/landlord-tax-essentials/iht-gifts-with-reservation-of-benefit-property,/for/gifting-property-to-family,,judgment (high),/for/gifting-property-to-family,1.0,1,/for/gifting-property-to-family,0.161,0.066,/services/landlord-accountant,1.301,False,False,primary,0.005,43,2787,0,landlord-tax-essentials,991612ccff7b911c28d8037254ff65d44a4a7b8b6549197e89fd921c01372ab1
/blog/property-types-and-specialist-tax/hmo-licensing-fees-tax-deductible-uk-landlords,/for/hmo-and-multi-let-landlords,,judgment (high),,,0,/for/hmo-and-multi-let-landlords,0.177,0.054,/services/property-tax-advice,1.296,False,False,primary,0.0,20,1292,0,property-types-and-specialist-tax,e08fd6d9c2f5856e31790b2267db5410c15743070d8c336e2e4c2b11becfd870
/blog/incorporation-and-company-structures/charging-market-rent-to-own-property-company-tax-treatment,/for/property-company-profit-extraction,,judgment (high),,,0,/for/property-spv-set-up,0.177,0.035,/for/moving-property-into-a-limited-company,1.291,False,False,primary,0.0,9,1021,0,incorporation-and-company-structures,8ac1c6b38ecfa23f907e463c34a38530bbe3e21e844237adbd83f0f215b371bf
/blog/landlord-tax-essentials/landlord-tax-calendar-2026-27-key-dates,/for/landlord-self-assessment-and-mtd,,judgment (medium),,,0,/for/landlord-self-assessment-and-mtd,0.18,0.056,/services/landlord-accountant,1.291,False,False,primary,0.0,16,1128,0,landlord-tax-essentials,7259251bf250b5ac13b82dfee118d587fe14725f0bf49daae13f49c6efda82f0
/blog/incorporation-and-company-structures/sdlt-incorporation-stamp-duty-twice,/for/moving-property-into-a-limited-company,,s1_strong,/for/moving-property-into-a-limited-company,1.0,31,/blog/incorporation-and-company-structures/how-to-transfer-property-into-limited-company-uk,0.254,0.065,/for/moving-property-into-a-limited-company,1.287,False,False,primary,0.109,13,775,0,incorporation-and-company-structures,3c7178528b8afe0719fadc8894b0de84375062b2d941f5faf099720e2b048de5
/blog/landlord-tax-essentials/agricultural-relief-for-inheritance-tax-key-benefits,/landed-estates,/services/landlord-accountant,s2_specific,,,0,/landed-estates,0.32,0.241,/services/landlord-accountant,1.286,False,False,primary,0.0,1,45,0,landlord-tax-essentials,047a42283f76d2f1bd3c8c559a27eeb68aaad79ec7644df65af9d4ae8ad76cc7
/blog/property-types-and-specialist-tax/inheritance-tax-on-farms,/landed-estates,/services/property-tax-advice,s2_specific,,,0,/landed-estates,0.247,0.123,/services/property-tax-advice,1.282,False,False,primary,0.0,2,160,0,property-types-and-specialist-tax,1577108dae3d57cbe096e88505aee46698bf9b56c65c1e3c75a9a8dbc110b215
/blog/property-finance/sic-code-for-an-spv-property-company,/for/property-spv-set-up,/services/property-accountant,s2_specific,,,0,/for/property-spv-set-up,0.233,0.093,/services/property-accountant,1.255,False,False,primary,0.0,2,197,0,property-finance,d3b5faab2989bbd2dd2256ce9fcb1436524011299ad1f954fa098cdbd6c295f7
/making-tax-digital-landlords,/for/landlord-self-assessment-and-mtd,,judgment (high),,,0,/for/landlord-self-assessment-and-mtd,0.227,0.166,,1.245,False,False,primary,0.0,0,238,0,,17b4a0670a2517546b151b7388bc159443bec0c4e63c92ab94c2ce28cf355c9d
/blog/making-tax-digital-mtd/mtd-software-landlords-free-vs-paid-options-compared,/for/landlord-self-assessment-and-mtd,,judgment (high),,,0,/for/landlord-self-assessment-and-mtd,0.181,0.129,/for/landlord-self-assessment-and-mtd,1.229,False,False,primary,0.0,3,865,0,making-tax-digital-mtd,937099cd8cf312927f5decfed68e66f60e78d6e9db5dac0a7f83bbecdfa0fd59
/blog/property-accountant-services/coventry-property-accountant,/for/hmo-and-multi-let-landlords,/services/property-accountant,s2_specific,/services/property-accountant,0.875,16,/for/hmo-and-multi-let-landlords,0.244,0.069,/services/property-accountant,1.217,False,False,primary,0.889,2,126,0,property-accountant-services,1591f9ad6274a2eb6662fccf03c7397b44013f5feba797f7f640e0158560ecf1
/blog/incorporation-and-company-structures/buy-to-let-limited-company-mortgage-rates-2026-market-guide,/for/property-spv-set-up,,s2_specific,,,0,/for/property-spv-set-up,0.222,0.097,/for/moving-property-into-a-limited-company,1.172,False,False,primary,0.0,0,197,0,incorporation-and-company-structures,a23bd85f342a741c0011e752424f58e43bc035719c860ef961216e43d67ec88c
/blog/incorporation-and-company-structures/transfer-property-to-limited-company-conveyancing,/blog/incorporation-and-company-structures/how-to-transfer-property-into-limited-company-uk,/for/moving-property-into-a-limited-company,judgment (high),/blog/incorporation-and-company-structures/how-to-transfer-property-into-limited-company-uk,0.9,10,/blog/incorporation-and-company-structures/how-to-transfer-property-into-limited-company-uk,0.301,0.162,/for/moving-property-into-a-limited-company,1.172,False,False,primary,0.625,0,48,0,incorporation-and-company-structures,5323cdf717d90ab9b18f51f329b142bfd37469e64693a6f48c687291b7283186
/blog/making-tax-digital-mtd/heres-how-you-can-exit-mtd-if-your-income-falls,/for/landlord-self-assessment-and-mtd,,s2_specific,,,0,/for/landlord-self-assessment-and-mtd,0.242,0.205,/for/landlord-self-assessment-and-mtd,1.171,False,False,primary,0.0,2,105,0,making-tax-digital-mtd,5c6cb146fdad94f30794ba5f6084e11d3b02d42088ea02e3268f25b7aa5522be
/calculators/bpr-apr-allowance-calculator,/landed-estates,,judgment (high),,,0,/landed-estates,0.261,0.17,,1.145,False,False,primary,0.0,2,59,0,,d987e2839429df6be1c9b0f2410c6f7c766278bdc0a4aa8b2deb3f517c851c73
/blog/property-types-and-specialist-tax/vat-on-furnished-holiday-lettings-fhl,/for/holiday-let-and-serviced-accommodation,/services/property-tax-advice,s2_specific,,,0,/for/holiday-let-and-serviced-accommodation,0.254,0.186,/services/property-tax-advice,1.144,False,False,primary,0.0,0,89,0,property-types-and-specialist-tax,e0c1b19c2869ad5baac0897053b83767de68a058d247f405fcda412d426176cc
/blog/capital-gains-tax/estate-agent-fees-for-renting,/for-letting-agents,,s2_specific,,,0,/for-letting-agents,0.206,0.058,/for/selling-a-buy-to-let,1.129,False,False,primary,0.0,0,237,0,capital-gains-tax,a5ccda950b35d272316784ceff1fc87c04ce9c46162fe37a6106ce7d3568bc37
/blog/landlord-tax-essentials/let-property-campaign-formal-disclosure-route-landlords-undisclosed-rental,/for/rental-income-disclosure,/services/landlord-accountant,s2_specific,,,0,/for/rental-income-disclosure,0.291,0.15,/services/landlord-accountant,1.108,False,False,primary,0.0,0,44,0,landlord-tax-essentials,3ba7dc5f6643bd9092d07c59a14e1b7f890df27f24d4791c5c7114eacfa3f7aa
/blog/making-tax-digital-mtd/mtd-itsa-agent-services-account-asa-authorisation-walkthrough,/for/landlord-self-assessment-and-mtd,,s2_specific,,,0,/for/landlord-self-assessment-and-mtd,0.239,0.081,/for/landlord-self-assessment-and-mtd,1.079,False,False,primary,0.0,0,90,0,making-tax-digital-mtd,846581cda1f3586d5bdbfbe187b2210bef06cff7c2fe7770fdee160dfeefb729
/calculators/capital-gains-tax-calculator,/for/selling-a-buy-to-let,,judgment (medium),,,0,/blog/capital-gains-tax/capital-gains-tax-second-home-sale,0.27,0.066,,1.058,False,False,primary,0.0,0,178,0,,f5e217bc6b398ab6913982c4bcd862aca451a40059e6122cff3b9c5dbd5456ef
/blog/property-types-and-specialist-tax/holiday-let-tax-calculator-fhl-changes,/for/holiday-let-and-serviced-accommodation,/services/property-tax-advice,s2_specific,,,0,/for/holiday-let-and-serviced-accommodation,0.203,0.064,/services/property-tax-advice,1.041,False,False,primary,0.0,0,169,0,property-types-and-specialist-tax,ed26c5ef35cf35a3ff75d81fc89d4a30910f19f4cd94469012a6f19b91d5a2e4
/blog/capital-gains-tax/selling-a-house-at-auction-uk,/for/selling-a-buy-to-let,,judgment (medium),,,0,/for/selling-a-buy-to-let,0.201,0.011,/for/selling-a-buy-to-let,1.037,False,False,primary,0.0,0,174,0,capital-gains-tax,e46d5aa58824ee32bd0998eff6c4245e6802eb7963ed2df662e9d8827aed0db6
/blog/incorporation-and-company-structures/incorporation-timing-when-to-incorporate-property-portfolio,/for/moving-property-into-a-limited-company,,s1_strong,/for/moving-property-into-a-limited-company,0.96,25,/for/moving-property-into-a-limited-company,0.287,0.149,/for/moving-property-into-a-limited-company,1.03,False,False,primary,0.806,0,35,0,incorporation-and-company-structures,6b963f79be6dfb041459b6ec9d55b4c4ff89c6544b6206f44433a5ba79844a59
/blog/property-accountant-services/property-accountant-warrington-landlord-services-2026,/for/landlord-self-assessment-and-mtd,/services/property-accountant,s2_specific,,,0,/for/landlord-self-assessment-and-mtd,0.229,0.034,/services/property-accountant,1.025,False,False,primary,0.0,0,87,0,property-accountant-services,f1cfff86a74ef11d45fa5c7fafac131dff68b828b6ee3721a8b308151b8ebdcf
/blog/property-finance/holiday-let-mortgages,/for/holiday-let-and-serviced-accommodation,,judgment (medium),,,0,/for/holiday-let-and-serviced-accommodation,0.196,0.108,/services/property-accountant,1.007,False,False,primary,0.0,0,168,0,property-finance,72116e08a367234f584de3e51c6580d486e2405aaf4740e740829996056f9791
/blog/landlord-tax-essentials/a-complete-guide-to-hmrcs-digital-disclosure-service,/for/rental-income-disclosure,,judgment (high),,,0,/for/rental-income-disclosure,0.179,0.089,/services/landlord-accountant,1.006,False,False,primary,0.0,2,257,0,landlord-tax-essentials,e2628d962889e18f90ceafeb7441b1a478f09aa3d76d97f3540ad0c3c8fa8513
/blog/making-tax-digital-mtd/landlord-accounting-software-uk-best-options-2026,/for/landlord-self-assessment-and-mtd,,judgment (medium),,,0,/for/landlord-self-assessment-and-mtd,0.142,0.004,/for/landlord-self-assessment-and-mtd,1.003,False,False,primary,0.0,7,1082,0,making-tax-digital-mtd,be1e43e354696e5540c34f9b31696c1f5eaa8a3409e879e57d07c2465dd046d9
/blog/capital-gains-tax/temporary-non-residence-5-year-cgt-recapture-property,/services/non-resident-landlord,,judgment (high),,,0,/services/non-resident-landlord,0.215,0.114,/for/selling-a-buy-to-let,1.002,False,False,primary,0.0,2,85,0,capital-gains-tax,a81acf5d7e8c2551a01b8e4b1b8d085aaf3754bc1f0b1bfb7619ed410de8522c
/blog/property-finance/buy-to-let-mortgage-lenders,/for/property-spv-set-up,,"judgment (low, 2 readers agree)",,,0,/for/property-spv-set-up,0.179,0.069,/services/property-accountant,1.0,False,False,primary,0.0,0,265,0,property-finance,90cd51f8e3086541342bdffe96059e65f47a0068a248871d63652d8637d46d90
/blog/incorporation-and-company-structures/transferring-fhl-portfolio-to-limited-company,/for/moving-property-into-a-limited-company,/for/holiday-let-and-serviced-accommodation,judgment (high),,,0,/blog/incorporation-and-company-structures/how-to-transfer-property-into-limited-company-uk,0.292,0.076,/for/moving-property-into-a-limited-company,0.994,False,False,primary,0.0,3,69,0,incorporation-and-company-structures,b452ae46c7de0b0bafd56f45858ceaad679f3250e0ad13c64f2db9a7f6b1c848
/blog/property-finance/buy-to-let-mortgage-rates,/for/property-spv-set-up,,"judgment (low, 2 readers agree)",,,0,/for/property-spv-set-up,0.154,0.03,/services/property-accountant,0.988,False,False,primary,0.0,0,602,0,property-finance,a030ad5c652705b8c20ba540db1769ea84328a72b6c7bd7070eaaea6830c931a
/blog/property-types-and-specialist-tax/selling-house-below-market-value,/for/gifting-property-to-family,,judgment (high),,,0,/for/gifting-property-to-family,0.142,0.021,/services/property-tax-advice,0.973,False,False,primary,0.0,6,881,0,property-types-and-specialist-tax,dcb04a1e85170437c5141a797367c7e039e23689ce981e676cd00cf128b2530f
/blog/non-resident-landlord-tax/double-taxation-agreement-uk-and-isle-of-man,/services/non-resident-landlord,,judgment (high),,,0,/services/non-resident-landlord,0.131,0.068,/services/non-resident-landlord,0.972,False,False,primary,0.0,33,1336,0,non-resident-landlord-tax,94b32de3e6dd1df5a83e28ee3da71c408ca6f02fa240c6739f77e0f82cb44ecf
/blog/incorporation-and-company-structures/property-spv-employer-pension-contributions-wholly-and-exclusively-test-mechanics,/for/property-company-profit-extraction,,judgment (high),,,0,/for/property-spv-set-up,0.139,0.07,/for/moving-property-into-a-limited-company,0.971,False,False,primary,0.0,10,651,0,incorporation-and-company-structures,cecaf1ad71087ad4ea970667187bdbfbb99aaff011577cc5003d462dc157f920
/blog/making-tax-digital-mtd/mtd-quarterly-deadlines-2026-2027-landlords,/for/landlord-self-assessment-and-mtd,,s2_specific,,,0,/for/landlord-self-assessment-and-mtd,0.245,0.148,/for/landlord-self-assessment-and-mtd,0.963,False,False,primary,0.0,1,40,0,making-tax-digital-mtd,48d1359b98455e1ce90a8af419b3e4cd963e7633b673e1cb88e7ab664ca3e685
/blog/non-resident-landlord-tax/returning-to-uk-after-non-residence-property-portfolio,/for/non-resident-landlords,,judgment (high),,,0,/services/non-resident-landlord,0.137,0.077,/services/non-resident-landlord,0.962,False,False,primary,0.0,9,159,0,non-resident-landlord-tax,c04c34103a88ccf678783c3e09133f14462aaa82f56a1a36a62d3eef3cdb321c
/blog/landlord-tax-essentials/business-property-relief-rental-property-iht,/for/landlord-retirement-and-succession,,judgment (high),,,0,/for/landlord-retirement-and-succession,0.17,0.005,/services/landlord-accountant,0.957,False,False,primary,0.0,2,253,0,landlord-tax-essentials,630bf770bd2f53b38c24de4672b8345fbd84aa469e72b7d92796f9f616bc919d
/for/non-resident-landlords,/services/non-resident-landlord,,judgment (high),/services/property-tax-advice,0.75,4,/services/non-resident-landlord,0.245,0.084,,0.952,False,False,primary,0.19,1,38,0,,3d628b71615bf5f75210d04fa2dd9fe3e27f6d198ca7a4085ba6bfcbf7dd81bf
/blog/property-types-and-specialist-tax/a-complete-guide-to-stamp-duty-relief-for-probate-properties,/for/inherited-property,,judgment (high),,,0,/for/inherited-property,0.178,0.05,/services/property-tax-advice,0.951,False,False,primary,0.0,3,180,0,property-types-and-specialist-tax,2da77c659f50eba1f4f67d2d3ba082e39b0b679f1a6406932eb82bfd42ad675b
/blog/property-accountant-services/property-accountant-bath-expert-tax-services-local-landlords,/for/landlord-self-assessment-and-mtd,/services/property-accountant,s2_specific,,,0,/for/landlord-self-assessment-and-mtd,0.209,0.062,/services/property-accountant,0.946,False,False,primary,0.0,0,91,0,property-accountant-services,943899d7909b9c718af23c8e788ebdbfa3b29f03961dbdb16d8e8101f778d724
/blog/property-finance/hmo-mortgages,/for/hmo-and-multi-let-landlords,/services/property-accountant,s2_specific,,,0,/for/hmo-and-multi-let-landlords,0.21,0.109,/services/property-accountant,0.944,False,False,primary,0.0,0,88,0,property-finance,6bde46371c237a6bd0e3c9689987d7ff0600e6bb1757ea5902f9e965fb500108
/blog/property-accountant-services/why-southampton-landlords-need-property-accountant,/for/hmo-and-multi-let-landlords,/services/property-accountant,s2_specific,,,0,/for/hmo-and-multi-let-landlords,0.219,0.088,/services/property-accountant,0.928,False,False,primary,0.0,0,68,0,property-accountant-services,c945fd3fbc1450a6e8855d240f1a689002ba5c41f82f8b4b6015b975f9147d38
/blog/capital-gains-tax/capital-gains-tax-property-sale-uk-2026-rates-allowances,/for/selling-a-buy-to-let,,judgment (high),,,0,/blog/capital-gains-tax/capital-gains-tax-second-home-sale,0.202,0.028,/for/selling-a-buy-to-let,0.918,False,False,primary,0.0,2,180,0,capital-gains-tax,dd8aae67af561190dbd95e3e338177213f3a72508675c29e4cfce62c5da6b2e6
/blog/capital-gains-tax/cgt-property-2027-rate-changes-uk-landlords,/for/selling-a-buy-to-let,,judgment (medium),,,0,/blog/capital-gains-tax/capital-gains-tax-second-home-sale,0.133,0.017,/for/selling-a-buy-to-let,0.912,False,False,primary,0.0,37,2091,0,capital-gains-tax,7ff086f6f056bb8373a69433b540feddffc2b1a5d09b31d3ce0f15e567d92aba
/blog/landlord-tax-essentials/know-about-let-property-campaign,/for/rental-income-disclosure,/services/landlord-accountant,s2_specific,,,0,/for/rental-income-disclosure,0.233,0.147,/services/landlord-accountant,0.905,False,False,primary,0.0,0,48,0,landlord-tax-essentials,3d05091de7ee755e236104a8d1970529944c65c9cdf108b233923ee9ca768541
/blog/incorporation-and-company-structures/family-investment-company-property-worth-it,/for/landlord-retirement-and-succession,,judgment (high),,,0,/for/landlord-retirement-and-succession,0.195,0.021,/for/moving-property-into-a-limited-company,0.892,False,False,primary,0.0,0,96,0,incorporation-and-company-structures,bc53cda59d2e4d2b870003fc604f42119773eeae93ecf28f4c09534cbec5f084
/blog/property-finance/first-time-landlord-mortgage,/for/first-time-and-accidental-landlords,,judgment (medium),,,0,/services/landlord-accountant,0.085,0.008,/services/property-accountant,0.887,False,False,primary,0.0,0,189,0,property-finance,ef29a8ab95143f8b648197d843f2aeaab4b92b7e9f16bc8c7cf3380afe493955
/blog/property-types-and-specialist-tax/end-of-the-furnished-holiday-letting-regime,/for/holiday-let-and-serviced-accommodation,,judgment (high),,,0,/for/holiday-let-and-serviced-accommodation,0.176,0.105,/services/property-tax-advice,0.879,False,False,primary,0.0,2,126,0,property-types-and-specialist-tax,0c241f26d1e29b1bff3333093f14d3ab1234e423c09bb93d869d3711207aad50
/blog/landlord-tax-essentials/benefits-of-participating-in-the-let-property-campaign,/for/rental-income-disclosure,/services/landlord-accountant,s2_specific,,,0,/for/rental-income-disclosure,0.221,0.139,/services/landlord-accountant,0.877,False,False,primary,0.0,2,32,0,landlord-tax-essentials,0439faabc9aae5e7545b519edfd4e15f5fd50794ce65fd17fa333cacec79b3a1
/blog/property-finance/spv-mortgage-no-income-newly-formed,/for/property-spv-set-up,,judgment (high),,,0,/for/property-spv-set-up,0.184,0.108,/services/property-accountant,0.876,False,False,primary,0.0,1,105,0,property-finance,43e5388b096e19a983e85ef589dab5859fd0cf88fc2d5c4483330a4c85ec9a42
/blog/non-resident-landlord-tax/nrl-approval-receive-rent-gross-hmrc-guide,/services/non-resident-landlord,,judgment (high),,,0,/services/non-resident-landlord,0.149,0.039,/services/non-resident-landlord,0.871,False,False,primary,0.0,1,330,0,non-resident-landlord-tax,48c0a621f47ffa91427d2dee73287d84de07667aed0cb08074ebaa9987a8ef43
/blog/section-24-and-tax-relief/unequal-rental-income-split-spouses-tax-planning-form-17-vs-default-50-50-decision,/for/couples-splitting-rental-income,,judgment (high),,,0,/locations/bristol,0.084,0.01,/services/property-tax-advice,0.87,False,False,primary,0.0,1,64,0,section-24-and-tax-relief,3726274b1c04439c4347f9c80a6f10511a1f1dc8d9d801a1827b5742741807e6
/blog/making-tax-digital-mtd/mtd-itsa-foreign-property-income-quarterly-reporting-rules,/for/landlord-self-assessment-and-mtd,,judgment (high),,,0,/for/landlord-self-assessment-and-mtd,0.147,0.036,/for/landlord-self-assessment-and-mtd,0.869,False,False,primary,0.0,6,316,0,making-tax-digital-mtd,1f40edab31a41042ce0b3b27f592ff09eeff740945a950c2a7c038ccee7aed0c
/blog/property-accountant-services/accounting-services-for-property-owners,/services/property-accountant,,s1_strong,/services/property-accountant,0.97,33,/for-letting-agents,0.212,0.013,/services/property-accountant,0.865,False,False,primary,0.717,0,85,0,property-accountant-services,d2109153e772f6e42512964f7b3aaa446b7cc6147277dfecb3db920d479ef6e6
/blog/property-types-and-specialist-tax/vat-toms-long-term-stays-hotel-aparthotel-28-day-rule-mechanics,/for/holiday-let-and-serviced-accommodation,,judgment (medium),,,0,/for/holiday-let-and-serviced-accommodation,0.123,0.088,/services/property-tax-advice,0.841,False,False,primary,0.0,5,889,0,property-types-and-specialist-tax,e97dd0a3f3ff8f907ef60ded6a836d957bd75df8fa785b455ccd46ae1d319da0
/blog/capital-gains-tax/cgt-annual-exempt-amount-3000-allowance-2026-27,/for/selling-a-buy-to-let,,judgment (medium),,,0,/blog/capital-gains-tax/capital-gains-tax-second-home-sale,0.252,0.076,/for/selling-a-buy-to-let,0.835,False,False,primary,0.0,0,116,0,capital-gains-tax,dd84fa762aec4b534fb2021250f463c8c616583be0bd2937bdfea24fcdf61c5e
/blog/making-tax-digital-mtd/mtd-itsa-jointly-owned-property-threshold-split,/for/landlord-self-assessment-and-mtd,/for/couples-splitting-rental-income,judgment (high),,,0,/for/landlord-self-assessment-and-mtd,0.199,0.143,/for/landlord-self-assessment-and-mtd,0.834,False,False,primary,0.0,0,65,0,making-tax-digital-mtd,93963effaa33cdfb97f149d0e4b445e7e9b6cf97e87e25fee5c27320bc8ba51c
/blog/making-tax-digital-mtd/mtd-itsa-qualifying-income-test-gross-vs-net,/for/landlord-self-assessment-and-mtd,,s2_specific,,,0,/for/landlord-self-assessment-and-mtd,0.229,0.17,/for/landlord-self-assessment-and-mtd,0.833,False,False,primary,0.0,0,37,0,making-tax-digital-mtd,eee1749c608c73e3fab8776a9c5d4308d91071b470aa86c6e12e28e804cab4e6
/blog/property-finance/bridging-finance-for-hmo-conversions,/for/hmo-and-multi-let-landlords,,judgment (medium),,,0,/for/hmo-and-multi-let-landlords,0.197,0.096,/services/property-accountant,0.833,False,False,primary,0.0,1,57,0,property-finance,ae99c0f7b0e274cdf826244ff7f3063f46865432709eca13a0742e62e410552c
/blog/incorporation-and-company-structures/incorporation-holdover-relief-property,/for/moving-property-into-a-limited-company,,s2_specific,,,0,/for/moving-property-into-a-limited-company,0.227,0.056,/for/moving-property-into-a-limited-company,0.83,False,False,primary,0.0,0,38,0,incorporation-and-company-structures,b6b9c6ef6df965fc0e88db9a1745c6bb1596e5a762faf855c7d29b98ec04eb0d
/blog/incorporation-and-company-structures/partnership-partnership-agreement-roles-types-benefits,/for/portfolio-landlords-incorporating-a-partnership,,manager override,,,0,/for/moving-property-into-a-limited-company,0.158,0.087,/for/moving-property-into-a-limited-company,0.817,False,False,primary,0.0,0,31,0,incorporation-and-company-structures,f275bceb78e4a545d11e20c2f73b3ccbc94cf4ec36eede93d652615ba5fc20f1
/blog/property-types-and-specialist-tax/government-to-end-council-tax-on-hmo-rooms,/for/hmo-and-multi-let-landlords,,judgment (medium),,,0,/for/hmo-and-multi-let-landlords,0.135,0.077,/services/property-tax-advice,0.814,False,False,primary,0.0,2,385,0,property-types-and-specialist-tax,811cc1e51494bc118cb6b6016e3f53bb4589f7a0511597918ac53c05571bd33c
/blog/incorporation-and-company-structures/extraction-while-incorporating-phase-2-acquisition-funded-by-personal-funds,/for/moving-property-into-a-limited-company,,judgment (medium),/for/moving-property-into-a-limited-company,0.5,2,/for/property-spv-set-up,0.163,0.05,/for/moving-property-into-a-limited-company,0.813,False,False,primary,0.133,1,1353,0,incorporation-and-company-structures,b064f35084fd17ee1c76b456d8ccd207a66e1f67849535d3ad16af0d82e222d3
/blog/non-resident-landlord-tax/dta-tie-breaker-test-dual-residence-property-owners,/services/non-resident-landlord,,judgment (high),,,0,/services/non-resident-landlord,0.107,0.056,/services/non-resident-landlord,0.801,False,False,primary,0.0,22,1549,0,non-resident-landlord-tax,2d6fe2cc15f08aea300f825e149efcbf94b6872ee57745a29ab32e41ee2ca1c2
/blog/incorporation-and-company-structures/tax-efficient-property-investment-structure-guide,/for/moving-property-into-a-limited-company,/services/property-tax-advice,judgment (medium),,,0,/for/moving-property-into-a-limited-company,0.156,0.001,/for/moving-property-into-a-limited-company,0.792,False,False,primary,0.0,0,160,0,incorporation-and-company-structures,0ce19df091ae321959b099c62863faf4cf611458313db7f937732081db3794fa
/blog/property-finance/expat-non-resident-landlord-mortgages,/services/non-resident-landlord,,judgment (high),,,0,/services/non-resident-landlord,0.158,0.034,/services/property-accountant,0.788,False,False,primary,0.0,2,123,0,property-finance,01e80a385262441fb439c238ed1fbb181d38471137f00f83394422e6a4a1653e
/blog/property-accountant-services/property-accountant-nottingham-landlords,/for/hmo-and-multi-let-landlords,/services/property-accountant,s2_specific,/services/landlord-accountant,1.0,19,/for/hmo-and-multi-let-landlords,0.204,0.101,/services/property-accountant,0.787,False,False,primary,0.442,0,46,0,property-accountant-services,bba083e97c812421c0a93ae2d362de0af879f834cf581c40464b5db2cfe1e821
/blog/incorporation-and-company-structures/settlor-interested-trust-iht-s49-1a-cgt-s169b-property-attribution-rules,/for/landlord-retirement-and-succession,,judgment (medium),,,0,/for/landlord-retirement-and-succession,0.102,0.024,/for/moving-property-into-a-limited-company,0.775,False,False,primary,0.0,23,1731,0,incorporation-and-company-structures,ffb945039b5a80a1ccf12ca7387d6b7eddfe5ccc07b3241bd187538fb1f9c249
/calculators/incorporation-cost-calculator,/for/moving-property-into-a-limited-company,,judgment (high),,,0,/for/moving-property-into-a-limited-company,0.224,0.027,,0.775,True,False,primary,0.0,1,21,0,,3bd272d318e0c386286b7b7bc6b943b656c0ac0b35cba357590a0ed345a507e5
/blog/incorporation-and-company-structures/mvl-members-voluntary-liquidation-property-company-cgt-vs-income-treatment,/for/property-company-profit-extraction,/services/property-tax-advice,judgment (medium),,,0,/for/property-spv-set-up,0.101,0.028,/for/moving-property-into-a-limited-company,0.77,False,False,primary,0.0,1,59,0,incorporation-and-company-structures,713275a19cb2cde82108ef12e851da3e5eb686e4a684cea301b7c3e0334529f7
/blog/section-24-and-tax-relief/section-24-self-assessment-tax-return,/for/landlord-self-assessment-and-mtd,/services/landlord-accountant,judgment (medium),,,0,/for/landlord-self-assessment-and-mtd,0.176,0.099,/services/property-tax-advice,0.77,False,False,primary,0.0,1,68,0,section-24-and-tax-relief,beaab50bc8117c2def2913997680cf7725e36165db59b4ca4c1f9efbfda36d4e
/blog/landlord-tax-essentials/unmarried-co-owners-property-tax-rental-income-split-actual-beneficial-share,/for/couples-splitting-rental-income,,judgment (medium),,,0,/blog/incorporation-and-company-structures/how-to-transfer-property-into-limited-company-uk,0.083,0.01,/services/landlord-accountant,0.762,False,False,primary,0.0,4,253,0,landlord-tax-essentials,1b9b8a3aedd2b0d3ef1a11fba3d97212efb21c25c421f08cd33ff458427a11f7
/blog/capital-gains-tax/cgt-property-transfer-limited-company-calculate,/for/moving-property-into-a-limited-company,/blog/incorporation-and-company-structures/how-to-transfer-property-into-limited-company-uk,judgment (medium),,,0,/blog/incorporation-and-company-structures/how-to-transfer-property-into-limited-company-uk,0.252,0.093,/for/selling-a-buy-to-let,0.758,False,False,primary,0.0,1,108,0,capital-gains-tax,b086e80d2cd110fe7820c79c8df4411630de43f47b95e8b978bd09dba57fc655
/blog/property-finance/buy-to-let-mortgages-guide,/for/property-spv-set-up,,manager override,,,0,/for/property-spv-set-up,0.155,0.019,/services/property-accountant,0.751,False,False,primary,0.0,0,127,0,property-finance,97119d08e49199a1616201764c33d518e5256986abc5f8492ad797732bde99e5
/for/portfolio-landlords-incorporating-a-partnership,/for/moving-property-into-a-limited-company,,judgment (high),/for/moving-property-into-a-limited-company,1.0,6,/for/moving-property-into-a-limited-company,0.27,0.089,,0.748,False,False,primary,1.0,0,15,0,,4e3abb964a56f81f620a6ce956e0d3cd16a871de5fb2a069a4a1de2518842695
/blog/incorporation-and-company-structures/incorporation-existing-portfolios-phased-approach,/for/moving-property-into-a-limited-company,,s1_strong,/for/moving-property-into-a-limited-company,1.0,31,/for/moving-property-into-a-limited-company,0.194,0.053,/for/moving-property-into-a-limited-company,0.741,False,False,primary,1.0,0,45,0,incorporation-and-company-structures,4513b2cb38c92d7a5c37e55a91cb240625a9436a0d0611072ab5590e3349828f
/blog/incorporation-and-company-structures/pre-sale-extraction-strip-cash-before-spv-share-sale-vs-buyer-discount,/for/property-company-profit-extraction,/services/property-tax-advice,judgment (high),,,0,/for/property-spv-set-up,0.114,0.038,/for/moving-property-into-a-limited-company,0.74,False,False,primary,0.0,3,327,0,incorporation-and-company-structures,f819554ef9748eac7272a889c3bbc151b92975f917392693ec4bcc020d0c3920
/blog/landlord-tax-essentials/worldwide-disclosure-facility-offshore-landlord-catch-up-fa-2017-ftc,/for/rental-income-disclosure,,judgment (high),,,0,/for/rental-income-disclosure,0.139,0.052,/services/landlord-accountant,0.737,False,False,primary,0.0,1,192,0,landlord-tax-essentials,5e9b81f5dff5184521d021e4adab08aa20b58b968fe7e506341038ccc7599764
/blog/non-resident-landlord-tax/arriving-in-the-uk,/for/non-resident-landlords,,judgment (medium),,,0,/services/non-resident-landlord,0.121,0.068,/services/non-resident-landlord,0.733,False,False,primary,0.0,4,119,0,non-resident-landlord-tax,b0dbe958fea560081619422d4038e04597e7bc84391d315b27eecdda1a972386
/blog/property-accountant-services/buy-to-let-accountants-near-me-guide,/services/landlord-accountant,,judgment (high),,,0,/services/landlord-accountant,0.23,0.016,/services/property-accountant,0.732,False,False,primary,0.0,0,23,0,property-accountant-services,a1b869d547e821f9e1b4ab52af841311456b480830a5353c46ffe8bcfcbb59e1
/blog/incorporation-and-company-structures/a-complete-guide-to-family-investment-companies-fics,/for/landlord-retirement-and-succession,,judgment (high),,,0,/for/property-spv-set-up,0.173,0.015,/for/moving-property-into-a-limited-company,0.72,False,False,primary,0.0,0,94,0,incorporation-and-company-structures,07f8e2243be4b00d71a9cf69bfe5d7a381c0e6ed51ab2ed228a51cb5ca4bbd80
/blog/incorporation-and-company-structures/time-pressure-extraction-divorce-illness-emigration-sequence-12-month-window,/for/property-company-profit-extraction,,judgment (high),,,0,/for/property-spv-set-up,0.098,0.043,/for/moving-property-into-a-limited-company,0.715,False,False,primary,0.0,0,103,0,incorporation-and-company-structures,fc09cc50130678ebc303bd839406b58a1d7541db38566bf63177bd6fe0df09a7
/blog/incorporation-and-company-structures/incorporation-case-study-10-property-portfolio-200k-mortgage,/for/moving-property-into-a-limited-company,,judgment (high),,,0,/for/moving-property-into-a-limited-company,0.186,0.092,/for/moving-property-into-a-limited-company,0.71,False,False,primary,0.0,0,44,0,incorporation-and-company-structures,d629cb45cb6af94275f772ce43a10bf5eb9149ceb7af78e1e145e7d06285ddd2
/blog/making-tax-digital-mtd/how-to-switch-self-assessment-mtd-property-income,/for/landlord-self-assessment-and-mtd,,s2_specific,,,0,/for/landlord-self-assessment-and-mtd,0.296,0.255,/for/landlord-self-assessment-and-mtd,0.709,False,False,primary,0.0,0,10,0,making-tax-digital-mtd,c1c509d3f4fed64f84ef2b71b8e635dd42230f2a41a1768faf1e63e558d9b6e0
/spv-company,/for/property-spv-set-up,,judgment (high),/for/property-spv-set-up,1.0,2,/for/property-spv-set-up,0.295,0.165,,0.708,False,False,primary,0.333,0,10,0,,02b07fd28f90939179541b9cdfba1729fef901a7cd5138440827509fce662cbf
/blog/capital-gains-tax/selling-a-probate-property,/for/inherited-property,,judgment (high),,,0,/blog/capital-gains-tax/capital-gains-tax-second-home-sale,0.183,0.013,/for/selling-a-buy-to-let,0.707,False,False,primary,0.0,2,159,0,capital-gains-tax,4ccbf0fa9fba9deea140e6079a5736e4d9a9963bbbbf792761913a26e7bc13ea
/blog/incorporation-and-company-structures/when-does-property-holding-company-structure-make-sense-uk-landlords,/for/property-spv-set-up,,judgment (medium),,,0,/for/moving-property-into-a-limited-company,0.163,0.011,/for/moving-property-into-a-limited-company,0.705,False,False,primary,0.0,1,92,0,incorporation-and-company-structures,3aca675207ef9d28298a2ef67f76dc879c4f7c0ba2d806a5618454df02586027
/blog/property-accountant-services/derby-property-accountant-specialist-tax-services-local-landlords,/services/landlord-accountant,,judgment (medium),,,0,/for/hmo-and-multi-let-landlords,0.209,0.014,/services/property-accountant,0.701,False,False,primary,0.0,0,35,0,property-accountant-services,ec44fa93f5777cb79b4e33a48404bcee709ed35fdaf73bc47220efc631cd705c
/blog/property-accountant-services/belfast-property-accountant-specialist-tax-services,/services/property-accountant,/services/landlord-accountant,judgment (high),/services/property-accountant,0.496,566,/for/hmo-and-multi-let-landlords,0.195,0.038,/services/property-accountant,0.696,False,True,primary,0.767,5,972,0,property-accountant-services,6c601104def183f6fff3a53ce548b6688db09867d36ea0ba40a2298d5be7d399
/blog/landlord-tax-essentials/hmrc-penalties-late-landlord-tax-returns-2026,/for/landlord-self-assessment-and-mtd,,judgment (medium),,,0,/for/landlord-self-assessment-and-mtd,0.194,0.127,/services/landlord-accountant,0.679,False,False,primary,0.0,0,32,0,landlord-tax-essentials,20e914fefd4c847f60e674bd649c4731a209b101eda51c3f8783164ec455cee9
/locations/leeds,/services/property-accountant,/services/landlord-accountant,judgment (high),/services/property-accountant,0.762,130,/for/hmo-and-multi-let-landlords,0.243,0.105,,0.673,False,True,primary,0.1,8,1879,0,,0fb7f719c2a3d6f547cbc40d6975992a243511e65445d158c01de4860b7ccd89
/blog/landlord-tax-essentials/iht-long-term-resident-test-section-6a-tail-period-table-landlords,/for/non-resident-landlords,,judgment (medium),,,0,/landed-estates,0.089,0.008,/services/landlord-accountant,0.67,False,False,primary,0.0,3,543,0,landlord-tax-essentials,73cc2e60824f69f5608fa2f16f0d5383e0775d4c8971eab63999df2ab6da3f5a
/blog/section-24-and-tax-relief/section-24-vs-incorporation-which-saves-more-tax,/for/moving-property-into-a-limited-company,,judgment (high),,,0,/for/moving-property-into-a-limited-company,0.156,0.035,/services/property-tax-advice,0.669,False,False,primary,0.0,0,72,0,section-24-and-tax-relief,f1a338bc7e09e9595a2d9ace0ee58822f8cd8d67e280597ccac1361a16fcb482
/blog/landlord-tax-essentials/landlord-accounting-spreadsheet-template-free-excel-guide,/services/landlord-accountant,,judgment (medium),,,0,/for/landlord-self-assessment-and-mtd,0.147,0.063,/services/landlord-accountant,0.666,True,False,primary,0.0,244,6243,0,landlord-tax-essentials,df6c1adcb4005bba0cb4020e3452657f2baec67ac6078fe1a902a4a073a92ab7
/blog/portfolio-management/when-to-sell-rental-property-key-indicators-landlords,/for/selling-a-buy-to-let,,s1_strong,/for/selling-a-buy-to-let,1.0,27,/for/selling-a-buy-to-let,0.087,0.011,/services/property-tax-advice,0.666,False,False,primary,0.017,7,1989,0,portfolio-management,fc705b0d357aebef5a70699ba95742e19de42b6e5605754465e2cabdb5112384
/locations/london,/services/property-accountant,/services/landlord-accountant,judgment (high),/services/property-accountant,0.862,58,/for/property-spv-set-up,0.16,0.004,,0.66,False,False,primary,0.139,2,560,0,,d1381c54f294f361b70bc3e974cdaec48f1a4199f1508e004ec9cf7918520dd8
/blog/incorporation-and-company-structures/limited-company-vs-personal-ownership-tax-comparison-2026,/for/moving-property-into-a-limited-company,/for/property-spv-set-up,judgment (medium),,,0,/for/moving-property-into-a-limited-company,0.173,0.007,/for/moving-property-into-a-limited-company,0.654,False,False,primary,0.0,0,43,0,incorporation-and-company-structures,dbbb75aa1a50b34c797fb9facc011dfaa473f7d96dcf39654537df3946157281
/blog/property-accountant-services/property-management-accounting-services,/services/landlord-accountant,,judgment (medium),,,0,/services/landlord-accountant,0.177,0.011,/services/property-accountant,0.647,False,False,primary,0.0,1,28,0,property-accountant-services,c68e14c1a817f4fd2608d427f79f36571e12771ae508c3b566ec1c2407a403e7
/blog/property-accountant-services/what-does-a-property-accountant-do,/services/property-accountant,,s1_strong,/services/property-accountant,0.625,72,/services/non-resident-landlord,0.18,0.031,/services/property-accountant,0.647,False,True,primary,0.9,0,186,0,property-accountant-services,b50f8448051baa7c682b3b9513e18537fce3bb9e64eff9190a09410bf3abd904
/blog/non-resident-landlord-tax/srt-statutory-residence-test-landlord-decision-tree,/services/non-resident-landlord,/for/non-resident-landlords,judgment (medium),,,0,/services/non-resident-landlord,0.166,0.063,/services/non-resident-landlord,0.639,False,False,primary,0.0,1,36,0,non-resident-landlord-tax,1d1be5192e6a27fe1505718d962e509bd52961ffe472200e21d0c64c53906c73
/blog/property-finance/day-one-remortgage-limited-company,/for/moving-property-into-a-limited-company,/for/property-spv-set-up,judgment (medium),,,0,/blog/incorporation-and-company-structures/how-to-transfer-property-into-limited-company-uk,0.223,0.04,/services/property-accountant,0.639,False,False,primary,0.0,2,138,0,property-finance,2081f417a45291f6483e9a7788cee6904a6d6cacce296bae54cf66c2975f2a1a
/cost-of-selling-a-property,/for/selling-a-buy-to-let,,judgment (medium),,,0,/blog/capital-gains-tax/capital-gains-tax-second-home-sale,0.19,0.06,,0.639,False,False,primary,0.0,2,115,0,,8e32af1df29f449f82ebd3fbbd56089b17a93bbce97d8424987a7d1728c08596
/blog/property-accountant-services/property-accountant-near-me,/services/property-accountant,,judgment (high),,,0,/services/landlord-accountant,0.217,0.037,/services/property-accountant,0.636,False,False,primary,0.0,0,33,0,property-accountant-services,563d84f394b6dab689bc4ac4bbd737ad2365e2b6722abd3b1f380b1f3cc99fa2
/blog/capital-gains-tax/business-asset-disposal-relief-residential-property-qualification,/for/selling-a-buy-to-let,/for/holiday-let-and-serviced-accommodation,judgment (medium),,,0,/for/selling-a-buy-to-let,0.116,0.01,/for/selling-a-buy-to-let,0.629,False,False,primary,0.0,2,204,0,capital-gains-tax,2fe167a92771d8de448adc150684d4c4bf4df0e14b2bf46f095f9da9b2f7f3e1
/blog/non-resident-landlord-tax/uk-property-income-expats-tax-obligations-explained,/for/non-resident-landlords,/services/non-resident-landlord,judgment (high),,,0,/services/non-resident-landlord,0.143,0.033,/services/non-resident-landlord,0.629,False,False,primary,0.0,0,20,0,non-resident-landlord-tax,930357efe05d76f55bcf0ca72de0507c2ad0e9ee6312483344a1c8d7cc034c67
/blog/capital-gains-tax/cgt-record-keeping-property-sales-what-to-save-how-long,/for/selling-a-buy-to-let,/services/landlord-accountant,judgment (medium),,,0,/blog/capital-gains-tax/capital-gains-tax-second-home-sale,0.176,0.014,/for/selling-a-buy-to-let,0.627,False,False,primary,0.0,1,37,0,capital-gains-tax,c9e446a8ddaf1ee2a2faf08416ebf3b2b41b547c7dd043f5bb1eaa4ecc08097f
/blog/making-tax-digital-mtd/mtd-itsa-accidental-landlords-do-i-need-to-file-digitally,/for/first-time-and-accidental-landlords,/for/landlord-self-assessment-and-mtd,judgment (medium),,,0,/for/landlord-self-assessment-and-mtd,0.188,0.093,/for/landlord-self-assessment-and-mtd,0.622,False,False,primary,0.0,0,9,0,making-tax-digital-mtd,264c60bfc111ec8fce9fbea98fc8c1de1032f48e91dd296d2fc462d6c434f201
/calculators/buy-to-let-cashflow-calculator,/services/landlord-accountant,,judgment (medium),,,0,/services/landlord-accountant,0.113,0.019,,0.62,False,False,primary,0.0,0,242,0,,96e9fbb871d6c554edfbacdf10e4fae6d11db890b7b599e3be97e137592deae7
/blog/incorporation-and-company-structures/2027-tax-rates-incorporation-decision-property-landlords,/for/moving-property-into-a-limited-company,,judgment (high),,,0,/for/moving-property-into-a-limited-company,0.184,0.051,/for/moving-property-into-a-limited-company,0.618,False,False,primary,0.0,0,28,0,incorporation-and-company-structures,5053e33e669816ea352642e525b0855d85a4a36fc40166405a8ed7d905622ce7
/blog/property-types-and-specialist-tax/booking-com-a-complete-guide-for-the-hosts,/for/holiday-let-and-serviced-accommodation,,judgment (high),,,0,/for/holiday-let-and-serviced-accommodation,0.097,0.066,/services/property-tax-advice,0.613,False,False,primary,0.0,3,521,0,property-types-and-specialist-tax,8cab2e3f06dda55bd97ceffbca8d7c4d0c862e8b50c88482226621d1272b9879
/blog/incorporation-and-company-structures/fic-gifting-shares-children-property-7-year-iht-mechanics,/for/gifting-property-to-family,,s2_specific,,,0,/for/gifting-property-to-family,0.246,0.123,/for/moving-property-into-a-limited-company,0.611,False,False,primary,0.0,0,11,0,incorporation-and-company-structures,b7bb4ee87d0b7d92b6ea22be740ce68df6b837c825bacaab8208d2303d54ab9f
/blog/incorporation-and-company-structures/corporation-tax-marginal-relief-uk-guide,/for/property-company-profit-extraction,,manager override,,,0,/for/moving-property-into-a-limited-company,0.091,0.01,/for/moving-property-into-a-limited-company,0.594,False,False,primary,0.0,0,549,0,incorporation-and-company-structures,53df23873e4dc24c5a123c734e4dc1f143d43bcd11c8521a5fd87cf6bca51ace
/incorporation,/for/moving-property-into-a-limited-company,/for/property-spv-set-up,judgment (high),,,0,/for/moving-property-into-a-limited-company,0.23,0.091,,0.589,False,False,primary,0.0,0,12,0,,8adb684b8bf498823299f1e77d6037a07c42a023e60cb6fd525728a9e7715055
/blog/making-tax-digital-mtd/mtd-itsa-stopping-letting-mid-year-cessation-quarterly-mechanics,/for/landlord-self-assessment-and-mtd,,judgment (high),,,0,/for/landlord-self-assessment-and-mtd,0.155,0.013,/for/landlord-self-assessment-and-mtd,0.578,False,False,primary,0.0,1,31,0,making-tax-digital-mtd,b1a59b295fd26a4c2a2d4694e719fd2a5c43fe51a20f021837435273157a853c
/blog/landlord-tax-essentials/comparing-online-and-paper-self-assessment-tax-returns,/for/landlord-self-assessment-and-mtd,/services/landlord-accountant,s2_specific,,,0,/for/landlord-self-assessment-and-mtd,0.232,0.166,/services/landlord-accountant,0.577,False,False,primary,0.0,0,11,0,landlord-tax-essentials,36b753f5a7d8f41cfd107072c759c845812bf39e5a10da9c498b5a8d50c225ff
/blog/non-resident-landlord-tax/uk-india-dta-property-rental-income-treatment,/services/non-resident-landlord,,judgment (high),,,0,/services/non-resident-landlord,0.101,0.011,/services/non-resident-landlord,0.575,False,False,primary,0.0,3,264,0,non-resident-landlord-tax,40728017eca638323d9d9cba2f6a6c48fe1fde8c511ce967289c02c122cf3453
/blog/property-accountant-services/slough-property-accountant-landlord-tax-services,/for/landlord-self-assessment-and-mtd,/services/property-accountant,s2_specific,/services/property-accountant,0.818,11,/for/landlord-self-assessment-and-mtd,0.23,0.096,/services/property-accountant,0.572,False,False,primary,1.0,0,11,0,property-accountant-services,6f29f78f1be4563dd358130120c4043ddcbc5cf7044d31960053d3f1f7206710
/blog/capital-gains-tax/cgt-property-sold-loss-claim-capital-losses,/for/selling-a-buy-to-let,,judgment (medium),,,0,/blog/capital-gains-tax/capital-gains-tax-second-home-sale,0.188,0.031,/for/selling-a-buy-to-let,0.571,False,False,primary,0.0,0,37,0,capital-gains-tax,d87889afae930367fe397228651aee0ad21936fad31a3ab8fe95e3ad99e811ca
/blog/non-resident-landlord-tax/nrl-withholding-tax-20-percent-basic-rate-deduction,/services/non-resident-landlord,,judgment (high),,,0,/for-letting-agents,0.162,0.0,/services/non-resident-landlord,0.571,False,False,primary,0.0,0,33,0,non-resident-landlord-tax,16edb1d2d166f91d9240e983f3a4fb2dcd91698a693676c95ada3a821f2d7201
/locations/bristol,/services/property-accountant,/services/landlord-accountant,judgment (high),/services/property-accountant,0.815,637,/for/hmo-and-multi-let-landlords,0.187,0.056,,0.57,False,True,primary,0.78,1,868,0,,9090aaaf160c5c2fed4bb28a142472453b794fec52c27e58bcd6ad510c833be2
/blog/non-resident-landlord-tax/do-i-have-to-pay-uk-tax,/for/non-resident-landlords,/services/non-resident-landlord,judgment (high),,,0,/services/non-resident-landlord,0.167,0.09,/services/non-resident-landlord,0.568,False,False,primary,0.0,0,26,0,non-resident-landlord-tax,3ff7aa471d8266e789845f6f9c9ea1d7dbd5f6d70a8c252f0531790ac98b0852
/blog/landlord-tax-essentials/capital-allowances-on-vans,/services/landlord-accountant,,judgment (medium),,,0,/blog/capital-gains-tax/capital-gains-tax-second-home-sale,0.09,0.012,/services/landlord-accountant,0.565,False,False,primary,0.0,41,4295,0,landlord-tax-essentials,de621362274f82d3bee9ed0e065fe5a948981ca7f2dab4d361a07f01496e419b
/blog/property-types-and-specialist-tax/non-resident-developer-uk-tax-scope-fa-2016-offshore-developer-planning-closure,/services/non-resident-landlord,,judgment (medium),,,0,/services/non-resident-landlord,0.139,0.056,/services/property-tax-advice,0.563,False,False,primary,0.0,1,46,0,property-types-and-specialist-tax,71ba0770796097d0ed3d860d8bc083b8dc0a15b6621870bcbb18a128857e3214
/blog/portfolio-management/portfolio-landlord-tax-planning-strategy-guide,/services/property-tax-advice,,s1_strong,/services/property-tax-advice,1.0,21,/for/moving-property-into-a-limited-company,0.155,0.005,/services/property-tax-advice,0.562,False,False,primary,0.231,1,184,0,portfolio-management,0045c7930e063798a19f634ae86778cb44c7acb5f4fc2840cce3bbabcb00ccae
/blog/landlord-tax-essentials/deed-of-variation-property-estate-redirecting-inheritance-iht-saving,/for/inherited-property,,judgment (medium),,,0,/landed-estates,0.159,0.021,/services/landlord-accountant,0.56,False,False,primary,0.0,4,632,0,landlord-tax-essentials,e07f9127019b2496a85b73dede04f32572916efef2c02d3e2dbc0b3e33cf8e17
/blog/making-tax-digital-mtd/mtd-itsa-major-tax-reform-context-policy-history,/for/landlord-self-assessment-and-mtd,,judgment (medium),,,0,/for/landlord-self-assessment-and-mtd,0.192,0.158,/for/landlord-self-assessment-and-mtd,0.555,False,False,primary,0.0,1,7,0,making-tax-digital-mtd,5cb2157f259d991d69cdd4bab627390cb8182c0046145745bbce79fb0f5a6f5a
/blog/making-tax-digital-mtd/mtd-itsa-letter-from-hmrc-what-to-do-next,/for/landlord-self-assessment-and-mtd,,s2_specific,,,0,/for/landlord-self-assessment-and-mtd,0.208,0.149,/for/landlord-self-assessment-and-mtd,0.549,False,False,primary,0.0,0,13,0,making-tax-digital-mtd,23fec0fee4c9268cfd42867beae6c35653c90558f8ec690af67f84b483562a11
/blog/incorporation-and-company-structures/settlor-interested-property-trust-grob-interaction-double-trap-mechanics,/services/property-tax-advice,,judgment (medium),,,0,/services/property-tax-advice,0.129,0.029,/for/moving-property-into-a-limited-company,0.541,False,False,primary,0.0,1,55,0,incorporation-and-company-structures,de64cf14dd8674496563880b6f409cb99d2521490a3bf45b539aa404906898da
/blog/landlord-tax-essentials/fic-estate-planning-landlord-portfolio-value-freezing-iht-mechanics,/for/landlord-retirement-and-succession,,judgment (high),,,0,/for/landlord-retirement-and-succession,0.155,0.052,/services/landlord-accountant,0.537,False,False,primary,0.0,0,31,0,landlord-tax-essentials,ff5723405258312eb4316432e84e6130b569d92ff17dd1b33ec7bffad0536674
/blog/property-types-and-specialist-tax/big-tax-changes-ahead-for-furnished-holiday-lettings,/for/holiday-let-and-serviced-accommodation,,judgment (high),,,0,/for/holiday-let-and-serviced-accommodation,0.154,0.1,/services/property-tax-advice,0.535,False,False,primary,0.0,0,31,0,property-types-and-specialist-tax,f46b11463279b1af0c58ac4fb4cec7f26fbb2993c3f28d5dca6aa0f8ba24a30a
/blog/landlord-tax-essentials/vat-on-rental-income-residential-vs-commercial-landlord-vat-status-decision-framework,/services/property-tax-advice,,judgment (medium),,,0,/for/holiday-let-and-serviced-accommodation,0.162,0.09,/services/landlord-accountant,0.533,False,False,primary,0.0,24,3957,0,landlord-tax-essentials,4b13a0554b6a15cfad85e55993ba51359b9d667950261c7610af69e6d5ec52c4
/blog/capital-gains-tax/bed-and-breakfasting,/for/selling-a-buy-to-let,,judgment (medium),,,0,/for/selling-a-buy-to-let,0.091,0.004,/for/selling-a-buy-to-let,0.529,False,False,primary,0.0,2,318,0,capital-gains-tax,e9a237130c5dbea27d7d135a89c8ea4a948362908b03c1d0819d588872ea747c
/blog/portfolio-management/multi-property-landlord-tax-planning-strategies-5-plus-properties,/services/property-tax-advice,,s1_strong,/services/property-tax-advice,0.846,78,/for/landlord-retirement-and-succession,0.119,0.016,/services/property-tax-advice,0.529,False,False,primary,0.487,0,303,0,portfolio-management,f2c7430fb77da56d5135fd5b68d27bdf70d9356358d0bbd075fd745d3bcf20e5
/blog/landlord-tax-essentials/sdlt-on-probate-property-transfers,/for/inherited-property,,judgment (medium),,,0,/blog/incorporation-and-company-structures/how-to-transfer-property-into-limited-company-uk,0.108,0.013,/services/landlord-accountant,0.528,False,False,primary,0.0,2,243,0,landlord-tax-essentials,71e5d11967b949fa0d66a6e655b5396a17d5e1040e8d270cf23186f320a5f060
/blog/property-accountant-services/why-luton-landlords-need-specialist-property-accountant-2026,/services/property-accountant,,judgment (high),,,0,/for/hmo-and-multi-let-landlords,0.184,0.018,/services/property-accountant,0.525,False,False,primary,0.0,0,114,0,property-accountant-services,d284e5586de6492240d623583ea46fc4a4f18fa70fa553eeed8c9a247a934128
/blog/making-tax-digital-mtd/mtd-penalties-landlords-miss-deadline,/for/landlord-self-assessment-and-mtd,,judgment (high),,,0,/for/landlord-self-assessment-and-mtd,0.189,0.156,/for/landlord-self-assessment-and-mtd,0.524,False,False,primary,0.0,0,15,0,making-tax-digital-mtd,cceac86d69d1c6ab798ed999147b9d5a19e72202de7eb7e3456a6281c95ef6d6
/blog/property-accountant-services/york-property-accountant-landlord-tax-services,/for/hmo-and-multi-let-landlords,/services/property-accountant,s2_specific,,,0,/for/hmo-and-multi-let-landlords,0.227,0.08,/services/property-accountant,0.523,False,False,primary,0.0,0,9,0,property-accountant-services,2f9ad0b78a9a8b4664e666c927a7ece1cc9c60e532328d1f01944a3b84393600
/blog/property-types-and-specialist-tax/capital-allowance-aia-property-landlords,/services/property-tax-advice,,judgment (high),,,0,/for/selling-a-buy-to-let,0.09,0.003,/services/property-tax-advice,0.521,False,False,primary,0.0,4,383,0,property-types-and-specialist-tax,7bf1edb9b4d7096ebccf087b0ebff732b0757fc51ae88a56ef6a5fd640a5b24c
/blog/landlord-tax-essentials/stamp-duty-buy-to-let-surcharge,/services/property-tax-advice,,judgment (medium),,,0,/blog/incorporation-and-company-structures/how-to-transfer-property-into-limited-company-uk,0.137,0.03,/services/landlord-accountant,0.515,False,False,primary,0.0,4,3375,0,landlord-tax-essentials,7f04ca377e8070474aa9fd412f18e3923a19c2f2122b197e02f97beb35a2bbd6
/blog/section-24-and-tax-relief/rent-a-room-relief-uk-landlords-lodgers-guide,/for/landlord-self-assessment-and-mtd,,manager override,,,0,/for/landlord-self-assessment-and-mtd,0.091,0.006,/services/property-tax-advice,0.514,False,False,primary,0.0,0,283,0,section-24-and-tax-relief,1c42508e3097d709251e135881dd50cbf84c37db98197c93c69d6b9bde3c16e5
/blog/landlord-tax-essentials/let-property-campaign-penalty-calculator,/for/rental-income-disclosure,,judgment (high),,,0,/for/rental-income-disclosure,0.144,0.088,/services/landlord-accountant,0.509,False,False,primary,0.0,0,33,0,landlord-tax-essentials,8e03158908f60369f1b61a8fb3b2ed74fa4152771212c9aa4f8ca18f50ccd768
/blog/incorporation-and-company-structures/directors-of-trust-owned-spv-extraction-rules-settlor-interested-trap,/for/property-company-profit-extraction,/for/landlord-retirement-and-succession,judgment (medium),,,0,/for/property-spv-set-up,0.098,0.008,/for/moving-property-into-a-limited-company,0.504,False,False,primary,0.0,0,20,0,incorporation-and-company-structures,a2cada4ce4f8aa54b40dbacb0ee31c975024c27d194bfed6cf95a61298e89430
/calculators/rental-yield-calculator,/services/landlord-accountant,,"judgment (low, 2 readers agree)",,,0,/locations/leeds,0.107,0.019,,0.504,False,False,primary,0.0,0,316,0,,29abf49a9b9fc39a8e81ef23dcf545a994094432d1e2507b58ce6dd3ba15d87b
/blog/landlord-tax-essentials/how-much-tax-rental-income-uk-complete-guide,/services/landlord-accountant,,judgment (medium),,,0,/services/landlord-accountant,0.09,0.016,/services/landlord-accountant,0.5,False,False,primary,0.0,1,246,0,landlord-tax-essentials,38d4b81bea14f48461fea6f5daf36a067f7dfa64348cc3c160cd1343a2a22ece
/blog/incorporation-and-company-structures/family-investment-company-mechanics-share-classes-property,/for/landlord-retirement-and-succession,,judgment (high),,,0,/for/landlord-retirement-and-succession,0.11,0.01,/for/moving-property-into-a-limited-company,0.486,False,False,primary,0.0,0,82,0,incorporation-and-company-structures,278717a4044b566c4df5dfae8056dd067d506ba53ad87b8a653cf23e0f468af9
/blog/landlord-tax-essentials/joint-tenants-vs-tenants-in-common-property-tax-consequences-uk-landlords,/for/couples-splitting-rental-income,,judgment (medium),,,0,/services/landlord-accountant,0.061,0.003,/services/landlord-accountant,0.483,False,False,primary,0.0,4,153,0,landlord-tax-essentials,718aab6a6ca379cf883352edf445779ffcd6f7d4797519af00e23326d63bab5a
/blog/making-tax-digital-mtd/mtd-itsa-spreadsheets-with-bridging-software-allowed-mechanics,/for/landlord-self-assessment-and-mtd,,judgment (high),,,0,/for/landlord-self-assessment-and-mtd,0.128,0.077,/for/landlord-self-assessment-and-mtd,0.48,False,False,primary,0.0,0,41,0,making-tax-digital-mtd,66123a13d1fe90876af5f2e20067c260b31a6c9caa77be909eecee10bdb91963
/blog/property-accountant-services/liverpool-property-accountant-tax-services-landlords,/services/property-accountant,,judgment (high),/services/property-tax-advice,0.667,3,/for/hmo-and-multi-let-landlords,0.151,0.005,/services/property-accountant,0.479,False,False,primary,0.375,1,206,0,property-accountant-services,f3087f8547c11826f6ad2777fbe0bb54d5b91e257abac0381e5415d06e84e9ee
/blog/property-finance/is-bridging-loan-interest-tax-deductible,/services/landlord-accountant,,judgment (medium),,,0,/for/landlord-retirement-and-succession,0.125,0.013,/services/property-accountant,0.478,False,False,primary,0.0,7,165,0,property-finance,61fb16d85345005fc61c1666a49549e792a209dbdf22d0024efad823d24ae544
/services/property-accountant,/services/landlord-accountant,/services/property-tax-advice,judgment (medium),,,0,/for/landlord-self-assessment-and-mtd,0.298,0.076,,0.475,False,False,primary,0.0,0,10,0,,2a05489d7d38e953b51da3a27f130b9e00f871fc24e02ad691218872118e406f
/blog/portfolio-management/how-to-value-rental-property-portfolio-tax-purposes,/services/property-tax-advice,,judgment (medium),/services/property-tax-advice,0.667,6,/for/selling-a-buy-to-let,0.098,0.006,/services/property-tax-advice,0.472,False,False,primary,0.016,1,532,0,portfolio-management,67ad204929194b75aaef298ce04247fdf9259389d771120e01bf6c14b7a0ef1a
/blog/making-tax-digital-mtd/mtd-itsa-late-submission-points-late-payment-15-30-31-worked,/for/landlord-self-assessment-and-mtd,,judgment (high),,,0,/for/landlord-self-assessment-and-mtd,0.141,0.107,/for/landlord-self-assessment-and-mtd,0.469,False,False,primary,0.0,0,27,0,making-tax-digital-mtd,bd5a3f4b5bdb363d98ab8141e2b51f3f9c1245499983150d1de5ea67ab7ab8bb
/blog/section-24-and-tax-relief/replacement-domestic-items-relief-uk-landlords-guide,/services/landlord-accountant,,judgment (high),,,0,/for/selling-a-buy-to-let,0.094,0.001,/services/property-tax-advice,0.467,False,False,primary,0.0,26,2517,0,section-24-and-tax-relief,3f15dae60130572277200f88bbe6fbdb690258704a4abb9b6fd9d45e90d24e46
/calculators/dividend-tax-calculator,/for/property-company-profit-extraction,,judgment (medium),,,0,/blog/incorporation-and-company-structures/how-to-transfer-property-into-limited-company-uk,0.073,0.005,,0.467,False,False,primary,0.0,1,35,0,,78f621d3270f4a83bed2afe91f9497edf6414de92bccd81bb1858e19c85b72df
/blog/property-accountant-services/property-accountant-middlesbrough-specialist-tax-services,/services/property-accountant,,judgment (high),,,0,/for/landlord-self-assessment-and-mtd,0.167,0.018,/services/property-accountant,0.465,False,False,primary,0.0,1,83,0,property-accountant-services,f5a37ea29f351dec0d065616fd94d3c9fcb4ff316e9dd0233c209762d24d1139
/blog/property-types-and-specialist-tax/hmo-selective-licensing-compliance-housing-act-2004-landlord-licensing-mechanics,/for/hmo-and-multi-let-landlords,,judgment (high),,,0,/for/hmo-and-multi-let-landlords,0.149,0.06,/services/property-tax-advice,0.461,False,False,primary,0.0,0,21,0,property-types-and-specialist-tax,40b6a1fea3443da59c7cb8fadbf0be33c945862fbe81f76acf8267702ae41126
/section-24,/services/landlord-accountant,/for/moving-property-into-a-limited-company,judgment (medium),,,0,/services/landlord-accountant,0.087,0.016,,0.459,False,False,primary,0.0,3,168,0,,967634e62806102e0bc88cb2b0a590f5d56f260f650db1f8f153666d502e4bb6
/landlord-tax,/services/property-tax-advice,/services/landlord-accountant,judgment (high),/services/property-tax-advice,1.0,301,/for/landlord-retirement-and-succession,0.092,0.012,,0.458,False,True,primary,0.672,0,472,0,,2e4ab031f8fc7f13e7722526cedb65f336fc4ddf10a06e79d9dd90055b365ce4
/services/landlord-accountant,/services/property-tax-advice,/services/property-accountant,judgment (medium),/services/property-tax-advice,0.964,28,/for/landlord-self-assessment-and-mtd,0.208,0.062,,0.456,False,False,primary,0.185,0,172,0,,c372fb008cfaca62558edc1e0bf574555f1ddcecf01f8b5a7d2e1ad9c9ea5ce8
/blog/making-tax-digital-mtd/mtd-itsa-digital-records-receipts-bank-feeds-what-counts-evidence,/for/landlord-self-assessment-and-mtd,,judgment (high),,,0,/for/landlord-self-assessment-and-mtd,0.133,0.083,/for/landlord-self-assessment-and-mtd,0.455,False,False,primary,0.0,0,30,0,making-tax-digital-mtd,5a7fab28b1982c4e21485152e226371e1f7dae18155d84ce7a70d56be9885cd5
/blog/portfolio-management/buying-commercial-property-through-a-sipp,/services/property-tax-advice,,judgment (medium),,,0,/services/property-accountant,0.067,0.014,/services/property-tax-advice,0.455,False,False,primary,0.0,32,4988,0,portfolio-management,403d95821f2c3707455081cac032a0709f57a503f5e99cbb08f38b78f1175e50
/blog/landlord-tax-essentials/national-insurance-on-rental-income,/services/landlord-accountant,,judgment (medium),,,0,/services/landlord-accountant,0.067,0.019,/services/landlord-accountant,0.454,False,False,primary,0.0,5,814,0,landlord-tax-essentials,b66db363a96bc881ebbf1fa4f7f07e7dea64d54147e60a0ad68f7515a36eeff5
/blog/property-accountant-services/can-you-claim-aia-on-second-hand-assets,/services/property-tax-advice,,judgment (medium),,,0,/blog/capital-gains-tax/capital-gains-tax-second-home-sale,0.093,0.018,/services/property-accountant,0.45,True,False,primary,0.0,78,9733,0,property-accountant-services,2acec7972599803a60c024d29973529229e4a0a865c60abf83f5ae876a7f0dd1
/calculators/section-24-calculator,/services/landlord-accountant,/for/moving-property-into-a-limited-company,judgment (medium),,,0,/for/moving-property-into-a-limited-company,0.09,0.015,,0.449,True,False,primary,0.0,5,357,0,,3c6243959a3099371b1c68d1c34fea82e94536a5eb7c468c1bcb251758e3a370
/blog/incorporation-and-company-structures/substantial-shareholding-exemption-sse,/services/property-tax-advice,,judgment (medium),,,0,/services/property-tax-advice,0.077,0.021,/for/moving-property-into-a-limited-company,0.444,False,False,primary,0.0,0,324,0,incorporation-and-company-structures,57d9ebf7927da00a8ac41d58c46cc8ed4f509748756181f99fb44c1c53495985
/blog/capital-gains-tax/reduce-cgt-property-disposal-uk,/for/selling-a-buy-to-let,,judgment (high),,,0,/for/selling-a-buy-to-let,0.124,0.005,/for/selling-a-buy-to-let,0.438,False,False,primary,0.0,1,23,0,capital-gains-tax,70be89e4889b1b23a688296220c73dd0d639ae301a437376fc1ea34fe33e8cdb
/blog/capital-gains-tax/hmrcs-nudge-letters-demand-urgent-review-of-gift-hold-over-relief-claim,/for/gifting-property-to-family,,judgment (high),,,0,/for/gifting-property-to-family,0.108,0.009,/for/selling-a-buy-to-let,0.436,False,False,primary,0.0,0,56,0,capital-gains-tax,f64bc2dc34e54a74f309dc708b293be057aa99e1728daa3b59959a1d6c84bb9f
/research/landlord-tax-index,/for/property-spv-set-up,,judgment (medium),,,0,/for/property-spv-set-up,0.145,0.068,,0.435,False,False,primary,0.0,0,19,0,,a044afd271a67b7213e5cb4839ca6051781f5e48f34f6c73c521b56359a077fb
/calculators/buy-to-let-rental-stress-test-calculator,/for/property-spv-set-up,,"judgment (low, 2 readers agree)",,,0,/services/landlord-accountant,0.097,0.006,,0.428,False,False,primary,0.0,0,111,0,,6f4f47ecf57052c6a333141f475f9a3ac41f88744bf3f4633bf03e24813e816a
/calculators/buy-to-let-mortgage-calculator,/services/landlord-accountant,,judgment (medium),,,0,/services/landlord-accountant,0.072,0.006,,0.426,False,False,primary,0.0,1,373,0,,6ed6a28b72a9f68d6b3a16edb66a06bc4d36e26c47992be39b0a38f05e90826f
/blog/property-types-and-specialist-tax/serviced-accommodation-tax-fhl-abolition-april-2025,/for/holiday-let-and-serviced-accommodation,/services/property-tax-advice,s2_specific,,,0,/for/holiday-let-and-serviced-accommodation,0.261,0.156,/services/property-tax-advice,0.42,False,False,primary,0.0,0,4,0,property-types-and-specialist-tax,18048aa011abbb78f2a0c48e36897fd19137dc83c651b114caca8c758137f271
/blog/incorporation-and-company-structures/sdlt-sub-sale-relief-mechanics,/blog/incorporation-and-company-structures/how-to-transfer-property-into-limited-company-uk,/for/moving-property-into-a-limited-company,judgment (medium),,,0,/for/moving-property-into-a-limited-company,0.127,0.006,/for/moving-property-into-a-limited-company,0.419,False,False,primary,0.0,0,31,0,incorporation-and-company-structures,a13089d6800ac9697c665876f439b7262e22dcde1803ecfc6388fb40ae509c0a
/calculators/rental-income-tax-calculator,/services/landlord-accountant,,judgment (high),,,0,/services/landlord-accountant,0.102,0.04,,0.418,False,False,primary,0.0,0,60,0,,57ceb06c794082710ee6bcd28193be82f4d161bf5bb5f450620619a9bfe1f099
/blog/landlord-tax-essentials/record-keeping-landlords-what-track-how-long-keep,/services/landlord-accountant,,judgment (medium),,,0,/for/landlord-self-assessment-and-mtd,0.144,0.061,/services/landlord-accountant,0.417,False,False,primary,0.0,16,591,0,landlord-tax-essentials,2436600892a525459d9c2ceb4a9a80385f7a13a27f333691668ceff4710baa28
/blog/landlord-tax-essentials/how-to-calculate-net-rental-income-after-all-costs-uk-guide,/services/landlord-accountant,,judgment (medium),,,0,/for/landlord-self-assessment-and-mtd,0.074,0.0,/services/landlord-accountant,0.416,False,False,primary,0.0,4,247,0,landlord-tax-essentials,24f4e4a4dc786f66d63ac22edb9c907b1bcfa0b307860b8c026cff5f820a17e6
/blog/property-accountant-services/file-dormant-accounts-a-complete-guide,/for/property-spv-set-up,,judgment (medium),,,0,/for/property-spv-set-up,0.119,0.026,/services/property-accountant,0.416,False,False,primary,0.0,0,32,0,property-accountant-services,18eacb3dac1b847d0a249db5136f02e9b9be843fdb553d9825cf5d2982de903f
/blog/property-accountant-services/plymouth-property-accountant-local-landlord-tax-services,/services/property-accountant,,judgment (high),,,0,/for/hmo-and-multi-let-landlords,0.163,0.007,/services/property-accountant,0.416,False,False,primary,0.0,0,40,0,property-accountant-services,82bed037b7d52e8cb94db5340f817c1ae23f8779d731153e0215b95799fe91c1
/blog/landlord-tax-essentials/tenancy-deposits-landlord-tax-position,/services/landlord-accountant,,judgment (medium),,,0,/for-letting-agents,0.146,0.067,/services/landlord-accountant,0.414,False,False,primary,0.0,2,168,0,landlord-tax-essentials,b7b2c897ed0133562d49b2f275dba0071d7c77f743e3d5dabe230689439863bd
/blog/section-24-and-tax-relief/landlord-insurance-tax-deductible,/services/landlord-accountant,,judgment (medium),,,0,/for/moving-property-into-a-limited-company,0.067,0.014,/services/property-tax-advice,0.414,False,False,primary,0.0,24,2697,0,section-24-and-tax-relief,9b091938802cbad96b907d56aac368fbf8f23341ee588665f0488f2480faf984
/blog/incorporation-and-company-structures/substantial-shareholding-exemption-property-companies,/services/property-tax-advice,,judgment (medium),,,0,/for/moving-property-into-a-limited-company,0.118,0.011,/for/moving-property-into-a-limited-company,0.411,False,False,primary,0.0,11,1940,0,incorporation-and-company-structures,a990bb15566952479551ec0d45cf7ca9359c3e8f1dbe4415d04433d1b5678491
/blog/property-finance/self-employed-buy-to-let-mortgage,/services/landlord-accountant,,"judgment (low, 2 readers agree)",,,0,/services/landlord-accountant,0.084,0.006,/services/property-accountant,0.411,False,False,primary,0.0,0,128,0,property-finance,ce34efe50dd3c1a60e4506699f6b99657026f8a0e5d286e7c753f330b3d557b8
/blog/non-resident-landlord-tax/automatic-exchange-of-information,/services/non-resident-landlord,/for/rental-income-disclosure,judgment (medium),,,0,/services/non-resident-landlord,0.065,0.003,/services/non-resident-landlord,0.408,False,False,primary,0.0,0,542,0,non-resident-landlord-tax,b80b5aa763d7b8afd2f168351c893cc905a2955daf9de3f78edf892ccfe85da4
/blog/property-accountant-services/cheltenham-property-accountant-landlord-tax-services,/for/holiday-let-and-serviced-accommodation,/services/property-accountant,s2_specific,,,0,/for/holiday-let-and-serviced-accommodation,0.209,0.031,/services/property-accountant,0.407,False,False,primary,0.0,0,6,0,property-accountant-services,30cc18cd2980f8f02bb81100f55f6777d6f3160fef4121acacdee005f67418c2
/for/selling-a-buy-to-let,/services/landlord-accountant,,judgment (high),/services/landlord-accountant,1.0,4,/blog/capital-gains-tax/capital-gains-tax-second-home-sale,0.229,0.042,,0.407,False,True,primary,0.235,0,19,0,,6122c26d516af073b8f63f00c37b1a0070c1c2988e1912907b6bfd268a6d4cad
/blog/making-tax-digital-mtd/making-tax-digital-major-self-assessment-overhaul-ahead,/for/landlord-self-assessment-and-mtd,,s2_specific,,,0,/for/landlord-self-assessment-and-mtd,0.209,0.139,/for/landlord-self-assessment-and-mtd,0.406,False,False,primary,0.0,0,6,0,making-tax-digital-mtd,f3e35630d6425c53665621e8210805f01eb1996663aea203d1cddfb9bfc455d3
/blog/property-types-and-specialist-tax/capital-allowances-on-property,/services/property-tax-advice,,judgment (high),,,0,/blog/capital-gains-tax/capital-gains-tax-second-home-sale,0.108,0.004,/services/property-tax-advice,0.403,False,False,primary,0.0,19,3505,0,property-types-and-specialist-tax,e53cd705f38aa65be13af4fe7a9cca6beea085cc0020600f2cccf0c5205eb6da
/blog/property-accountant-services/property-accountant-wolverhampton-specialist-tax-services,/services/property-accountant,,judgment (high),,,0,/for/hmo-and-multi-let-landlords,0.161,0.03,/services/property-accountant,0.4,False,False,primary,0.0,0,77,0,property-accountant-services,5ba37f818c93fd1d2f87fe80a301187f1bb3c266fc976c6ec7895126867c4b4e
/blog/incorporation-and-company-structures/property-company-group-relief-corporation-tax,/services/property-tax-advice,,judgment (medium),/for/moving-property-into-a-limited-company,1.0,1,/for/property-spv-set-up,0.2,0.044,/for/moving-property-into-a-limited-company,0.399,False,False,primary,0.071,13,818,0,incorporation-and-company-structures,0d9d8c42e9fc0dcff25e2bb931ad53508ef66b2668376be293a8796acfa77e5e
/blog/property-types-and-specialist-tax/vat-on-new-builds-residential-property,/services/property-tax-advice,,judgment (medium),,,0,/services/property-tax-advice,0.063,0.021,/services/property-tax-advice,0.396,False,False,primary,0.0,2,540,0,property-types-and-specialist-tax,1f1dd37cc6b74291d40b03e2e7e9dd19246775207fef8b49737cc5f4119696b1
/blog/property-accountant-services/cambridge-property-accountant-landlord-tax-services,/services/property-accountant,,judgment (high),,,0,/services/landlord-accountant,0.175,0.0,/services/property-accountant,0.395,False,False,primary,0.0,0,22,0,property-accountant-services,57255b6744205c91df03a2ab473b0b9f1cf94141bf7e489e5c76d460f2736cb2
/blog/property-types-and-specialist-tax/annual-tax-on-enveloped-dwellings-pro-and-cons,/services/property-tax-advice,,judgment (medium),,,0,/for/landlord-retirement-and-succession,0.118,0.035,/services/property-tax-advice,0.393,False,False,primary,0.0,3,306,0,property-types-and-specialist-tax,383fec6e8e19ff4ba6e732a4a4a91547e9d58a8711fa4eb2b26e3ec3c60b76e7
/blog/making-tax-digital-mtd/mtd-itsa-exit-rule-income-drops-three-year-test,/for/landlord-self-assessment-and-mtd,,judgment (high),,,0,/for/landlord-self-assessment-and-mtd,0.148,0.077,/for/landlord-self-assessment-and-mtd,0.392,False,False,primary,0.0,0,13,0,making-tax-digital-mtd,ed5ca2343fb8cda8c95dcd677d2870e7c0b9bab52b6667fe3c65be6ec5e11e09
/blog/incorporation-and-company-structures/btl-spv-directors-loan-repayment-strategy-tax-efficient-extraction,/for/property-company-profit-extraction,,judgment (high),,,0,/for/property-spv-set-up,0.139,0.041,/for/moving-property-into-a-limited-company,0.39,False,False,primary,0.0,0,11,0,incorporation-and-company-structures,236dc8ae866d7f0f1a6c30a6d427380f6552ce707cf2a16b21b6b72c5896688c
/blog/incorporation-and-company-structures/director-living-in-property-owned-by-limited-company,/for/property-company-profit-extraction,,judgment (medium),,,0,/for/moving-property-into-a-limited-company,0.131,0.006,/for/moving-property-into-a-limited-company,0.39,False,False,primary,0.0,8,108,0,incorporation-and-company-structures,258c7e148c69dd6fb2027a553e79f8308f287f02376de0168efc3f5b59e717ca
/blog/landlord-tax-essentials/inheritance-tax-a-brief-summary,/for/landlord-retirement-and-succession,,judgment (medium),,,0,/landed-estates,0.119,0.005,/services/landlord-accountant,0.39,False,False,primary,0.0,0,30,0,landlord-tax-essentials,25256ad7666ef19ed7da7d605e94c0c529eca5769c39615c08a397f1ad33cc9f
/blog/property-types-and-specialist-tax/impact-of-fhl-tax-abolition-on-pension-contributions-key-insights-strategies,/for/holiday-let-and-serviced-accommodation,,judgment (high),,,0,/for/holiday-let-and-serviced-accommodation,0.095,0.025,/services/property-tax-advice,0.375,False,False,primary,0.0,0,52,0,property-types-and-specialist-tax,52c732b8bee57030a6fa157a4ba4b513b80648f40ceede7dc602ba8fcdc12410
/blog/landlord-tax-essentials/iht-property-investors-decision-framework-2026-onwards,/landed-estates,/services/landlord-accountant,s2_specific,,,0,/landed-estates,0.208,0.1,/services/landlord-accountant,0.373,False,False,primary,0.0,0,5,0,landlord-tax-essentials,785c1f2d395842716f299d2f52a6083341c14927d4791eb397c81c352a527353
/blog/capital-gains-tax/rollover-relief-property-landlords,/for/selling-a-buy-to-let,,judgment (medium),,,0,/for/moving-property-into-a-limited-company,0.104,0.005,/for/selling-a-buy-to-let,0.37,False,False,primary,0.0,0,40,0,capital-gains-tax,32508fd653b9e5915076bf4ad09ab6877ced17311a8af813f9a4fe6be318f571
/blog/incorporation-and-company-structures/fic-complete-guide-property-wealth-transfer,/for/landlord-retirement-and-succession,,judgment (high),,,0,/for/landlord-retirement-and-succession,0.176,0.023,/for/moving-property-into-a-limited-company,0.367,False,False,primary,0.0,0,7,0,incorporation-and-company-structures,d93634c3fdc377529eebcba80b182681f2df5c5bd0ba9c5b43f90d56ff1d3b16
/blog/incorporation-and-company-structures/putting-rental-property-into-a-trust-decision-pillar-iht-cgt-sdlt-stack,/for/landlord-retirement-and-succession,,judgment (high),,,0,/for/landlord-retirement-and-succession,0.129,0.049,/for/moving-property-into-a-limited-company,0.364,False,False,primary,0.0,0,16,0,incorporation-and-company-structures,83601969a3a2e6fbddfdfdbc7798c3f5e9bd7f7a32c0b98f045e1ca23678e595
/blog/property-accountant-services/exeter-property-accountant-specialist-tax-services,/services/property-accountant,,judgment (high),,,0,/for/holiday-let-and-serviced-accommodation,0.217,0.023,/services/property-accountant,0.362,False,False,primary,0.0,0,31,0,property-accountant-services,c589d25b6fe8b4513c431a9f2e11452fde3164599a8d93fb0c720c10ecd07661
/blog/section-24-and-tax-relief/buy-to-let-refinancing-when-does-it-make-sense,/services/property-tax-advice,,judgment (medium),,,0,/for/moving-property-into-a-limited-company,0.117,0.001,/services/property-tax-advice,0.362,False,False,primary,0.0,3,56,0,section-24-and-tax-relief,02b5676ce63005e0f554e014720d49f220f209d84fd91a5c4a006ed6da0fd87e
/blog/incorporation-and-company-structures/selling-a-property-spv-share-sale-vs-asset-sale,/for/selling-a-buy-to-let,/services/property-tax-advice,judgment (medium),,,0,/for/selling-a-buy-to-let,0.201,0.012,/for/moving-property-into-a-limited-company,0.36,False,False,primary,0.0,0,5,0,incorporation-and-company-structures,988cf4076171a39be310c382569a48f8ca1d0a3b3140c90cdec1b52c87738f2c
/blog/incorporation-and-company-structures/landlord-incorporation-step-by-step-guide-uk,/for/moving-property-into-a-limited-company,,s2_specific,/for/moving-property-into-a-limited-company,1.0,3,/for/moving-property-into-a-limited-company,0.259,0.091,/for/moving-property-into-a-limited-company,0.359,False,False,primary,1.0,0,3,0,incorporation-and-company-structures,cfd7df539185e63b110e3e5433342390c569949f58a5470752cc4b14405a75eb
/blog/property-accountant-services/property-accountant-swansea-landlord-tax-services,/services/property-accountant,,judgment (high),,,0,/for/hmo-and-multi-let-landlords,0.156,0.027,/services/property-accountant,0.358,False,False,primary,0.0,0,116,0,property-accountant-services,c816dd842fd32e2351dc55a0ed7c3dbd8eb5119014c07c9ee552b3d7b2a92d60
/blog/non-resident-landlord-tax/are-you-leaving-the-uk-permanently,/for/non-resident-landlords,/services/non-resident-landlord,judgment (high),,,0,/services/non-resident-landlord,0.167,0.102,/services/non-resident-landlord,0.355,False,False,primary,0.0,0,6,0,non-resident-landlord-tax,14ea7033086b1a2020b6420f52bfc2a11c81cbf3fce8973744c935edb586aeaa
/blog/incorporation-and-company-structures/sdlt-group-relief-for-corporate-landlord-portfolios,/services/property-tax-advice,,judgment (medium),,,0,/for/property-spv-set-up,0.18,0.024,/for/moving-property-into-a-limited-company,0.354,False,False,primary,0.0,6,1169,0,incorporation-and-company-structures,38339c61c13b7571b40ba3dd412232fca0551b46c6233eed4737d80ed37e18e9
/blog/incorporation-and-company-structures/2027-tax-rates-incorporation-decision-uk-landlords,/for/moving-property-into-a-limited-company,,judgment (high),,,0,/for/moving-property-into-a-limited-company,0.181,0.051,/for/moving-property-into-a-limited-company,0.352,False,False,primary,0.0,0,6,0,incorporation-and-company-structures,9cbeec8718d2365086e69b0e7032a606e1881eea95ff982e931c3a6329de308f
/blog/landlord-tax-essentials/land-transaction-tax-a-complete-guide,/services/property-tax-advice,,"judgment (low, 2 readers agree)",,,0,/blog/incorporation-and-company-structures/how-to-transfer-property-into-limited-company-uk,0.129,0.041,/services/landlord-accountant,0.346,False,False,primary,0.0,19,4457,0,landlord-tax-essentials,277960e51328b3f74ef0bc6578ac71d14bb42bd5ea4a527babe5bfad3faad766
/blog/property-finance/portfolio-landlord-mortgages-guide,/services/property-tax-advice,,manager override,,,0,/for/property-spv-set-up,0.112,0.002,/services/property-accountant,0.344,False,False,primary,0.0,0,79,0,property-finance,2f9ffe6ac97b993ca321bf248edfa528e2ca4a1f593863b6ca51f7bafa95cf2f
/blog/landlord-tax-essentials/rra-2026-whats-in-force-letting-agents,/for-letting-agents,,judgment (high),,,0,/for-letting-agents,0.077,0.034,/services/landlord-accountant,0.342,False,False,primary,0.0,0,86,0,landlord-tax-essentials,3b7abb2878edb175ef3d1a45e41fc49303827dba412b3ed97582bf5b91f291fa
/blog/property-types-and-specialist-tax/property-development-tax-trading-vs-investment-income,/services/property-tax-advice,,judgment (medium),,,0,/for/selling-a-buy-to-let,0.072,0.014,/services/property-tax-advice,0.341,False,False,primary,0.0,2,796,0,property-types-and-specialist-tax,19afded5197ec210c110a52b7a446dac8b1f6bc5c9647ff84c1e1664f41d8e39
/blog/making-tax-digital-mtd/government-to-implement-mtd-for-it-with-lower-threshold,/for/landlord-self-assessment-and-mtd,,s2_specific,,,0,/for/landlord-self-assessment-and-mtd,0.211,0.146,/for/landlord-self-assessment-and-mtd,0.34,False,False,primary,0.0,0,4,0,making-tax-digital-mtd,210fefa1ac99e1f7e7f5c7451269cf3b6a7b77f44fbb4d0f1e6d5f764ff91cf0
/blog/property-types-and-specialist-tax/commercial-property-tax-landlords-rates-reliefs-allowances,/services/property-tax-advice,,judgment (high),,,0,/for/moving-property-into-a-limited-company,0.094,0.014,/services/property-tax-advice,0.339,False,False,primary,0.0,30,3131,0,property-types-and-specialist-tax,f1c73b1d169ebed35dcd3073f1f47a59e84438ae5281ee4eef6e4cf6a339395f
/blog/incorporation-and-company-structures/incorporate-rental-property-without-cgt,/for/moving-property-into-a-limited-company,,s2_specific,,,0,/for/moving-property-into-a-limited-company,0.307,0.098,/for/moving-property-into-a-limited-company,0.338,False,False,primary,0.0,0,2,0,incorporation-and-company-structures,293e37d5b613e542117706a812229881171cacec4e49b80567dc9b4b251eedac
/blog/landlord-tax-essentials/what-repairs-can-landlords-deduct-from-rental-income,/services/landlord-accountant,,judgment (medium),,,0,/for/selling-a-buy-to-let,0.074,0.004,/services/landlord-accountant,0.337,False,False,primary,0.0,0,147,0,landlord-tax-essentials,02fc9c37eca308798a812474aa65aaa9ec44feda5341e686900c83b5ef515e30
/blog/incorporation-and-company-structures/property-company-accounting-requirements-hmrc-expectations,/services/property-accountant,,judgment (medium),,,0,/for/property-spv-set-up,0.161,0.029,/for/moving-property-into-a-limited-company,0.336,False,False,primary,0.0,0,87,0,incorporation-and-company-structures,7ffffc20cb450f582e8beeced76dda7b44ec2f14d52103e00a60edf6e900632b
/blog/portfolio-management/refinancing-rental-property-when-does-it-make-financial-sense,/services/property-tax-advice,,"judgment (low, 2 readers agree)",,,0,/for/moving-property-into-a-limited-company,0.111,0.028,/services/property-tax-advice,0.336,False,False,primary,0.0,1,218,0,portfolio-management,4cd1ffe68efcfaa40c59ec494d7c80b52e2c3bbc15b36e4f396798a2a53b0098
/blog/incorporation-and-company-structures/ated-complete-guide-2026-27,/services/property-tax-advice,,judgment (medium),,,0,/for/moving-property-into-a-limited-company,0.107,0.016,/for/moving-property-into-a-limited-company,0.334,False,False,primary,0.0,11,2380,0,incorporation-and-company-structures,4f1d5a6763867d17aa212fc9fc19bbf702def6b7ae57c35d354033d02e490778
/blog/incorporation-and-company-structures/fic-growth-shares-and-freezer-shares-design,/for/landlord-retirement-and-succession,,judgment (high),,,0,/blog/incorporation-and-company-structures/how-to-transfer-property-into-limited-company-uk,0.093,0.009,/for/moving-property-into-a-limited-company,0.331,False,False,primary,0.0,1,40,0,incorporation-and-company-structures,66d175b507797a4bc9bc200a4b416e427f0fd096029eaf71f858f37796aa557c
/for/landlord-retirement-and-succession,/services/property-accountant,/for/gifting-property-to-family,judgment (high),/services/property-accountant,1.0,24,/for/gifting-property-to-family,0.212,0.037,,0.321,False,True,primary,0.96,0,30,0,,496a94afc49e9e6d535a98cf4eaef8cd234cdd8b67ee4814cc3561acfa5ac083
/blog/property-accountant-services/property-accountant-preston-expert-tax-services-local-landlords,/services/property-accountant,,judgment (high),,,0,/for/holiday-let-and-serviced-accommodation,0.183,0.001,/services/property-accountant,0.32,False,False,primary,0.0,0,41,0,property-accountant-services,461b35af70c1280b9c0f4c69fe2c951f00d55346d0b28fcc628d8328482596a2
/for/landlord-self-assessment-and-mtd,/services/landlord-accountant,,judgment (high),,,0,/services/landlord-accountant,0.099,0.021,,0.32,False,False,primary,0.0,0,24,0,,5fef2580c145b1c83b63ae01141d5b1fd803220b642982862d10767fa2b23aa6
/blog/incorporation-and-company-structures/starting-property-business-sole-trader-vs-ltd-vs-partnership,/for/first-time-and-accidental-landlords,/for/property-spv-set-up,judgment (medium),,,0,/blog/incorporation-and-company-structures/how-to-transfer-property-into-limited-company-uk,0.264,0.085,/for/moving-property-into-a-limited-company,0.318,False,False,primary,0.0,0,89,0,incorporation-and-company-structures,6919d04b7576f2eb12c11ac380bd0840f562f88d150b427298018ad6ed506a36
/blog/landlord-tax-essentials/sdlt-leasehold-extension-vs-fresh-purchase,/services/property-tax-advice,,"judgment (low, 2 readers agree)",,,0,/for/selling-a-buy-to-let,0.045,0.005,/services/landlord-accountant,0.31,False,False,primary,0.0,17,2525,0,landlord-tax-essentials,4106e97b6762d635f8efab459e11d902745bf1fbfadf3c17fb5d8ab015e7950b
/blog/property-accountant-services/property-accountant-bournemouth-landlords-tax-services,/services/property-accountant,,judgment (high),/services/landlord-accountant,1.0,3,/for/hmo-and-multi-let-landlords,0.171,0.054,/services/property-accountant,0.31,False,False,primary,0.6,0,105,0,property-accountant-services,e2e1edec9ebba7dcced32332bb6ee4c2c8758aa651da6b352508cec9ef08c8c9
/blog/property-types-and-specialist-tax/section-24-commercial-property-complete-guide,/services/property-tax-advice,,judgment (high),,,0,/for/moving-property-into-a-limited-company,0.126,0.036,/services/property-tax-advice,0.307,False,False,primary,0.0,1,60,0,property-types-and-specialist-tax,64434bf5306f68e51e59ee827b26c8e3d8621d61d259d31b3f230dcca18c8352
/blog/property-accountant-services/newcastle-property-accountant-landlord-tax-services,/services/property-accountant,,judgment (high),,,0,/for/landlord-self-assessment-and-mtd,0.181,0.042,/services/property-accountant,0.305,False,False,primary,0.0,0,26,0,property-accountant-services,4781aa2f2b3a703b977ba37614af2f4fcedcf29cecb49aaa406e47e5e06404f4
/blog/landlord-tax-essentials/iht-1m-bpr-apr-cap-mixed-trading-investing-landlord-allocation,/landed-estates,/services/landlord-accountant,s2_specific,,,0,/landed-estates,0.219,0.146,/services/landlord-accountant,0.304,False,False,primary,0.0,0,3,0,landlord-tax-essentials,9d52ffad7294b9121596e6e971eb7a9ab3725e2e9f99a3d3692b67930f155bc5
/blog/section-24-and-tax-relief/section-24-2027-tax-year-planning-landlords,/services/property-tax-advice,/for/moving-property-into-a-limited-company,judgment (high),,,0,/for/moving-property-into-a-limited-company,0.078,0.005,/services/property-tax-advice,0.298,False,False,primary,0.0,0,68,0,section-24-and-tax-relief,330e1a16a44145c9d7ad5ee7bb536009b3701627210c82673e2240dce74c20bf
/blog/incorporation-and-company-structures/ated-rental-property-relief-mechanics,/services/property-tax-advice,,judgment (medium),,,0,/for/moving-property-into-a-limited-company,0.165,0.08,/for/moving-property-into-a-limited-company,0.296,False,False,primary,0.0,1,148,0,incorporation-and-company-structures,8ed6ee70d9080c7ad3961e8304f5a00f86bc37ad13feef6e62feaaf8bf516c96
/blog/incorporation-and-company-structures/corporate-tax-planning-strategies-for-uk-clients,/services/property-tax-advice,,judgment (medium),,,0,/for/property-spv-set-up,0.131,0.014,/for/moving-property-into-a-limited-company,0.295,False,False,primary,0.0,0,42,0,incorporation-and-company-structures,5bf0645c92ae4d2aff48baa3a411e58862c1df3aa803aa122a9ff3755f576cf3
/blog/incorporation-and-company-structures/alphabet-shares-property-spv-dividend-splitting-spouse-children,/for/property-company-profit-extraction,/for/couples-splitting-rental-income,judgment (medium),,,0,/for/property-spv-set-up,0.13,0.028,/for/moving-property-into-a-limited-company,0.294,False,False,primary,0.0,12,1302,0,incorporation-and-company-structures,4862698e415bb5a5018a7b8320e40a198e6942f0029d944888fdedafa902a7f7
/blog/property-accountant-services/brighton-property-accountant-specialist-tax-services,/for/hmo-and-multi-let-landlords,/services/property-accountant,s2_specific,,,0,/for/hmo-and-multi-let-landlords,0.211,0.059,/services/property-accountant,0.293,False,False,primary,0.0,0,3,0,property-accountant-services,547daf6242a58e06f3e986eca95cdf71b1ac095969a54871ad5b2a21f257fc3c
/blog/incorporation-and-company-structures/how-to-close-a-property-limited-company,/for/property-company-profit-extraction,,judgment (medium),,,0,/for/property-spv-set-up,0.148,0.029,/for/moving-property-into-a-limited-company,0.292,False,False,primary,0.0,2,50,0,incorporation-and-company-structures,b2e3774c8ce73a93377457bc558d255452a7ab237cf3f1ea7f09ea948957fde2
/blog/landlord-tax-essentials/jointly-owned-property,/for/couples-splitting-rental-income,,judgment (medium),,,0,/for/landlord-retirement-and-succession,0.073,0.015,/services/landlord-accountant,0.29,False,False,primary,0.0,2,315,0,landlord-tax-essentials,79c0dceadd91f23059d616610e010d17e8ab141ded2892d3aa022c4cb5657d09
/blog/section-24-and-tax-relief/aia-capital-allowance-property-landlords,/services/property-tax-advice,,judgment (medium),,,0,/for/moving-property-into-a-limited-company,0.062,0.001,/services/property-tax-advice,0.29,False,False,primary,0.0,1,306,0,section-24-and-tax-relief,742b55f3a9d27b049129ee7050dbfe58d109f4205d5a3d80050878d2d33dcb9e
/blog/property-types-and-specialist-tax/serviced-accommodation-vs-buy-to-let-tax-comparison-2026,/for/holiday-let-and-serviced-accommodation,/services/property-tax-advice,s2_specific,,,0,/for/holiday-let-and-serviced-accommodation,0.262,0.129,/services/property-tax-advice,0.288,False,False,primary,0.0,0,2,0,property-types-and-specialist-tax,51d02a5ebc6442d099d733c75b259aa253645fad9df836fe4332c2bc30f79128
/blog/landlord-tax-essentials/accidental-landlord-taxes-a-complete-guide,/for/first-time-and-accidental-landlords,,judgment (high),,,0,/for/inherited-property,0.158,0.04,/services/landlord-accountant,0.286,False,False,primary,0.0,0,2,0,landlord-tax-essentials,23518e92fef9864b422050e07b4957749e047c74943577fc5b846503ad586f2a
/blog/landlord-tax-essentials/inheritance-tax-and-the-family-home,/for/gifting-property-to-family,,judgment (medium),,,0,/blog/capital-gains-tax/capital-gains-tax-second-home-sale,0.169,0.044,/services/landlord-accountant,0.286,False,False,primary,0.0,0,9,0,landlord-tax-essentials,0d094af2a9f2435a70c75776dca4992c4a786f2c2704c422c950a41b97d4c606
/blog/incorporation-and-company-structures/retained-profits-property-company-tax-advantages,/for/moving-property-into-a-limited-company,,judgment (medium),,,0,/for/moving-property-into-a-limited-company,0.097,0.001,/for/moving-property-into-a-limited-company,0.284,False,False,primary,0.0,0,18,0,incorporation-and-company-structures,0cc347b31223505de725ba791f66c080065c09c95408c782a2e166fa2796b907
/blog/landlord-tax-essentials/schedule-24-fa-2007-penalty-behaviour-categories-landlord-enquiries,/for/rental-income-disclosure,,judgment (medium),,,0,/services/landlord-accountant,0.062,0.017,/services/landlord-accountant,0.284,False,False,primary,0.0,1,583,0,landlord-tax-essentials,a22db16e584e409f2896cc34c8bc2adfe3417eb31bf84a42496b34ef0289d8a0
/blog/section-24-and-tax-relief/section-24-joint-property-ownership-tax-split,/for/couples-splitting-rental-income,,judgment (high),,,0,/for/selling-a-buy-to-let,0.097,0.028,/services/property-tax-advice,0.281,False,False,primary,0.0,0,5,0,section-24-and-tax-relief,34a6bc29972c1ab00573774f69680e0007276f1c9a0bfa604f2ff46d0995b198
/blog/incorporation-and-company-structures/corporation-tax-vs-income-tax-landlords-2027,/for/moving-property-into-a-limited-company,,judgment (high),,,0,/for/moving-property-into-a-limited-company,0.105,0.006,/for/moving-property-into-a-limited-company,0.277,False,False,primary,0.0,0,13,0,incorporation-and-company-structures,10acea2d9059f38405f288f628c8283bed7db1a945aee46fd1af305925e0a94d
/blog/incorporation-and-company-structures/hybrid-limited-liability-partnership,/services/property-tax-advice,,judgment (medium),,,0,/for/moving-property-into-a-limited-company,0.103,0.001,/for/moving-property-into-a-limited-company,0.275,False,False,primary,0.0,0,18,0,incorporation-and-company-structures,89f9604e70f40113ae0936a8660dece5a53b642dce3592791b240be93435a44b
/blog/landlord-tax-essentials/iht-joint-ownership-property-spouse-exemption-transferable-allowances-jointly-tic-vs-jt,/for/landlord-retirement-and-succession,,judgment (medium),,,0,/landed-estates,0.127,0.062,/services/landlord-accountant,0.274,False,False,primary,0.0,3,393,0,landlord-tax-essentials,49840be26a7f2b5f9e878850445cedb2b3135c757bca1a207f47a09090a09b68
/blog/property-accountant-services/3m-mortgage-fraud-convicts-accountant-and-financial-adviser,/services/property-accountant,,manager override,,,0,/for/rental-income-disclosure,0.072,0.005,/services/property-accountant,0.273,False,False,primary,0.0,1,49,0,property-accountant-services,14c5b08fabd35aee39ae0ad1310a3a6189138c86128c0b8b103fcaea9b059d7a
/blog/non-resident-landlord-tax/moving-to-dubai-uk-rental-property-tax-pathway,/for/non-resident-landlords,/services/non-resident-landlord,judgment (high),,,0,/services/non-resident-landlord,0.075,0.025,/services/non-resident-landlord,0.272,False,False,primary,0.0,1,19,0,non-resident-landlord-tax,c2f40dd37b9ff2b0cc2f35b736ea8a88a7e72d0b274cc006f21d26d105f5cf3a
/blog/incorporation-and-company-structures/ated-15-percent-flat-rate-sdlt-interaction,/services/property-tax-advice,,judgment (medium),,,0,/for/moving-property-into-a-limited-company,0.104,0.002,/for/moving-property-into-a-limited-company,0.271,False,False,primary,0.0,1,132,0,incorporation-and-company-structures,7a75035e0f1a4efc818487feacbb96efd12c947f57f945cbb83ad0a40a1a35fe
/blog/portfolio-management/btl-investment-plymouth-cardiff-landlord-hotspots,/services/property-tax-advice,,judgment (medium),,,0,/locations/bristol,0.091,0.009,/services/property-tax-advice,0.271,False,False,primary,0.0,1,192,0,portfolio-management,4d45cf8f4fbca4005c257a75c4c7f56377cba549178d4adc3267adcaf287dfa6
/blog/incorporation-and-company-structures/llp-accounts,/services/property-accountant,,judgment (medium),,,0,/for/moving-property-into-a-limited-company,0.077,0.0,/for/moving-property-into-a-limited-company,0.269,False,False,primary,0.0,0,91,0,incorporation-and-company-structures,0dfba7c76453832c59e59af86bac75d8f9cdf931f0de2a88ff31f6fd4de35da7
/blog/property-accountant-services/change-landlord-accountants,/services/landlord-accountant,,judgment (high),,,0,/for-letting-agents,0.085,0.007,/services/property-accountant,0.269,False,False,primary,0.0,0,33,0,property-accountant-services,14c3a28ac84cf43d069e62069aa8ba509e0e1c32b618fefd26004d24dfaa1a18
/for/gifting-property-to-family,/services/property-tax-advice,,judgment (medium),,,0,/for/moving-property-into-a-limited-company,0.145,0.03,,0.268,False,False,primary,0.0,0,39,0,,ab3d220b434a5916ac0c87af9a9a0e1c2bbe07f485c23aa81374c6f77089b164
/blog/making-tax-digital-mtd/property-accounting-software-uk-2026,/for/landlord-self-assessment-and-mtd,,judgment (medium),,,0,/for/landlord-self-assessment-and-mtd,0.191,0.074,/for/landlord-self-assessment-and-mtd,0.265,False,False,primary,0.0,0,3,0,making-tax-digital-mtd,bcfd565836793019f45577bf15184cd432f298212b561defd5316f094d92f48f
/blog/incorporation-and-company-structures/directors-loan-repayment-bed-and-breakfast-trap-s464c-s464d,/for/property-company-profit-extraction,,judgment (high),,,0,/for/property-spv-set-up,0.062,0.004,/for/moving-property-into-a-limited-company,0.264,False,False,primary,0.0,3,11378,0,incorporation-and-company-structures,55e7592d02136be4baa3f4a02c1f3cd374091f67e873e6a69d9d41e8c288bc4f
/blog/property-accountant-services/hmrcs-loan-charge-settling-disguised-remuneration-schemes,/services/property-tax-advice,,manager override,,,0,/for/landlord-retirement-and-succession,0.067,0.009,/services/property-accountant,0.263,False,False,primary,0.0,3,92,0,property-accountant-services,089d3f66165a7b03428096001da240e026e2dccd63ae62617c7b1b8c2c6dd7cc
/for/property-spv-set-up,/services/property-accountant,,judgment (medium),/services/property-accountant,1.0,18,/services/landlord-accountant,0.114,0.006,,0.262,False,False,primary,0.783,0,34,0,,372929ce670d801c7e15dc3299470d5ed4abe6dfd1a0d5871d24c43d8f3c9276
/blog/property-accountant-services/property-accountant-reading-specialist-tax-services,/services/property-accountant,,judgment (high),,,0,/for/landlord-self-assessment-and-mtd,0.235,0.028,/services/property-accountant,0.261,False,False,primary,0.0,0,7,0,property-accountant-services,bcb935fb3bfd6d8592911395741a721da10c1179b3a7d42c95811608b346ee13
/blog/landlord-tax-essentials/cop9-contractual-disclosure-facility-landlord-tax-fraud-investigation,/for/rental-income-disclosure,,judgment (medium),,,0,/for/rental-income-disclosure,0.128,0.079,/services/landlord-accountant,0.249,False,False,primary,0.0,0,6,0,landlord-tax-essentials,a98f1ce9d3ec3a3b994cc1e365b4f8b67f9db7bd542760d9088c587cb34437e2
/blog/property-finance/let-to-buy-mortgages,/for/first-time-and-accidental-landlords,,judgment (medium),,,0,/blog/capital-gains-tax/capital-gains-tax-second-home-sale,0.135,0.0,/services/property-accountant,0.248,False,False,primary,0.0,0,27,0,property-finance,e0adb5bb930ba1a98e15be8467889419d8d5d4ee34ec18f610682a57c050564a
/blog/property-types-and-specialist-tax/labour-plans-stamp-duty-hike-for-overseas-buyers,/services/non-resident-landlord,,"judgment (low, 2 readers agree)",,,0,/services/non-resident-landlord,0.091,0.03,/services/property-tax-advice,0.245,False,False,primary,0.0,0,14,0,property-types-and-specialist-tax,1623fc9d50c64c348c656faeecd23e7aaa50fbbef574f5de5928a26eacb1be9d
/blog/section-24-and-tax-relief/section-24-2027-tax-year-planning-uk-landlords,/services/property-tax-advice,,judgment (medium),,,0,/for/moving-property-into-a-limited-company,0.092,0.037,/services/property-tax-advice,0.244,False,False,primary,0.0,2,64,0,section-24-and-tax-relief,59f94518efc8d914cf9e539cc41b0b2569574645ce4e9adc17b799b61022b054
/leasehold,/services/property-tax-advice,,"judgment (low, 2 readers agree)",,,0,/services/landlord-accountant,0.055,0.002,,0.243,False,False,primary,0.0,3,216,0,,cc5a7612c649f98b3583c8dc405d2a3ab0986c7b0719aa319aa354429b975a66
/blog/landlord-tax-essentials/vat-dilapidations-payments-tenant-landlord-vat-treatment-supply-or-damages,/services/property-tax-advice,,"judgment (low, 2 readers agree)",,,0,/services/non-resident-landlord,0.052,0.003,/services/landlord-accountant,0.242,False,False,primary,0.0,10,1066,0,landlord-tax-essentials,52fa844a6f18726f04048627c77882d66f3a5045cb8512898710d2fc2a0b6a3c
/blog/non-resident-landlord-tax/tax-treaties-property-investors-treaty-framework-guide,/services/non-resident-landlord,,judgment (high),,,0,/services/non-resident-landlord,0.075,0.034,/services/non-resident-landlord,0.242,False,False,primary,0.0,0,24,0,non-resident-landlord-tax,8242df1da1a10d19e2f0c4aa68e7b27cc75864972b252619f636777c26f8dc1b
/blog/section-24-and-tax-relief/rental-income-tax-uk-complete-guide-landlords,/services/landlord-accountant,,judgment (high),,,0,/for/landlord-self-assessment-and-mtd,0.119,0.024,/services/property-tax-advice,0.237,False,False,primary,0.0,0,11,0,section-24-and-tax-relief,8b955ba17104e944a9c3b115b55a67ad6387d1dcd213fded9bac38f8533fb0ef
/blog/landlord-tax-essentials/income-tax-rates-landlords-2026-27-complete-guide,/services/property-tax-advice,,judgment (medium),,,0,/services/landlord-accountant,0.08,0.017,/services/landlord-accountant,0.236,False,False,primary,0.0,0,43,0,landlord-tax-essentials,5ecd2af62c4c4b9c1872fdd60eb459acec151bece3fb5c7073ac2ee134280724
/blog/property-types-and-specialist-tax/lease-variation-and-lease-surrender,/services/property-tax-advice,,"judgment (low, 2 readers agree)",,,0,/landed-estates,0.061,0.005,/services/property-tax-advice,0.235,False,False,primary,0.0,42,2568,0,property-types-and-specialist-tax,e3f4be07d0c880717b1fb449c83376a30f6995e0c5fe78047fe8dac622c4c5d6
/for/hmo-and-multi-let-landlords,/services/landlord-accountant,,judgment (medium),,,0,/services/landlord-accountant,0.107,0.007,,0.235,False,False,primary,0.0,0,8,0,,9ce31cb2b2a909b48dae1567290a8a507a61c8566cee020de53e1449f02e858d
/blog/capital-gains-tax/do-limited-companies-pay-capital-gains-tax-property,/services/property-tax-advice,,judgment (medium),,,0,/blog/capital-gains-tax/capital-gains-tax-second-home-sale,0.202,0.022,/for/selling-a-buy-to-let,0.234,False,False,primary,0.0,8,732,0,capital-gains-tax,c43cbddd7374167046c4e984e5ab25af09dd5a9b80b1738054e010b95ed6cbe2
/blog/incorporation-and-company-structures/property-company-running-costs-annual-budget,/services/property-accountant,/for/property-spv-set-up,judgment (medium),,,0,/services/landlord-accountant,0.124,0.002,/for/moving-property-into-a-limited-company,0.233,False,False,primary,0.0,1,26,0,incorporation-and-company-structures,d7923d45c797c63fc8d7f1d530b58e0d159b7cf6a58286ef586987f98ed2ee45
/blog/incorporation-and-company-structures/how-to-choose-right-property-company-structure-uk-landlords-2026,/for/moving-property-into-a-limited-company,/for/property-spv-set-up,judgment (medium),,,0,/for/moving-property-into-a-limited-company,0.168,0.046,/for/moving-property-into-a-limited-company,0.232,False,False,primary,0.0,0,3,0,incorporation-and-company-structures,857c492de0fa22f75ff401375c6a49ced72396e6de9ccfa10ad6cb074ba92afd
/blog/non-resident-landlord-tax/foreign-tax-credit-uk-property-overseas-landlords,/services/property-tax-advice,,judgment (medium),,,0,/services/non-resident-landlord,0.145,0.069,/services/non-resident-landlord,0.229,False,False,primary,0.0,0,50,0,non-resident-landlord-tax,c6d4e911330f89825ed135a91a3a69a8ab55d074931729aa6b8a25b7ba795b21
/blog/landlord-tax-essentials/property-investment-vs-stocks-shares-tax-comparison,/services/property-tax-advice,,"judgment (low, 2 readers agree)",,,0,/blog/capital-gains-tax/capital-gains-tax-second-home-sale,0.107,0.012,/services/landlord-accountant,0.228,False,False,primary,0.0,0,23,0,landlord-tax-essentials,859a289d87d9412ee33403afbf469bdcf7aa484fec4b5c2f7c475193104b6d46
/blog/property-types-and-specialist-tax/sdlt-mixed-use-rates-vs-residential-property-tribunal-tests-landlords,/services/property-tax-advice,,judgment (medium),,,0,/blog/capital-gains-tax/capital-gains-tax-second-home-sale,0.051,0.003,/services/property-tax-advice,0.228,False,False,primary,0.0,19,681,0,property-types-and-specialist-tax,fb80e6f5c315afa957d76b5dc8d632bc85ce2caf5f88c688ae11ea3308ff686f
/blog/incorporation-and-company-structures/ated-return-amendment-corrections-procedure,/services/property-tax-advice,,judgment (medium),,,0,/for/moving-property-into-a-limited-company,0.088,0.031,/for/moving-property-into-a-limited-company,0.227,False,False,primary,0.0,11,672,0,incorporation-and-company-structures,7702f03b9972bb02436b10f373f4458cca8b9ac3c6cedabd3dafed5aa0c6685c
/blog/section-24-and-tax-relief/section-24-child-benefit-high-income-charge-landlords,/services/property-tax-advice,,judgment (medium),,,0,/for/gifting-property-to-family,0.122,0.035,/services/property-tax-advice,0.227,False,False,primary,0.0,7,246,0,section-24-and-tax-relief,53cc4589de46c7f4aeb7589a119ae4318146145979df3174f6531efda45d2771
/blog/section-24-and-tax-relief/how-to-calculate-section-24-tax-credit-step-by-step,/services/landlord-accountant,,judgment (medium),,,0,/services/landlord-accountant,0.058,0.004,/services/property-tax-advice,0.223,False,False,primary,0.0,0,46,0,section-24-and-tax-relief,fc7de87141abcbc1c6b5045fcec9642c9befb0f0b3c11798a470f81fee9f3686
/blog/landlord-tax-essentials/claim-home-office-deduction-landlords,/services/landlord-accountant,,judgment (medium),,,0,/blog/capital-gains-tax/capital-gains-tax-second-home-sale,0.121,0.052,/services/landlord-accountant,0.222,False,False,primary,0.0,1,61,0,landlord-tax-essentials,bafa18655d3c5b7a287434dffce287e2cd2acd6c3951cce9fa492c1f89d1f550
/property-tax-rates,/services/property-tax-advice,,judgment (medium),,,0,/blog/capital-gains-tax/capital-gains-tax-second-home-sale,0.113,0.025,,0.222,False,False,primary,0.0,0,242,0,,8c5a56265acbf4edf94fd78b41f9fe6bed85b9c9b738af6a9a48a2af75fd1da4
/blog/portfolio-management/property-portfolio-accounting-tracking-profitability,/services/landlord-accountant,,judgment (medium),,,0,/for-letting-agents,0.1,0.009,/services/property-tax-advice,0.22,False,False,primary,0.0,0,14,0,portfolio-management,e2aab7f0b49d9113980a72d9d5b745692e006fe7f6738c2901e049b7998deff8
/blog/landlord-tax-essentials/iht-april-2026-bpr-apr-cap-property-impact,/landed-estates,,judgment (medium),,,0,/landed-estates,0.132,0.043,/services/landlord-accountant,0.212,False,False,primary,0.0,0,4,0,landlord-tax-essentials,37afcafc2875744fc7d2436f37c13a032caf3b4c3b888c8b81f017fd85e5ec81
/calculators/ltt-calculator-wales,/services/property-tax-advice,,"judgment (low, 2 readers agree)",,,0,/blog/capital-gains-tax/capital-gains-tax-second-home-sale,0.113,0.026,,0.21,False,False,primary,0.0,0,34,0,,39b4f3c9d27f847dce3b3fb5777db3af7dcffb6de4b753c900a8b8b29b9f5a1f
/blog/property-types-and-specialist-tax/embedded-capital-allowances-commercial-property,/services/property-tax-advice,,judgment (high),,,0,/blog/capital-gains-tax/capital-gains-tax-second-home-sale,0.074,0.001,/services/property-tax-advice,0.209,False,False,primary,0.0,7,219,0,property-types-and-specialist-tax,1fe0fe63db33db285d9f80ee55193e5475750519e3322f11837925fe9b00f9e0
/blog/capital-gains-tax/cgt-main-residence-relief-joint-ownership-pra-election-spouses-mechanics,/services/property-tax-advice,,judgment (medium),,,0,/blog/capital-gains-tax/capital-gains-tax-second-home-sale,0.152,0.061,/for/selling-a-buy-to-let,0.207,False,False,primary,0.0,6,277,0,capital-gains-tax,bd251728b8aeac5da422ce235ee24e95268f8ce5e8b77a21a2a0d48e2b7ad98f
/blog/property-types-and-specialist-tax/writing-down-allowance-rates,/services/property-tax-advice,,judgment (high),,,0,/blog/capital-gains-tax/capital-gains-tax-second-home-sale,0.067,0.008,/services/property-tax-advice,0.205,False,False,primary,0.0,1,144,0,property-types-and-specialist-tax,5430830986d61b4be2e3b72fde8bea2797a8ce36d65460a1fea91fbc0847cea4
/blog/property-types-and-specialist-tax/how-owning-property-abroad-leads-higher-stamp-duty-rates,/services/property-tax-advice,,"judgment (low, 2 readers agree)",,,0,/blog/incorporation-and-company-structures/how-to-transfer-property-into-limited-company-uk,0.074,0.009,/services/property-tax-advice,0.203,False,False,primary,0.0,16,1298,0,property-types-and-specialist-tax,c60a1deef9813358e49e6e7918d993b06929eb59d14f68ea2e5565d68e64f8b2
/calculators/lbtt-calculator-scotland,/services/property-tax-advice,,"judgment (low, 2 readers agree)",,,0,/blog/capital-gains-tax/capital-gains-tax-second-home-sale,0.12,0.063,,0.202,False,False,primary,0.0,0,143,0,,5027d07907c98e5f4452b3feab291f27bfa067fd0632ea9bc3a2c88fd0aadc8d
/blog/property-types-and-specialist-tax/aia-allowance-uk-property-investors,/services/property-tax-advice,,judgment (high),,,0,/services/property-accountant,0.072,0.012,/services/property-tax-advice,0.201,False,False,primary,0.0,0,59,0,property-types-and-specialist-tax,d495c96d8868138429aa940e3e512cea4300b8a355185fca1938b073682efdb9
/blog/section-24-and-tax-relief/annual-investment-allowance-2024-25,/services/property-tax-advice,,judgment (medium),,,0,/for/moving-property-into-a-limited-company,0.054,0.004,/services/property-tax-advice,0.201,False,False,primary,0.0,1,128,0,section-24-and-tax-relief,9095cd9f00981cc7556e9220faec158c1334aa8e67a4f7acce5b864bc498a0b3
/for/moving-property-into-a-limited-company,/services/property-tax-advice,/for/property-spv-set-up,judgment (medium),/blog/incorporation-and-company-structures/how-to-transfer-property-into-limited-company-uk,1.0,27,/blog/incorporation-and-company-structures/how-to-transfer-property-into-limited-company-uk,0.23,0.054,,0.2,False,False,primary,1.0,0,37,0,,c018430c2494f2b5f9e581b8e4e26de2f91ebd9314df2f86d3a9b8f1c6ae0854
/blog/property-types-and-specialist-tax/badges-of-trade-marson-morton-property-flipping-investment-distinction-landlords,/services/property-tax-advice,,judgment (medium),,,0,/services/property-accountant,0.047,0.001,/services/property-tax-advice,0.198,False,False,primary,0.0,3,98,0,property-types-and-specialist-tax,52635fe9c41293e74953b68b30d49c68f73754d89e26f7dd1c50f902ff0c3c8a
/blog/portfolio-management/property-investment-benchmarks-uk-2026-good-yield,/services/property-tax-advice,,"judgment (low, 2 readers agree)",,,0,/services/property-accountant,0.052,0.004,/services/property-tax-advice,0.197,False,False,primary,0.0,0,137,0,portfolio-management,f6889911edc84b869f9f94a0d10aaf68aa835172d355b593b15b2744d249a6de
/blog/property-types-and-specialist-tax/a-short-guide-planning-permission-in-uk,/services/property-tax-advice,,judgment (medium),,,0,/for/hmo-and-multi-let-landlords,0.095,0.04,/services/property-tax-advice,0.197,False,False,primary,0.0,1,48,0,property-types-and-specialist-tax,e107703d01256024eaf8b779f36e97f58fff72bb04e2712d79b29859a6e32ae1
/blog/property-types-and-specialist-tax/vat-partial-exemption-special-method-approval-landlords-standard-method-override-mechanics,/services/property-tax-advice,,judgment (medium),,,0,/services/non-resident-landlord,0.038,0.008,/services/property-tax-advice,0.195,False,False,primary,0.0,11,720,0,property-types-and-specialist-tax,32a9f1238517041fdc2f39f72abc70996994e7121d5b922216dfabd12b2f3718
/blog/landlord-tax-essentials/property-income-allowance-1000-exemption-vs-expenses,/for/first-time-and-accidental-landlords,,judgment (medium),,,0,/for/landlord-self-assessment-and-mtd,0.12,0.029,/services/landlord-accountant,0.193,False,False,primary,0.0,3,722,0,landlord-tax-essentials,12d4fe218a5aaba10c61bd8e93a2b27d43b0b44f9e12f1313e71d8ae4a5d67d1
/blog/property-accountant-services/peterborough-property-accountant-specialist-tax-services,/services/property-accountant,/services/landlord-accountant,judgment (medium),,,0,/for/hmo-and-multi-let-landlords,0.184,0.05,/services/property-accountant,0.193,False,False,primary,0.0,0,7,0,property-accountant-services,27db48b74e87c746a6bc691246ad5ebf1d7ec3056280d5d3778cb0a1b7b74d79
/blog/property-types-and-specialist-tax/aia-capital-allowances,/services/property-tax-advice,,judgment (medium),,,0,/services/non-resident-landlord,0.074,0.003,/services/property-tax-advice,0.193,False,False,primary,0.0,3,80,0,property-types-and-specialist-tax,978bc6178d1654921b115b6e27576cb33ae73a3c8b71a8c17f5da1f4917297bc
/for/rental-income-disclosure,/services/property-tax-advice,,judgment (medium),/services/landlord-accountant,1.0,8,/services/non-resident-landlord,0.143,0.023,,0.193,False,False,primary,0.727,0,16,0,,cb88592673c14c886e047ba0f510f0b36defb91f42864b75e9b98eb9f2174459
/blog/section-24-and-tax-relief/rental-income-tax-calculator,/services/landlord-accountant,,judgment (high),,,0,/for-letting-agents,0.129,0.031,/services/property-tax-advice,0.19,False,False,primary,0.0,0,6,0,section-24-and-tax-relief,3cd3913a76c09aa33c5850a9d8b9339be09406c42b976c040673fbb8a6d6a878
/blog/landlord-tax-essentials/ltt-refunds-for-derelict-or-uninhabitable-properties,/services/property-tax-advice,,judgment (medium),,,0,/blog/incorporation-and-company-structures/how-to-transfer-property-into-limited-company-uk,0.06,0.01,/services/landlord-accountant,0.189,False,False,primary,0.0,5,280,0,landlord-tax-essentials,5d62b23395e6c312ae979cc688f48deb6845e14d9e55c02c275e4f92ccab5730
/blog/property-accountant-services/beginners-guide-to-cis-verification-in-the-uk,/services/property-accountant,,"judgment (low, 2 readers agree)",,,0,/services/landlord-accountant,0.064,0.01,/services/property-accountant,0.189,False,False,primary,0.0,0,33,0,property-accountant-services,3719c249f6d1bdc1f53c7cfc4fee9b093cd5b26688ad455ece265315bbafe959
/calculators/portfolio-profitability-calculator,/services/property-accountant,,judgment (medium),/services/property-tax-advice,1.0,1,/for/moving-property-into-a-limited-company,0.062,0.014,,0.189,True,False,primary,0.004,7,1080,0,,6494b68f9b5e76e6cefc8000a4b159c91f6ddaeba3260069a53bfffab6eb3e67
/blog/landlord-tax-essentials/pension-iht-april-2027-landlord-estate-planning,/for/landlord-retirement-and-succession,,judgment (high),,,0,/landed-estates,0.147,0.045,/services/landlord-accountant,0.184,False,False,primary,0.0,0,5,0,landlord-tax-essentials,6f5848500cd4c9c8884f04e3ef4e27c5ca450f9b0706e78f9dcee56b7138f2c9
/blog/making-tax-digital-mtd/mtd-itsa-letting-agent-managed-portfolio-who-files-quarterly,/for-letting-agents,/for/landlord-self-assessment-and-mtd,judgment (high),,,0,/for/landlord-self-assessment-and-mtd,0.185,0.019,/for/landlord-self-assessment-and-mtd,0.183,False,False,primary,0.0,0,2,0,making-tax-digital-mtd,40f8df6db304e536c34964f75b8e32bd3b7cd90b63169105e44d6deaed87d6bb
/blog/property-types-and-specialist-tax/full-expensing-capital-allowances,/services/property-tax-advice,,judgment (high),,,0,/for/property-spv-set-up,0.078,0.008,/services/property-tax-advice,0.183,False,False,primary,0.0,1,47,0,property-types-and-specialist-tax,7b594adf7a21425b8eafebd9743dbc401fc4aac5a2aafa62c2826fe90dccc657
/blog/section-24-and-tax-relief/annual-investment-allowance-uk,/services/property-tax-advice,,judgment (medium),,,0,/for/moving-property-into-a-limited-company,0.109,0.054,/services/property-tax-advice,0.181,False,False,primary,0.0,2,79,0,section-24-and-tax-relief,16b7047221637113cd4642474e0d1ef7e099980a3b4ec3f45117d6ed1f8624d0
/blog/incorporation-and-company-structures/buy-to-let-limited-company-mortgage-options,/for/property-spv-set-up,,s2_specific,,,0,/for/property-spv-set-up,0.26,0.08,/for/moving-property-into-a-limited-company,0.18,False,False,primary,0.0,0,1,0,incorporation-and-company-structures,568327a81fd450c7b8af7c663ddafa2e3230f6056981956238638dd081eac8cc
/blog/property-types-and-specialist-tax/integral-features-capital-allowances,/services/property-tax-advice,,judgment (medium),,,0,/for/selling-a-buy-to-let,0.047,0.004,/services/property-tax-advice,0.179,False,False,primary,0.0,27,4345,0,property-types-and-specialist-tax,4cff833c8816818a7186a1ef16d8ccdc206d0028d0943928d9c66de1e4a6792e
/blog/landlord-tax-essentials/schedule-24-fa-2007-careless-deliberate-penalty-mitigation-landlords,/for/rental-income-disclosure,,judgment (medium),,,0,/for/landlord-retirement-and-succession,0.079,0.048,/services/landlord-accountant,0.178,False,False,primary,0.0,1,307,0,landlord-tax-essentials,8ac6bb6a61c970e8804d2268acd46cb1d216647e53149d05dcaf9bc491ce3057
/blog/property-types-and-specialist-tax/remittance-basis-tax-insights-for-non-domiciled-individuals,/services/property-tax-advice,,judgment (medium),,,0,/services/non-resident-landlord,0.103,0.043,/services/property-tax-advice,0.178,False,False,primary,0.0,0,48,0,property-types-and-specialist-tax,f05810d175403e761cc7490f5bdf5971bd39b60bed0e26e0b59722f195d10d57
/blog/property-finance/bridging-loans-guide,/services/property-tax-advice,,"judgment (low, 2 readers agree)",,,0,/blog/capital-gains-tax/capital-gains-tax-second-home-sale,0.094,0.041,/services/property-accountant,0.177,False,False,primary,0.0,0,43,0,property-finance,5e4af207486a046a5384a7b35b61d4b99c8c261a8dfe1a396e3d725f5aa12fd0
/blog/capital-gains-tax/hmrcs-nudge-letters-on-business-asset-disposal-relief,/for/holiday-let-and-serviced-accommodation,/services/property-tax-advice,judgment (medium),,,0,/for/rental-income-disclosure,0.105,0.021,/for/selling-a-buy-to-let,0.175,False,False,primary,0.0,0,10,0,capital-gains-tax,df6ee4a87c75a21f9ee43fd815772aed2582787900c3758ef784319e1af46811
/blog/portfolio-management/property-investment-exit-strategy-planning-guide,/for/landlord-retirement-and-succession,/for/selling-a-buy-to-let,judgment (medium),,,0,/blog/capital-gains-tax/capital-gains-tax-second-home-sale,0.133,0.007,/services/property-tax-advice,0.175,False,False,primary,0.0,0,19,0,portfolio-management,09c118cafec2d09ebf523fe8a95ec77b114993b1e295abc398edb71d1dcd2aa9
/blog/non-resident-landlord-tax/non-dom-reform-april-2025-fig-regime-property-investors,/services/property-tax-advice,,judgment (medium),,,0,/services/non-resident-landlord,0.11,0.042,/services/non-resident-landlord,0.174,False,False,primary,0.0,0,30,0,non-resident-landlord-tax,285bf33e99e66cc53514af09b6a71e6b8481d0f866a68dadc5f5c5ec71b09924
/blog/portfolio-management/budgeting-voids-repairs-rental-cash-flow,/services/landlord-accountant,,judgment (medium),,,0,/for/landlord-self-assessment-and-mtd,0.079,0.033,/services/property-tax-advice,0.173,False,False,primary,0.0,1,32,0,portfolio-management,c8fde6beb809cf6fb9d9f772819847314d30a196a70f17cd191f1149c4b268a3
/blog/non-resident-landlord-tax/cgt-rebasing-election-fa-2025-schedule-11-narrow-eligibility-non-doms,/services/property-tax-advice,,manager override,,,0,/services/non-resident-landlord,0.093,0.031,/services/non-resident-landlord,0.172,False,False,primary,0.0,0,30,0,non-resident-landlord-tax,e97219073f7c13822d96d20dedc708b1e360d71055545d0e631970a55562aee6
/blog/property-types-and-specialist-tax/ftt-refuses-late-sdlt-appeal-where-appellants-chose-not-to-seek-professional-advice,/services/property-tax-advice,,judgment (high),,,0,/services/property-tax-advice,0.052,0.004,/services/property-tax-advice,0.172,False,False,primary,0.0,0,27,0,property-types-and-specialist-tax,69379c394ccf64665f0407f5ecd6ee5ae1fc5f6a21d43f52736bbd85e0d7e4c8
/blog/capital-gains-tax/2027-property-tax-rates-affect-capital-gains-tax-sales,/for/selling-a-buy-to-let,/for/moving-property-into-a-limited-company,judgment (medium),,,0,/blog/capital-gains-tax/capital-gains-tax-second-home-sale,0.138,0.015,/for/selling-a-buy-to-let,0.17,False,False,primary,0.0,0,3,0,capital-gains-tax,1800191d3ea70a7857868bfd95d34ecc3055effa84488702d7a322feb5b8ff6e
/blog/non-resident-landlord-tax/uk-us-dta-property-tax-implications-landlords,/services/non-resident-landlord,,judgment (medium),,,0,/services/non-resident-landlord,0.123,0.033,/services/non-resident-landlord,0.17,False,False,primary,0.0,0,3,0,non-resident-landlord-tax,4205fcba30e5902238fd477cdadea5143facd75a13a90f45812fb5b726a6ded3
/blog/property-types-and-specialist-tax/capital-allowances-for-care-homes,/services/property-tax-advice,,judgment (high),,,0,/blog/capital-gains-tax/capital-gains-tax-second-home-sale,0.121,0.075,/services/property-tax-advice,0.17,False,False,primary,0.0,2,111,0,property-types-and-specialist-tax,14f8fcd57a0f4b08d34e2d2ed902f69fbb61c7706d7c15bbc4524e3133094586
/landed-estates,/services/property-tax-advice,/for/landlord-retirement-and-succession,judgment (medium),,,0,/for/landlord-retirement-and-succession,0.091,0.029,,0.17,False,False,primary,0.0,1,119,0,,5cdfa2fe76fe4815083a518deb64e5b0df48aa02514091c599d8b37633e28ee0
/blog/section-24-and-tax-relief/section-24-calculator,/services/property-tax-advice,,judgment (medium),,,0,/services/property-tax-advice,0.08,0.001,/services/property-tax-advice,0.166,False,False,primary,0.0,0,7,0,section-24-and-tax-relief,3419447e66ac2e362f04b35ef870c73db436a5998c763ad8c608ddfd7c98f3c1
/blog/section-24-and-tax-relief/mortgage-interest-deductible-landlords-uk-2026,/services/property-tax-advice,/for/moving-property-into-a-limited-company,judgment (medium),,,0,/blog/incorporation-and-company-structures/how-to-transfer-property-into-limited-company-uk,0.088,0.002,/services/property-tax-advice,0.165,False,False,primary,0.0,0,42,0,section-24-and-tax-relief,185f72cab2706e595c28a7f09178b36138bd1a8872e2a7e4156489a2fd1e489e
/blog/incorporation-and-company-structures/scottish-lbtt-corporate-buyer-15-percent-flat-rate-or-ads-pathway-decision,/services/property-tax-advice,,judgment (medium),,,0,/for/moving-property-into-a-limited-company,0.079,0.005,/for/moving-property-into-a-limited-company,0.163,False,False,primary,0.0,1,61,0,incorporation-and-company-structures,cda2633ebc90921b2723b512a2567c3a24bb440567d6efad03b34961a8a63144
/blog/incorporation-and-company-structures/section-24-impact-on-company-formations-data,/for/moving-property-into-a-limited-company,,"judgment (low, 2 readers agree)",,,0,/for/property-spv-set-up,0.161,0.056,/for/moving-property-into-a-limited-company,0.163,False,False,primary,0.0,0,5,0,incorporation-and-company-structures,88f6410c2cca6d69f76631685dfb578f2c4d27877d1cf97b56bf4ccade0a627d
/blog/landlord-tax-essentials/mees-epc-rules-what-your-landlords-think,/for-letting-agents,,judgment (medium),,,0,/blog/capital-gains-tax/capital-gains-tax-second-home-sale,0.042,0.003,/services/landlord-accountant,0.163,False,False,primary,0.0,2,49,0,landlord-tax-essentials,0ab7c7678c4754dff961936b88206a4b15b37e26688f9615945314193e86ecbb
/blog/section-24-and-tax-relief/section-24-basic-rate-taxpayers,/services/property-tax-advice,,judgment (medium),,,0,/for/moving-property-into-a-limited-company,0.117,0.05,/services/property-tax-advice,0.161,False,False,primary,0.0,0,26,0,section-24-and-tax-relief,3b4b4197cae3980bb72ce6b82471493475a193c6969ae0ff64377aa667b2cee1
/blog/property-types-and-specialist-tax/vat-property-conversion-residential-to-commercial-or-commercial-to-residential-zero-rate-reduced-rate,/services/property-tax-advice,,judgment (medium),,,0,/blog/capital-gains-tax/capital-gains-tax-second-home-sale,0.056,0.001,/services/property-tax-advice,0.16,True,False,primary,0.0,30,3786,0,property-types-and-specialist-tax,9abc8910f96761c3b9de9448c445b0b49d149bf67b702758f88e7d631ee67183
/blog/incorporation-and-company-structures/ated-six-step-compliance-walkthrough-uk-non-natural-persons,/services/property-tax-advice,,judgment (medium),,,0,/for/moving-property-into-a-limited-company,0.104,0.029,/for/moving-property-into-a-limited-company,0.154,False,False,primary,0.0,0,50,0,incorporation-and-company-structures,9f675fb50d4449565ae6f9c332621aaa0b39837b9ea6c54d3e486fdde1b68a0e
/blog/property-types-and-specialist-tax/landlord-vat-recovery-professional-fees-capital-costs-commercial-property,/services/property-tax-advice,,judgment (high),,,0,/services/landlord-accountant,0.07,0.019,/services/property-tax-advice,0.154,False,False,primary,0.0,1,244,0,property-types-and-specialist-tax,e4a7e4fd675b7448ad15c75a5e374cdeae65af12790cc94d15c465ab78c82a41
/blog/incorporation-and-company-structures/ated-relief-related-persons-market-rent-test,/services/property-tax-advice,,judgment (medium),,,0,/for/moving-property-into-a-limited-company,0.119,0.051,/for/moving-property-into-a-limited-company,0.152,False,False,primary,0.0,1,109,0,incorporation-and-company-structures,ed13fb5324e6341d7853afc0144c47186c2eaae735e233663f70a4ee0fa2b38d
/blog/incorporation-and-company-structures/sdlt-bewley-uninhabitable-property-test-non-residential-rates-landlords,/services/property-tax-advice,,judgment (medium),,,0,/blog/incorporation-and-company-structures/how-to-transfer-property-into-limited-company-uk,0.063,0.012,/for/moving-property-into-a-limited-company,0.152,False,False,primary,0.0,0,186,0,incorporation-and-company-structures,fd3e59410a30168102e9cb6d4a362494a9d393dd9e9d77b8d5f32c48e7202c86
/calculators/rent-a-room-relief-calculator,/for/landlord-self-assessment-and-mtd,,manager override,,,0,/for/holiday-let-and-serviced-accommodation,0.128,0.041,,0.152,False,False,primary,0.0,11,437,0,,7a49cd1c51c196d1f9b25f23ad1b9070e411e62fec4805b2f5d59efffe561c13
/blog/landlord-tax-essentials/hmo-landlord-accounting-multi-tenant-property-tax,/for/hmo-and-multi-let-landlords,/services/landlord-accountant,s2_specific,,,0,/for/hmo-and-multi-let-landlords,0.217,0.109,/services/landlord-accountant,0.15,False,False,primary,0.0,0,1,0,landlord-tax-essentials,7ef8edaa92fe527945a1e9e479853a3953e5d1c93bbacec1fcf0972869984f52
/blog/section-24-and-tax-relief/section-24-interest-only-mortgage-tax-planning,/services/property-tax-advice,,judgment (medium),,,0,/for/moving-property-into-a-limited-company,0.093,0.006,/services/property-tax-advice,0.15,False,False,primary,0.0,0,6,0,section-24-and-tax-relief,5ff79cdc44577d4be2d6e473e360311afea464412bab0bfda9e5e9d1f50760a6
/blog/property-types-and-specialist-tax/vat-capital-goods-scheme-property-businesses-10-year-adjustment-mechanics,/services/property-tax-advice,,judgment (medium),,,0,/blog/capital-gains-tax/capital-gains-tax-second-home-sale,0.057,0.014,/services/property-tax-advice,0.147,False,False,primary,0.0,6,1998,0,property-types-and-specialist-tax,5b0e19589987b5691198684e8f402d18d9d84af167c006f8c862c856c0da67fc
/blog/property-types-and-specialist-tax/full-expensing-and-first-year-allowances,/services/property-tax-advice,,judgment (medium),,,0,/for/moving-property-into-a-limited-company,0.072,0.011,/services/property-tax-advice,0.146,False,False,primary,0.0,1,72,0,property-types-and-specialist-tax,72b1f50fb0c01c885495b811d65019718b39a9a84302aa6c2af83b8c76652f64
/blog/landlord-tax-essentials/domestic-reverse-charge-construction-vat-landlords,/services/property-tax-advice,,"judgment (low, 2 readers agree)",,,0,/services/landlord-accountant,0.055,0.011,/services/landlord-accountant,0.143,False,False,primary,0.0,0,25,0,landlord-tax-essentials,d6a20a8ae3d6daa330c6aa42f6d47a99198ff4c099a6707aa77e2bbc3e46fea3
/blog/landlord-tax-essentials/how-long-does-probate-take-in-the-uk,/for/inherited-property,,judgment (medium),,,0,/landed-estates,0.107,0.038,/services/landlord-accountant,0.143,False,False,primary,0.0,0,7,0,landlord-tax-essentials,a397737842b8c64a87e8e0dc8b104b55d4588cc49bc5c1ff4ad96dae92afb700
/blog/property-types-and-specialist-tax/transactions-in-uk-land-cta-2010-part-8zb-ita-2007-part-9a-four-conditions-test,/services/property-tax-advice,,judgment (high),,,0,/services/non-resident-landlord,0.095,0.019,/services/property-tax-advice,0.142,False,False,primary,0.0,0,72,0,property-types-and-specialist-tax,b57c578835ef0563087fc5039961db1c32a898448e1e29aaddccc634dc8acf88
/landlord-compliance,/services/landlord-accountant,,judgment (medium),,,0,/for-letting-agents,0.029,0.0,,0.142,False,False,primary,0.0,1,129,0,,c92aa1fd9a5d73300058f8c637179e5b46911b3037ba1ea70e30ced269b4712a
/for/holiday-let-and-serviced-accommodation,/services/property-tax-advice,,judgment (medium),,,0,/for/selling-a-buy-to-let,0.139,0.058,,0.141,False,False,primary,0.0,0,29,0,,104614f046abaf6cfbfb3a56e6e2453144d5beecd4b854e6bfbdfe09fead7923
/blog/property-types-and-specialist-tax/land-remediation-relief-guide,/services/property-tax-advice,,judgment (medium),,,0,/for/moving-property-into-a-limited-company,0.076,0.022,/services/property-tax-advice,0.14,False,False,primary,0.0,2,46,0,property-types-and-specialist-tax,7dbb70a7b60abf3e05245d1ec07541300186b441a892984c28b9cc079b1c205d
/blog/incorporation-and-company-structures/transfer-of-going-concern-togc-commercial-property-option-matching-vat-free,/services/property-tax-advice,,judgment (medium),,,0,/blog/incorporation-and-company-structures/how-to-transfer-property-into-limited-company-uk,0.075,0.007,/for/moving-property-into-a-limited-company,0.138,False,False,primary,0.0,8,1540,0,incorporation-and-company-structures,c92e79a787159d0fbfb9df400d5c9b0da61612eb9a3cc5f8af0b460c2604fbf4
/blog/section-24-and-tax-relief/section-24-tax-credit-20-percent-basic-rate-relief,/services/property-tax-advice,,judgment (medium),,,0,/for/moving-property-into-a-limited-company,0.078,0.006,/services/property-tax-advice,0.137,False,False,primary,0.0,0,10,0,section-24-and-tax-relief,e7a9a9bd3185c0ae0ca2318870abc2ce32e5b2cc3bf93213b017d397c74aa0bb
/blog/incorporation-and-company-structures/immediate-post-death-interest-ipdi-rental-property-tax-iht-1984-s49a,/for/inherited-property,/for/landlord-retirement-and-succession,judgment (medium),,,0,/for/moving-property-into-a-limited-company,0.068,0.004,/for/moving-property-into-a-limited-company,0.136,False,False,primary,0.0,0,13,0,incorporation-and-company-structures,143c18101083d0a21c6339b509773a215da7b3bad2239bc4a8fda42ab5287c87
/blog/incorporation-and-company-structures/trust-registration-service-trs-compliance-trust-owned-btl-mlr-2017,/services/property-tax-advice,/for/landlord-retirement-and-succession,judgment (medium),,,0,/for/landlord-retirement-and-succession,0.114,0.036,/for/moving-property-into-a-limited-company,0.135,False,False,primary,0.0,0,14,0,incorporation-and-company-structures,a4cc2a46f5bb97045ef3d0a1cafb0c24b93347cdb3cd257ce6332b8af4a73d5f
/blog/property-types-and-specialist-tax/vat-registration-threshold-90k-landlords-april-2024-group-registration,/services/property-tax-advice,,judgment (medium),,,0,/for/holiday-let-and-serviced-accommodation,0.074,0.02,/services/property-tax-advice,0.135,False,False,primary,0.0,0,11,0,property-types-and-specialist-tax,369179d8f94a6c6f58facdf3f8941a384235703e7d1ab7f1f2ed5bac3564c4a3
/blog/section-24-and-tax-relief/writing-down-allowance-cars,/services/property-tax-advice,,judgment (medium),,,0,/for/moving-property-into-a-limited-company,0.067,0.003,/services/property-tax-advice,0.135,False,False,primary,0.0,1,261,0,section-24-and-tax-relief,466538abbade5ca167e3a4668c656b0dffa3de7c67d7a15234b59e43f58568f4
/blog/section-24-and-tax-relief/section-24-personal-allowance-60-percent-tax-rate-landlords,/services/property-tax-advice,,judgment (high),,,0,/for/moving-property-into-a-limited-company,0.066,0.019,/services/property-tax-advice,0.134,False,False,primary,0.0,1,25,0,section-24-and-tax-relief,feba851ef13d0345326edda335dd8b25c7051eb2f4373c6ae73f7579bef05d6b
/blog/property-types-and-specialist-tax/capital-allowances-for-industrial-units,/services/property-tax-advice,,judgment (high),,,0,/services/property-accountant,0.04,0.002,/services/property-tax-advice,0.133,False,False,primary,0.0,7,261,0,property-types-and-specialist-tax,6e87973f50f9204eeb88019b6bfcfef07864d50ea4d186cb20aec0164a14e4d7
/blog/property-types-and-specialist-tax/capital-allowances-for-dental-practices,/services/property-tax-advice,,judgment (high),,,0,/for/selling-a-buy-to-let,0.051,0.012,/services/property-tax-advice,0.132,False,False,primary,0.0,0,37,0,property-types-and-specialist-tax,70bb8b370fc57fa432aa7b9eea397a2fba884b55550c052063316918e3370a07
/blog/landlord-tax-essentials/excluded-property-trust-long-term-resident-settlor-pivot-landlords,/services/property-tax-advice,,manager override,,,0,/for/landlord-retirement-and-succession,0.098,0.042,/services/landlord-accountant,0.131,False,False,primary,0.0,0,125,0,landlord-tax-essentials,01e71d380c4bb87f6b6a407ceadb263a29ac4a6fb57d8a8a2d1de616936683e6
/blog/property-types-and-specialist-tax/vat-calculator,/services/property-tax-advice,,judgment (medium),,,0,/services/landlord-accountant,0.034,0.004,/services/property-tax-advice,0.131,False,False,primary,0.0,2,234,0,property-types-and-specialist-tax,68563415ca69288f77d28d57e9d6429498e2716f84b8ee737067ac17ed11fb49
/blog/section-24-and-tax-relief/annual-investment-allowance-landlords-uk,/services/property-tax-advice,,judgment (medium),,,0,/for/moving-property-into-a-limited-company,0.097,0.018,/services/property-tax-advice,0.13,False,False,primary,0.0,0,6,0,section-24-and-tax-relief,65e5a80304876423ca76ba61c9e7686b404c8dccea7f1a99769b68d9d53d564f
/blog/incorporation-and-company-structures/llp-and-taxation-benefits,/services/property-tax-advice,,judgment (medium),,,0,/for/moving-property-into-a-limited-company,0.13,0.053,/for/moving-property-into-a-limited-company,0.128,False,False,primary,0.0,1,104,0,incorporation-and-company-structures,5b8d80a5ef5a754d8278c0b249c00954bccc390540fd2c0da5e4dd1199005e53
/blog/property-types-and-specialist-tax/capital-allowances-for-offices,/services/property-tax-advice,,judgment (high),,,0,/blog/capital-gains-tax/capital-gains-tax-second-home-sale,0.083,0.048,/services/property-tax-advice,0.128,False,False,primary,0.0,2,130,0,property-types-and-specialist-tax,a318d25faed82d6a15881d3b657b0d33eeb68796fc94e876a59f34b3c0bafc43
/blog/section-24-and-tax-relief/section-24-multiple-properties-cumulative-impact,/services/property-tax-advice,/for/moving-property-into-a-limited-company,judgment (medium),,,0,/for/moving-property-into-a-limited-company,0.138,0.039,/services/property-tax-advice,0.128,False,False,primary,0.0,0,4,0,section-24-and-tax-relief,64980edba35a0b1bedc538d49c32d8a05156e39234b0b8488455cae28b141cdf
/blog/property-types-and-specialist-tax/condition-d-development-main-purpose-convert-and-flip-trap-landlord-developers,/services/property-tax-advice,,judgment (high),,,0,/for/selling-a-buy-to-let,0.111,0.002,/services/property-tax-advice,0.127,False,False,primary,0.0,0,12,0,property-types-and-specialist-tax,1f51ec58720b057a963c74efa4043170d69845c5f155dc50ddaa7e499f6404df
/blog/property-types-and-specialist-tax/vat-mixed-use-property-purchase-residential-commercial-element-apportionment,/services/property-tax-advice,,judgment (medium),,,0,/blog/incorporation-and-company-structures/how-to-transfer-property-into-limited-company-uk,0.03,0.0,/services/property-tax-advice,0.127,False,False,primary,0.0,26,1519,0,property-types-and-specialist-tax,a8366d07d6899b6f14fab1ee541ab0535e73ce5212dfcea0a89a39c6c09f2f24
/blog/landlord-tax-essentials/let-property-campaign-why-voluntary-disclosure-makes-sense,/for/rental-income-disclosure,,judgment (high),,,0,/for/rental-income-disclosure,0.178,0.096,/services/landlord-accountant,0.123,False,False,primary,0.0,0,1,0,landlord-tax-essentials,e62b2029cf4d7057b49fdef306499cb7932ff2e309e7dcb1c002a990e8bcb38c
/blog/incorporation-and-company-structures/bare-trust-vs-nominee-company-vs-formal-trust-decision-property-investors,/services/property-tax-advice,/for/landlord-retirement-and-succession,judgment (medium),,,0,/for/landlord-retirement-and-succession,0.111,0.025,/for/moving-property-into-a-limited-company,0.122,False,False,primary,0.0,0,32,0,incorporation-and-company-structures,69b8b4ab730d87efa241f8deb8f7c00676728145632e8c8a5437c824df05957b
/blog/incorporation-and-company-structures/ated-relief-clawback-occupation-non-qualifying-individual,/services/property-tax-advice,,judgment (medium),,,0,/for/moving-property-into-a-limited-company,0.103,0.02,/for/moving-property-into-a-limited-company,0.118,False,False,primary,0.0,0,37,0,incorporation-and-company-structures,4c26a8d2c231bf8fa5e9ce4426fdf73f9d2603b227c068eefb33dd4ea621d763
/blog/incorporation-and-company-structures/fic-iht-treatment-bpr-myth,/for/landlord-retirement-and-succession,,judgment (high),,,0,/landed-estates,0.141,0.006,/for/moving-property-into-a-limited-company,0.116,False,False,primary,0.0,0,9,0,incorporation-and-company-structures,7b57f78b787a878c43d1855c8fbc0362b1a98175f8484026977cc835a2454de5
/for/first-time-and-accidental-landlords,/services/landlord-accountant,,judgment (medium),,,0,/for/rental-income-disclosure,0.114,0.003,,0.116,False,False,primary,0.0,0,2,0,,12ac91553409d55490b4e84946bcb479549efc16aa7d6c801c67f3a429772ff3
/blog/landlord-tax-essentials/second-home-sdlt-additional-dwellings-surcharge-joint-owners-spouse-aggregation-rules,/services/property-tax-advice,,judgment (medium),,,0,/blog/capital-gains-tax/capital-gains-tax-second-home-sale,0.112,0.072,/services/landlord-accountant,0.115,False,False,primary,0.0,0,17,0,landlord-tax-essentials,7a29bbe05a26f8452e1024c38edbf16a1af815421bf2cde1a06bf352cb0c2bc7
/blog/incorporation-and-company-structures/ated-late-filing-penalties-mechanics,/services/property-tax-advice,,judgment (medium),,,0,/for/moving-property-into-a-limited-company,0.056,0.012,/for/moving-property-into-a-limited-company,0.114,False,False,primary,0.0,8,586,0,incorporation-and-company-structures,2836d0d3603bb5ebabed008af3fe274d72a073a2f2a58d8c777fa768ed71adff
/blog/landlord-tax-essentials/iht-residence-nil-rate-band-2m-taper-property-portfolios,/for/landlord-retirement-and-succession,,judgment (high),,,0,/landed-estates,0.123,0.057,/services/landlord-accountant,0.114,False,False,primary,0.0,0,5,0,landlord-tax-essentials,769d0261d94c1e28e2fdf00936f1d08719e852ba381d36f9506d99285d363736
/blog/property-types-and-specialist-tax/capital-allowances-for-hospitality,/services/property-tax-advice,,judgment (medium),,,0,/blog/capital-gains-tax/capital-gains-tax-second-home-sale,0.046,0.013,/services/property-tax-advice,0.112,False,False,primary,0.0,3,175,0,property-types-and-specialist-tax,49cd4521afd214891bc805c009625c0f01d2dd8a9cb350f586be3e13e9847729
/for/inherited-property,/services/property-tax-advice,,judgment (medium),,,0,/for/selling-a-buy-to-let,0.187,0.061,,0.112,False,False,primary,0.0,0,7,0,,3c02d89a59c76a0bd2191492b6bfb5473ed674b8bd29508338ee32e33f2b2335
/blog/property-accountant-services/property-accountant-dundee-landlord-tax-services,/services/property-accountant,,judgment (high),,,0,/services/landlord-accountant,0.144,0.034,/services/property-accountant,0.11,False,False,primary,0.0,0,2,0,property-accountant-services,d9680fbe42ac58c62d0513034632d308c02b0a5206abca7d1c338b16a268414d
/calculators/stamp-duty-calculator,/services/property-tax-advice,,judgment (medium),,,0,/blog/capital-gains-tax/capital-gains-tax-second-home-sale,0.156,0.017,,0.11,False,False,primary,0.0,0,4,0,,2a977d57de0df40357c2b05a3dbd9ad624241ac243a02edb2535c94714862a06
/blog/property-types-and-specialist-tax/avoiding-common-mistakes-with-enveloped-dwelling-tax,/services/property-tax-advice,,judgment (high),,,0,/for/landlord-retirement-and-succession,0.059,0.002,/services/property-tax-advice,0.109,False,False,primary,0.0,1,53,0,property-types-and-specialist-tax,6291fa6f9f220bccfe7869c795626ead8024df64460b3e4d217ac8ea3265c50f
/blog/property-types-and-specialist-tax/capital-allowances-for-hotels,/services/property-tax-advice,,judgment (high),,,0,/for-letting-agents,0.045,0.012,/services/property-tax-advice,0.108,False,False,primary,0.0,4,216,0,property-types-and-specialist-tax,5f27c35b0295cc561b6ef1b01344762830062792af62869620fdcb0c16c17315
/blog/landlord-tax-essentials/first-time-landlord-tax-guide-everything-you-need-to-know,/for/first-time-and-accidental-landlords,,judgment (high),,,0,/blog/incorporation-and-company-structures/how-to-transfer-property-into-limited-company-uk,0.119,0.012,/services/landlord-accountant,0.107,False,False,primary,0.0,0,1,0,landlord-tax-essentials,fdef9be04e9abb29cd560f032889bde2aec795d58e1504347589ad790ab38db2
/blog/property-types-and-specialist-tax/multiple-dwellings-relief-abolition-fa-2024-transitional-rules-landlords,/services/property-tax-advice,,judgment (high),,,0,/for/moving-property-into-a-limited-company,0.067,0.03,/services/property-tax-advice,0.107,False,False,primary,0.0,0,19,0,property-types-and-specialist-tax,fb0c24679e7de23ea85aec07d7334adaf3c6e4eced487d9efb90d325aa3c2bb0
/blog/landlord-tax-essentials/iht-spouse-exemption-second-death-property-portfolio-window-mechanics,/for/landlord-retirement-and-succession,,judgment (high),,,0,/landed-estates,0.112,0.03,/services/landlord-accountant,0.106,False,False,primary,0.0,0,4,0,landlord-tax-essentials,1dc1238eb86af8c6c6041236f1667706467244c96ab9271b467068f0ee62761f
/blog/property-types-and-specialist-tax/ated-return-amendment-guide-when-how-tax-tips,/services/property-tax-advice,,judgment (high),,,0,/for/landlord-self-assessment-and-mtd,0.085,0.045,/services/property-tax-advice,0.105,False,False,primary,0.0,0,16,0,property-types-and-specialist-tax,4fcefcfc26e823b1d1b04244daa849cc514dcdc5dfda6c3e1913ad09e6a0771a
/blog/landlord-tax-essentials/are-rent-arrears-skyrocketing-and-squeezing-landlords,/services/landlord-accountant,,judgment (medium),,,0,/services/non-resident-landlord,0.037,0.012,/services/landlord-accountant,0.103,False,False,primary,0.0,0,55,0,landlord-tax-essentials,c1a68edb37e7a00e34d2c77d76bdc388869b606a6dac0d6611ea02557fe3ecbb
/blog/property-types-and-specialist-tax/ated-rates,/services/property-tax-advice,,judgment (high),,,0,/landed-estates,0.036,0.002,/services/property-tax-advice,0.102,False,False,primary,0.0,1,38,0,property-types-and-specialist-tax,47736616ca705ec9d5f2f31a9c251d315d599b1589a95480c1c46c7aba867246
/blog/property-types-and-specialist-tax/structures-and-buildings-allowance-sba-3-percent-claim-mechanics-fa-2018-onward,/services/property-tax-advice,,judgment (high),,,0,/blog/capital-gains-tax/capital-gains-tax-second-home-sale,0.044,0.007,/services/property-tax-advice,0.102,False,False,primary,0.0,0,84,0,property-types-and-specialist-tax,c041e1c9de532d42069f06bd0929e69b3dd1d0b255dd856afdbabea4144c0eba
/blog/landlord-tax-essentials/record-retention-discipline-voluntary-disclosure-failure-to-notify-landlords,/services/landlord-accountant,/for/rental-income-disclosure,judgment (medium),,,0,/for/landlord-self-assessment-and-mtd,0.128,0.065,/services/landlord-accountant,0.1,False,False,primary,0.0,0,7,0,landlord-tax-essentials,c908af0f244edb0cf153912a5ce89ab9fed8c827c60ade326f98be615500da0c
/blog/non-resident-landlord-tax/fig-regime-qualifying-new-resident-10-year-non-residence-test-landlords,/services/property-tax-advice,,judgment (medium),,,0,/services/non-resident-landlord,0.152,0.112,/services/non-resident-landlord,0.1,False,False,primary,0.0,0,16,0,non-resident-landlord-tax,2273fb45cb5560fa76eace17e09e2cd0e2bcd450c324cde6482ecc1ea41dd2a7
/blog/property-types-and-specialist-tax/a-complete-guide-on-multiple-dwellings-relief-eligibility-and-benefits,/services/property-tax-advice,,judgment (high),,,0,/for/moving-property-into-a-limited-company,0.07,0.02,/services/property-tax-advice,0.1,False,False,primary,0.0,0,28,0,property-types-and-specialist-tax,8811ff2b71267669c539bf785ced8f730521f9031fc39cd44c3839e0ef9884c6
/blog/landlord-tax-essentials/renters-rights-act-2026-tax-implications-landlords,/services/property-tax-advice,,judgment (medium),,,0,/for/hmo-and-multi-let-landlords,0.064,0.017,/services/landlord-accountant,0.099,False,False,primary,0.0,0,21,0,landlord-tax-essentials,b6c8e5fba8a3473e6d7f19e69bfbda2af4922bb37a2ae1414b93d8d09c7b6509
/blog/property-types-and-specialist-tax/a-complete-guide-to-5-sdlt-surcharge-refund-claims,/services/property-tax-advice,,judgment (high),,,0,/blog/capital-gains-tax/capital-gains-tax-second-home-sale,0.058,0.018,/services/property-tax-advice,0.099,False,False,primary,0.0,0,11,0,property-types-and-specialist-tax,7c89b427fe8bfe390ac4a274d3d354b5254d84d89594c820fc1e57c7f1cbcac0
/calculators/property-allowance-checker,/for/first-time-and-accidental-landlords,/services/landlord-accountant,judgment (medium),,,0,/services/landlord-accountant,0.102,0.037,,0.099,False,False,primary,0.0,0,27,0,,f5e6f13208a6cdb311fc475d46602d857ef3be8e301d1ed8280b2eaaf5360ead
/calculators/capital-allowances-calculator,/services/property-tax-advice,,judgment (medium),,,0,/blog/capital-gains-tax/capital-gains-tax-second-home-sale,0.06,0.012,,0.098,False,False,primary,0.0,1,53,0,,46de93f60d3176ae7b50b668e68bb50b92561fd0b7df6b9f1a66d616a26b95b3
/blog/landlord-tax-essentials/farmland-supply-value-drops-is-iht-reform-to-blame,/landed-estates,,judgment (medium),,,0,/landed-estates,0.138,0.105,/services/landlord-accountant,0.095,False,False,primary,0.0,0,1,0,landlord-tax-essentials,6386c3ed2a2d694f667225d602ee7d355debbee73fc7c86e33f8271ebc6ccd7d
/blog/property-types-and-specialist-tax/condition-a-acquisition-main-purpose-test-trader-by-stealth-landlord-trap,/services/property-tax-advice,,judgment (high),,,0,/for/selling-a-buy-to-let,0.058,0.008,/services/property-tax-advice,0.095,False,False,primary,0.0,0,56,0,property-types-and-specialist-tax,b37ffd1f90f24e3d46b31fa64a823afc05b42737c490fc5d58eea7fb7abfc00a
/blog/property-types-and-specialist-tax/land-remediation-relief-150-percent-claim-mechanics-ltdco-developer-investor,/services/property-tax-advice,,judgment (medium),,,0,/for/property-spv-set-up,0.044,0.003,/services/property-tax-advice,0.095,False,False,primary,0.0,3,508,0,property-types-and-specialist-tax,a2354099b1ba03c05f6b9f7fdbb809ce92612eb7d4ed752609da26aed502eb94
/blog/property-types-and-specialist-tax/structures-and-buildings-allowance-sba,/services/property-tax-advice,,judgment (high),,,0,/blog/capital-gains-tax/capital-gains-tax-second-home-sale,0.042,0.001,/services/property-tax-advice,0.095,False,False,primary,0.0,2,135,0,property-types-and-specialist-tax,8887fb97048c2f215dac730049eb17c61cb9cfbbb03766651af90f2eb1b9eed5
/blog/property-types-and-specialist-tax/capital-allowances-property-investors-complete-pillar-2026-27-caa-2001-decision-framework,/services/property-tax-advice,,judgment (high),,,0,/for/property-spv-set-up,0.06,0.002,/services/property-tax-advice,0.094,False,False,primary,0.0,1,11,0,property-types-and-specialist-tax,fa292ba2ecf889bfef66f5b917c1c4213da3bfb257411ba16e9aa37e4c60a142
/for/couples-splitting-rental-income,/services/property-tax-advice,,judgment (medium),,,0,/services/landlord-accountant,0.08,0.008,,0.091,False,False,primary,0.0,0,8,0,,5e65f4e9e0531f145286b95b2f8fb5a8f318688a24f4527fffa3b4a63348dab4
/blog/landlord-tax-essentials/welsh-ltt-higher-rates-residential-second-homes-additional-properties-surcharge-mechanics,/services/property-tax-advice,,judgment (medium),,,0,/blog/capital-gains-tax/capital-gains-tax-second-home-sale,0.138,0.087,/services/landlord-accountant,0.09,False,False,primary,0.0,0,102,0,landlord-tax-essentials,3a83129806a1236c351e6ff86adf1fee9d8dacd0999a5a87bfca71cebe519a63
/blog/property-types-and-specialist-tax/fhl-capital-allowances-post-april-2025-grandfathered-claims-mechanics,/for/holiday-let-and-serviced-accommodation,,judgment (high),,,0,/for/holiday-let-and-serviced-accommodation,0.082,0.022,/services/property-tax-advice,0.09,False,False,primary,0.0,0,2,0,property-types-and-specialist-tax,fcb098c82d236784418f317480ce9de6b1cffdae4f589c57b8173fab36534a4f
/blog/property-types-and-specialist-tax/welsh-ltt-derelict-uninhabitable-property-refund-relief-claim-mechanics,/services/property-tax-advice,,judgment (high),,,0,/blog/capital-gains-tax/capital-gains-tax-second-home-sale,0.067,0.003,/services/property-tax-advice,0.089,False,False,primary,0.0,0,34,0,property-types-and-specialist-tax,c251811c6df05fe41eb26c2fb930bd086178381aa66e99c004ace68c3085918a
/blog/landlord-tax-essentials/2027-property-income-tax-rates-landlords-uk,/services/property-tax-advice,,judgment (medium),,,0,/services/landlord-accountant,0.052,0.003,/services/landlord-accountant,0.088,False,False,primary,0.0,0,5,0,landlord-tax-essentials,0973b34a3e66bec1e83e3b03e7d19ebd4a9b46dfdf80554fd2a6f9b746296775
/blog/incorporation-and-company-structures/scottish-lbtt-bare-trust-acquisition-relief-corporate-restructuring-mechanics,/services/property-tax-advice,,judgment (medium),,,0,/for/moving-property-into-a-limited-company,0.148,0.066,/for/moving-property-into-a-limited-company,0.086,False,False,primary,0.0,0,11,0,incorporation-and-company-structures,0cda3c35c12b295de9cde1df61459b1d2dcdcfc47b1db36a4da5d283cd5c167a
/blog/section-24-and-tax-relief/section-24-tax-relief-complete-guide,/services/property-tax-advice,,judgment (medium),,,0,/for/selling-a-buy-to-let,0.097,0.002,/services/property-tax-advice,0.085,False,False,primary,0.0,0,5,0,section-24-and-tax-relief,464a703a7fe6ee8a96a05a68f6d0eac9579bf6499b997d5c42f0e7efc535c623
/blog/incorporation-and-company-structures/sdlt-divorce-separation-transfer-relief-schedule-3-paragraph-3-fa-2003,/services/property-tax-advice,,judgment (medium),,,0,/blog/incorporation-and-company-structures/how-to-transfer-property-into-limited-company-uk,0.134,0.029,/for/moving-property-into-a-limited-company,0.083,False,False,primary,0.0,0,62,0,incorporation-and-company-structures,df8216cdf5743f4e9797b28df3ed129e3c6e460f174cfae62612aa8544ddaf14
/blog/incorporation-and-company-structures/fic-blended-family-protected-legacy-property-second-marriage,/for/landlord-retirement-and-succession,,judgment (high),,,0,/for/landlord-retirement-and-succession,0.118,0.033,/for/moving-property-into-a-limited-company,0.082,False,False,primary,0.0,0,1,0,incorporation-and-company-structures,8c9653df28ff2f6767dabd75391e032896446f17c5c8974a9680a78577c319b3
/blog/incorporation-and-company-structures/fic-property-corporate-governance-board-meetings-resolutions-discipline,/for/landlord-retirement-and-succession,,judgment (medium),,,0,/for/moving-property-into-a-limited-company,0.066,0.013,/for/moving-property-into-a-limited-company,0.082,False,False,primary,0.0,0,10,0,incorporation-and-company-structures,0f2f2f1b9d01bc0e1cdd799082894b377278d033675108c83fb2d1a640dcff17
/blog/landlord-tax-essentials/limits-on-ads-repayment-ftt-clarifies-disposal-in-replacement-of-main-residence,/services/property-tax-advice,,judgment (medium),,,0,/blog/capital-gains-tax/capital-gains-tax-second-home-sale,0.047,0.017,/services/landlord-accountant,0.076,False,False,primary,0.0,0,58,0,landlord-tax-essentials,d8f8bf84ff9c39576411973a80bdc290ebbc2827f1eea4fde3338a2dec1180b6
/blog/landlord-tax-essentials/ltt-higher-rates-for-spouses-minor-children-and-trust-interests,/services/property-tax-advice,,judgment (medium),,,0,/for/landlord-retirement-and-succession,0.085,0.004,/services/landlord-accountant,0.076,False,False,primary,0.0,1,86,0,landlord-tax-essentials,1eb2b740721e44455c33c1250f983fc29bb3fc36b9811039c49b82c0859d0a6b
/blog/property-types-and-specialist-tax/capital-allowances-for-gp-surgeries,/services/property-tax-advice,,judgment (medium),,,0,/for/moving-property-into-a-limited-company,0.033,0.004,/services/property-tax-advice,0.074,False,False,primary,0.0,3,52,0,property-types-and-specialist-tax,af5d07783a8cd9f7c02f04178d6ba8da6acdf746adb662f4529368972856166d
/blog/property-types-and-specialist-tax/lease-extensions-in-the-uk-surrender-and-regrant,/services/property-tax-advice,,judgment (medium),,,0,/blog/incorporation-and-company-structures/how-to-transfer-property-into-limited-company-uk,0.04,0.011,/services/property-tax-advice,0.074,False,False,primary,0.0,18,3831,0,property-types-and-specialist-tax,1d2202b6f4dc42f6cb6f947c7ff58f52e68a350f8f697d7011dfaed8d3f7eb31
/blog/non-resident-landlord-tax/uk-spain-dta-property-uk-resident-spanish-holiday-home,/services/property-tax-advice,/services/non-resident-landlord,judgment (medium),,,0,/services/non-resident-landlord,0.117,0.021,/services/non-resident-landlord,0.072,False,False,primary,0.0,0,4,0,non-resident-landlord-tax,49d43e88525178d7e4bd7a8736068567c7d4e2608dc254a937e426122850cc98
/blog/section-24-and-tax-relief/section-24-higher-rate-taxpayers-changes-2027,/services/property-tax-advice,,judgment (medium),,,0,/for/moving-property-into-a-limited-company,0.053,0.003,/services/property-tax-advice,0.072,False,False,primary,0.0,0,5,0,section-24-and-tax-relief,88993e9b96f6d714f6238e464343b48189c4179dc882336d2420942babbd5345
/blog/landlord-tax-essentials/annual-investment-allowance-2025,/services/landlord-accountant,,judgment (medium),,,0,/for/landlord-retirement-and-succession,0.067,0.01,/services/landlord-accountant,0.071,False,False,primary,0.0,1,1,0,landlord-tax-essentials,601cef230f1d968d442b1d1abab1eb03ec70ebbc7bd4069cbb4628e19cfd6902
/blog/property-types-and-specialist-tax/cis-deduction-by-contractors-in-the-uk,/services/property-accountant,,judgment (medium),,,0,/for/hmo-and-multi-let-landlords,0.048,0.012,/services/property-tax-advice,0.071,False,False,primary,0.0,0,29,0,property-types-and-specialist-tax,b968a04f7dfcf0c222df49288c93b701d97fdc436aaa7b34e3f7ae7f98990186
/blog/landlord-tax-essentials/hmrc-closure-notice-mechanics-landlord-enquiries-tma-1970-s28a,/services/property-tax-advice,,judgment (medium),,,0,/services/non-resident-landlord,0.052,0.012,/services/landlord-accountant,0.068,False,False,primary,0.0,0,21,0,landlord-tax-essentials,0109cad05e427e40ded614c2761f84ceb5dad270471a1bbed61a2be05570e0c0
/blog/property-types-and-specialist-tax/capital-allowances-for-pubs-and-restaurants,/services/property-tax-advice,,judgment (high),,,0,/blog/capital-gains-tax/capital-gains-tax-second-home-sale,0.033,0.005,/services/property-tax-advice,0.068,False,False,primary,0.0,1,73,0,property-types-and-specialist-tax,9e7bac47af66c87d2f3e9c4630b4729dc478f9028e57d1a7cffd5a5eadab518a
/blog/property-types-and-specialist-tax/capital-allowances-for-student-accommodation,/services/property-tax-advice,,judgment (high),,,0,/for/hmo-and-multi-let-landlords,0.114,0.043,/services/property-tax-advice,0.068,False,False,primary,0.0,1,39,0,property-types-and-specialist-tax,dfb87bd0bb2d6fd39dda0cf4e974bd7cae98ec05dbf5ed47c774ab57a2400335
/blog/property-types-and-specialist-tax/cis-templates,/services/property-accountant,,judgment (medium),,,0,/services/non-resident-landlord,0.045,0.005,/services/property-tax-advice,0.068,False,False,primary,0.0,5,506,0,property-types-and-specialist-tax,0304d4227fbd0d1f9f0a21841ca3dc6a5294f191fcc6f01363612119be352fbb
/blog/landlord-tax-essentials/property-investment-tax-uk-complete-guide-2026,/services/property-tax-advice,,judgment (medium),,,0,/blog/incorporation-and-company-structures/how-to-transfer-property-into-limited-company-uk,0.133,0.019,/services/landlord-accountant,0.067,False,False,primary,0.0,0,1,0,landlord-tax-essentials,b6c96ed052dfe5f9d28ac1499e950fdf89f5cb411fc368498b614676717fa644
/blog/landlord-tax-essentials/tribunal-appeal-process-landlords-first-tier-tribunal-tax-chamber,/services/property-tax-advice,,judgment (medium),,,0,/for/hmo-and-multi-let-landlords,0.061,0.005,/services/landlord-accountant,0.067,False,False,primary,0.0,0,13,0,landlord-tax-essentials,7f247e7ac30dc9d8c6240309f128da7dbb95723aa4bd3a036e0890a03b6587ee
/blog/property-types-and-specialist-tax/contaminated-land-remediation-and-risk-assessment,/services/property-tax-advice,,judgment (medium),,,0,/for/moving-property-into-a-limited-company,0.04,0.001,/services/property-tax-advice,0.067,False,False,primary,0.0,0,21,0,property-types-and-specialist-tax,0b8ad407aab72122d1ac9d27ba5969e8e4127d6718891509006adf0e6fcb5b63
/blog/property-types-and-specialist-tax/land-and-buildings-transaction-tax-multiple-dwellings-relief,/services/property-tax-advice,,judgment (high),,,0,/for/moving-property-into-a-limited-company,0.042,0.007,/services/property-tax-advice,0.063,False,False,primary,0.0,0,37,0,property-types-and-specialist-tax,04d6837c6e8e24af2d5b4b17200b4a4460e18458a27c730ddf69752c3c7658d0
/blog/incorporation-and-company-structures/ated-late-filing-penalty-appeal-reasonable-excuse,/services/property-tax-advice,,judgment (medium),,,0,/for/moving-property-into-a-limited-company,0.047,0.001,/for/moving-property-into-a-limited-company,0.061,False,False,primary,0.0,2,141,0,incorporation-and-company-structures,999876ae640eb46ce48a03f43226e70698a9bfad48cf952badf6dbb4138052dc
/blog/property-types-and-specialist-tax/residency-and-domicile,/services/property-tax-advice,/for/non-resident-landlords,judgment (medium),,,0,/landed-estates,0.091,0.013,/services/property-tax-advice,0.056,False,False,primary,0.0,0,4,0,property-types-and-specialist-tax,f6446649a2a18dbe88aafe18b0cda5fa02468b27f5f71f9ab984873aee9e55db
/blog/property-types-and-specialist-tax/airbnb-landlords,/for/holiday-let-and-serviced-accommodation,,judgment (high),,,0,/for-letting-agents,0.089,0.008,/services/property-tax-advice,0.055,False,False,primary,0.0,0,7,0,property-types-and-specialist-tax,e26e0e5ea088e00d8cc32a2fdd9445fbcf53f65999271f9eec4b80907badb169
/blog/property-types-and-specialist-tax/anti-fragmentation-rule-section-356oh-section-517h-multi-entity-developer-scheme-defeat,/services/property-tax-advice,,judgment (medium),,,0,/for/hmo-and-multi-let-landlords,0.051,0.004,/services/property-tax-advice,0.054,False,False,primary,0.0,0,18,0,property-types-and-specialist-tax,7e68f6052b33587746422486fdcc835d799825676cf6eb04586a746c33e1e117
/blog/section-24-and-tax-relief/section-24-worked-example-50k-rental-income-portfolio,/services/property-tax-advice,,judgment (medium),,,0,/locations/birmingham,0.108,0.009,/services/property-tax-advice,0.05,False,False,primary,0.0,0,1,0,section-24-and-tax-relief,2ad578a92ad4a8e7ee5c7163ca23af067c1a9d47a32bbdd88b3dc60d37a62d7c
/blog/portfolio-management/property-portfolio-review-checklist-landlords-2026,/services/property-tax-advice,,judgment (medium),,,0,/for/moving-property-into-a-limited-company,0.072,0.002,/services/property-tax-advice,0.048,False,False,primary,0.0,0,2,0,portfolio-management,44eef2062bddf0495cc4ad331c4bde2ac2738cf3614613363c9b1f33b84aa5f6
/blog/landlord-tax-essentials/reasonable-excuse-case-law-landlord-penalties-perrin-martland,/for/rental-income-disclosure,,manager override,,,0,/for/selling-a-buy-to-let,0.035,0.014,/services/landlord-accountant,0.047,False,False,primary,0.0,0,207,0,landlord-tax-essentials,ccd4531c068bbd5c3bf0e6187ed5e4b340ca96ec951270cd0f5d3b5a581319fa
/blog/property-types-and-specialist-tax/capital-allowances-examples,/services/property-tax-advice,,judgment (high),,,0,/blog/capital-gains-tax/capital-gains-tax-second-home-sale,0.091,0.027,/services/property-tax-advice,0.047,False,False,primary,0.0,0,4,0,property-types-and-specialist-tax,7a1e603ecbd8fcaf35179e336966e59f99ded42285c3d717414c305b8c6b16b9
/blog/section-24-and-tax-relief/what-is-aia-in-tax,/services/property-tax-advice,,judgment (medium),,,0,/for/holiday-let-and-serviced-accommodation,0.11,0.014,/services/property-tax-advice,0.045,False,False,primary,0.0,0,1,0,section-24-and-tax-relief,6205745b6ec72f6010609a0556ec7913fb065c37a807f185d9a936aa1baa91a8
/blog/property-types-and-specialist-tax/disapplication-option-to-tax-schedule-10-paragraph-12-residential-conversion,/services/property-tax-advice,,judgment (medium),,,0,/services/property-accountant,0.02,0.001,/services/property-tax-advice,0.042,False,False,primary,0.0,0,45,0,property-types-and-specialist-tax,f1b0d32b67cbfff98b3a01314dc8ff9f84e54c4fadd6d7b2792a6bb5ddb1b773
/blog/landlord-tax-essentials/btl-mortgage,/services/property-tax-advice,/for/moving-property-into-a-limited-company,judgment (medium),,,0,/blog/incorporation-and-company-structures/how-to-transfer-property-into-limited-company-uk,0.129,0.0,/services/landlord-accountant,0.041,False,False,primary,0.0,0,1,0,landlord-tax-essentials,ecd2df5bc9eb0e8d722c3007842701032c69ca2347f0bbdd68b51c97c00dd606
/blog/property-types-and-specialist-tax/horton-hall-sdlt-case-residential-vs-non-residential-dispute,/services/property-tax-advice,,judgment (medium),,,0,/services/non-resident-landlord,0.046,0.013,/services/property-tax-advice,0.041,False,False,primary,0.0,1,16,0,property-types-and-specialist-tax,de4e0a086d39b2606473c3f2a1cec80cc07b776d6e5b28a735d5026e8f0a4b9b
/for/property-company-profit-extraction,/services/property-tax-advice,,judgment (medium),,,0,/for/property-spv-set-up,0.095,0.002,,0.041,False,False,primary,0.0,0,1,0,,bc85ca82d6a2474941e1b274d1adbc8f31528e5e3cc765a9b582b8c1a9b5e078
/blog/landlord-tax-essentials/pension-decumulation-property-portfolio-iht-2027-cohort-sequence,/for/landlord-retirement-and-succession,,judgment (high),,,0,/landed-estates,0.089,0.015,/services/landlord-accountant,0.039,False,False,primary,0.0,0,1,0,landlord-tax-essentials,1779fd41b349e972ad64c38d2e6850cd1f55f7de2c462024bd5375249be4cb6f
/blog/incorporation-and-company-structures/fic-property-retirement-decumulation-mechanics-uk,/for/landlord-retirement-and-succession,,judgment (high),,,0,/for/moving-property-into-a-limited-company,0.099,0.015,/for/moving-property-into-a-limited-company,0.038,False,False,primary,0.0,0,1,0,incorporation-and-company-structures,5eb91a29f8c1d74040dc662432fbb0c72d111b373a523b61e15477d303c9db48
/blog/non-resident-landlord-tax/fig-election-mechanics-per-year-claim-personal-allowance-cgt-aea-cost,/services/property-tax-advice,,judgment (medium),,,0,/services/non-resident-landlord,0.058,0.019,/services/non-resident-landlord,0.036,False,False,primary,0.0,0,8,0,non-resident-landlord-tax,d406eb3083a963966b7cc460e61b5f1f8e41560d50842270bb0e89a0c7646528
/blog/property-types-and-specialist-tax/abolition-of-multiple-dwellings-relief-mdr-raises-concerns,/services/property-tax-advice,,judgment (medium),,,0,/for/moving-property-into-a-limited-company,0.038,0.013,/services/property-tax-advice,0.036,False,False,primary,0.0,0,21,0,property-types-and-specialist-tax,368d8b668caba241f9932af5835d7af884cab5c7cd067cb4c4ebbc2df17a2ecc
/blog/property-types-and-specialist-tax/balancing-allowance-balancing-charge-on-disposal-property-capital-allowances-mechanics,/services/property-tax-advice,,judgment (high),,,0,/for/selling-a-buy-to-let,0.096,0.026,/services/property-tax-advice,0.034,False,False,primary,0.0,0,3,0,property-types-and-specialist-tax,bf02068b0a91ea697896c3166d0df61590070b44aa210af0a161963c15cdadfa
/blog/property-types-and-specialist-tax/aia-1m-cap-property-investors-allocation-strategy-and-association-rules-cta-2010,/services/property-tax-advice,,judgment (medium),,,0,/for/property-spv-set-up,0.08,0.033,/services/property-tax-advice,0.033,False,False,primary,0.0,0,8,0,property-types-and-specialist-tax,7ebcc96829da0c6a1329942287dea8c8a5e99534e4c7acae7ec884f5180476e0
/blog/property-types-and-specialist-tax/averdieck-case-analysis-navigating-sdlt-and-public-rights-of-way,/services/property-tax-advice,,judgment (medium),,,0,/services/non-resident-landlord,0.058,0.021,/services/property-tax-advice,0.032,False,False,primary,0.0,0,10,0,property-types-and-specialist-tax,40b8d2e7e6eb528a1199b551dd54013f0839ecfc5f08428d38c43e39ec5d798b
/blog/property-types-and-specialist-tax/multiple-dwellings-relief,/services/property-tax-advice,,judgment (high),,,0,/blog/capital-gains-tax/capital-gains-tax-second-home-sale,0.036,0.001,/services/property-tax-advice,0.031,False,False,primary,0.0,0,10,0,property-types-and-specialist-tax,dd3b7880dd5e741d46919c0518cd64268924566c7b7d2951d5b78beede9c138c
/blog/incorporation-and-company-structures/hmrcs-new-guidelines-for-llps-raise-concerns,/services/property-tax-advice,,judgment (medium),,,0,/for/moving-property-into-a-limited-company,0.059,0.003,/for/moving-property-into-a-limited-company,0.03,False,False,primary,0.0,0,21,0,incorporation-and-company-structures,b54bc1555f3e046bfc7a363bc98feff170d2737592ea6a1ec4cef6df03cbc407
/blog/property-types-and-specialist-tax/ated-penalties-and-appeals,/services/property-tax-advice,,judgment (high),,,0,/services/non-resident-landlord,0.07,0.047,/services/property-tax-advice,0.026,False,False,primary,0.0,0,4,0,property-types-and-specialist-tax,9d0eca69b3b655b6dde5a9665f05ce83ebcccbd61fafcb74c9863db5401c6b99
/blog/section-24-and-tax-relief/section-24-higher-rate-taxpayers-2026,/services/property-tax-advice,,judgment (medium),,,0,/for/selling-a-buy-to-let,0.061,0.007,/services/property-tax-advice,0.025,False,False,primary,0.0,0,2,0,section-24-and-tax-relief,c80360a948467b8f18f0b2ca75b5e8ef47ab8c1f89d40b702c7b276c989155d1
/blog/portfolio-management/buy-to-let-market-sees-record-high-returns,/services/property-tax-advice,,"judgment (low, 2 readers agree)",,,0,/for-letting-agents,0.073,0.002,/services/property-tax-advice,0.024,False,False,primary,0.0,0,1,0,portfolio-management,754b2f39eee1fe57f227e0897f61344ea8a57a6af88a2763f827ecf450b32f16
/blog/property-types-and-specialist-tax/ated-late-filing-penalty-failed-reasonable-excuse-or-special-circumstances-appeal,/services/property-tax-advice,,judgment (high),,,0,/for/landlord-self-assessment-and-mtd,0.023,0.002,/services/property-tax-advice,0.023,False,False,primary,0.0,0,13,0,property-types-and-specialist-tax,012290d79661366aee6df55abd6bbaa9ab8279a3dc5fa641c2e8106b878f2f97
/for-letting-agents,/services/landlord-accountant,,judgment (medium),,,0,/for/landlord-self-assessment-and-mtd,0.059,0.024,,0.022,False,False,primary,0.0,0,1,0,,091afc8faeb3706714b829f967fb132fb09a97f183e3f43276c85c58b71b7387
/blog/section-24-and-tax-relief/section-24-mortgage-interest-restriction-uk-landlords,/services/property-tax-advice,,judgment (medium),,,0,/for/moving-property-into-a-limited-company,0.072,0.015,/services/property-tax-advice,0.019,False,False,primary,0.0,0,1,0,section-24-and-tax-relief,0ac0157f3bbac413398d55fac80bf3b47deb522b3cf040ec056e617307c8556f
/blog/property-types-and-specialist-tax/hmrcs-otm-letters-campaign-directed-at-ated-avoidance,/services/property-tax-advice,,judgment (high),,,0,/for/rental-income-disclosure,0.121,0.062,/services/property-tax-advice,0.016,False,False,primary,0.0,0,1,0,property-types-and-specialist-tax,b5267f3bc12071fbd3dabefcbff3a47968ce002ed0c484cb24be86728625fba8
/blog/capital-gains-tax/average-london-estate-agent-fees,none,,judgment (medium),,,0,/blog/capital-gains-tax/capital-gains-tax-second-home-sale,0.158,0.034,/for/selling-a-buy-to-let,0.0,False,False,none,0.0,1,185,0,capital-gains-tax,e869573de7eee8f8beb1cf60d61149c8e0595a04099e47c9b22d4b7abe00504e
/blog/capital-gains-tax/can-you-sell-a-house-without-an-estate-agent,none,,judgment (medium),,,0,/blog/capital-gains-tax/capital-gains-tax-second-home-sale,0.156,0.006,/for/selling-a-buy-to-let,0.0,False,False,none,0.0,0,93,0,capital-gains-tax,5cd4050c644cf1b8ddcd5cf6f742a48f5f862d47d28d9f1fbcbb5ebd90cf51e3
/blog/capital-gains-tax/capital-gains-tax-on-shares-uk,none,,judgment (high),,,0,/blog/capital-gains-tax/capital-gains-tax-second-home-sale,0.237,0.034,/for/selling-a-buy-to-let,0.0,False,False,none,0.0,1,640,0,capital-gains-tax,1db2d5cd88dddd43dbde1e9f2883aeb8b51470310cda9c5f6bdc927a6e770023
/blog/capital-gains-tax/cgt-commercial-property-different-residential,/services/property-tax-advice,,judgment (medium),,,0,/blog/capital-gains-tax/capital-gains-tax-second-home-sale,0.119,0.031,/for/selling-a-buy-to-let,0.0,False,False,primary,0.0,0,0,0,capital-gains-tax,90ad921fc6dfefc4949bd4a063da1fa8156b4038eb42745d5558eec74465fe18
/blog/capital-gains-tax/cgt-main-residence-election-two-properties,/services/property-tax-advice,/blog/capital-gains-tax/capital-gains-tax-second-home-sale,judgment (medium),,,0,/blog/capital-gains-tax/capital-gains-tax-second-home-sale,0.095,0.027,/for/selling-a-buy-to-let,0.0,False,False,primary,0.0,0,0,0,capital-gains-tax,6b556eab3fc63aba18707a85a771753237fe9c90d6378ae568e71dbb3ffc7747
/blog/capital-gains-tax/cgt-rates-property-2026-27-current-rates-explained,/for/selling-a-buy-to-let,,judgment (high),,,0,/blog/capital-gains-tax/capital-gains-tax-second-home-sale,0.139,0.042,/for/selling-a-buy-to-let,0.0,False,False,primary,0.0,0,0,0,capital-gains-tax,6627fe5fbfa871fced47ad5b8b516d46c1364956476227bca8328091625883d0
/blog/capital-gains-tax/cheapest-estate-agent-fees-uk,none,,judgment (medium),,,0,/blog/capital-gains-tax/capital-gains-tax-second-home-sale,0.134,0.022,/for/selling-a-buy-to-let,0.0,False,False,none,0.0,2,1341,0,capital-gains-tax,fb4d46823f8b7da3abba06ecd2987d380bf2ad40b7cc96cbee94e92692f46bb5
/blog/capital-gains-tax/cost-of-moving-house-uk,none,,judgment (medium),,,0,/blog/capital-gains-tax/capital-gains-tax-second-home-sale,0.175,0.058,/for/selling-a-buy-to-let,0.0,False,False,none,0.0,0,46,0,capital-gains-tax,5da3bcb148f9307deae69e352590eaa8f0d1930532331505fbc1c3a014211719
/blog/capital-gains-tax/estate-agent-contract-tie-in-periods,none,,judgment (medium),,,0,/blog/capital-gains-tax/capital-gains-tax-second-home-sale,0.119,0.001,/for/selling-a-buy-to-let,0.0,False,False,none,0.0,6,306,0,capital-gains-tax,90f5cab7e912fe5410e932c898b928c1a9afc173424f7bb6d11b765ff67b7e5e
/blog/capital-gains-tax/how-much-do-estate-agents-charge-to-sell-a-house,none,,judgment (medium),,,0,/for-letting-agents,0.155,0.026,/for/selling-a-buy-to-let,0.0,False,False,none,0.0,3,834,0,capital-gains-tax,954f285d994fb9457498e959acf2a23b4fc8c8fa545e81833a33200f378a766f
/blog/capital-gains-tax/letting-relief-landlords-2026-changes,/for/selling-a-buy-to-let,,judgment (medium),,,0,/blog/capital-gains-tax/capital-gains-tax-second-home-sale,0.157,0.053,/for/selling-a-buy-to-let,0.0,False,False,primary,0.0,0,0,0,capital-gains-tax,6115a6e3443d3f75efbab187048350c7186cb253908346e06343c5c37a1c3c72
/blog/capital-gains-tax/modern-method-of-auction-explained,none,,judgment (medium),,,0,/blog/capital-gains-tax/capital-gains-tax-second-home-sale,0.155,0.052,/for/selling-a-buy-to-let,0.0,False,False,none,0.0,6,605,0,capital-gains-tax,6f31b159ba38db83aad990c9dca34568a9e482fba45d2e6275d94c1b5c3ac760
/blog/capital-gains-tax/online-estate-agents-uk,none,,judgment (medium),,,0,/blog/capital-gains-tax/capital-gains-tax-second-home-sale,0.131,0.026,/for/selling-a-buy-to-let,0.0,False,False,none,0.0,0,86,0,capital-gains-tax,77ef1590a3b0a5f68d984c259907bdf90ba0733c0551d70e200ab0d057b36a0f
/blog/capital-gains-tax/part-exchange-house-uk,none,,judgment (high),,,0,/blog/capital-gains-tax/capital-gains-tax-second-home-sale,0.113,0.012,/for/selling-a-buy-to-let,0.0,False,False,none,0.0,14,802,0,capital-gains-tax,70cb9f27973e5316054c1083c5cd58475fed150f93b622b1a807f9f819d38725
/blog/capital-gains-tax/principal-private-residence-relief-landlords,/for/selling-a-buy-to-let,,judgment (medium),,,0,/blog/capital-gains-tax/capital-gains-tax-second-home-sale,0.133,0.033,/for/selling-a-buy-to-let,0.0,False,False,primary,0.0,0,0,0,capital-gains-tax,b7fa398cbd6224d525a9c33d7a1a0e3e46647fbba78044d61edf32a6def2babd
/blog/capital-gains-tax/property-capital-gains-tax-calculator,/for/selling-a-buy-to-let,,judgment (high),,,0,/blog/capital-gains-tax/capital-gains-tax-second-home-sale,0.195,0.033,/for/selling-a-buy-to-let,0.0,False,False,primary,0.0,0,0,0,capital-gains-tax,9164a9895bf817eeb2939c89cafa891b3ef054f28a4f9d752ae271929733be41
/blog/capital-gains-tax/property-improvements-reduce-cgt-enhancement-expenditure,/for/selling-a-buy-to-let,,s2_specific,,,0,/for/selling-a-buy-to-let,0.21,0.031,/for/selling-a-buy-to-let,0.0,False,False,primary,0.0,0,0,0,capital-gains-tax,e0abf288bc9a412fc4faf96ba85a4c28097152fad327c614c0eb385b04b6cc6f
/blog/capital-gains-tax/sell-house-without-estate-agent,none,,judgment (medium),,,0,/blog/capital-gains-tax/capital-gains-tax-second-home-sale,0.228,0.043,/for/selling-a-buy-to-let,0.0,False,False,none,0.0,0,68,0,capital-gains-tax,e79f1d3d46c011fbd7483c6de58f49261123189d7ce69ff5835605f2b71eab2c
/blog/incorporation-and-company-structures/a-complete-guide-on-incorporating-a-company-in-uk,/for/moving-property-into-a-limited-company,,s2_specific,,,0,/for/moving-property-into-a-limited-company,0.249,0.101,/for/moving-property-into-a-limited-company,0.0,False,False,primary,0.0,0,0,0,incorporation-and-company-structures,577f361db02fdb46533b4aec3e6534024f3f6a171b946de401111fb369e9f5bb
/blog/incorporation-and-company-structures/a-complete-guide-to-identity-verification-in-uk,none,,judgment (medium),,,0,/for/property-spv-set-up,0.074,0.007,/for/moving-property-into-a-limited-company,0.0,False,False,none,0.0,0,106,0,incorporation-and-company-structures,47734899ffd86986acc2b1f0688e622bb6c70db56301a4f7550239349bb528d3
/blog/incorporation-and-company-structures/a-guide-for-shareholders-in-the-uk,/for/property-company-profit-extraction,,judgment (medium),,,0,/for/landlord-retirement-and-succession,0.102,0.002,/for/moving-property-into-a-limited-company,0.0,False,False,primary,0.0,0,0,0,incorporation-and-company-structures,1a5845beaa3d3adab56736bab20918dc253680c84f8733903edf26ddade49d4c
/blog/incorporation-and-company-structures/accountant-corporation-tax-property-companies,/services/property-accountant,,judgment (high),,,0,/for/property-spv-set-up,0.174,0.044,/for/moving-property-into-a-limited-company,0.0,False,False,primary,0.0,0,0,0,incorporation-and-company-structures,d7e0db86a88cd2cf9661131f346a55853977253139795dcef2fd6ed5d4cb4e7f
/blog/incorporation-and-company-structures/accountant-payroll-services,/services/property-accountant,,judgment (medium),,,0,/services/landlord-accountant,0.15,0.007,/for/moving-property-into-a-limited-company,0.0,False,False,primary,0.0,0,0,0,incorporation-and-company-structures,134625eed2cde700ca44c818bbb6d3790ca8c927ff30d673daed5c0f84a8dd51
/blog/incorporation-and-company-structures/anti-avoidance-rules-share-exchanges-and-reorganisations,/services/property-tax-advice,/for/landlord-retirement-and-succession,judgment (medium),,,0,/for/property-spv-set-up,0.159,0.046,/for/moving-property-into-a-limited-company,0.0,False,False,primary,0.0,0,0,0,incorporation-and-company-structures,a19c52a8ebfdc6594dec72c2572556f617a6d0ba3db4270ecc6fadbb54ba977f
/blog/incorporation-and-company-structures/are-landlords-really-leaving-net-formation-data,none,,judgment (medium),,,0,/for/property-spv-set-up,0.09,0.024,/for/moving-property-into-a-limited-company,0.0,False,False,none,0.0,1,30,0,incorporation-and-company-structures,3b320abf580a457336a0471165e60d762d801f7b167ff5f1d10bdce2f4e915a4
/blog/incorporation-and-company-structures/ated-mixed-use-property-apportionment-treatment,/services/property-tax-advice,,judgment (medium),,,0,/for/moving-property-into-a-limited-company,0.063,0.001,/for/moving-property-into-a-limited-company,0.0,False,False,primary,0.0,0,0,0,incorporation-and-company-structures,7e2e400c9065e125b9c4f3d0cd241f59dcdf598d87a1fd5bd4c8b5170467da39
/blog/incorporation-and-company-structures/ated-overseas-companies-voluntary-compliance-otm-letters,/services/non-resident-landlord,/for/rental-income-disclosure,judgment (medium),,,0,/for/rental-income-disclosure,0.189,0.07,/for/moving-property-into-a-limited-company,0.0,False,False,primary,0.0,0,0,0,incorporation-and-company-structures,bc143308a7faf1fb63a2854eab5d55bd7df6f33a27c37f43f74fce1869e7f884
/blog/incorporation-and-company-structures/ated-rates-2026-27-bands-table-worked-examples,/services/property-tax-advice,,judgment (medium),,,0,/for/moving-property-into-a-limited-company,0.071,0.018,/for/moving-property-into-a-limited-company,0.0,False,False,primary,0.0,0,0,0,incorporation-and-company-structures,311b6d14b7cf27b78b8c89057a1c1d855b577b9b85878b03d95c866e42b2b361
/blog/incorporation-and-company-structures/ated-valuation-date-rules-2027-revaluation,/services/property-tax-advice,,judgment (medium),,,0,/blog/incorporation-and-company-structures/how-to-transfer-property-into-limited-company-uk,0.051,0.002,/for/moving-property-into-a-limited-company,0.0,False,False,primary,0.0,0,0,0,incorporation-and-company-structures,3195060c6436399e878f4b8e717628f79d5fe079df3a5011f70b427d0682d63b
/blog/incorporation-and-company-structures/btl-limited-company-year-end-date-changing-tax-planning,/services/property-accountant,,judgment (medium),,,0,/for/property-spv-set-up,0.12,0.024,/for/moving-property-into-a-limited-company,0.0,False,False,primary,0.0,0,0,0,incorporation-and-company-structures,f1264bbbd9b8553696812c2eec6ae783681f6bd2096d7d2b99ebd8e0b4ef73e2
/blog/incorporation-and-company-structures/can-uk-landlords-still-use-llp-to-reduce-tax,/services/property-tax-advice,,judgment (medium),,,0,/for/moving-property-into-a-limited-company,0.09,0.018,/for/moving-property-into-a-limited-company,0.0,False,False,primary,0.0,0,0,0,incorporation-and-company-structures,3afaa93656df941c7c7d6f01c8c5c658a03c711ffce19b14b639774c4f279a6b
/blog/incorporation-and-company-structures/change-sic-code-companies-house-property-company,none,,judgment (medium),,,0,/for/property-spv-set-up,0.14,0.028,/for/moving-property-into-a-limited-company,0.0,False,False,none,0.0,0,0,0,incorporation-and-company-structures,4a26f92c711a56d8a4843f79cb05dfbae163c524e853e592c9a8757e3b846e3f
/blog/incorporation-and-company-structures/close-investment-holding-company-property,/services/property-tax-advice,,judgment (medium),,,0,/for/moving-property-into-a-limited-company,0.12,0.011,/for/moving-property-into-a-limited-company,0.0,False,False,primary,0.0,0,0,0,incorporation-and-company-structures,ef817c2184fc6f7c424df0fda54280b87810f89e79452361ddbcd640d37ae9a1
/blog/incorporation-and-company-structures/companies-house-changes-limited-partnership-requirements,none,,judgment (medium),,,0,/for/moving-property-into-a-limited-company,0.095,0.003,/for/moving-property-into-a-limited-company,0.0,False,False,none,0.0,0,0,0,incorporation-and-company-structures,d4c8668f3267f28c031ba7b38123258861b421a01f820be411668e5a1b36d624
/blog/incorporation-and-company-structures/companies-house-confirmation-statement-changes-2024-onwards-psc-disclosure,none,,judgment (medium),,,0,/for/moving-property-into-a-limited-company,0.089,0.012,/for/moving-property-into-a-limited-company,0.0,False,False,none,0.0,0,98,0,incorporation-and-company-structures,64a756779392ad2889f06f5e55cdecf38972c7625c9967ef80a1eb51464838fd
/blog/incorporation-and-company-structures/companies-house-emails-directors-for-identity-verification-under-new-rules,none,,judgment (medium),,,0,/for/moving-property-into-a-limited-company,0.054,0.0,/for/moving-property-into-a-limited-company,0.0,False,False,none,0.0,2,896,0,incorporation-and-company-structures,dc7ab7024951a562ab5ac617333c0924c8fcbc2e89edde1438a5e36a840c9cf5
/blog/incorporation-and-company-structures/companies-house-id-verification-begins-today,none,,judgment (medium),,,0,/for/property-spv-set-up,0.081,0.019,/for/moving-property-into-a-limited-company,0.0,False,False,none,0.0,0,108,0,incorporation-and-company-structures,26be1468f49b0bc1059acc0fde56b8143d553b59bc8aa9d59d95cbe4e7e5d93b
/blog/incorporation-and-company-structures/companies-house-reforms,none,,judgment (medium),,,0,/for/property-spv-set-up,0.097,0.003,/for/moving-property-into-a-limited-company,0.0,False,False,none,0.0,1,616,0,incorporation-and-company-structures,fcdbb4287fc0e2cad2b081017c824b0e8c75456730e6a1315a6c1d4614b077d5
/blog/incorporation-and-company-structures/companies-house-reforms-explained-for-business-success,none,,judgment (medium),,,0,/for/moving-property-into-a-limited-company,0.093,0.039,/for/moving-property-into-a-limited-company,0.0,False,False,none,0.0,0,273,0,incorporation-and-company-structures,7b0ddfc40fe656422e3caca0cc3aa4ec4d621054aafacd26975f81703d7b7e75
/blog/incorporation-and-company-structures/companies-house-reforms-navigating-the-new-landscape,none,,judgment (medium),,,0,/for/property-spv-set-up,0.122,0.031,/for/moving-property-into-a-limited-company,0.0,False,False,none,0.0,0,0,0,incorporation-and-company-structures,07b5412330afd18fb16aeb4e81895bedc9340e1dedaafc17415248b44d111218
/blog/incorporation-and-company-structures/companies-house-tightens-id-rules-what-does-it-mean,none,,judgment (medium),,,0,/for/moving-property-into-a-limited-company,0.062,0.004,/for/moving-property-into-a-limited-company,0.0,False,False,none,0.0,0,33,0,incorporation-and-company-structures,cc50e72d9a28e85be6ff195739773db2c9be72e8aef3c352babd67b60e7b6e47
/blog/incorporation-and-company-structures/condition-c-trading-stock-section-162-incorporation-relief-denial-developers,/for/moving-property-into-a-limited-company,,judgment (medium),,,0,/for/moving-property-into-a-limited-company,0.145,0.053,/for/moving-property-into-a-limited-company,0.0,False,False,primary,0.0,0,0,0,incorporation-and-company-structures,63891a7d9bc66ea5fced2efdf2ad1a8849f5b4eacba06ec082fcd22aa88db115
/blog/incorporation-and-company-structures/confirmation-statements,none,,judgment (medium),,,0,/for/moving-property-into-a-limited-company,0.07,0.017,/for/moving-property-into-a-limited-company,0.0,False,False,none,0.0,0,0,0,incorporation-and-company-structures,6ae66450ed4a90734b67510d7ffcaa5e2209cde5ece667059f0c4458ccc74008
/blog/incorporation-and-company-structures/corporation-tax-deadlines-and-penalties,/services/property-accountant,,judgment (medium),,,0,/for/property-spv-set-up,0.123,0.027,/for/moving-property-into-a-limited-company,0.0,False,False,primary,0.0,0,0,0,incorporation-and-company-structures,92d56015373cbd751c85a1600135eb69e499b1a9935115cff0f68bf26bea7f91
/blog/incorporation-and-company-structures/corporation-tax-marginal-relief-property-companies,/services/property-tax-advice,,judgment (medium),,,0,/for/property-spv-set-up,0.153,0.039,/for/moving-property-into-a-limited-company,0.0,False,False,primary,0.0,0,0,0,incorporation-and-company-structures,19bc0deeb498ce4862f0e0aa465fb0283df46409895152ecd3fc2baf1a41a21e
/blog/incorporation-and-company-structures/director-loan-account-property-company-mechanics,/for/property-company-profit-extraction,/services/property-accountant,judgment (medium),,,0,/for/moving-property-into-a-limited-company,0.098,0.032,/for/moving-property-into-a-limited-company,0.0,False,False,primary,0.0,0,0,0,incorporation-and-company-structures,6c7764de46b9063dd12f45f46399cc58f3078d012171067c03c0e68180464cd4
/blog/incorporation-and-company-structures/directors-loan-accountsdla-uk-guide,/for/property-company-profit-extraction,/services/property-accountant,judgment (medium),,,0,/for/property-spv-set-up,0.123,0.015,/for/moving-property-into-a-limited-company,0.0,False,False,primary,0.0,0,0,0,incorporation-and-company-structures,3b78c25ea1d830874b003fcd501de8cf0f1f8f30a5a54d81d4e2f88f1be01d71
/blog/incorporation-and-company-structures/disadvantages-of-family-investment-companies-fics,/for/landlord-retirement-and-succession,,judgment (high),,,0,/for/moving-property-into-a-limited-company,0.141,0.039,/for/moving-property-into-a-limited-company,0.0,False,False,primary,0.0,0,0,0,incorporation-and-company-structures,88a686ba506323648f62cbd270d3666ec611e29f06d32ea7c11a919fc0fa7c81
/blog/incorporation-and-company-structures/do-landlords-incorporate-when-house-prices-fall,/for/moving-property-into-a-limited-company,,"judgment (low, 2 readers agree)",,,0,/for/moving-property-into-a-limited-company,0.109,0.021,/for/moving-property-into-a-limited-company,0.0,False,False,primary,0.0,0,0,0,incorporation-and-company-structures,522cf1bae4ef0d6b3c8f204f3334990834df7a0880bdd044b2adc64701e9abbd
/blog/incorporation-and-company-structures/does-your-business-qualify-as-a-partnership,/for/couples-splitting-rental-income,/services/property-tax-advice,judgment (medium),,,0,/for/moving-property-into-a-limited-company,0.144,0.056,/for/moving-property-into-a-limited-company,0.0,False,False,primary,0.0,0,0,0,incorporation-and-company-structures,b2b56be443a826134dff50032f6f963fefc05319d62be4e925ef27d250ec01ea
/blog/incorporation-and-company-structures/eccta-2023-id-verification-mandatory-companies-house-2025-2026-landlord-ltdcos,none,,judgment (medium),,,0,/for/property-spv-set-up,0.109,0.002,/for/moving-property-into-a-limited-company,0.0,False,False,none,0.0,0,14,0,incorporation-and-company-structures,4564a0a2599d4faf61f416c8348ba872ff2319bb4a8987d072323aae1e3c0f5e
/blog/incorporation-and-company-structures/eligible-groups-for-group-relief-under-uk-corporation-tax,/services/property-tax-advice,,judgment (medium),,,0,/for/property-spv-set-up,0.093,0.003,/for/moving-property-into-a-limited-company,0.0,False,False,primary,0.0,0,0,0,incorporation-and-company-structures,0e517b802bf8d668c7d736e890460c0b4453330d1e5d4040bd01fc7c0e3439b7
/blog/incorporation-and-company-structures/employee-ownership-trust-eot-property-spv-exit-mechanics-tcga-1992-s236,/services/property-tax-advice,,judgment (medium),,,0,/for/property-spv-set-up,0.107,0.021,/for/moving-property-into-a-limited-company,0.0,False,False,primary,0.0,0,0,0,incorporation-and-company-structures,c30a059045af6d2a578d71a656881f215e0059e1c87b3a46eb5bfeebcec35daf
/blog/incorporation-and-company-structures/extracting-cash-from-property-spv-extraction-sequence-pillar-2026-27,/for/property-company-profit-extraction,,judgment (high),,,0,/for/property-spv-set-up,0.141,0.071,/for/moving-property-into-a-limited-company,0.0,False,False,primary,0.0,0,0,0,incorporation-and-company-structures,e97f99fb659b1fb141366423d3c02afd87e1eee581dadd44909d039c7f624a62
/blog/incorporation-and-company-structures/fic-campaign,/for/landlord-retirement-and-succession,,judgment (medium),,,0,/for/rental-income-disclosure,0.102,0.027,/for/moving-property-into-a-limited-company,0.0,False,False,primary,0.0,0,0,0,incorporation-and-company-structures,a8f4da46241aa89335840152eb976bc6b4a47ef71e99f1be28efb2a72dcc0903
/blog/incorporation-and-company-structures/fic-vs-discretionary-trust-property-comparison,/for/landlord-retirement-and-succession,,judgment (high),,,0,/for/landlord-retirement-and-succession,0.137,0.017,/for/moving-property-into-a-limited-company,0.0,False,False,primary,0.0,0,0,0,incorporation-and-company-structures,f834c35dac9d4c6525362898231a81029a86a9de5d9a8f498a23b3d3a04bfdea
/blog/incorporation-and-company-structures/how-many-buy-to-let-limited-companies-uk,none,,judgment (medium),,,0,/for/property-spv-set-up,0.197,0.076,/for/moving-property-into-a-limited-company,0.0,False,False,none,0.0,0,0,0,incorporation-and-company-structures,9f8c8b6d08a1e51619f22ca4ffa8558b891931ee8ef6fa5cdbdf686378686ac6
/blog/incorporation-and-company-structures/how-old-are-uk-property-companies-age-profile,none,,judgment (medium),,,0,/for/moving-property-into-a-limited-company,0.055,0.002,/for/moving-property-into-a-limited-company,0.0,False,False,none,0.0,0,0,0,incorporation-and-company-structures,04776cf090a366fa6c2f111108fc7d17cb85f8f180b9dbf90e3b22128dbc2390
/blog/incorporation-and-company-structures/how-to-set-up-property-investment-company-uk-guide,/for/property-spv-set-up,,judgment (high),,,0,/for/property-spv-set-up,0.196,0.053,/for/moving-property-into-a-limited-company,0.0,False,False,primary,0.0,0,0,0,incorporation-and-company-structures,5a5eaace240088034dbf60bf2b88c2e81ead558acffe1000f2afc1bc103518e8
/blog/incorporation-and-company-structures/how-us-based-directors-of-uk-companies-can-navigate-ecctas-new-identity-verification-rules,none,,judgment (medium),,,0,/services/non-resident-landlord,0.086,0.016,/for/moving-property-into-a-limited-company,0.0,False,False,none,0.0,0,0,0,incorporation-and-company-structures,4497e813ad27a48846e6c078f0d3ebb71b4d579b92a47390737b58680458b423
/blog/incorporation-and-company-structures/identity-verification-for-pscs-your-questions-answered,none,,judgment (medium),,,0,/for-letting-agents,0.088,0.026,/for/moving-property-into-a-limited-company,0.0,False,False,none,0.0,0,0,0,incorporation-and-company-structures,fbd18ce0da38262e436120965280ac45bd6061abf855343b8a83d325face97f9
/blog/incorporation-and-company-structures/identity-verification-form,none,,judgment (medium),,,0,/for/property-spv-set-up,0.083,0.018,/for/moving-property-into-a-limited-company,0.0,False,False,none,0.0,0,0,0,incorporation-and-company-structures,d3dd39a22de32fb1aa85e3b426d647cc27d621ae163c9f1e6541fbe508ac1300
/blog/incorporation-and-company-structures/incorporating-an-hmo-into-a-limited-company-pros-and-cons,/for/moving-property-into-a-limited-company,/for/hmo-and-multi-let-landlords,judgment (high),,,0,/for/hmo-and-multi-let-landlords,0.17,0.037,/for/moving-property-into-a-limited-company,0.0,False,False,primary,0.0,0,0,0,incorporation-and-company-structures,5e2996e8a7d475732c664a80b341a8dd81a7aa1c8343f88e69b4217a3cd56f34
/blog/incorporation-and-company-structures/incorporating-hmo-portfolio-to-limited-company,/for/moving-property-into-a-limited-company,,s2_specific,,,0,/for/moving-property-into-a-limited-company,0.249,0.053,/for/moving-property-into-a-limited-company,0.0,False,False,primary,0.0,0,0,0,incorporation-and-company-structures,fcc77f545135cb8cf0821757b6ee9ce17c81a819231f38c8fd5a949a214f4b23
/blog/incorporation-and-company-structures/interest-in-possession-iht-treatment-iipi-iht49a-life-tenant-rental-property,/for/landlord-retirement-and-succession,,judgment (medium),,,0,/landed-estates,0.079,0.006,/for/moving-property-into-a-limited-company,0.0,False,False,primary,0.0,0,0,0,incorporation-and-company-structures,4cc31973e5cc2b02a80d860be7af733f3479d2d7dd94bd6c7a74a7a7871d87d9
/blog/incorporation-and-company-structures/intestacy-mechanics-rental-property-portfolio-no-will-cohort-operational-walkthrough,/for/inherited-property,,judgment (high),,,0,/services/property-accountant,0.078,0.009,/for/moving-property-into-a-limited-company,0.0,False,False,primary,0.0,0,0,0,incorporation-and-company-structures,39f0522df069a3c58a24f46a6c828718fe199fcee486abfb933f79548d4ef9f8
/blog/incorporation-and-company-structures/landlord-registration-limited-company-scotland-wales,none,,judgment (medium),,,0,/for/property-spv-set-up,0.133,0.025,/for/moving-property-into-a-limited-company,0.0,False,False,none,0.0,0,0,0,incorporation-and-company-structures,f1320c9f1f38387cf590170c7cc0b319f81dcf0eb8c30994b073fea0419bbdc9
/blog/incorporation-and-company-structures/limited-companies,/for/moving-property-into-a-limited-company,/for/property-spv-set-up,judgment (medium),,,0,/for/property-spv-set-up,0.16,0.034,/for/moving-property-into-a-limited-company,0.0,False,False,primary,0.0,0,0,0,incorporation-and-company-structures,0b3748a370e6ffdebd73c4f20fb86fdba63065fcf1c85803bbe982d9c77cdb03
/blog/incorporation-and-company-structures/limited-companies-and-btl-properties,/services/property-accountant,,judgment (medium),,,0,/for/property-spv-set-up,0.162,0.04,/for/moving-property-into-a-limited-company,0.0,False,False,primary,0.0,0,0,0,incorporation-and-company-structures,223897385e74274ada601ed9f10a3d7db119de26eebefa819fef4ec84fa7fab7
/blog/incorporation-and-company-structures/limited-company-buy-to-let-allowable-expenses,/for/property-spv-set-up,,s2_specific,,,0,/for/property-spv-set-up,0.206,0.032,/for/moving-property-into-a-limited-company,0.0,False,False,primary,0.0,0,0,0,incorporation-and-company-structures,0df89387f96de21211d10dbce2d0b359118c40c99c67d8996a6091438b88f4fc
/blog/incorporation-and-company-structures/llp-property-investment-worth-considering,/services/property-tax-advice,,judgment (medium),,,0,/for/property-spv-set-up,0.154,0.018,/for/moving-property-into-a-limited-company,0.0,False,False,primary,0.0,0,0,0,incorporation-and-company-structures,65df2a649818812245c10e76255a600f6ea7e3b1513cb15ba0a92b679cee55b4
/blog/incorporation-and-company-structures/multi-company-group-extraction-spv-holding-co-dividend-conduit-mechanics,/for/property-company-profit-extraction,,judgment (high),,,0,/for/property-spv-set-up,0.135,0.045,/for/moving-property-into-a-limited-company,0.0,False,False,primary,0.0,0,0,0,incorporation-and-company-structures,2d2f0afbbaad661c461d43db1c601029b21c5056254543566102a1aef86fc82b
/blog/incorporation-and-company-structures/property-company-dividend-tax,/for/property-company-profit-extraction,,judgment (high),,,0,/for/moving-property-into-a-limited-company,0.119,0.038,/for/moving-property-into-a-limited-company,0.0,False,False,primary,0.0,0,0,0,incorporation-and-company-structures,2016dbbd573c163284120c02d4a7439041174745f647d7ce11bb32eaa0a107ac
/blog/incorporation-and-company-structures/property-company-employer-pension-contributions-directors,/for/property-company-profit-extraction,,judgment (high),,,0,/for/moving-property-into-a-limited-company,0.126,0.048,/for/moving-property-into-a-limited-company,0.0,False,False,primary,0.0,0,0,0,incorporation-and-company-structures,e7e5ac5d63a962b58646aef09fdcea3ce7b20f0ff5604b7b29ee57386202a65c
/blog/incorporation-and-company-structures/property-company-profit-extraction-salary-vs-dividends,/for/property-company-profit-extraction,,judgment (high),,,0,/blog/incorporation-and-company-structures/how-to-transfer-property-into-limited-company-uk,0.109,0.003,/for/moving-property-into-a-limited-company,0.0,False,False,primary,0.0,0,0,0,incorporation-and-company-structures,46af734f72f7e59c99b56b47c3ce77bd8e9b46deb8a32818cf444b96a040c4b1
/blog/incorporation-and-company-structures/property-partnership-trading-investment-jv-developer-structures-sch-15-sdlt-interaction,none,,manager override,,,0,/for/moving-property-into-a-limited-company,0.152,0.077,/for/moving-property-into-a-limited-company,0.0,False,False,none,0.0,0,25,0,incorporation-and-company-structures,730e75d5767004f8c830004685052008e1501998321d0f7256158b00d0a0f0a7
/blog/incorporation-and-company-structures/property-spv-share-buyback-out-of-distributable-reserves-mechanics,/for/property-company-profit-extraction,,judgment (medium),,,0,/for/property-spv-set-up,0.167,0.077,/for/moving-property-into-a-limited-company,0.0,False,False,primary,0.0,0,0,0,incorporation-and-company-structures,d965226e3ee2a895ac61027fbab39cb9ee5cad4dfe023e17680f6c80991bc04b
/blog/incorporation-and-company-structures/register-for-uk-corporation-tax,/services/property-accountant,/for/property-spv-set-up,judgment (medium),,,0,/for/property-spv-set-up,0.122,0.005,/for/moving-property-into-a-limited-company,0.0,False,False,primary,0.0,0,0,0,incorporation-and-company-structures,daf1ec6fb27687a41e708baa7f1de889c3fb73875b5a033619820c72909582b5
/blog/incorporation-and-company-structures/registered-office-address-property-spv,/for/property-spv-set-up,,s2_specific,,,0,/for/property-spv-set-up,0.204,0.099,/for/moving-property-into-a-limited-company,0.0,False,False,primary,0.0,0,0,0,incorporation-and-company-structures,9abfda4075094209ad0cb91031ab9b352d8b07b77f2d9cdab2ea6f15a7e11266
/blog/incorporation-and-company-structures/residential-property-developer-tax-uk,none,,judgment (medium),,,0,/for/selling-a-buy-to-let,0.116,0.005,/for/moving-property-into-a-limited-company,0.0,False,False,none,0.0,0,39,0,incorporation-and-company-structures,66deec6f408f694159f7c085c0240cd5c3dbfada8786ff2e57fadd0785a985df
/blog/incorporation-and-company-structures/salary-vs-dividends-property-spv-2026-27-marginal-rate-analysis,/for/property-company-profit-extraction,,judgment (high),,,0,/for/property-spv-set-up,0.127,0.061,/for/moving-property-into-a-limited-company,0.0,False,False,primary,0.0,0,0,0,incorporation-and-company-structures,85c81c6aa03e0442e207d229a35d67e15fc8a81501791b736c7ed7507630e136
/blog/incorporation-and-company-structures/sdlt-group-relief-schedule-7-fa-2003-claw-back-connected-party-recovery-depth,/services/property-tax-advice,,judgment (medium),,,0,/for/moving-property-into-a-limited-company,0.09,0.01,/for/moving-property-into-a-limited-company,0.0,False,False,primary,0.0,0,0,0,incorporation-and-company-structures,695bd69a47d985ccc76709d1434e4da7ec8fadbd4dab7ccdbc5b2ca61d7b322b
/blog/incorporation-and-company-structures/sdlt-linked-transactions-fa-2003-section-108-landlord-portfolio-acquisition,/services/property-tax-advice,,judgment (medium),,,0,/for/moving-property-into-a-limited-company,0.11,0.013,/for/moving-property-into-a-limited-company,0.0,False,False,primary,0.0,0,0,0,incorporation-and-company-structures,0fc2da42056e94c8759aff60acdb844ef6cabc5d0bef727c35b5e23a7ff957af
/blog/incorporation-and-company-structures/sdlt-six-dwellings-non-residential-election,/services/property-tax-advice,,judgment (medium),,,0,/services/non-resident-landlord,0.127,0.019,/for/moving-property-into-a-limited-company,0.0,False,False,primary,0.0,0,0,0,incorporation-and-company-structures,05b8c2bdfa0c5712a32c9bfd67502a62a37f3a7f5a681fbe46c46e036822643e
/blog/incorporation-and-company-structures/settlements-legislation-s624-s629-property-income-attribution-mechanics,/for/couples-splitting-rental-income,/for/gifting-property-to-family,judgment (high),,,0,/for/landlord-retirement-and-succession,0.091,0.017,/for/moving-property-into-a-limited-company,0.0,False,False,primary,0.0,0,0,0,incorporation-and-company-structures,f980c952a643b4b97fa56934edd9c3f931aa83373be1b137f54e2c3254065d7a
/blog/incorporation-and-company-structures/should-i-incorporate-buy-to-let-portfolio-2026,/for/moving-property-into-a-limited-company,,s2_specific,,,0,/for/moving-property-into-a-limited-company,0.244,0.113,/for/moving-property-into-a-limited-company,0.0,False,False,primary,0.0,0,0,0,incorporation-and-company-structures,969162dcdc3f43ea4603293a8d95bc5bbb36fd8b738414826964f27c50bf4e2c
/blog/incorporation-and-company-structures/sipp-ssas-commercial-property-purchase-mechanics-landlord-pension-fund,none,,manager override,,,0,/services/property-accountant,0.091,0.014,/for/moving-property-into-a-limited-company,0.0,False,False,none,0.0,0,0,0,incorporation-and-company-structures,33cbbd54db3b756787947d44cb962034822dc602821fdd0f579c97af6949d0ff
/blog/incorporation-and-company-structures/sole-trader-vs-partnership,/services/property-tax-advice,,judgment (medium),,,0,/for/moving-property-into-a-limited-company,0.188,0.093,/for/moving-property-into-a-limited-company,0.0,False,False,primary,0.0,0,0,0,incorporation-and-company-structures,b13266cb9267566a50cfdafe1df5f7e39f71f6268a3731203c21252c5e525ee4
/blog/incorporation-and-company-structures/spv-company-bank-account,/for/property-spv-set-up,,s2_specific,,,0,/for/property-spv-set-up,0.237,0.107,/for/moving-property-into-a-limited-company,0.0,False,False,primary,0.0,0,0,0,incorporation-and-company-structures,575ddc26cff50a5791d74b4e703862eb173c1668cfbd9c1dc8a3374e388f9d68
/blog/incorporation-and-company-structures/spv-company-name-rules-uk,/for/property-spv-set-up,,s2_specific,,,0,/for/property-spv-set-up,0.203,0.086,/for/moving-property-into-a-limited-company,0.0,False,False,primary,0.0,0,0,0,incorporation-and-company-structures,0507ec851c2a35d59961052e90683688b318eb4ccfd434211eea66cd541bbc34
/blog/incorporation-and-company-structures/spv-first-year-accounts-and-filing-timeline,/services/property-accountant,/for/property-spv-set-up,judgment (medium),,,0,/for/property-spv-set-up,0.163,0.054,/for/moving-property-into-a-limited-company,0.0,False,False,primary,0.0,0,0,0,incorporation-and-company-structures,5e0f776caa6f522975d2c031236b4d44a718887b5ad97ff013cd952f3ee7b5ee
/blog/incorporation-and-company-structures/togc-vat-property-letting-business,/services/property-tax-advice,,judgment (medium),,,0,/for/moving-property-into-a-limited-company,0.108,0.02,/for/moving-property-into-a-limited-company,0.0,False,False,primary,0.0,0,0,0,incorporation-and-company-structures,4ede3b594704165c6d5120ea70a3cec680b9e7cd4b590e595ab983aa4ad8794d
/blog/incorporation-and-company-structures/transfer-properties-to-company-phased-guide,/blog/incorporation-and-company-structures/how-to-transfer-property-into-limited-company-uk,/for/moving-property-into-a-limited-company,judgment (medium),,,0,/for/moving-property-into-a-limited-company,0.298,0.012,/for/moving-property-into-a-limited-company,0.0,False,False,primary,0.0,0,0,0,incorporation-and-company-structures,c31242aed48bad136f175a7548f7ba212b117716e45c4a7db165a23aca68126b
/blog/incorporation-and-company-structures/transfer-property-out-of-limited-company-to-personal-name,/services/property-tax-advice,/for/property-company-profit-extraction,judgment (medium),,,0,/blog/incorporation-and-company-structures/how-to-transfer-property-into-limited-company-uk,0.234,0.101,/for/moving-property-into-a-limited-company,0.0,False,False,primary,0.0,0,0,0,incorporation-and-company-structures,57da80250d2cb9963bc7bc3859bd1ac1519215881516e5a58382edb6e81314ed
/blog/incorporation-and-company-structures/transferring-a-business-out-of-a-company,/services/property-tax-advice,,judgment (medium),,,0,/blog/incorporation-and-company-structures/how-to-transfer-property-into-limited-company-uk,0.214,0.078,/for/moving-property-into-a-limited-company,0.0,False,False,primary,0.0,0,0,0,incorporation-and-company-structures,adc206f84c624edaf99f67766df87a6b81523ae15ebe6380c50d9e4f2dbc5f60
/blog/incorporation-and-company-structures/types-of-property-company-structure-uk-guide,/for/property-spv-set-up,,s2_specific,,,0,/for/property-spv-set-up,0.274,0.09,/for/moving-property-into-a-limited-company,0.0,False,False,primary,0.0,0,0,0,incorporation-and-company-structures,7aa744ee44194f765ceef2e7ae8528b42754023e1f94bd5dc5dfbc3ef055fa6e
/blog/incorporation-and-company-structures/uk-landlord-buy-to-let-company-statistics,none,,judgment (medium),,,0,/for/property-spv-set-up,0.191,0.086,/for/moving-property-into-a-limited-company,0.0,False,False,none,0.0,0,1,0,incorporation-and-company-structures,c4a9aac545452d3bfe99c6ed0354f8a8c8eec530d345df6abffe980d9ed7e14a
/blog/incorporation-and-company-structures/uk-spv-incorporation-index-how-to-cite,none,,judgment (high),,,0,/for/property-spv-set-up,0.167,0.089,/for/moving-property-into-a-limited-company,0.0,False,False,none,0.0,0,0,0,incorporation-and-company-structures,7f691258a14ea3937e88bf6dd20d7ad8d160e0e9290941cf18e6280ef3923d1d
/blog/incorporation-and-company-structures/understanding-the-taxation-of-fhls-in-a-company,/for/holiday-let-and-serviced-accommodation,/for/moving-property-into-a-limited-company,judgment (medium),,,0,/blog/incorporation-and-company-structures/how-to-transfer-property-into-limited-company-uk,0.171,0.026,/for/moving-property-into-a-limited-company,0.0,False,False,primary,0.0,0,0,0,incorporation-and-company-structures,e462da2fd0a7b64b05d97b11c2b269f3e9af059e8a850d99d7c1b683bf4d88bf
/blog/incorporation-and-company-structures/welsh-ltt-multiple-dwellings-relief-bulk-purchases-mechanics-survives-vs-sdlt-abolition,/services/property-tax-advice,,judgment (medium),,,0,/for/moving-property-into-a-limited-company,0.1,0.036,/for/moving-property-into-a-limited-company,0.0,False,False,primary,0.0,0,0,0,incorporation-and-company-structures,2493afdf0dab33b861b54dad1efd2070363cffc4914124fe90b47f2ab85760e6
/blog/incorporation-and-company-structures/where-uk-property-companies-are-formed-regional-data,none,,judgment (medium),,,0,/locations/london,0.065,0.017,/for/moving-property-into-a-limited-company,0.0,False,False,none,0.0,0,0,0,incorporation-and-company-structures,7580608d3075ff3b8cd02c4375b190efab0a7adfe3439e612e41c2f413f781da
/blog/landlord-tax-essentials/a-complete-guide-to-periodic-tenancy,none,,judgment (high),,,0,/landed-estates,0.047,0.016,/services/landlord-accountant,0.0,False,False,none,0.0,0,0,0,landlord-tax-essentials,57e15f122e70f2c0dfb003b2b582ff5c668a7c4d240fa22a2f10b18d9bf02229
/blog/landlord-tax-essentials/abolition-of-furnished-holiday-lettings-fhl-what-individual-owners-needs-to-know,/for/holiday-let-and-serviced-accommodation,,judgment (high),,,0,/for/holiday-let-and-serviced-accommodation,0.165,0.092,/services/landlord-accountant,0.0,False,False,primary,0.0,0,0,0,landlord-tax-essentials,0c7320acc9c77e9bc9271ff7840021b1e7d57b79c0a879d53c2c6ae5ec9421a3
/blog/landlord-tax-essentials/bare-trusts-and-lbtt-relief-availability,/services/property-tax-advice,,"judgment (low, 2 readers agree)",,,0,/for/landlord-retirement-and-succession,0.095,0.041,/services/landlord-accountant,0.0,False,False,primary,0.0,0,0,0,landlord-tax-essentials,f1b997a31ac7c6966cd15956f17c87056fb2cbbbc35badc23f5d4d3e9685e676
/blog/landlord-tax-essentials/bidding-wars-asking-rent-cap-landlord-marketing-compliance,none,,judgment (medium),,,0,/for-letting-agents,0.112,0.053,/services/landlord-accountant,0.0,False,False,none,0.0,0,0,0,landlord-tax-essentials,571cae7b5e0bcbac4762fb6decd7ae21158442631535f41def25272f76ed9de2
/blog/landlord-tax-essentials/bpr-pure-btl-pawson-test-why-buy-to-let-fails-investment-line,/for/landlord-retirement-and-succession,,judgment (high),,,0,/landed-estates,0.182,0.028,/services/landlord-accountant,0.0,False,False,primary,0.0,0,0,0,landlord-tax-essentials,3b1f0fcb4f805f62cdee7799ae0dee2248dcf8b830a62f376c670d11a3623f58
/blog/landlord-tax-essentials/capital-allowances-second-hand-vans,/services/landlord-accountant,,judgment (medium),,,0,/blog/capital-gains-tax/capital-gains-tax-second-home-sale,0.151,0.074,/services/landlord-accountant,0.0,False,False,primary,0.0,0,0,0,landlord-tax-essentials,5040f52d741232d8b743473ca761fb310e42546c047a3c4f258b9cf05ff71640
/blog/landlord-tax-essentials/capital-vs-revenue-expenditure-landlord-uk,/services/landlord-accountant,,judgment (medium),,,0,/for/selling-a-buy-to-let,0.133,0.061,/services/landlord-accountant,0.0,False,False,primary,0.0,0,0,0,landlord-tax-essentials,c592d14ed8c4de2ae73e77e9d2f384ef7fa66866a1b31e7d6158f90e5400ddca
/blog/landlord-tax-essentials/case-laws,/services/property-tax-advice,,"judgment (low, 2 readers agree)",,,0,/services/non-resident-landlord,0.037,0.004,/services/landlord-accountant,0.0,False,False,primary,0.0,0,0,0,landlord-tax-essentials,e598fd18d54b6e036c183b5b3729030c5a0c601629e584784d5eb310251f46ca
/blog/landlord-tax-essentials/civil-partnerships-joint-property-ownership-tax-treatment-form-17-equality,/for/couples-splitting-rental-income,,judgment (medium),,,0,/for/moving-property-into-a-limited-company,0.051,0.011,/services/landlord-accountant,0.0,False,False,primary,0.0,0,0,0,landlord-tax-essentials,fcf0e3e1b618d90b9e8ef2f8a1aa01d2639885fd4ed9eed78ad6f979f109c63d
/blog/landlord-tax-essentials/comparison-of-discretionary-trusts,/for/landlord-retirement-and-succession,,judgment (high),,,0,/for/landlord-retirement-and-succession,0.116,0.047,/services/landlord-accountant,0.0,False,False,primary,0.0,0,0,0,landlord-tax-essentials,ab432c9860f5cc07f891cc441cc1236a226685a2f56dc1fe43da359a3348dae6
/blog/landlord-tax-essentials/decent-homes-standard-prs-landlord-compliance-checklist,none,,judgment (high),,,0,/for/hmo-and-multi-let-landlords,0.087,0.011,/services/landlord-accountant,0.0,False,False,none,0.0,0,0,0,landlord-tax-essentials,bdc668c9f8fe1d11838f0374c8fb7de78b37a1059a65e1b9ec4497b8851dbc57
/blog/landlord-tax-essentials/declaration-of-trust,/for/couples-splitting-rental-income,,judgment (medium),,,0,/for/landlord-retirement-and-succession,0.099,0.063,/services/landlord-accountant,0.0,False,False,primary,0.0,0,0,0,landlord-tax-essentials,81ca32e8194759dcb0a03df66c3f927bd38614f9b3fcb8c85175fcbaa9db5a30
/blog/landlord-tax-essentials/declaration-of-trust-property-beneficial-ownership-mechanics-evidence-form-17,/for/couples-splitting-rental-income,,judgment (high),,,0,/for/landlord-retirement-and-succession,0.082,0.026,/services/landlord-accountant,0.0,False,False,primary,0.0,0,0,0,landlord-tax-essentials,4939f025b359d48266ffc4a725a291745a8ae6dfbea7cbb0cc76292e610883ab
/blog/landlord-tax-essentials/deposit-buy-to-let-2026-mortgage-requirements,/for/first-time-and-accidental-landlords,,manager override,,,0,/services/landlord-accountant,0.107,0.012,/services/landlord-accountant,0.0,False,False,primary,0.0,0,0,0,landlord-tax-essentials,a75789505743694988ae797011f74c1bf6a97570c5b035257e68d449d6d39ea8
/blog/landlord-tax-essentials/discovery-assessment-time-limits-landlord-tax-enquiries-tma-1970-s29,/services/property-tax-advice,,judgment (medium),,,0,/for/landlord-self-assessment-and-mtd,0.075,0.026,/services/landlord-accountant,0.0,False,False,primary,0.0,0,0,0,landlord-tax-essentials,131199443a7d7e610056b3949ee477d14d219574829522a0aa6925d35969fa6b
/blog/landlord-tax-essentials/eicr-certificate-cost-landlords,none,,judgment (medium),,,0,/for/selling-a-buy-to-let,0.085,0.013,/services/landlord-accountant,0.0,False,False,none,0.0,4,165,0,landlord-tax-essentials,23bf0e1a21b894d377b6a97fa5390ec63b5c9d22208150aa000d94351638c3cc
/blog/landlord-tax-essentials/energy-performance-certificates-epc,none,,judgment (medium),,,0,/for-letting-agents,0.053,0.014,/services/landlord-accountant,0.0,False,False,none,0.0,0,29,0,landlord-tax-essentials,c64191b76743eb468953899aa140f62ecfe6a52169664111a759c129f5a59143
/blog/landlord-tax-essentials/epc-c-2030-minimum-energy-efficiency-landlord-spending-cap,none,,judgment (medium),,,0,/for/selling-a-buy-to-let,0.055,0.015,/services/landlord-accountant,0.0,False,False,none,0.0,0,0,0,landlord-tax-essentials,9e25345ba2c1ca2bf809b9dcf78701e16ab5492c0833476700f031dcd3c83b4f
/blog/landlord-tax-essentials/epc-certificate-cost-uk,none,,judgment (high),,,0,/for-letting-agents,0.109,0.043,/services/landlord-accountant,0.0,False,False,none,0.0,0,294,0,landlord-tax-essentials,8be58e3d95831edaf20fc5038cd162440780ac042370451ad956ff7412f647ef
/blog/landlord-tax-essentials/epc-improvement-grant-schemes-landlords-eco4-bus-gbis,none,,judgment (medium),,,0,/for/landlord-self-assessment-and-mtd,0.07,0.027,/services/landlord-accountant,0.0,False,False,none,0.0,0,1,0,landlord-tax-essentials,eb14c6fd42b2b517d28d585b671716799a72073b6d06458f5edde6a6642f0f27
/blog/landlord-tax-essentials/essential-guide-for-first-time-homebuyers-in-scotland,none,,judgment (high),,,0,/blog/incorporation-and-company-structures/how-to-transfer-property-into-limited-company-uk,0.083,0.014,/services/landlord-accountant,0.0,False,False,none,0.0,17,3091,1,landlord-tax-essentials,6215c7cf6e06bf131201c4435ae072b936c027590aff4607e79df24b2825aa19
/blog/landlord-tax-essentials/fire-risk-assessment-cost,none,,judgment (high),,,0,/for/hmo-and-multi-let-landlords,0.114,0.013,/services/landlord-accountant,0.0,False,False,none,0.0,2,614,0,landlord-tax-essentials,964836b71fa13207570a049a3e4ddd11e4400e483bfa6501f97c61f01ec9ab17
/blog/landlord-tax-essentials/form-17-declaration-beneficial-interest-property-mechanics-filing-revocation,/for/couples-splitting-rental-income,,judgment (high),,,0,/services/landlord-accountant,0.061,0.004,/services/landlord-accountant,0.0,False,False,primary,0.0,0,0,0,landlord-tax-essentials,8ccf4c9795627b90029a1d9d23ec4b91083683a1f1482f8f4bc27795207aae7c
/blog/landlord-tax-essentials/gas-safety-certificate-cost,none,,judgment (high),,,0,/for/hmo-and-multi-let-landlords,0.076,0.025,/services/landlord-accountant,0.0,False,False,none,0.0,5,959,0,landlord-tax-essentials,50ff151033c14e08361737ccaa9c57bd5f2ccc3c1c26accf138bffceeaec90e9
/blog/landlord-tax-essentials/gas-safety-certificates,none,,judgment (medium),,,0,/services/landlord-accountant,0.045,0.013,/services/landlord-accountant,0.0,False,False,none,0.0,4,875,0,landlord-tax-essentials,94fc91e345efd1dec0cf88876bc47420ea38098f4dae56ed20b5494af73d278d
/blog/landlord-tax-essentials/higher-rates-of-land-transaction-tax-a-complete-guide,/services/property-tax-advice,,judgment (medium),,,0,/blog/capital-gains-tax/capital-gains-tax-second-home-sale,0.07,0.006,/services/landlord-accountant,0.0,False,False,primary,0.0,0,0,0,landlord-tax-essentials,7e3f2c625ee1d7dbdf7b248ec94ca2d7b6f2ceb4e22b9ad8baaa96178b7d3f7f
/blog/landlord-tax-essentials/hmrc-discovery-assessment-tma-1970-section-29-time-limits-landlords,/services/property-tax-advice,,judgment (medium),,,0,/for/landlord-self-assessment-and-mtd,0.07,0.045,/services/landlord-accountant,0.0,False,False,primary,0.0,0,0,0,landlord-tax-essentials,27e28c5e4a8a054a4b561b3e690d56a2e2551e8312b41219df9e04a8ae676d24
/blog/landlord-tax-essentials/how-to-book-an-epc,none,,judgment (high),,,0,/for-letting-agents,0.046,0.005,/services/landlord-accountant,0.0,False,False,none,0.0,1,165,0,landlord-tax-essentials,39bc54877a457624b0434a409acfaa6223685c98492b1c774fc7c9bb7dd90ade
/blog/landlord-tax-essentials/iht-7-year-clock-property-gifting-mid-life-landlord-strategy,/for/gifting-property-to-family,/services/landlord-accountant,s2_specific,,,0,/for/gifting-property-to-family,0.237,0.099,/services/landlord-accountant,0.0,False,False,primary,0.0,0,0,0,landlord-tax-essentials,a0e3e1f263daa6b2443dbdac2a915053e63b3dd13e6627e6afcef5d3fe44fc89
/blog/landlord-tax-essentials/iht-charitable-legacy-property-portfolio-36-percent-reduced-rate,/for/landlord-retirement-and-succession,,judgment (high),,,0,/landed-estates,0.119,0.022,/services/landlord-accountant,0.0,False,False,primary,0.0,0,0,0,landlord-tax-essentials,4e2ac7712d63261dca0d98098fd34fedc6226d391cbbf24eef58781931237826
/blog/landlord-tax-essentials/iht-clt-property-discretionary-trust-20-percent-entry-charge,/for/landlord-retirement-and-succession,,judgment (high),,,0,/for/landlord-retirement-and-succession,0.126,0.058,/services/landlord-accountant,0.0,False,False,primary,0.0,0,0,0,landlord-tax-essentials,8636c6d974accaceddb97ab479b7366354c84fa3b7362144a07752d2165c821b
/blog/landlord-tax-essentials/iht-gift-with-reservation-letting-children-paying-rent-mechanics,/for/gifting-property-to-family,,judgment (high),,,0,/for/gifting-property-to-family,0.172,0.094,/services/landlord-accountant,0.0,False,False,primary,0.0,0,0,0,landlord-tax-essentials,cc26e547c6999aaab2a692bdec10fbb40f86ea32bc6475eba58bd1475ae06a10
/blog/landlord-tax-essentials/iht-lifetime-gifts-7-year-rule-property-taper,/for/gifting-property-to-family,,judgment (high),,,0,/for/gifting-property-to-family,0.195,0.063,/services/landlord-accountant,0.0,False,False,primary,0.0,0,0,0,landlord-tax-essentials,b7e10c8d08b60516a215dbd7f4ff253a33011170428d5d73d7207084dd63c99f
/blog/landlord-tax-essentials/iht-spouse-exemption-long-term-resident-section-18-section-267zc-election,/services/property-tax-advice,,manager override,,,0,/blog/incorporation-and-company-structures/how-to-transfer-property-into-limited-company-uk,0.082,0.01,/services/landlord-accountant,0.0,False,False,primary,0.0,0,0,0,landlord-tax-essentials,f025c1bd89bd2034aeb193ac390ffd46fca6fc9dee261cac5752636b7da75e32
/blog/landlord-tax-essentials/inheritance-tax-lifetime-gifts-vs-transfer-at-death,/for/gifting-property-to-family,,judgment (medium),,,0,/for/gifting-property-to-family,0.153,0.041,/services/landlord-accountant,0.0,False,False,primary,0.0,0,0,0,landlord-tax-essentials,7495aabadbbf52fdd336fa9300b64a906f203a99635173ca5b06f0de69cb7135
/blog/landlord-tax-essentials/inheriting-a-house-in-the-uk,/for/inherited-property,/services/landlord-accountant,s2_specific,,,0,/for/inherited-property,0.207,0.101,/services/landlord-accountant,0.0,False,False,primary,0.0,0,0,0,landlord-tax-essentials,dbb23b8ce389b181f52d01475553014f054f526db0803516fd9777f82511e434
/blog/landlord-tax-essentials/landlord-electrical-safety-certificate,none,,judgment (high),,,0,/for/selling-a-buy-to-let,0.089,0.028,/services/landlord-accountant,0.0,False,False,none,0.0,2,1318,0,landlord-tax-essentials,1d267c4dfbcd243620849316a3dd6c70b9d84798ad6111f0f69a73f0ca22fe60
/blog/landlord-tax-essentials/landlord-insurance-guide-types-costs-tax-deductible,none,,judgment (medium),,,0,/for/holiday-let-and-serviced-accommodation,0.121,0.025,/services/landlord-accountant,0.0,False,False,none,0.0,0,9,0,landlord-tax-essentials,ffee7b651fd670eeb8167d21c683d6a76c77dee93dc2f1c9a7cbd7ae3012a6ea
/blog/landlord-tax-essentials/landlord-licensing-explained,none,,judgment (medium),,,0,/for/hmo-and-multi-let-landlords,0.141,0.088,/services/landlord-accountant,0.0,False,False,none,0.0,0,121,0,landlord-tax-essentials,d70da9b67af8faa6515c955afd54b929969d216e7bf503de69c943d8875699ec
/blog/landlord-tax-essentials/landlords-considering-selling-portfolio-rra-2025-tax-implications,/for/selling-a-buy-to-let,,judgment (high),,,0,/blog/capital-gains-tax/capital-gains-tax-second-home-sale,0.148,0.016,/services/landlord-accountant,0.0,False,False,primary,0.0,0,0,0,landlord-tax-essentials,83973b39f7cc871bea314bcd8218b90ab656742798d79d972df24465d6ce49af
/blog/landlord-tax-essentials/late-filing-and-late-payment-penalties,/for/landlord-self-assessment-and-mtd,/services/landlord-accountant,s2_specific,,,0,/for/landlord-self-assessment-and-mtd,0.234,0.185,/services/landlord-accountant,0.0,False,False,primary,0.0,0,0,0,landlord-tax-essentials,f04bf231830cb07dc8ed1a4a66f847e377cafd01cd73938651c0775fc1ce0d40
/blog/landlord-tax-essentials/lbtt-acquisition-relief-when-corporate-takeovers-reduce-tax,none,,judgment (medium),,,0,/for/landlord-retirement-and-succession,0.091,0.018,/services/landlord-accountant,0.0,False,False,none,0.0,0,0,0,landlord-tax-essentials,0a188f699dc4d78036d2146acf368e5367e6b5794685e8f972a1cf9955b5effa
/blog/landlord-tax-essentials/lbtt-review-in-scotland,/services/property-tax-advice,,judgment (medium),,,0,/blog/capital-gains-tax/capital-gains-tax-second-home-sale,0.099,0.055,/services/landlord-accountant,0.0,False,False,primary,0.0,0,0,0,landlord-tax-essentials,06a8965f5fafa7c266fed4cc38a981ccf3248f2c90f334f2f156b2f670d032e3
/blog/landlord-tax-essentials/ltt-calculator,/services/property-tax-advice,,"judgment (low, 2 readers agree)",,,0,/services/non-resident-landlord,0.046,0.004,/services/landlord-accountant,0.0,False,False,primary,0.0,0,0,0,landlord-tax-essentials,ad8cd3b4e37aa92027a46fc5097d6ce8e904fae09871d05e9006284cd6331cc8
/blog/landlord-tax-essentials/making-a-disclosure-using-the-worldwide-disclosure-facility,/for/rental-income-disclosure,,judgment (high),,,0,/for/rental-income-disclosure,0.124,0.061,/services/landlord-accountant,0.0,False,False,primary,0.0,0,0,0,landlord-tax-essentials,edbcc1428247159e25b9fec07e8fa452028185c8923d62758156bb8e3eae3767
/blog/landlord-tax-essentials/maximising-business-relief-to-reduce-inheritance-tax,/for/landlord-retirement-and-succession,,judgment (medium),,,0,/landed-estates,0.168,0.035,/services/landlord-accountant,0.0,False,False,primary,0.0,0,0,0,landlord-tax-essentials,e34dc52a0818fd595f72cc246835f535f44b37385f0ef8930e46e3279044df22
/blog/landlord-tax-essentials/mees-regulations-landlords,none,,judgment (medium),,,0,/for/selling-a-buy-to-let,0.097,0.052,/services/landlord-accountant,0.0,False,False,none,0.0,1,146,0,landlord-tax-essentials,be172878f1b12fe541da530f1b37c143d4fb9598c610c911bffe635e60767cc7
/blog/landlord-tax-essentials/missed-taxes-let-property-campaign-to-the-rescue,/for/rental-income-disclosure,/services/landlord-accountant,s2_specific,,,0,/for/rental-income-disclosure,0.221,0.133,/services/landlord-accountant,0.0,False,False,primary,0.0,0,0,0,landlord-tax-essentials,534c009639b6a85ed82813803443de6793da492cc8140c5a68aff4fbc1c4bd92
/blog/landlord-tax-essentials/paye-penalties-for-late-submission-and-filing,/services/property-accountant,,manager override,,,0,/for/landlord-self-assessment-and-mtd,0.084,0.028,/services/landlord-accountant,0.0,False,False,primary,0.0,0,0,0,landlord-tax-essentials,14ec8096ff71bda6e06e4d603c0149050c0ecc58ceca76868c7825658c6f1b54
/blog/landlord-tax-essentials/periodic-tenancy-default-ast-conversion-mechanics,none,,judgment (high),,,0,/for/selling-a-buy-to-let,0.037,0.003,/services/landlord-accountant,0.0,False,False,none,0.0,0,0,0,landlord-tax-essentials,d9f2020e791e55e1b06ebd406aea76daaa6b345013106ca170671e72f22c6675
/blog/landlord-tax-essentials/pet-rights-tenancy-landlord-refusal-reasonable-grounds,none,,judgment (high),,,0,/for/moving-property-into-a-limited-company,0.038,0.007,/services/landlord-accountant,0.0,False,False,none,0.0,3,431,0,landlord-tax-essentials,31e2ac447e26b9d17f122503cf56b00bc198d4990f35b20abc0de24b3306a55c
/blog/landlord-tax-essentials/pre-letting-expenses-landlord-claim-before-first-tenant,/for/first-time-and-accidental-landlords,,judgment (medium),,,0,/for/moving-property-into-a-limited-company,0.11,0.015,/services/landlord-accountant,0.0,False,False,primary,0.0,0,0,0,landlord-tax-essentials,01dac285bbafc29ab15cce64396e570a11418e70f2c01f6f0fc6270fbb94d2f9
/blog/landlord-tax-essentials/prs-database-landlord-ombudsman-registration-requirements,/for-letting-agents,,judgment (medium),,,0,/for/selling-a-buy-to-let,0.062,0.013,/services/landlord-accountant,0.0,False,False,primary,0.0,0,0,0,landlord-tax-essentials,06cd2e25750451a9a360ef98964ec959f286cc9ad1cb4ee887b673534dcd9b49
/blog/landlord-tax-essentials/public-access-to-trust-data-on-the-uk-register-of-overseas-entities-expanded,/services/non-resident-landlord,,manager override,,,0,/for/landlord-retirement-and-succession,0.071,0.029,/services/landlord-accountant,0.0,False,False,primary,0.0,0,0,0,landlord-tax-essentials,91556bcd076a6b27852519769ca4757371a034815421a7f6a60e99d6fb6a1e0c
/blog/landlord-tax-essentials/putting-a-rental-property-into-a-trust,/for/landlord-retirement-and-succession,/services/landlord-accountant,s2_specific,,,0,/for/landlord-retirement-and-succession,0.206,0.123,/services/landlord-accountant,0.0,False,False,primary,0.0,0,0,0,landlord-tax-essentials,587bf8e2ab58f4e672e631a7e2ca87efd621eda5db9aabbe522c542476105680
/blog/landlord-tax-essentials/rental-yield-calculator-guide-uk-landlords,/services/property-tax-advice,,"judgment (low, 2 readers agree)",,,0,/for-letting-agents,0.082,0.004,/services/landlord-accountant,0.0,False,False,primary,0.0,0,0,0,landlord-tax-essentials,d88a608bbe220c1cb3b37bdd6d8eeaa89ae00c0b2bad024f21669aed7d83849e
/blog/landlord-tax-essentials/renters-rights-act-periodic-tenancy-switch-landlord-obligations,none,,judgment (high),,,0,/for/landlord-self-assessment-and-mtd,0.041,0.0,/services/landlord-accountant,0.0,False,False,none,0.0,0,0,0,landlord-tax-essentials,8920ebfae8870f3943744a294595a792233b784d65d9f324c3c349ca28477a87
/blog/landlord-tax-essentials/renters-rights-act-possession-grounds-reform-section-8-landlords,none,,judgment (high),,,0,/for-letting-agents,0.049,0.014,/services/landlord-accountant,0.0,False,False,none,0.0,0,21,0,landlord-tax-essentials,25e35e90d4d422935648a87a86609b484889d66200c16b5f99add622f2bce8b0
/blog/landlord-tax-essentials/renters-rights-act-property-redress-scheme-mandatory-enrolment-landlords,none,,judgment (high),,,0,/for-letting-agents,0.068,0.036,/services/landlord-accountant,0.0,False,False,none,0.0,0,0,0,landlord-tax-essentials,a2a0c103736712c02d5e3e77326c8250556b56f786f70877f0d4a7786ffdcf24
/blog/landlord-tax-essentials/renters-rights-act-rent-increase-section-13-tribunal-route,none,,judgment (medium),,,0,/for/moving-property-into-a-limited-company,0.028,0.002,/services/landlord-accountant,0.0,False,False,none,0.0,0,0,0,landlord-tax-essentials,8d2e73bb4c376f2ab2c450b5ca97fe27a6157154926a45d63c5d6e5c507ca255
/blog/landlord-tax-essentials/renters-rights-act-section-21-abolition-landlord-operational-mechanics,none,,judgment (high),,,0,/blog/capital-gains-tax/capital-gains-tax-second-home-sale,0.077,0.028,/services/landlord-accountant,0.0,False,False,none,0.0,0,0,0,landlord-tax-essentials,5caefa79f0c31ce21d4a79eee38abb46111b6c09fbb401934d38c29509001443
/blog/landlord-tax-essentials/residence-nil-rate-band-frozen,/for/landlord-retirement-and-succession,,judgment (medium),,,0,/landed-estates,0.084,0.024,/services/landlord-accountant,0.0,False,False,primary,0.0,0,0,0,landlord-tax-essentials,7129df06532157b776611f295d15267a6fceb2c3c88920662f623b4c7149d6f4
/blog/landlord-tax-essentials/rra-2025-landlord-enforcement-civil-penalties-banning-orders-defence,none,,judgment (high),,,0,/services/non-resident-landlord,0.048,0.001,/services/landlord-accountant,0.0,False,False,none,0.0,0,0,0,landlord-tax-essentials,58f60505641fe218ecf2357b24c27ed1a91b237cc367eaaa4dbcd9fd7e3f0eaf
/blog/landlord-tax-essentials/scottish-lbtt-additional-dwelling-supplement-ads-mechanics-second-home-buyers,/services/property-tax-advice,,judgment (medium),,,0,/blog/capital-gains-tax/capital-gains-tax-second-home-sale,0.12,0.087,/services/landlord-accountant,0.0,False,False,primary,0.0,0,0,0,landlord-tax-essentials,5f4f2ecbe3b3e15895032ffb9d745b6e7faf7bbfce0aaba22cfc0e20536866e1
/blog/landlord-tax-essentials/scottish-lbtt-first-time-buyer-relief-eligibility-mechanics,none,,judgment (high),,,0,/for/inherited-property,0.07,0.015,/services/landlord-accountant,0.0,False,False,none,0.0,0,17,0,landlord-tax-essentials,f51f5736f430cfc3806595db663ba175bd9e7a9353c7d1dee6acf417cf7bec6b
/blog/landlord-tax-essentials/scottish-lbtt-rates-bands-2026-27-residential-buyers-complete-guide,none,,judgment (medium),,,0,/blog/incorporation-and-company-structures/how-to-transfer-property-into-limited-company-uk,0.105,0.045,/services/landlord-accountant,0.0,True,False,none,0.0,25,14979,0,landlord-tax-essentials,e37981b59293d8a9e510f46913b792654e8da3a6728e687113aa1f7993a2fcc7
/blog/landlord-tax-essentials/sdlt-5-percent-surcharge-refund-claim-process,none,,judgment (medium),,,0,/blog/capital-gains-tax/capital-gains-tax-second-home-sale,0.086,0.026,/services/landlord-accountant,0.0,False,False,none,0.0,0,0,0,landlord-tax-essentials,5d2d0527b6a75a4e5e53ad0c6799bbe3a792c70f8510a5af092de72f7c3f8dc0
/blog/landlord-tax-essentials/sdlt-buy-to-let-rates-surcharge-guide-2025,/services/property-tax-advice,/for/property-spv-set-up,judgment (medium),,,0,/blog/incorporation-and-company-structures/how-to-transfer-property-into-limited-company-uk,0.173,0.025,/services/landlord-accountant,0.0,False,False,primary,0.0,0,0,0,landlord-tax-essentials,adc5d4ae46079f2cc205e9345032945715a4acb67630f106fc1db3a684ad04b0
/blog/landlord-tax-essentials/sdlt-mixed-use-property-classification,/services/property-tax-advice,,judgment (medium),,,0,/services/non-resident-landlord,0.072,0.037,/services/landlord-accountant,0.0,False,False,primary,0.0,0,0,0,landlord-tax-essentials,b5dca5c0084abf2e510fcdbb88fe64dcfe1db4c9154dedb30115d790396a903a
/blog/landlord-tax-essentials/sdlt-refund-scams-how-to-avoid,/services/property-tax-advice,,"judgment (low, 2 readers agree)",,,0,/services/property-tax-advice,0.053,0.0,/services/landlord-accountant,0.0,False,False,primary,0.0,0,0,0,landlord-tax-essentials,6452d936037c3c726563759d13458317ec11adee300200dd6f2110655ef786f1
/blog/landlord-tax-essentials/sdlt-shared-ownership-staircasing,none,,judgment (medium),,,0,/services/non-resident-landlord,0.082,0.025,/services/landlord-accountant,0.0,False,False,none,0.0,0,218,0,landlord-tax-essentials,6594953b7931dbe7fcc0cc1e841c9f72a60c5ef13731a3e64a111477baec63fb
/blog/landlord-tax-essentials/section-21-abolition-uk-landlord-possession-guide-2026,none,,judgment (high),,,0,/landed-estates,0.047,0.013,/services/landlord-accountant,0.0,False,False,none,0.0,0,63,0,landlord-tax-essentials,ef0af1ff8407d4130fda69fff83a8bcd7b19f1247eec0035d25efba8b003eb5d
/blog/landlord-tax-essentials/tenancy-agreement-template-rra-2025-compliant-clauses,none,,judgment (high),,,0,/for/moving-property-into-a-limited-company,0.032,0.012,/services/landlord-accountant,0.0,False,False,none,0.0,0,63,0,landlord-tax-essentials,ddf62edc6f0c973284535a07ad40072bb1cb577fa0a64e337aac63c6b46194c4
/blog/landlord-tax-essentials/understanding-alternative-finance-arrangements-under-lbtt,none,,judgment (medium),,,0,/blog/incorporation-and-company-structures/how-to-transfer-property-into-limited-company-uk,0.086,0.027,/services/landlord-accountant,0.0,False,False,none,0.0,0,137,0,landlord-tax-essentials,52ba999b07162cdbe0e083c2368c07cc5c5283ba5ad4997a86c6c38838e69b46
/blog/landlord-tax-essentials/vat-partial-exemption-landlords-mixed-residential-commercial-portfolios-standard-method,/services/property-tax-advice,,judgment (medium),,,0,/for/moving-property-into-a-limited-company,0.077,0.023,/services/landlord-accountant,0.0,False,False,primary,0.0,0,0,0,landlord-tax-essentials,ae68dcf8d03627d931c818dc2af0556e933e7b2a09820bf9b458d64f4d7106fd
/blog/landlord-tax-essentials/welsh-land-transaction-tax-ltt-rates-bands-2026-27-residential-buyers,none,,judgment (medium),,,0,/blog/incorporation-and-company-structures/how-to-transfer-property-into-limited-company-uk,0.068,0.017,/services/landlord-accountant,0.0,False,False,none,0.0,0,0,0,landlord-tax-essentials,9e19f932b6cfbe3dfd9f85ae94bc93e1799ed1ecd727f2f9394b807005dde135
/blog/landlord-tax-essentials/welsh-ltt-first-time-buyer-relief-mechanics-eligibility-comparison-england-scotland,none,,judgment (high),,,0,/blog/capital-gains-tax/capital-gains-tax-second-home-sale,0.049,0.005,/services/landlord-accountant,0.0,False,False,none,0.0,0,0,0,landlord-tax-essentials,3206afa8160e82de74e42303a2940e74041bfa5d9a6987669179ffdd5157fad5
/blog/making-tax-digital-mtd/how-making-tax-digital-affects-limited-companies,/for/landlord-self-assessment-and-mtd,,s2_specific,,,0,/for/landlord-self-assessment-and-mtd,0.213,0.123,/for/landlord-self-assessment-and-mtd,0.0,False,False,primary,0.0,0,0,0,making-tax-digital-mtd,45a1784a39131fded630a6f9529fc18b638c701081f2a8449a8a4e42756f279c
/blog/making-tax-digital-mtd/how-to-register-mtd-landlord-step-by-step-guide,/for/landlord-self-assessment-and-mtd,,s2_specific,,,0,/for/landlord-self-assessment-and-mtd,0.28,0.165,/for/landlord-self-assessment-and-mtd,0.0,False,False,primary,0.0,0,0,0,making-tax-digital-mtd,75f91598254b814c9ca19637ecc7a50e3d1f18ae965e9ef49b36a88ba895ed49
/blog/making-tax-digital-mtd/landlord-tax-return-deadline-2026,/for/landlord-self-assessment-and-mtd,,s2_specific,,,0,/for/landlord-self-assessment-and-mtd,0.27,0.189,/for/landlord-self-assessment-and-mtd,0.0,False,False,primary,0.0,0,0,0,making-tax-digital-mtd,427e41151c8b4cdd2a8963d62c5f54d5d77978bb374fb55292b0f9a0dc23ee62
/blog/making-tax-digital-mtd/making-tax-digital-landlords-april-2026-deadline,/for/landlord-self-assessment-and-mtd,,s2_specific,,,0,/for/landlord-self-assessment-and-mtd,0.251,0.2,/for/landlord-self-assessment-and-mtd,0.0,False,False,primary,0.0,0,0,0,making-tax-digital-mtd,78357de57be40d4feb3a5c40bea3eaca987e97f70b3ed4799b33a561276afb86
/blog/making-tax-digital-mtd/mtd-itsa-choosing-software-by-landlord-scenario-decision-tree,/for/landlord-self-assessment-and-mtd,,judgment (medium),,,0,/for/landlord-self-assessment-and-mtd,0.128,0.065,/for/landlord-self-assessment-and-mtd,0.0,False,False,primary,0.0,0,0,0,making-tax-digital-mtd,13badd239d273fe29b7daf4c6f8e06729fd7cb4ad566e53674d8989aa1896204
/blog/making-tax-digital-mtd/mtd-itsa-comparison-current-self-assessment-vs-mtd-cycle,/for/landlord-self-assessment-and-mtd,,s2_specific,,,0,/for/landlord-self-assessment-and-mtd,0.26,0.214,/for/landlord-self-assessment-and-mtd,0.0,False,False,primary,0.0,0,0,0,making-tax-digital-mtd,ce3341da9c124d68fdd54c797d96e7813dd01c694bc516a9cc6302ca896a21fc
/blog/making-tax-digital-mtd/mtd-itsa-joint-property-owners-quarterly-filing-mechanics-each-spouse,/for/landlord-self-assessment-and-mtd,,s2_specific,,,0,/for/landlord-self-assessment-and-mtd,0.217,0.146,/for/landlord-self-assessment-and-mtd,0.0,False,False,primary,0.0,0,0,0,making-tax-digital-mtd,2997c631264b5813d96fc42730f82a2a6d0a6e7964f996144635f13ca11cb466
/blog/making-tax-digital-mtd/mtd-itsa-overview-six-changes-residential-landlords,/for/landlord-self-assessment-and-mtd,,s2_specific,,,0,/for/landlord-self-assessment-and-mtd,0.222,0.137,/for/landlord-self-assessment-and-mtd,0.0,False,False,primary,0.0,0,0,0,making-tax-digital-mtd,0757ffb3b6147a8ab5eb54285900805c7f3550734913aa13a0bd2264c680f7bc
/blog/making-tax-digital-mtd/mtd-itsa-pension-funds-sipp-ssas-holding-rental-property-treatment,/for/landlord-self-assessment-and-mtd,,judgment (medium),,,0,/for/landlord-self-assessment-and-mtd,0.171,0.117,/for/landlord-self-assessment-and-mtd,0.0,False,False,primary,0.0,0,0,0,making-tax-digital-mtd,32dad150c9fca00d0af5d793e25e10858432c4432f7a98b41838de8c8c8be8e1
/blog/making-tax-digital-mtd/mtd-itsa-pilot-trial-volunteer-2025-26-experience,/for/landlord-self-assessment-and-mtd,,judgment (high),,,0,/for/landlord-self-assessment-and-mtd,0.153,0.104,/for/landlord-self-assessment-and-mtd,0.0,False,False,primary,0.0,0,0,0,making-tax-digital-mtd,0ccd46fd559beafef94494190e6e5aadd7b480494f22acee63a4ae0018d181e5
/blog/making-tax-digital-mtd/mtd-itsa-vs-limited-company-cohort-different-rules,/for/landlord-self-assessment-and-mtd,/for/moving-property-into-a-limited-company,judgment (medium),,,0,/for/landlord-self-assessment-and-mtd,0.174,0.064,/for/landlord-self-assessment-and-mtd,0.0,False,False,primary,0.0,0,0,0,making-tax-digital-mtd,439577814ececc03e77d97630f08dfe87e695046aebd74891179711bfe728dd2
/blog/making-tax-digital-mtd/mtd-made-simple-for-landlords-with-jointly-owned-properties,/for/landlord-self-assessment-and-mtd,/for/couples-splitting-rental-income,judgment (high),,,0,/for/landlord-self-assessment-and-mtd,0.182,0.096,/for/landlord-self-assessment-and-mtd,0.0,False,False,primary,0.0,0,0,0,making-tax-digital-mtd,cedd0533301bae0a90cd26fd9f7a792e3fa81bb4f1ebd9d23a91e432c8796b89
/blog/making-tax-digital-mtd/mtd-penalties-exemptions-and-what-to-watch,/for/landlord-self-assessment-and-mtd,,judgment (high),,,0,/for/landlord-self-assessment-and-mtd,0.111,0.074,/for/landlord-self-assessment-and-mtd,0.0,False,False,primary,0.0,0,0,0,making-tax-digital-mtd,99ca2090082c41387d349823d3eb238a1710cd011b406c23c0d2387ca65f9994
/blog/making-tax-digital-mtd/what-is-qualifying-income-for-mtd,/for/landlord-self-assessment-and-mtd,,judgment (high),,,0,/for/landlord-self-assessment-and-mtd,0.173,0.099,/for/landlord-self-assessment-and-mtd,0.0,False,False,primary,0.0,0,0,0,making-tax-digital-mtd,68ba876dd8e5f9733bf28c1e10d399b377cc92ad4c76e66bd91fb99e3f5c1763
/blog/non-resident-landlord-tax/changes-nrl-companies,/services/non-resident-landlord,,judgment (high),,,0,/services/non-resident-landlord,0.129,0.069,/services/non-resident-landlord,0.0,False,False,primary,0.0,0,0,0,non-resident-landlord-tax,38c68111d2051e63b3bbf543e231213938ccbf3fd2fafb46d23bcf6e8854f25a
/blog/non-resident-landlord-tax/consequences-for-roe-non-compliance,/services/non-resident-landlord,,judgment (high),,,0,/services/non-resident-landlord,0.091,0.054,/services/non-resident-landlord,0.0,False,False,primary,0.0,0,0,0,non-resident-landlord-tax,1c7f35bc3e1b6584dce8c4796288add324cd63692ef40dc7e937f31d3b58a429
/blog/non-resident-landlord-tax/dont-pay-twice-an-introduction-to-tax-treaties,/services/non-resident-landlord,,judgment (high),,,0,/services/non-resident-landlord,0.068,0.012,/services/non-resident-landlord,0.0,False,False,primary,0.0,0,0,0,non-resident-landlord-tax,9c17b8e00becd0693f0b79efa94fd95b23aaf5178d8c889d84a6d8edded93f3a
/blog/non-resident-landlord-tax/double-taxation-convention-dta-uk-and-spain,/services/non-resident-landlord,,judgment (high),,,0,/services/non-resident-landlord,0.132,0.087,/services/non-resident-landlord,0.0,False,False,primary,0.0,0,0,0,non-resident-landlord-tax,e2b080206a89879638d0a5a4d94447a00a4f240caed64ee8c7090c5a9817fb56
/blog/non-resident-landlord-tax/double-taxation-convention-uk-and-india,/services/non-resident-landlord,,judgment (high),,,0,/services/non-resident-landlord,0.102,0.045,/services/non-resident-landlord,0.0,False,False,primary,0.0,0,0,0,non-resident-landlord-tax,41ec7af42a6c024777cf8403733841846266b41eba1b8826f9315fe422f9d3ed
/blog/non-resident-landlord-tax/fig-year-5-cliff-post-fig-arising-basis-planning-non-doms-landlords,/services/property-tax-advice,,judgment (medium),,,0,/services/non-resident-landlord,0.122,0.06,/services/non-resident-landlord,0.0,False,False,primary,0.0,0,0,0,non-resident-landlord-tax,12b147e702cfc046e58fd07b2e4393e96a81056d996810ceb11ffd40ba23ba26
/blog/non-resident-landlord-tax/iht-non-resident-uk-property-april-2025-residence-test,/for/non-resident-landlords,,judgment (medium),,,0,/services/non-resident-landlord,0.134,0.001,/services/non-resident-landlord,0.0,False,False,primary,0.0,0,0,0,non-resident-landlord-tax,c191afb1df143b9b581638b84543702977a4efab79dd6cec17c10ba63a47b356
/blog/non-resident-landlord-tax/leaving-uk-landlord-12-month-pre-departure-checklist,/for/non-resident-landlords,/services/non-resident-landlord,judgment (high),,,0,/for-letting-agents,0.108,0.008,/services/non-resident-landlord,0.0,False,False,primary,0.0,0,0,0,non-resident-landlord-tax,6b78c4a3cfdac6a3be17e5a862a3d92c234d3dcaa5e3050b7c8a39050c5e0e11
/blog/non-resident-landlord-tax/non-resident-cgt-uk-property-rates-reporting,/services/non-resident-landlord,,judgment (high),,,0,/services/non-resident-landlord,0.204,0.076,/services/non-resident-landlord,0.0,False,False,primary,0.0,0,0,0,non-resident-landlord-tax,5a139b1545c3073761ebe34d264e3ea1735a999dfdc9f5d01d050cf4aa144074
/blog/non-resident-landlord-tax/nrcgt-indirect-disposal-property-rich-companies-shares,/services/non-resident-landlord,,judgment (high),,,0,/services/non-resident-landlord,0.132,0.047,/services/non-resident-landlord,0.0,False,False,primary,0.0,0,0,0,non-resident-landlord-tax,87b7598ad33e76105cdab0bb215351683a6ab431985cdf7f80533e13ce083156
/blog/non-resident-landlord-tax/offshore-company-owning-uk-property,/services/non-resident-landlord,/for/property-spv-set-up,judgment (medium),,,0,/services/non-resident-landlord,0.143,0.008,/services/non-resident-landlord,0.0,False,False,primary,0.0,0,0,0,non-resident-landlord-tax,6000cf1c085e56c3a394bc9c8aa712744b2ffffe7e4acda4c75cada66feb58ec
/blog/non-resident-landlord-tax/register-of-overseas-entities-roe-annual-update-statement-non-resident-landlords,/services/non-resident-landlord,,judgment (high),,,0,/services/non-resident-landlord,0.134,0.087,/services/non-resident-landlord,0.0,False,False,primary,0.0,0,0,0,non-resident-landlord-tax,54cc28ea722b65f9245e5af3ae94c77babc88a1e464dbbe2b7ca21772867a8d9
/blog/non-resident-landlord-tax/returning-to-uk-after-non-residence-section-10a-recapture-fig-eligibility,/for/non-resident-landlords,,judgment (medium),,,0,/services/non-resident-landlord,0.144,0.1,/services/non-resident-landlord,0.0,False,False,primary,0.0,0,0,0,non-resident-landlord-tax,0b4607ae26a667f51eda7a3ca9e8033194c2d3b9884341c1d5d28dd37ee160c9
/blog/non-resident-landlord-tax/sdlt-non-resident-2-percent-surcharge,/services/non-resident-landlord,,judgment (medium),,,0,/services/non-resident-landlord,0.144,0.113,/services/non-resident-landlord,0.0,False,False,primary,0.0,0,0,0,non-resident-landlord-tax,a4c262cc67fafaa8235dcb8058f24562e2307c0ad7259a399a7887f370e6deb2
/blog/non-resident-landlord-tax/split-year-treatment-cases-1-8-landlord-departure-arrival,/services/non-resident-landlord,/for/non-resident-landlords,judgment (medium),,,0,/services/non-resident-landlord,0.188,0.15,/services/non-resident-landlord,0.0,False,False,primary,0.0,0,0,0,non-resident-landlord-tax,9f6267455e81be37cf10a0b37e1e203c7a8962e20e8ed3291b7d8d0b65fc02c7
/blog/non-resident-landlord-tax/temporary-repatriation-facility-trf-designation-mechanics-12-15-percent-rates,none,,manager override,,,0,/services/non-resident-landlord,0.084,0.031,/services/non-resident-landlord,0.0,False,False,none,0.0,0,36,0,non-resident-landlord-tax,2f520101b46c85f092319fbc535f13cab6d3688e2c5589b828c44db30b363554
/blog/non-resident-landlord-tax/trf-qualifying-overseas-capital-what-can-be-designated-non-doms,none,,manager override,,,0,/services/non-resident-landlord,0.121,0.049,/services/non-resident-landlord,0.0,False,False,none,0.0,3,51,0,non-resident-landlord-tax,fee184aee9cda245e16105fef40a905d5998ec6d3af8985793c98eaf74e0ff79
/blog/non-resident-landlord-tax/uk-france-dta-property-rental-income-cgt,/services/non-resident-landlord,,judgment (medium),,,0,/services/non-resident-landlord,0.09,0.04,/services/non-resident-landlord,0.0,False,False,primary,0.0,0,0,0,non-resident-landlord-tax,bc31b4c1e3ea59e1fc13d36caf0cf9e82b54663617c7e56cb0a07ea349f15dea
/blog/non-resident-landlord-tax/uk-italy-dta-tie-breaker-property-residence-disputes,/services/non-resident-landlord,,judgment (high),,,0,/services/non-resident-landlord,0.082,0.033,/services/non-resident-landlord,0.0,False,False,primary,0.0,0,0,0,non-resident-landlord-tax,1bb0a4767e1369404ca4e2e9e0d3288faccdad27cbb20eae669aea3da45b2f28
/blog/non-resident-landlord-tax/uk-jersey-guernsey-isle-of-man-dtas-property-investors,/services/non-resident-landlord,,judgment (medium),,,0,/services/non-resident-landlord,0.095,0.025,/services/non-resident-landlord,0.0,False,False,primary,0.0,0,0,0,non-resident-landlord-tax,914a8a0211a5be71230bea6d7991682b247004e78cd6de55aa3e62e0b1232cb4
/blog/non-resident-landlord-tax/uk-uae-dta-property-no-tax-jurisdiction-asymmetry,/services/non-resident-landlord,,judgment (high),,,0,/services/non-resident-landlord,0.124,0.056,/services/non-resident-landlord,0.0,False,False,primary,0.0,0,0,0,non-resident-landlord-tax,b078fc11b56bf554961e421725c8f1c1cc3234f0802c0d8a0389dfde2db88372
/blog/portfolio-management/how-to-scale-buy-to-let-portfolio-1-to-10-properties,/for/property-spv-set-up,/services/property-tax-advice,judgment (medium),,,0,/blog/incorporation-and-company-structures/how-to-transfer-property-into-limited-company-uk,0.125,0.011,/services/property-tax-advice,0.0,False,False,primary,0.0,0,0,0,portfolio-management,5269eaa1f0894be20ba8e1b1959228f630ee4445b420809df7055ab8266d81e4
/blog/portfolio-management/reduce-void-periods-rental-properties-uk-landlords,none,,judgment (medium),,,0,/services/landlord-accountant,0.078,0.01,/services/property-tax-advice,0.0,False,False,none,0.0,0,39,0,portfolio-management,5d91751bcc83a95e58a8fb0f32d2ebfd8feb5304c386aeb448e5fb78ac6bb5ec
/blog/portfolio-management/rental-yield-vs-roi-property-investors-uk,none,,manager override,,,0,/services/landlord-accountant,0.062,0.012,/services/property-tax-advice,0.0,False,False,none,0.0,0,0,0,portfolio-management,34189349cf691aefe981fee80eac49bc65fee034680d785b43dfc98c8d3b5d83
/blog/portfolio-management/retirement-planning-spousal-rental-income-shift-form-17-marginal-rate-restructure,/for/couples-splitting-rental-income,/for/landlord-retirement-and-succession,judgment (medium),,,0,/for/landlord-retirement-and-succession,0.093,0.041,/services/property-tax-advice,0.0,False,False,primary,0.0,0,0,0,portfolio-management,3d31f9318b0aee1d74b86c0da61fba6b994a1c2d53a0b2ee79e9e71f7e52bf26
/blog/portfolio-management/track-rental-property-profitability-per-property-pl-guide,/services/landlord-accountant,,judgment (medium),,,0,/for/selling-a-buy-to-let,0.092,0.006,/services/property-tax-advice,0.0,False,False,primary,0.0,0,0,0,portfolio-management,5555cbd67cac0a973ab4c08e0ef6eab95b963dfafc2d4ca0638b1fb0cbd9e155
/blog/portfolio-management/what-is-good-gross-yield-buy-to-let-property-2026,/services/property-tax-advice,,"judgment (low, 2 readers agree)",,,0,/services/landlord-accountant,0.104,0.002,/services/property-tax-advice,0.0,False,False,primary,0.0,0,0,0,portfolio-management,aed7a9d02257b324481613d6c677799e19b3ab35303270996b51faf68a026c36
/blog/property-accountant-services/a-complete-guide-to-uk-payroll-taxes-and-deductions-for-employers,none,,judgment (medium),,,0,/for/hmo-and-multi-let-landlords,0.08,0.02,/services/property-accountant,0.0,False,False,none,0.0,0,0,0,property-accountant-services,5df401c5333279a5c03bc9d2b4bd8c340846f6ad05eb8657b28e21124a6b5f46
/blog/property-accountant-services/ensuring-compliance-with-uk-payroll-reporting-regulations,none,,judgment (medium),,,0,/for/holiday-let-and-serviced-accommodation,0.056,0.001,/services/property-accountant,0.0,False,False,none,0.0,0,0,0,property-accountant-services,323499d18deeebb2445f9b4c974c1abe77b6ad20e49df4d2e09d85a3d7218b9c
/blog/property-accountant-services/essential-bookkeeping-tips-for-sole-traders,/services/landlord-accountant,/for/landlord-self-assessment-and-mtd,judgment (medium),,,0,/for/holiday-let-and-serviced-accommodation,0.084,0.013,/services/property-accountant,0.0,False,False,primary,0.0,0,0,0,property-accountant-services,9a8d93a6cffa4fd321d73eadd306cd5728b2757e47ea6aab6c95d6bb7206ade9
/blog/property-accountant-services/essential-guidelines-for-running-payroll-effectively,none,,judgment (medium),,,0,/for/property-spv-set-up,0.089,0.008,/services/property-accountant,0.0,False,False,none,0.0,0,0,0,property-accountant-services,cd55c0984e43c8cc9d13d42bbe8770b676ae0b1c311e2039d7b0dcc047dd64c8
/blog/property-accountant-services/how-to-choose-a-property-accountant,/services/property-accountant,,judgment (high),,,0,/for/holiday-let-and-serviced-accommodation,0.153,0.01,/services/property-accountant,0.0,False,False,primary,0.0,0,0,0,property-accountant-services,30e8d95c1b6861cc101b5465dbd8edd855269f491d766c37f8350ae8fce46e6f
/blog/property-accountant-services/ipswich-property-accountant-tax-services-local-landlords,/services/property-accountant,,judgment (high),,,0,/for/holiday-let-and-serviced-accommodation,0.158,0.006,/services/property-accountant,0.0,False,False,primary,0.0,0,0,0,property-accountant-services,f770b3821e13591960a3a4afb4bf0d5a94a2e9d4b8ce81f981e3c38309a2f4f8
/blog/property-accountant-services/property-accountant-milton-keynes-landlord-guide,/services/property-accountant,,judgment (high),,,0,/services/landlord-accountant,0.143,0.008,/services/property-accountant,0.0,False,False,primary,0.0,0,0,0,property-accountant-services,7529a5ac0a88e486afe2b4ed3e75e7c52d3f5ec6ef6b32b0a873959224eb77a1
/blog/property-accountant-services/property-accountant-northampton-expert-services,/for/hmo-and-multi-let-landlords,/services/property-accountant,s2_specific,,,0,/for/hmo-and-multi-let-landlords,0.224,0.075,/services/property-accountant,0.0,False,False,primary,0.0,0,0,0,property-accountant-services,c93045ef48e184afa254be81e5de74705e45fcefc600bab6b9fa37dbad9a77d3
/blog/property-accountant-services/property-accountant-norwich-landlords-2026,/services/property-accountant,,judgment (high),,,0,/for/holiday-let-and-serviced-accommodation,0.173,0.029,/services/property-accountant,0.0,False,False,primary,0.0,0,0,0,property-accountant-services,edd5a571b276355bf8134cf4bf270c2331e3a3410cdeb6df88646623b7c46b78
/blog/property-accountant-services/property-accountant-stockport-landlords,/locations/manchester,/services/property-accountant,s2_specific,,,0,/locations/manchester,0.214,0.054,/services/property-accountant,0.0,False,False,primary,0.0,0,0,0,property-accountant-services,9b1f0371576efcab2882a158a6287071e7caff797175ee7cbb2f0a28f969fbcb
/blog/property-accountant-services/swindon-property-accountant-specialist-tax-services,/services/property-accountant,,judgment (high),,,0,/for/landlord-self-assessment-and-mtd,0.174,0.028,/services/property-accountant,0.0,False,False,primary,0.0,0,0,0,property-accountant-services,7eb876dc682b516f54415f80d13dd4ed1009d094b12d01292482123855c8a434
/blog/property-accountant-services/vat-calculation-calculator,none,,manager override,,,0,/for/selling-a-buy-to-let,0.119,0.001,/services/property-accountant,0.0,False,False,none,0.0,1,223,0,property-accountant-services,361dda55e49fd679ab3a2b14c48e895e3b8ce24c6aa8cde514b51fa1ec855f55
/blog/property-accountant-services/vat-how-to-calculate,none,,"judgment (low, 2 readers agree)",,,0,/services/landlord-accountant,0.048,0.007,/services/property-accountant,0.0,False,False,none,0.0,0,110,0,property-accountant-services,d87416689770337a5b29b3344f744417ea3ea0a61758eb97c4c1762e13723e98
/blog/property-accountant-services/vat-tax-calculator,none,,manager override,,,0,/services/landlord-accountant,0.094,0.027,/services/property-accountant,0.0,False,False,none,0.0,1,15,0,property-accountant-services,ea9abd5dd5dce0234cbf4dfa9e4e07efd6222e0a2d0e7af29f23afb9f990eed2
/blog/property-accountant-services/why-sheffield-landlords-need-property-accountant,/services/property-accountant,,judgment (high),,,0,/for/hmo-and-multi-let-landlords,0.198,0.047,/services/property-accountant,0.0,False,False,primary,0.0,0,0,0,property-accountant-services,e98835c40e87177d28d4da574c1996906cf7c05c75d2b58a77be4f1c23cf736e
/blog/property-finance/bridging-finance-for-auction-purchases,none,,judgment (medium),,,0,/blog/capital-gains-tax/capital-gains-tax-second-home-sale,0.056,0.003,/services/property-accountant,0.0,False,False,none,0.0,0,40,0,property-finance,929682f989cb1be2bfda0e540fa5229a194aa937056d3128a410777238030f0d
/blog/property-finance/bridging-finance-for-below-market-value,none,,judgment (medium),,,0,/for/property-spv-set-up,0.037,0.001,/services/property-accountant,0.0,False,False,none,0.0,2,69,0,property-finance,ecde5aaaf786620174c03b42a2495c60c1ce6e54b871917a4f0b798babbcf51e
/blog/property-finance/bridging-finance-for-buy-to-let,none,,judgment (medium),,,0,/services/property-tax-advice,0.078,0.0,/services/property-accountant,0.0,False,False,none,0.0,0,116,0,property-finance,d2d2109b233ec4019ac486618105227f87171e450b96b58e98f53ab8ff05feed
/blog/property-finance/bridging-finance-for-chain-breaks,none,,judgment (medium),,,0,/blog/capital-gains-tax/capital-gains-tax-second-home-sale,0.121,0.064,/services/property-accountant,0.0,False,False,none,0.0,0,19,0,property-finance,39bd7fefaf4d1b37219587e406f3667a839fa2633126af1dc3b69943e3a9c3f2
/blog/property-finance/bridging-finance-for-commercial-property,none,,judgment (medium),,,0,/locations/london,0.065,0.0,/services/property-accountant,0.0,False,False,none,0.0,0,60,0,property-finance,db231926a349e4f6828a06c8ac5f7779428862a30262f06d03a13c815be0c2ff
/blog/property-finance/bridging-finance-for-land-purchase,none,,judgment (medium),,,0,/services/landlord-accountant,0.05,0.001,/services/property-accountant,0.0,False,False,none,0.0,0,25,0,property-finance,e351bddb0b0434cc44611d590da72381072616edb89e12f74412727dd71d9b8a
/blog/property-finance/bridging-finance-for-refurbishment,none,,judgment (medium),,,0,/services/landlord-accountant,0.044,0.001,/services/property-accountant,0.0,False,False,none,0.0,0,33,0,property-finance,67d103b501e7df8bb7ed62ee1c90676b1877b558421ab6b066b184455295c2f8
/blog/property-finance/bridging-loan-lenders,none,,judgment (high),,,0,/services/property-accountant,0.039,0.011,/services/property-accountant,0.0,False,False,none,0.0,0,24,0,property-finance,ca2431174bc68807aad9e6077be12b3876d6d447cb262074ca2356b8be1a8f5b
/blog/property-finance/bridging-loan-rates,none,,judgment (medium),,,0,/blog/capital-gains-tax/capital-gains-tax-second-home-sale,0.041,0.009,/services/property-accountant,0.0,False,False,none,0.0,2,1823,0,property-finance,be82eb53daba0bc5c09460d070f9c1fbdca8eb974000e22237ff28dda012ca49
/blog/property-finance/commercial-mortgage-rates,none,,judgment (high),,,0,/services/property-accountant,0.075,0.023,/services/property-accountant,0.0,False,False,none,0.0,0,310,0,property-finance,ea2f35b212cec444e08573c0098a8eddb18ae4f56d5039ecc67907f943ea4ec2
/blog/property-finance/commercial-mortgages-guide,none,,judgment (medium),,,0,/services/property-accountant,0.09,0.025,/services/property-accountant,0.0,False,False,none,0.0,4,420,0,property-finance,b3fa6158e97f470be4100a10be44d8f5dc30ccfb09e4f3d31eda815eab1edf92
/blog/property-finance/development-exit-finance,none,,judgment (high),,,0,/for/property-spv-set-up,0.066,0.028,/services/property-accountant,0.0,False,False,none,0.0,0,14,0,property-finance,789f742ceaa61e782c346b3f9fccf31722bc5cede5e59343f748fa35a9ac584f
/blog/property-finance/development-finance-guide,none,,judgment (high),,,0,/for/property-spv-set-up,0.06,0.017,/services/property-accountant,0.0,False,False,none,0.0,0,49,0,property-finance,3dc73fab307400c7c284b6ad896f0e0523be781ba6823c1de8cac89f135c7a9c
/blog/property-finance/financing-a-property-development-tax,none,,judgment (medium),,,0,/blog/capital-gains-tax/capital-gains-tax-second-home-sale,0.098,0.026,/services/property-accountant,0.0,False,False,none,0.0,1,136,0,property-finance,e4cf3f7e20249ea9645afd7858dac299b0697e2d2aaff36f6bf326834f1f5c79
/blog/property-finance/mezzanine-and-jv-finance,none,,judgment (high),,,0,/for/landlord-self-assessment-and-mtd,0.042,0.005,/services/property-accountant,0.0,False,False,none,0.0,0,25,0,property-finance,4fcc7e97f5df6abe9cf8d9df20933f33f00b50bfc89ccde5ac7e746cfe10dc03
/blog/property-finance/semi-commercial-mortgages,none,,judgment (medium),,,0,/for/holiday-let-and-serviced-accommodation,0.065,0.001,/services/property-accountant,0.0,False,False,none,0.0,2,97,0,property-finance,18d07e46ae5d190ca69ef9bf11d140c86ab9d88e103716d8495a336d2108cf73
/blog/property-types-and-specialist-tax/a-complete-guide-on-community-infrastructure-levy-cil,none,,judgment (medium),,,0,/services/property-tax-advice,0.068,0.013,/services/property-tax-advice,0.0,False,False,none,0.0,16,1777,0,property-types-and-specialist-tax,d544e620af2d06028134a015c69b36f022103899e2b6e52aa11785022fb3be69
/blog/property-types-and-specialist-tax/a-complete-guide-to-stamp-duty-refund,/services/property-tax-advice,,judgment (high),,,0,/services/non-resident-landlord,0.103,0.03,/services/property-tax-advice,0.0,False,False,primary,0.0,0,0,0,property-types-and-specialist-tax,b3960b9220cad021bf8b79570efd8e2490d5e36688365de232c31607edaa716d
/blog/property-types-and-specialist-tax/abolishment-of-multiple-dwelling-relief,/services/property-tax-advice,,judgment (high),,,0,/for/moving-property-into-a-limited-company,0.072,0.022,/services/property-tax-advice,0.0,False,False,primary,0.0,0,0,0,property-types-and-specialist-tax,9c0f9d557305ee4642dd033475bb08318609983cdd896e6785d159f4a008652f
/blog/property-types-and-specialist-tax/agricultural-property-relief-mixed-estate-1m-cap,/landed-estates,/services/property-tax-advice,s2_specific,,,0,/landed-estates,0.283,0.198,/services/property-tax-advice,0.0,False,False,primary,0.0,0,0,0,property-types-and-specialist-tax,63929a2863b3044740b0bd52997fbb1f796c3e439e136a0096617646f82c8e56
/blog/property-types-and-specialist-tax/air-bnb-and-post-covid,/for/holiday-let-and-serviced-accommodation,,judgment (medium),,,0,/blog/capital-gains-tax/capital-gains-tax-second-home-sale,0.038,0.002,/services/property-tax-advice,0.0,False,False,primary,0.0,0,0,0,property-types-and-specialist-tax,1c77380ae8578b74da637ead88dd589be1e08a2be09b3f84d874b5cc2d2420e7
/blog/property-types-and-specialist-tax/airbnb-tax-uk-short-term-rental-income-taxed,/for/holiday-let-and-serviced-accommodation,,judgment (high),,,0,/for/holiday-let-and-serviced-accommodation,0.16,0.072,/services/property-tax-advice,0.0,False,False,primary,0.0,0,0,0,property-types-and-specialist-tax,f6d24fa0d905657a99d068d81a7279c32e7c7f00bea94e92805f4357ffa58626
/blog/property-types-and-specialist-tax/applicable-sdlt-rates-for-first-time-buyers,none,,judgment (high),,,0,/services/non-resident-landlord,0.049,0.009,/services/property-tax-advice,0.0,False,False,none,0.0,1,21,0,property-types-and-specialist-tax,277c7249d0c18268fa9def3c22ad5109169da178a978ebcc94a522b11c77676f
/blog/property-types-and-specialist-tax/archer-uk-limited-vs-revenue-scotland-ftt-rules-no-lbtt-charge-for-lease-extension-granted-under-sdlt,none,,manager override,,,0,/blog/incorporation-and-company-structures/how-to-transfer-property-into-limited-company-uk,0.037,0.003,/services/property-tax-advice,0.0,False,False,none,0.0,1,34,0,property-types-and-specialist-tax,c3be34561d299e4a8a665f98dc073ebcd7ab1bb5d3b453e20e562556d6700550
/blog/property-types-and-specialist-tax/are-you-a-property-investor-or-developer,/services/property-tax-advice,,judgment (high),,,0,/for/selling-a-buy-to-let,0.054,0.006,/services/property-tax-advice,0.0,False,False,primary,0.0,0,0,0,property-types-and-specialist-tax,360eaae92bca04be1ce99616e44e7c850f0c3e20d0c17475388c07b5c7f09621
/blog/property-types-and-specialist-tax/ated-relief-clawback-occupation-by-a-non-qualifying-occupation,/services/property-tax-advice,,judgment (high),,,0,/for/gifting-property-to-family,0.054,0.001,/services/property-tax-advice,0.0,False,False,primary,0.0,0,0,0,property-types-and-specialist-tax,2cf1364d5645713e7beeba36ba2145d6d71d9fce757e24e274fdb3aeedca2881
/blog/property-types-and-specialist-tax/ated-relief-for-related-persons-and-market-rent-a-complete-guide,/services/property-tax-advice,,judgment (high),,,0,/services/property-tax-advice,0.069,0.0,/services/property-tax-advice,0.0,False,False,primary,0.0,0,0,0,property-types-and-specialist-tax,67c8f30a8d67c15f342b39e6303c46fce0ee2434164b7a70f1f0a784fe9eb087
/blog/property-types-and-specialist-tax/ated-valuation-date,/services/property-tax-advice,,judgment (high),,,0,/for/hmo-and-multi-let-landlords,0.042,0.004,/services/property-tax-advice,0.0,False,False,primary,0.0,0,0,0,property-types-and-specialist-tax,2d54362b112ea2105843af1d75b5c1e75f7a84c96fd339879033b92c49a381fc
/blog/property-types-and-specialist-tax/brief-introduction-to-commercial-property-service-charge-accounts,/services/property-accountant,,judgment (medium),,,0,/for-letting-agents,0.097,0.013,/services/property-tax-advice,0.0,False,False,primary,0.0,0,0,0,property-types-and-specialist-tax,1580c2f3f87fc0b0ba980cb390c7f6da6ed9b04fda3d985f374d3c90143b2b7b
/blog/property-types-and-specialist-tax/building-safety-act-2022-cladding-cost-recovery-leaseholder-protections-landlords,none,,judgment (medium),,,0,/for/hmo-and-multi-let-landlords,0.055,0.014,/services/property-tax-advice,0.0,False,False,none,0.0,0,0,0,property-types-and-specialist-tax,640ea9593b31fd1659f2c62dd3e91bae37b64de43b4108bfa650d9667fe86fe6
/blog/property-types-and-specialist-tax/capital-allowances-commercial-property-what-can-claim,/services/property-tax-advice,,judgment (high),,,0,/for/selling-a-buy-to-let,0.088,0.007,/services/property-tax-advice,0.0,False,False,primary,0.0,0,0,0,property-types-and-specialist-tax,ffd8354a44835a871601e730e891f6e6470b6cf61132b3ca0259a47e6dc8b6f3
/blog/property-types-and-specialist-tax/capital-allowances-on-cars-and-vehicles,none,,judgment (medium),,,0,/for/moving-property-into-a-limited-company,0.065,0.005,/services/property-tax-advice,0.0,False,False,none,0.0,8,1437,0,property-types-and-specialist-tax,27f4b9fe4c323fae08bdcf200559f2cf01db807224864f69aab4614f263ce26d
/blog/property-types-and-specialist-tax/commercial-energy-performance-certificate-cost,none,,judgment (high),,,0,/services/landlord-accountant,0.065,0.013,/services/property-tax-advice,0.0,False,False,none,0.0,0,73,0,property-types-and-specialist-tax,ad6a2d818e2345981ef6df95f023f747bf8b241c412a38162cd85c9f38413373
/blog/property-types-and-specialist-tax/commercial-epc-requirements,none,,judgment (medium),,,0,/services/landlord-accountant,0.061,0.01,/services/property-tax-advice,0.0,False,False,none,0.0,2,102,0,property-types-and-specialist-tax,ab3bb498868e0fd1c50c6b24f52427b63bd040e21896dbfd994b9f7305bd2af0
/blog/property-types-and-specialist-tax/commercial-property-mees-compliance,none,,judgment (medium),,,0,/for/selling-a-buy-to-let,0.071,0.013,/services/property-tax-advice,0.0,False,False,none,0.0,0,38,0,property-types-and-specialist-tax,eb3ebc13a4988e507e4ce21d1c23b4461f45039081adfa72950c670dba3f8c8d
/blog/property-types-and-specialist-tax/commonhold-and-leasehold-reform-bill,none,,judgment (medium),,,0,/services/property-accountant,0.048,0.017,/services/property-tax-advice,0.0,False,False,none,0.0,0,51,0,property-types-and-specialist-tax,9b5160ba2b349f564451e28f7fb37ac5ca0c0aa29889021315396f173080aa78
/blog/property-types-and-specialist-tax/council-tax-for-new-builds,none,,judgment (high),,,0,/for/selling-a-buy-to-let,0.048,0.009,/services/property-tax-advice,0.0,False,False,none,0.0,13,903,2,property-types-and-specialist-tax,364a80a808dd3095268a5dad85588fc260b5614f4526c931ab4a1184713458e8
/blog/property-types-and-specialist-tax/diy-housebuilders-vat-refund-scheme,none,,judgment (medium),,,0,/for/landlord-self-assessment-and-mtd,0.065,0.008,/services/property-tax-advice,0.0,False,False,none,0.0,7,592,0,property-types-and-specialist-tax,2d254ccd4924ef1fabdc25fa20496e644cf72e234f89860bfe4ecccaa07e7f9c
/blog/property-types-and-specialist-tax/first-time-buyer-relief-benefits-and-eligibility-requirements,none,,judgment (high),,,0,/for/landlord-retirement-and-succession,0.084,0.007,/services/property-tax-advice,0.0,False,False,none,0.0,1,176,0,property-types-and-specialist-tax,7c62ee577ab8e6551a883f6fab61c52934748489ce9b1b4d67f9cfec43c3f90a
/blog/property-types-and-specialist-tax/first-time-buyer-relief-calculator,none,,judgment (high),,,0,/for/moving-property-into-a-limited-company,0.042,0.011,/services/property-tax-advice,0.0,False,False,none,0.0,0,0,0,property-types-and-specialist-tax,37e8b57645adce4587a4d24918d9088e046936c065e828833dc03e7076732c2a
/blog/property-types-and-specialist-tax/first-time-buyer-relief-overcome-down-payment,none,,judgment (high),,,0,/for/moving-property-into-a-limited-company,0.068,0.016,/services/property-tax-advice,0.0,False,False,none,0.0,0,21,0,property-types-and-specialist-tax,462407bcb6fd269b20fbd6f0775a0545a5637d3b6a0ee9162cf2938e5f91fbd4
/blog/property-types-and-specialist-tax/first-time-buyer-relief-understanding-tax-credits-and-deductions,none,,judgment (high),,,0,/for/selling-a-buy-to-let,0.061,0.015,/services/property-tax-advice,0.0,False,False,none,0.0,0,0,0,property-types-and-specialist-tax,3602a07893da65cffc61c4de3dcb0780f05850b0b1addfcee6235ad646b10665
/blog/property-types-and-specialist-tax/free-rental-valuation,none,,judgment (medium),,,0,/for-letting-agents,0.135,0.087,/services/property-tax-advice,0.0,False,False,none,0.0,0,39,0,property-types-and-specialist-tax,d4afb6a043df5dc09a7ae6e446d2f234e93a1acf11dc6d7b0b9ef6df65ff9ccf
/blog/property-types-and-specialist-tax/ftt-confirms-residential-sdlt-rates-for-leasehold-with-garden-easement,/services/property-tax-advice,,"judgment (low, 2 readers agree)",,,0,/services/non-resident-landlord,0.034,0.001,/services/property-tax-advice,0.0,False,False,primary,0.0,0,0,0,property-types-and-specialist-tax,18ee90219d411a445742c5e769ae231dd7e40d42eac9a58dd0c931454dbe0a71
/blog/property-types-and-specialist-tax/full-expensing-50-percent-fya-commercial-property-spvs-mechanics-fa-2023,/services/property-tax-advice,,judgment (high),,,0,/for/property-spv-set-up,0.107,0.036,/services/property-tax-advice,0.0,False,False,primary,0.0,0,0,0,property-types-and-specialist-tax,e397fda5d17944a53e279e080ebd59bb95650ad16720d4534b63cf2a0e8b91bc
/blog/property-types-and-specialist-tax/ground-rent-rules-uk,none,,judgment (high),,,0,/for-letting-agents,0.027,0.005,/services/property-tax-advice,0.0,False,False,none,0.0,8,864,0,property-types-and-specialist-tax,353b5283dc661afa4fb1891c515f5e91da9bd4dc610f5f5ca9204acb165d1b67
/blog/property-types-and-specialist-tax/hmo-common-parts-capital-allowances-s35-claim-mechanics-multi-tenant-property,/for/hmo-and-multi-let-landlords,,judgment (high),,,0,/for/hmo-and-multi-let-landlords,0.162,0.111,/services/property-tax-advice,0.0,False,False,primary,0.0,0,0,0,property-types-and-specialist-tax,3b6150304bb80109ef138f9622ada53774204e7e6ac33c2c7a47e8cabfbc38b7
/blog/property-types-and-specialist-tax/housing-development-finance,/services/property-tax-advice,,judgment (medium),,,0,/blog/capital-gains-tax/capital-gains-tax-second-home-sale,0.094,0.02,/services/property-tax-advice,0.0,False,False,primary,0.0,0,0,0,property-types-and-specialist-tax,7f693bde701235b9c73da2aaba5170fe77f9e99f7c38016acd6fb2c62512a0ea
/blog/property-types-and-specialist-tax/indirect-disposals-property-rich-entities-section-356od-section-517d-slice-action,/services/property-tax-advice,,judgment (medium),,,0,/blog/capital-gains-tax/capital-gains-tax-second-home-sale,0.074,0.016,/services/property-tax-advice,0.0,False,False,primary,0.0,0,0,0,property-types-and-specialist-tax,096b3bcbecc8c14e2e555f1c15fc1b5c6458aa800a7507b59703a210f254013f
/blog/property-types-and-specialist-tax/is-increasing-council-tax-damaging-the-housing-market,none,,judgment (high),,,0,/blog/capital-gains-tax/capital-gains-tax-second-home-sale,0.103,0.047,/services/property-tax-advice,0.0,False,False,none,0.0,0,0,0,property-types-and-specialist-tax,26e258ff059608797eec15bc73ee7a791763ef7bdb33c167ec0b22a447582240
/blog/property-types-and-specialist-tax/land-remediation-relief-cta-2009-part-14-100-50-percent-deduction-polluter-exclusion,/services/property-tax-advice,,judgment (medium),,,0,/for/selling-a-buy-to-let,0.054,0.003,/services/property-tax-advice,0.0,False,False,primary,0.0,0,0,0,property-types-and-specialist-tax,4bcffaf60f24e8f85f68ccea792cdc3acfde5fbbdc0ef8ee67c59910e2c69827
/blog/property-types-and-specialist-tax/lease-extension-cost-uk,none,,judgment (medium),,,0,/services/landlord-accountant,0.051,0.016,/services/property-tax-advice,0.0,False,False,none,0.0,0,338,0,property-types-and-specialist-tax,7f4cb74947c8d1489528569a2dfa30ad9ea0181e557e2e296599103ba3da178e
/blog/property-types-and-specialist-tax/lease-extension-solicitor-what-they-do,none,,judgment (high),,,0,/services/landlord-accountant,0.045,0.02,/services/property-tax-advice,0.0,False,False,none,0.0,2,65,0,property-types-and-specialist-tax,0891f79a14afeac8c359b86d8c78b19a91b9970c6fe4fc95226b4af2d80da0dc
/blog/property-types-and-specialist-tax/lease-extension-vs-freehold-purchase,none,,judgment (medium),,,0,/blog/incorporation-and-company-structures/how-to-transfer-property-into-limited-company-uk,0.041,0.013,/services/property-tax-advice,0.0,False,False,none,0.0,0,0,0,property-types-and-specialist-tax,2b23e02238a5bbdf09b743ff7cb3610b295d077f7cdf2f93ba5026de4654ff72
/blog/property-types-and-specialist-tax/leasehold-reform-act-2024-what-is-in-force,none,,judgment (high),,,0,/blog/incorporation-and-company-structures/how-to-transfer-property-into-limited-company-uk,0.018,0.0,/services/property-tax-advice,0.0,False,False,none,0.0,4,573,0,property-types-and-specialist-tax,93cb044273df94035ce8952bcca8aeac8d1cf6a14487298ffd181f3febe8c4a4
/blog/property-types-and-specialist-tax/option-to-tax-revocation-routes-6-month-cooling-off-20-year-exit-landlords,/services/property-tax-advice,,judgment (high),,,0,/blog/capital-gains-tax/capital-gains-tax-second-home-sale,0.026,0.001,/services/property-tax-advice,0.0,False,False,primary,0.0,0,0,0,property-types-and-specialist-tax,f317b870cbb57db0bbac517dfb1a8b2fecb47b8928c7c42df5984b298d331ac4
/blog/property-types-and-specialist-tax/option-to-tax-vata-1994-schedule-10-commercial-property-20-year-lock,/services/property-tax-advice,,judgment (high),,,0,/services/property-accountant,0.041,0.011,/services/property-tax-advice,0.0,False,False,primary,0.0,0,0,0,property-types-and-specialist-tax,40ed96a87516e1adeaf4280e370b43bae997830f8f6f8306a87d7f3059b461dc
/blog/property-types-and-specialist-tax/property-joint-venture-spv-structure-uk,/for/property-spv-set-up,/services/property-tax-advice,s2_specific,,,0,/for/property-spv-set-up,0.201,0.101,/services/property-tax-advice,0.0,False,False,primary,0.0,0,0,0,property-types-and-specialist-tax,c7cd890fb109bc18d745d7e34ea66acfef6144f7c804b8df1242bca50035d03c
/blog/property-types-and-specialist-tax/reduce-your-council-tax-bill-in-the-uk,none,,judgment (high),,,0,/for/hmo-and-multi-let-landlords,0.07,0.02,/services/property-tax-advice,0.0,False,False,none,0.0,0,0,0,property-types-and-specialist-tax,b62f7bc8df371930a88f7f92a95d7af69f96d59c4383f05cdb2fa5b192d824fa
/blog/property-types-and-specialist-tax/right-to-manage-company-setup,none,,judgment (high),,,0,/for/property-spv-set-up,0.073,0.001,/services/property-tax-advice,0.0,False,False,none,0.0,2,224,0,property-types-and-specialist-tax,b902ef76949a15ff21b35530b67acc9d959a3bc0d3ae881765dd982086660313
/blog/property-types-and-specialist-tax/right-to-manage-explained,none,,judgment (high),,,0,/for-letting-agents,0.096,0.036,/services/property-tax-advice,0.0,False,False,none,0.0,1,258,0,property-types-and-specialist-tax,4739c60890829acdd13a5a9b0ca3f871f3a64d1c08b085dcfb0f0c6389357fb8
/blog/property-types-and-specialist-tax/right-to-manage-process-steps,none,,judgment (high),,,0,/blog/incorporation-and-company-structures/how-to-transfer-property-into-limited-company-uk,0.05,0.006,/services/property-tax-advice,0.0,False,False,none,0.0,5,292,0,property-types-and-specialist-tax,f6e3f01ad15f3bf6ef36450aa4ff3bee4c6cc5ff339c2be7ca9f47ed4db996c2
/blog/property-types-and-specialist-tax/sdlt-additional-property-surcharge-refund-routes-3-year-replacement-claim,/services/property-tax-advice,,judgment (high),,,0,/for-letting-agents,0.028,0.006,/services/property-tax-advice,0.0,False,False,primary,0.0,0,0,0,property-types-and-specialist-tax,ff83bbc0fa8e91824cf3f085f6c715bc15bb34d87f385792733b4ad997c0b05f
/blog/property-types-and-specialist-tax/sdlt-furnished-holiday-let-2025-abolition,/for/holiday-let-and-serviced-accommodation,,judgment (medium),,,0,/for/holiday-let-and-serviced-accommodation,0.185,0.079,/services/property-tax-advice,0.0,False,False,primary,0.0,0,0,0,property-types-and-specialist-tax,33bd4c071743f427f264533be8432da311b127f118f37331eb7c79dee2aeb8e3
/blog/property-types-and-specialist-tax/service-charge-disputes-leaseholders,none,,judgment (medium),,,0,/for/landlord-self-assessment-and-mtd,0.083,0.014,/services/property-tax-advice,0.0,False,False,none,0.0,1,429,0,property-types-and-specialist-tax,66a754ceb1e5b7baa0dda29f3ac16f189b841208ea72f841a7cc226aaab15227
/blog/property-types-and-specialist-tax/serviced-accommodation-bpr-eligibility-pawson-test,/for/holiday-let-and-serviced-accommodation,/services/property-tax-advice,s2_specific,,,0,/for/holiday-let-and-serviced-accommodation,0.208,0.114,/services/property-tax-advice,0.0,False,False,primary,0.0,0,0,0,property-types-and-specialist-tax,d27205c6643725045d2e56cb3e8be93d58d84384dd1d8fdda1df26bc451a70f3
/blog/property-types-and-specialist-tax/single-person-council-tax-discount,none,,judgment (high),,,0,/services/non-resident-landlord,0.089,0.054,/services/property-tax-advice,0.0,False,False,none,0.0,1,495,0,property-types-and-specialist-tax,133224c2bc2f2de04a8aa34e8c485f21a3bd5aeb57081bc89a3bd390f0837c64
/blog/property-types-and-specialist-tax/single-person-council-tax-discounts-a-complete-guide,none,,judgment (high),,,0,/services/non-resident-landlord,0.1,0.006,/services/property-tax-advice,0.0,False,False,none,0.0,25,3618,0,property-types-and-specialist-tax,bc1f0ee90efa0fd9c54a2dbf33f82d3b88dfe4d68930ed4e32f86bca060170ea
/blog/property-types-and-specialist-tax/super-deduction-130-percent-transitional-disposal-balancing-charge-mechanics-fa-2021,/services/property-tax-advice,,judgment (medium),,,0,/for/selling-a-buy-to-let,0.063,0.018,/services/property-tax-advice,0.0,False,False,primary,0.0,0,0,0,property-types-and-specialist-tax,51f4d90232d921e7d371ab4aa53c5bc9312939b9cfce50fbfbc3fc6d41f834fd
/blog/property-types-and-specialist-tax/vat-cladding-remediation-relief-residential-building-safety-act-section-30a-mechanics,none,,manager override,,,0,/for/moving-property-into-a-limited-company,0.039,0.009,/services/property-tax-advice,0.0,False,False,none,0.0,0,77,0,property-types-and-specialist-tax,2cd7282df189fffd7505032b81a57f2c29098cd1eb6644ffdb095bb8871cdf29
/blog/property-types-and-specialist-tax/vat-commercial-to-residential-conversion-5-percent-reduced-rate-developer-recovery-mechanics,/services/property-tax-advice,,judgment (medium),,,0,/blog/capital-gains-tax/capital-gains-tax-second-home-sale,0.081,0.02,/services/property-tax-advice,0.0,False,False,primary,0.0,0,0,0,property-types-and-specialist-tax,40a8c854ee3c6d77fce758e7f53f6253faf50fdf279e22ca7a290f44c39c53fe
/blog/property-types-and-specialist-tax/vat-developer-pre-registration-input-tax-recovery-property-development-projects,/services/property-tax-advice,,judgment (medium),,,0,/services/property-tax-advice,0.06,0.009,/services/property-tax-advice,0.0,False,False,primary,0.0,0,0,0,property-types-and-specialist-tax,9418a7966d1ebcdb01c12cf6e9f1352a8694c0ec047d68d179a32a4a1af855f1
/blog/property-types-and-specialist-tax/vat-option-to-tax-commercial-property-mechanics-election-revocation,/services/property-tax-advice,,judgment (high),,,0,/for/holiday-let-and-serviced-accommodation,0.103,0.049,/services/property-tax-advice,0.0,False,False,primary,0.0,0,0,0,property-types-and-specialist-tax,4a65b9796ee009a404dad3267670a34445209092dc32e400616a17d7153af5ac
/blog/property-types-and-specialist-tax/vat-storage-facility-lettings-schedule-9-group-1-supply-categorisation-landlords,/services/property-tax-advice,,judgment (medium),,,0,/for/holiday-let-and-serviced-accommodation,0.065,0.004,/services/property-tax-advice,0.0,False,False,primary,0.0,0,0,0,property-types-and-specialist-tax,7a4c63c2ab02ac0e7d94b706b577bc7ce3a17d9d37902526bb4877ee38fe9e53
/blog/section-24-and-tax-relief/2027-property-tax-rates-section-24-relief-uk-landlords,/services/property-tax-advice,/for/moving-property-into-a-limited-company,judgment (medium),,,0,/for/moving-property-into-a-limited-company,0.094,0.025,/services/property-tax-advice,0.0,False,False,primary,0.0,0,0,0,section-24-and-tax-relief,2defe3e894d2efa4a5cc81583e54094894a0b989a33f39825ee48274058268aa
/blog/section-24-and-tax-relief/can-section-24-push-higher-rate-tax,/services/property-tax-advice,,judgment (medium),,,0,/for/landlord-self-assessment-and-mtd,0.089,0.031,/services/property-tax-advice,0.0,False,False,primary,0.0,0,0,0,section-24-and-tax-relief,b6849e0a93c7a60545afb331dcf99e99a6265cabba2d9fae8e9050617d444431
/blog/section-24-and-tax-relief/section-24-case-study-100k-rental-income-portfolio,/services/property-tax-advice,/for/moving-property-into-a-limited-company,judgment (medium),,,0,/for/moving-property-into-a-limited-company,0.096,0.043,/services/property-tax-advice,0.0,False,False,primary,0.0,0,0,0,section-24-and-tax-relief,deb9e0191b77afd116484c67fbb209be218d251d590a4c19094a66753f0eb145
/blog/section-24-and-tax-relief/section-24-employment-income-paye-landlords,/services/property-tax-advice,,judgment (medium),,,0,/for/moving-property-into-a-limited-company,0.074,0.0,/services/property-tax-advice,0.0,False,False,primary,0.0,0,0,0,section-24-and-tax-relief,fc2fb5210cf613d950d28bf1465fa8790f4b57a7d068cde7cfe5285ab306365a
/blog/section-24-and-tax-relief/section-24-higher-rate-threshold-landlords,/services/property-tax-advice,,judgment (medium),,,0,/for/moving-property-into-a-limited-company,0.067,0.008,/services/property-tax-advice,0.0,False,False,primary,0.0,0,0,0,section-24-and-tax-relief,cfe4c8b03ed38609f9b7538c1456c5bf873cf08692e4d7a52e015a7d0b556505
/blog/section-24-and-tax-relief/section-24-remortgaging-btl-property-tax-implications,/services/property-tax-advice,,judgment (medium),,,0,/for/moving-property-into-a-limited-company,0.074,0.003,/services/property-tax-advice,0.0,False,False,primary,0.0,0,0,0,section-24-and-tax-relief,c539e8fd1095638eed8e8bbe01a78b07070fc5bd21491370d65222ce6aea9a52
/calculators/bridging-loan-calculator,none,,manager override,,,0,/services/landlord-accountant,0.062,0.026,,0.0,False,False,none,0.0,0,0,0,,40d681031caaa5cda0a140e3e249ac78e1dedc151b18b31cb5b86c4604500ec9
/calculators/commercial-mortgage-calculator,none,,manager override,,,0,/for/moving-property-into-a-limited-company,0.09,0.008,,0.0,False,False,none,0.0,1,7296,0,,65886ab5acafc4531a5bfa6d93d47afbe69951f94ee008eeccc1fc7db9695467
/calculators/development-finance-calculator,none,,judgment (medium),,,0,/services/landlord-accountant,0.045,0.014,,0.0,False,False,none,0.0,1,106,0,,553a5ae3c28aef31fec5a8a5a8b07156d47ee53e4fc3ddf52bef98b609fb3dec
/calculators/first-time-buyer-stamp-duty-calculator,none,,judgment (high),,,0,/blog/incorporation-and-company-structures/how-to-transfer-property-into-limited-company-uk,0.103,0.03,,0.0,False,False,none,0.0,0,1318,0,,439daf28483480e244451e304dc31f371b2affb9c142d80512280fa09010e917
/calculators/lease-extension-premium-calculator,none,,judgment (medium),,,0,/blog/capital-gains-tax/capital-gains-tax-second-home-sale,0.011,0.001,,0.0,False,False,none,0.0,2,606,0,,8588ff89a6daffeefcd04a10e6119e3a3593d64acd867433ca04d17b7e311a10
/calculators/mtd-checker,/for/landlord-self-assessment-and-mtd,,judgment (high),,,0,/for/landlord-self-assessment-and-mtd,0.252,0.194,,0.0,True,False,primary,0.0,0,0,0,,9d517d58d10419f9f6bd836ac197828f140deb3201a0438b813ddefc01567305
/calculators/property-company-extraction-calculator,/for/property-company-profit-extraction,,judgment (high),,,0,/services/landlord-accountant,0.058,0.005,,0.0,False,False,primary,0.0,0,0,0,,40f411a2796bd20023ed3570f9cb64f33ddb3a810fc9a8842d43d67701f1374c
/calculators/rd-tax-credit-calculator,none,,judgment (high),,,0,/for/moving-property-into-a-limited-company,0.043,0.002,,0.0,False,False,none,0.0,0,399,0,,0363e47a43227ff029b3a8460a6673cb9e12e4bf0809b8f037789d5560ecbf66
