url,domain,final_url,http_status,skip_reason,note,terms,best_rank,top3_any_pull,serp_appearances,page_type,title,meta_description,h1,h1_count,h2_count,h2_list,h3_count,word_count_main,main_selector,faq_items,faq_visible_items,faq_schema_items,question_h2h3,schema_types,schema_entities_props,microdata_types,jsonld_parse_errors,phone_anywhere,phone_in_main,tel_links,fees_shown,fee_prices_in_main,prices_in_main,from_price,named_person_with_credential,credentials_mentioned,schema_persons,review_widget,review_count_text,aggregate_rating,internal_links_body,outbound_links_body,cta_types,forms,postcode_on_page,tables_in_main,word_count_body_stripped
https://bhp.co.uk/office/leeds/property-accountancy/,bhp.co.uk,https://bhp.co.uk/office/leeds/property-accountancy/,200,,"names two Tax Partners, no post-nominals",property accountant;property tax advisor;property tax specialist;specialist property accountant,1,True,property accountant|A|1;specialist property accountant|A|9;property accountant|C|1;property tax advisor|B|4;property tax advisor|C|3;property tax specialist|C|6,location page,Property Accountants Leeds | Speak To A Specialist | BHP,"From landlords to developers, BHP’s Leeds property accountants help you navigate tax, stay compliant, and get the most from your investments.",Property Accountancy Leeds,1,7,Finding your expert Leeds property tax accountants || The financial partner behind your property plans || Introducing our Leeds property accountancy team || Hear what our clients say || Joined-up support from a team who want the best for you || Related Services || Related articles & insights,6,1162,body,0,0,0,0,WebPage;ReadAction;ImageObject;BreadcrumbList;ListItem;WebSite;SearchAction;EntryPoint;PropertyValueSpecification;Organization;PostalAddress;Place;GeoCoordinates;Service;AccountingService;City,"Organization[] | Organization[address] | Service[areaServed] | AccountingService[telephone,address]",,0,True,False,0,False,,,,False,chartered accountant,,,,,16,5,form,4,LS16 6QY;S1 4RG,0,1162
https://www.rpgcrouchchapman.co.uk/sectors/property-accountants/,rpgcrouchchapman.co.uk,https://www.rpgcrouchchapman.co.uk/sectors/property-accountants/,no response (connection dropped),,fetch blocked: no response (connection dropped),,,,property accountant|A|2;property accountant|C|2;accountant for property investors|C|2,,,,,,,,,,,,,,,,,,,,,,,,,,,,,,,,,,,,,,
https://cuttsandco.co.uk/property-landlords/,cuttsandco.co.uk,https://cuttsandco.co.uk/property-landlords/,200,,,property accountant,3,True,property accountant|A|3;property accountant|C|3,location page,Property Accountant Manchester - Property Specialist Accountant - Cutts and Co,"Whether you’re investing in your first property, managing a rental, or running a property business with a growing portfolio, having your finances and",,0,4,Specialist Property & Landlord Accounting || We are Xero Gold Partners || Approved by Xero || Enquire with confidence,8,1124,article,0,0,0,1,Place;GeoCoordinates;PostalAddress;Organization;ImageObject;ContactPoint;WebSite;WebPage;Person;Article,Organization[address],Rating;SiteNavigationElement,0,True,False,1,False,,"£4,250",,False,,Sam,elfsight,,,1,0,form;phone;booking,0,SK8 6RL,0,1130
https://www.propertytaxpartners.co.uk/blog/property-accountant-services/what-does-a-property-accountant-do,propertytaxpartners.co.uk,,,owner,,,,,property accountant|A|4;property accountant|C|4,,,,,,,,,,,,,,,,,,,,,,,,,,,,,,,,,,,,,,
https://www.mccaccountants.co.uk/news/property-accountants-what-are-they-and-how-can-they-help/,mccaccountants.co.uk,https://www.mccaccountants.co.uk/news/property-accountants-what-are-they-and-how-can-they-help/,200,,,property accountant,5,False,property accountant|A|5;property accountant|C|5,guide,Property Accountants: What Are They and How Can They Help?  - MCC Accountants,,Property Accountants: What Are They and How Can They Help?,1,8,When Would I Need to Contact a Property Accountant? || Share: || Get a Quote || Social Media || Latest News || Subscribe to  our newsletter. || Categories || Related Posts,8,812,body,0,0,0,1,Article;WebPage;ReadAction;ImageObject;BreadcrumbList;ListItem;WebSite;SearchAction;EntryPoint;PropertyValueSpecification;Organization;Person,Organization[],,0,True,False,1,False,,"£85,000;£250,000;£500,000;£1,000,000",,False,,Phil,google-reviews;grw-,,,15,4,form;phone;quote,3,M28 2WW,0,812
https://www.chandlerandpartners.co.uk/industries/property-accountants,chandlerandpartners.co.uk,https://www.chandlerandpartners.co.uk/industries/property-accountants,200,,,property accountant;property accountants,6,False,property accountant|A|6;property accountants|A|8;property accountant|C|6,service page,UK Property Accountant Services | Chandler & Partners,"Accounting services for residential & commercial landlords. From bookkeeping to strategy, we specialise in accounting services & tax advice. Contact us today!",Property Accountants,1,7,Expert Accounting for the Property Industry || Why Choose Us for Property Accounting? || Our UK Property Accountants Can Help With: || The Benefits of Using a Specialist Property Accountant Near Me || Contact Us Today || Here's what our clients have to say... || We'd love to hear from you!,4,646,body,0,0,0,1,,,,0,True,False,1,False,,,,False,,,,,,5,4,form;phone;booking,1,,0,646
https://iwnaccountancy.co.uk/accountancy-services/property-tax/,iwnaccountancy.co.uk,https://iwnaccountancy.co.uk/accountancy-services/property-tax/,200,,,property accountant;property accountants,6,False,property accountant|A|7;property accountants|C|6,service page,Property Tax Advice | Specialist Property Accountant,"Get expert tax advice from property specialist accountants at IWN. Tailored property tax solutions for landlords, including Section 24 strategies and MTD compliance. Contact us today!",Tailored Tax Advice from Property Specialist Accountants,1,6,Our Range of Property Tax Services || Why Choose IWN Accountancy? || Our Accountancy Services – || Who Do We Serve – || 30 Ways in 30 Days… || …to MASTER Your Tax Strategy,17,732,main,5,5,0,1,WebPage;ReadAction;ImageObject;BreadcrumbList;ListItem;WebSite;SearchAction;EntryPoint;PropertyValueSpecification;Organization,Organization[],SiteNavigationElement;WPHeader,0,True,True,3,False,,,,False,,,trustindex,,,17,0,form;phone;booking,2,BH1 1BZ,0,927
https://www.propertytaxpartners.co.uk/blog/property-accountant-services/belfast-property-accountant-specialist-tax-services,propertytaxpartners.co.uk,,,owner,,,,,property accountant|A|8;property tax accountant|A|5;property tax accountant|B|5;property tax accountant|C|5;property tax specialist|B|7,,,,,,,,,,,,,,,,,,,,,,,,,,,,,,,,,,,,,,
https://www.lancingcotswold.com/blog/reasons-to-hire-professional-property-accountant-london,lancingcotswold.com,https://www.lancingcotswold.com/blog/reasons-to-hire-professional-property-accountant-london,200,,,property accountant;specialist property accountant,7,False,property accountant|A|9;property accountant|C|7;specialist property accountant|B|10,guide,Reasons to hire professional property accountant London,"It’s essential to hire a property accountant in London for expert guidance when buying, selling, constructing, or renting a property. Find out why.",Accountants and Tax advisors | Accountants London | Tax accountants London | Limited company accountants,1,1,Reasons to hire professional property accountant London,3,773,body,0,0,0,0,WebSite,,,0,True,False,0,False,,,,False,,,,,,6,6,,0,,0,773
https://www.ukpropertyaccountants.co.uk/,ukpropertyaccountants.co.uk,https://www.ukpropertyaccountants.co.uk/,200,,,accountant for property investors;property accountant;property accountants;property tax advice;property tax advisor;property tax specialist;specialist property accountant,1,True,property accountants|A|1;property tax advisor|A|4;accountant for property investors|A|1;specialist property accountant|A|2;property accountant|B|2;property tax advice|B|3;property tax specialist|C|2;accountant for property investors|B|1,homepage,UK Property Accountants & Property Tax Specialists,"UK Property Accountants is a trusted firm of chartered certified accountants and chartered tax advisers for landlords, property investors, developers & traders in the UK. Get genuine advice on your property today!",UK’s Leading Property Accountants & Tax Specialists,1,17,Testimonials || About UK Property Accountants || Partners & Association || Service You Can Trust || Reviews || Sectors We Serve || Meet Our Experts || Property & Tax News Straight to You || Latest News & Articles || 7 Autumn Budget 2026 Predictions Every Landlord Should Know || How Limited Company Buy-to-Let Mortgage Works in the UK (2026) || Buying the Freehold Together: What Collective Enfranchisement Really Costs || Homepage || Homepage || Homepage || Introducing RentalBux : Our MTD Software for Landlords || Confused where to start?,0,1144,body,0,0,0,1,AccountingService;ProfessionalService;LocalBusiness;ImageObject;PostalAddress;GeoCoordinates;ContactPoint;OpeningHoursSpecification;Country;AdministrativeArea;OfferCatalog;Offer;Service;Organization;AggregateRating;Review;Person;Rating;EducationalOccupationalCredential;ReserveAction;EntryPoint;Reservation;WebSite;SearchAction;WebPage;BreadcrumbList;ListItem;SpeakableSpecification,"AccountingService/LocalBusiness/ProfessionalService[telephone,address,areaServed,aggregateRating,priceRange,hasOfferCatalog] | Service[] | Organization[]",,0,True,True,3,False,,,,True,ACCA;CIOT;chartered accountant;chartered tax adviser,Michael Hanrahan;DiGee;Raju Gajurel;Peter Kyprianou;Runal Bhattarai;Richard Paul Siddons;Customer,ti-widget;trustindex;trustpilot,470+ reviews;170+ reviews;320+ reviews,4.9/380,42,10,form;phone;booking;chat/whatsapp,0,EC2M 7AQ,0,1144
https://www.nrla.org.uk/services/tax/rita4rent,nrla.org.uk,https://www.nrla.org.uk/services/tax/rita4rent,200,,"NRLA member-benefit page for RITA4Rent (tax partner), not a directory",accountant for property investors;accountants for landlords;buy to let accountant;property accountant;property accountants;property tax advice;property tax advisor;property tax specialist;specialist property accountant,2,True,property accountants|A|2;property tax advisor|A|2;specialist property accountant|A|5;property accountant|B|5;accountants for landlords|B|3;buy to let accountant|C|8;property tax advice|B|2;property tax specialist|C|3;accountant for property investors|C|4,service page,RITA4Rent | Rental Property Tax Advisor | NRLA,"RITA (Rental Income Tax Advisors), as part of the Holdings group of companies, have been trading for over 25 years. As specialists in landlord and property taxation, they are very well placed to advise you on your tax position.",RITA4Rent,1,5,Why choose RITA4Rent || About RITA4Rent || Resources || Our services || Are you interested in partnering with us?,4,661,main,0,0,0,1,,,,0,False,False,0,False,,,,False,AAT;ACCA;ATT;CIOT;CTA;STEP;chartered tax adviser,,trustpilot,,,12,4,,0,,0,664
https://www.geraldedelman.com/services/property-tax-advisers/,geraldedelman.com,https://www.geraldedelman.com/services/property-tax-advisers/,200,,,property accountants;property tax advice;property tax specialist,1,True,property accountants|A|3;property tax advice|B|9;property tax specialist|C|1,location page,Property Tax Accountants London,"Our property tax accountants work closely with landlords, owners & investors to minimise tax exposure. Celebrating 80 years of trusted advice. Get in touch!",Property Tax Advisers,1,7,Getting more value from your property || How can we help? || Get in touch || Get in touch || Property Tax team || Why Gerald Edelman? || Frequently asked questions,13,1289,main,7,7,0,6,WebPage;ReadAction;ImageObject;BreadcrumbList;ListItem;WebSite;SearchAction;EntryPoint;PropertyValueSpecification;Organization,Organization[],,0,True,True,2,False,,,,False,FCA;chartered accountant,,elfsight,,,25,0,form;phone,2,EC3V 3QQ,0,1425
https://www.djh.co.uk/specialisms/property/,djh.co.uk,https://www.djh.co.uk/specialisms/property/,200,,,accountant for property investors;property accountant;property accountants;property tax accountant;property tax advisor;specialist property accountant,1,True,property accountants|A|4;property tax accountant|A|1;accountant for property investors|A|5;specialist property accountant|A|6;property accountant|B|9;property tax accountant|B|1;property tax accountant|C|1;property tax advisor|C|2;accountant for property investors|B|5,service page,Property Accountants & Business Advisers,Our team of specialist accountants for property investors can provide expert knowledge for both new and seasoned property portfolio owners.,Property,1,14,Specialist  Property Accountants || Expert Property Advice || Our services for property investors || Capital Allowances || Tax || VAT returns || Industry Support || Our accountancy services || Supporting property investors || Our Property Accountants || The property world moves fast - your advice needs to keep up. || Proud to work with : || Couldn't find what you're looking for? || Get In Touch,12,1261,main,0,0,0,1,WebPage;ReadAction;ImageObject;BreadcrumbList;ListItem;WebSite;SearchAction;EntryPoint;PropertyValueSpecification;Organization,Organization[],,0,True,False,2,False,,,,False,,,,,,9,4,form;phone,4,,0,1275
https://bhp.co.uk/office/sheffield/property-accountancy/,bhp.co.uk,https://bhp.co.uk/office/sheffield/property-accountancy/,200,,,property accountant;property accountants,4,False,property accountants|A|5;property accountant|B|4,location page,Property Accountancy Sheffield | Book a Consultation | BHP,"Whether you own one rental or manage developments, our Sheffield property accountants help you be tax-efficient and stay compliant.",Property Accountancy Sheffield,1,7,"Finding your local Sheffield property accountants || Property accountancy expertise, right here in Sheffield || Hear what our clients say || Introducing our Sheffield property accountant team || An end-to-end solution || Related Services || Related articles and insights",5,1283,body,0,0,0,1,WebPage;ReadAction;ImageObject;BreadcrumbList;ListItem;WebSite;SearchAction;EntryPoint;PropertyValueSpecification;Organization;PostalAddress;Place;GeoCoordinates;Service;AccountingService;City,"Organization[] | Organization[address] | Service[areaServed] | AccountingService[telephone,address]",,0,True,False,0,False,,,,False,chartered accountant,,,,,15,6,form;booking,4,S1 4RG,0,1283
https://www.hazlewoods.co.uk/expertise/by-sector/property-construction/,hazlewoods.co.uk,https://www.hazlewoods.co.uk/expertise/by-sector/property-construction/,200,,,property accountants,6,False,property accountants|A|6,service page,Property & Construction | Hazlewoods: Business Advisers and Accountants,,Property,1,4,"Construction, Developers and Professionals. || How can we help you? || Working together || News and insights",0,881,main,0,0,0,1,Organization;WebSite;BreadcrumbList;ListItem;WebPage;Person;ImageObject;Article;AccountingService;AggregateRating;PostalAddress;GeoCircle;OfferCatalog;Service;Review;Rating,"Organization[] | AccountingService[telephone,address,areaServed,aggregateRating,priceRange,hasOfferCatalog] | Service[]",BreadcrumbList;ListItem;SiteNavigationElement;WPFooter;WPHeader;WebPage,0,True,False,11,False,,,,False,,Scott Woodfield;Business Client;Individual Client,,,4.8/142,19,0,form;phone,2,GL51 0UX;GL50 3AT;GL50 1WG;BS1 6QR;CF10 1EW,0,882
https://www.mccaccountants.co.uk/property-accountants/,mccaccountants.co.uk,https://www.mccaccountants.co.uk/property-accountants/,200,,,property accountant;property accountants;specialist property accountant,6,False,property accountants|A|7;specialist property accountant|A|8;property accountant|B|6,location page,"Property Accountants Manchester, Salford - MCC Accountants",Our team of property accountants in Manchester will provide practical advice and solutions to a range of accounting and business activities..,Property Accountant,1,5,Why Do You Need a Specialist Property Accountant? || What Does a Property Accountant Do? || Why You Need a Specialist Property Accountant || Get Your Quote || Download Our Brochure,7,1561,body,0,0,0,2,WebPage;ReadAction;ImageObject;BreadcrumbList;ListItem;WebSite;SearchAction;EntryPoint;PropertyValueSpecification;Organization,Organization[],,0,True,False,1,False,,"£85,000;£250,000;£500,000;£1,000,000",,False,,,google-reviews;grw-;ti-widget;trustindex;trustpilot,43 reviews,,2,8,form;phone;booking;quote,2,M28 2WW,0,1561
https://hwfisher.co.uk/specialisms/property/,hwfisher.co.uk,https://hwfisher.co.uk/specialisms/property/,200,,,accountant for property investors;property accountant;property accountants;property tax advice;property tax advisor;specialist property accountant,4,False,property accountants|A|9;property tax advisor|A|9;accountant for property investors|A|4;specialist property accountant|A|7;property accountant|B|7;property tax advice|B|5;accountant for property investors|B|4,service page,"Property Accountant Services - VAT, SDLT, Tax Advice - HW Fisher","Our property accountants provide specialist advice to companies and individuals and are a one-stop shop for advice on VAT, SDLT and tax, leasing and accounting.",Property Sector,1,2,"Why go round the houses, when we can provide all the expert advice you need? || The Autumn Budget Summary 2025 November 26, 2025",3,578,body,0,0,0,1,WebPage;ReadAction;ImageObject;BreadcrumbList;ListItem;WebSite;SearchAction;EntryPoint;PropertyValueSpecification;Organization,Organization[],,0,True,True,3,False,,,,False,,,,,,15,7,form;phone;booking,0,NW1 3ER,0,578
https://archimediaaccounts.co.uk/who-we-help/landlord-accountants/,archimediaaccounts.co.uk,https://archimediaaccounts.co.uk/who-we-help/landlord-accountants/,200,,,accountants for landlords;property accountants,7,False,property accountants|A|10;property accountants|B|7;property accountants|C|8;accountants for landlords|B|7,location page,Property & Landlord Accountants Nottingham | Archimedia Account,"Accounting for landlords made simple. Archimedia Accounts helps you stay compliant, manage income and keep everything organised. FREE Tax Review!",Accountants for Landlords Nottingham,1,5,Welcome to Archimedia Accountants for landlords || Helping you to be a tax-efficient landlord || Our buy-to-let landlord accounting services || Why choose Archimedia for your accounting services || Claim Your FREE Accounting & Tax Review,15,1395,main,0,0,0,2,BreadcrumbList;ListItem;LocalBusiness;PostalAddress;GeoCoordinates;OpeningHoursSpecification;Product;Organization;Brand;ImageObject;AggregateRating;Review;Person;Rating,"LocalBusiness[telephone,address] | Organization[]",AggregateRating;Product;Rating;WebPage,0,True,True,3,False,,£2,,False,,Kristina Juskiene;Tara Mawer;Majkol Šimić;Anton Pryce;Sam Relevy;Henley Bailey;george thomas;Holly Wildeman;Danny Edwards;Matthew Parry;Niven Chinasam,ti-widget;trustindex,100 reviews;80 Google reviews,5/100,17,2,form;phone;booking,1,NG7 2RF,0,1398
https://www.perrigoconsultants.co.uk/property-tax-consultants/,perrigoconsultants.co.uk,https://www.perrigoconsultants.co.uk/property-tax-consultants/,200,,,property tax accountant;property tax advisor,1,True,property tax accountant|A|2;property tax accountant|B|2;property tax accountant|C|2;property tax advisor|B|1,service page,Property Tax Consultants | Perrigo Consultants,,Property Tax Consultants || Recent news about us and our industry.,2,5,Property Tax Consultants || What are the benefits of hiring a property tax consultancy? || 👋 Meet Sarah-Jayne: Looking After Our Practice and Our People || 👨‍👩‍👧‍👦 Do you need to pay tax on money received from family? || 🏦 When Should You Consider Paying Voluntary National Insurance Contributions?,1,2491,body,0,0,0,3,Article;WebPage;ReadAction;ImageObject;BreadcrumbList;ListItem;WebSite;SearchAction;EntryPoint;PropertyValueSpecification;Organization;Person,Organization[],,0,True,True,2,False,,,,False,chartered tax adviser,platform81,,110 reviews,,3,4,form;phone;booking,0,DY13 9AW,0,2491
https://www.taxaccountant.co.uk/landlord-tax/,taxaccountant.co.uk,https://www.taxaccountant.co.uk/landlord-tax/,200,,,property tax accountant,3,True,property tax accountant|A|3;property tax accountant|B|3;property tax accountant|C|3,service page,Landlord Tax Services | Specialist Property Tax Accountants,"If you are a property owner or investor looking for Landlord Tax Services, call our tax accountants for specialist tax advice and quote.",Landlord Tax Services,1,1,Landlord Accountants,2,1555,main,8,8,8,0,WebPage;ReadAction;ImageObject;BreadcrumbList;ListItem;WebSite;SearchAction;EntryPoint;PropertyValueSpecification;Organization;QuantitativeValue;FAQPage;Question;Answer,Organization[telephone],,0,True,True,3,False,,,,False,,,,,,14,0,form;phone;booking,2,B1 2JB;W8 6SN,0,1558
https://assuretax.co.uk/how-we-help/property-tax/,assuretax.co.uk,https://assuretax.co.uk/how-we-help/property-tax/,no response (connection dropped),,fetch blocked: no response (connection dropped),,,,property tax accountant|A|4;property tax accountant|B|4;property tax accountant|C|4;property tax advisor|B|8;property tax advisor|C|6,,,,,,,,,,,,,,,,,,,,,,,,,,,,,,,,,,,,,,
https://taxcare.org.uk/landlord-accountant/,taxcare.org.uk,https://taxcare.org.uk/landlord-accountant/,200,,,accountants for landlords;buy to let accountant;property tax accountant,6,False,property tax accountant|A|6;property tax accountant|B|6;property tax accountant|C|6;accountants for landlords|C|8;buy to let accountant|C|9,service page,Landlord Accountant UK | Property Tax Experts - Taxcare Accountant,"As a landlord, you are probably facing multiple challenges due to the higher interest rate, tougher government regulation on landlords in regard to tenant's",Landlord Accountant UK | Property Tax Experts,1,17,Accounting Challenges for Landlords || Why Tax Care for Landlords? || Our Landlord Solutions: Full Service List || Making Tax Digital 2026: What Landlords Must Know || Importance of Accountants for Landlords || Tax Return for Landlords || Specially Purpose Vehicle Company || Setting Up Holding Company || Section 24 & Mortgage Interest Relief for Landlords || What Section 24 really means for your tax bill || How many landlords are affected? || Why limited companies are used to manage Section 24 || Capital Gain Tax Planning for Landlords || At Tax Care Accountant We Can File Your Capital Gain Tax Return at a Fixed of £300 Only. || Share This Post || More To Explore || Leave a Reply Cancel reply,16,1876,main,0,0,0,3,SiteNavigationElement;Article;Person;ImageObject;Organization;SpeakableSpecification,Organization[],,0,True,False,3,True,£300,"£7,500;£300;£50,000;£30,000;£20,000;£100;£24,000;£18,000;£6,000;£2,400;£9,600;£3,600;£24,600;£5",,False,,admin,trustindex,,,10,1,form;phone;booking;chat/whatsapp;quote,2,B1 1TT,0,1886
https://www.propertytaxpartners.co.uk/locations/manchester,propertytaxpartners.co.uk,,,owner,,,,,property tax accountant|A|7;property tax accountant|B|7;property tax accountant|C|7,,,,,,,,,,,,,,,,,,,,,,,,,,,,,,,,,,,,,,
https://www.whitleystimpson.co.uk/who-we-help/your-business/business-tax/land-property-tax/,whitleystimpson.co.uk,https://www.whitleystimpson.co.uk/who-we-help/your-business/business-tax/land-property-tax/,no response (connection dropped),,fetch blocked: no response (connection dropped),,,,property tax accountant|A|8;property accountants near me|A|9;property tax accountant|B|8;property tax accountant|C|8;property tax advisor|B|9;property tax advisor|C|8;property accountants near me|B|8;property accountants near me|C|8,,,,,,,,,,,,,,,,,,,,,,,,,,,,,,,,,,,,,,
https://www.thp.co.uk/accountants-for-landlords/,thp.co.uk,https://www.thp.co.uk/accountants-for-landlords/,200,,,landlord accountant,1,True,landlord accountant|A|1;landlord accountant|B|1,service page,Making Buy-to-Let More Profitable - The Accountants for Landlords,"A practical guide to tax, finance, ownership and profit planning for buy-to-let landlords, from THP - the accountants for landlords.",Making Buy-to-Let More Profitable,1,4,A practical guide from the Accountants for Landlords || There are still good opportunities for landlords! || The Accountants for Landlords can help you || The full series from the Accountants for Landlords:,0,382,main,0,0,0,0,WebPage;ReadAction;ImageObject;BreadcrumbList;ListItem;WebSite;SearchAction;EntryPoint;PropertyValueSpecification;Organization;Place;AccountingService;GeoCoordinates;OpeningHoursSpecification;PostalAddress;Corporation,"AccountingService/Organization/Place[telephone,address,priceRange] | Corporation[]",,0,True,False,11,False,,,,False,chartered accountant,,,,,3,4,form;phone;booking;chat/whatsapp,5,E11 2RJ;SM2 6LE;CM1 2QE;CB10 1AX,0,382
https://www.pearsonmay.co.uk/resources/blog/why-landlords-should-have-an-accountant/,pearsonmay.co.uk,https://www.pearsonmay.co.uk/resources/blog/why-landlords-should-have-an-accountant/,no response (connection dropped),,fetch blocked: no response (connection dropped),,,,landlord accountant|A|2;landlord accountant|B|2;accountants for landlords|C|4,,,,,,,,,,,,,,,,,,,,,,,,,,,,,,,,,,,,,,
https://www.ross-brooke.co.uk/why-use-specialist-accountant-for-landlords/,ross-brooke.co.uk,https://www.ross-brooke.co.uk/why-use-specialist-accountant-for-landlords/,200,,,landlord accountant,3,True,landlord accountant|A|3;landlord accountant|B|3,guide,Why Should You Use a Specialist Landlord Accountant? - UHY Ross Brooke Chartered Accountants,"UK tax for landlords can be intricate, so ask a specialist accountant for landlords about the rules and allowances that differ significantly from other types of income.",Why Should You Use a Specialist Landlord Accountant?,1,11,Expert Knowledge of Property Taxation || Maximising Deductions and Reliefs || Financial Planning || Personalised Service || Time Saving and Stress Reduction || You may also be interested in: || How ready are you for MTD? || Request a free MTD readiness check || Free MTD readiness call || Related insights || Talk to us,62,1269,body,11,11,0,12,Article;WebPage;ReadAction;ImageObject;BreadcrumbList;ListItem;WebSite;SearchAction;EntryPoint;PropertyValueSpecification;Person;AccountingService;PostalAddress;OpeningHoursSpecification,"AccountingService[telephone,address,areaServed]",WPFooter;WPHeader,0,True,True,3,False,,,,False,ICAEW;chartered accountant,Jane L,,,,68,0,form;phone;booking,1,,0,1269
https://www.ukpropertyaccountants.co.uk/vital-role-of-a-landlord-accountant/,ukpropertyaccountants.co.uk,https://www.ukpropertyaccountants.co.uk/vital-role-of-a-landlord-accountant/,200,,,landlord accountant,4,False,landlord accountant|A|4;landlord accountant|B|4,guide,Landlord Accountant: Why they are vital for Landlords in UK,"Discover the vital role of UK landlord accountants - their duties, advantages, and impact on your UK property ownership success.",Landlord Accountant: Why they are Vital for Landlords in UK,1,17,The Essential Role of a Landlord Accountant in the UK || Hiring a Landlord Accountant in the UK: Considerations || Summary || Tax Implications of Transfer on Death for UK Property || HMRC Claimed a Missing Form 17 Meant Rental Income was Split 50/50: Here’s Why it Didn’t || How to Transfer Ownership of Property to a Family Member || The Bank of England Interest Rate Stays at 3.75%. But Here’s the Catch || Deed of Gift for Property Explained for Transfering Property Ownership || How Did the UK Economy Perform for Landlords in July 2026? || Tax Implications of Transfer on Death for UK Property || HMRC Claimed a Missing Form 17 Meant Rental Income was Split 50/50: Here’s Why it Didn’t || How to Transfer Ownership of Property to a Family Member || The Bank of England Interest Rate Stays at 3.75%. But Here’s the Catch || Deed of Gift for Property Explained for Transfering Property Ownership || How Did the UK Economy Perform for Landlords in July 2026? || Introducing RentalBux : Our MTD Software for Landlords || Confused where to start?,8,1213,body,0,0,0,3,Article;CommentAction;WebPage;ReadAction;ImageObject;BreadcrumbList;ListItem;WebSite;SearchAction;EntryPoint;PropertyValueSpecification;Organization;Person;Review;Rating,Organization[],BreadcrumbList;ImageObject;ListItem;Person,0,True,False,3,False,,£8;£1,,False,ACCA;CTA;chartered tax adviser,UK Property Accountants;Customer,trustpilot,470+ reviews,,20,1,form;phone;chat/whatsapp,0,EC2M 7AQ,0,1213
https://leonandcompany.co.uk/property-tax-accountant/,leonandcompany.co.uk,https://leonandcompany.co.uk/property-tax-accountant/,200,,,landlord accountant;property tax advisor,5,False,landlord accountant|A|5;property tax advisor|A|7,location page,Property Tax Accountant Leeds & UK | Landlord Tax Advice,"Property tax accountants for landlords, investors and property companies. Advice on rental income, CGT, SDLT, ownership structures and MTD. Leeds and UK-wide.",Property Tax Accountants for Landlords and Property Investors,1,15,"Property accounting support with || Property tax accounting and advisory support || What does a property accountant do? || Advice built around your property plans || Our property tax services || Allowable expenses for landlords || Key property tax areas we can advise on || Property situations that need specialist tax advice || Need property tax advice before your next move? || How our property tax service works || Why choose Leon & Company as your property accountant? || Useful services for property owners and businesses || Property tax advice from Darren Stone, Chartered Accountant || Property accountant FAQs || Speak to a property accountant",8,2163,body,14,14,14,3,WebPage;ReadAction;BreadcrumbList;ListItem;WebSite;SearchAction;EntryPoint;PropertyValueSpecification;AccountingService;LocalBusiness;PostalAddress;City;AdministrativeArea;Country;Service;FAQPage;Question;Answer,"AccountingService/LocalBusiness[telephone,address,areaServed,priceRange] | Service[areaServed]",BreadcrumbList;ListItem,0,True,False,2,False,,,,True,ICAEW;chartered accountant,,,,,5,0,form;phone;booking,1,LS17 8RE,0,2163
https://severnaccounting.co.uk/services/property-landlord/birmingham/,severnaccounting.co.uk,https://severnaccounting.co.uk/services/property-landlord/birmingham/,200,,,landlord accountant,6,False,landlord accountant|A|6;landlord accountant|B|6,location page,Property Accountant in Birmingham | Property & Landlord Accounting | Severn Accounting,"Looking for a property accountant in Birmingham? Severn Accounting provides specialist property & landlord accounting services. Fixed fees, local office, AAT Licensed.",Property Accountant in Birmingham,1,10,"Birmingham Property Tax — Without the Surprises || Who We Help in Birmingham || How It Works || Meet Your Birmingham Accountant || Clear, Fixed Fees || Why Birmingham Landlords Need a Property Tax Specialist || Areas We Cover from Birmingham || Frequently Asked Questions || Other Services in Birmingham || Get Your Property Tax Sorted",20,1554,main,8,8,8,0,ProfessionalService;PostalAddress;GeoCoordinates;OpeningHoursSpecification;City;OfferCatalog;Offer;Service;FAQPage;Question;Answer;BreadcrumbList;ListItem,"ProfessionalService[telephone,address,areaServed,priceRange,hasOfferCatalog] | Service[]",,0,True,True,6,True,£190 + VAT;£450 + VAT,"£50,000;£190 + VAT;£450 + VAT",from £190;from £450,True,AAT;ACCA;FMAAT,,,,,8,0,form;phone;booking;quote,1,B3 2BJ;WR1 3QQ,0,1568
https://accountingpeople.co.uk/uk-accountants-for-landlords/,accountingpeople.co.uk,https://accountingpeople.co.uk/uk-accountants-for-landlords/,200,,,accountants for landlords;landlord accountant,4,False,landlord accountant|A|7;accountants for landlords|A|4,guide,UK Accountants for Landlords: Tax & MTD,"UK accountants for landlords support Self Assessment or company tax, claim expenses correctly, and prepare you for Making Tax Digital (MTD).","Landlord Accounting Guide: Tax, Expenses & Making Tax Digital",1,8,Why UK Landlords Benefit from Using an Accountant || Making Tax Digital and What It Means for Landlords || When Making Tax Digital Applies to Landlords || Where an Accountant Can Help With Landlord Tax and Records || Should You Use an Accountant or Do It Yourself? || When Landlords May Need Professional Accounting Support || Get Instant Quote || drop us a line and keep in touch,3,1079,main,0,0,0,1,Place;PostalAddress;AccountingService;Organization;ImageObject;WebSite;BreadcrumbList;ListItem;WebPage;Person;BlogPosting,AccountingService/Organization[address],Blog;Organization;SiteNavigationElement;WPFooter;WPHeader,0,True,True,2,False,,"£50,000;£30,000;£20,000",,False,,Arsam Muhammad,google-reviews;grw-,,,11,2,form;phone;booking;chat/whatsapp;quote,1,HA7 1JS,0,1085
https://www.dnsassociates.co.uk/blog/reasons-why-landlords-should-hire-a-property-accountant,dnsassociates.co.uk,https://www.dnsassociates.co.uk/blog/reasons-why-landlords-should-hire-a-property-accountant,200,,,landlord accountant,8,False,landlord accountant|A|8;landlord accountant|B|8,guide,Reasons why landlord should hire a property accountant | dns accountants,Reasons why landlords can benefit from using a property accountant and ensure profitability and tax compliance.,10 reasons why landlords should hire a property accountant,1,4,10 reasons why landlords should hire a property accountant || How dns accountants can help landlords and property managers || See how dns can help you today. || Free Business Software!,13,2170,body,0,0,0,0,,,,0,True,True,6,False,,£2,,False,,,feefo;trustpilot,,,23,0,form;phone;booking;chat/whatsapp,5,HA3 8DP,0,2170
https://felixaccountants.com/a-comprehensive-guide-to-landlord-accounting-in-the-uk/,felixaccountants.com,https://felixaccountants.com/a-comprehensive-guide-to-landlord-accounting-in-the-uk/,200,,,landlord accountant,7,False,landlord accountant|A|9;landlord accountant|B|7,guide,A Comprehensive Guide to Landlord Accounting in the UK,"In this comprehensive guide, we'll delve into effective strategies for property accounting for landlords, helping you keep your finances in order",A Comprehensive Guide to Landlord Accounting in the UK,1,9,Understanding the Importance of Proper Accounting || Getting Started : Essential Accounting Practices for Landlords || Navigating Allowable Expenses and Deductions || Managing Rental Income Effectively || Staying Compliant with HMRC Regulations || The Benefits of Professional Landlord Accounting Services || Potential Challenges an d How to Overcome Them || Conclusion: Take Control of Your Landlord Finances || Frequently Asked Questions,26,1439,main,10,10,0,11,BlogPosting;ImageObject;BreadcrumbList;ListItem;Organization;Person;WebPage;WebSite,Organization[],,0,True,False,2,False,"£1,000","£1,000",,False,chartered accountant,felix,,,,14,1,form;phone;booking;chat/whatsapp,0,SL6 8SW,0,1445
https://www.taxez.co.uk/post/8-top-rated-accountants-for-landlords-in-the-uk-2026-guide,taxez.co.uk,https://www.taxez.co.uk/post/8-top-rated-accountants-for-landlords-in-the-uk-2026-guide,200,,listicle on a firm site,landlord accountant,10,False,landlord accountant|A|10,listicle,8 Top-Rated Accountants for Landlords in the UK (2026 Guide),,Login || 8 Top-Rated Accountants for Landlords in the UK (2026 Guide),2,0,,0,1270,main,3,0,3,0,BlogPosting;Person;itemPage;ImageObject;Organization;FAQPage;Question;Answer,Organization[],,0,False,False,0,True,"£199;£59;£200+VAT;£200;£149.50;£325;£300;£1,200","£199;£50,000;£59;£200+VAT;£200;£225;£149.50;£325;£300;£1,200;£149;£30,000;£20,000",From £199;from £59;From £200;From £149;starting at £149;from £300;from £199,False,ACCA;CIOT;chartered accountant,Abdul Wahab,trustpilot,500 verified reviews;420 reviews,,7,11,booking;quote,0,,0,1277
https://wisaccountancy.co.uk/who-we-help/landlord-accountants/,wisaccountancy.co.uk,https://wisaccountancy.co.uk/who-we-help/landlord-accountants/,200,,,accountants for landlords;buy to let accountant;property accountants near me,1,True,accountants for landlords|A|1;accountants for landlords|C|1;buy to let accountant|C|1;property accountants near me|B|7,location page,Landlord Accountants | Keep More of Your Rental Income,Keep more of your rental income with specialist landlord accountants offering proactive tax planning and clear property advice. Talk to WIS today.,Landlord Accountants London,1,3,What do landlords need to take into account? || Do landlords need accountants? || How does the taxman know about my rental income?,18,14713,main,0,0,0,5,AccountingService;Organization;ImageObject;WebSite;BreadcrumbList;ListItem;WebPage;Person;Article,AccountingService/Organization[],AggregateRating;Product;WebPage,0,True,True,3,False,£50,"£50;£20,000;£85,000;£200,000;£201,000;£300,00;£301,000;£400,000;£401,000;£500,000;£501,000",,False,,WIS Accountancy,birdeye;feefo;reviews.io;trustpilot;yotpo,279 reviews;274 Google reviews,,5,1,form;phone;booking;chat/whatsapp;quote,3,WD6 1JN,0,14716
https://www.augustapp.com/blog/best-accountants-for-landlords,augustapp.com,https://www.augustapp.com/blog/best-accountants-for-landlords,200,,,accountants for landlords,2,True,accountants for landlords|A|2;accountants for landlords|B|8,listicle,Best accountants for landlords UK 2026: 10 compared | August,"Compare 10 UK landlord accountants on price, property expertise, Making Tax Digital and support. See what to look for and when you need one.",The best accountants for landlords in the UK: 10 firms compared for 2026,1,20,"Which accountant suits which landlord || What we compared || The ten firms compared || Do landlords need an accountant? || What a landlord accountant actually does || Section 24 and why specialist advice pays || Making Tax Digital and your records || Accountants for landlords living abroad || What to look for in a landlord accountant || What a landlord accountant costs || When to bring an accountant in || How August works alongside your accountant || Frequently asked questions || About this article || S t a y a h e a d o f M a k i n g T a x D i g i t a l || S t a y a h e a d o f M a k i n g T a x D i g i t a l || S t a y a h e a d o f M a k i n g T a x D i g i t a l || Your portfolio deserves
better than a spreadsheet. || Your portfolio deserves
better than a spreadsheet. || Your portfolio deserves
better than a spreadsheet.",15,3378,article,5,5,0,6,WebSite;WebPage;ImageObject;BreadcrumbList;ListItem;Person;BlogPosting;CollectionPage;ReadAction;EntryPoint;Organization;Place;QuantitativeValue;PostalAddress;Country;PropertyValue;AggregateRating;ContactPoint,"Organization[address,areaServed,aggregateRating]",,0,False,False,0,True,"£199;£149.50;£249;£749;£240;£200 + VAT;£200;£300;£600;£169,;£800;£1,000;£3,000","£249;£199;£149.50;£749;£240;£200 + VAT;£325;£300;£600;£169;£800;£1,000;£3,000;£749,;£200;£225;£325,;£169,;£500,000,;£50,000;£30,000;£20,000",from £199;from £149;From £149;from £240;From £199,True,ACCA;ATT;CIOT;FCA;ICAEW;chartered accountant;chartered tax adviser,Richard Samuel;Sam Cope;Tancrede Chazallet,trustpilot,,4.5/53,25,4,,0,,2,3531
https://thobaniaccountants.co.uk/landlord-tax/,thobaniaccountants.co.uk,https://thobaniaccountants.co.uk/landlord-tax/,200,,,accountants for landlords,3,True,accountants for landlords|A|3,service page,Landlord Tax | Accountant for Landlord | Thobani Accountants,"Not sure what you owe in Landlord Tax? Book a free, no obligation consultation with us. We’re your trusted accountant for landlords.",Accountant for Landlord Tax and Property Income,1,4,Do I Need to Complete a Tax Return for Rental Income? || Deadline To File Self Assessment Tax Return as Landlord || What Can I Claim on Tax as a Landlord? || Changes to Buy to Let Rules and Capital Gains Tax,1,405,body,0,0,0,2,AccountingService;PostalAddress;GeoCoordinates;WebPage;ReadAction;ImageObject;BreadcrumbList;ListItem;WebSite;SearchAction;EntryPoint;Organization,"AccountingService[telephone,address,priceRange] | Organization[]",,0,True,True,4,False,"£2,500","£2,500;£1,000,",,False,,,,,,5,1,form;phone;booking,0,PE2 8UF,0,405
https://taxkings.co.uk/who-we-help/landlord-accountants/,taxkings.co.uk,https://taxkings.co.uk/who-we-help/landlord-accountants/,200,,,accountants for landlords,5,False,accountants for landlords|A|5,service page,Landlord Accountants | Property Tax Advisors | TaxKings,"Our Landlord Accountants are ready to help. We provide accountancy services to clients online in Glasgow, Edinburgh and throughout the UK.",Landlord Accountants,1,7,"Leading Landlord Accountant Services in Glasgow, Edinburgh and the UK || Dedicated Services || Clear pricing for all landlords || Tax Accountants for Buy-to-Let Landlords || Software for Landlord Accounting || Read More About || Contact TaxKings",7,667,body,0,0,0,0,WebPage;ReadAction;BreadcrumbList;ListItem;WebSite;SearchAction;EntryPoint;PropertyValueSpecification,,,0,True,True,6,False,,,,False,,,,,,14,1,form;phone;booking;chat/whatsapp,0,EH2 3JZ,0,667
https://www.taxfile.co.uk/landlords-property-tax-advisers/,taxfile.co.uk,https://www.taxfile.co.uk/landlords-property-tax-advisers/,200,,,accountants for landlords,6,False,accountants for landlords|A|6;accountants for landlords|C|6,service page,"Tax advice/accountancy for landlords, property rental, lettings income (S. London)","Tax advice for landlords. Accountants specialising in property/rental income, buy-to-let, lettings, capital gains etc. Offices in South London incl. Tulse Hill and Dulwich.",,0,0,,0,235,body,0,0,0,0,WebPage;ReadAction;BreadcrumbList;ListItem;WebSite;SearchAction;EntryPoint;PropertyValueSpecification;Organization;ImageObject,Organization[],CreativeWork;ImageObject;SiteNavigationElement;WPFooter;WPHeader;WebPage,0,True,True,3,False,,,,False,,,,,,3,0,form;phone;booking,0,SE21 8JP,0,235
https://taxrelax.co.uk/accountants-for-landlords/,taxrelax.co.uk,https://taxrelax.co.uk/accountants-for-landlords/,200,,,accountants for landlords,7,False,accountants for landlords|A|7,service page,Accountants For Landlords • TaxRelax Accountants,"Trusted Accountants For Landlords. Simplify Property Taxes, Boost Returns, And Get Expert Support For All Your Rental Accounting Needs. Learn More!",Accountants for Landlords,1,1,Why Choose Tax Relax as Your Accountants for Landlords?,4,1065,body,3,3,0,1,Organization;ImageObject;WebSite;BreadcrumbList;ListItem;WebPage;Person;BlogPosting,Organization[],,0,True,False,2,False,,,,False,,wpMVIp8lNdZx,,,,2,2,phone;booking,0,CF45 4SN,0,1065
https://arb.accountants/how-can-accountants-assist-landlords/,arb.accountants,https://arb.accountants/how-can-accountants-assist-landlords/,200,,,accountants for landlords,8,False,accountants for landlords|A|8,guide,How Accountants Assist Landlords with Tax and Finance,"Find out how accountants assist landlords with rental income, self assessment, tax planning and compliance. ARB Accountants specialises in landlord tax.",Accountants for Landlords and Rental Property Tax Advice,1,6,Do I Need an Accountant as a Landlord? || 5 Ways an Accountant Can Assist Landlords || Tax Advice for Landlords || Landlord Accountants Southend || Frequently Asked Questions || Ready to Work with Southend Accountants You Can Rely On?,11,1418,main,6,6,0,7,Article;SpeakableSpecification;ImageObject;Person;Organization;EducationalOrganization;AccountingService;Country;WebSite;BreadcrumbList;ListItem,"Organization[] | AccountingService/Organization[telephone,areaServed]",,0,True,False,7,False,,"£1,000",,False,ACCA;chartered accountant,Saurabh Bedi,,,,9,2,phone;booking,0,SS0 7BX;WC2A 2JR,0,1426
https://e2eaccounting.co.uk/blog/top-10-property-accountants-in-uk/,e2eaccounting.co.uk,https://e2eaccounting.co.uk/blog/top-10-property-accountants-in-uk/,200,,,accountant for property investors;accountants for landlords;property accountant;property accountants,5,False,accountants for landlords|A|9;property accountant|C|9;property accountants|B|8;property accountants|C|9;accountant for property investors|C|5,listicle,Top 10 Property Accountants in UK | Landlord Guide,"Compare top 10 property accountants in UK. See who manages SPVs, portfolios, and tax efficiency for rental property owners.",Top 10 Property Accountants in the UK for Landlords & Investors (2026 Guide),1,15,Why Choosing the Right Property Accountant Can Save Thousands || How We Curated This List — Investor-Focused Selection Criteria || Top 10 Property Accountants in UK (Who They’re Actually Right For) || How Each Accountant Solves the Key Investor Challenges || Which Accountant Fits Your Portfolio Stage || When Landlords Should Consider Switching Accountants || How Property Accountants Maximise Tax Efficiency || Common Pitfalls Landlords Face Without a Specialist Property Accountant || How Property Accountants Can Help With Portfolio Expansion || How E2E Accounting Supports Landlords & Property Investors || Next Steps || People Also Ask: || Andy Marshall || Related Blogs || Contact Us,14,2463,body,9,9,9,9,Place;PostalAddress;Organization;ImageObject;WebSite;WebPage;Person;BlogPosting;FAQPage;Question;Answer;AccountingService;GeoCoordinates;AdministrativeArea;OpeningHoursSpecification;ContactPoint,"Organization[address] | AccountingService[telephone,address,areaServed]",,0,True,False,1,False,,,,True,FCCA;chartered accountant,Andy Marshall,,,,18,3,form;phone;booking;chat/whatsapp,3,OX3 9AY,2,2463
https://gorillaaccounting.com/accountants-for-buy-to-let-landlords/,gorillaaccounting.com,https://gorillaaccounting.com/accountants-for-buy-to-let-landlords/,200,,,accountant for property investors;buy to let accountant,1,True,buy to let accountant|A|1;accountant for property investors|A|2;buy to let accountant|B|1;accountant for property investors|B|2,service page,Accountants for Landlords | Property and Buy-to-Let Accountants,"Gorilla Accounting can help you to successfully manage your buy-to-let finances and property taxes. Enquire today for jargon-free, straightforward advice.",Accountants for Landlords & Property Owners,1,24,"Affordable, Expert Property Accountants || Online Instant Quote || Get an Instant Quote || Accounting for Buy-to-let Landlords || Try our Return on Equity Calculator || Your Buy To Let Finances don’t have to be complicated || Property Accountants for Commercial & Residential || How our landlord Accountancy Services can help you || Full access to FreeAgent Bookkeeping Tool || Preparation & Submission of Financial Statements || Preparation & Submission of Corporation Tax Return || Preparation & Submission of Quarterly VAT Returns || Preparation & Submission of Payroll || Preparation & Submission of P11d || Preparation of One Self-Assessment Tax Return || Assistance With HMRC Records Checks || Preparation of Companies House Confirmation Statements || Assistance with Share Issues or Transfers and Changes of Particulars || Dividend and Board Minute Documentation || Same-Day Response Under Our Client Service Guarantee || Your Own Dedicated Accountant || Unlimited Support || Stay in Touch with Our Client Service Guarantee || MTD Compliance for Landlords with our MTD Accountancy Packages",3,2760,main,0,0,0,1,VideoObject;Person;ImageObject;SiteNavigationElement;BreadcrumbList;ListItem;Organization,Organization[],,0,True,True,11,True,£62;£82;£72;£92;£102;£330,"£50,000;£62;£82;£72;£92;£102;£90,000,;£330;£240;£50",,False,,Matthew Langhan,feefo;trustpilot,,,9,0,form;phone;chat/whatsapp;quote,2,BL6 6HG,1,2766
https://perrysaccountants.co.uk/property-and-landlord-accountants,perrysaccountants.co.uk,https://perrysaccountants.co.uk/property-and-landlord-accountants,200,,,buy to let accountant;property accountants near me;property tax specialist;specialist property accountant,1,True,buy to let accountant|A|2;specialist property accountant|A|3;property accountants near me|A|1;buy to let accountant|B|2;property tax specialist|B|1;property accountants near me|B|1;property accountants near me|C|1,location page,Buy to Let Accountant and Tax Advice in London and Kent,"Buy-to-let properties, whether for commercial tenants or private residents can be a lucrative investment and a sound addition to any property portfolio.",Buy-to-let Property Accountants for Landlords in London and Kent,1,1,Investing in a Buy-to-Let Property Expert Property Accountants for Landlords,9,439,main,0,0,0,0,WebPage;ReadAction;BreadcrumbList;ListItem;WebSite;SearchAction;EntryPoint;PropertyValueSpecification;Organization;ImageObject;SiteNavigationElement,Organization[],,0,True,False,4,False,,,,False,chartered accountant,,,,,5,0,phone,0,WC2R 0LT;TN1 2EP,0,450
https://buytolettaxaccountants.co.uk/,buytolettaxaccountants.co.uk,https://buytolettaxaccountants.co.uk/,200,,,accountant for property investors;buy to let accountant,3,True,buy to let accountant|A|3;buy to let accountant|B|3;accountant for property investors|C|8,homepage,Buy to Let Tax Accountants - Reliable & Affordable - Property Accountants,"Buy to Let Tax Accountants for landlords, property investors & individuals. Specialising in all aspects of tax & accounting for properties.",,0,11,1111111111 || 1111111111 || Property Accountancy Services We Offer || Why Choose Us? || 1111111111 || What Clients Think About Us? || Common Frequently Asked Questions || 1111111111 || Let’s Talk About Saving you Property Tax || 1111111111 || Checkout our Latest Articles,0,1108,body,3,3,0,2,WebPage;ReadAction;ImageObject;BreadcrumbList;ListItem;WebSite;SearchAction;EntryPoint;Organization,Organization[],,0,True,False,1,False,,"£500,",,False,,,google-reviews,,,15,0,form;phone,1,,0,1108
https://vantage-accounting.co.uk/accountancy-services/buy-to-let-accounting/,vantage-accounting.co.uk,https://vantage-accounting.co.uk/accountancy-services/buy-to-let-accounting/,200,,,buy to let accountant,4,False,buy to let accountant|A|4;buy to let accountant|B|4,service page,Buy To Let Accounting • Vantage Accounting,Buy to let accountancy packages designed specifically for landlords who are looking for the most tax effective accountancy,Property Accounting and Landlord Tax Returns,1,5,Why Do You Need an Accountant as a Landlord? || How Can a Property Accountant Help? || Our Property Tax Guide || How Much Does Property Accounting Cost? || Contact Form,8,2020,main,0,0,0,3,BreadcrumbList;ListItem;Organization;ImageObject;WebPage;WebSite,Organization[],,0,True,True,6,True,£24+VAT;£7.50;£295+VAT;£59+VAT;£30+VAT;£34;£6.50;£19+VAT,"£100,000;£24+VAT;£7.50;£295+VAT;£75;£59+VAT;£30+VAT;£34;£6.50;£19+VAT",,False,,,trustpilot,,,2,1,form;phone,2,BH21 7SB,0,2029
https://fhpaccounting.co.uk/landlord-accountants-explained-from-buy-to-let-setup-to-scaling/,fhpaccounting.co.uk,https://fhpaccounting.co.uk/landlord-accountants-explained-from-buy-to-let-setup-to-scaling/,200,,,accountants for landlords;buy to let accountant,2,True,buy to let accountant|A|5;accountants for landlords|C|2;buy to let accountant|B|5,guide,Landlord accountants explained: From buy-to-let setup to scaling :,,Landlord Accountants Explained: From Buy-to-Let Setup to Scaling,1,13,"Getting your buy-to-let setup right || Need Expert Accounting Advice? || Planning before you complete || Keeping rental records organised || Filing tax returns and staying compliant || Scaling from 1 property to a portfolio || When property accounting becomes more specialist || Why the right accountant matters || Need Expert Accounting Advice? || News || What Companies House identity checks mean for directors || Why sole traders earning over £50,000 need digital record systems in place ahead of April deadlines || Why mixing company and personal funds costs UK directors",0,1575,main,0,0,0,2,Article;WebPage;ReadAction;ImageObject;BreadcrumbList;ListItem;WebSite;SearchAction;EntryPoint;PropertyValueSpecification;Person,,Blog;BlogPosting;ImageObject;InteractionCounter;Organization;Person;WebPage,0,True,False,2,False,"£1,200","£50,000,;£250,000,;£1,200;£14,400;£50,000;£30,000;£20,000;£500,000",,False,,Kellee Quigley,trustpilot,,,16,7,form;phone;booking,0,NG1 5BG,1,1735
https://www.elsbyandco.co.uk/services/accounting-advisory/property-including-buy-to-let/,elsbyandco.co.uk,https://www.elsbyandco.co.uk/services/accounting-advisory/property-including-buy-to-let/,200,,,buy to let accountant,6,False,buy to let accountant|A|6;buy to let accountant|B|6,location page,Property Tax Accountants & Buy-to-Let Accountants Northampton | Elsby & Co,Expert team of property accountants providing specialist taxation services for landlords and the Buy-to-Let property sector. Contact us today.,Property Tax Accountants Northampton,1,1,We focus on giving you the right advice to help your company grow,5,841,main,0,0,0,0,WebPage;ReadAction;ImageObject;BreadcrumbList;ListItem;WebSite;SearchAction;EntryPoint;PropertyValueSpecification;ProfessionalService;PostalAddress;GeoCoordinates;OpeningHoursSpecification;AggregateRating,"ProfessionalService[telephone,address,areaServed,aggregateRating,priceRange]",,0,True,False,3,False,,,,True,ACA,,elfsight;ti-widget;trustindex;widget.reviews,121 reviews,5.0/121,15,0,form;phone;booking;quote,1,NN10 9TB;EC2N 1AD,0,849
https://iwnaccountancy.co.uk/accountancy-services/buy-to-let-accountancy/,iwnaccountancy.co.uk,https://iwnaccountancy.co.uk/accountancy-services/buy-to-let-accountancy/,200,,,buy to let accountant,7,False,buy to let accountant|A|7;buy to let accountant|B|7,service page,Specialist Buy-to-Let Tax Accountants | Accountants for Buy-to-Let Landlords,"Maximise your rental profits with IWN's expert buy-to-let tax accountants. Tailored property tax solutions for landlords, including Section 24 advice and MTD compliance. Simplify your finances today!",Specialist Buy-to-Let Tax Accountants,1,6,How Our Buy-to-Let Tax Accountancy Services Work || Why Choose Us? || Our Accountancy Services – || Who Do We Serve – || 30 Ways in 30 Days… || …to MASTER Your Tax Strategy,17,506,main,5,5,0,1,WebPage;ReadAction;ImageObject;BreadcrumbList;ListItem;WebSite;SearchAction;EntryPoint;PropertyValueSpecification;Organization,Organization[],SiteNavigationElement;WPHeader,0,True,True,3,False,,,,False,,,trustindex,,,17,0,form;phone;booking,2,BH1 1BZ,0,701
https://esdgaccountancy.com/post/buy-to-let-tax-accountants-a-landlords-best-friend/,esdgaccountancy.com,https://esdgaccountancy.com/post/buy-to-let-tax-accountants-a-landlords-best-friend/,200,,,buy to let accountant,8,False,buy to let accountant|A|8;buy to let accountant|B|8,guide,Buy To Let Tax Accountants | ESDG Accountancy,"Learn about buy to let tax accountants, UK tax rules, reporting duties, common pitfalls and planning points from ESDG Accountancy.",Buy to Let Tax Accountants: A Landlord’s Best Friend,1,8,The Role of Buy to Let Tax Accountants || The Benefits of Partnering with a Buy to Let Tax Accountant || Expertise in Property Taxation: Being aware of all the tax implications of making a buy to let property investments can be complex. A Chartered accountant has the knowledge and experience to advise you here – whether it’s on allowable capital expenses for a property your refurbishing or understanding how much of the mortgage payment is tax deductible. || FAQs || Selling a French property held in an SCI: how UK tax works when you sell and close the SCI || “Paying the right tax on employment-related shares and securities”: what HMRC’s letter means if your RSUs vested with no tax deducted || Business Succession Planning: Are You Leaving It Too Late? || How Should Company Directors Pay Themselves in 2026/27?,2,1001,main,7,7,0,2,Article;WebPage;ReadAction;ImageObject;BreadcrumbList;ListItem;WebSite;SearchAction;EntryPoint;PropertyValueSpecification;Organization;Person;AccountingService;PostalAddress;OpeningHoursSpecification,"Organization[telephone] | AccountingService[telephone,address]",Blog;CreativeWork;SiteNavigationElement;WPHeader,0,True,False,1,False,,,,False,chartered accountant,Ed,google-reviews;grw-,,,8,1,phone,0,SE3 0TN,0,1017
https://www.andrewpasser.com/property-tax-accountant-london,andrewpasser.com,https://www.andrewpasser.com/property-tax-accountant-london,200,,,accountant for property investors;buy to let accountant;property accountant;property accountants;property tax advice;property tax advisor,1,True,buy to let accountant|A|9;property tax advice|A|1;property tax advisor|A|8;accountant for property investors|A|7;property accountant|B|8;property accountants|B|1;property accountants|C|1;buy to let accountant|B|9;accountant for property investors|B|7,location page,Property Accountant London - Accounting Services for Landlords,"If you're looking for an accountant for property-related services and advice, I help landlords and property investors maximise tax deductions on their rental properties and assets.",Property Accountant London,1,13,REQUEST A CALLBACK || First-time Landlords || Buy-to-Let Landlords || Property Investors || Living Abroad || with a UK Property || Expert UK property tax accountant for rental property || UK Property Accountant & Property Tax Specialist || For landlords and property investors  in London and surrounding areas || Google Reviews || Let Property Campaign Advice || Have more q ﻿ uestions? || MAKE CONTACT,21,1432,body,6,0,6,8,FAQPage;Question;Answer,,,0,True,True,2,False,,,,False,,,google-reviews,,,10,9,form;phone;booking,2,HA7 3QL,0,1432
https://www.taxcafe.co.uk/property-tax-guide.html,taxcafe.co.uk,https://www.taxcafe.co.uk/property-tax-guide.html,200,,,property tax advice,2,True,property tax advice|A|2,product page (book),UK Property Tax Guide 2026/27,"How to Save Property Tax shows you how to pay less income tax, capital gains tax and stamp duty land tax.",How to Save Property Tax,1,2,New 2026/27 Edition || What Information is Contained in the Guide?,0,1054,body,0,0,0,1,,,,0,False,False,0,False,,£2.99,only £2,True,FCA;ICAEW;chartered accountant,,,,,11,0,,0,,0,1054
https://fhpaccounting.co.uk/property-tax-accountants/,fhpaccounting.co.uk,https://fhpaccounting.co.uk/property-tax-accountants/,200,,,property tax advice;specialist property accountant,3,True,property tax advice|A|3;specialist property accountant|A|10,service page,Property Tax Accountants - Property Tax Specialists :,Expert property tax accountants providing tailored solutions to maximise savings and ensure compliance. Contact our trusted experts today.,Property Tax Accountants,1,5,"Property Tax Accountants in Nottingham || News || What Companies House identity checks mean for directors || Why sole traders earning over £50,000 need digital record systems in place ahead of April deadlines || Why mixing company and personal funds costs UK directors",8,801,body,3,3,0,3,WebPage;ReadAction;BreadcrumbList;ListItem;WebSite;SearchAction;EntryPoint;PropertyValueSpecification,,Blog;BlogPosting;ImageObject;InteractionCounter;Organization;Person;WebPage,0,True,False,2,False,,"£50,000",,False,,,trustpilot,,,4,0,form;phone;booking,0,NG1 5BG,0,801
https://uklandlordtax.co.uk/why-you-should-use-a-property-tax-accountant/,uklandlordtax.co.uk,https://uklandlordtax.co.uk/why-you-should-use-a-property-tax-accountant/,200,,,accountant for property investors;property tax advice;property tax advisor;property tax specialist,2,True,property tax advice|A|4;property tax specialist|A|2;property tax advisor|B|3;property tax specialist|B|2;accountant for property investors|C|9,guide,Why you should use a property tax accountant - UK Landlord Tax,"The right property tax accountant should help you pay the lowest amount of tax, IHT & CGT with a clear tax structure to protect your property wealth.",Why you should use a property tax accountant,1,7,Here’s another reason why using a property tax accountant is crucial || Getting your tax structure right is crucial || Related blog posts || New Landlord Registration Service: What You Need to Know Before December 2026 || Can You Claim Tax Relief on a Re-Mortgaged BTL Property? || Landlords: Carrying out Building Work on Your Property? – What You Need to Tell Us || Got a question for our landlord tax experts?,0,953,body,0,0,0,2,SiteNavigationElement;BreadcrumbList;ListItem;BlogPosting;Person;ImageObject;Organization;Article;PostalAddress;PropertyValue;ContactPoint,"Organization[] | Organization[telephone,address]",,0,True,True,4,False,,"£325,000",,False,ICAEW;chartered accountant,uklt-bulldog;UK Landlord Tax;S S Thandi,,,,31,1,form;phone,0,WV10 9TG,0,953
https://www.krestonreeves.com/business/taxation/land-development/,krestonreeves.com,https://www.krestonreeves.com/business/taxation/land-development/,200,,,property tax advice,5,False,property tax advice|A|5,service page,Land Development Tax Specialists | Kreston Reeves,"We work with you to maximise the value of your land development by minimising the tax burden, ensuring the approach is tailored to you.",Land development tax specialists,1,1,How we can help you as a land owner,9,1015,body,0,0,0,1,Place;PostalAddress;WebPage;ReadAction;ImageObject;BreadcrumbList;ListItem;WebSite;SearchAction;EntryPoint;PropertyValueSpecification;AccountingService;Organization,"AccountingService/Organization[telephone,address]",,0,True,True,2,False,,"£425,000,;£625,000",,True,CTA;FCA;ICAEW;chartered accountant,,,,,16,2,form;phone,4,E1 6RA,0,1015
https://www.georgehay.co.uk/services/taxation/property-taxation/,georgehay.co.uk,https://www.georgehay.co.uk/services/taxation/property-taxation/,200,,,property tax advice,6,False,property tax advice|A|6,service page,Property Taxation - George Hay,,Property Taxation,1,0,,3,696,body,0,0,0,0,WebPage;ReadAction;BreadcrumbList;ListItem;WebSite;SearchAction;EntryPoint;PropertyValueSpecification,,,0,False,False,0,False,,,,False,ICAEW;chartered accountant,,,,,11,0,form,1,SG18 0LD;PE29 3GH,0,696
https://www.gov.uk/tax-help,gov.uk,,,gov.uk,,,,,property tax advice|A|7,,,,,,,,,,,,,,,,,,,,,,,,,,,,,,,,,,,,,,
https://smh.group/accounting-business-advisory/taxation/property-taxation/,smh.group,https://smh.group/accounting-business-advisory/taxation/property-taxation/,200,,,property tax advice;property tax advisor;property tax specialist,8,False,property tax advice|A|8;property tax specialist|A|9;property tax advisor|C|9,service page,Property Taxation - SMH Group,"At SMH Chartered Accountants, we understand that property ownership can be a significant investment and a complex area of taxation.",Property Taxation,1,4,Recent changes in property taxation || Spouses – income from jointly held property || Company Trading Vehicle for Property Developers || Extracting development profits as capital and at lower rates of tax,1,718,body,0,0,0,0,WebPage;ReadAction;ImageObject;BreadcrumbList;ListItem;WebSite;SearchAction;EntryPoint;PropertyValueSpecification,,BreadcrumbList;ListItem,0,True,True,24,False,,,,True,FCA,,,,,25,3,form;phone;booking,0,S21 3WY;S11 8YZ;SK17 6PU;S60 2DT;LS12 6AJ;WF1 1LX;HG1 5PD;LS25 1LL;HD1 5LS;S75 3,0,718
https://www.thepropertyaccountant.co.uk/,thepropertyaccountant.co.uk,https://www.thepropertyaccountant.co.uk/,200,,"every section heading is an H1 (12 H1s, 0 H2s); FAQ count of 5 set by manual read",property accountant;property tax advice;property tax specialist;specialist property accountant,1,True,property tax advice|A|9;property tax specialist|A|3;specialist property accountant|A|1;property accountant|B|1;property tax specialist|B|5,homepage,The Property Accountant | Specialist tax advisers for property businesses,The Property Accountants are property tax and accounting specialists. We are a friendly down to earth firm who help property businesses. As a small firm we offer an approachable and hands on service where we really get to know our clients.,About Us || Services Provided to Include: || Who Can Benefit From The Property Accountant? || Pricing Plans || The Software We Use || What Our Clients Say About Us || Stuart Phipps || Lima Lima Management Ltd || Nick Heal || Sign Up To Our Newsletter || Frequently Asked Questions || Get In Touch Tod,14,0,,5,1497,main,5,5,0,5,WebSite,,,0,True,True,1,True,£200 + VAT;£200 +VAT;£225 +VAT;£250 +VAT;£340 + VAT;£340 +VAT;£390 +VAT;£440 +VAT;£600 + VAT;£600 +VAT;£650 +VAT;£700 +VAT;£50 +VAT;£80 +VAT,"£200 + VAT;£200 +VAT;£225 +VAT;£250 +VAT;£340 + VAT;£340 +VAT;£390 +VAT;£440 +VAT;£600 + VAT;£600 +VAT;£650 +VAT;£700 +VAT;£50 +VAT;£80 +VAT;£50,000;£",from £200;from £340;from £600,False,,,,,,2,5,form;phone,2,,0,1503
https://www.property-tax-advice.co.uk/,property-tax-advice.co.uk,https://www.property-tax-advice.co.uk/,200,,,property tax advice;property tax advisor,1,True,property tax advisor|A|1;property tax advice|B|1,homepage,Property Tax Advice | Specialist Property Tax Accountant | UK,Looking for a property accountant who will help you grow your portfolio in the most tax efficient manner? Property Tax Advice are experts and here to help.,Are you searching for the right property tax specialists for you?,1,10,"If you’re looking for a property accountant who will help you grow your portfolio in the most tax efficient manner, we can help. || Are you an aspiring property entrepreneur ? || Have you outgrown your current accountant ? || Do you and your accountant pull in different directions ? || BiteSize Tax Advice || Our industry-leading property tax specialists are always on hand to help || Real people, with real experience || Supporting you every step of the way || Value for money || Like what you've heard?",0,726,main,0,0,0,4,LocalBusiness;PostalAddress;GeoCoordinates;OpeningHoursSpecification,"LocalBusiness[telephone,address]",,0,True,False,4,False,,,,False,,,,,,5,0,phone,0,SN11 0BT,0,726
https://scottishlandlords.com/resources/suppliers-and-discounts/eq-accountants/,scottishlandlords.com,https://scottishlandlords.com/resources/suppliers-and-discounts/eq-accountants/,200,,association supplier directory profile,accountants for landlords;property tax advisor;property tax specialist,3,True,property tax advisor|A|3;accountants for landlords|B|9;property tax specialist|C|4,directory/profile,EQ Accountants - property tax specialists for landlords in Scotland - Scottish Association of Landlords (SAL),,EQ Accountants – property tax specialists for landlords in Scotland,1,0,,0,275,article,0,0,0,0,WebPage;ReadAction;ImageObject;BreadcrumbList;ListItem;WebSite;SearchAction;EntryPoint;PropertyValueSpecification,,,0,True,True,3,False,,,,False,,,,,,1,1,phone,0,EH7 4LZ,0,275
https://www.arnoldhill.co.uk/property,arnoldhill.co.uk,https://www.arnoldhill.co.uk/property-tax,200,,,property tax advice;property tax advisor;property tax specialist,4,False,property tax advisor|A|5;property tax advice|B|4;property tax specialist|C|5,service page,Property Tax Advice UK | Arnold Hill & Co LLP,"Helping you navigate through changing property tax in the UK, providing advice and tailored solutions for commercial, investment and private property.",Property Tax Advice UK || What Areas of Property Tax We Advise On,2,6,Why Choose Our UK Property Tax Accountants || Who We Help || What Our Clients Say || Property Tax Advice UK Frequently Asked Questions || Book A Free Consultation || The Latest From Our Blog,3,1443,main,7,7,0,0,,,,0,True,True,3,False,£2,£2,,False,,,,,,9,3,form;phone;booking,0,SE1 8RT,0,1443
https://rppaccounts.co.uk/our-services/taxation-planning-and-compliance/property-taxes/,rppaccounts.co.uk,https://rppaccounts.co.uk/our-services/taxation-planning-and-compliance/property-taxes/,200,,,buy to let accountant;property tax advice;property tax advisor;property tax specialist,4,False,property tax advisor|A|6;buy to let accountant|C|4;property tax advice|B|6;property tax specialist|C|7,location page,Property Tax Advice and Planning - RPP Accountants Bedford,"We offer professional property tax advice, including calculations and rates for different property types. Find out how we can help you.",Property Tax Planning,1,1,ALL OUR SERVICES,0,1297,article,0,0,0,0,WebPage;ReadAction;ImageObject;BreadcrumbList;ListItem;WebSite;SearchAction;EntryPoint;PropertyValueSpecification;AccountingService;PostalAddress;ContactPoint,"AccountingService[telephone,address,aggregateRating]",BreadcrumbList;ListItem;Thing,0,True,False,1,False,,"£20;£915;£100;£1;£17;£13,300",,False,ACCA;chartered accountant;chartered tax adviser,,,,4.8/5,9,5,form;phone,1,MK40 3JY,0,1674
https://www.affinia.co.uk/expertise/tax-planning/property-tax/,affinia.co.uk,https://www.affinia.co.uk/expertise/tax-planning/property-tax/,403,,fetch blocked: 403,,,,property tax advisor|A|10;property tax advice|B|8;property tax specialist|C|9,,,,,,,,,,,,,,,,,,,,,,,,,,,,,,,,,,,,,,
https://www.naseems.co.uk/property-accountants/,naseems.co.uk,https://www.naseems.co.uk/property-accountants/,200,,,property tax specialist,1,True,property tax specialist|A|1;property tax specialist|B|3,service page,Property Accountants & Tax advisers in UK | Naseems,"We are property accountants and tax advisers providing accounting, tax, & investment solutions for the real estate sector in UK.",Property Accountants in UK,1,15,Accountants for Property owners || Certified property accountants & tax advisers || Property tax accountants || Property accountants || Property business support || About Us || Contact Info || Important Links || Quick Links || Connect With Us || About Us || Contact Info || Important Links || Quick Links || Connect With Us,4,1138,body,0,0,0,1,WebPage;ReadAction;ImageObject;BreadcrumbList;ListItem;WebSite;SearchAction;EntryPoint;PropertyValueSpecification;Organization;hentry;LocalBusiness;PostalAddress,"Organization[] | LocalBusiness[telephone,address]",,0,True,False,3,False,,,,False,,,trustindex,,,15,9,form;phone;booking;chat/whatsapp;quote,2,B12 8AF,0,1138
https://www.hayvenhursts.co.uk/services/property-tax/,hayvenhursts.co.uk,https://www.hayvenhursts.co.uk/services/property-tax/,200,,,property tax specialist,4,False,property tax specialist|A|4;property tax specialist|B|4,service page,Property Tax Specialists UK | Hayvenhursts,"Property tax advice for landlords, developers and investors from experienced property tax accountants.",UK Property Tax,1,7,We Keep Your Finances Running Smoothly || Next Step: || Everything You Should Know About UK Property Tax || Choosing a Service || Useful Resources || Free Initial Consultation || Request a Callback,8,2043,main,0,0,0,0,WebPage;ReadAction;ImageObject;BreadcrumbList;ListItem;WebSite;SearchAction;EntryPoint;PropertyValueSpecification,,,0,True,True,4,False,,"£250,000;£250,000,;£500,000;£425,000,",,False,,,,,,4,3,form;phone,2,CF3 0LT,0,2860
https://www.youtube.com/watch?v=icjk8Gspv5I,youtube.com,,,youtube,,,,,property tax specialist|A|5;property tax specialist|B|6,,,,,,,,,,,,,,,,,,,,,,,,,,,,,,,,,,,,,,
https://www.mjsupport.co.uk/property-tax-adviser-and-consultant/,mjsupport.co.uk,https://www.mjsupport.co.uk/property-tax-adviser-and-consultant/,200,,,property tax specialist,6,False,property tax specialist|A|6,location page,Property tax specialist in London- Property Capital gains tax,"Property tax specialists in London: capital gains tax, rental income, Section 24, SDLT and incorporation advice for landlords and property investors.",Property tax advisers and consultants,1,2,How we can help || Why you choose us!,4,695,main,0,0,0,0,Article;WebPage;ReadAction;ImageObject;BreadcrumbList;ListItem;WebSite;SearchAction;EntryPoint;PropertyValueSpecification;Organization;Person,Organization[],Article;Brand;BreadcrumbList;ListItem;Person;SiteNavigationElement;WPFooter;WPHeader;WPSideBar,1,True,False,0,False,,,,False,,mjsupportandco,,,,20,22,form,1,E14 5RE,0,698
https://www.bdoni.com/en-gb/services/tax/property-tax-planning,bdoni.com,https://www.bdoni.com/en-gb/services/tax/property-tax-planning,200,,,property tax specialist,7,False,property tax specialist|A|7,location page,"Property Tax Services | Belfast Accountancy Firm | BDO NI
 - BDO",We provide bespoke solutions to maximise the tax efficiency of our clients’ property development and investment activities.,Property Tax Planning || Property Tax Planning,2,0,,0,119,body,0,0,0,0,Service,Service[],,0,False,False,0,False,,,,False,,,,,,3,0,,0,,0,119
https://www.youtube.com/watch?v=Ze1ZEllNQRQ,youtube.com,,,youtube,,,,,property tax specialist|A|8;property tax specialist|B|9,,,,,,,,,,,,,,,,,,,,,,,,,,,,,,,,,,,,,,
https://www.provestor.co.uk/,provestor.co.uk,https://www.provestor.co.uk/,200,,,accountant for property investors,3,True,accountant for property investors|A|3;accountant for property investors|B|3,homepage,Property Tax Made Easy for Landlords | Provestor,"Set up your company, stay compliant, and file with confidence. Provestor makes property tax simple, smart, and stress-free for landlords.",,1,1,Get your property tax sorted today,0,987,main,0,0,0,0,,,,0,True,True,1,False,,£6,,False,FCA,,,,,6,0,form;phone;booking,0,,0,1000
https://nuvo.co.uk/blog/best-accountant-for-property-investors/,nuvo.co.uk,https://nuvo.co.uk/blog/best-accountant-for-property-investors/,200,,,accountant for property investors;specialist property accountant,6,False,accountant for property investors|A|6;accountant for property investors|B|6;specialist property accountant|B|6,guide,Best Accountant for Property Investors Explained | Nuvo Accountancy,Learn how to find the best accountant for property investors and improve your financial outcomes with expert guidance.,What’s the Best Accountant for Property Investors? Avoid This Costly Mistake,1,6,"Common Mistakes General Accountants Make || Other Tax Opportunities Generalists Miss || Why Property Needs a Different Kind of Accountant || Real-World Example: The £5,000 Mortgage Fee Write-Off || What a Specialist Property Accountant Should Offer || When to Switch Accountants",20,720,article,0,0,0,0,Article;WebPage;ReadAction;ImageObject;BreadcrumbList;ListItem;WebSite;SearchAction;EntryPoint;PropertyValueSpecification;Organization;QuantitativeValue;Person,Organization[],,0,True,False,1,False,"£5,000;£1,500","£5,000;£1,500;£6,000;£2,400;£50",,False,,Chris Littlewood,,,,27,0,phone;booking,0,DE21 5EL,0,830
https://pearllemonaccountants.com/top-accountants-for-property-investors-london/,pearllemonaccountants.com,https://pearllemonaccountants.com/top-accountants-for-property-investors-london/,200,,,accountant for property investors;property accountants;property accountants near me,5,False,accountant for property investors|A|8;property accountants near me|A|7;property accountants|B|5;property accountants|C|5;accountant for property investors|B|8,listicle,Accountants for Property Investors London | 10 Firms,"Compare accountants for property investors in London for portfolio tax, company structures, CGT, bookkeeping and property accounting.",Accountants for Property Investors in London: 10 Specialist Firms,1,14,"Choosing an Accountant for a Property Portfolio || Property-investor accountant checklist: structure, tax and reporting || 1. Pearl Lemon Accountants || 2. Gerald Edelman || 3. DNS Associates || 4. SRLV Accountants || 5. UK Landlord Tax || 6. Perrys Accountants || 7. Fortis Accountants || 8. Nuoptima || 9. Haines Watts || 10. Braant Accountants || FAQs || Ready to Work with the Best Accountants for Property Investors in London?",14,1774,body,5,5,0,2,Organization;ImageObject;WebSite;BreadcrumbList;ListItem;WebPage;Person;BlogPosting,Organization[],,0,True,True,9,False,,,,False,,Pearl Lemon Team,trustpilot,,,9,0,form;phone;booking;chat/whatsapp,3,WC2A 1EN,0,1774
https://www.championgroup.co.uk/services/property/,championgroup.co.uk,https://www.championgroup.co.uk/services/property/,200,,,accountant for property investors,9,False,accountant for property investors|A|9;accountant for property investors|B|9,service page,Property - Champion Accountants,,Property,1,6,"Accountants for property investors || WHAT OUR CLIENTS SAY... || WHAT OUR CLIENTS SAY... || WHAT OUR CLIENTS SAY... || WHAT OUR CLIENTS SAY... || For more information about how champion accountants can help,",7,1133,main,0,0,0,1,WebPage;ReadAction;ImageObject;BreadcrumbList;ListItem;WebSite;SearchAction;EntryPoint;PropertyValueSpecification;Organization,Organization[],,0,True,True,12,False,,,,False,,,,,,1,0,form;phone,1,,0,1233
https://www.nortonaccountancy.co.uk/property-tax-cardiff-specialist-property-accountants/,nortonaccountancy.co.uk,https://www.nortonaccountancy.co.uk/property-tax-cardiff-specialist-property-accountants/,403,,fetch blocked: 403,,,,specialist property accountant|A|4;property tax advisor|B|6,,,,,,,,,,,,,,,,,,,,,,,,,,,,,,,,,,,,,,
https://gmprofessionalaccountants.co.uk/accounting-services/property-accountants/,gmprofessionalaccountants.co.uk,https://gmprofessionalaccountants.co.uk/accounting-services/property-accountants/,200,,,property accountants near me,2,True,property accountants near me|A|2;property accountants near me|B|2;property accountants near me|C|2,location page,Property Accountants in London & Property Tax Specialists,Get Expert Property Accountants in London & Property Tax Specialists for companies in the UK. Offering property business accounting and tax planning.,Property Accountants in London,1,8,"What Are Property Accountants in London? || How Do Property Accountants in London Work? || What Do Property Accountants Cost, and What Tax Applies in 2026/27? || Case Study: A London Buy-to-Let Portfolio || What Mistakes Do London Landlords Commonly Make? || Checklist: Before Your Property Accountant Review || Frequently Asked Questions || Key Takeaways",15,2172,main,10,10,9,16,BreadcrumbList;ListItem;Organization;QuantitativeValue;ImageObject;WebPage;WebSite;AccountingService;PostalAddress;OpeningHoursSpecification;Article;Person;FAQPage;Question;Answer,"Organization[telephone] | Organization[] | AccountingService[telephone,address] | AccountingService[telephone,address,areaServed]",,0,True,True,2,True,£200;£450;£600;£350;£900,"£200;£450;£600;£350;£500;£900;£1,200;£1,800;£50,000;£250,000,;£30,000;£20,000;£6,800;£4,200;£18,000;£50,000,",,True,AAT,Sharaz Zaman,trustpilot;yell.com,150+ five-star reviews,,8,1,form;phone,0,,11,2181
https://www.knowleswarwick.com/who-we-help/property-landlords-accountants/,knowleswarwick.com,https://www.knowleswarwick.com/who-we-help/property-landlords-accountants/,no response (connection dropped),,fetch blocked: no response (connection dropped),,,,property accountants near me|A|3;property accountants|B|2;property accountants|C|2;property accountants near me|C|6,,,,,,,,,,,,,,,,,,,,,,,,,,,,,,,,,,,,,,
https://www.bsassociate.co.uk/property-accountant-southampton.php,bsassociate.co.uk,https://www.bsassociate.co.uk/property-accountant-southampton.php,200,,,property accountants near me;specialist property accountant,3,True,property accountants near me|A|4;specialist property accountant|B|3;property accountants near me|B|4;property accountants near me|C|4,location page,Property Accountant Southampton | Brayan & Spencer Associates,Property Accountant Southampton - Brayan & Spencer Associates,Property Accountant Southampton,1,2,Property Accountant Southampton || Request A Call Back,1,136,body,0,0,0,0,LocalBusiness;PostalAddress;Product;Brand;Review;Rating;Person;AggregateRating,"LocalBusiness[telephone,address,priceRange]",,0,True,True,3,False,,,,False,,Brayan & Spencer Associates Ltd.,,,4.9/1225,3,8,form;phone;chat/whatsapp,2,KT16 9BE;TN23 6LN;HP1 1LE,0,136
https://www.yorkrla.co.uk/service-providers-directory/service-providers-directory?sp=1,yorkrla.co.uk,https://www.yorkrla.co.uk/service-providers-directory/service-providers-directory?sp=1,200,,association service-provider directory,property accountants near me,5,False,property accountants near me|A|5;property accountants near me|B|5;property accountants near me|C|5,directory/profile,York Residential Landlords Association - Service Providers Directory,,Directory of Recognised Service Providers,1,0,,0,594,main,0,0,0,0,,,,0,True,True,1,False,,,,False,chartered accountant,,,,,3,4,form;phone,1,YO10 5GA,0,600
https://kenbellaccounting.co.uk/property-accountant-birmingham/,kenbellaccounting.co.uk,https://kenbellaccounting.co.uk/property-accountant-birmingham/,200,,,property accountants near me,6,False,property accountants near me|A|6;property accountants near me|C|7,location page,Property Accountant Birmingham - Ken Bell Accounting,"Property  Accountants in Birmingham Our Property Accountant Services 

We offer a variety of property accounting services that help our clients keep track of and verify the integrity of their real estate investments. More specifically we help our clients:

Manage their books: We help our clients track the flow of cash through their properties and reconcile",Property Accountant Birmingham . || Book a Free Consultation,2,10,Property  Accountants in Birmingham || Our Property Accountant Services || Book a Free Consultation || Property Accounting Strategies That Actually Work || How does compare Ken Bell to other accountants ? || Get a personal consultation . || Get a personal consultation . || Our Office || Contact Us || Opening Hours,5,971,main,0,0,0,1,WebPage;ReadAction;ImageObject;BreadcrumbList;ListItem;WebSite;SearchAction;EntryPoint;PropertyValueSpecification;Rating,,,0,True,True,5,False,,,,False,ICAEW;chartered accountant,,,,,9,0,phone;booking,0,B90 8AG,0,1041
https://www.dnsassociates.co.uk/property-tax-accountants-in-warwick,dnsassociates.co.uk,https://www.dnsassociates.co.uk/property-tax-accountants-in-warwick,200,,,property accountants near me,8,False,property accountants near me|A|8,location page,Property tax accountants advisor in Warwick,"dns accountants in Warwick is a trusted firm of property tax advisers for landlords, property investors, developers & traders in Warwick . Get genuine advice from a leading firm of property tax accountants today!",Property tax accountants in Warwick,1,7,Our services for landlords || Specialist property accounting services Warwick || Tax management and professional services for landlords and property owners || Save tax with advice from our property tax team || Speak to the property accounting experts today! || Trusted reviews || Free Business Software!,5,1136,body,6,0,6,0,WebSite;SearchAction;WebPage;ReadAction;BreadcrumbList;ListItem;FAQPage;Question;Answer,,,0,True,False,4,False,,,,False,,,feefo;trustpilot,,,13,1,form;phone;booking;chat/whatsapp,4,HA3 8DP,0,1136
https://fhpaccounting.co.uk/property-accountants-what-they-do-and-when-you-need-one-for-effective-financial-management/,fhpaccounting.co.uk,https://fhpaccounting.co.uk/property-accountants-what-they-do-and-when-you-need-one-for-effective-financial-management/,200,,,property accountant,3,True,property accountant|B|3,guide,Property Accountants: What They Do and When You Need One for Effective Financial Management :,,Property Accountants: What They Do and When You Need One for Effective Financial Management,1,11,"Role and Responsibilities of Property Accountants || Need Expert Accounting Advice? || Specialist Tax Advisory and Compliance || When to Hire a Property Accountant || Choosing the Right Property Accountant || Frequently Asked Questions || Need Expert Accounting Advice? || News || What Companies House identity checks mean for directors || Why sole traders earning over £50,000 need digital record systems in place ahead of April deadlines || Why mixing company and personal funds costs UK directors",20,2058,main,7,7,0,8,Article;WebPage;ReadAction;ImageObject;BreadcrumbList;ListItem;WebSite;SearchAction;EntryPoint;PropertyValueSpecification;Person,,Blog;BlogPosting;ImageObject;InteractionCounter;Organization;Person;WebPage,0,True,False,2,False,,"£50,270",,False,ACA;ACCA;CIMA;ICAEW,Kellee Quigley,trustpilot,,,21,7,form;phone;booking,0,NG1 5BG,0,2218
https://www.thetaxguys.co.uk/knowledge-base/what-does-a-property-accountant-do/,thetaxguys.co.uk,https://www.thetaxguys.co.uk/knowledge-base/what-does-a-property-accountant-do/,200,,,property accountant,8,False,property accountant|C|8,guide,What Does A Property Accountant Do - The Tax Guys,"Navigating the world of property management involves many roles, and one key player is the property accountant. But what does a property accountant do? In",What Does A Property Accountant Do,1,6,Knowledge Base || Introduction to Property Accounting || Daily Tasks of a Property Accountant || Skills and Qualifications Required || Challenges in Property Accounting || Future of Property Accounting,15,2419,article,0,0,0,0,WebPage;ReadAction;BreadcrumbList;ListItem;WebSite;SearchAction;EntryPoint;PropertyValueSpecification;Organization;ImageObject,Organization[],,0,True,False,2,False,,,,False,ACCA;CIMA;chartered accountant,,,,,0,0,phone,0,SW18 4GQ;W3 9BD,0,2992
https://www.ukpropertyaccountants.co.uk/services/,ukpropertyaccountants.co.uk,https://www.ukpropertyaccountants.co.uk/services/,200,,,property accountants,3,True,property accountants|B|3;property accountants|C|3,service page,Property Accounting & Tax Advisory Services,Searching for accountancy firms for your property business? Search no more! Presenting a wide range of accounting services tailored to your need.,Property Accounting & Tax Advisory Services,1,5,Our Primary Services || Our Forte || Our Approach || Introducing RentalBux : Our MTD Software for Landlords || Confused where to start?,0,1564,body,0,0,0,1,WebPage;ReadAction;ImageObject;BreadcrumbList;ListItem;WebSite;SearchAction;EntryPoint;PropertyValueSpecification;Organization;Review;Person;Rating,Organization[],,0,True,True,4,False,,"£500,000;£6",,False,chartered tax adviser,Customer,ti-widget;trustpilot,470+ reviews,,55,2,form;phone;chat/whatsapp,0,EC2M 7AQ,0,1564
https://mypropertyaccountant.co.uk/,mypropertyaccountant.co.uk,https://mypropertyaccountant.co.uk/,200,,,property accountants,4,False,property accountants|B|4;property accountants|C|4,homepage,Property Accountant | Specialist Tax for Landlords & Property Investors,"Specialist property accountants for landlords, property investors and short-term let hosts. Tax returns, capital gains tax, incorporation and more on fixed fees.","My Property Accountant Specialist property accountants for landlords, property investors and short-term let hosts",1,23,"Our Property Accountant Services || Why choose a property accountant || Who We Help || Residential || Residential || Holiday Lets || Holiday Lets || Developments || Developments || Prop trades || Prop trades || As property accountants, these are the questions we get asked the most || (01) / How much does a property accountant cost? || (02) / Do I need a property accountant for my buy-to-let? || (03) / How can landlords reduce the 40% tax on rental income? || (04) / Do landlords need to complete a tax return? || (05) / How does HMRC know about rental income? || (06) / What can I claim tax relief on as a landlord? || (07) / How is tax changing for landlords in 2026? || What our clients are saying || Book a Free Call with Michaela || Plain answers on the tax that costs property investors money || Michaela Christou",4,1688,main,8,8,7,7,FAQPage;Question;Answer;AccountingService;PostalAddress;Country;OpeningHoursSpecification;Person,"AccountingService[telephone,address,areaServed]",,0,True,False,1,True,£350,"£3,000;£20,000;£350;£1,000;£1,000,;£50,000;£30,000",,False,chartered accountant,Michaela Christou,,,,10,4,phone;booking,0,W2 1AS,0,1688
https://www.youtube.com/watch?v=Y1NykA-FNI4,youtube.com,,,youtube,,,,,property accountants|B|6;property accountants|C|7,,,,,,,,,,,,,,,,,,,,,,,,,,,,,,,,,,,,,,
https://odaccountants.co.uk/locations/property-accountants-in-london/,odaccountants.co.uk,https://odaccountants.co.uk/locations/property-accountants-in-london/,200,,,property accountants,9,False,property accountants|B|9,location page,Property Accountants in London - OD Accountants,,"Property Accountants in London || Property accounting in London, done properly.",2,10,"Get a free quote || Property tax is complicated. Most accountants treat it as an afterthought. || What property and business clients say || Three things your fee covers || Clients across a decade, still here || What separates a property accountant from a generalist || Up and running in four steps || Things property clients usually ask first || Related resources for property clients || Less guessing about your property tax. More certainty.",11,2070,main,0,0,0,0,WebPage;ReadAction;ImageObject;BreadcrumbList;ListItem;WebSite;SearchAction;EntryPoint;PropertyValueSpecification;ProfessionalService;PostalAddress;AggregateRating,"ProfessionalService[address,aggregateRating]",CreativeWork;SiteNavigationElement;WPFooter;WPHeader;WebPage,0,False,False,1,False,,,,True,FCMA,,,,4.8/18,8,1,phone;booking;quote,0,,0,2085
https://www.andpal.co.uk/services/services-for-individuals/landlords,andpal.co.uk,https://www.andpal.co.uk/services/services-for-individuals/landlords,200,,,landlord accountant,5,False,landlord accountant|B|5,location page,Andrews and Palmer - Landlord Accountants Gillingham Dorset | Andrews Palmer,Andrews & Palmer provide specialist landlord accounting and tax advice in Gillingham SP8 and Sturminster Newton. Expert buy-to-let tax planning across Dorset.,Landlords,1,5,Landlord tax return || Allowable expenses for landlords || Capital gains tax on property || Holiday property tax || Rental property tax specialists,4,619,body,0,0,0,0,,,Article,0,True,True,0,False,,,,False,ICAEW,,,,,0,3,,0,SP8 4AR;DT10 1FG,0,619
https://uklandlordtax.co.uk/,uklandlordtax.co.uk,https://uklandlordtax.co.uk/,200,,,accountants for landlords,1,True,accountants for landlords|B|1,homepage,Property Tax Accountants For Landlords - UK Landlord Tax,"Specialist property tax accountants for UK landlords. Self Assessment filed accurately, allowable expenses claimed and tax kept as low as possible.",Accountants for Landlords and that's it.,1,1,Our landlord tax experts can help,15,1010,body,0,0,0,1,SiteNavigationElement;WebSite;ProfessionalService;PostalAddress;Place;Offer;Service;GeoCoordinates;Organization;Person;PropertyValue;ContactPoint,"ProfessionalService[telephone,address,areaServed] | Service[areaServed] | Organization[telephone,address]",,0,True,True,5,False,,,,False,,S S Thandi,,,,24,0,form;phone,0,WV10 9TG,0,1010
https://www.pkb.co.uk/clients/landlords-property-owners/,pkb.co.uk,https://www.pkb.co.uk/clients/landlords-property-owners/,200,,,accountants for landlords,2,True,accountants for landlords|B|2,service page,Landlord Accountants - Accounts For Landlords | PKB Accountants,Landlords & Property Owners: We explain how PKB can advise you on how to get the most out of your properties,Landlords & Property Owners,1,0,,7,813,article,0,0,0,6,WebPage;ReadAction;BreadcrumbList;ListItem;WebSite;SearchAction;EntryPoint;PropertyValueSpecification,,,0,True,False,2,False,,"£50,000;£30,000;£20,000",,False,,,google-reviews,,,15,0,form;phone,0,RG45 7AW,0,820
https://www.dnsassociates.co.uk/landlord-property-tax,dnsassociates.co.uk,https://www.dnsassociates.co.uk/landlord-property-tax,200,,,accountants for landlords,4,False,accountants for landlords|B|4,service page,Accountants for Landlords | Protect Your Rental Income | dns accountants,"Get expert landlord property tax advice from dns associates. We help UK landlords minimise tax, stay compliant, and maximise rental income.",Accountants for Landlords Protect Your Rental Income,1,17,Landlord property tax accountants || Landlord Tax Guide || What Is Income from House Property? || How Can We Help? || Stamp Duty on Property Purchases || Income Tax on Rental Income || Introducing Nomi all-in-one business software || How we help landlords || Our Services for Landlords || We take care of... || Your path to easy accounting… || Our packages || Sign up in 3 easy steps || Award-winning experts trusted by many || Does HMRC investigate landlords? || Still have questions? || Free Business Software!,1,4673,body,15,15,9,4,BreadcrumbList;ListItem;Service;Organization;Country;Audience;OfferCatalog;Offer;ContactPoint;FAQPage;Question;Answer,"Service[areaServed,hasOfferCatalog] | Organization[telephone] | Service[]",,0,True,False,29,False,£20,£20;£85;£120;£200;£150;£500,,False,,,feefo;trustpilot,,,12,2,form;phone;booking;chat/whatsapp,4,HA3 8DP,0,4673
https://fhpaccounting.co.uk/landlord-accountant/,fhpaccounting.co.uk,https://fhpaccounting.co.uk/landlord-accountant/,200,,,accountants for landlords,5,False,accountants for landlords|B|5,location page,Landlord Accountants in Nottingham :,Professional landlord accountants offering advice and services for property investors. Optimise your returns and stay compliant with our buy to let accountants.,Landlord Accountants in Nottingham,1,5,"Buy-to-let Accountant || News || What Companies House identity checks mean for directors || Why sole traders earning over £50,000 need digital record systems in place ahead of April deadlines || Why mixing company and personal funds costs UK directors",10,962,body,4,4,0,4,WebPage;ReadAction;BreadcrumbList;ListItem;WebSite;SearchAction;EntryPoint;PropertyValueSpecification,,Blog;BlogPosting;ImageObject;InteractionCounter;Organization;Person;WebPage,0,True,False,2,False,,"£50,000",,False,,,trustpilot,,,4,0,form;phone;booking,0,NG1 5BG,0,962
https://www.a4g-llp.co.uk/accountants-for-landlords,a4g-llp.co.uk,https://www.a4g-llp.co.uk/accountants-for-landlords,200,,,accountants for landlords,6,False,accountants for landlords|B|6,location page,"Accountants for Landlords - A4G LLP | Kent, London & South East","We’re accountants for landlords servicing landlords in Kent and London. Whether you are taking those first steps towards becoming a landlord or have an existing portfolio, having a property specialist accountant on your side will make the process smoother.",Accountants for Landlords,1,10,"We believe that great accountancy is more than just the numbers, it’s about providing invaluable advice. || How we can help you || Frequently asked questions || Related articles || Incorporation Relief – Transferring Property into a Limited Company or LLP || Buy-to-let tax: How much will I pay and is it all worth... || Consider these 5 things before you invest in a buy-to-let property || Everything Landlords need to know about the Annual Tax on Enveloped Dwellings... || New Capital Gains Tax rules on disposal of your UK property || Meet your specialist",0,2048,main,12,12,0,0,WebPage;ReadAction;BreadcrumbList;ListItem;WebSite;SearchAction;EntryPoint;PropertyValueSpecification;Organization;ImageObject,Organization[],,0,True,False,4,False,,,,True,ATT;CTA;FCA;chartered accountant,,,,,6,0,form;phone,2,TN15 7RS,1,2075
https://www.dnsassociates.co.uk/property-tax-accountants-in-newcastle,dnsassociates.co.uk,https://www.dnsassociates.co.uk/property-tax-accountants-in-newcastle,200,,,accountants for landlords,3,True,accountants for landlords|C|3,location page,Property tax accountants advisor inNewcastle,"dns accountants inNewcastleis a trusted firm of property tax advisers for landlords, property investors, developers & traders inNewcastle. Get genuine advice from a leading firm of property tax accountants today!",Property tax accountants in Newcastle,1,6,Our services for landlords || Specialist property accounting services Newcastle || Tax management and professional services for landlords and property owners || Speak to the property accounting experts today! || Trusted reviews || Free Business Software!,6,1497,body,6,6,6,0,WebSite;SearchAction;WebPage;ReadAction;BreadcrumbList;ListItem;FAQPage;Question;Answer,,,0,True,False,4,False,,,,False,,,feefo;trustpilot,,,17,1,form;phone;booking;chat/whatsapp,4,HA3 8DP,0,1497
https://www.ac-accounts.co.uk/services/tax/property/,ac-accounts.co.uk,https://www.ac-accounts.co.uk/services/tax/property/,200,,,accountants for landlords,5,False,accountants for landlords|C|5,location page,Property Accountant Manchester - For Landlords & Investors,"For 30 years, our accountants have helped clients buy, sell & rent properties in Manchester. Book a free consultation for property tax advice.",Property Accountant Manchester,1,9,How can we help? || Support for landlords & property investors || Why choose A&C for property tax advice? || FAQs || Case study || Contact us || What happens next? || Related resources || Related services,19,2784,body,13,13,0,14,SiteNavigationElement;WebPage;Service;Country;BusinessAudience,Service[areaServed],,0,True,True,3,False,,"£20,000;£8,000;£200,000,;£200,000;£7,500;£7,500,;£500,000;£500,000,",,False,chartered accountant,,ti-widget;trustindex,100+ Google Reviews;115 reviews,,15,0,form;phone;booking,1,M2 4LQ;M33 3HP,0,2784
https://www.dnsassociates.co.uk/property-tax-accountants-in-cardiff,dnsassociates.co.uk,https://www.dnsassociates.co.uk/property-tax-accountants-in-cardiff,200,,,accountants for landlords,7,False,accountants for landlords|C|7,location page,Property tax accountants advisor inCardiff,"dns accountants inCardiffis a trusted firm of property tax advisers for landlords, property investors, developers & traders inCardiff. Get genuine advice from a leading firm of property tax accountants today!",Property tax accountants in Cardiff,1,6,Our services for landlords || Specialist property accounting services Cardiff || Tax management and professional services for landlords and property owners || Speak to the property accounting experts today! || Trusted reviews || Free Business Software!,6,1497,body,6,6,6,0,WebSite;SearchAction;WebPage;ReadAction;BreadcrumbList;ListItem;FAQPage;Question;Answer,,,0,True,False,4,False,,,,False,,,feefo;trustpilot,,,17,1,form;phone;booking;chat/whatsapp,4,HA3 8DP,0,1497
https://aphaccountants.co.uk/services/landlord-accountants-wirral/,aphaccountants.co.uk,https://aphaccountants.co.uk/services/landlord-accountants-wirral/,200,,,accountants for landlords,9,False,accountants for landlords|C|9,location page,Accountants for Landlords Wirral | Property Tax Specialists | APH,"Specialist landlord accountants across Wirral. Buy to let tax, rental property accounting, capital gains, mortgage interest relief.",Accountants for Landlords in Wirral,1,9,Why Landlords Choose APH || Our Landlord Accounting Services || What Landlords Say || Landlords We Support || Understanding Landlord Taxation || Common Landlord Tax Challenges || Frequently Asked Questions || Visit Our Wirral Office || Contact Us,1,1053,main,7,7,0,0,SiteNavigationElement,,,0,True,True,2,True,£250;£400,£250;£400,,False,,,trustpilot,,,35,1,form;phone;booking;chat/whatsapp,2,CH45 3LR,0,1055
https://www.teessideaccountants.co.uk/landlords-property/,teessideaccountants.co.uk,https://www.teessideaccountants.co.uk/landlords-property/,200,,,buy to let accountant,2,True,buy to let accountant|C|2,service page,Landlords and Property,,Landlords and Property,1,0,,0,265,main,0,0,0,0,,,,0,True,True,0,False,,,,False,,,,,,1,0,,0,TS17 6EN,0,268
https://www.linkedin.com/posts/financial-service-solutions-ltd_landlords-portfoliolandlords-mortgages-activity-7352006933354008576-WzAF,linkedin.com,,,linkedin (login wall),,,,,buy to let accountant|C|3,,,,,,,,,,,,,,,,,,,,,,,,,,,,,,,,,,,,,,
https://www.jamestoddandco.co.uk/consult-a-landlord-accountant/,jamestoddandco.co.uk,https://www.jamestoddandco.co.uk/consult-a-landlord-accountant/,200,,,buy to let accountant,5,False,buy to let accountant|C|5,guide,Top Reasons to Consult a Landlord Accountant Before Adjusting Your Property Portfolio,"An experienced landlord accountant can provide invaluable support, guidance and assistance for any landlord.",Top Reasons to Consult a Landlord Accountant Before Adjusting Your Property Portfolio,1,3,What Areas Can Landlord Accounting Services Help With? || How Is a Specialist Landlord Accountant Better Able to Assist Property Businesses and Professionals? || Learn More About Specialist Landlord Accountancy Services,4,1114,article,0,0,0,2,Organization;ImageObject;WebSite;BreadcrumbList;ListItem;WebPage;Person;BlogPosting,Organization[],,0,True,False,1,False,,,,False,ICAEW;chartered accountant,James Todd &#038; Co,,,,17,1,phone,0,PO20 2EW;PO16 7JH,0,1114
https://arb.accountants/landlords/,arb.accountants,https://arb.accountants/landlords/,200,,,buy to let accountant,6,False,buy to let accountant|C|6,location page,Buy to Let Accountant Services for Landlords | ARB Accountants,"Looking for a buy to let accountant? ARB offers expert tax advice, bookkeeping & rental property accounting for landlords. Book your free consultation today.",Buy to Let Accountants in Southend,1,10,"Landlords, Done Right Every Time || Accountants for Landlords Across Every Portfolio Size || What's Included || How to Get Started || Why Choose ARB Accountants || What Our Clients Say on Google || Who We Help: Accountants in Essex for Every Business Type || Frequently Asked Questions || Get a Quote Today || Ready to Work with Southend Accountants You Can Rely On?",19,1268,main,7,7,6,2,Service;AccountingService;Country;FAQPage;Question;Answer,Service[areaServed] | AccountingService[],,0,True,False,7,False,,,,False,ACCA,,,80+ reviews;85+ Google Reviews;80+ Google Reviews,,13,1,form;phone;booking;quote,1,SS0 7BX;WC2A 2JR,0,1276
https://www.kwaccountingsolutions.co.uk/factsheets/personal-tax/property-investment-buy-to-let,kwaccountingsolutions.co.uk,https://www.kwaccountingsolutions.co.uk/factsheets/personal-tax/property-investment-buy-to-let,403,,fetch blocked: 403,,,,buy to let accountant|C|7,,,,,,,,,,,,,,,,,,,,,,,,,,,,,,,,,,,,,,
https://www.hartshaw.co.uk/services/tax-advisory/personal/property,hartshaw.co.uk,https://www.hartshaw.co.uk/services/tax-advisory/personal/property,403,,fetch blocked: 403,,,,property tax advice|B|7,,,,,,,,,,,,,,,,,,,,,,,,,,,,,,,,,,,,,,
https://ctatax.uk.com/,ctatax.uk.com,https://ctatax.uk.com/,200,,,property tax advisor,1,True,property tax advisor|B|2;property tax advisor|C|1,homepage,Cornerstone Tax - The UK's leading property tax advisers,"Since 2006, we've helped thousands of developers, investors, and property professionals on all things Stamp Duty Land Tax (SDLT)","Property Tax, Properly Done.",1,8,"Established in 2006 || Every property & every purchaser is unique –
      and so are the tax challenges that come with each transaction. || Who we help || Why Choose LWC Cornerstone || Frequently Asked Questions || Press & Features || Notable Cases || Enquire Today",26,1414,body,8,8,8,8,Organization;ImageObject;WebSite;SearchAction;WebPage;ProfessionalService;PostalAddress;FAQPage;Question;Answer,"Organization[] | ProfessionalService[telephone,address,areaServed]",,0,True,False,3,False,,"£225,000;£27,000;£3;£250,000",,False,,,,,,11,2,form;phone,0,LE8 0EX,0,1414
https://www.dnsassociates.co.uk/property-tax-accountants-in-central-london,dnsassociates.co.uk,https://www.dnsassociates.co.uk/property-tax-accountants-in-central-london,200,,,property tax advisor,4,False,property tax advisor|B|5;property tax advisor|C|4,location page,Property tax accountants advisor in Central London | dns accountants,"dns accountants in Central London is a trusted firm of property tax advisers for landlords, property investors, developers & traders in Central London. Get genuine advice from a leading firm of property tax accountants today!",Property Tax Accountants in Central London,1,8,Our services for landlords || Specialist property accounting services || Accountants for property developers || Tax management and professional services for landlords and property owners || Save tax with advice from our property tax team || Trusted reviews || Frequently asked questions for property tax accountants in central london || Free Business Software!,4,1344,body,8,6,8,0,FAQPage;Question;Answer;BreadcrumbList;ListItem,,,0,True,False,4,False,,,,False,,,feefo;trustpilot,,,9,0,form;phone;booking;chat/whatsapp,4,HA3 8DP,0,1344
https://www.rsmuk.com/what-we-offer/services/tax/corporate-tax/property-tax,rsmuk.com,https://www.rsmuk.com/what-we-offer/services/tax/corporate-tax/property-tax,200,,,property tax advisor,5,False,property tax advisor|B|7;property tax advisor|C|5,service page,Property tax consultants - real estate tax | RSM UK,"At RSM, our property team will help you navigate complex UK property tax laws and find the right ownership structure for you. Find out more about our property tax experts.",Property tax,1,3,How our property tax team can help || Contact our property tax specialists || Related insights,0,636,main,0,0,0,0,,,,0,False,False,0,False,,,,False,,,,,,5,0,,0,,0,636
https://www.mmba.co.uk/blog/property-tax-specialist-value/,mmba.co.uk,https://www.mmba.co.uk/blog/property-tax-specialist-value/,200,,,property tax advisor;property tax specialist,7,False,property tax advisor|C|7;property tax specialist|C|8,guide,How a Property Tax Specialist Adds Value to Your finance,Discover how a property tax specialist can add significant value to your financial growth and enhance your savings strategy.,The Art of Savings – How a Property Tax Specialist Adds Value,1,13,Understanding the Role of Property Tax Specialist in the UK || Maximising your Wealth – The Art of Savings || Separate Business and Personal Finances || Select Strategies for Confident Investment || Emergency Funds || Effective Debt Management || Inheritance Tax Exemption – Gift || Effective Cash Flow Management for Property Tax Optimisation/ Reduction || Maximising Savings through Expert Property Tax Advice || Building an Advisory Relationship with Property Tax Specialists/ Real Estate Accountants || Role of MMBA in Developing Best Practices for Saving Property Tax || Are You Looking For Property Tax Speacialist || MMBA – Your Trusted Property Tax Advisors,12,1422,body,4,4,0,1,BlogPosting;ImageObject;BreadcrumbList;ListItem;Organization;QuantitativeValue;Person;WebPage;WebSite,Organization[telephone],,0,True,True,2,False,,,,True,ACCA;FCA;FCCA,Latif,,,,10,0,form;phone;quote,0,,0,1422
https://wilkinssouthworth.co.uk/property-accountant/,wilkinssouthworth.co.uk,https://wilkinssouthworth.co.uk/property-accountant/,200,,,property tax advisor,10,False,property tax advisor|C|10,location page,Property Accountant | Property Tax Accountant London,Property Accountant in London. Wilkins Southworth Specialist Property Tax Accountant. Chartered certified accountants and property tax advisers. Stamp Duty Calculator,Property Accountant,1,5,Property Accountant Services for UK Property Owners || What is a Property Tax Accountant? || Property Accountant Services || Calculate stamp duty (SDLT) in England and Northern Ireland with our Stamp Duty Calculator. || Wilkins Southworth Company Property Accountant,7,564,body,0,0,0,1,Organization;ImageObject;WebSite;BreadcrumbList;ListItem;WebPage;Person;Article,Organization[],,0,False,False,0,False,,,,False,,Chris-Wilkins,,,,1,1,form,1,,0,564
https://www.ross-brooke.co.uk/specialist-accountants-for-property-developers/,ross-brooke.co.uk,https://www.ross-brooke.co.uk/specialist-accountants-for-property-developers/,200,,,property tax specialist;specialist property accountant,5,False,property tax specialist|B|8;specialist property accountant|B|5,service page,Specialist Accountants for Property Developers - UHY Ross Brooke Chartered Accountants,"Property developers need specialist tax advisors to help them navigate their many taxes, including VAT, Stamp Duty Land Tax (SDLT), Capital Gains Tax (CGT), Construction Industry Scheme (CIS) and Corporation Tax.",Specialist Accountants for Property Developers,1,4,How We Can Help || Get in Touch || Related insights || Talk to us,60,1047,body,11,11,0,11,Article;WebPage;ReadAction;ImageObject;BreadcrumbList;ListItem;WebSite;SearchAction;EntryPoint;PropertyValueSpecification;Person;AccountingService;PostalAddress;OpeningHoursSpecification,"AccountingService[telephone,address,areaServed]",WPFooter;WPHeader,0,True,True,3,False,,,,False,ICAEW;chartered accountant,Jane L,,,,67,0,phone,0,,0,1047
https://www.haroldsharp.co.uk/sectors/property-accountants/,haroldsharp.co.uk,https://www.haroldsharp.co.uk/sectors/property-accountants/,no response (connection dropped),,fetch blocked: no response (connection dropped),,,,accountant for property investors|C|1,,,,,,,,,,,,,,,,,,,,,,,,,,,,,,,,,,,,,,
https://www.accountingpreneur.com/post/how-to-find-an-accountant-that-specialises-in-real-estate,accountingpreneur.com,https://www.accountingpreneur.com/post/how-to-find-an-accountant-that-specialises-in-real-estate,200,,,accountant for property investors,3,True,accountant for property investors|C|3,guide,How to Find an Accountant that Specialises in Real Estate - AccountingPreneur,"Are you a real estate investor or developer? If so, here's how to find a specialist property accountant for your real estate business.",How to Find an Accountant that Specialises in Real Estate,1,4,How to Find an Accountant that Specialises in Real Estate || more blog posts || our core services || get in touch with us,15,1024,main,0,0,0,1,,,,0,True,False,1,False,,,,False,,,,,,17,3,phone,0,W1T 2QG,0,1024
https://www.greenandpeter.co.uk/green-peter-property-accountants-in-london/,greenandpeter.co.uk,https://www.greenandpeter.co.uk/green-peter-property-accountants-in-london/,200,,,accountant for property investors,6,False,accountant for property investors|C|6,listicle,Property Accountants in London Top 5 Things to Know Today,"Expert property accountants in London helping investors maximise returns, cut tax bills, and stay compliant with ever-changing UK property regulations.",Why Green & Peter Are Among the Best Property Accountants in London? Top 5 Things You Need to Know Today,1,5,What Makes a Great Property Accountant in London || Green & Peter’s Core Strengths in Property Accounting || How Green & Peter Compare to Other Top Firms || Client Feedback and Real-World Impact || Getting the right property accountants in London makes all the difference,13,2090,body,0,0,0,0,Place;GeoCoordinates;PostalAddress;Organization;ImageObject;ContactPoint;WebSite;BreadcrumbList;ListItem;WebPage;Person;BlogPosting,Organization[address],Blog,0,False,False,0,False,,"£125;£5;£3,000",,False,chartered accountant,Robert Green,,,,2,1,,0,N20 9HR,0,2090
https://www.plusaccounting.co.uk/sectors/property-accountants/,plusaccounting.co.uk,https://www.plusaccounting.co.uk/sectors/property-accountants/,no response (connection dropped),,fetch blocked: no response (connection dropped),,,,accountant for property investors|C|7,,,,,,,,,,,,,,,,,,,,,,,,,,,,,,,,,,,,,,
https://spotlight-accounting.co.uk/services/property-accountants/,spotlight-accounting.co.uk,https://spotlight-accounting.co.uk/services/property-accountants/,403,,fetch blocked: 403,,,,specialist property accountant|B|1,,,,,,,,,,,,,,,,,,,,,,,,,,,,,,,,,,,,,,
https://www.ukpropertyaccountants.co.uk/top-10-property-accountants-in-the-uk/,ukpropertyaccountants.co.uk,https://www.ukpropertyaccountants.co.uk/top-10-property-accountants-in-the-uk/,200,,self-ranking listicle on ukpropertyaccountants.co.uk,specialist property accountant,2,True,specialist property accountant|B|2,listicle,Who’s the Best? Meet the Top 10 Property Accountants in the UK,"Discover top 10 property accountants in the UK for 2025. From tax savings to expert advice, find out which firms investors are raving about!",Top 10 Property Accountants for Property Investors in the UK,1,26,"1. UK Property Accountants: Where Property is the Central Focus || 2. PwC UK: Respected Brand with Wide Reach || 3. Deloitte UK: Corporate Style with High-Calibre Service || 4. Ernst & Young: Global Infrastructure, Structured Assistance || 5. KPMG UK: Institutional Depth for Complex Deals || 6. BDO UK: Expertise with Property Security || 7. Grant Thornton UK: Solid In Tax Compliance || 8. RSM UK: Wide-Ranging Services, Broader Focus || 9. Evelyn Partners: Ideal for Wealth Planning || 10. Markel Tax: Specialists in Reliefs || Conclusion: Choosing a Firm That Fits Your Needs || Want more news from UKPA? || What are the Fines for Tax Evasion in the UK || HMRC Claimed a Missing Form 17 Meant Rental Income was Split 50/50: Here’s Why it Didn’t || Ricky Gervais and Inheritance Tax: Why Marriage Can Save a Surviving Partner Millions || How to Transfer Ownership of Property to a Family Member || The Bank of England Interest Rate Stays at 3.75%. But Here’s the Catch || Deed of Gift for Property Explained for Transfering Property Ownership || What are the Fines for Tax Evasion in the UK || HMRC Claimed a Missing Form 17 Meant Rental Income was Split 50/50: Here’s Why it Didn’t || Ricky Gervais and Inheritance Tax: Why Marriage Can Save a Surviving Partner Millions || How to Transfer Ownership of Property to a Family Member || The Bank of England Interest Rate Stays at 3.75%. But Here’s the Catch || Deed of Gift for Property Explained for Transfering Property Ownership || Introducing RentalBux : Our MTD Software for Landlords || Confused where to start?",0,1399,body,0,0,0,2,Article;CommentAction;WebPage;ReadAction;ImageObject;BreadcrumbList;ListItem;WebSite;SearchAction;EntryPoint;PropertyValueSpecification;Organization;Person;Review;Rating,Organization[],BreadcrumbList;ImageObject;ListItem;Person,0,True,False,3,False,,£5;£8;£1,,False,ACCA;CTA;chartered tax adviser,UK Property Accountants;Customer,trustpilot,470+ reviews,,19,1,form;phone;chat/whatsapp,0,EC2M 7AQ,0,1399
https://haysmac.com/sectors/property/,haysmac.com,https://haysmac.com/sectors/property/,200,,,specialist property accountant,4,False,specialist property accountant|B|4,service page,Property Accountants | Property Tax Accounting Services | HaysMac,"Expert accountants for property & construction. Tailored tax planning, compliance & advisory for developers, investors & construction firms. Contact us today!",Property,1,2,"From advisory to auditing, you’ll work with a dedicated team of experienced property accountants who make you feel valued. || Faced with increased compliance, complexity and cost, property developers and investors must put the right structures in place, right from the beginning. Everything else flows from there.",5,1456,main,0,0,0,2,WebPage;ReadAction;BreadcrumbList;ListItem;WebSite;SearchAction;EntryPoint;PropertyValueSpecification;Organization;ImageObject,Organization[],,0,True,True,1,False,,,,False,,,,,,17,0,form;phone,1,,0,1467
https://www.thomsoncooper.com/sectors/landlord-property-accountants/,thomsoncooper.com,https://www.thomsoncooper.com/sectors/landlord-property-accountants/,no response (connection dropped),,fetch blocked: no response (connection dropped),,,,specialist property accountant|B|7,,,,,,,,,,,,,,,,,,,,,,,,,,,,,,,,,,,,,,
https://www.jonathanford.co.uk/landlords/three-reasons-why-you-should-choose-an-accountant-that-specialises-in-property/,jonathanford.co.uk,https://www.jonathanford.co.uk/landlords/three-reasons-why-you-should-choose-an-accountant-that-specialises-in-property/,200,,,specialist property accountant,8,False,specialist property accountant|B|8,guide,Three Reasons why you Should Choose an Accountant that Specialises in Property - Jonathan Ford & Co,Our blog looks at three key reasons why you should choose an accountant that specialises in property.,Three Reasons why you Should Choose an Accountant that Specialises in Property,1,2,Blog || John manages a wide portfolio of owner managed businesses and oversees the smooth operation of the firm’s payroll department.,5,432,body,0,0,0,0,Article;WebPage;ReadAction;BreadcrumbList;ListItem;WebSite;SearchAction;EntryPoint;PropertyValueSpecification;Organization;ImageObject;Person,Organization[],AccountingService;PostalAddress,0,True,True,3,False,,,,True,FCA;chartered accountant,John Mansley FCA,,,,8,10,form;phone;chat/whatsapp,1,L7 9NJ,0,432
https://www.facebook.com/groups/housesofmultipleoccupancy/posts/24172134932379330/,facebook.com,https://www.facebook.com/groups/housesofmultipleoccupancy/posts/24172134932379330/,400,,"Facebook group post, login wall",,,,specialist property accountant|B|9,,,,,,,,,,,,,,,,,,,,,,,,,,,,,,,,,,,,,,
https://www.watsonbuckle.co.uk/sectors/tax-for-landlords/,watsonbuckle.co.uk,https://www.watsonbuckle.co.uk/sectors/tax-for-landlords/,200,,,property accountants near me,3,True,property accountants near me|B|3,service page,"Tax for Landlords | Watson Buckle Accountants Bradford, Yorkshire",,Tax for Landlords || Ready to talk?,2,4,Why choose Watson Buckle for your accounting and tax needs? || Download our free guides || Read our latest newswire || Subscribe to our newswire,1,346,main,0,0,0,1,WebPage;ReadAction;ImageObject;BreadcrumbList;ListItem;WebSite;SearchAction;EntryPoint;PropertyValueSpecification,,,0,True,False,2,False,,,,False,chartered accountant,,,,,4,0,phone,0,BD16 1PE;E14 9SR,0,391
https://a2zaccounting.co.uk/industries/property-trades/,a2zaccounting.co.uk,https://a2zaccounting.co.uk/industries/property-trades/,200,,,property accountants near me,6,False,property accountants near me|B|6,service page,Property Development Accountant UK | Tax & Cash Flow,"Specialist accountants for property and construction businesses. Stay compliant, reduce tax, and improve cash flow with expert advice.",Property & Trades,1,11,"The UK’s Leading accounting & tax services for Property & Trades Professionals || Client Success Stories || Why A2Z Accounting Solutions? Because No One Else Comes Close. || Who We Work With || Unrivalled Services Tailored for Property & Trade Businesses || The A2Z Advantage: No Hidden Costs, No Wasted Time, Just Results || Take Your Business to the Next Level with A2Z Accounting Solutions || Testimonials || Google Review || Questions our clients ask us every day || Get an Instant Fee Estimate",0,1720,body,6,6,0,0,Article;Organization;ImageObject;BreadcrumbList;ListItem;LocalBusiness;PostalAddress;WebSite;SiteNavigationElement,"Organization[] | LocalBusiness[address,areaServed]",,0,True,True,3,True,£120+VAT,£120+VAT,,False,,,ti-widget;trustindex,76 reviews,,4,18,form;phone;booking;chat/whatsapp;quote,3,AB11 6DB,1,1720
https://www.dnsassociates.co.uk/property-tax-accountants-in-norwich,dnsassociates.co.uk,https://www.dnsassociates.co.uk/property-tax-accountants-in-norwich,200,,,property accountants near me,3,True,property accountants near me|C|3,location page,Property tax accountants advisor inNorwich,"dns accountants inNorwichis a trusted firm of property tax advisers for landlords, property investors, developers & traders inNorwich. Get genuine advice from a leading firm of property tax accountants today!",Property tax accountants in Norwich,1,6,Our services for landlords || Specialist property accounting services Norwich || Tax management and professional services for landlords and property owners || Speak to the property accounting experts today! || Trusted reviews || Free Business Software!,6,1497,body,6,6,6,0,WebSite;SearchAction;WebPage;ReadAction;BreadcrumbList;ListItem;FAQPage;Question;Answer,,,0,True,False,4,False,,,,False,,,feefo;trustpilot,,,17,1,form;phone;booking;chat/whatsapp,4,HA3 8DP,0,1497
https://finance-equation.co.uk/professional-accountants-in-ilford-hackney-hornchurch-leytonstone/,finance-equation.co.uk,https://www.finance-equation.co.uk/professional-accountants-in-ilford-hackney-hornchurch-leytonstone/,404,,HTTP 404 at fetch,,,,property accountants near me|C|9,,,,,,,,,,,,,,,,,,,,,,,,,,,,,,,,,,,,,,
