keyword,volume,cpc,kd,bucket,source
tax check vehicle,550000,0.45,,other,site:watsonknipe.co.uk
car tax enquiry,550000,0.45,,other,site:watsonknipe.co.uk
check for road tax,550000,0.45,,other,site:watsonknipe.co.uk
tax my car check,550000,0.45,,other,site:watsonknipe.co.uk
council tax,368000,2.14,,other,seed:property company tax
check my tax and mot,301000,0.57,,other,site:watsonknipe.co.uk
is a vehicle taxed,301000,0.64,,other,site:watsonknipe.co.uk
check mot and tax,301000,0.38,,other,seed:property company tax;site:watsonknipe.co.uk
tax check,301000,1.67,,other,site:watsonknipe.co.uk
car mot tax check,301000,0.57,,other,site:watsonknipe.co.uk
car mot tax checker,301000,0.57,,other,site:watsonknipe.co.uk
mot road tax check,301000,0.57,,other,site:watsonknipe.co.uk
mot checker and tax,301000,0.38,,other,site:watsonknipe.co.uk
check mot tax uk,301000,0.38,,other,site:watsonknipe.co.uk
check tax and mot online,301000,0.57,,other,site:watsonknipe.co.uk
tax checker,301000,1.67,,other,seed:property company tax
check tax and mot,301000,0.57,,other,seed:property company tax
stamp duty estimator,246000,0.34,37,transfer-in,site:uklandlordtax.co.uk;site:watsonknipe.co.uk
ro tax check,246000,0.34,,other,site:watsonknipe.co.uk
road tax check,246000,0.34,,other,seed:property company tax
tax free childcare,201000,2.77,,other,site:watsonknipe.co.uk
gov uk vehicle tax,201000,3.1,,other,site:watsonknipe.co.uk
tax,201000,5.73,,other,seed:property company tax;site:watsonknipe.co.uk
gov.uk road tax,201000,3.1,,other,site:watsonknipe.co.uk
government uk vehicle tax,201000,3.1,,other,site:watsonknipe.co.uk
tax car gov uk,201000,3.1,,other,seed:property company tax
gov tax vehicle,165000,2.97,,other,site:watsonknipe.co.uk
vat tax calculator,165000,4.2,,tools,site:watsonknipe.co.uk
tax your car online,135000,2.04,,other,site:provestor.co.uk;site:watsonknipe.co.uk
dvla tax check,135000,0.58,,other,seed:property company tax;site:watsonknipe.co.uk
tax car online,135000,2.04,,other,seed:property company tax;site:watsonknipe.co.uk
tax vehicle online,135000,2.04,,other,site:watsonknipe.co.uk
d v l a tax check,135000,0.58,,other,site:watsonknipe.co.uk
best cash isa rates,110000,1.9,,other,seed:limited company mortgage
tax income estimator,90500,3.85,,other,site:watsonknipe.co.uk
personal tax account,90500,4.23,,other,seed:property company tax
income tax calculator,90500,3.85,,tools,seed:property company tax
dvla change of address,90500,1.64,,other,seed:registered office
file self assessment tax return,74000,10.85,,other,site:provestor.co.uk;site:watsonknipe.co.uk
sign in council tax,74000,0.02,,other,site:watsonknipe.co.uk
self assessment tax return,74000,10.85,,other,seed:property company tax
loan calculator,74000,2.89,,tools,seed:limited company mortgage
tax return,60500,4.73,,other,seed:property company tax;site:watsonknipe.co.uk
england tax brackets,60500,3.14,,other,site:watsonknipe.co.uk
uk tax estimator,60500,2.33,,other,site:watsonknipe.co.uk
tax and returns,60500,4.73,,other,site:watsonknipe.co.uk
uk tax brackets,60500,3.14,,other,seed:property company tax
tax practitioners board,49500,0.06,,other,site:watsonknipe.co.uk
tax deducted at source,49500,1.59,,other,site:watsonknipe.co.uk
vehicle tax check uk,49500,0.32,,other,site:watsonknipe.co.uk
road tax check uk,49500,0.32,,other,seed:property company tax;site:watsonknipe.co.uk
property for sale,49500,0.72,,other,seed:spv property
tax my car online,49500,2,,other,seed:property company tax
student loans company,49500,2.2,,other,seed:limited company mortgage
gov.uk personal tax account,40500,1.95,,other,seed:property company tax;site:watsonknipe.co.uk
check my tax,40500,2.79,,other,seed:property company tax;site:watsonknipe.co.uk
income tax,40500,4.8,,other,seed:property company tax;site:watsonknipe.co.uk
government uk personal tax account,40500,1.95,,other,site:watsonknipe.co.uk
income taxation,40500,4.8,,other,site:watsonknipe.co.uk
check road tax cost,33100,0.13,,other,site:watsonknipe.co.uk
hmrc tax rebate,33100,2.34,,other,site:watsonknipe.co.uk
tax refund,33100,3.05,,other,seed:property company tax;site:watsonknipe.co.uk
uk tax bands,33100,3.64,,other,seed:property company tax;site:watsonknipe.co.uk
road tax price check,33100,0.13,,other,seed:property company tax;site:watsonknipe.co.uk
car tax payment,33100,0.97,,other,site:watsonknipe.co.uk
vat number lookup,33100,5.32,,other,site:watsonknipe.co.uk
find vat number,33100,5.32,,other,site:watsonknipe.co.uk
search vat number,33100,5.32,,other,site:watsonknipe.co.uk
taxation bands uk,33100,3.64,,other,site:watsonknipe.co.uk
check road tax amount,33100,0.13,,other,site:watsonknipe.co.uk
england tax bands,33100,3.64,,other,site:watsonknipe.co.uk
hm revenue & customs tax refund,33100,2.34,,other,site:watsonknipe.co.uk
hmrc reclaim tax,33100,2.34,,other,site:watsonknipe.co.uk
hmrc tax back,33100,2.34,,other,site:watsonknipe.co.uk
tax money back,33100,3.05,,other,site:watsonknipe.co.uk
hmrc refund tax,33100,2.34,,other,site:watsonknipe.co.uk
tax my vehicle uk,33100,1.53,,other,site:watsonknipe.co.uk
hmrc tax refund,33100,2.34,,other,seed:property company tax
tax road check price,33100,0.13,,other,seed:property company tax
high interest savings account uk,33100,4.41,,other,seed:limited company mortgage
terrible credit loans uk,33100,5.46,,other,seed:limited company mortgage
bad credit score loan uk,33100,5.46,,other,seed:limited company mortgage
loans for terrible credit uk,33100,5.46,,other,seed:limited company mortgage
poor credit history loans uk,33100,5.46,,other,seed:limited company mortgage
bad credit loans in the uk,33100,5.46,,other,seed:limited company mortgage
buy to let mortgage,27100,5.6,,mortgages,site:uklandlordtax.co.uk
how much tax will i pay,27100,3.19,,other,seed:property company tax;site:watsonknipe.co.uk
hmrc personal tax account,27100,3.43,,other,seed:property company tax;site:watsonknipe.co.uk
check council tax,27100,,,other,site:watsonknipe.co.uk
hmrc tax,27100,8.27,,other,seed:property company tax;site:watsonknipe.co.uk
income tax estimator uk,27100,3.03,,other,site:watsonknipe.co.uk
tax vehicle northern ireland,27100,0.45,,other,site:watsonknipe.co.uk
d v l a road tax check,27100,0.47,,other,site:watsonknipe.co.uk
property for sale near me,27100,0.65,,other,seed:spv property
tax codes,27100,4.55,,other,seed:property company tax
council tax checker,27100,,,other,seed:property company tax
martin lewis car finance,27100,14.49,,other,seed:limited company mortgage
register for vat,22200,11.49,6,form-now,site:watsonknipe.co.uk
vat registration,22200,11.49,12,form-now,site:watsonknipe.co.uk
tax brackets,22200,3.07,,other,seed:property company tax;site:watsonknipe.co.uk
hmrc tax contact us,22200,5.47,,other,site:watsonknipe.co.uk
tax levels uk,22200,3.4,,other,site:watsonknipe.co.uk
council tax claim,22200,4.27,,other,site:watsonknipe.co.uk
council tax rebate uk,22200,4.27,,other,site:watsonknipe.co.uk
value added tax registration,22200,11.49,22,form-now,site:watsonknipe.co.uk
council tax credit,22200,4.27,,other,site:watsonknipe.co.uk
vehicle tax pay,22200,0.6,,other,site:watsonknipe.co.uk
hmrc tax contact details,22200,5.47,,other,site:watsonknipe.co.uk
corporate taxes,22200,4.67,,other,site:watsonknipe.co.uk
hmrc tax query number,22200,5.47,,other,site:watsonknipe.co.uk
corporation tax,22200,4.67,,run-the-company,seed:property company tax
council tax reduction,22200,4.27,,other,seed:property company tax
tax rebate,22200,2.45,,other,seed:property company tax
labour house value tax,22200,,,other,seed:property company tax
universal credit uk,22200,2.97,,other,seed:limited company mortgage
vehicle excise duty,18100,0.39,,other,site:watsonknipe.co.uk
uk tax thresholds,18100,2.64,,other,seed:property company tax;site:watsonknipe.co.uk
report untaxed vehicle,18100,4.01,,other,site:watsonknipe.co.uk
hmrc tax return,18100,4.66,,other,seed:property company tax;site:watsonknipe.co.uk
hm revenue tax return,18100,4.66,,other,site:watsonknipe.co.uk
income tax thresholds uk,18100,2.64,,other,site:watsonknipe.co.uk
tax limits uk,18100,2.64,,other,site:watsonknipe.co.uk
report untaxed car,18100,4.01,,other,site:watsonknipe.co.uk
commercial property for sale,18100,1.63,,other,seed:spv property
sheffield property shop,18100,6.19,,other,seed:spv property
crk code,18100,,,other,seed:sic code spv
student loan company,18100,3.78,,other,seed:limited company mortgage
loans uk,18100,7.39,,other,seed:limited company mortgage
petitions uk government,18100,3.71,,other,seed:registered office
pay self assessment tax,14800,2.96,,other,seed:property company tax;site:provestor.co.uk;site:watsonknipe.co.uk
self assessment tax payment,14800,2.96,,other,site:provestor.co.uk;site:watsonknipe.co.uk
tax and mot,14800,0.56,,other,site:provestor.co.uk;site:watsonknipe.co.uk
property for sale bungalows,14800,0.22,,other,site:getground.co.uk
property for sale in spain,14800,0.78,,other,seed:spv property;site:getground.co.uk
capital gains tax estimator,14800,3.53,18,transfer-in,site:uklandlordtax.co.uk;site:watsonknipe.co.uk
capital gains tax calculator,14800,3.53,11,transfer-in,site:uklandlordtax.co.uk
property gains tax calculator,14800,3.53,,tools,site:uklandlordtax.co.uk
company registration uk,14800,43.07,69,form-now,site:propertyspv.co.uk
company registration england,14800,43.07,81,form-now,site:propertyspv.co.uk
sole trader company registration,14800,10.96,1,form-now,site:propertyspv.co.uk
company registration in united kingdom,14800,43.07,74,form-now,site:propertyspv.co.uk
uk business registration,14800,43.07,78,form-now,site:propertyspv.co.uk
register a company uk,14800,43.07,31,form-now,site:propertyspv.co.uk
company registry uk,14800,43.07,,other,site:propertyspv.co.uk
register british company,14800,43.07,70,form-now,site:propertyspv.co.uk
sole trader business registration,14800,10.96,4,form-now,site:propertyspv.co.uk
set up a limited company,14800,55.64,26,form-now,site:propertyspv.co.uk
government tax,14800,2.55,,other,site:watsonknipe.co.uk
check tax code,14800,1.98,,other,site:watsonknipe.co.uk
gov tax,14800,2.55,,other,seed:property company tax;site:watsonknipe.co.uk
tax code checker,14800,1.98,,other,seed:property company tax;site:watsonknipe.co.uk
personal tax allowance,14800,1.61,,other,seed:property company tax;site:watsonknipe.co.uk
tax bands scotland,14800,4.04,,other,site:watsonknipe.co.uk
tax code 1257l,14800,1.01,,other,seed:property company tax;site:watsonknipe.co.uk
cgt tax rates,14800,1.1,7,transfer-in,site:watsonknipe.co.uk
tax code br,14800,3.48,,other,seed:property company tax;site:watsonknipe.co.uk
government taxation,14800,2.55,,other,site:watsonknipe.co.uk
tax identification numbers,14800,0.91,,other,site:watsonknipe.co.uk
hm revenue customs number,14800,5.27,,other,site:watsonknipe.co.uk
paye tax code check,14800,1.98,,other,site:watsonknipe.co.uk
dividend taxation,14800,4.49,,run-the-company,site:watsonknipe.co.uk
gov taxation,14800,2.55,,other,site:watsonknipe.co.uk
taxation personal allowance,14800,1.61,,other,site:watsonknipe.co.uk
council tax band charges,14800,0.25,,other,site:watsonknipe.co.uk
hm revenue and customs number,14800,5.27,,other,site:watsonknipe.co.uk
tax account,14800,7.47,,other,seed:property company tax
scotland tax bands,14800,4.04,,other,seed:property company tax
compare loans,14800,8.28,,other,seed:limited company mortgage
loan comparison,14800,8.21,,other,seed:limited company mortgage
loan calculator uk,14800,2.13,,tools,seed:limited company mortgage
premium credit limited,14800,9.55,,other,seed:limited company mortgage
self employed tax calculator,12100,3.1,,tools,seed:property company tax;site:provestor.co.uk;site:watsonknipe.co.uk
company tax rate,12100,3.13,,other,site:provestor.co.uk;site:watsonknipe.co.uk
calculate tax self employed,12100,3.1,,tools,site:provestor.co.uk;site:watsonknipe.co.uk
self employed tax estimator,12100,3.1,,other,site:provestor.co.uk;site:watsonknipe.co.uk
property to buy in france,12100,0.38,,other,site:getground.co.uk
french property for sale,12100,0.38,,other,seed:spv property;site:getground.co.uk
france property for sale,12100,0.38,,other,site:getground.co.uk
versus company,12100,1.46,,other,site:propertyspv.co.uk
childcare tax account,12100,,,other,site:watsonknipe.co.uk
income tax bands,12100,3.7,,other,seed:property company tax;site:watsonknipe.co.uk
pay corporation tax,12100,7.32,,run-the-company,seed:property company tax;site:watsonknipe.co.uk
uk tax year,12100,6.98,,other,seed:property company tax;site:watsonknipe.co.uk
council tax single person discount,12100,2.69,,other,site:watsonknipe.co.uk
corporation tax payment,12100,7.32,,run-the-company,site:watsonknipe.co.uk
tax free allowance,12100,1.49,,other,seed:property company tax;site:watsonknipe.co.uk
corporation tax rates,12100,3.13,,run-the-company,seed:property company tax;site:watsonknipe.co.uk
car tax checker gov uk,12100,0.25,,other,seed:property company tax;site:watsonknipe.co.uk
tax bands,12100,4.72,,other,seed:property company tax;site:watsonknipe.co.uk
tax return log in,12100,2.38,,other,site:watsonknipe.co.uk
vat threshold,12100,2.45,,other,site:watsonknipe.co.uk
tax thresholds,12100,2.86,,other,seed:property company tax;site:watsonknipe.co.uk
uk income tax bands,12100,3.41,,other,seed:property company tax;site:watsonknipe.co.uk
tax year dates,12100,3.59,,other,seed:property company tax;site:watsonknipe.co.uk
company taxation rate,12100,3.13,,other,site:watsonknipe.co.uk
vat charge uk,12100,2.82,,other,site:watsonknipe.co.uk
vehicle tax price checker,12100,0.11,,other,site:watsonknipe.co.uk
check car tax amount,12100,0.11,,other,site:watsonknipe.co.uk
corporation tax paid,12100,7.32,,run-the-company,site:watsonknipe.co.uk
taxation thresholds,12100,2.86,,other,site:watsonknipe.co.uk
tax calculator for car registration,12100,0.13,25,form-now,site:watsonknipe.co.uk
irs internal revenue service,12100,4.18,,other,site:watsonknipe.co.uk
corporation tax levels,12100,3.13,,run-the-company,site:watsonknipe.co.uk
tax year england,12100,6.98,,other,site:watsonknipe.co.uk
vat percentage uk,12100,2.82,,other,site:watsonknipe.co.uk
vat amount uk,12100,2.82,,other,site:watsonknipe.co.uk
how much vat,12100,2.63,,other,site:watsonknipe.co.uk
sign in self assessment tax return,12100,3.54,,other,site:watsonknipe.co.uk
inland revenue service,12100,4.18,,other,site:watsonknipe.co.uk
income rate tax bands,12100,3.7,,other,site:watsonknipe.co.uk
uk vat tax rates,12100,2.82,,other,site:watsonknipe.co.uk
income tax professionals,12100,27.01,,other,site:watsonknipe.co.uk
vat rate england,12100,2.82,,other,site:watsonknipe.co.uk
council tax band b,12100,6.6,,other,seed:property company tax
natwest loan calculator,12100,1.4,,tools,seed:limited company mortgage
bank interest rates,12100,1.99,,mortgages,seed:limited company mortgage
payday loans uk,12100,8.17,,other,seed:limited company mortgage
no refusal payday loans uk direct lenders,12100,2.44,,mortgages,seed:limited company mortgage
payday loans uk direct lender,12100,3.93,,mortgages,seed:limited company mortgage
property for sale glasgow,9900,0.7,,other,seed:spv property;site:getground.co.uk
property for sale london,9900,1.24,,other,seed:spv property;site:getground.co.uk
capital gains tax calculator uk,9900,4.51,4,transfer-in,site:uklandlordtax.co.uk
inheritance tax calculation,9900,1.37,,other,site:uklandlordtax.co.uk;site:watsonknipe.co.uk
company search,9900,7.77,,other,site:propertyspv.co.uk
companies house registration,9900,32.17,50,form-now,site:propertyspv.co.uk
hmrc tax code,9900,1.4,,other,seed:property company tax;site:watsonknipe.co.uk
gov.uk tax,9900,4.69,,other,site:watsonknipe.co.uk
road tax renewal,9900,0.33,,other,seed:property company tax;site:watsonknipe.co.uk
council tax account,9900,0.02,,other,seed:property company tax;site:watsonknipe.co.uk
council tax support,9900,5.79,,other,site:watsonknipe.co.uk
tax year,9900,6.32,,other,seed:property company tax;site:watsonknipe.co.uk
higher rate tax threshold,9900,3.24,,other,seed:property company tax;site:watsonknipe.co.uk
tax office phone number,9900,5.49,,other,seed:property company tax;site:watsonknipe.co.uk
tax return uk,9900,4.84,,other,seed:property company tax;site:watsonknipe.co.uk
uk income tax return,9900,4.84,,other,site:watsonknipe.co.uk
land and buildings transaction tax calculator,9900,0.54,,tools,site:watsonknipe.co.uk
uk search vat number,9900,4.57,,other,site:watsonknipe.co.uk
directorate of revenue intelligence,9900,0.64,,other,site:watsonknipe.co.uk
tax assessment uk,9900,4.84,,other,site:watsonknipe.co.uk
tax declaration uk,9900,4.84,,other,site:watsonknipe.co.uk
vat tax login,9900,31.24,,other,site:watsonknipe.co.uk
find vat number uk,9900,4.57,,other,site:watsonknipe.co.uk
tax office contact number,9900,5.49,,other,site:watsonknipe.co.uk
vehicle tax how much,9900,0.11,,other,site:watsonknipe.co.uk
input tax credit,9900,3.35,,other,site:watsonknipe.co.uk
rd tax rate,9900,0.19,,other,site:watsonknipe.co.uk
check tax and insurance,9900,1.84,,other,site:watsonknipe.co.uk
calculate vehicle tax,9900,0.16,,tools,site:watsonknipe.co.uk
car tax estimator,9900,0.16,,other,site:watsonknipe.co.uk
tax check uk,9900,1,,other,seed:property company tax;site:watsonknipe.co.uk
land for sale uk,9900,0.29,,other,seed:spv property
equestrian property for sale,9900,0.49,,other,seed:spv property
property in london england for sale,9900,1.24,,other,seed:spv property
my tax account,9900,3.17,,other,seed:property company tax
check my tax code,9900,0.72,,other,seed:property company tax
gov uk tax,9900,4.69,,other,seed:property company tax
register for council tax,9900,2.08,0,form-now,seed:property company tax
road tax rates,9900,0.19,,other,seed:property company tax
gov tax check,9900,1.65,,other,seed:property company tax
how to cancel road tax,9900,1.91,,other,seed:property company tax
how to buy premium bonds,9900,5.63,,other,seed:limited company mortgage
hsbc isa rates,9900,3.09,,other,seed:limited company mortgage
best loan rates uk,9900,4.79,,other,seed:limited company mortgage
car loan calculator,9900,3.2,,tools,seed:limited company mortgage
hsbc loans,9900,1.04,,other,seed:limited company mortgage
personal loan calculator,9900,3.3,,tools,seed:limited company mortgage
best interest rates,9900,3.91,,mortgages,seed:limited company mortgage
nationwide loan calculator,9900,0.49,,tools,seed:limited company mortgage
compare the market loans,9900,5.68,,other,seed:limited company mortgage
personal loans uk,9900,7.89,,other,seed:limited company mortgage
best interest rates on savings accounts,9900,4.21,,mortgages,seed:limited company mortgage
loans to go,9900,4.24,,other,seed:limited company mortgage
loan to consolidate debt with poor credit,9900,14.91,,other,seed:limited company mortgage
penalty notice direct gov uk,9900,2.3,,other,seed:registered office
property for sale in cyprus,8100,1.1,,other,site:getground.co.uk
clyde property,8100,3.32,,other,seed:spv property;site:getground.co.uk
register a company,8100,59.11,61,form-now,site:propertyspv.co.uk
income tax thresholds,8100,3.97,,other,seed:property company tax;site:watsonknipe.co.uk
uk tax,8100,4.42,,other,seed:property company tax;site:watsonknipe.co.uk
tax log in,8100,4.64,,other,site:watsonknipe.co.uk
marriage tax allowance,8100,,,other,seed:property company tax;site:watsonknipe.co.uk
pay tax,8100,4.43,,other,seed:property company tax;site:watsonknipe.co.uk
w-9,8100,2.96,,other,site:watsonknipe.co.uk
check tax rebate,8100,3.74,,other,site:watsonknipe.co.uk
gov uk check tax,8100,1.46,,other,site:watsonknipe.co.uk
number for council tax,8100,9.04,,other,site:watsonknipe.co.uk
corporate tax united kingdom,8100,3.44,,other,site:watsonknipe.co.uk
paying vat tax,8100,9.48,,other,site:watsonknipe.co.uk
company car income tax calculator,8100,2.82,,tools,site:watsonknipe.co.uk
check tax refund,8100,3.74,,other,seed:property company tax;site:watsonknipe.co.uk
apply for unique tax reference number,8100,2.96,,other,site:watsonknipe.co.uk
tax payable,8100,4.43,,other,site:watsonknipe.co.uk
uk taxation,8100,4.42,,other,site:watsonknipe.co.uk
corporation tax act,8100,13.19,,run-the-company,site:watsonknipe.co.uk
chartered tax advisor,8100,13.19,,other,site:watsonknipe.co.uk
refund road tax,8100,3.05,,other,site:watsonknipe.co.uk
council tax and moving home,8100,2.7,,other,site:watsonknipe.co.uk
tax payment,8100,4.43,,other,site:watsonknipe.co.uk
zoopla property for sale,8100,0.77,,other,seed:spv property
houses for sale uk,8100,0.89,,other,seed:spv property
cyprus property for sale,8100,1.1,,other,seed:spv property
property for sale scotland,8100,0.21,,other,seed:spv property
hmrc tax account,8100,3.89,,other,seed:property company tax
council tax bill,8100,1.97,,other,seed:property company tax
council tax exemption,8100,3.87,,other,seed:property company tax
council tax band a,8100,4.87,,other,seed:property company tax
corporation tax uk,8100,3.44,,run-the-company,seed:property company tax
council tax number,8100,9.04,,other,seed:property company tax
tax check gov,8100,1.46,,other,seed:property company tax
council tax band a cost,8100,4.4,,other,seed:property company tax
martin lewis car finance claim,8100,13.81,,other,seed:limited company mortgage
student loan uk,8100,4.78,,other,seed:limited company mortgage
direct lender loan uk,8100,3.53,,mortgages,seed:limited company mortgage
mtd for income tax,6600,8.29,,other,site:provestor.co.uk;site:watsonknipe.co.uk
tax self-assessment,6600,16.93,,other,site:provestor.co.uk;site:watsonknipe.co.uk
property for sale in york,6600,0.69,,other,seed:spv property;site:getground.co.uk
property shop,6600,1.98,,other,seed:spv property;site:getground.co.uk
inheritance tax uk rate,6600,2.44,,other,site:uklandlordtax.co.uk;site:watsonknipe.co.uk
company registration number,6600,10.87,35,form-now,site:propertyspv.co.uk
company information,6600,6.69,,other,site:propertyspv.co.uk
company info,6600,6.69,,other,site:propertyspv.co.uk
business registration no,6600,10.87,10,form-now,site:propertyspv.co.uk
find company information,6600,5.04,,other,site:propertyspv.co.uk
get company information,6600,5.04,,other,site:propertyspv.co.uk
find a company,6600,8.24,,other,site:propertyspv.co.uk
company registry,6600,44.44,,other,site:propertyspv.co.uk
company finder,6600,8.24,,other,site:propertyspv.co.uk
company registered number,6600,10.87,,other,site:propertyspv.co.uk
working tax credit,6600,4.37,,other,seed:property company tax;site:watsonknipe.co.uk
gov personal tax account,6600,3.17,,other,seed:property company tax;site:watsonknipe.co.uk
uk tax codes,6600,3.63,,other,seed:property company tax;site:watsonknipe.co.uk
emergency tax code,6600,,,other,seed:property company tax;site:watsonknipe.co.uk
uk income tax,6600,5.04,,other,seed:property company tax;site:watsonknipe.co.uk
tax rates,6600,5.97,,other,seed:property company tax;site:watsonknipe.co.uk
mansion tax uk,6600,1.06,,other,seed:property company tax;site:watsonknipe.co.uk
tax online,6600,9.44,,other,seed:property company tax;site:watsonknipe.co.uk
income tax rates,6600,3.97,,other,seed:property company tax;site:watsonknipe.co.uk
lbhf council tax,6600,3.43,,other,site:watsonknipe.co.uk
taxation rate,6600,5.97,,other,site:watsonknipe.co.uk
personal tax uk,6600,5.04,,other,site:watsonknipe.co.uk
taxation self assessment,6600,16.93,,other,site:watsonknipe.co.uk
vat tax calculator online,6600,5.31,,tools,site:watsonknipe.co.uk
uk tax tin number,6600,1.7,,other,site:watsonknipe.co.uk
income tax levels,6600,3.97,,other,site:watsonknipe.co.uk
tax identifying number,6600,3.33,,other,site:watsonknipe.co.uk
british tax,6600,6.45,,other,site:watsonknipe.co.uk
tax and uk,6600,6.45,,other,site:watsonknipe.co.uk
income tax in britain,6600,5.04,,other,site:watsonknipe.co.uk
cost of road tax,6600,0.12,,other,seed:property company tax;site:watsonknipe.co.uk
tax credits and working,6600,4.37,,other,site:watsonknipe.co.uk
income tax in united kingdom,6600,5.04,,other,site:watsonknipe.co.uk
taxpayer number uk,6600,1.7,,other,site:watsonknipe.co.uk
tax consolidation act,6600,0.35,,other,site:watsonknipe.co.uk
hmrc tax refund check,6600,1.56,,other,seed:property company tax;site:watsonknipe.co.uk
tax britain,6600,6.45,,other,site:watsonknipe.co.uk
taxation in the united kingdom,6600,6.45,,other,site:watsonknipe.co.uk
tin tax number,6600,3.33,,other,site:watsonknipe.co.uk
contact hmrc tax,6600,5.96,,other,seed:property company tax;site:watsonknipe.co.uk
how to claim tax back,6600,2.23,,other,site:watsonknipe.co.uk
computation of corporate tax,6600,4.62,,other,site:watsonknipe.co.uk
uk tax id number,6600,1.7,,other,site:watsonknipe.co.uk
income tax england rates,6600,2.32,,other,site:watsonknipe.co.uk
income tax england,6600,5.04,,other,site:watsonknipe.co.uk
working tax,6600,4.37,,other,site:watsonknipe.co.uk
hmrc check tax return,6600,1.56,,other,site:watsonknipe.co.uk
taxable income uk,6600,5.04,,other,site:watsonknipe.co.uk
h&f council tax,6600,3.43,,other,site:watsonknipe.co.uk
road tax how much,6600,0.12,,other,site:watsonknipe.co.uk
uk taxpayer id,6600,1.7,,other,site:watsonknipe.co.uk
tax id united kingdom,6600,1.7,,other,site:watsonknipe.co.uk
income tax percentage uk,6600,2.32,,other,site:watsonknipe.co.uk
income tax in great britain,6600,5.04,,other,site:watsonknipe.co.uk
how to claim tax refund,6600,2.23,,other,seed:property company tax;site:watsonknipe.co.uk
cgt tax rates uk,6600,0.96,21,transfer-in,site:watsonknipe.co.uk
tax price check,6600,0.09,,other,site:watsonknipe.co.uk
road tax check free,6600,0.19,,other,site:watsonknipe.co.uk
british income tax,6600,5.04,,other,site:watsonknipe.co.uk
uk tax identifying number,6600,1.7,,other,site:watsonknipe.co.uk
uk taxpayer identification number,6600,1.7,,other,site:watsonknipe.co.uk
road tax price,6600,0.12,,other,site:watsonknipe.co.uk
tax price checker,6600,0.09,,other,seed:property company tax;site:watsonknipe.co.uk
road tax gov,6600,0.46,,other,site:watsonknipe.co.uk
tax id uk,6600,1.7,,other,site:watsonknipe.co.uk
tax rebate check hmrc,6600,1.56,,other,site:watsonknipe.co.uk
commercial property,6600,6.56,,other,seed:spv property
property for sale inverness,6600,0.39,,other,seed:spv property
isle of man property for sale,6600,0.15,,other,seed:spv property
chattel property,6600,,,other,seed:spv property
chattels property,6600,,,other,seed:spv property
property for sale stirling,6600,0.21,,other,seed:spv property
property for sale borders,6600,0.06,,other,seed:spv property
business tax account,6600,7.06,,other,seed:property company tax
tax self assessment,6600,16.93,,other,seed:property company tax
tax identification number,6600,3.33,,other,seed:property company tax
tax uk,6600,6.45,,other,seed:property company tax
tax credits,6600,3.26,,other,seed:property company tax
tax identification number uk,6600,1.7,,other,seed:property company tax
tax rebate check,6600,1.77,,other,seed:property company tax
40 tax bracket,6600,5.1,,other,seed:property company tax
hmrc wants tax money back,6600,,,other,seed:property company tax
business loans uk,6600,47.93,,other,seed:limited company mortgage
hsbc loan calculator,6600,0.42,,tools,seed:limited company mortgage
loan comparison uk,6600,8.32,,other,seed:limited company mortgage
student loan interest rates,6600,4.14,,mortgages,seed:limited company mortgage
best isa interest rates,6600,2.09,,mortgages,seed:limited company mortgage
barclays loan calculator,6600,5.08,,tools,seed:limited company mortgage
personal loan to bad credit,6600,7.17,,other,seed:limited company mortgage
buy road tax,5400,,,other,seed:property company tax;site:getground.co.uk;site:provestor.co.uk;site:watsonknipe.co.uk
property to buy corfu,5400,0.9,,other,site:getground.co.uk
property to buy italy,5400,0.58,,other,site:getground.co.uk
property to buy in mallorca,5400,0.76,,other,site:getground.co.uk
property to buy in malta,5400,0.6,,other,site:getground.co.uk
property for sale mallorca,5400,0.76,,other,site:getground.co.uk
malta property for sale,5400,0.6,,other,seed:spv property;site:getground.co.uk
italian property for sale,5400,0.58,,other,site:getground.co.uk
property for sale in italy,5400,0.58,,other,site:getground.co.uk
companies house company registration,5400,46.47,49,form-now,site:propertyspv.co.uk
vat deregistration threshold,5400,2.81,,other,site:watsonknipe.co.uk
hmrc tax payment,5400,3.18,,other,site:watsonknipe.co.uk
hmrc business tax account,5400,,,other,seed:property company tax;site:watsonknipe.co.uk
income tax login,5400,,,other,site:watsonknipe.co.uk
tax office,5400,4.74,,other,seed:property company tax;site:watsonknipe.co.uk
tax code 0t,5400,,,other,seed:property company tax;site:watsonknipe.co.uk
taxcalc,5400,12.13,,other,site:watsonknipe.co.uk
hmrc pay tax,5400,3.18,,other,seed:property company tax;site:watsonknipe.co.uk
vat number,5400,8.81,,other,site:watsonknipe.co.uk
hmrc vat helpline,5400,7.13,,other,site:watsonknipe.co.uk
what is tax code br,5400,0.02,,other,seed:property company tax;site:watsonknipe.co.uk
uk tax free allowance,5400,2.05,,other,seed:property company tax;site:watsonknipe.co.uk
40 tax threshold,5400,2.03,,other,seed:property company tax;site:watsonknipe.co.uk
hmrc corporation tax,5400,14.8,,run-the-company,seed:property company tax;site:watsonknipe.co.uk
hmrc check tax code,5400,1.12,,other,seed:property company tax;site:watsonknipe.co.uk
tax brackets scotland,5400,3.54,,other,seed:property company tax;site:watsonknipe.co.uk
vat payment hmrc,5400,8,,other,site:watsonknipe.co.uk
hmrc business tax,5400,14.8,,other,site:watsonknipe.co.uk
claim a tax refund,5400,2.98,,other,seed:property company tax;site:watsonknipe.co.uk
tax reclaim uk,5400,4.22,,other,site:watsonknipe.co.uk
vat register threshold,5400,2.81,11,form-now,site:watsonknipe.co.uk
tax code ot,5400,,,other,site:watsonknipe.co.uk
vat deregistration limit,5400,2.81,,other,site:watsonknipe.co.uk
apply for unique taxpayer reference,5400,2.93,,other,site:watsonknipe.co.uk
vat identification number,5400,8.81,,other,site:watsonknipe.co.uk
tax code checker hmrc,5400,1.12,,other,site:watsonknipe.co.uk
tax rebate uk,5400,4.22,,other,site:watsonknipe.co.uk
claim tax rebate,5400,2.98,,other,site:watsonknipe.co.uk
tax refund uk,5400,4.22,,other,seed:property company tax;site:watsonknipe.co.uk
vat tax number,5400,8.81,,other,site:watsonknipe.co.uk
vat register limit,5400,2.81,14,form-now,site:watsonknipe.co.uk
address for hm revenue and customs,5400,6.26,,other,site:watsonknipe.co.uk
vat contact hmrc,5400,7.13,,other,site:watsonknipe.co.uk
vat registration limit,5400,2.81,9,form-now,site:watsonknipe.co.uk
taxation office,5400,4.74,,other,site:watsonknipe.co.uk
car tax and insurance check,5400,1.66,,other,site:watsonknipe.co.uk
hmrc how to pay tax,5400,3.18,,other,site:watsonknipe.co.uk
tax back uk,5400,4.22,,other,site:watsonknipe.co.uk
tax refund claim uk,5400,4.22,,other,site:watsonknipe.co.uk
tax calculator scotland,5400,3.19,,tools,seed:property company tax;site:watsonknipe.co.uk
claim tax back,5400,2.98,,other,site:watsonknipe.co.uk
threshold vat registration,5400,2.81,8,form-now,site:watsonknipe.co.uk
homefinder uk,5400,4.29,,other,seed:spv property
property for sale italy,5400,0.58,,other,seed:spv property
corfu property for sale,5400,0.9,,other,seed:spv property
mallorca property for sale,5400,0.76,,other,seed:spv property
house for sale devon uk,5400,0.66,,other,seed:spv property
tax rates scotland,5400,6.14,,other,seed:property company tax
tax code br meaning,5400,1.24,,other,seed:property company tax
my council tax account,5400,,,other,seed:property company tax
tax threshold 2026,5400,3.47,,other,seed:property company tax
what income tax,5400,5.3,,other,seed:property company tax
students council tax exemption,5400,,,other,seed:property company tax
large pension lump sum tax,5400,3.03,,other,seed:property company tax
skipton mortgage,5400,6.65,,mortgages,seed:limited company mortgage
halifax loan calculator,5400,1.97,,tools,seed:limited company mortgage
car loans uk,5400,7.16,,other,seed:limited company mortgage
bank loan calculator,5400,2.35,,tools,seed:limited company mortgage
1 year fixed rate bonds,5400,3.35,,other,seed:limited company mortgage
dvla change of address v5,5400,,,other,seed:registered office
companies house register a company,5400,46.47,41,form-now,seed:non resident landlord company
self employed tax,4400,6.13,,other,seed:property company tax;site:provestor.co.uk;site:watsonknipe.co.uk
how much is the tax,4400,0.35,,other,site:provestor.co.uk;site:watsonknipe.co.uk
what corporation tax,4400,3.34,,run-the-company,site:provestor.co.uk;site:watsonknipe.co.uk
buy property swansea,4400,0.18,,other,site:getground.co.uk
buy property liverpool,4400,0.92,,other,site:getground.co.uk
buy property bulgaria,4400,0.41,,other,site:getground.co.uk
property to buy greece,4400,0.66,,other,site:getground.co.uk
bulgarian property for sale,4400,0.41,,other,site:getground.co.uk
newcastle property for sale,4400,0.53,,other,seed:spv property;site:getground.co.uk
belfast property for sale,4400,0.63,,other,site:getground.co.uk
property for sale bulgaria,4400,0.41,,other,site:getground.co.uk
hmo property,4400,7.34,,other,seed:spv property;site:getground.co.uk
how to start a ltd company,4400,15.03,,other,site:propertyspv.co.uk
how to make a limited company,4400,15.03,,other,site:propertyspv.co.uk
how to start a limited company,4400,15.03,,other,site:propertyspv.co.uk
company search uk,4400,8.88,,other,site:propertyspv.co.uk
uk company lookup,4400,8.88,,other,site:propertyspv.co.uk
gov.uk tax return,4400,2.46,,other,seed:property company tax;site:watsonknipe.co.uk
personal tax,4400,3.63,,other,seed:property company tax;site:watsonknipe.co.uk
hmrc corporation tax helpline,4400,11.16,,run-the-company,seed:property company tax;site:watsonknipe.co.uk
tax allowance,4400,2.88,,other,seed:property company tax;site:watsonknipe.co.uk
taxscouts,4400,0.53,,other,site:watsonknipe.co.uk
set up council tax,4400,3.07,2,form-now,seed:property company tax;site:watsonknipe.co.uk
how to pay council tax,4400,2.09,,other,seed:property company tax;site:watsonknipe.co.uk
gov.uk tax account,4400,2.86,,other,site:watsonknipe.co.uk
gov tax account,4400,2.86,,other,seed:property company tax;site:watsonknipe.co.uk
pay corporation tax online,4400,14.19,,run-the-company,seed:property company tax;site:watsonknipe.co.uk
check income tax,4400,3.48,,other,seed:property company tax;site:watsonknipe.co.uk
council tax benefit,4400,4.5,,other,seed:property company tax;site:watsonknipe.co.uk
dvla mot and tax check,4400,0.67,,other,seed:property company tax;site:watsonknipe.co.uk
hmrc corporation tax contact,4400,11.16,,run-the-company,site:watsonknipe.co.uk
deadline for income tax return,4400,3.56,,other,site:watsonknipe.co.uk
report tax fraud,4400,3.06,,other,site:watsonknipe.co.uk
uk corporate income tax rate,4400,2.8,,other,site:watsonknipe.co.uk
land and buildings transaction tax scotland calculator,4400,0.36,,tools,site:watsonknipe.co.uk
uk corporation tax levels,4400,2.8,,run-the-company,site:watsonknipe.co.uk
uk business tax rates,4400,2.8,,other,site:watsonknipe.co.uk
calculate tax and national insurance deductions,4400,3.44,,tools,site:watsonknipe.co.uk
tax return deadline,4400,3.56,,other,seed:property company tax;site:watsonknipe.co.uk
corporation tax threshold uk,4400,2.8,,run-the-company,site:watsonknipe.co.uk
uk government tax return,4400,2.46,,other,site:watsonknipe.co.uk
calculate tax refund,4400,2.94,,tools,site:watsonknipe.co.uk
self employed taxation,4400,6.13,,other,site:watsonknipe.co.uk
income tax brackets scotland,4400,5.55,,other,site:watsonknipe.co.uk
personal taxation,4400,3.63,,other,site:watsonknipe.co.uk
wages after tax uk,4400,4.14,,other,site:watsonknipe.co.uk
taxable income india,4400,,,other,site:watsonknipe.co.uk
single person council tax,4400,2.59,,other,seed:property company tax;site:watsonknipe.co.uk
cancel my car tax online,4400,3.62,,other,site:watsonknipe.co.uk
viewing council tax bill online,4400,,,other,site:watsonknipe.co.uk
good service tax gst,4400,1.03,,other,site:watsonknipe.co.uk
tax claim return,4400,3.29,,other,site:watsonknipe.co.uk
gst goods and services tax,4400,1.03,,other,site:watsonknipe.co.uk
customs tax uk calculator,4400,1.53,,tools,site:watsonknipe.co.uk
hmrc uk tax refund,4400,4.62,,other,site:watsonknipe.co.uk
road tax change address,4400,,,other,site:watsonknipe.co.uk
goods services tax,4400,1.03,,other,site:watsonknipe.co.uk
corporation tax payment online,4400,14.19,,run-the-company,site:watsonknipe.co.uk
uk corporation tax bands,4400,2.8,,run-the-company,site:watsonknipe.co.uk
report tax evasion,4400,3.06,,other,seed:property company tax;site:watsonknipe.co.uk
income tax checker,4400,3.48,,other,site:watsonknipe.co.uk
corporation tax rate uk,4400,2.8,,run-the-company,site:watsonknipe.co.uk
car tax online cancel,4400,3.62,,other,site:watsonknipe.co.uk
how much council tax band c,4400,0.04,,other,site:watsonknipe.co.uk
tax calculator tax return,4400,2.94,,tools,site:watsonknipe.co.uk
report tax evaders,4400,3.06,,other,site:watsonknipe.co.uk
thorntons property,4400,1.44,,other,seed:spv property
house sales,4400,1.75,,other,seed:spv property
hastings property for sale,4400,0.14,,other,seed:spv property
property for sale portugal,4400,0.8,,other,seed:spv property
bulgaria property for sale,4400,0.41,,other,seed:spv property
property for sale dubai,4400,4.45,,other,seed:spv property
property for sale in birmingham,4400,0.85,,other,seed:spv property
lanzarote property for sale,4400,0.21,,other,seed:spv property
commercial property for sale london,4400,2.47,,other,seed:spv property
property for sale cotswolds,4400,0.67,,other,seed:spv property
greek property for sale,4400,0.66,,other,seed:spv property
property for sale carlisle,4400,0.32,,other,seed:spv property
property for sale largs,4400,0.14,,other,seed:spv property
property for sale weymouth,4400,0.12,,other,seed:spv property
property for sale in worthing,4400,0.27,,other,seed:spv property
tunbridge wells property for sale,4400,0.53,,other,seed:spv property
income tax india,4400,,,other,seed:property company tax
reading council tax,4400,2.52,,other,seed:property company tax
pay vehicle tax online,4400,,,other,seed:property company tax
self assessment tax,4400,7.54,,other,seed:property company tax
road tax cost,4400,0.14,,other,seed:property company tax
tax gov uk,4400,3.84,,other,seed:property company tax
claim tax refund,4400,3.29,,other,seed:property company tax
tax refund hmrc,4400,4.62,,other,seed:property company tax
end of tax year,4400,4.23,,other,seed:property company tax
how much tax,4400,0.35,,other,seed:property company tax
corporate tax rate uk,4400,2.8,,other,seed:property company tax
scotland income tax rates,4400,5.55,,other,seed:property company tax
income tax rates scotland,4400,5.55,,other,seed:property company tax
uk government council tax changes,4400,,,other,seed:property company tax
income tax rates in scotland,4400,5.55,,other,seed:property company tax
labour inheritance tax policy,4400,,,other,seed:property company tax
income tax information india,4400,,,other,seed:property company tax
goods and services tax gst,4400,1.03,,other,seed:property company tax
tax in india on income,4400,,,other,seed:property company tax
santander loan calculator,4400,0.96,,tools,seed:limited company mortgage
best loan rates,4400,5.19,,other,seed:limited company mortgage
credit score uk,4400,4.38,,other,seed:limited company mortgage
car finance comparison,4400,8.28,,other,seed:limited company mortgage
bridging loan calculator,4400,10.29,,tools,seed:limited company mortgage
universal credit rates,4400,2.13,,other,seed:limited company mortgage
lloyds loan calculator,4400,2.42,,tools,seed:limited company mortgage
universal credit gov uk,4400,,,other,seed:limited company mortgage
what is a good credit score uk,4400,4.43,,other,seed:limited company mortgage
yorkshire building society interest rates,4400,1.15,,mortgages,seed:limited company mortgage
how to improve credit score,4400,7.03,,other,seed:limited company mortgage
premium bond check uk,4400,,,other,seed:limited company mortgage
council tax and empty property,3600,2.67,,other,site:getground.co.uk;site:provestor.co.uk;site:uklandlordtax.co.uk;site:watsonknipe.co.uk
stamp duty and property tax,3600,,55,transfer-in,site:getground.co.uk;site:provestor.co.uk;site:uklandlordtax.co.uk;site:watsonknipe.co.uk
tax return for employed and self employed,3600,9.16,,other,site:provestor.co.uk;site:watsonknipe.co.uk
property tax uk,3600,0.53,,other,site:getground.co.uk;site:provestor.co.uk;site:watsonknipe.co.uk
united kingdom property tax,3600,0.53,,other,site:provestor.co.uk;site:watsonknipe.co.uk
council tax empty property,3600,2.67,,other,site:provestor.co.uk;site:watsonknipe.co.uk
buy property falkirk,3600,0.59,,other,site:getground.co.uk
buy property st andrews,3600,0.38,,other,site:getground.co.uk
kent property to buy,3600,0.91,,other,site:getground.co.uk
property to buy estepona spain,3600,2.12,,other,site:getground.co.uk
property in algarve to buy,3600,0.8,,other,site:getground.co.uk
property to buy in almeria spain,3600,0.39,,other,site:getground.co.uk
crete property for sale,3600,0.38,,other,seed:spv property;site:getground.co.uk
kent property for sale,3600,0.91,,other,site:getground.co.uk
property for sale algarve,3600,0.8,,other,seed:spv property;site:getground.co.uk
manchester property for sale,3600,1.3,,other,site:getground.co.uk
alicante property for sale,3600,0.58,,other,seed:spv property;site:getground.co.uk
property for sale troon,3600,0.25,,other,seed:spv property;site:getground.co.uk
almeria property for sale,3600,0.39,,other,seed:spv property;site:getground.co.uk
property week,3600,7.8,,other,seed:spv property;site:getground.co.uk
mumsnet property,3600,4.67,,other,site:getground.co.uk
stamp duty calculator commercial property,3600,1.2,2,transfer-in,site:uklandlordtax.co.uk;site:watsonknipe.co.uk
change company address companies house,3600,3.44,,run-the-company,site:propertyspv.co.uk
what limited company,3600,6.13,,other,site:propertyspv.co.uk
companies house change of address,3600,3.44,,run-the-company,site:propertyspv.co.uk
government tax free childcare,3600,2.34,,other,site:watsonknipe.co.uk
tax free childcare gov,3600,2.34,,other,site:watsonknipe.co.uk
pay my tax,3600,3.48,,other,seed:property company tax;site:watsonknipe.co.uk
uniform tax rebate,3600,1.41,,other,seed:property company tax;site:watsonknipe.co.uk
vat return,3600,34.74,,other,site:watsonknipe.co.uk
file tax return,3600,10.02,,other,seed:property company tax;site:watsonknipe.co.uk
hmrc corporation tax payment,3600,15.23,,run-the-company,site:watsonknipe.co.uk
inland revenue login,3600,1.29,,other,site:watsonknipe.co.uk
personal tax allowance 2026/27,3600,3.79,,other,seed:property company tax;site:watsonknipe.co.uk
vat threshold uk,3600,2.78,,other,site:watsonknipe.co.uk
council tax bill online,3600,5.86,,other,seed:property company tax;site:watsonknipe.co.uk
vat rate,3600,4.42,,other,site:watsonknipe.co.uk
income tax brackets uk,3600,5.36,,other,site:watsonknipe.co.uk
hmrc pay corporation tax,3600,15.23,,run-the-company,seed:property company tax;site:watsonknipe.co.uk
capital tax allowance uk,3600,1.85,,other,site:watsonknipe.co.uk
vat limit uk,3600,2.78,,other,site:watsonknipe.co.uk
uniform tax rebate claim,3600,1.41,,other,site:watsonknipe.co.uk
tax on isa,3600,4.35,,other,site:watsonknipe.co.uk
labour income tax plans,3600,,,other,site:watsonknipe.co.uk
evasion of tax,3600,2.76,,other,site:watsonknipe.co.uk
tax consulting near me,3600,8.58,,other,site:watsonknipe.co.uk
tax crime,3600,2.76,,other,site:watsonknipe.co.uk
cancel vehicle tax direct debit,3600,,,other,site:watsonknipe.co.uk
tax exemption,3600,4.38,,other,seed:property company tax;site:watsonknipe.co.uk
tax evader,3600,2.76,,other,site:watsonknipe.co.uk
tax reclaim uniform,3600,1.41,,other,site:watsonknipe.co.uk
uk real estate tax,3600,0.53,,other,site:watsonknipe.co.uk
valuation office agency council tax,3600,3.1,,other,site:watsonknipe.co.uk
cancel road tax direct debit,3600,,,other,seed:property company tax;site:watsonknipe.co.uk
high tax bracket,3600,4.89,,other,site:watsonknipe.co.uk
vat tax meaning,3600,3.17,,other,site:watsonknipe.co.uk
uk property taxation,3600,0.53,,other,site:watsonknipe.co.uk
valuation office council tax,3600,3.1,,other,seed:property company tax;site:watsonknipe.co.uk
uk housing tax,3600,0.53,,other,site:watsonknipe.co.uk
tax advisor near me,3600,8.58,,other,seed:property company tax;site:watsonknipe.co.uk
cancel car tax direct debit,3600,,,other,site:watsonknipe.co.uk
askmid tax,3600,0.49,,other,seed:property company tax;site:watsonknipe.co.uk
my tax payment,3600,3.48,,other,site:watsonknipe.co.uk
vehicle tax direct debit,3600,,,other,seed:property company tax;site:watsonknipe.co.uk
road tax direct debit,3600,,,other,seed:property company tax;site:watsonknipe.co.uk
value added tax rates,3600,4.42,,other,site:watsonknipe.co.uk
land tax valuation,3600,3.39,,other,site:watsonknipe.co.uk
call hmrc about tax code,3600,4.79,,other,site:watsonknipe.co.uk
gambling income tax,3600,,,other,seed:property company tax;site:watsonknipe.co.uk
work uniform tax refund,3600,1.41,,other,site:watsonknipe.co.uk
free tax check,3600,0.24,,other,seed:property company tax;site:watsonknipe.co.uk
income tax allowance,3600,1.61,,other,seed:property company tax;site:watsonknipe.co.uk
income tax return site,3600,,,other,site:watsonknipe.co.uk
dividend tax brackets uk,3600,,,run-the-company,site:watsonknipe.co.uk
40 tax bracket uk,3600,3.01,,other,seed:property company tax;site:watsonknipe.co.uk
contact hmrc about tax code,3600,4.79,,other,seed:property company tax;site:watsonknipe.co.uk
production tax credit,3600,1.96,,other,site:watsonknipe.co.uk
vat tax rate,3600,4.42,,other,site:watsonknipe.co.uk
highest tax bracket,3600,4.89,,other,site:watsonknipe.co.uk
southside property,3600,2.78,,other,seed:spv property
premier property,3600,4.65,,other,seed:spv property
tenerife property for sale,3600,0.36,,other,seed:spv property
property for sale gibraltar,3600,0.73,,other,seed:spv property
property for sale estepona,3600,2.12,,other,seed:spv property
cottages for sale uk,3600,0.11,,other,seed:spv property
property for sale chesterfield,3600,0.55,,other,seed:spv property
property for sale in cumbria,3600,0.16,,other,seed:spv property
property for sale falkirk,3600,0.59,,other,seed:spv property
property for sale suffolk,3600,0.53,,other,seed:spv property
shetland property for sale,3600,0.04,,other,seed:spv property
bridgend property for sale,3600,0.09,,other,seed:spv property
rightmove uk houses for sale,3600,1.05,,other,seed:spv property
aberdeen property for sale,3600,0.78,,other,seed:spv property
property for sale west end glasgow,3600,0.3,,other,seed:spv property
helensburgh property for sale,3600,0.16,,other,seed:spv property
property for sale in sidmouth,3600,0.31,,other,seed:spv property
property for sale helensburgh scotland,3600,0.16,,other,seed:spv property
property for sale in worcester,3600,0.31,,other,seed:spv property
property for sale weston super mare,3600,0.37,,other,seed:spv property
property for sale in exmouth,3600,0.24,,other,seed:spv property
property management company,3600,6.77,,other,seed:buy to let limited company;seed:non resident landlord company
income tax uk,3600,2.17,,other,seed:property company tax
uk property tax,3600,0.53,,other,seed:property company tax
online tax account,3600,7.85,,other,seed:property company tax
self employed tax return,3600,9.16,,other,seed:property company tax
how much tax do i pay,3600,2.33,,other,seed:property company tax
tax evasion,3600,2.76,,other,seed:property company tax
uk income tax brackets,3600,5.36,,other,seed:property company tax
higher tax bracket,3600,4.89,,other,seed:property company tax
dvla tax and mot check,3600,0.36,,other,seed:property company tax
tax van,3600,0.58,,other,seed:property company tax
glasgow council tax payment,3600,,,other,seed:property company tax
tax gambling,3600,,,other,seed:property company tax
cancel direct debit road tax,3600,,,other,seed:property company tax
tax window,3600,,,other,seed:property company tax
income tax return login,3600,,,other,seed:property company tax
personal loan comparison,3600,8.06,,other,seed:limited company mortgage
credit score check uk,3600,5.76,,other,seed:limited company mortgage
hsbc personal loan,3600,0.95,,other,seed:limited company mortgage
best interest rates uk,3600,3.57,,mortgages,seed:limited company mortgage
best personal loan rates,3600,4.54,,other,seed:limited company mortgage
halifax interest rates,3600,1.33,,mortgages,seed:limited company mortgage
guarantor mortgage,3600,4.85,,mortgages,seed:limited company mortgage
go compare loans,3600,9.92,,other,seed:limited company mortgage
peer to peer lending,3600,4.53,,other,seed:limited company mortgage
barclays isa interest rates,3600,1.2,,mortgages,seed:limited company mortgage
best loans uk,3600,7.21,,other,seed:limited company mortgage
cheap loans uk,3600,7.3,,other,seed:limited company mortgage
best bank interest rates,3600,3.7,,mortgages,seed:limited company mortgage
what are interest rates,3600,6.14,,mortgages,seed:limited company mortgage
short term loans uk,3600,9.04,,other,seed:limited company mortgage
free credit report uk,3600,6.43,,other,seed:limited company mortgage
register as a sole trader uk,3600,7.71,8,form-now,seed:registered office
tax and landlords,2900,3.43,,other,site:provestor.co.uk;site:uklandlordtax.co.uk
calculate your tax,2900,2.87,,tools,site:provestor.co.uk;site:watsonknipe.co.uk
landlord tax,2900,3.43,,other,site:provestor.co.uk
tax self assessment log in,2900,11.38,,other,site:provestor.co.uk;site:watsonknipe.co.uk
sign in self assessment tax,2900,11.38,,other,site:provestor.co.uk;site:watsonknipe.co.uk
the property centre,2900,0.27,,other,site:getground.co.uk
buy property chester,2900,0.63,,other,site:getground.co.uk
buy property coventry,2900,1,,other,site:getground.co.uk
thailand property buy,2900,0.99,,other,site:getground.co.uk
property to buy redditch,2900,0.48,,other,site:getground.co.uk
property to buy jersey,2900,0.14,,other,site:getground.co.uk
st ives property to buy,2900,0.13,,other,site:getground.co.uk
property in malaga to buy,2900,0.95,,other,site:getground.co.uk
thailand property for sale,2900,0.99,,other,seed:spv property;site:getground.co.uk
coventry property for sale,2900,1,,other,site:getground.co.uk
property for sale filey,2900,0.07,,other,seed:spv property;site:getground.co.uk
british property for sale,2900,1.57,,other,site:getground.co.uk
malaga property for sale,2900,0.95,,other,seed:spv property;site:getground.co.uk
property in donegal for sale,2900,,,other,site:getground.co.uk
corum property,2900,2.49,,other,site:getground.co.uk
stamp duty on non residential property,2900,2.02,0,transfer-in,site:uklandlordtax.co.uk;site:watsonknipe.co.uk
stamp duty business property,2900,2.02,10,transfer-in,site:uklandlordtax.co.uk;site:watsonknipe.co.uk
stamp duty on commercial property,2900,2.02,1,transfer-in,seed:property company tax;site:uklandlordtax.co.uk;site:watsonknipe.co.uk
stamp duty and the budget,2900,,3,transfer-in,site:uklandlordtax.co.uk;site:watsonknipe.co.uk
stamp duty budget,2900,,15,transfer-in,site:uklandlordtax.co.uk;site:watsonknipe.co.uk
how much can you borrow for a mortgage,2900,2.44,,mortgages,site:uklandlordtax.co.uk
your company formations,2900,7.19,,other,site:propertyspv.co.uk
uk limited company registration,2900,53.61,70,form-now,site:propertyspv.co.uk
uk ltd registration,2900,53.61,61,form-now,site:propertyspv.co.uk
company formation uk,2900,38.19,,other,site:propertyspv.co.uk
company meaning,2900,14.32,,other,site:propertyspv.co.uk
company def,2900,14.32,,other,site:propertyspv.co.uk
company definition,2900,14.32,,other,site:propertyspv.co.uk
set up a company,2900,54.15,36,form-now,site:propertyspv.co.uk
family company business,2900,7.44,,other,site:propertyspv.co.uk
vat deregistration,2900,6.28,,other,site:watsonknipe.co.uk
higher rate tax,2900,2.73,,other,seed:property company tax;site:watsonknipe.co.uk
ask the taxman,2900,5.89,,other,site:watsonknipe.co.uk
gov uk vehicle tax check,2900,0.95,,other,seed:property company tax;site:watsonknipe.co.uk
dvla tax refund,2900,,,other,seed:property company tax;site:watsonknipe.co.uk
gov uk tax code,2900,3.14,,other,site:watsonknipe.co.uk
tax on rental income,2900,2.83,,other,seed:property company tax;site:watsonknipe.co.uk
deregister for vat,2900,6.28,,other,site:watsonknipe.co.uk
check road tax status,2900,0.36,,other,site:watsonknipe.co.uk
income tax brackets,2900,3.97,,other,seed:property company tax;site:watsonknipe.co.uk
basic tax rate,2900,2.89,,other,site:watsonknipe.co.uk
hmrc income tax,2900,4.08,,other,seed:property company tax;site:watsonknipe.co.uk
calculate my tax,2900,2.87,,tools,seed:property company tax;site:watsonknipe.co.uk
gov uk personal tax,2900,2.95,,other,site:watsonknipe.co.uk
vat lookup,2900,4.59,,other,site:watsonknipe.co.uk
gov tax return,2900,3.08,,other,seed:property company tax;site:watsonknipe.co.uk
my tax code,2900,0.74,,other,site:watsonknipe.co.uk
tax relief,2900,7.72,,other,seed:property company tax;site:watsonknipe.co.uk
vat flat rate scheme,2900,3.43,,other,site:watsonknipe.co.uk
tax vehicle without v5,2900,3.05,,other,site:watsonknipe.co.uk
income tax calculator scotland,2900,2.6,,tools,seed:property company tax;site:watsonknipe.co.uk
how to get tax refund,2900,2.2,,other,site:watsonknipe.co.uk
uk tax return filing deadline,2900,4.11,,run-the-company,site:watsonknipe.co.uk
set up direct debit for council tax,2900,,0,form-now,seed:property company tax;site:watsonknipe.co.uk
uk tax filing deadline,2900,4.11,,run-the-company,site:watsonknipe.co.uk
how much corporation tax,2900,2.96,,run-the-company,site:watsonknipe.co.uk
uk taxes deadline,2900,4.11,,other,site:watsonknipe.co.uk
council tax exemption disability,2900,3.56,,other,site:watsonknipe.co.uk
rental income is taxable,2900,2.83,,other,site:watsonknipe.co.uk
gov taxes login,2900,,,other,site:watsonknipe.co.uk
tax year dates uk,2900,1.44,,other,site:watsonknipe.co.uk
how to get tax back,2900,2.2,,other,site:watsonknipe.co.uk
pay road tax uk,2900,,,other,site:watsonknipe.co.uk
tax bracket and income,2900,3.97,,other,site:watsonknipe.co.uk
change tax code,2900,2.72,,other,site:watsonknipe.co.uk
tax rebate p800,2900,3.9,,other,site:watsonknipe.co.uk
uk income tax return deadline,2900,4.11,,other,site:watsonknipe.co.uk
exit tax uk,2900,0.75,,other,site:watsonknipe.co.uk
creditable withholding tax,2900,21.81,,other,site:watsonknipe.co.uk
rental income and income tax,2900,2.83,,other,site:watsonknipe.co.uk
government tax login,2900,,,other,site:watsonknipe.co.uk
how to check road tax,2900,0.36,,other,seed:property company tax;site:watsonknipe.co.uk
uk tax declaration deadline,2900,4.11,,other,site:watsonknipe.co.uk
tax credits log in,2900,2.16,,other,site:watsonknipe.co.uk
rental income taxation,2900,2.83,,other,site:watsonknipe.co.uk
tax rent income,2900,2.83,,other,site:watsonknipe.co.uk
government tax return,2900,3.08,,other,site:watsonknipe.co.uk
taxable rental income,2900,2.83,,other,site:watsonknipe.co.uk
taxes when self employed,2900,5.27,,other,site:watsonknipe.co.uk
hmrc tax checker,2900,2.59,,other,site:watsonknipe.co.uk
taxpayer relief,2900,7.72,,other,site:watsonknipe.co.uk
when tax year ends,2900,5.53,,other,site:watsonknipe.co.uk
holiday tax,2900,0.32,,other,seed:property company tax;site:watsonknipe.co.uk
hmrc taxable income,2900,4.08,,other,site:watsonknipe.co.uk
hmrc tax check,2900,2.59,,other,seed:property company tax;site:watsonknipe.co.uk
uk tax returns deadline,2900,4.11,,other,site:watsonknipe.co.uk
pay car tax uk,2900,,,other,seed:property company tax;site:watsonknipe.co.uk
base tax rate,2900,2.89,,other,site:watsonknipe.co.uk
p800 tax refund,2900,3.9,,other,seed:property company tax;site:watsonknipe.co.uk
how to receive tax refund,2900,2.2,,other,site:watsonknipe.co.uk
cwac council tax,2900,0.27,,other,site:watsonknipe.co.uk
nhs tax exemption certificate,2900,4.08,,other,site:watsonknipe.co.uk
what is tax number,2900,1.68,,other,site:watsonknipe.co.uk
council tax disability reduction,2900,3.56,,other,seed:property company tax;site:watsonknipe.co.uk
property finder dubai,2900,3.48,,other,seed:spv property
dubai property for sale,2900,4.58,,other,seed:spv property
property for sale in north berwick,2900,0.15,,other,seed:spv property
house exchange uk,2900,1.2,,other,seed:spv property
buy house uk,2900,1.47,,other,seed:spv property
property for sale broughty ferry,2900,0.06,,other,seed:spv property
commercial property for sale birmingham,2900,1.13,,other,seed:spv property
property for sale france,2900,0.35,,other,seed:spv property
jersey property for sale,2900,0.14,,other,seed:spv property
property for sale in cornwall,2900,0.34,,other,seed:spv property
cheap houses for sale uk,2900,1.07,,other,seed:spv property
property for sale lincolnshire,2900,0.26,,other,seed:spv property
dunoon property for sale,2900,0.05,,other,seed:spv property
nairn property for sale,2900,1.02,,other,seed:spv property
property for sale ludlow,2900,0.04,,other,seed:spv property
bedford property for sale,2900,1.4,,other,seed:spv property
moray property for sale,2900,0.06,,other,seed:spv property
property for sale kirkcaldy,2900,0.42,,other,seed:spv property
property for sale lake district,2900,0.26,,other,seed:spv property
property for sale in lincoln,2900,0.46,,other,seed:spv property
property for sale in derby,2900,0.52,,other,seed:spv property
property for sale in southport,2900,0.16,,other,seed:spv property
property for sale poole,2900,0.56,,other,seed:spv property
property for sale redditch,2900,0.48,,other,seed:spv property
taunton property for sale,2900,0.43,,other,seed:spv property
property for sale in shropshire,2900,0.22,,other,seed:spv property
property for sale whitley bay,2900,0.1,,other,seed:spv property
orkney property for sale,2900,0.04,,other,seed:spv property
west lothian property for sale,2900,0.42,,other,seed:spv property
property for sale skye,2900,0.03,,other,seed:spv property
property for sale in penzance,2900,0.33,,other,seed:spv property
gov tax login,2900,,,other,seed:property company tax
uk tax year dates,2900,1.44,,other,seed:property company tax
my tax,2900,5.76,,other,seed:property company tax
tax gov,2900,2.33,,other,seed:property company tax
uk exit tax,2900,0.75,,other,seed:property company tax
tax code change,2900,2.72,,other,seed:property company tax
k tax code,2900,,,other,seed:property company tax
hmrc income tax calculator,2900,3.31,,tools,seed:property company tax
basic rate tax,2900,2.89,,other,seed:property company tax
contact council tax,2900,,,other,seed:property company tax
self employment tax,2900,5.27,,other,seed:property company tax
uk tax return deadline,2900,4.11,,other,seed:property company tax
gov.uk personal tax,2900,2.95,,other,seed:property company tax
gov.uk tax code,2900,3.14,,other,seed:property company tax
how to get a tax refund,2900,2.2,,other,seed:property company tax
hsbc interest rates,2900,1.4,,mortgages,seed:limited company mortgage
martin lewis student loans,2900,,,other,seed:limited company mortgage
personal loan calculator uk,2900,2.61,,tools,seed:limited company mortgage
business loan calculator,2900,20.53,,tools,seed:limited company mortgage
martin lewis student loan,2900,,,other,seed:limited company mortgage
student loan martin lewis,2900,,,other,seed:limited company mortgage
santander interest rates,2900,4.2,,mortgages,seed:limited company mortgage
martin lewis: student loans,2900,,,other,seed:limited company mortgage
debt consolidation loans uk,2900,29.07,,other,seed:limited company mortgage
tsb loan calculator,2900,4.36,,tools,seed:limited company mortgage
martin lewis: student loan,2900,,,other,seed:limited company mortgage
student loans martin lewis,2900,,,other,seed:limited company mortgage
uk credit rating,2900,2.62,,other,seed:limited company mortgage
martin lewis on student loans,2900,,,other,seed:limited company mortgage
lloyds interest rates,2900,0.85,,mortgages,seed:limited company mortgage
martin lewis car finance claim update,2900,8.53,,other,seed:limited company mortgage
best cash isa interest rates,2900,2.7,,mortgages,seed:limited company mortgage
rbs loan calculator,2900,0.64,,tools,seed:limited company mortgage
debt relief order uk,2900,22.09,,other,seed:limited company mortgage
skipton building society interest rates,2900,1.37,,mortgages,seed:limited company mortgage
debt help uk,2900,43.19,,other,seed:limited company mortgage
forms office,2900,4.97,,other,seed:registered office
office forms,2900,6.89,,other,seed:registered office
making tax digital for landlords,2400,12.01,,other,site:provestor.co.uk;site:uklandlordtax.co.uk;site:watsonknipe.co.uk
hmrc making tax digital,2400,8.3,,other,seed:property company tax;site:provestor.co.uk;site:watsonknipe.co.uk
tax self assessment deadline,2400,3.75,,other,site:provestor.co.uk;site:watsonknipe.co.uk
hmrc self assessment tax return,2400,13.5,,other,seed:property company tax;site:provestor.co.uk;site:watsonknipe.co.uk
company car income tax,2400,2.11,,other,site:provestor.co.uk;site:watsonknipe.co.uk
buy property menorca,2400,0.28,,other,site:getground.co.uk
buy property benidorm,2400,0.51,,other,site:getground.co.uk
southwest property centre stranraer,2400,0.21,,other,site:getground.co.uk
kefalonia property to buy,2400,0.51,,other,site:getground.co.uk
buy property in peterborough,2400,0.66,,other,site:getground.co.uk
buy property south of france,2400,0.61,,other,site:getground.co.uk
buy property in bognor regis,2400,0.3,,other,site:getground.co.uk
property to buy in broadstairs,2400,0.3,,other,site:getground.co.uk
buy property in monte carlo,2400,1.05,,other,site:getground.co.uk
property to buy in tuscany italy,2400,0.71,,other,site:getground.co.uk
property to buy in torrevieja spain,2400,0.55,,other,site:getground.co.uk
irish property for sale,2400,0.72,,other,site:getground.co.uk
ibiza property for sale,2400,0.95,,other,seed:spv property;site:getground.co.uk
property for sale reading,2400,0.89,,other,seed:spv property;site:getground.co.uk
canterbury property for sale,2400,0.52,,other,seed:spv property;site:getground.co.uk
property for sale ie,2400,0.72,,other,site:getground.co.uk
tuscany property for sale,2400,0.71,,other,seed:spv property;site:getground.co.uk
property for sale kefalonia,2400,0.51,,other,site:getground.co.uk
lomond property,2400,0.1,,other,site:getground.co.uk
commercial property for sale near me,2400,1.09,,other,seed:spv property;site:getground.co.uk
limited company buy to let mortgage,2400,8.79,,mortgages,site:uklandlordtax.co.uk
stamp duty land tax return,2400,1.68,0,transfer-in,site:uklandlordtax.co.uk;site:watsonknipe.co.uk
ltd company buy to let mortgage,2400,8.79,,mortgages,site:uklandlordtax.co.uk
company registration luxembourg,2400,9.7,0,form-now,site:propertyspv.co.uk
new company registration,2400,60.71,38,form-now,site:propertyspv.co.uk
what private limited company,2400,2.68,,other,site:propertyspv.co.uk
company number,2400,17.44,,other,site:propertyspv.co.uk
jersey company register,2400,,0,form-now,site:propertyspv.co.uk
jersey company registry,2400,,,other,site:propertyspv.co.uk
closing a limited company,2400,12.66,,other,site:propertyspv.co.uk
company director definition,2400,11.82,,other,site:propertyspv.co.uk
luxembourg company registry,2400,9.7,,other,site:propertyspv.co.uk
register new company,2400,60.71,61,form-now,site:propertyspv.co.uk
hmrc tax free childcare,2400,,,other,site:watsonknipe.co.uk
tax office number,2400,5.28,,other,seed:property company tax;site:watsonknipe.co.uk
tax service gov uk,2400,2.33,,other,seed:property company tax;site:watsonknipe.co.uk
withholding tax,2400,,,other,seed:property company tax;site:watsonknipe.co.uk
married tax allowance,2400,,,other,seed:property company tax;site:watsonknipe.co.uk
tax car online uk,2400,1.76,,other,seed:property company tax;site:watsonknipe.co.uk
check tax status,2400,0.42,,other,seed:property company tax;site:watsonknipe.co.uk
vat account,2400,27.79,,other,site:watsonknipe.co.uk
submit tax return,2400,16.1,,other,seed:property company tax;site:watsonknipe.co.uk
standard tax code,2400,,,other,seed:property company tax;site:watsonknipe.co.uk
vat registration number,2400,15.73,21,form-now,site:watsonknipe.co.uk
find company vat number,2400,2.72,,other,seed:property company tax;site:watsonknipe.co.uk
tax free,2400,1.87,,other,site:watsonknipe.co.uk
gov.uk income tax,2400,2.02,,other,site:watsonknipe.co.uk
2nd job tax,2400,1.32,,other,site:watsonknipe.co.uk
2nd home council tax,2400,0.25,,other,site:watsonknipe.co.uk
hmrc incorrect tax code,2400,4.5,,other,site:watsonknipe.co.uk
tax avoidance vs evasion,2400,,,other,site:watsonknipe.co.uk
income tax scotland,2400,3.87,,other,seed:property company tax;site:watsonknipe.co.uk
second job tax,2400,1.32,,other,seed:property company tax;site:watsonknipe.co.uk
change direct debit for car tax,2400,,,other,site:watsonknipe.co.uk
get vat number for company,2400,2.72,,other,site:watsonknipe.co.uk
gov.uk check tax and mot,2400,0.39,,other,site:watsonknipe.co.uk
vat registration number in uk,2400,7.04,15,form-now,site:watsonknipe.co.uk
vat id uk,2400,7.04,,other,site:watsonknipe.co.uk
taxservice gov,2400,2.33,,other,site:watsonknipe.co.uk
tax adviser,2400,18.08,,other,site:watsonknipe.co.uk
customs tax calculator,2400,2.11,,tools,site:watsonknipe.co.uk
how to claim back road tax,2400,0.64,,other,site:watsonknipe.co.uk
vat id registration,2400,15.73,27,form-now,site:watsonknipe.co.uk
vat number uk,2400,7.04,,other,site:watsonknipe.co.uk
government gateway tax,2400,3.12,,other,seed:property company tax;site:watsonknipe.co.uk
tax attorney,2400,12.83,,other,site:watsonknipe.co.uk
taxes map,2400,0.04,,other,site:watsonknipe.co.uk
council tax on a second home,2400,0.25,,other,site:watsonknipe.co.uk
research development tax,2400,35.22,,other,site:watsonknipe.co.uk
personal income tax allowance uk,2400,1.95,,other,site:watsonknipe.co.uk
highest tax rate uk,2400,1.66,,other,site:watsonknipe.co.uk
how to avoid death tax,2400,2.84,,other,site:watsonknipe.co.uk
company vat number lookup,2400,2.72,,other,site:watsonknipe.co.uk
hm revenue self assessment tax return,2400,13.5,,other,site:watsonknipe.co.uk
tax sorn vehicle,2400,,,other,site:watsonknipe.co.uk
tax service gov,2400,2.33,,other,site:watsonknipe.co.uk
after tax income,2400,5.85,,other,site:watsonknipe.co.uk
find a business vat number,2400,2.72,,other,site:watsonknipe.co.uk
vat no registration,2400,15.73,29,form-now,site:watsonknipe.co.uk
tax avoidance versus tax evasion,2400,,,other,site:watsonknipe.co.uk
company vat number search,2400,2.72,,other,site:watsonknipe.co.uk
withheld tax,2400,,,other,site:watsonknipe.co.uk
check tax and mot gov uk,2400,0.39,,other,site:watsonknipe.co.uk
uk tax allowance,2400,2.36,,other,seed:property company tax;site:watsonknipe.co.uk
basic tax rate uk,2400,5.93,,other,site:watsonknipe.co.uk
mot check gov tax,2400,0.57,,other,site:watsonknipe.co.uk
gov check mot and tax,2400,0.57,,other,site:watsonknipe.co.uk
uk vat codes,2400,7.04,,other,site:watsonknipe.co.uk
register for vat number,2400,15.73,25,form-now,site:watsonknipe.co.uk
single occupancy council tax,2400,,,other,seed:property company tax;site:watsonknipe.co.uk
tax research and development,2400,35.22,,other,site:watsonknipe.co.uk
1263l tax code,2400,,,other,site:watsonknipe.co.uk
wrong tax code hmrc,2400,4.5,,other,site:watsonknipe.co.uk
vehicle tax online uk,2400,1.76,,other,site:watsonknipe.co.uk
uk tax personal allowance,2400,1.95,,other,site:watsonknipe.co.uk
vat number gb,2400,7.04,,other,site:watsonknipe.co.uk
road tax check gov,2400,0.68,,other,seed:property company tax;site:watsonknipe.co.uk
uk income tax allowance,2400,1.95,,other,site:watsonknipe.co.uk
dubai property,2400,4.07,,other,seed:spv property
property hub,2400,3.21,,other,seed:spv property
derelict property for sale,2400,0.31,,other,seed:spv property
spanish property for sale,2400,0.63,,other,seed:spv property
rightmove commercial property for sale,2400,1.78,,other,seed:spv property
property for sale hull,2400,0.59,,other,seed:spv property
rural property for sale,2400,0.17,,other,seed:spv property
property for sale elgin,2400,0.45,,other,seed:spv property
commercial property for sale manchester,2400,1.07,,other,seed:spv property
barbados property for sale,2400,1.78,,other,seed:spv property
tenby property for sale,2400,0.07,,other,seed:spv property
property for sale darlington,2400,0.24,,other,seed:spv property
property for sale cirencester,2400,0.17,,other,seed:spv property
property for sale peebles,2400,0.07,,other,seed:spv property
fuerteventura property for sale,2400,0.34,,other,seed:spv property
mojacar property for sale,2400,0.16,,other,seed:spv property
property for sale south of france,2400,0.61,,other,seed:spv property
rural property for sale in scotland,2400,0.08,,other,seed:spv property
hitchin property for sale,2400,0.54,,other,seed:spv property
property aberdeenshire for sale,2400,0.3,,other,seed:spv property
inverclyde property for sale,2400,0.15,,other,seed:spv property
property for sale in kefalonia,2400,0.51,,other,seed:spv property
property for sale bude,2400,0.26,,other,seed:spv property
property for sale highlands,2400,0.09,,other,seed:spv property
property for sale llanelli,2400,0.08,,other,seed:spv property
property for sale tuscany,2400,0.71,,other,seed:spv property
property for sale richmond,2400,1,,other,seed:spv property
doncaster property for sale,2400,0.37,,other,seed:spv property
property for sale in swanage,2400,0.05,,other,seed:spv property
property for sale south shields,2400,0.15,,other,seed:spv property
property for sale in arran,2400,0.04,,other,seed:spv property
north devon property for sale,2400,0.33,,other,seed:spv property
property for sale deal,2400,0.25,,other,seed:spv property
isle of arran property for sale,2400,0.04,,other,seed:spv property
company tax return,2400,17.07,,other,seed:property company tax
tax return online,2400,8.35,,other,seed:property company tax
my tax digital,2400,15.64,,other,seed:property company tax
road tax refund,2400,1.26,,other,seed:property company tax
tax avoidance vs tax evasion,2400,,,other,seed:property company tax
tax year dates 24/25,2400,,,other,seed:property company tax
hmrc wrong tax code,2400,4.5,,other,seed:property company tax
uk tax identification number,2400,1.44,,other,seed:property company tax
gov road tax,2400,0.31,,other,seed:property company tax
tax advisor,2400,18.08,,other,seed:property company tax
council tax online account,2400,,,other,seed:property company tax
how to check my tax code,2400,0.8,,other,seed:property company tax
hmrc tax code change,2400,3.18,,other,seed:property company tax
how to register for council tax,2400,2.09,0,form-now,seed:property company tax
self assessment tax return deadline,2400,3.75,,other,seed:property company tax
gov uk income tax,2400,2.02,,other,seed:property company tax
uk personal tax allowance,2400,1.95,,other,seed:property company tax
tax code 1257l meaning,2400,,,other,seed:property company tax
making tax digital self employed,2400,12.77,,other,seed:property company tax
farming inheritance tax,2400,6,,other,seed:property company tax
council tax on second homes,2400,0.25,,other,seed:property company tax
student loan interest rates uk,2400,2.43,,mortgages,seed:limited company mortgage
buy car on finance,2400,10.19,,other,seed:limited company mortgage
loan overpayment calculator,2400,5.71,,tools,seed:limited company mortgage
personal loan rates,2400,3.2,,other,seed:limited company mortgage
hmrc interest rates,2400,,,mortgages,seed:limited company mortgage
martin lewis car finance update,2400,5.66,,other,seed:limited company mortgage
loan rates,2400,2.89,,other,seed:limited company mortgage
loan to value,2400,9.12,,other,seed:limited company mortgage
barclays cash isa rates,2400,3.05,,other,seed:limited company mortgage
pension credit uk,2400,5.37,,other,seed:limited company mortgage
car finance uk,2400,9.32,,other,seed:limited company mortgage
lloyds cash isa rates,2400,0.63,,other,seed:limited company mortgage
fast loan uk,2400,5.23,,other,seed:limited company mortgage
secured loan calculator,2400,43.18,,tools,seed:limited company mortgage
loan to value ratio,2400,9.12,,other,seed:limited company mortgage
best fixed rate cash isa uk,2400,1.85,,other,seed:limited company mortgage
small loans uk,2400,8.17,,other,seed:limited company mortgage
interest rates definition,2400,,,mortgages,seed:limited company mortgage
lloyds savings rates,2400,0.73,,other,seed:limited company mortgage
bank accounts for 16 year olds,2400,6.23,,run-the-company,seed:limited company mortgage
principality building society interest rates,2400,0.95,,mortgages,seed:limited company mortgage
car finance claims gov uk,2400,24.78,,other,seed:limited company mortgage
bridging loans uk,2400,21.57,,other,seed:limited company mortgage
online loans uk,2400,7.59,,other,seed:limited company mortgage
petitions gov uk,2400,3.92,,other,seed:registered office
letter format uk,2400,0.38,,other,seed:registered office
power of attorney forms uk,2400,4.06,,other,seed:registered office
what is a holding company,2400,1.14,,other,seed:non resident landlord company
uk property investors,1900,12.33,,other,site:provestor.co.uk
pay self assessment tax bill,1900,2.63,,other,seed:property company tax;site:provestor.co.uk;site:watsonknipe.co.uk
what tax returns,1900,1.04,,other,site:provestor.co.uk;site:watsonknipe.co.uk
buy property,1900,1.55,,other,seed:spv property;site:getground.co.uk
buy property hove,1900,0.18,,other,site:getground.co.uk
buy property in sicily,1900,0.63,,other,site:getground.co.uk
buy property gran canaria,1900,0.18,,other,site:getground.co.uk
how can you sell your house quickly,1900,25.43,,other,site:getground.co.uk
how can you sell your house fast,1900,25.43,,other,site:getground.co.uk
isles of scilly property to buy,1900,0.03,,other,site:getground.co.uk
property for sale frome,1900,0.3,,other,seed:spv property;site:getground.co.uk
property for sale hove,1900,0.18,,other,seed:spv property;site:getground.co.uk
sicily property for sale,1900,0.63,,other,seed:spv property;site:getground.co.uk
chelmsford property for sale,1900,0.61,,other,site:getground.co.uk
property for sale stroud,1900,0.22,,other,site:getground.co.uk
capital gains property tax calculator,1900,3.68,9,transfer-in,site:uklandlordtax.co.uk
how to compute capital gains tax,1900,1.81,5,transfer-in,site:uklandlordtax.co.uk
how to calculate capital gains tax,1900,1.81,11,transfer-in,site:uklandlordtax.co.uk
mortgage for holiday property,1900,12.64,,mortgages,site:uklandlordtax.co.uk
how to calculate capital gains,1900,1.81,4,transfer-in,site:uklandlordtax.co.uk
how to calculate stamp duty,1900,0.88,34,transfer-in,site:uklandlordtax.co.uk
how is stamp duty calculated,1900,0.88,31,transfer-in,site:uklandlordtax.co.uk
holiday let mortgages,1900,12.64,,mortgages,site:uklandlordtax.co.uk
change company name,1900,6.84,,other,site:propertyspv.co.uk
company works,1900,5.32,,other,site:propertyspv.co.uk
register company hmrc,1900,9.15,73,form-now,site:propertyspv.co.uk
open limited company,1900,63.23,,other,site:propertyspv.co.uk
naming company ideas,1900,1.48,,other,site:propertyspv.co.uk
s455 tax,1900,0.23,,other,seed:property company tax;site:watsonknipe.co.uk
d0 tax code,1900,,,other,seed:property company tax;site:watsonknipe.co.uk
normal tax code,1900,,,other,seed:property company tax;site:watsonknipe.co.uk
pay my tax bill,1900,1.9,,other,seed:property company tax;site:watsonknipe.co.uk
check tax online,1900,1.66,,other,seed:property company tax;site:watsonknipe.co.uk
vat helpline,1900,7.22,,other,site:watsonknipe.co.uk
eis tax relief,1900,4.17,,other,seed:property company tax;site:watsonknipe.co.uk
vat certificate,1900,9.44,,other,site:watsonknipe.co.uk
indirect tax,1900,8.09,,other,seed:property company tax;site:watsonknipe.co.uk
tax codes explained,1900,3.35,,other,seed:property company tax;site:watsonknipe.co.uk
postponed vat statement,1900,,,other,site:watsonknipe.co.uk
hmrc personal tax,1900,1.66,,other,seed:property company tax;site:watsonknipe.co.uk
digital tax,1900,11.64,,other,seed:property company tax;site:watsonknipe.co.uk
council tax band b cost,1900,,,other,site:watsonknipe.co.uk
income tax department,1900,,,other,site:watsonknipe.co.uk
tax aid,1900,8.48,,other,seed:property company tax;site:watsonknipe.co.uk
mot tax check history,1900,0.22,,other,seed:property company tax;site:watsonknipe.co.uk
taxation accountant,1900,12.77,,other,site:watsonknipe.co.uk
how to pay road tax,1900,1.48,,other,seed:property company tax;site:watsonknipe.co.uk
hm revenue and customs letter,1900,3.77,,other,site:watsonknipe.co.uk
council tax direct debit,1900,1.2,,other,seed:property company tax;site:watsonknipe.co.uk
gov uk vehicle tax sorn,1900,,,other,site:watsonknipe.co.uk
isa tax free allowance,1900,3.18,,other,seed:property company tax;site:watsonknipe.co.uk
search vat number by company name,1900,3.5,,other,site:watsonknipe.co.uk
2nd homes tax,1900,0.26,,other,site:watsonknipe.co.uk
second home owners tax,1900,0.26,,other,site:watsonknipe.co.uk
tax gateway,1900,3.64,,other,seed:property company tax;site:watsonknipe.co.uk
gift taxation uk,1900,0.55,,other,site:watsonknipe.co.uk
wage taxes uk,1900,1.47,,other,site:watsonknipe.co.uk
income tax bands scotland,1900,,,other,seed:property company tax;site:watsonknipe.co.uk
vat number check by company name,1900,3.5,,other,seed:property company tax;site:watsonknipe.co.uk
find vat number by company name,1900,3.5,,other,site:watsonknipe.co.uk
check my tax refund,1900,3.6,,other,seed:property company tax;site:watsonknipe.co.uk
uk tax salary,1900,1.47,,other,site:watsonknipe.co.uk
isle of man uk tax,1900,,,other,site:watsonknipe.co.uk
s.455 tax,1900,0.23,,other,site:watsonknipe.co.uk
how to find out council tax band,1900,0.23,,other,site:watsonknipe.co.uk
late filing penalty companies house,1900,4.34,,run-the-company,site:watsonknipe.co.uk
tax on alcohol,1900,,,other,site:watsonknipe.co.uk
tax renewal,1900,,,other,seed:property company tax;site:watsonknipe.co.uk
when corporate taxes are due,1900,5.11,,other,site:watsonknipe.co.uk
claim back my car tax,1900,3.89,,other,site:watsonknipe.co.uk
gov.uk tax refund,1900,2.43,,other,seed:property company tax;site:watsonknipe.co.uk
car tax when due,1900,0.95,,other,site:watsonknipe.co.uk
eis scheme tax relief,1900,4.17,,other,site:watsonknipe.co.uk
income tax authority,1900,,,other,site:watsonknipe.co.uk
childcare tax,1900,,,other,site:watsonknipe.co.uk
federation of tax administrators,1900,5.61,,other,site:watsonknipe.co.uk
wrong tax code,1900,7.01,,other,seed:property company tax;site:watsonknipe.co.uk
second home tax,1900,0.26,,other,seed:property company tax;site:watsonknipe.co.uk
tax free personal allowance,1900,2.61,,other,seed:property company tax;site:watsonknipe.co.uk
pip road tax exemption,1900,3.1,,other,site:watsonknipe.co.uk
claim back car tax,1900,3.89,,other,seed:property company tax;site:watsonknipe.co.uk
dvla pay tax,1900,,,other,seed:property company tax;site:watsonknipe.co.uk
when corporation tax due,1900,5.11,,run-the-company,site:watsonknipe.co.uk
gifting tax uk,1900,0.55,,other,site:watsonknipe.co.uk
incorrect tax code,1900,7.01,,other,site:watsonknipe.co.uk
claim road tax back,1900,3.89,,other,site:watsonknipe.co.uk
taxable gifts uk,1900,0.55,,other,site:watsonknipe.co.uk
mcr property group,1900,12.02,,other,seed:spv property
commercial property for sale glasgow,1900,1.24,,other,seed:spv property
private islands for sale,1900,0.73,,other,seed:spv property
mansions for sale uk,1900,1.15,,other,seed:spv property
property in portugal,1900,0.85,,other,seed:spv property
commercial property for sale edinburgh,1900,0.87,,other,seed:spv property
islands for sale uk,1900,1.58,,other,seed:spv property
property for sale isle of bute,1900,0.06,,other,seed:spv property
the property shop,1900,4.01,,other,seed:spv property
cheapest place to buy a house in uk,1900,2.35,,other,seed:spv property
property for sale montrose,1900,0.15,,other,seed:spv property
gran canaria property for sale,1900,0.18,,other,seed:spv property
property for sale newton abbot,1900,0.15,,other,seed:spv property
property for sale dartmouth,1900,0.06,,other,seed:spv property
guernsey property for sale,1900,0.09,,other,seed:spv property
property for sale milngavie,1900,0.41,,other,seed:spv property
buy property in spain,1900,1.5,,other,seed:spv property
rye property for sale,1900,0.12,,other,seed:spv property
isles of scilly property for sale,1900,0.03,,other,seed:spv property
property for sale in the dordogne,1900,0.33,,other,seed:spv property
commercial property for sale leicester,1900,1.19,,other,seed:spv property
property for sale durham,1900,0.46,,other,seed:spv property
property for sale minehead,1900,0.1,,other,seed:spv property
gourock property for sale,1900,0.08,,other,seed:spv property
nerja property for sale,1900,0.31,,other,seed:spv property
louth property for sale,1900,0.19,,other,seed:spv property
marlow property for sale,1900,0.26,,other,seed:spv property
property for sale in stroud,1900,0.22,,other,seed:spv property
costa del sol property for sale,1900,1.27,,other,seed:spv property
property for sale in preston,1900,0.61,,other,seed:spv property
property for sale in gosport,1900,0.17,,other,seed:spv property
ciudad quesada property for sale,1900,0.29,,other,seed:spv property
property for sale motherwell,1900,0.43,,other,seed:spv property
property for sale droitwich,1900,0.2,,other,seed:spv property
forres property for sale,1900,0.11,,other,seed:spv property
property for sale newport,1900,0.39,,other,seed:spv property
romsey property for sale,1900,0.24,,other,seed:spv property
petersfield property for sale,1900,0.35,,other,seed:spv property
epsom property for sale,1900,1.1,,other,seed:spv property
belfast property agency,1900,1.52,,other,seed:spv property
property for sale in hove,1900,0.18,,other,seed:spv property
property for sale hampshire,1900,0.37,,other,seed:spv property
highland property for sale,1900,0.07,,other,seed:spv property
property for sale portsmouth,1900,0.43,,other,seed:spv property
property for sale dorchester,1900,1.57,,other,seed:spv property
isle of mull property for sale,1900,0.04,,other,seed:spv property
property for sale leek,1900,0.07,,other,seed:spv property
online property estate agents,1900,6.4,,other,seed:spv property
property for sale in hornsea,1900,0.14,,other,seed:spv property
property for sale in leek,1900,0.07,,other,seed:spv property
property for sale bridge of allan,1900,0.19,,other,seed:spv property
tax office reference number,1900,2.28,,other,seed:property company tax
after tax,1900,0.02,,other,seed:property company tax
tax year 24/25,1900,,,other,seed:property company tax
council tax uk,1900,1.95,,other,seed:property company tax
tax refund calculator,1900,1.56,,tools,seed:property company tax
council tax refund,1900,3.21,,other,seed:property company tax
wealth tax uk,1900,2.71,,other,seed:property company tax
uk income tax rates 2026/27,1900,4.73,,other,seed:property company tax
tax vehicle online uk,1900,2.71,,other,seed:property company tax
how to find council tax band,1900,0.23,,other,seed:property company tax
tax accountant,1900,12.77,,other,seed:property company tax
gift tax uk,1900,0.55,,other,seed:property company tax
uk salary tax,1900,1.47,,other,seed:property company tax
gov uk tax refund,1900,2.43,,other,seed:property company tax
how to change my tax code,1900,5.77,,other,seed:property company tax
bic code,1900,1.85,,other,seed:sic code spv
ltd company mortgages,1900,11.04,,mortgages,seed:limited company mortgage
best personal loan rates uk,1900,4.09,,other,seed:limited company mortgage
check credit score uk,1900,5.25,,other,seed:limited company mortgage
how to apply for student finance,1900,7.27,,other,seed:limited company mortgage
company credit check,1900,15.64,,other,seed:limited company mortgage
natwest cash isa rates,1900,1.02,,other,seed:limited company mortgage
guarantor loans uk,1900,3.73,,other,seed:limited company mortgage
coventry building society interest rates,1900,1.8,,mortgages,seed:limited company mortgage
average credit score uk,1900,4.86,,other,seed:limited company mortgage
low interest loans uk,1900,7.46,,other,seed:limited company mortgage
tesco bank loan calculator,1900,1.06,,tools,seed:limited company mortgage
first direct loan calculator,1900,3.95,,tools,seed:limited company mortgage
uk debt expert,1900,7.66,,other,seed:limited company mortgage
best car finance deals uk,1900,7.03,,other,seed:limited company mortgage
no deposit car finance,1900,12.43,,other,seed:limited company mortgage
kent reliance interest rates,1900,6.01,,mortgages,seed:limited company mortgage
car loan interest rates,1900,5.91,,mortgages,seed:limited company mortgage
loan interest rates,1900,2.98,,mortgages,seed:limited company mortgage
zero deposit car finance,1900,10.83,,other,seed:limited company mortgage
copy of birth certificate uk,1900,1.56,,other,seed:registered office
resignation letter uk,1900,0.25,,other,seed:registered office
holding company,1900,8.76,,other,seed:non resident landlord company
tax percentage for self employed,1600,3.46,,other,site:provestor.co.uk;site:watsonknipe.co.uk
how to pay self assessment tax,1600,8.17,,other,seed:property company tax;site:provestor.co.uk;site:watsonknipe.co.uk
how to pay company tax,1600,7.62,,other,site:getground.co.uk;site:provestor.co.uk;site:watsonknipe.co.uk
uk tax self assessment,1600,13.65,,other,seed:property company tax;site:provestor.co.uk;site:watsonknipe.co.uk
self employed tax rates,1600,3.46,,other,seed:property company tax;site:provestor.co.uk;site:watsonknipe.co.uk
self employed tax brackets,1600,3.46,,other,site:provestor.co.uk;site:watsonknipe.co.uk
unique property company,1600,0.21,,other,seed:spv property;site:getground.co.uk
buy property paphos,1600,1.11,,other,site:getground.co.uk
property to buy in villamartin,1600,0.27,,other,site:getground.co.uk
marbella property for sale,1600,2.11,,other,seed:spv property;site:getground.co.uk
valencia property for sale,1600,0.39,,other,site:getground.co.uk
property for sale leven,1600,0.22,,other,seed:spv property;site:getground.co.uk
property for sale livingston,1600,0.69,,other,site:getground.co.uk
property for sale sardinia,1600,0.66,,other,site:getground.co.uk
property for sale in the republic of ireland,1600,0.45,,other,site:getground.co.uk
property development,1600,10.07,,other,seed:spv property;site:getground.co.uk
reporting capital gains tax,1600,5.37,4,transfer-in,site:uklandlordtax.co.uk;site:watsonknipe.co.uk
hmrc inheritance tax,1600,7.54,,other,seed:property company tax;site:uklandlordtax.co.uk;site:watsonknipe.co.uk
stamp duty refund,1600,4.22,4,transfer-in,site:uklandlordtax.co.uk;site:watsonknipe.co.uk
limited company tax calculator,1600,4.44,,tools,site:uklandlordtax.co.uk
irish company registration,1600,14.74,0,form-now,site:propertyspv.co.uk
company registration germany,1600,6.78,0,form-now,site:propertyspv.co.uk
company registration isle of man,1600,9.54,0,form-now,site:propertyspv.co.uk
business registration,1600,39.13,53,form-now,site:propertyspv.co.uk
business registration ireland,1600,14.74,11,form-now,site:propertyspv.co.uk
company house close a company,1600,4.03,,other,site:propertyspv.co.uk
company information uk,1600,6.79,,other,site:propertyspv.co.uk
run company,1600,0.94,,other,site:propertyspv.co.uk
companies house how to close a company,1600,4.03,,run-the-company,site:propertyspv.co.uk
start a ltd company,1600,52.5,,other,site:propertyspv.co.uk
private limited company definition,1600,0.2,,other,site:propertyspv.co.uk
check limited company,1600,14.18,,other,site:propertyspv.co.uk
ltd company check,1600,14.18,,other,site:propertyspv.co.uk
explain limited company,1600,8.94,,other,site:propertyspv.co.uk
uk company info,1600,6.79,,other,site:propertyspv.co.uk
company registry germany,1600,6.78,,other,site:propertyspv.co.uk
limited company definition,1600,8.94,,other,site:propertyspv.co.uk
irish company registry,1600,14.74,,other,site:propertyspv.co.uk
irish company register,1600,14.74,12,form-now,site:propertyspv.co.uk
register for vat hmrc,1600,11.51,16,form-now,site:watsonknipe.co.uk
hmrc vat registration,1600,11.51,11,form-now,site:watsonknipe.co.uk
pay my car tax online,1600,,,other,seed:property company tax;site:watsonknipe.co.uk
hmrc vat payment details,1600,6.96,,other,site:watsonknipe.co.uk
tax code meaning,1600,9.74,,other,seed:property company tax;site:watsonknipe.co.uk
how to pay corporation tax,1600,7.62,,run-the-company,seed:property company tax;site:watsonknipe.co.uk
m1 tax code,1600,,,other,seed:property company tax;site:watsonknipe.co.uk
tax code 0t m1,1600,,,other,seed:property company tax;site:watsonknipe.co.uk
tax code calculator,1600,,,tools,seed:property company tax;site:watsonknipe.co.uk
gosimpletax,1600,12.04,,other,site:watsonknipe.co.uk
gov uk vehicle tax direct debit,1600,,,other,site:watsonknipe.co.uk
register for corporation tax,1600,27.96,2,form-now,seed:property company tax;site:watsonknipe.co.uk
online vat application,1600,13.83,,other,site:watsonknipe.co.uk
what is tax code ot,1600,,,other,site:watsonknipe.co.uk
taxpayer calculator,1600,2.45,,tools,site:watsonknipe.co.uk
hmrc tax free allowance,1600,1.59,,other,seed:property company tax;site:watsonknipe.co.uk
uniform tax relief,1600,1.58,,other,site:watsonknipe.co.uk
franchise tax board of ca,1600,,,other,site:watsonknipe.co.uk
second home council tax loophole,1600,,,other,site:watsonknipe.co.uk
tax and sole trader,1600,7.34,,other,site:watsonknipe.co.uk
hmrc number tax,1600,6.67,,other,site:watsonknipe.co.uk
taxation sole trader,1600,7.34,,other,site:watsonknipe.co.uk
hmrc vat application,1600,11.51,,other,site:watsonknipe.co.uk
federal income tax in usa,1600,3.65,,other,site:watsonknipe.co.uk
taxable,1600,7.6,,other,site:watsonknipe.co.uk
look up vat number,1600,2.46,,other,site:watsonknipe.co.uk
taxation accountant near me,1600,8.01,,other,site:watsonknipe.co.uk
hmrc tax allowances,1600,1.88,,other,site:watsonknipe.co.uk
income taxes united states,1600,3.65,,other,site:watsonknipe.co.uk
franchise tax board california,1600,,,other,site:watsonknipe.co.uk
vat registration online,1600,13.83,12,form-now,site:watsonknipe.co.uk
work out tax,1600,3.87,,other,seed:property company tax;site:watsonknipe.co.uk
tax and gifts,1600,1.48,,other,site:watsonknipe.co.uk
council tax reduction universal credit,1600,,,other,site:watsonknipe.co.uk
state of california franchise tax board,1600,,,other,site:watsonknipe.co.uk
income tax in usa,1600,3.65,,other,site:watsonknipe.co.uk
change council tax direct debit,1600,,,other,site:watsonknipe.co.uk
how to pay vehicle tax,1600,,,other,site:watsonknipe.co.uk
goods and services tax login,1600,,,other,site:watsonknipe.co.uk
road tax uk rates,1600,0.27,,other,site:watsonknipe.co.uk
vehicle tax uk rates,1600,0.27,,other,site:watsonknipe.co.uk
vat registration uk,1600,12.89,21,form-now,site:watsonknipe.co.uk
tax as sole trader,1600,7.34,,other,site:watsonknipe.co.uk
us tax rates,1600,4.52,,other,seed:property company tax;site:watsonknipe.co.uk
gov tax refund,1600,2.18,,other,seed:property company tax;site:watsonknipe.co.uk
income tax in us,1600,3.65,,other,site:watsonknipe.co.uk
student council tax,1600,2.44,,other,site:watsonknipe.co.uk
vehicle tax cost,1600,0.12,,other,seed:property company tax;site:watsonknipe.co.uk
register for vat uk,1600,12.89,9,form-now,site:watsonknipe.co.uk
tax code in scotland,1600,4.47,,other,site:watsonknipe.co.uk
council tax statement,1600,,,other,seed:property company tax;site:watsonknipe.co.uk
income tax how much,1600,,,other,site:watsonknipe.co.uk
isle of man tax rates,1600,,,other,seed:property company tax;site:watsonknipe.co.uk
america income tax,1600,3.65,,other,site:watsonknipe.co.uk
sole trader tax,1600,7.34,,other,seed:property company tax;site:watsonknipe.co.uk
american tax income,1600,3.65,,other,site:watsonknipe.co.uk
cpa for taxes near me,1600,8.01,,other,site:watsonknipe.co.uk
gift taxation,1600,1.48,,other,site:watsonknipe.co.uk
check my income tax,1600,2.94,,other,site:watsonknipe.co.uk
tax accountants close to me,1600,8.01,,other,site:watsonknipe.co.uk
tax accountant near me,1600,8.01,,other,seed:property company tax;site:watsonknipe.co.uk
council tax account number,1600,,,other,seed:property company tax;site:watsonknipe.co.uk
business taxation,1600,8.83,,other,site:watsonknipe.co.uk
check council tax balance,1600,,,other,site:watsonknipe.co.uk
uniform tax allowance,1600,1.58,,other,site:watsonknipe.co.uk
gift tax,1600,1.48,,other,seed:property company tax;site:watsonknipe.co.uk
gov tax back,1600,2.18,,other,site:watsonknipe.co.uk
tax and mot history,1600,0.31,,other,seed:property company tax;site:watsonknipe.co.uk
tax code 0tm1,1600,,,other,site:watsonknipe.co.uk
property for sale hamilton,1600,0.58,,other,seed:spv property
buy land uk,1600,0.48,,other,seed:spv property
ig property,1600,9.77,,other,seed:spv property
property in dubai,1600,4.92,,other,seed:spv property
dubai property prices,1600,3.51,,other,seed:spv property
property to buy,1600,0.71,,other,seed:spv property
buy commercial property,1600,3.13,,other,seed:spv property
stately homes for sale uk,1600,0.41,,other,seed:spv property
cyprus property,1600,1.28,,other,seed:spv property
peter james property,1600,3.75,,other,seed:spv property
sardinia property for sale,1600,0.66,,other,seed:spv property
faversham property for sale,1600,0.18,,other,seed:spv property
new zealand property for sale,1600,0.26,,other,seed:spv property
commercial property for sale leeds,1600,0.96,,other,seed:spv property
paphos property for sale,1600,1.11,,other,seed:spv property
property for sale angus,1600,0.11,,other,seed:spv property
property for sale ely,1600,0.36,,other,seed:spv property
tayside property online,1600,1.15,,other,seed:spv property
property for sale burntisland,1600,0.49,,other,seed:spv property
commercial property for sale liverpool,1600,0.8,,other,seed:spv property
fort william property for sale,1600,0.12,,other,seed:spv property
mumbles property for sale,1600,0.05,,other,seed:spv property
property for sale in holt,1600,0.15,,other,seed:spv property
property for sale in,1600,1.8,,other,seed:spv property
property for sale renfrewshire,1600,0.52,,other,seed:spv property
millport property for sale,1600,0.05,,other,seed:spv property
property for sale sutton,1600,0.99,,other,seed:spv property
commercial property for sale in bradford,1600,0.69,,other,seed:spv property
property for sale in blairgowrie,1600,0.11,,other,seed:spv property
property for sale musselburgh,1600,0.3,,other,seed:spv property
property for sale aviemore,1600,0.05,,other,seed:spv property
brittany property for sale,1600,0.25,,other,seed:spv property
margate property for sale,1600,0.35,,other,seed:spv property
property for sale brittany,1600,0.25,,other,seed:spv property
property for sale southend,1600,0.53,,other,seed:spv property
looe property for sale,1600,0.1,,other,seed:spv property
property for sale lewes,1600,0.48,,other,seed:spv property
newbury property for sale,1600,1.85,,other,seed:spv property
bury property for sale,1600,0.17,,other,seed:spv property
dumbarton property for sale,1600,0.24,,other,seed:spv property
property for sale dalgety bay,1600,0.36,,other,seed:spv property
property for sale hayling island,1600,0.26,,other,seed:spv property
property for sale in seaford,1600,0.29,,other,seed:spv property
property for sale costa blanca,1600,0.7,,other,seed:spv property
property for sale in stamford,1600,0.39,,other,seed:spv property
property for sale airdrie,1600,0.15,,other,seed:spv property
property for sale glenrothes,1600,0.33,,other,seed:spv property
property for sale galashiels,1600,0.05,,other,seed:spv property
ilkley property for sale,1600,0.23,,other,seed:spv property
property for sale pickering,1600,0.07,,other,seed:spv property
crieff property for sale,1600,0.08,,other,seed:spv property
property for sale crieff,1600,0.08,,other,seed:spv property
property for sale ilkley,1600,0.23,,other,seed:spv property
property for sale newry,1600,0.23,,other,seed:spv property
aberdour property for sale,1600,2.1,,other,seed:spv property
tax hmrc,1600,3.71,,other,seed:property company tax
tax status,1600,1.85,,other,seed:property company tax
online tax return,1600,7.64,,other,seed:property company tax
pay tax bill,1600,4.2,,other,seed:property company tax
file a tax return,1600,7.93,,other,seed:property company tax
business tax,1600,8.83,,other,seed:property company tax
v11 tax reminder,1600,,,other,seed:property company tax
t tax code,1600,,,other,seed:property company tax
hmrc tax number,1600,6.67,,other,seed:property company tax
report tax fraud to hmrc,1600,16.43,,other,seed:property company tax
making tax digital thresholds,1600,1.95,,other,seed:property company tax
check my council tax bill,1600,,,other,seed:property company tax
council tax moving home,1600,2.32,,other,seed:property company tax
tax codes scotland,1600,4.47,,other,seed:property company tax
dvla road tax refund,1600,,,other,seed:property company tax
apply for road tax,1600,,,other,seed:property company tax
making tax digital for self-employed,1600,14.59,,other,seed:property company tax
us income tax,1600,3.65,,other,seed:property company tax
rachel reeves property tax plan,1600,,,other,seed:property company tax
tax disc check,1600,0.19,,other,seed:property company tax
0t m1 tax code,1600,,,other,seed:property company tax
ddc code,1600,,,other,seed:sic code spv
business mortgage,1600,18.24,,mortgages,seed:limited company mortgage
martin lewis loans,1600,2.51,,other,seed:limited company mortgage
how to improve credit score uk,1600,7.35,,other,seed:limited company mortgage
fleet mortgages for intermediaries,1600,,,mortgages,seed:limited company mortgage
how to check student loan balance,1600,,,other,seed:limited company mortgage
hsbc business loan,1600,23.74,,other,seed:limited company mortgage
credit report uk,1600,5.16,,other,seed:limited company mortgage
student loan balance uk,1600,,,other,seed:limited company mortgage
best isa interest rates uk,1600,2.1,,mortgages,seed:limited company mortgage
how to increase credit score,1600,6.68,,other,seed:limited company mortgage
how to build credit score,1600,10.12,,other,seed:limited company mortgage
cheap loan rates,1600,4.62,,other,seed:limited company mortgage
student loans company scotland,1600,4.52,,other,seed:limited company mortgage
personal loan interest rates,1600,2.84,,mortgages,seed:limited company mortgage
lloyds isa interest rates,1600,0.49,,mortgages,seed:limited company mortgage
debt advice uk,1600,29.33,,other,seed:limited company mortgage
best personal loans uk,1600,7.08,,other,seed:limited company mortgage
instant loans uk,1600,8.78,,other,seed:limited company mortgage
best car loan rates,1600,6.7,,other,seed:limited company mortgage
how to view student loan balance,1600,,,other,seed:limited company mortgage
unsecured loans uk,1600,11.55,,other,seed:limited company mortgage
certificate of entitlement uk,1600,0.66,,other,seed:registered office
lasting power of attorney forms uk,1600,4.11,,other,seed:registered office
pay your self assessment tax bill,1300,4.16,,other,seed:property company tax;site:provestor.co.uk;site:watsonknipe.co.uk
pay self assessment tax online,1300,4.15,,other,seed:property company tax;site:provestor.co.uk;site:watsonknipe.co.uk
gov.uk self assessment tax return,1300,3,,other,seed:property company tax;site:provestor.co.uk;site:watsonknipe.co.uk
buy to let property,1300,7.44,,other,seed:spv property;site:getground.co.uk
property centre worcester,1300,0.84,,other,seed:spv property;site:getground.co.uk
buy property north cyprus,1300,0.85,,other,site:getground.co.uk
property to buy hampstead,1300,0.69,,other,site:getground.co.uk
buy property in jaywick,1300,0.06,,other,site:getground.co.uk
northern cyprus property to buy,1300,0.85,,other,site:getground.co.uk
property to buy in denia spain,1300,0.54,,other,site:getground.co.uk
the property hive doncaster,1300,0.35,,other,seed:spv property;site:getground.co.uk
property for sale hampstead,1300,0.69,,other,seed:spv property;site:getground.co.uk
cheapest property for sale,1300,1.08,,other,site:getground.co.uk
property for sale ceredigion,1300,0.03,,other,site:getground.co.uk
polish property for sale,1300,3.45,,other,site:getground.co.uk
denia property for sale,1300,0.54,,other,seed:spv property;site:getground.co.uk
property for sale jamaica,1300,1.36,,other,seed:spv property;site:getground.co.uk
apulia property for sale,1300,0.61,,other,site:getground.co.uk
seahouses property for sale,1300,0.04,,other,site:getground.co.uk
property for sale poland,1300,3.45,,other,seed:spv property;site:getground.co.uk
stamp duty and buy to let,1300,1.44,18,transfer-in,site:uklandlordtax.co.uk
stamp duty on buy to let,1300,1.44,12,transfer-in,site:uklandlordtax.co.uk
how to pay stamp duty,1300,1.39,11,transfer-in,site:uklandlordtax.co.uk;site:watsonknipe.co.uk
capital gains tax on shares calculator,1300,1.06,0,transfer-in,site:uklandlordtax.co.uk
buy to let mortgage how much deposit,1300,1.94,,mortgages,site:uklandlordtax.co.uk
change company address,1300,5.22,,other,site:propertyspv.co.uk
company registration guernsey,1300,11.76,0,form-now,site:propertyspv.co.uk
change of business address,1300,5.22,,other,site:propertyspv.co.uk
change company name companies house,1300,4.51,,run-the-company,site:propertyspv.co.uk
what is sme company,1300,19.38,,other,site:propertyspv.co.uk
what is company social responsibility,1300,,,other,site:propertyspv.co.uk
setting up a limited company online,1300,40.97,78,form-now,site:propertyspv.co.uk
set up a ltd company online,1300,40.97,35,form-now,site:propertyspv.co.uk
guernsey company registry,1300,11.76,,other,site:propertyspv.co.uk
company synonym,1300,,,other,site:propertyspv.co.uk
ltd company benefits,1300,3.44,,other,site:propertyspv.co.uk
company kelly services,1300,1.36,,other,site:propertyspv.co.uk
guernsey company register,1300,11.76,0,form-now,site:propertyspv.co.uk
companies house name change,1300,4.51,,run-the-company,site:propertyspv.co.uk
tax free childcare scotland,1300,,,other,site:watsonknipe.co.uk
check tax and mot status,1300,0.23,,other,seed:property company tax;site:watsonknipe.co.uk
s455 tax rate,1300,,,other,site:watsonknipe.co.uk
tax overview,1300,3.85,,other,seed:property company tax;site:watsonknipe.co.uk
corporation tax helpline,1300,33.16,,run-the-company,seed:property company tax;site:watsonknipe.co.uk
tax on savings interest uk,1300,1.48,,other,seed:property company tax;site:watsonknipe.co.uk
gov.uk vat,1300,9.8,,other,site:watsonknipe.co.uk
vat margin scheme,1300,13.16,,other,site:watsonknipe.co.uk
gov uk pay self assessment tax bill,1300,3.64,,other,site:watsonknipe.co.uk
www gov uk check vehicle tax,1300,0.86,,other,site:watsonknipe.co.uk
vat exemption,1300,4.75,,other,site:watsonknipe.co.uk
cis tax,1300,8.45,,other,seed:property company tax;site:watsonknipe.co.uk
cleartax,1300,0.28,,other,site:watsonknipe.co.uk
marriage tax allowance uk,1300,,,other,seed:property company tax;site:watsonknipe.co.uk
driveway tax,1300,,,other,site:watsonknipe.co.uk
vat government,1300,9.8,,other,site:watsonknipe.co.uk
uk government vat,1300,9.8,,other,site:watsonknipe.co.uk
us united kingdom tax treaty,1300,4.43,,other,site:watsonknipe.co.uk
tax calculator ireland,1300,,,tools,seed:property company tax;site:watsonknipe.co.uk
uk and us tax treaty,1300,4.43,,other,site:watsonknipe.co.uk
apply for tax refund,1300,2.51,,other,seed:property company tax;site:watsonknipe.co.uk
tax 40,1300,11.35,,other,site:watsonknipe.co.uk
brx tax code,1300,,,other,site:watsonknipe.co.uk
how to check tax refund,1300,2.71,,other,site:watsonknipe.co.uk
tax contact number,1300,7.24,,other,site:watsonknipe.co.uk
exit taxes,1300,0.13,,other,site:watsonknipe.co.uk
tax and mot check northern ireland,1300,0.17,,other,site:watsonknipe.co.uk
tax definition,1300,9.08,,other,site:watsonknipe.co.uk
australia tax office,1300,1.45,,other,site:watsonknipe.co.uk
have i paid too much tax,1300,2.23,,other,site:watsonknipe.co.uk
vat tax exemption,1300,4.75,,other,site:watsonknipe.co.uk
sa100 tax return,1300,3.55,,other,seed:property company tax;site:watsonknipe.co.uk
standard uk tax code,1300,,,other,seed:property company tax;site:watsonknipe.co.uk
1256l tax code,1300,,,other,seed:property company tax;site:watsonknipe.co.uk
taxpayers alliance,1300,,,other,site:watsonknipe.co.uk
quicken tax,1300,12.62,,other,site:watsonknipe.co.uk
flat rate vat,1300,6.39,,other,site:watsonknipe.co.uk
vat rebate uk,1300,2.73,,other,site:watsonknipe.co.uk
calculating income tax australia,1300,1.6,,other,site:watsonknipe.co.uk
tax phone number,1300,7.24,,other,site:watsonknipe.co.uk
stamp duty calculator northern ireland,1300,,31,transfer-in,site:watsonknipe.co.uk
tax exemption certificates,1300,2.06,,other,site:watsonknipe.co.uk
rift tax refund,1300,5.46,,other,site:watsonknipe.co.uk
united states united kingdom tax treaty,1300,4.43,,other,site:watsonknipe.co.uk
40 percent tax bracket,1300,3.52,,other,site:watsonknipe.co.uk
working tax uk,1300,2.82,,other,site:watsonknipe.co.uk
irish tax calculator,1300,,,tools,site:watsonknipe.co.uk
uniform tax,1300,1.74,,other,seed:property company tax;site:watsonknipe.co.uk
us uk tax agreement,1300,4.43,,other,site:watsonknipe.co.uk
tax free countries,1300,,,other,seed:property company tax;site:watsonknipe.co.uk
uniform taxation,1300,1.74,,other,site:watsonknipe.co.uk
w1m1 tax code,1300,,,other,seed:property company tax;site:watsonknipe.co.uk
tax free places,1300,,,other,site:watsonknipe.co.uk
tax is number,1300,11.24,,other,site:watsonknipe.co.uk
how much after tax,1300,0.02,,other,seed:property company tax;site:watsonknipe.co.uk
contact tax office,1300,4.72,,other,seed:property company tax;site:watsonknipe.co.uk
file a tax return online,1300,6.26,,other,site:watsonknipe.co.uk
tax treaty uk usa,1300,4.43,,other,site:watsonknipe.co.uk
tax allowance married couples,1300,0.78,,other,site:watsonknipe.co.uk
tax number,1300,11.24,,other,seed:property company tax;site:watsonknipe.co.uk
road tax calculator by reg gov uk,1300,0.21,,tools,site:watsonknipe.co.uk
paye tax reference number,1300,15.15,,other,site:watsonknipe.co.uk
working tax credit uk,1300,2.82,,other,site:watsonknipe.co.uk
switzerland tax,1300,,,other,seed:property company tax;site:watsonknipe.co.uk
vat claim back uk,1300,2.73,,other,site:watsonknipe.co.uk
how to do a tax return,1300,5.71,,other,site:watsonknipe.co.uk
vat gov,1300,9.8,,other,site:watsonknipe.co.uk
house tax,1300,4.46,,other,seed:property company tax;site:watsonknipe.co.uk
apply for council tax support,1300,6.78,,other,seed:property company tax;site:watsonknipe.co.uk
tax scotland,1300,5.51,,other,site:watsonknipe.co.uk
tax when buying a house,1300,0.69,,other,site:watsonknipe.co.uk
check tax by reg,1300,0.11,,other,site:watsonknipe.co.uk
uk road tax refund,1300,1.9,,other,site:watsonknipe.co.uk
br cumul tax code,1300,2.8,,other,site:watsonknipe.co.uk
tax back gov uk,1300,1.92,,other,site:watsonknipe.co.uk
vat lookup uk,1300,5.06,,other,site:watsonknipe.co.uk
cis tax deducted,1300,9.9,,other,site:watsonknipe.co.uk
self assessment hm revenue and customs address,1300,4.07,,other,site:watsonknipe.co.uk
gov.uk tax rebate,1300,1.92,,other,site:watsonknipe.co.uk
additional rate tax,1300,,,other,seed:property company tax;site:watsonknipe.co.uk
check tax return,1300,2.33,,other,site:watsonknipe.co.uk
taxation in scotland,1300,5.51,,other,site:watsonknipe.co.uk
br x tax code,1300,,,other,site:watsonknipe.co.uk
simple assessment tax,1300,3.31,,other,seed:property company tax;site:watsonknipe.co.uk
w1/m1 tax code,1300,,,other,site:watsonknipe.co.uk
apply for tax rebate,1300,2.51,,other,site:watsonknipe.co.uk
vat flat rate rates,1300,6.39,,other,site:watsonknipe.co.uk
camposol property sales,1300,0.2,,other,seed:spv property
property for sale rutherglen,1300,0.28,,other,seed:spv property
cheapest property in uk,1300,1.22,,other,seed:spv property
property for sale in saffron walden,1300,1.04,,other,seed:spv property
commercial property london,1300,6.29,,other,seed:spv property
property for sale devizes,1300,0.36,,other,seed:spv property
buy property in dubai,1300,7.58,,other,seed:spv property
property for sale girvan,1300,0.44,,other,seed:spv property
buy property london,1300,1.37,,other,seed:spv property
cheap property spain,1300,0.42,,other,seed:spv property
property to renovate,1300,3.33,,other,seed:spv property
commercial property for sale uk,1300,1.37,,other,seed:spv property
cheap land for sale uk,1300,0.36,,other,seed:spv property
surbiton property for sale,1300,0.53,,other,seed:spv property
property news belfast,1300,5.95,,other,seed:spv property
madeira property for sale,1300,0.25,,other,seed:spv property
property for sale jaywick,1300,0.06,,other,seed:spv property
commercial property for sale sheffield,1300,1.08,,other,seed:spv property
kingham property,1300,,,other,seed:spv property
property for sale hemel hempstead,1300,0.82,,other,seed:spv property
australia property for sale,1300,0.84,,other,seed:spv property
cheap property for sale,1300,1.08,,other,seed:spv property
property for sale lanark,1300,0.12,,other,seed:spv property
property for sale hawick,1300,0.04,,other,seed:spv property
north cyprus property for sale,1300,0.85,,other,seed:spv property
property for sale port talbot,1300,0.09,,other,seed:spv property
unsold auction property near me,1300,0.87,,other,seed:spv property
property for sale dorking,1300,0.43,,other,seed:spv property
property for sale windsor,1300,0.89,,other,seed:spv property
property for sale matlock,1300,0.12,,other,seed:spv property
property for sale stafford,1300,0.35,,other,seed:spv property
property for sale biggar,1300,0.09,,other,seed:spv property
enniskillen property for sale,1300,0.06,,other,seed:spv property
donaghadee property for sale,1300,0.54,,other,seed:spv property
houses for sale manchester uk,1300,0.49,,other,seed:spv property
property for sale in renfrew,1300,0.39,,other,seed:spv property
peak district property for sale,1300,0.07,,other,seed:spv property
property for sale godalming surrey,1300,0.22,,other,seed:spv property
property for sale kelso,1300,0.04,,other,seed:spv property
property for sale sidcup,1300,0.23,,other,seed:spv property
property for sale denia,1300,0.54,,other,seed:spv property
emsworth property for sale,1300,0.12,,other,seed:spv property
harlow property for sale,1300,0.46,,other,seed:spv property
property for sale helmsley,1300,0.09,,other,seed:spv property
holywood property for sale,1300,0.35,,other,seed:spv property
gower property for sale,1300,0.04,,other,seed:spv property
giffnock property for sale,1300,0.07,,other,seed:spv property
godalming property for sale,1300,0.22,,other,seed:spv property
property for sale holywood,1300,0.35,,other,seed:spv property
pinner property for sale,1300,4.69,,other,seed:spv property
ea tax calculator,1300,,,tools,seed:property company tax
uk gov tax,1300,9.65,,other,seed:property company tax
file tax return online,1300,6.26,,other,seed:property company tax
australian tax office,1300,1.45,,other,seed:property company tax
exit tax,1300,0.13,,other,seed:property company tax
tax thresholds 25/26,1300,1.39,,other,seed:property company tax
council tax havering,1300,2.15,,other,seed:property company tax
uk us tax treaty,1300,4.43,,other,seed:property company tax
council tax bands explained,1300,0.04,,other,seed:property company tax
scotland income tax bands,1300,,,other,seed:property company tax
dividend tax rates 2026/27,1300,8.45,,run-the-company,seed:property company tax
how to change tax code,1300,0.75,,other,seed:property company tax
council tax hastings,1300,,,other,seed:property company tax
land transaction tax calculator,1300,0.43,,tools,seed:property company tax
what's my tax code,1300,0.88,,other,seed:property company tax
havant council tax,1300,,,other,seed:property company tax
income tax rise,1300,,,other,seed:property company tax
married couple tax allowance,1300,0.78,,other,seed:property company tax
tax check by reg,1300,0.11,,other,seed:property company tax
my tax code is wrong,1300,1.92,,other,seed:property company tax
pendle council tax,1300,3.07,,other,seed:property company tax
tax return 2026,1300,5.2,,other,seed:property company tax
us tax brackets,1300,2.68,,other,seed:property company tax
tax code brx,1300,,,other,seed:property company tax
deed of variation property,1300,2.68,,other,seed:transfer property to limited company
ifsc code,1300,,,other,seed:sic code spv
help to buy equity loan,1300,10.25,,other,seed:limited company mortgage
car finance claims martin lewis,1300,17.22,,other,seed:limited company mortgage
hsbc car loan,1300,0.74,,other,seed:limited company mortgage
reverse mortgage,1300,9.6,,mortgages,seed:limited company mortgage
business loan calculator uk,1300,11.99,,tools,seed:limited company mortgage
hsbc remortgage,1300,7.44,,other,seed:limited company mortgage
loan rates uk,1300,2.16,,other,seed:limited company mortgage
zero deposit car leasing,1300,3.43,,other,seed:limited company mortgage
peer to peer lending uk,1300,5.63,,other,seed:limited company mortgage
best bond rates,1300,3.42,,other,seed:limited company mortgage
start up loans uk,1300,7.41,,other,seed:limited company mortgage
bank loan comparison,1300,5.88,,other,seed:limited company mortgage
martin lewis car finance compensation,1300,8.76,,other,seed:limited company mortgage
clydesdale bank mortgage,1300,9.92,,mortgages,seed:limited company mortgage
uk credit ratings,1300,2.64,,other,seed:limited company mortgage
car finance rates,1300,6.17,,other,seed:limited company mortgage
bank loan interest rates,1300,2.51,,mortgages,seed:limited company mortgage
student loan repayment uk,1300,4.34,,other,seed:limited company mortgage
best current account interest rates,1300,3.33,,mortgages,seed:limited company mortgage
hsbc fixed rate bonds,1300,1.92,,other,seed:limited company mortgage
apply for a loan uk,1300,8.61,,other,seed:limited company mortgage
secured loans uk,1300,117.3,,other,seed:limited company mortgage
uk address format,1300,,,other,seed:registered office
tax and limited company,1000,8.74,,other,site:getground.co.uk;site:provestor.co.uk;site:uklandlordtax.co.uk
limited company tax,1000,8.74,,other,seed:property company tax;site:provestor.co.uk;site:uklandlordtax.co.uk
stamp duty for limited company,1000,3.73,1,transfer-in,seed:property company tax;site:provestor.co.uk;site:uklandlordtax.co.uk
hmrc tax self assessment,1000,4.82,,other,seed:property company tax;site:provestor.co.uk;site:watsonknipe.co.uk
ltd company tax,1000,8.74,,other,site:provestor.co.uk
buy to let properties for sale,1000,7.15,,other,site:getground.co.uk
buy property ealing,1000,0.66,,other,site:getground.co.uk
buy property albufeira,1000,0.59,,other,site:getground.co.uk
property to buy in koh samui,1000,1.08,,other,site:getground.co.uk
whitehaven property for sale,1000,0.09,,other,seed:spv property;site:getground.co.uk
renovation property for sale,1000,1.06,,other,seed:spv property;site:getground.co.uk
stamp duty calculator limited company,1000,2.32,8,transfer-in,site:uklandlordtax.co.uk
can you add stamp duty to mortgage,1000,,0,transfer-in,site:uklandlordtax.co.uk
ltd company stamp duty,1000,3.73,0,transfer-in,site:uklandlordtax.co.uk
what buy to let mortgage,1000,1.76,,mortgages,site:uklandlordtax.co.uk
ltd company stamp duty calculator,1000,2.32,16,transfer-in,site:uklandlordtax.co.uk
labour inheritance tax changes,1000,,,other,site:uklandlordtax.co.uk
company registration netherlands,1000,15.61,19,form-now,site:propertyspv.co.uk
switzerland company registration,1000,22.49,8,form-now,site:propertyspv.co.uk
company name registration uk,1000,21.1,24,form-now,site:propertyspv.co.uk
search company by registration number,1000,6.85,100,form-now,site:propertyspv.co.uk
file for a company,1000,6.27,,other,site:propertyspv.co.uk
business registration switzerland,1000,22.49,23,form-now,site:propertyspv.co.uk
incorporate a company,1000,60.9,49,form-now,site:propertyspv.co.uk
company epic,1000,9.33,,other,site:propertyspv.co.uk
company proxy,1000,4.39,,other,site:propertyspv.co.uk
instructure company,1000,,,other,site:propertyspv.co.uk
company lookup,1000,13.55,,other,site:propertyspv.co.uk
business name registration uk,1000,21.1,24,form-now,site:propertyspv.co.uk
tax code 1257l m1,1000,,,other,site:watsonknipe.co.uk
pay income tax online,1000,1.55,,other,seed:property company tax;site:watsonknipe.co.uk
seis tax relief,1000,2.99,,other,seed:property company tax;site:watsonknipe.co.uk
company vat number,1000,4.94,,other,seed:property company tax;site:watsonknipe.co.uk
tax advice,1000,6.23,,other,seed:property company tax;site:watsonknipe.co.uk
hmrc vat account,1000,23.98,,other,site:watsonknipe.co.uk
go simple tax,1000,10.29,,other,site:watsonknipe.co.uk
indirect tax diagram,1000,,,other,seed:property company tax;site:watsonknipe.co.uk
vct tax relief,1000,2.47,,other,seed:property company tax;site:watsonknipe.co.uk
corporation tax act 2010,1000,,,run-the-company,site:watsonknipe.co.uk
tax avoidance,1000,2.11,,other,seed:property company tax;site:watsonknipe.co.uk
taxable income,1000,,,other,site:watsonknipe.co.uk
pay tax return,1000,1.37,,other,seed:property company tax;site:watsonknipe.co.uk
zoopla commercial property for sale,1000,3.35,,other,seed:spv property
north property group,1000,0.91,,other,seed:spv property
country life property,1000,0.72,,other,seed:spv property
zillow uk,1000,0.9,,other,seed:spv property
hackett property,1000,5.6,,other,seed:spv property
house sales direct,1000,7.67,,other,seed:spv property
dubai property market,1000,4.85,,other,seed:spv property
wardhaugh property,1000,,,other,seed:spv property
brett property,1000,,,other,seed:spv property
purbeck property,1000,11.54,,other,seed:spv property
country estates for sale uk,1000,0.34,,other,seed:spv property
coulters property,1000,1.29,,other,seed:spv property
morgans property,1000,2.74,,other,seed:spv property
montrose property,1000,0.7,,other,seed:spv property
didsbury property for sale,1000,0.31,,other,seed:spv property
lv property,1000,3.88,,other,seed:spv property
property italy,1000,0.68,,other,seed:spv property
clyde property helensburgh,1000,1.8,,other,seed:spv property
property for sale in playa blanca lanzarote,1000,0.11,,other,seed:spv property
lake como property for sale,1000,0.71,,other,seed:spv property
dublin property for sale,1000,0.8,,other,seed:spv property
crewe property for sale,1000,0.29,,other,seed:spv property
bermuda property for sale,1000,0.17,,other,seed:spv property
sw property,1000,,,other,seed:spv property
commercial property for sale bristol,1000,1.35,,other,seed:spv property
anstruther property for sale,1000,0.19,,other,seed:spv property
property for sale nice,1000,0.71,,other,seed:spv property
property for sale cape town,1000,0.13,,other,seed:spv property
property for sale in kingston,1000,0.85,,other,seed:spv property
property in france for sale,1000,0.39,,other,seed:spv property
property for sale rhos on sea,1000,0.09,,other,seed:spv property
property for sale florida,1000,0.98,,other,seed:spv property
florida property for sale,1000,0.98,,other,seed:spv property
company search companies house uk,1000,4.33,,run-the-company,seed:spv property
property for sale knutsford,1000,0.33,,other,seed:spv property
property for sale skiathos,1000,0.44,,other,seed:spv property
property for sale rutland,1000,0.12,,other,seed:spv property
property for sale leith,1000,0.22,,other,seed:spv property
chelsea property for sale,1000,1.51,,other,seed:spv property
fowey property for sale,1000,0.17,,other,seed:spv property
property for sale altea,1000,0.39,,other,seed:spv property
property for sale in hertford,1000,0.57,,other,seed:spv property
commercial property for sale newcastle,1000,1.16,,other,seed:spv property
property for sale in garstang,1000,0.54,,other,seed:spv property
koh samui property for sale,1000,1.08,,other,seed:spv property
manor houses for sale uk,1000,0.24,,other,seed:spv property
leasehold property,1000,2.37,,other,seed:buy to let limited company
tax assessment,1000,6.14,,other,seed:property company tax
corporation tax return,1000,13.53,,run-the-company,seed:property company tax
uk tax account,1000,11.26,,other,seed:property company tax
tax id,1000,,,other,seed:property company tax
tax return dates,1000,3.97,,other,seed:property company tax
us tax calculator,1000,2.67,,tools,seed:property company tax
income tax return,1000,3.17,,other,seed:property company tax
tax residency,1000,6.74,,other,seed:property company tax
sipp tax relief,1000,6.06,,other,seed:property company tax
complete self assessment tax return,1000,23.26,,other,seed:property company tax
tax return form,1000,4.23,,other,seed:property company tax
personal tax account sign in,1000,0.59,,other,seed:property company tax
tax increase,1000,,,other,seed:property company tax
new property tax uk,1000,,,other,seed:property company tax
ealing council tax payment,1000,,,other,seed:property company tax
marginal tax rate,1000,,,other,seed:property company tax
check company vat number,1000,3.04,,other,seed:property company tax
pay income tax,1000,2.92,,other,seed:property company tax
uk tax number,1000,14.41,,other,seed:property company tax
tax year dates 25/26,1000,5.13,,other,seed:property company tax
company vat registration,1000,14.85,9,form-now,seed:property company tax
uk gov tax calculator,1000,1.44,,tools,seed:property company tax
tax band checker,1000,,,other,seed:property company tax
wealden council tax,1000,2.25,,other,seed:property company tax
check tax code online,1000,0.59,,other,seed:property company tax
ireland tax rate,1000,0.92,,other,seed:property company tax
uk new property tax,1000,,,other,seed:property company tax
work out my tax,1000,2.65,,other,seed:property company tax
check road tax price by reg,1000,0.13,,other,seed:property company tax
tax credit overpayment,1000,4.73,,other,seed:property company tax
hmrc digital tax,1000,7.61,,other,seed:property company tax
council tax change of circumstances,1000,,,other,seed:property company tax
check vehicle tax amount,1000,0.12,,other,seed:property company tax
gov mot and tax,1000,0.69,,other,seed:property company tax
hmrc tax office,1000,6.36,,other,seed:property company tax
p55 tax form,1000,2.96,,other,seed:property company tax
l tax code,1000,10.81,,other,seed:property company tax
declaration of trust property,1000,4.43,,other,seed:transfer property to limited company
business loan comparison,1000,64.6,,other,seed:limited company mortgage
nationwide help to buy isa,1000,0.16,,other,seed:limited company mortgage
martin lewis loan calculator,1000,1.43,,tools,seed:limited company mortgage
hsbc personal loan calculator,1000,0.41,,tools,seed:limited company mortgage
martin lewis car loan calculator,1000,2.87,,tools,seed:limited company mortgage
martin lewis student loan refund,1000,,,other,seed:limited company mortgage
martin lewis bridging loans,1000,6.08,,other,seed:limited company mortgage
cheapest loan rates uk,1000,4.1,,other,seed:limited company mortgage
fixed deposit interest rates,1000,2.56,,mortgages,seed:limited company mortgage
martin lewis best loans,1000,4.03,,other,seed:limited company mortgage
youlend limited,1000,24.31,,other,seed:limited company mortgage
when to apply for student finance,1000,,,other,seed:limited company mortgage
hsbc premier loan,1000,0.53,,other,seed:limited company mortgage
small business loans uk,1000,37.47,,other,seed:limited company mortgage
credit reference agencies uk,1000,5,,other,seed:limited company mortgage
interest free loans uk,1000,4.18,,other,seed:limited company mortgage
mse loan calculator,1000,1.09,,tools,seed:limited company mortgage
business loan rates,1000,36.05,,other,seed:limited company mortgage
martin lewis: student loan refund,1000,,,other,seed:limited company mortgage
martin lewis student loans refund,1000,,,other,seed:limited company mortgage
company confirmation statement,1000,3.1,,run-the-company,seed:registered office
formal letter format uk,1000,0.04,,other,seed:registered office
employment contract template uk,1000,11.48,,other,seed:registered office
dla change of address,1000,,,other,seed:registered office
divorce form uk,1000,4.31,,other,seed:registered office
file your self assessment tax return online,880,9.27,,other,site:provestor.co.uk;site:watsonknipe.co.uk
labour property tax,880,,,other,site:provestor.co.uk
property income tax,880,1.52,,other,seed:property company tax;site:provestor.co.uk
landlord tax on rental income,880,,,other,site:provestor.co.uk
inherited property and capital gains tax,880,11.52,0,transfer-in,site:provestor.co.uk;site:uklandlordtax.co.uk
claim tax relief for your job expenses,880,,,other,seed:property company tax;site:provestor.co.uk;site:watsonknipe.co.uk
buy property rhodes,880,0.52,,other,seed:spv property;site:getground.co.uk
buy property gozo,880,0.37,,other,site:getground.co.uk
buy property fuengirola,880,1.21,,other,site:getground.co.uk
mayfair property to buy,880,1.1,,other,site:getground.co.uk
property to buy in norway,880,3.98,,other,site:getground.co.uk
property to buy in bali,880,0.69,,other,site:getground.co.uk
cheap property to buy spain,880,0.76,,other,site:getground.co.uk
property to buy in barcelona,880,0.72,,other,site:getground.co.uk
property to buy in mijas spain,880,1.95,,other,site:getground.co.uk
property for sale barceloneta,880,0.72,,other,site:getground.co.uk
property for sale broadway,880,0.2,,other,seed:spv property;site:getground.co.uk
property for sale norway,880,3.98,,other,site:getground.co.uk
comrie property for sale,880,0.04,,other,site:getground.co.uk
property for sale mijas,880,1.95,,other,site:getground.co.uk
report and pay capital gains tax,880,,12,transfer-in,site:uklandlordtax.co.uk;site:watsonknipe.co.uk
pay capital gains tax online,880,,12,transfer-in,site:uklandlordtax.co.uk;site:watsonknipe.co.uk
annual capital gains tax allowance,880,,,transfer-in,site:uklandlordtax.co.uk
capital gains tax yearly allowance,880,,,transfer-in,site:uklandlordtax.co.uk
what is directorship of company,880,,,other,site:propertyspv.co.uk
what are directors of a company,880,,,other,site:propertyspv.co.uk
endole company search,880,0.46,,other,site:propertyspv.co.uk
gov gateway tax free childcare,880,,,other,site:watsonknipe.co.uk
government gateway tax free childcare,880,,,other,site:watsonknipe.co.uk
s1257l tax code,880,,,other,site:watsonknipe.co.uk
option to tax,880,,,other,site:watsonknipe.co.uk
transitional tax-free amount certificate,880,2.34,,other,site:watsonknipe.co.uk
hmrc tax rates,880,2.64,,other,site:watsonknipe.co.uk
partial exemption vat,880,2.39,,other,site:watsonknipe.co.uk
tax return sign in,880,,,other,seed:property company tax;site:watsonknipe.co.uk
sa302 tax calculation,880,2.49,,other,seed:property company tax;site:watsonknipe.co.uk
hmrc vat number,880,7.48,,other,site:watsonknipe.co.uk
tax return online hmrc,880,4.34,,other,site:watsonknipe.co.uk
tax reference number,880,2.19,,other,seed:property company tax;site:watsonknipe.co.uk
income tax act 2007,880,,,other,site:watsonknipe.co.uk
pay personal tax,880,3.45,,other,seed:property company tax;site:watsonknipe.co.uk
pay tax online hmrc,880,3.88,,other,site:watsonknipe.co.uk
property for sale in croydon,880,0.41,,other,seed:spv property
private house sales,880,3.48,,other,seed:spv property
property websites,880,0.78,,other,seed:spv property
property for sale rhyl,880,0.12,,other,seed:spv property
residential property,880,3.52,,other,seed:spv property
property for sale barcelona,880,0.72,,other,seed:spv property
barcelona property for sale,880,0.72,,other,seed:spv property
property for sale caithness,880,0.17,,other,seed:spv property
property for sale lagos portugal,880,0.56,,other,seed:spv property
turnkey property,880,4.52,,other,seed:spv property
tr property,880,0.89,,other,seed:spv property
property for sale dunkeld,880,0.11,,other,seed:spv property
property for sale cambuslang,880,0.5,,other,seed:spv property
boom property,880,1.43,,other,seed:spv property
tenerife property,880,0.37,,other,seed:spv property
norway property for sale,880,3.98,,other,seed:spv property
overseas property for sale,880,2.18,,other,seed:spv property
texas property for sale,880,1.01,,other,seed:spv property
lisbon property for sale,880,1.07,,other,seed:spv property
property in mallorca,880,0.72,,other,seed:spv property
urban property,880,8.34,,other,seed:spv property
property for sale perranporth,880,0.08,,other,seed:spv property
property for sale wells,880,0.17,,other,seed:spv property
gozo property for sale,880,0.37,,other,seed:spv property
elite property,880,5.02,,other,seed:spv property
seaview property for sale,880,0.87,,other,seed:spv property
canada property for sale,880,0.38,,other,seed:spv property
bali property for sale,880,0.69,,other,seed:spv property
sotogrande property for sale,880,2.87,,other,seed:spv property
mijas property for sale,880,1.95,,other,seed:spv property
property for sale in havant hants,880,0.86,,other,seed:spv property
seaton property for sale,880,0.09,,other,seed:spv property
didcot property for sale,880,0.54,,other,seed:spv property
file company tax return,880,25.58,,other,seed:property company tax
file corporation tax,880,24.42,,run-the-company,seed:property company tax
complete tax return,880,5.67,,other,seed:property company tax
hmrc file tax return,880,16.93,,other,seed:property company tax
tax year start date,880,1.98,,other,seed:property company tax
regressive tax,880,,,other,seed:property company tax
personal tax return,880,11.05,,other,seed:property company tax
self assessment tax return uk,880,14.05,,other,seed:property company tax
claim tax relief,880,2.17,,other,seed:property company tax
vat tax,880,6.6,,other,seed:property company tax
deferred tax,880,,,other,seed:property company tax
nelc council tax,880,3.36,,other,seed:property company tax
uk tax news,880,1.4,,other,seed:property company tax
paye tax code,880,,,other,seed:property company tax
self assessment tax return online,880,11.08,,other,seed:property company tax
australian tax,880,3.29,,other,seed:property company tax
scotland tax rates,880,,,other,seed:property company tax
paid too much tax,880,3.02,,other,seed:property company tax
tax claim,880,4.41,,other,seed:property company tax
tax free threshold,880,1.61,,other,seed:property company tax
council tax email,880,3.22,,other,seed:property company tax
personal tax account uk,880,4.44,,other,seed:property company tax
my council tax bill,880,1.7,,other,seed:property company tax
gift aid tax relief,880,7.36,,other,seed:property company tax
online tax,880,10.06,,other,seed:property company tax
ireland tax,880,1.58,,other,seed:property company tax
hmrc check my tax code,880,0.74,,other,seed:property company tax
council tax rebate,880,2.18,,other,seed:property company tax
indirect tax definition,880,,,other,seed:property company tax
annual property tax,880,,,other,seed:property company tax
singapore income tax,880,,,other,seed:property company tax
renew road tax online,880,0.25,,other,seed:property company tax
income tax rates 2025/26,880,7.32,,other,seed:property company tax
income tax india e filing,880,,,run-the-company,seed:property company tax
tax back,880,2.61,,other,seed:property company tax
singapore tax,880,,,other,seed:property company tax
government gateway tax return,880,3.16,,other,seed:property company tax
hmrc income tax contact,880,,,other,seed:property company tax
tax residency uk,880,6.75,,other,seed:property company tax
hmrc pay tax bill,880,0.2,,other,seed:property company tax
rother council tax,880,3.1,,other,seed:property company tax
tax file number australia,880,3.12,,other,seed:property company tax
tax year start,880,0.05,,other,seed:property company tax
who pays council tax,880,,,other,seed:property company tax
1275l tax code,880,,,other,seed:property company tax
tax code s1257l,880,,,other,seed:property company tax
how to calculate tax,880,2.38,,tools,seed:property company tax
pay tax uk,880,5.1,,other,seed:property company tax
ireland corporate tax rate,880,1.04,,other,seed:property company tax
council tax e,880,,,other,seed:property company tax
new york tax calculator,880,2.73,,tools,seed:property company tax
hmrc pay personal tax,880,4.36,,other,seed:property company tax
ccsd code,880,2.68,,other,seed:sic code spv
bridging loan calculator uk,880,8.87,,tools,seed:limited company mortgage
subprime mortgage,880,15.19,,mortgages,seed:limited company mortgage
apply for universal credit uk,880,7.32,,other,seed:limited company mortgage
compare personal loans uk,880,6.95,,other,seed:limited company mortgage
personal loan rates uk,880,3.03,,other,seed:limited company mortgage
martin lewis debt consolidation,880,21.06,,other,seed:limited company mortgage
best car finance rates uk,880,6.4,,other,seed:limited company mortgage
cooperative mortgages,880,9.73,,mortgages,seed:limited company mortgage
chase bank interest rates,880,3.27,,mortgages,seed:limited company mortgage
best bank interest rates uk,880,3.49,,mortgages,seed:limited company mortgage
remortgage deals uk,880,9.7,,other,seed:limited company mortgage
startup loan uk,880,10.5,,other,seed:limited company mortgage
secured loan calculator uk,880,18.92,,tools,seed:limited company mortgage
personal loans best rates,880,5.35,,other,seed:limited company mortgage
sign on to universal credit,880,,,other,seed:limited company mortgage
nationwide personal loan calculator,880,0.28,,tools,seed:limited company mortgage
how to raise credit score,880,7.4,,other,seed:limited company mortgage
tsb interest rates,880,3.81,,mortgages,seed:limited company mortgage
natwest loan rates,880,2.79,,other,seed:limited company mortgage
best loans rates,880,5.46,,other,seed:limited company mortgage
company house confirmation statement,880,3.59,,run-the-company,seed:registered office
dvla name change address,880,,,other,seed:registered office
simple resignation letter uk,880,0.2,,other,seed:registered office
change driving licence address form,880,,,other,seed:registered office
driving licence address change form,880,,,other,seed:registered office
making tax digital vat,720,15.18,,other,site:provestor.co.uk
new tax rules for self-employed,720,3.79,,other,site:provestor.co.uk
buy tax online,720,,,other,site:provestor.co.uk
tax change for landlords,720,2.07,,other,site:provestor.co.uk
buy property morzine,720,0.79,,other,site:getground.co.uk
buy property porto,720,0.45,,other,site:getground.co.uk
buy property south africa,720,0.07,,other,site:getground.co.uk
buy property hua hin,720,0.4,,other,site:getground.co.uk
buy property notting hill,720,0.79,,other,site:getground.co.uk
buy cheap property uk,720,1.04,,other,site:getground.co.uk
buy property in chamonix,720,1.22,,other,site:getground.co.uk
property to buy new malden,720,0.99,,other,site:getground.co.uk
property to buy in fulham,720,1.43,,other,site:getground.co.uk
the property franchise,720,6.76,,other,site:getground.co.uk
the property explorer,720,6.58,,other,site:getground.co.uk
property for greece,720,0.59,,other,site:getground.co.uk
property to buy in muswell hill,720,0.22,,other,site:getground.co.uk
property for sale porto,720,0.45,,other,site:getground.co.uk
medway property for sale,720,0.39,,other,site:getground.co.uk
property for sale amsterdam,720,1.02,,other,seed:spv property;site:getground.co.uk
stamp duty and stamp duty reserve tax,720,,,transfer-in,site:uklandlordtax.co.uk
stamp duty land tax commercial property,720,3.95,,transfer-in,site:uklandlordtax.co.uk
capital gains tax payment,720,,,transfer-in,site:uklandlordtax.co.uk
annual exemption capital gains tax,720,,,transfer-in,site:uklandlordtax.co.uk
can stamp duty be added to the mortgage,720,,,transfer-in,site:uklandlordtax.co.uk
capital gains tax allowance 2026-27,720,5.72,,transfer-in,site:uklandlordtax.co.uk
spain inheritance tax,720,1.31,,other,site:uklandlordtax.co.uk
stamp duty exemption,720,,,transfer-in,site:uklandlordtax.co.uk
malta company registration,720,37.53,,form-now,site:propertyspv.co.uk
business address service,720,16.31,,other,site:propertyspv.co.uk
company registration number uk,720,9.01,,form-now,site:propertyspv.co.uk
irish company registration office,720,8.78,,form-now,site:propertyspv.co.uk
united kingdom company registration number,720,9.01,,form-now,site:propertyspv.co.uk
buy a company name,720,14.81,,other,site:propertyspv.co.uk
what is company structure,720,40.34,,other,site:propertyspv.co.uk
company details,720,5.83,,other,site:propertyspv.co.uk
business registration number,720,17.89,,form-now,site:propertyspv.co.uk
business address,720,16.01,,other,site:propertyspv.co.uk
hmrc vat return,720,25.59,,other,site:watsonknipe.co.uk
irs gov,720,,,other,site:watsonknipe.co.uk
bright tax,720,22.96,,other,seed:property company tax;site:watsonknipe.co.uk
domestic reverse charge vat,720,1.74,,other,site:watsonknipe.co.uk
check mot history and tax,720,0.64,,other,site:watsonknipe.co.uk
how to pay vat,720,13.71,,other,site:watsonknipe.co.uk
vat payment dates,720,4.98,,other,site:watsonknipe.co.uk
vat notice 700,720,18.38,,other,site:watsonknipe.co.uk
taxcalc login,720,34.84,,other,site:watsonknipe.co.uk
chartered institute of taxation,720,6.62,,other,site:watsonknipe.co.uk
council tax exemption form,720,2.83,,other,seed:property company tax;site:watsonknipe.co.uk
thailand property,720,1.44,,other,seed:spv property
property london,720,0.97,,other,seed:spv property
north wall property,720,3.82,,other,seed:spv property
rural property for sale uk,720,0.25,,other,seed:spv property
trinity property,720,0.88,,other,seed:spv property
ben property,720,1.78,,other,seed:spv property
porto property for sale,720,0.45,,other,seed:spv property
commercial property for sale peterborough,720,1.59,,other,seed:spv property
st lucia property for sale,720,0.56,,other,seed:spv property
property for sale chamonix,720,1.22,,other,seed:spv property
abandoned houses for sale uk,720,0.32,,other,seed:spv property
hastings property,720,0.06,,other,seed:spv property
la zenia spain property for sale,720,0.35,,other,seed:spv property
property for sale in brechin angus,720,0.09,,other,seed:spv property
property explorer,720,6.58,,other,seed:spv property
cape verde property for sale,720,,,other,seed:spv property
commercial property for sale kent,720,0.72,,other,seed:spv property
property for sale sweden,720,2.16,,other,seed:spv property
property for sale sydney,720,1.87,,other,seed:spv property
property in malta,720,0.51,,other,seed:spv property
property in manchester,720,1.59,,other,seed:spv property
homesure property,720,7,,other,seed:spv property
muswell hill property for sale,720,0.22,,other,seed:spv property
sb property,720,2.82,,other,seed:spv property
abandoned property for sale,720,0.77,,other,seed:spv property
property alicante,720,0.61,,other,seed:spv property
savills property for sale,720,3.37,,other,seed:spv property
retirement property for sale,720,2.18,,other,seed:spv property
antigua property for sale,720,2.86,,other,seed:spv property
andorra property for sale,720,0.52,,other,seed:spv property
property for sale larbert,720,1.19,,other,seed:spv property
abersoch property for sale,720,0.37,,other,seed:spv property
property in london,720,1.46,,other,seed:spv property
property for sale south africa,720,0.07,,other,seed:spv property
hua hin property for sale,720,0.4,,other,seed:spv property
onthemarket.com property for sale,720,0.21,,other,seed:spv property
pay your corporation tax,720,30.44,,run-the-company,seed:property company tax
tax jobs,720,1.16,,other,seed:property company tax
tax write off,720,1.34,,other,seed:property company tax
file corporation tax return,720,19.83,,run-the-company,seed:property company tax
submit self assessment tax return,720,20.95,,other,seed:property company tax
tax portal,720,3.67,,other,seed:property company tax
find my tax code,720,0.92,,other,seed:property company tax
hmrc tax relief,720,,,other,seed:property company tax
us tax,720,15.27,,other,seed:property company tax
dividend tax bands,720,,,run-the-company,seed:property company tax
tax diagram,720,,,other,seed:property company tax
p800 tax calculation,720,1.71,,other,seed:property company tax
netherlands tax,720,1.91,,other,seed:property company tax
online tax calculator,720,2.59,,tools,seed:property company tax
tax relief for expenses of employment,720,0.67,,other,seed:property company tax
income tax refund,720,1.34,,other,seed:property company tax
personal income tax,720,2.43,,other,seed:property company tax
file tax return uk,720,12.94,,other,seed:property company tax
direct tax,720,,,other,seed:property company tax
hmrc claim tax back,720,1.49,,other,seed:property company tax
council tax arrears,720,8.65,,other,seed:property company tax
ehdc council tax,720,,,other,seed:property company tax
tax free allowance scotland,720,1.19,,other,seed:property company tax
gov.uk pay corporation tax,720,26.88,,run-the-company,seed:property company tax
cis tax return,720,15.33,,other,seed:property company tax
tax year end date,720,2.19,,other,seed:property company tax
making tax digital for limited companies,720,12.89,,other,seed:property company tax
tax rate bands,720,1.28,,other,seed:property company tax
tax changes,720,3.68,,other,seed:property company tax
corporation tax thresholds,720,4.4,,run-the-company,seed:property company tax
tax consultant,720,10.56,,other,seed:property company tax
hmrc tax claim,720,1.98,,other,seed:property company tax
car tax lookup,720,0.05,,other,seed:property company tax
road tax exemption,720,2.22,,other,seed:property company tax
hmrc tax return dates,720,4.12,,other,seed:property company tax
best business loans uk,720,40.85,,other,seed:limited company mortgage
business loans for ltd company,720,65.38,,other,seed:limited company mortgage
help to buy repayment,720,15.48,,other,seed:limited company mortgage
how to buy uk government bonds,720,3.98,,other,seed:limited company mortgage
rocket mortgage,720,13.34,,mortgages,seed:limited company mortgage
compare loan rates,720,5.25,,other,seed:limited company mortgage
loan to buy car,720,11.69,,other,seed:limited company mortgage
bank loan calculator uk,720,2.09,,tools,seed:limited company mortgage
limited company loan,720,55.37,,other,seed:limited company mortgage
bank loan to buy a car,720,11.69,,other,seed:limited company mortgage
how to build credit score uk,720,7.99,,other,seed:limited company mortgage
martin lewis credit score,720,4.78,,other,seed:limited company mortgage
barclays loan rates,720,5.47,,other,seed:limited company mortgage
zopa interest rates,720,2.55,,mortgages,seed:limited company mortgage
loan comparison sites,720,11.05,,other,seed:limited company mortgage
loan broker,720,9.59,,other,seed:limited company mortgage
natwest loan calculator uk,720,0.3,,tools,seed:limited company mortgage
car finance broker,720,17.88,,other,seed:limited company mortgage
best loan deals uk,720,5.56,,other,seed:limited company mortgage
10-year bond yield,720,2.68,,other,seed:limited company mortgage
nationwide loan rates,720,3.45,,other,seed:limited company mortgage
hsbc how much can i borrow,720,7.29,,other,seed:limited company mortgage
best instant access savings rates,720,4.13,,other,seed:limited company mortgage
lloyds bank loan rates,720,1.67,,other,seed:limited company mortgage
best bank loan rates,720,2.81,,other,seed:limited company mortgage
migrate to universal credit,720,,,other,seed:limited company mortgage
lodger agreement template uk,720,3.09,,other,seed:registered office
change of address checklist,720,1.69,,other,seed:registered office
address form,720,,,other,seed:registered office
www gov uk attendance allowance form,720,2.63,,other,seed:registered office
short forms list,720,,,other,seed:registered office
gov uk attendance allowance form,720,2.63,,other,seed:registered office
gov uk self-certification form,720,1.62,,other,seed:registered office
holding company meaning,720,1.01,,other,seed:non resident landlord company
registration for making tax digital,590,19.66,,form-now,site:provestor.co.uk
sign up for making tax digital,590,13.16,,other,site:provestor.co.uk;site:watsonknipe.co.uk
reeves tax raid landlords,590,,,other,site:provestor.co.uk
company tax ireland,590,30.11,,other,site:provestor.co.uk
self employed pay tax,590,4.57,,other,site:provestor.co.uk
self employed tax payment,590,4.57,,other,site:provestor.co.uk
council tax self service,590,,,other,site:provestor.co.uk
property buy egypt,590,0.84,,other,site:getground.co.uk
buy property sitges,590,0.41,,other,site:getground.co.uk
buy property oliva spain,590,0.17,,other,site:getground.co.uk
buy property in hounslow,590,0.64,,other,site:getground.co.uk
property to buy in pattaya thailand,590,0.73,,other,site:getground.co.uk
period property for sale,590,0.18,,other,seed:spv property;site:getground.co.uk
pattaya property for sale,590,0.73,,other,site:getground.co.uk
property for sale watchet,590,0.06,,other,site:getground.co.uk
property for sale inverkeithing,590,0.48,,other,site:getground.co.uk
property for sale brighouse,590,0.12,,other,site:getground.co.uk
vietnam property for sale,590,0.11,,other,seed:spv property;site:getground.co.uk
inverkip property for sale,590,0.03,,other,site:getground.co.uk
stamp duty tax refund,590,2.89,,transfer-in,site:uklandlordtax.co.uk
capital gains tax gov uk,590,3.01,,transfer-in,site:uklandlordtax.co.uk
stamp duty land tax refund,590,2.89,,transfer-in,site:uklandlordtax.co.uk
isa and inheritance tax,590,3.55,,other,site:uklandlordtax.co.uk
how avoid stamp duty,590,0.84,,transfer-in,site:uklandlordtax.co.uk
isa inheritance tax,590,3.55,,other,site:uklandlordtax.co.uk
company registration office,590,8.42,,form-now,site:propertyspv.co.uk
how to close a company,590,8.64,,other,site:propertyspv.co.uk
small company thresholds,590,,,other,site:propertyspv.co.uk
company utr,590,7.74,,other,site:propertyspv.co.uk
tax free childcare helpline,590,13.63,,other,site:watsonknipe.co.uk
revenue scotland login,590,,,other,site:watsonknipe.co.uk
companies house filing fees,590,3.41,,run-the-company,site:watsonknipe.co.uk
submit tax return online,590,4.31,,other,seed:property company tax;site:watsonknipe.co.uk
value added tax act 1994,590,,,other,site:watsonknipe.co.uk
hmrc online tax account,590,5.52,,other,seed:property company tax;site:watsonknipe.co.uk
gov.uk corporation tax,590,11.75,,run-the-company,seed:property company tax;site:watsonknipe.co.uk
property guru,590,,,other,seed:spv property
property for sale in ongar,590,0.25,,other,seed:spv property
property ireland,590,,,other,seed:spv property
oakley property,590,0.14,,other,seed:spv property
cj property,590,10.77,,other,seed:spv property
commercial property manchester,590,2.87,,other,seed:spv property
property liverpool,590,1.62,,other,seed:spv property
selling a shared ownership property,590,7.3,,other,seed:spv property
buy property in italy,590,1.48,,other,seed:spv property
commercial property edinburgh,590,1.54,,other,seed:spv property
vale do lobo property for sale,590,1.4,,other,seed:spv property
dundee property,590,0.22,,other,seed:spv property
property zw,590,0.03,,other,seed:spv property
hudsons property,590,4.02,,other,seed:spv property
parkers property,590,0.02,,other,seed:spv property
westport property,590,3.09,,other,seed:spv property
leeds property,590,1.01,,other,seed:spv property
commercial property for sale scotland,590,0.66,,other,seed:spv property
mixed use property for sale,590,0.83,,other,seed:spv property
greek island property for sale,590,0.55,,other,seed:spv property
costa rica property for sale,590,0.43,,other,seed:spv property
clyde property west end,590,3.74,,other,seed:spv property
property developers near me,590,6.82,,other,seed:spv property
protheroe property halifax,590,0.11,,other,seed:spv property
st andrews property,590,0.65,,other,seed:spv property
the property outlet,590,5.39,,other,seed:spv property
scotland coastal property for sale,590,0.09,,other,seed:spv property
haxton property,590,1.12,,other,seed:spv property
truscott property,590,3.78,,other,seed:spv property
property for sale buckingham,590,0.3,,other,seed:spv property
waterside property for sale,590,0.66,,other,seed:spv property
property for sale tintagel,590,0.05,,other,seed:spv property
property for sale cheshunt,590,0.21,,other,seed:spv property
property for sale edenbridge,590,0.15,,other,seed:spv property
commercial property for sale reading uk,590,0.96,,other,seed:spv property
flats for sale uk,590,1.5,,other,seed:spv property
property for sale in hungary,590,0.45,,other,seed:spv property
property for sale in yarm,590,0.34,,other,seed:spv property
commercial property for sale oldham,590,0.96,,other,seed:spv property
property for sale in warrenpoint,590,0.02,,other,seed:spv property
the property company,590,8.85,,other,seed:buy to let limited company;seed:non resident landlord company
income tax portal,590,4.92,,other,seed:property company tax
uk self assessment tax return,590,17.94,,other,seed:property company tax
pay corporation tax bill,590,36.77,,run-the-company,seed:property company tax
ltd company tax return,590,17.94,,other,seed:property company tax
self tax return,590,7.46,,other,seed:property company tax
tax return gov,590,1.56,,other,seed:property company tax
digital services tax,590,2.73,,other,seed:property company tax
self employed income tax calculator,590,2.74,,tools,seed:property company tax
spanish tax calculator,590,2.23,,tools,seed:property company tax
income tax personal allowance,590,,,other,seed:property company tax
hmrc tax specialist programme,590,10.07,,other,seed:property company tax
hmrc tax online,590,5.15,,other,seed:property company tax
tax specialist programme,590,1.84,,other,seed:property company tax
income tax portal india,590,,,other,seed:property company tax
how much tax to pay,590,1.81,,other,seed:property company tax
guernsey tax,590,0.68,,other,seed:property company tax
hmrc tax year overview,590,5.7,,other,seed:property company tax
tax overview hmrc,590,14.31,,other,seed:property company tax
register for making tax digital,590,19.66,,form-now,seed:property company tax
tax systems,590,43.08,,other,seed:property company tax
tax law,590,,,other,seed:property company tax
how much tax do i owe,590,2.83,,other,seed:property company tax
uk tax office,590,3.58,,other,seed:property company tax
corporation tax due date,590,13.43,,run-the-company,seed:property company tax
x tax code,590,,,other,seed:property company tax
dividend tax brackets,590,,,run-the-company,seed:property company tax
gov.uk capital gains tax,590,3.01,,transfer-in,seed:property company tax
tax code 1256l,590,,,other,seed:property company tax
tax gov login,590,,,other,seed:property company tax
tax sorn,590,1.1,,other,seed:property company tax
deed of trust property,590,4.26,,other,seed:transfer property to limited company
mcoc code,590,,,other,seed:sic code spv
ism code,590,0.53,,other,seed:sic code spv
how to buy bonds uk,590,5.22,,other,seed:limited company mortgage
hsbc rates,590,2.65,,other,seed:limited company mortgage
how to buy bonds,590,5.12,,other,seed:limited company mortgage
loan to buy a business,590,23.21,,other,seed:limited company mortgage
martin lewis best loan rates,590,2.37,,other,seed:limited company mortgage
hsbc expat interest rates,590,4.16,,mortgages,seed:limited company mortgage
masters loan uk,590,4.93,,other,seed:limited company mortgage
junior cash isa rates,590,4.09,,other,seed:limited company mortgage
martin lewis car finance checker,590,14.04,,other,seed:limited company mortgage
lisa interest rates,590,3.57,,mortgages,seed:limited company mortgage
uk borrowing,590,4.23,,other,seed:limited company mortgage
martin lewis secured loans,590,43.7,,other,seed:limited company mortgage
best loans rates uk,590,5.81,,other,seed:limited company mortgage
compare the market car finance,590,9.86,,other,seed:limited company mortgage
martin lewis: car finance list,590,8.33,,other,seed:limited company mortgage
john lewis loans,590,6.69,,other,seed:limited company mortgage
fixed deposit,590,5.49,,other,seed:limited company mortgage
deadline to apply for student finance,590,,,other,seed:limited company mortgage
file company confirmation statement,590,2.96,,run-the-company,seed:registered office
change address checklist uk,590,2.73,,other,seed:registered office
w-8ben form uk,590,3.5,,other,seed:registered office
home office right to work check,590,2.91,,other,seed:registered office
apostille documents uk,590,3.46,,other,seed:registered office
jury service loss of earnings form,590,,,other,seed:registered office
gov uk forms,590,,,other,seed:registered office
notify dvla of change of address,590,,,other,seed:registered office
register a company name sole trader,590,14.63,,form-now,seed:registered office
dvla change of address form,590,,,other,seed:registered office
blue badge application form uk,590,1.39,,other,seed:registered office
example for address,590,,,other,seed:registered office
loss of earnings jury service form,590,,,other,seed:registered office
buying a property through a limited company,590,8.91,,other,seed:non resident landlord company
company tax,480,2.36,,other,seed:property company tax;site:getground.co.uk;site:provestor.co.uk
self employed and income tax,480,4.13,,other,site:provestor.co.uk
income tax for rental property,480,2.32,,other,site:provestor.co.uk
register for tax self assessment,480,5.16,,form-now,site:provestor.co.uk
personal tax for self employed,480,4.13,,other,site:provestor.co.uk
property tax calculator,480,1.16,,tools,seed:property company tax;site:provestor.co.uk
how to avoid property gains tax,480,3.31,,other,site:provestor.co.uk;site:uklandlordtax.co.uk
tax and ni calculator self employed,480,2.75,,tools,site:provestor.co.uk
uk property tax changes,480,,,other,seed:property company tax;site:provestor.co.uk
property rent income tax,480,2.32,,other,site:provestor.co.uk
self employed income tax,480,4.13,,other,site:provestor.co.uk
self employed tax code,480,8.43,,other,site:provestor.co.uk
buy property grenada,480,3.36,,other,site:getground.co.uk
property buy sri lanka,480,0.39,,other,site:getground.co.uk
property to buy romania,480,4.68,,other,site:getground.co.uk
hotspots for property,480,7.15,,other,site:getground.co.uk
property to buy in portugal algarve,480,0.89,,other,site:getground.co.uk
the property shop bodmin,480,4.39,,other,seed:spv property;site:getground.co.uk
property for sale cayman,480,1.03,,other,site:getground.co.uk
sa3 property for sale,480,0.08,,other,site:getground.co.uk
tiptree property for sale,480,0.31,,other,site:getground.co.uk
property for sale lucca,480,0.64,,other,site:getground.co.uk
capital gains tax return,480,7.21,,transfer-in,site:uklandlordtax.co.uk;site:watsonknipe.co.uk
limited company buy-to-let mortgages comparison,480,6.59,,mortgages,site:uklandlordtax.co.uk
how to calculate capital gains tax on property,480,0.71,,transfer-in,site:uklandlordtax.co.uk
limited company mortgage rates,480,9.12,,mortgages,site:uklandlordtax.co.uk
capital gains tax example calculation,480,4.48,,transfer-in,site:uklandlordtax.co.uk
how to pay inheritance tax,480,5.71,,other,site:uklandlordtax.co.uk
can you get a mortgage for an auction property,480,1.73,,mortgages,site:uklandlordtax.co.uk
farm inheritance tax uk,480,11.15,,other,site:uklandlordtax.co.uk
farmer inheritance tax uk,480,11.15,,other,site:uklandlordtax.co.uk
address for company registration,480,16.94,,form-now,site:propertyspv.co.uk
registered address for company,480,16.94,,other,site:propertyspv.co.uk
company address,480,12.14,,other,site:propertyspv.co.uk
company registration bvi,480,6.95,,form-now,site:propertyspv.co.uk
uae company registration,480,14.57,,form-now,site:propertyspv.co.uk
company registration italy,480,33.94,,form-now,site:propertyspv.co.uk
belgium company registration,480,13.9,,form-now,site:propertyspv.co.uk
company registration usa,480,6.61,,form-now,site:propertyspv.co.uk
pvt ltd company registration,480,55.43,,form-now,site:propertyspv.co.uk
company registration in us,480,6.61,,form-now,site:propertyspv.co.uk
new york company registration,480,7.82,,form-now,site:propertyspv.co.uk
find company registration number,480,7.39,,form-now,site:propertyspv.co.uk
private limited company registration,480,55.43,,form-now,site:propertyspv.co.uk
company registration in canada,480,7.97,,form-now,site:propertyspv.co.uk
new company registration in uk,480,54.91,,form-now,site:propertyspv.co.uk
uk company formation service,480,22.9,,other,site:propertyspv.co.uk
best company for iva,480,62.84,,other,site:propertyspv.co.uk
france business registration,480,8.18,,form-now,site:propertyspv.co.uk
uae business registration,480,14.57,,form-now,site:propertyspv.co.uk
how to set up a company,480,18.23,,form-now,site:propertyspv.co.uk
how to become a limited company,480,5.99,,other,site:propertyspv.co.uk
company pro,480,12.75,,other,site:propertyspv.co.uk
company organisation,480,19.71,,other,site:propertyspv.co.uk
company structure,480,3.28,,other,site:propertyspv.co.uk
manual company,480,4.13,,other,site:propertyspv.co.uk
council tax reduction eligibility,480,7.46,,other,site:watsonknipe.co.uk
inland revenue self assessment login,480,,,other,site:watsonknipe.co.uk
vat notice 741a,480,,,other,site:watsonknipe.co.uk
hmrc vat online,480,8.47,,other,site:watsonknipe.co.uk
vat act 1994,480,,,other,site:watsonknipe.co.uk
property hawk,480,30.12,,other,seed:spv property
property websites uk,480,1.35,,other,seed:spv property
commercial property glasgow,480,2.06,,other,seed:spv property
james property,480,3.17,,other,seed:spv property
quirky property for sale uk,480,0.37,,other,seed:spv property
frasers property,480,1.5,,other,seed:spv property
the property hub,480,,,other,seed:spv property
commercial property sales,480,3.09,,other,seed:spv property
luxury property,480,1.49,,other,seed:spv property
ivy property,480,3.03,,other,seed:spv property
commercial property for sale chesterfield,480,1.61,,other,seed:spv property
cayman islands property for sale,480,1.03,,other,seed:spv property
property for sale calahonda,480,1.01,,other,seed:spv property
muller property group,480,,,other,seed:spv property
new zealand property,480,0.05,,other,seed:spv property
property for sale in portobello edinburgh,480,0.05,,other,seed:spv property
off grid property for sale uk,480,0.28,,other,seed:spv property
coco property,480,5.15,,other,seed:spv property
zest property,480,2.68,,other,seed:spv property
property hotspots,480,7.15,,other,seed:spv property
property for sale sri lanka,480,0.39,,other,seed:spv property
brisbane property for sale,480,1.61,,other,seed:spv property
buying a property abroad,480,3.03,,other,seed:spv property
miami property for sale,480,0.81,,other,seed:spv property
property link liverpool,480,13.98,,other,seed:spv property
freehold property for sale london,480,1.27,,other,seed:spv property
sbs property,480,1.51,,other,seed:spv property
property listings,480,1.96,,other,seed:spv property
kirkham property,480,6.79,,other,seed:spv property
property for sale paphos,480,0.9,,other,seed:spv property
property for sale mayo,480,,,other,seed:spv property
northwood property for sale,480,1.19,,other,seed:spv property
kensington property for sale,480,1.72,,other,seed:spv property
buy to let as a limited company,480,8.69,,other,seed:buy to let limited company;seed:non resident landlord company
leasehold property meaning,480,0.12,,other,seed:buy to let limited company
rents property management,480,10.37,,other,seed:buy to let limited company
charterhouse property management,480,,,other,seed:buy to let limited company
valuation of rental property,480,5.19,,other,seed:buy to let limited company
excise tax,480,,,other,seed:property company tax
us income tax calculator,480,,,tools,seed:property company tax
income tax losses,480,,,other,seed:property company tax
download council tax bill,480,,,other,seed:property company tax
self employment tax return,480,8.42,,other,seed:property company tax
tax deadline,480,1.48,,other,seed:property company tax
tax office reference number on payslip,480,,,other,seed:property company tax
paye income tax,480,,,other,seed:property company tax
scotland tax,480,,,other,seed:property company tax
property tax proposal,480,,,other,seed:property company tax
tax tables,480,9.45,,other,seed:property company tax
file tax,480,14.11,,other,seed:property company tax
renew tax online,480,,,other,seed:property company tax
switzerland tax calculator,480,2.81,,tools,seed:property company tax
corporation tax payment plan,480,43.49,,run-the-company,seed:property company tax
tax bill,480,2.76,,other,seed:property company tax
income tax filing india,480,,,run-the-company,seed:property company tax
tax filing uk,480,4.48,,run-the-company,seed:property company tax
tax calculator london,480,0.94,,tools,seed:property company tax
request council tax bill,480,,,other,seed:property company tax
partnership tax return,480,9.63,,other,seed:property company tax
hmrc tax helpline,480,4.66,,other,seed:property company tax
fill in self assessment tax return,480,11.56,,other,seed:property company tax
dividend tax thresholds,480,10.09,,run-the-company,seed:property company tax
tax on bonus,480,,,other,seed:property company tax
tax returns help,480,8.12,,other,seed:property company tax
tax repayment,480,1.91,,other,seed:property company tax
inheritance tax checker,480,5.71,,other,seed:property company tax
abpi code,480,,,other,seed:sic code spv
isps code,480,0.92,,other,seed:sic code spv
how to buy government bonds,480,5.23,,other,seed:limited company mortgage
martin lewis car finance refund,480,13.49,,other,seed:limited company mortgage
hsbc loan rates,480,0.56,,other,seed:limited company mortgage
loan comparison calculator,480,4.87,,tools,seed:limited company mortgage
how to buy more premium bonds,480,,,other,seed:limited company mortgage
auto loan calculator,480,6.12,,tools,seed:limited company mortgage
deposit protection scheme uk,480,1.26,,other,seed:limited company mortgage
hsbc loans uk,480,1.36,,other,seed:limited company mortgage
company debt,480,39.24,,other,seed:limited company mortgage
martin lewis car finance template,480,8.78,,other,seed:limited company mortgage
creditors: amounts falling due within one year,480,,,other,seed:limited company mortgage
personal loan interest rates uk,480,3.04,,mortgages,seed:limited company mortgage
move to universal credit,480,,,other,seed:limited company mortgage
btl mortgages for limited companies,480,13.71,,mortgages,seed:limited company mortgage
company loan,480,100.27,,other,seed:limited company mortgage
martin lewis balance transfer,480,5.47,,other,seed:limited company mortgage
personal loan martin lewis,480,3.15,,other,seed:limited company mortgage
halifax personal loan calculator,480,1.97,,tools,seed:limited company mortgage
lowest personal loan rates,480,4.62,,other,seed:limited company mortgage
maintenance loan uk,480,,,other,seed:limited company mortgage
libor scandal uk,480,,,other,seed:limited company mortgage
gifted deposit letter template uk,480,1.78,,other,seed:registered office
sample uk address,480,,,other,seed:registered office
dvla d1 form address,480,,,other,seed:registered office
uk address format letter,480,,,other,seed:registered office
dvla address for d1 form,480,,,other,seed:registered office
gov uk sick note,480,3.72,,other,seed:registered office
xero mtd for income tax,390,4.76,,other,site:provestor.co.uk;site:watsonknipe.co.uk
property tax scotland,390,0.47,,other,site:provestor.co.uk
property tax ireland,390,,,other,seed:property company tax;site:provestor.co.uk
help with tax return self assessment,390,11.3,,other,site:provestor.co.uk
making tax digital freeagent,390,12.36,,other,site:provestor.co.uk
tax on property sale,390,2.11,,other,site:provestor.co.uk
self assessment tax period,390,2.71,,other,site:provestor.co.uk
self employed tax allowance,390,4.84,,other,site:provestor.co.uk
business property relief inheritance tax,390,2.7,,other,site:provestor.co.uk;site:uklandlordtax.co.uk;site:watsonknipe.co.uk
limited company vat registration,390,17.21,,form-now,site:provestor.co.uk
buy property venice,390,0.59,,other,site:getground.co.uk
buy marbella property,390,2.59,,other,site:getground.co.uk
buy property pimlico,390,0.55,,other,site:getground.co.uk
buy property rome,390,0.7,,other,site:getground.co.uk
property for sale glasgow city centre,390,0.28,,other,seed:spv property;site:getground.co.uk
buy property in antibes,390,0.71,,other,site:getground.co.uk
property buy in goa,390,0.78,,other,site:getground.co.uk
buy property canary wharf,390,2.02,,other,site:getground.co.uk
property to buy west hampstead,390,0.58,,other,site:getground.co.uk
buy property in portugal silver coast,390,0.84,,other,site:getground.co.uk
venice property for sale,390,0.59,,other,site:getground.co.uk
krakow property for sale,390,0.57,,other,site:getground.co.uk
stamp duty on buy to let property,390,3.25,,transfer-in,site:uklandlordtax.co.uk
capital gains tax form,390,,,transfer-in,site:uklandlordtax.co.uk
non-resident tax spain,390,3.06,,non-resident,site:uklandlordtax.co.uk
commercial property buy to let mortgage,390,11.23,,mortgages,site:uklandlordtax.co.uk
labour inheritance tax,390,14.94,,other,site:uklandlordtax.co.uk
stamp duty returns,390,1.32,,transfer-in,site:uklandlordtax.co.uk
company registration sweden,390,2.83,,form-now,site:propertyspv.co.uk
registration of a company name,390,15.79,,form-now,site:propertyspv.co.uk
register your company name,390,21.48,,form-now,site:propertyspv.co.uk
trademark your company name,390,9.13,,other,site:propertyspv.co.uk
transfer property into limited company,390,2.57,,transfer-in,site:propertyspv.co.uk
starting your own company uk,390,7.06,,other,site:propertyspv.co.uk
what is private company,390,54.14,,other,site:propertyspv.co.uk
what is the mission statement of a company,390,2.78,,other,site:propertyspv.co.uk
transfer property to limited company,390,2.57,,transfer-in,site:propertyspv.co.uk
companies house change registered address,390,4.79,,run-the-company,site:propertyspv.co.uk
how to liquidate a company,390,20.72,,other,site:propertyspv.co.uk
business name registration,390,15.79,,form-now,site:propertyspv.co.uk
company functions,390,3.42,,other,site:propertyspv.co.uk
company seal,390,2.34,,other,site:propertyspv.co.uk
business name and registration,390,15.79,,form-now,site:propertyspv.co.uk
daycare tax credit,390,,,other,site:watsonknipe.co.uk
day care tax credit,390,,,other,site:watsonknipe.co.uk
tax assessment login,390,7.42,,other,site:watsonknipe.co.uk
taxes in new zealand,390,0.02,,other,site:watsonknipe.co.uk
carryduff property for sale,390,0.02,,other,seed:spv property
property to buy london,390,1.12,,other,seed:spv property
i bought a property in egypt,390,,,other,seed:spv property
mlm property,390,3.48,,other,seed:spv property
view property launceston,390,3.62,,other,seed:spv property
finland property for sale,390,,,other,seed:spv property
gdv property,390,,,other,seed:spv property
turn key property,390,5.53,,other,seed:spv property
commercial property bristol,390,2.34,,other,seed:spv property
property portal,390,5.19,,other,seed:spv property
commercial property leicester,390,1.77,,other,seed:spv property
cape town property,390,0.54,,other,seed:spv property
jamal property world,390,3.36,,other,seed:spv property
property for sale rome,390,0.7,,other,seed:spv property
forum sales and lettings,390,0.31,,other,seed:spv property
oman property for sale,390,2.84,,other,seed:spv property
gilson gray property,390,1.36,,other,seed:spv property
commercial property leeds,390,2.6,,other,seed:spv property
commercial property birmingham,390,2.22,,other,seed:spv property
kmj property,390,2.64,,other,seed:spv property
south woodford property for sale,390,0.24,,other,seed:spv property
lifestyle property,390,4.64,,other,seed:spv property
radstock property,390,,,other,seed:spv property
property for sale queens park,390,0.5,,other,seed:spv property
marbella property,390,2.01,,other,seed:spv property
bahamas property for sale,390,2.4,,other,seed:spv property
menton property for sale,390,0.21,,other,seed:spv property
martin property group,390,,,other,seed:spv property
morris property,390,,,other,seed:spv property
belgravia property for sale,390,0.74,,other,seed:spv property
hammersmith property for sale,390,0.43,,other,seed:spv property
property in north cyprus,390,0.86,,other,seed:spv property
online estate agents uk,390,6,,other,seed:spv property
buying leasehold property,390,1.24,,other,seed:buy to let limited company
right to manage leasehold,390,5.38,,other,seed:buy to let limited company
property lease,390,2.75,,other,seed:buy to let limited company
landlords letting company,390,2.47,,other,seed:buy to let limited company;seed:non resident landlord company
the landlords letting company,390,2.47,,other,seed:buy to let limited company;seed:non resident landlord company
the landlord letting company,390,2.47,,other,seed:buy to let limited company;seed:non resident landlord company
simple tax,390,6.94,,other,seed:property company tax
foreign tax identifying number uk,390,0.45,,other,seed:property company tax
income tax account,390,,,other,seed:property company tax
after tax uk,390,,,other,seed:property company tax
gov self assessment tax return,390,2.67,,other,seed:property company tax
pay your tax,390,3.71,,other,seed:property company tax
specific tax,390,,,other,seed:property company tax
corporation tax filing,390,26.27,,run-the-company,seed:property company tax
pay havering council tax,390,,,other,seed:property company tax
foreign tax identifying number,390,1.52,,other,seed:property company tax
tax deductible,390,,,other,seed:property company tax
specific tax diagram,390,,,other,seed:property company tax
company car tax rates,390,2.41,,other,seed:property company tax
hmrc tax code helpline,390,11.28,,other,seed:property company tax
pay personal tax online,390,1.31,,other,seed:property company tax
ad valorem tax diagram,390,,,other,seed:property company tax
business tax uk,390,10.24,,other,seed:property company tax
hmrc corporation tax address,390,,,run-the-company,seed:property company tax
california tax,390,2.8,,other,seed:property company tax
tax avoidance schemes,390,2,,other,seed:property company tax
hmrc tax year,390,1.97,,other,seed:property company tax
transfer of tenancy,390,,,other,seed:transfer property to limited company
bb code,390,,,other,seed:sic code spv
cvv code,390,13.08,,other,seed:sic code spv
imdg code,390,,,other,seed:sic code spv
ids code,390,,,other,seed:sic code spv
best fixed deposit rates uk,390,2.64,,other,seed:limited company mortgage
10 year gilt rates,390,,,other,seed:limited company mortgage
car loan comparison uk,390,6.25,,other,seed:limited company mortgage
martin lewis credit score check,390,5.3,,other,seed:limited company mortgage
uk startup loans,390,6.81,,other,seed:limited company mortgage
best secured loans uk,390,110.03,,other,seed:limited company mortgage
hsbc student overdraft,390,4.81,,other,seed:limited company mortgage
best cash isa interest rates uk,390,2.25,,mortgages,seed:limited company mortgage
loan calculator india,390,,,tools,seed:limited company mortgage
martin lewis debt help,390,14.12,,other,seed:limited company mortgage
student loan rates,390,,,other,seed:limited company mortgage
creditwise uk,390,6.97,,other,seed:limited company mortgage
loan agreement template uk,390,2.46,,other,seed:limited company mortgage
registered office service,390,17.51,,run-the-company,seed:registered office
affidavit uk,390,1.98,,other,seed:registered office
formal letter layout uk,390,0.02,,other,seed:registered office
will example uk,390,3.25,,other,seed:registered office
right to work document list,390,7.78,,other,seed:registered office
free power of attorney form,390,2.97,,other,seed:registered office
address format usa,390,,,other,seed:registered office
register office ayr,390,,,form-now,seed:registered office
dwp address for attendance allowance,390,,,other,seed:registered office
serial number on uk marriage certificate,390,2.49,,other,seed:registered office
registered social landlord,390,4.7,,other,seed:non resident landlord company
buying a property as a limited company,390,7.12,,other,seed:non resident landlord company
limited company tax rates,320,3.91,,other,site:provestor.co.uk;site:uklandlordtax.co.uk
tax on dividends from limited company,320,2.27,,other,site:provestor.co.uk;site:uklandlordtax.co.uk
spanish property tax,320,0.7,,other,site:provestor.co.uk
property tax advice,320,6.89,,other,site:provestor.co.uk
making tax digital uk,320,9.09,,other,site:provestor.co.uk
hmrc company tax,320,5.25,,other,seed:property company tax;site:provestor.co.uk
company tax uae,320,30.69,,other,site:provestor.co.uk
yearly property tax uk,320,,,other,site:provestor.co.uk
property investors course,320,7.81,,other,site:provestor.co.uk
overseas property investors,320,6.2,,other,site:provestor.co.uk
self employed tax deadlines,320,1.85,,other,site:provestor.co.uk
self assessment tax refund,320,5.53,,other,site:provestor.co.uk
self employed tax breaks,320,2.07,,other,site:provestor.co.uk
tax rebate self assessment,320,5.53,,other,site:provestor.co.uk
how to pay self assessment tax online,320,11.44,,other,site:provestor.co.uk
the property centre longlevens,320,1.18,,other,site:getground.co.uk
the property centre stroud,320,1.07,,other,site:getground.co.uk
property for sale belfast city centre,320,0.02,,other,seed:spv property;site:getground.co.uk
south west property centre,320,1,,other,site:getground.co.uk
buy property in cannes,320,0.86,,other,site:getground.co.uk
benalmadena property to buy,320,1.16,,other,site:getground.co.uk
benahavis property to buy,320,2.09,,other,site:getground.co.uk
south west property centre stranraer,320,1,,other,seed:spv property;site:getground.co.uk
tax help,320,10.21,,other,site:getground.co.uk
property to buy in germany,320,1.03,,other,site:getground.co.uk
property for sale perpignan,320,0.17,,other,site:getground.co.uk
property for sale denmark,320,,,other,site:getground.co.uk
property for sale st3,320,0.02,,other,site:getground.co.uk
hermanus property for sale,320,0.05,,other,site:getground.co.uk
property for sale corsica,320,0.28,,other,site:getground.co.uk
limited company buy to let mortgage rates,320,4.39,,mortgages,site:uklandlordtax.co.uk
working out capital gains tax,320,2.92,,transfer-in,site:uklandlordtax.co.uk
stamp duty land tax reliefs,320,,,transfer-in,site:uklandlordtax.co.uk
limited company director mortgage,320,31.44,,mortgages,site:uklandlordtax.co.uk
company stamp duty calculator,320,0.74,,transfer-in,site:uklandlordtax.co.uk
landlord mortgage,320,8.2,,mortgages,site:uklandlordtax.co.uk
inheritance tax portugal,320,0.77,,other,site:uklandlordtax.co.uk
mortgage and property centre,320,11.33,,mortgages,site:uklandlordtax.co.uk
ltd company buy to let mortgage rates,320,4.39,,mortgages,site:uklandlordtax.co.uk
mauritius company registration,320,17.27,,form-now,site:propertyspv.co.uk
ireland company registration search,320,10.79,,form-now,site:propertyspv.co.uk
register your company,320,63.34,,form-now,site:propertyspv.co.uk
change ltd company name,320,11.67,,other,site:propertyspv.co.uk
change limited company name,320,11.67,,other,site:propertyspv.co.uk
company registration in south africa,320,42.46,,form-now,site:propertyspv.co.uk
business registration canada,320,3.62,,form-now,site:propertyspv.co.uk
find business registration,320,10.09,,form-now,site:propertyspv.co.uk
check business registration,320,10.09,,form-now,site:propertyspv.co.uk
company id,320,3.55,,other,site:propertyspv.co.uk
pwc worldwide tax summaries,320,,,other,site:watsonknipe.co.uk
tax tribunal decisions,320,,,other,site:watsonknipe.co.uk
vat notice 742a,320,,,other,site:watsonknipe.co.uk
hmrc postponed vat statement,320,,,other,site:watsonknipe.co.uk
iras amendment tool,320,,,other,site:watsonknipe.co.uk
inland revenue login uk,320,,,other,site:watsonknipe.co.uk
property for sale egremont,320,0.17,,other,seed:spv property
property for sale wrea green,320,0.32,,other,seed:spv property
gnb property,320,20.49,,other,seed:spv property
gumtree property,320,3.83,,other,seed:spv property
simon property group,320,0.25,,other,seed:spv property
commercial property liverpool,320,3.27,,other,seed:spv property
next property,320,39.72,,other,seed:spv property
onthemarket property for sale,320,0.24,,other,seed:spv property
the property jungle,320,3.23,,other,seed:spv property
balgores property,320,1.19,,other,seed:spv property
stevens property,320,,,other,seed:spv property
property in monaco,320,1.17,,other,seed:spv property
arun estate agencies limited,320,2.51,,other,seed:spv property
property for sale germany,320,1.03,,other,seed:spv property
property south africa,320,0.05,,other,seed:spv property
manor for sale uk,320,0.13,,other,seed:spv property
dexter property,320,1.67,,other,seed:spv property
property with land for sale uk,320,0.05,,other,seed:spv property
madrid property for sale,320,0.3,,other,seed:spv property
denmark property for sale,320,,,other,seed:spv property
commercial property nottingham,320,1.25,,other,seed:spv property
property 4 u,320,2.38,,other,seed:spv property
commercial property brighton,320,1.19,,other,seed:spv property
st ives property,320,0.28,,other,seed:spv property
remote property for sale uk,320,0.08,,other,seed:spv property
atlas property,320,2.4,,other,seed:spv property
cheap property,320,1.01,,other,seed:spv property
alesco property,320,7.5,,other,seed:spv property
mk property,320,14.12,,other,seed:spv property
property in new zealand,320,0.52,,other,seed:spv property
luxury property for sale uk,320,0.91,,other,seed:spv property
melbourne property,320,0.96,,other,seed:spv property
tuscany property,320,0.59,,other,seed:spv property
faro property for sale,320,0.82,,other,seed:spv property
st andrews property co,320,,,other,seed:spv property
florence property for sale,320,0.57,,other,seed:spv property
limited company buy to let,320,6.49,,other,seed:buy to let limited company;seed:non resident landlord company
rental management company,320,12.57,,other,seed:buy to let limited company;seed:non resident landlord company
rent management company,320,12.57,,other,seed:buy to let limited company;seed:non resident landlord company
hmrc company tax return,320,19.86,,other,seed:property company tax
income tax filing,320,2,,run-the-company,seed:property company tax
income tax calculator london,320,,,tools,seed:property company tax
california tax calculator,320,,,tools,seed:property company tax
gov.uk company tax return,320,11.03,,other,seed:property company tax
income tax losses meaning,320,,,other,seed:property company tax
council tax estimate,320,,,other,seed:property company tax
sales tax calculator,320,4.14,,tools,seed:property company tax
tax relief calculator,320,5.03,,tools,seed:property company tax
gov pay tax,320,,,other,seed:property company tax
tax refund leaving uk,320,2.12,,other,seed:property company tax
tax administration jamaica,320,,,other,seed:property company tax
self employed tax free allowance,320,2.56,,other,seed:property company tax
hmrc tax credits,320,,,other,seed:property company tax
tax return dates 24/25,320,,,other,seed:property company tax
my tax gov,320,1.29,,other,seed:property company tax
side hustle tax,320,1.29,,other,seed:property company tax
landlords database uk,320,12.6,,other,seed:transfer property to limited company
renters rights bill uk property sale,320,,,other,seed:transfer property to limited company
cdp share code,320,,,other,seed:sic code spv
ccy code,320,,,other,seed:sic code spv
isd code,320,,,other,seed:sic code spv
id pac code,320,0.07,,other,seed:sic code spv
business start up loans uk,320,12.54,,other,seed:limited company mortgage
best business loan rates,320,63.82,,other,seed:limited company mortgage
fcnr deposit rates,320,5.73,,other,seed:limited company mortgage
lease to buy car,320,3.03,,other,seed:limited company mortgage
loan to buy land,320,5.71,,other,seed:limited company mortgage
secured loan rates,320,39.98,,other,seed:limited company mortgage
director loan to company,320,16.53,,run-the-company,seed:limited company mortgage
very buy now pay later 12 months,320,4.04,,other,seed:limited company mortgage
help to buy interest rate,320,1.96,,mortgages,seed:limited company mortgage
hsbc car finance,320,8.61,,other,seed:limited company mortgage
uk masters loan,320,7.27,,other,seed:limited company mortgage
police mortgages,320,8.08,,mortgages,seed:limited company mortgage
lloyds loan calculator uk,320,3,,tools,seed:limited company mortgage
buy a van on finance,320,12.33,,other,seed:limited company mortgage
hsbc loan eligibility checker,320,1.3,,other,seed:limited company mortgage
loan emi calculator,320,3.32,,tools,seed:limited company mortgage
mortgage advance,320,18.99,,mortgages,seed:limited company mortgage
hsbc bonds,320,5.26,,other,seed:limited company mortgage
debtors anonymous uk,320,22.02,,other,seed:limited company mortgage
martin lewis car loan,320,4.76,,other,seed:limited company mortgage
change registered office address,320,5.16,,run-the-company,seed:registered office
p85 form uk,320,3.33,,other,seed:registered office
registered letter,320,3.82,,other,seed:registered office
home office letter,320,,,other,seed:registered office
notice letter example uk,320,0.31,,other,seed:registered office
certificate of incorporation uk,320,11.1,,other,seed:registered office
form n215 certificate of service,320,,,other,seed:registered office
royal warrant list,320,,,other,seed:registered office
uk birth certificate example,320,,,other,seed:registered office
official letter format uk,320,0.2,,other,seed:registered office
dnr form uk,320,3.61,,other,seed:registered office
gov.uk general register office,320,4.68,,form-now,seed:registered office
sample uk birth certificate,320,,,other,seed:registered office
sample birth certificate uk,320,,,other,seed:registered office
free minor travel consent form,320,2.76,,other,seed:registered office
tax return for landlords,260,11.17,,other,site:provestor.co.uk;site:uklandlordtax.co.uk
tax threshold for self employed,260,3.11,,other,site:provestor.co.uk
property tax france,260,2.16,,other,site:provestor.co.uk
making tax digital exemptions,260,1.86,,other,site:provestor.co.uk
tax refund estimator for self employed,260,2.32,,other,site:provestor.co.uk
buy to let taxation,260,1.08,,other,site:provestor.co.uk
tax self assessment dates,260,25.33,,other,site:provestor.co.uk
buy to let property uk,260,8.88,,other,seed:spv property;site:getground.co.uk
property centre wallasey,260,0.56,,other,site:getground.co.uk
buy property budapest,260,0.39,,other,site:getground.co.uk
buy property mykonos,260,1.68,,other,site:getground.co.uk
buy property latvia,260,2.21,,other,site:getground.co.uk
property for sale liverpool city centre,260,1.19,,other,site:getground.co.uk
buy to let houses,260,3.32,,other,site:getground.co.uk
property agents manchester city centre,260,3.69,,other,site:getground.co.uk
buy property british virgin islands,260,0.42,,other,site:getground.co.uk
buy property ras al khaimah,260,4.17,,other,site:getground.co.uk
property for sale funchal,260,0.26,,other,site:getground.co.uk
villajoyosa property for sale,260,0.25,,other,site:getground.co.uk
newburgh property for sale,260,0.05,,other,site:getground.co.uk
property for sale kemsing,260,0.04,,other,site:getground.co.uk
budapest property for sale,260,0.39,,other,site:getground.co.uk
stamp duty for mortgage,260,1.27,,transfer-in,site:uklandlordtax.co.uk
report capital gains tax on uk property,260,,,transfer-in,site:uklandlordtax.co.uk
capital gain tax non resident uk,260,,,non-resident,site:uklandlordtax.co.uk
mortgage loan stamp duty,260,1.27,,transfer-in,site:uklandlordtax.co.uk
capital gains tax manual hmrc,260,,,transfer-in,site:uklandlordtax.co.uk
uk non resident tax,260,6.5,,non-resident,site:uklandlordtax.co.uk
stamp duty uk commercial property,260,1.8,,transfer-in,site:uklandlordtax.co.uk
tax duty,260,2.31,,other,site:uklandlordtax.co.uk
mortgage for property abroad,260,8.51,,mortgages,site:uklandlordtax.co.uk
annual exemption inheritance tax,260,,,other,site:uklandlordtax.co.uk
inheritance tax uk percentage,260,1.73,,other,site:uklandlordtax.co.uk
inheritance tax levels uk,260,1.73,,other,site:uklandlordtax.co.uk
hmrc inheritance tax helpline,260,4.57,,other,site:uklandlordtax.co.uk
company registration address change,260,4.92,,form-now,site:propertyspv.co.uk
change limited company address,260,6.05,,other,seed:registered office;site:propertyspv.co.uk
change registered company address,260,4.92,,other,site:propertyspv.co.uk
gibraltar company registration,260,7.35,,form-now,site:propertyspv.co.uk
hmrc change business address,260,1.32,,other,site:propertyspv.co.uk
changing the name of your company,260,5.28,,other,site:propertyspv.co.uk
how to make a company,260,34.95,,other,site:propertyspv.co.uk
company house dissolve company,260,2.97,,other,site:propertyspv.co.uk
small business registration,260,27.02,,form-now,site:propertyspv.co.uk
business registration government,260,21.36,,form-now,site:propertyspv.co.uk
business registration ontario,260,7.53,,form-now,site:propertyspv.co.uk
pty company,260,,,other,site:propertyspv.co.uk
company re,260,22.18,,other,site:propertyspv.co.uk
commercial company,260,,,other,site:propertyspv.co.uk
business company,260,28.33,,other,site:propertyspv.co.uk
sme company,260,6.87,,other,site:propertyspv.co.uk
company tree,260,3.09,,other,site:propertyspv.co.uk
gov vat checker,260,,,other,site:watsonknipe.co.uk
taxcalc download,260,7.44,,other,site:watsonknipe.co.uk
tax code d0 meaning,260,,,other,site:watsonknipe.co.uk
taxes management act 1970,260,,,other,site:watsonknipe.co.uk
vat 126 claim,260,,,other,site:watsonknipe.co.uk
james bailey property,260,21.27,,other,seed:spv property
tower property,260,,,other,seed:spv property
property sales and lettings ni,260,1.9,,other,seed:spv property
paul smith property,260,,,other,seed:spv property
commercial property for sale aylesbury,260,1.03,,other,seed:spv property
private islands for sale uk,260,0.12,,other,seed:spv property
new york property,260,0.56,,other,seed:spv property
kingston property,260,1.24,,other,seed:spv property
property for sale brockley,260,0.29,,other,seed:spv property
purple property gillingham,260,3.36,,other,seed:spv property
tennant company,260,11.14,,other,seed:buy to let limited company;seed:non resident landlord company
property management for landlords,260,7.73,,other,seed:buy to let limited company
management company for rental property,260,9.01,,other,seed:buy to let limited company;seed:non resident landlord company
residential property management companies,260,9.01,,other,seed:buy to let limited company
management fee for rental property,260,5.63,,other,seed:buy to let limited company
tax compliance,260,6.3,,other,seed:property company tax
negative income tax,260,,,other,seed:property company tax
tax records,260,0.98,,other,seed:property company tax
underpaid tax,260,,,other,seed:property company tax
update tax code,260,0.86,,other,seed:property company tax
council tax exemption certificate,260,,,other,seed:property company tax
cb tax,260,8.7,,other,seed:property company tax
pink tax examples,260,,,other,seed:property company tax
companies house register uk,260,27.63,,form-now,seed:transfer property to limited company
deed of gift property,260,2.96,,other,seed:transfer property to limited company
deed of gift of property,260,2.96,,other,seed:transfer property to limited company
clg code,260,6.14,,other,seed:sic code spv
cmyk code,260,4.59,,other,seed:sic code spv
erlc code,260,,,other,seed:sic code spv
ipso editors code,260,,,other,seed:sic code spv
idv code,260,8.95,,other,seed:sic code spv
hsbc consent to let,260,11.41,,other,seed:limited company mortgage
fixed deposit rates uk,260,2.66,,other,seed:limited company mortgage
help to buy equity loan repayment,260,15.59,,other,seed:limited company mortgage
martin lewis best interest rates,260,0.72,,mortgages,seed:limited company mortgage
hsbc uk interest rates,260,,,mortgages,seed:limited company mortgage
hsbc business loan calculator,260,10.59,,tools,seed:limited company mortgage
hsbc permission to let,260,11.41,,other,seed:limited company mortgage
government help to buy isa,260,3.51,,other,seed:limited company mortgage
offer finance to customers,260,38.87,,other,seed:limited company mortgage
personal loan to buy car,260,8.96,,other,seed:limited company mortgage
martin lewis remortgage,260,6.13,,other,seed:limited company mortgage
personal loan to buy a car,260,8.96,,other,seed:limited company mortgage
martin lewis car finance reclaim,260,14.23,,other,seed:limited company mortgage
perenna mortgages,260,7.95,,mortgages,seed:limited company mortgage
10 year loans,260,10.79,,other,seed:limited company mortgage
business loan interest rates uk,260,18.85,,mortgages,seed:limited company mortgage
credit calculator,260,4.56,,tools,seed:limited company mortgage
business loan rates uk,260,23.83,,other,seed:limited company mortgage
change company registered address,260,4.92,,other,seed:registered office
company registration certificate,260,13.09,,form-now,seed:registered office
file a patent uk,260,6.32,,other,seed:registered office
separation agreement template uk,260,2.2,,other,seed:registered office
office of the public guardian forms,260,2.7,,other,seed:registered office
affidavit template uk,260,2.21,,other,seed:registered office
d1 form change of address,260,0.51,,other,seed:registered office
uk car registration letters,260,0.18,,form-now,seed:registered office
eviction notice template uk,260,1.94,,other,seed:registered office
witness statement template uk,260,0.27,,other,seed:registered office
uk trust register,260,4.67,,form-now,seed:registered office
gov uk proof of benefit letter,260,,,other,seed:registered office
www scotcourts gov uk excusal form online,260,,,other,seed:registered office
car registration document uk,260,,,form-now,seed:registered office
becoming a landlord,260,6.02,,other,seed:non resident landlord company
set up a holding company,260,10.76,,form-now,seed:non resident landlord company
property tax jamaica,210,,,other,site:provestor.co.uk
tax accountant property,210,7.99,,other,site:provestor.co.uk
property tax london,210,1.46,,other,site:provestor.co.uk
money saving expert tax,210,,,other,site:provestor.co.uk
company van tax,210,,,other,seed:property company tax;site:provestor.co.uk
company tax payment,210,42.98,,other,site:provestor.co.uk
bbmp property tax payment,210,,,other,seed:property company tax;site:provestor.co.uk
second property tax uk,210,,,other,site:provestor.co.uk
self employed tax rebate,210,9.06,,other,site:provestor.co.uk
self-assessment tax accountant,210,18.51,,other,site:provestor.co.uk
tax advisor self assessment,210,18.51,,other,site:provestor.co.uk
self assessment tax helpline,210,5.76,,other,site:provestor.co.uk
limited company vat threshold,210,2.69,,other,site:provestor.co.uk
one bed property for sale,210,1.07,,other,site:getground.co.uk
buy property lithuania,210,,,other,site:getground.co.uk
buy property zurich,210,0.65,,other,site:getground.co.uk
property for sale in york city centre,210,0.37,,other,site:getground.co.uk
house and property for sale,210,1.01,,other,site:getground.co.uk
property to buy berlin,210,1.29,,other,site:getground.co.uk
buy property port elizabeth,210,0.05,,other,site:getground.co.uk
find property to buy,210,1.42,,other,site:getground.co.uk
one bed property for sale near me,210,0.5,,other,site:getground.co.uk
residential and commercial property for sale,210,0.87,,other,site:getground.co.uk
cape town property to buy,210,0.44,,other,site:getground.co.uk
cheap property to buy in greece,210,0.64,,other,site:getground.co.uk
astley property for sale,210,0.16,,other,site:getground.co.uk
seychelles property for sale,210,2.68,,other,site:getground.co.uk
ghana property for sale,210,1.85,,other,site:getground.co.uk
property for sale netherlee,210,,,other,site:getground.co.uk
property for sale catalonia,210,0.16,,other,site:getground.co.uk
property for sale westhill,210,14.35,,other,site:getground.co.uk
gumtree property for sale,210,5.57,,other,site:getground.co.uk
best limited company buy-to-let mortgages,210,7.35,,mortgages,site:uklandlordtax.co.uk
capital gains tax on gifts,210,,,transfer-in,site:uklandlordtax.co.uk
adding stamp duty to mortgage,210,,,transfer-in,site:uklandlordtax.co.uk
commercial property stamp duty rates,210,,,transfer-in,site:uklandlordtax.co.uk
stamp duty land tax rates,210,,,transfer-in,site:uklandlordtax.co.uk
capital gains tax on business sale,210,,,transfer-in,site:uklandlordtax.co.uk
capital gains tax calculator on sale of property,210,2.72,,transfer-in,site:uklandlordtax.co.uk
capital gains tax scotland calculator,210,,,transfer-in,site:uklandlordtax.co.uk
remortgage a buy to let property,210,19.69,,other,site:uklandlordtax.co.uk
stamp duty on mixed use property,210,,,transfer-in,site:uklandlordtax.co.uk
the mortgage lender limited,210,,,mortgages,site:uklandlordtax.co.uk
how much buy to let mortgage,210,1.43,,mortgages,site:uklandlordtax.co.uk
inheritance tax on businesses,210,3.26,,other,site:uklandlordtax.co.uk
hmrc inheritance tax manual,210,,,other,site:uklandlordtax.co.uk
tax on cash inheritance,210,2.16,,other,site:uklandlordtax.co.uk
company registration nigeria,210,23.77,,form-now,site:propertyspv.co.uk
hmrc company registration,210,10.05,,form-now,site:propertyspv.co.uk
company not for profit,210,15.54,,other,site:propertyspv.co.uk
abbreviation for limited company,210,,,other,site:propertyspv.co.uk
how to create a company,210,17.21,,other,site:propertyspv.co.uk
file for a company companies house,210,7.11,,run-the-company,site:propertyspv.co.uk
company plural,210,,,other,site:propertyspv.co.uk
simplify company,210,,,other,site:propertyspv.co.uk
service companies,210,7.93,,other,site:propertyspv.co.uk
what is a public limited company in business,210,,,other,site:propertyspv.co.uk
tax free childcare provider,210,,,other,site:watsonknipe.co.uk
pwc tax summaries,210,6.14,,other,site:watsonknipe.co.uk
primeland property,210,1.92,,other,seed:spv property
property for sale isle of whithorn,210,0.04,,other,seed:spv property
property for sale in north weald,210,0.37,,other,seed:spv property
property sites,210,0.66,,other,seed:spv property
ph property holdings,210,,,other,seed:spv property
property malta,210,0.4,,other,seed:spv property
st martins property,210,1.7,,other,seed:spv property
property for sale in llantrisant,210,0.06,,other,seed:spv property
property for sale europe,210,1.44,,other,seed:spv property
tasmania property for sale,210,2.61,,other,seed:spv property
unique properties for sale uk,210,0.54,,other,seed:spv property
company let agreement,210,5.83,,other,seed:buy to let limited company;seed:non resident landlord company
property rent management,210,13.16,,other,seed:buy to let limited company
property rentals management,210,13.16,,other,seed:buy to let limited company
management property rentals,210,13.16,,other,seed:buy to let limited company
property rental management,210,13.16,,other,seed:buy to let limited company
manage property rental,210,13.16,,other,seed:buy to let limited company
manage rental property,210,13.16,,other,seed:buy to let limited company
inventory for rental property,210,5.27,,other,seed:buy to let limited company
manage a rental property,210,13.16,,other,seed:buy to let limited company
property rental and management,210,13.16,,other,seed:buy to let limited company
property tax accountant,210,7.99,,other,seed:property company tax
corporation tax online,210,16.5,,run-the-company,seed:property company tax
corporation tax bill,210,22.53,,run-the-company,seed:property company tax
appeal corporation tax penalty,210,,,run-the-company,seed:property company tax
tax day,210,,,other,seed:property company tax
income tax budget,210,,,other,seed:property company tax
tax invoice,210,12.94,,other,seed:property company tax
mse tax,210,,,other,seed:property company tax
self assessment tax uk,210,1.76,,other,seed:property company tax
property deed search,210,2.94,,other,seed:transfer property to limited company
scc code,210,,,other,seed:sic code spv
costas code,210,0.02,,other,seed:sic code spv
ifsc code search,210,,,other,seed:sic code spv
uk isd code,210,,,other,seed:sic code spv
find ifsc code,210,,,other,seed:sic code spv
isd code uk,210,,,other,seed:sic code spv
icici ifsc code,210,,,other,seed:sic code spv
ic code list,210,,,other,seed:sic code spv
search ifsc code,210,,,other,seed:sic code spv
ifsc code locator,210,,,other,seed:sic code spv
search for ifsc code,210,,,other,seed:sic code spv
search with ifsc code,210,,,other,seed:sic code spv
compare business loans uk,210,78.94,,other,seed:limited company mortgage
buy to let loan,210,24.97,,other,seed:limited company mortgage
repay help to buy loan,210,17.92,,other,seed:limited company mortgage
where to buy bonds,210,7.59,,other,seed:limited company mortgage
compare loans martin lewis,210,2.14,,other,seed:limited company mortgage
limited company director loan,210,10.29,,run-the-company,seed:limited company mortgage
repay help to buy equity loan,210,,,other,seed:limited company mortgage
compare personal loan rates,210,5.93,,other,seed:limited company mortgage
car finance rates uk,210,5.7,,other,seed:limited company mortgage
loan comparison martin lewis,210,2.14,,other,seed:limited company mortgage
leek mortgages,210,4.07,,mortgages,seed:limited company mortgage
help to buy government scheme,210,2.67,,other,seed:limited company mortgage
closing help to buy: isa,210,,,other,seed:limited company mortgage
hsbc loan interest rates,210,2.34,,mortgages,seed:limited company mortgage
government loan for limited company,210,35.68,,other,seed:limited company mortgage
bank loan interest rates uk,210,2.11,,mortgages,seed:limited company mortgage
rci bank interest rates,210,0.96,,mortgages,seed:limited company mortgage
notice letter template uk,210,0.48,,other,seed:registered office
company incorporation certificate,210,45.02,,other,seed:registered office
vfs book appointment uk,210,,,other,seed:registered office
deed of gift template uk,210,2.57,,other,seed:registered office
service level agreement example,210,3,,other,seed:registered office
free prescription form,210,1.87,,other,seed:registered office
letter of authority template uk,210,2.29,,other,seed:registered office
international uk address format,210,,,other,seed:registered office
uk patent office forms,210,,,other,seed:registered office
statutory declaration template uk,210,1.48,,other,seed:registered office
uk notarized document,210,4.53,,other,seed:registered office
notarized document uk,210,4.53,,other,seed:registered office
apply for power of attorney uk,210,6.16,,other,seed:registered office
paternity leave uk form,210,4.29,,other,seed:registered office
notarise a document uk,210,4.53,,other,seed:registered office
copy of divorce certificate uk,210,3.87,,other,seed:registered office
victim impact statement uk example,210,,,other,seed:registered office
address change form,210,,,other,seed:registered office
example of address,210,,,other,seed:registered office
format for address change,210,,,other,seed:registered office
change in address form,210,,,other,seed:registered office
retention document change of address,210,,,other,seed:registered office
shareholder agreement template uk,210,4.92,,other,seed:registered office
kpmg company full form,210,,,other,seed:registered office
what is a company confirmation statement,210,2.32,,run-the-company,seed:registered office
post office power of attorney form,210,2.45,,other,seed:registered office
form to change address on driving licence,210,0.26,,other,seed:registered office
uk provisional license form,210,0.66,,other,seed:registered office
provisional licence form uk,210,0.66,,other,seed:registered office
provisional license form uk,210,0.66,,other,seed:registered office
provisional license uk form,210,0.66,,other,seed:registered office
bhsf claim form online free,210,,,other,seed:registered office
landlord-tenant,210,2.26,,other,seed:non resident landlord company
corporate landlord numbers increase,210,,,other,seed:non resident landlord company
what is a holding company uk,210,9,,other,seed:non resident landlord company
the holding company,210,0.92,,other,seed:non resident landlord company
vital tax mtd,170,12.76,,other,site:provestor.co.uk
how to file tax for self employed,170,3.32,,other,site:provestor.co.uk
tips for property investors,170,19.83,,other,site:provestor.co.uk
buy to let landlords,170,,,other,site:provestor.co.uk
france company tax,170,,,other,site:provestor.co.uk
company tax id,170,4.23,,other,site:provestor.co.uk
company tax cyprus,170,3.09,,other,site:provestor.co.uk
tax property payment online,170,,,other,site:provestor.co.uk
property income tax rate,170,,,other,site:provestor.co.uk
tax on buying property,170,0.32,,other,site:provestor.co.uk
residential property investors,170,15.94,,other,site:provestor.co.uk
self assessment tax online,170,7.71,,other,site:provestor.co.uk
sell buy to let property,170,8.96,,other,site:getground.co.uk
property buy and sale,170,6.69,,other,site:getground.co.uk
buy property estonia,170,,,other,site:getground.co.uk
buy property luxembourg,170,0.7,,other,site:getground.co.uk
help to buy houses london,170,2.61,,other,site:getground.co.uk
buy property in saudi arabia,170,2.22,,other,site:getground.co.uk
buy property in malaga spain,170,1.12,,other,site:getground.co.uk
best places to buy property uk,170,7.68,,other,site:getground.co.uk
property for sale ruabon,170,0.07,,other,site:getground.co.uk
property for sale w2,170,4.37,,other,site:getground.co.uk
property for sale ip4,170,0.04,,other,site:getground.co.uk
hightown property for sale,170,0.02,,other,site:getground.co.uk
non resident inheritance tax uk,170,4.27,,non-resident,site:uklandlordtax.co.uk
capital gains tax portugal,170,1.51,,transfer-in,site:uklandlordtax.co.uk
can you pay stamp duty from mortgage,170,,,transfer-in,site:uklandlordtax.co.uk
sell business capital gains tax,170,,,transfer-in,site:uklandlordtax.co.uk
non resident spanish mortgage,170,5.23,,mortgages,site:uklandlordtax.co.uk
mortgage spain non resident,170,5.23,,mortgages,site:uklandlordtax.co.uk
capital gains tax advisor near me,170,6.83,,transfer-in,site:uklandlordtax.co.uk
refinance the property,170,23.34,,other,site:uklandlordtax.co.uk
residential stamp duty,170,0.2,,transfer-in,site:uklandlordtax.co.uk
hmrc inheritance tax address,170,,,other,site:uklandlordtax.co.uk
inheritance tax south africa,170,,,other,site:uklandlordtax.co.uk
company address service,170,15.4,,other,site:propertyspv.co.uk
cis registration for company,170,9.12,,form-now,site:propertyspv.co.uk
greece company registration,170,7.54,,form-now,site:propertyspv.co.uk
company registration document,170,25.38,,form-now,seed:registered office;site:propertyspv.co.uk
czech republic company registration,170,9.59,,form-now,site:propertyspv.co.uk
company name registration search,170,2.55,,form-now,site:propertyspv.co.uk
service company examples,170,,,other,site:propertyspv.co.uk
idea for company,170,3.43,,other,site:propertyspv.co.uk
reputation management for company,170,37.21,,other,site:propertyspv.co.uk
what is a corporate company,170,,,other,site:propertyspv.co.uk
company or company,170,,,other,site:propertyspv.co.uk
how to establish a company,170,19.84,,other,site:propertyspv.co.uk
how to open a company,170,19.84,,form-now,site:propertyspv.co.uk
register a company for cis,170,9.12,,form-now,site:propertyspv.co.uk
company handbook,170,32.01,,other,site:propertyspv.co.uk
asic business registration,170,0.12,,form-now,site:propertyspv.co.uk
how to close down a company,170,7.9,,other,site:propertyspv.co.uk
search companies house for company name,170,5.05,,run-the-company,site:propertyspv.co.uk
documents for registering a company,170,25.38,,other,site:propertyspv.co.uk
company directory,170,7.34,,other,site:propertyspv.co.uk
company towns,170,,,other,site:propertyspv.co.uk
company statement,170,16.62,,other,site:propertyspv.co.uk
company code,170,19.44,,other,site:propertyspv.co.uk
company certificate,170,9.71,,other,site:propertyspv.co.uk
tax-free childcare code,170,0.87,,other,site:watsonknipe.co.uk
register for tax free childcare,170,,,form-now,site:watsonknipe.co.uk
vat notice 700/45,170,,,other,site:watsonknipe.co.uk
vat return form,170,18.98,,other,site:watsonknipe.co.uk
savings interest income tax,170,,,other,site:watsonknipe.co.uk
quick property sale,170,64.56,,other,seed:spv property
property notting hill,170,0.77,,other,seed:spv property
houses for sale lake district uk,170,0.5,,other,seed:spv property
best property websites uk,170,2.34,,other,seed:spv property
property in lisbon,170,1.54,,other,seed:spv property
property search london,170,2.1,,other,seed:spv property
turner property limited,170,,,other,seed:spv property
property for sale uphall,170,0.69,,other,seed:spv property
property finder bahrain,170,0.06,,other,seed:spv property
property for sale in sandy,170,0.06,,other,seed:spv property
commercial property for sale northamptonshire,170,0.83,,other,seed:spv property
argentina property for sale,170,0.41,,other,seed:spv property
rightmove property for sale near me,170,1.89,,other,seed:spv property
newmark property,170,4.19,,other,seed:spv property
property week awards,170,,,other,seed:spv property
commercial property isle of wight,170,0.65,,other,seed:spv property
property lisbon portugal,170,1.43,,other,seed:spv property
container homes for sale uk,170,0.78,,other,seed:spv property
lettings property management,170,5.01,,other,seed:buy to let limited company
act property leasing,170,,,other,seed:buy to let limited company
letting and property management,170,5.01,,other,seed:buy to let limited company
right to rent with share code,170,,,other,seed:buy to let limited company
company tax return online,170,18.87,,other,seed:property company tax
sign into business tax account,170,,,other,seed:property company tax
norway tax calculator,170,,,tools,seed:property company tax
tax file number,170,,,other,seed:property company tax
companies house tax return,170,10.25,,run-the-company,seed:property company tax
tax return government gateway,170,0.97,,other,seed:property company tax
pay self assessment tax return,170,4.16,,other,seed:property company tax
income tax online,170,4.89,,other,seed:property company tax
jersey company registry search,170,,,other,seed:transfer property to limited company
deed of transfer property,170,9.09,,transfer-in,seed:transfer property to limited company
sale agreement property,170,2.09,,other,seed:transfer property to limited company
what are property deeds,170,2.36,,other,seed:transfer property to limited company
rented property electrical certificate,170,6,,other,seed:transfer property to limited company
electrical certificate rented property,170,6,,other,seed:transfer property to limited company
what is a property deed,170,2.36,,other,seed:transfer property to limited company
electrical certificate for rented property,170,6,,other,seed:transfer property to limited company
electrical certificate for rental property,170,6,,other,seed:transfer property to limited company
imsbc code,170,,,other,seed:sic code spv
bpi swift code,170,0.03,,other,seed:sic code spv
ic1 code,170,,,other,seed:sic code spv
commercial investment mortgage,170,18.89,,mortgages,seed:limited company mortgage
martin lewis interest rates,170,3.18,,mortgages,seed:limited company mortgage
best deposit rates uk,170,3.2,,other,seed:limited company mortgage
buy debt,170,11.03,,other,seed:limited company mortgage
compare loan rates uk,170,5.73,,other,seed:limited company mortgage
help to buy: isa interest rates,170,,,mortgages,seed:limited company mortgage
help to buy isa interest rates,170,,,mortgages,seed:limited company mortgage
martin lewis student loan repayment,170,,,other,seed:limited company mortgage
fixed deposit interest rates uk,170,2.13,,mortgages,seed:limited company mortgage
check student loan balance uk,170,,,other,seed:limited company mortgage
fixed deposit uk,170,4.62,,other,seed:limited company mortgage
foundation mortgage,170,10.1,,mortgages,seed:limited company mortgage
business loan to buy property,170,15.78,,other,seed:limited company mortgage
w8 form uk,170,3.23,,other,seed:registered office
service of claim form,170,,,other,seed:registered office
partnership agreement template uk,170,6.42,,other,seed:registered office
cohabitation agreement template uk,170,1.53,,other,seed:registered office
consent order uk,170,8.9,,other,seed:registered office
requester or requestor uk,170,,,other,seed:registered office
setting up a power of attorney uk,170,3.54,,form-now,seed:registered office
claim form service,170,,,other,seed:registered office
service short form,170,,,other,seed:registered office
uk will forms,170,4.38,,other,seed:registered office
short form for service,170,,,other,seed:registered office
attendance allowance uk form,170,2.91,,other,seed:registered office
attendance allowance form uk,170,2.91,,other,seed:registered office
change of name deed uk,170,5.69,,other,seed:registered office
jury service expenses claim form pdf,170,,,other,seed:registered office
set up power of attorney uk,170,3.54,,form-now,seed:registered office
depose from office or position 6 letters,170,,,other,seed:registered office
pdsa call back request form online free,170,1.2,,other,seed:registered office
benefits of a holding company,170,1.32,,other,seed:non resident landlord company
tax advice for landlords,140,10.49,,other,site:provestor.co.uk;site:uklandlordtax.co.uk
mtd for corporation tax,140,20.24,,run-the-company,site:provestor.co.uk
limited company tax return deadline,140,9.25,,other,site:provestor.co.uk;site:uklandlordtax.co.uk
tax benefits of limited company,140,1.75,,other,site:provestor.co.uk;site:uklandlordtax.co.uk
tax limited company versus sole trader,140,1.67,,other,site:provestor.co.uk;site:uklandlordtax.co.uk
tax rebates limited,140,,,other,site:provestor.co.uk
inheritance tax joint accounts,140,,,run-the-company,site:provestor.co.uk;site:uklandlordtax.co.uk
tax code with a company car,140,,,other,site:provestor.co.uk
company tax number,140,,,other,site:provestor.co.uk
address for self assessment tax returns,140,,,other,site:provestor.co.uk
option to tax property,140,,,other,site:provestor.co.uk
property investors leeds,140,9.38,,other,site:provestor.co.uk
self employed tax relief,140,4.36,,other,site:provestor.co.uk
hmrc self-employed tax,140,2.93,,other,site:provestor.co.uk
less tax for landlords,140,3.84,,other,site:provestor.co.uk
capital gains tax on buy to let,140,2.81,,transfer-in,site:provestor.co.uk
let sell property,140,10.34,,other,site:getground.co.uk
property centre london,140,1.13,,other,site:getground.co.uk
buy property usa,140,4.34,,other,site:getground.co.uk
buy property malaysia,140,0.04,,other,site:getground.co.uk
buy property riyadh,140,0.89,,other,site:getground.co.uk
buy to let houses for sale,140,3.97,,other,site:getground.co.uk
buy to let scotland,140,5.71,,other,site:getground.co.uk
shop and property for sale,140,0.99,,other,site:getground.co.uk
property to buy johannesburg,140,0.16,,other,site:getground.co.uk
buy property in america,140,4.34,,other,site:getground.co.uk
buy cheap property in europe,140,0.84,,other,site:getground.co.uk
how to sale property,140,14.4,,other,site:getground.co.uk
cheapest greek island to buy property,140,0.98,,other,site:getground.co.uk
property for sale uist,140,0.06,,other,site:getground.co.uk
tingley property for sale,140,0.2,,other,site:getground.co.uk
property for sale lazio,140,0.29,,other,site:getground.co.uk
tropea property for sale,140,0.19,,other,site:getground.co.uk
cambodia property for sale,140,0.34,,other,site:getground.co.uk
n11 property for sale,140,0.34,,other,site:getground.co.uk
n13 property for sale,140,0.04,,other,site:getground.co.uk
property for sale s5,140,0.1,,other,site:getground.co.uk
property for sale avoch,140,,,other,site:getground.co.uk
comporta property for sale,140,1.76,,other,site:getground.co.uk
iona property for sale,140,0.04,,other,site:getground.co.uk
bruges property for sale,140,,,other,site:getground.co.uk
landlords stamp duty,140,,,transfer-in,site:uklandlordtax.co.uk
tax relief buy to let mortgage,140,,,mortgages,site:uklandlordtax.co.uk
property tax in spain for non residents,140,3.55,,other,site:uklandlordtax.co.uk
stamp duty tables,140,0.67,,transfer-in,site:uklandlordtax.co.uk
mortgage for development property,140,11.66,,mortgages,site:uklandlordtax.co.uk
property valuation for mortgage,140,4.87,,mortgages,site:uklandlordtax.co.uk
tax relief on buy to let mortgage interest,140,,,mortgages,site:uklandlordtax.co.uk
inheritance tax ireland thresholds,140,,,other,site:uklandlordtax.co.uk
inheritance tax forms uk,140,7.04,,other,site:uklandlordtax.co.uk
getting a mortgage as a limited company director,140,8.95,,mortgages,site:uklandlordtax.co.uk
registered company address service,140,17.7,,other,site:propertyspv.co.uk
ltd company vat,140,12.43,,other,site:propertyspv.co.uk
company registration government,140,56.19,,form-now,site:propertyspv.co.uk
change company details,140,3.81,,other,site:propertyspv.co.uk
company registration northern ireland,140,14.44,,form-now,site:propertyspv.co.uk
uk company registration number search,140,4.71,,form-now,site:propertyspv.co.uk
register your company uk,140,65.69,,form-now,site:propertyspv.co.uk
change business address companies house,140,3.15,,run-the-company,site:propertyspv.co.uk
change director address companies house,140,2.76,,run-the-company,site:propertyspv.co.uk
find a company registration number uk,140,4.71,,form-now,site:propertyspv.co.uk
what is bpo company,140,1.19,,other,site:propertyspv.co.uk
abbreviation for private limited company,140,,,other,site:propertyspv.co.uk
answer service for small business,140,125.68,,other,site:propertyspv.co.uk
cyprus business registration,140,29.46,,form-now,site:propertyspv.co.uk
voluntary winding up of the company,140,13.54,,other,site:propertyspv.co.uk
company house register new company,140,32.17,,form-now,site:propertyspv.co.uk
company list,140,7.86,,other,site:propertyspv.co.uk
company formations.ie,140,19.18,,other,site:propertyspv.co.uk
company referencing,140,8.82,,other,site:propertyspv.co.uk
company wall,140,,,other,site:propertyspv.co.uk
company ties,140,3.22,,other,site:propertyspv.co.uk
comply company,140,12.93,,other,site:propertyspv.co.uk
company wiki,140,6.86,,other,site:propertyspv.co.uk
what is a private limited company in business,140,,,other,site:propertyspv.co.uk
hmrc tax-free childcare scheme,140,,,other,site:watsonknipe.co.uk
death duty tax uk,140,2.71,,other,site:watsonknipe.co.uk
sole trader tax deductions,140,2.22,,other,site:watsonknipe.co.uk
property vancouver,140,0.57,,other,seed:spv property
property mogul,140,,,other,seed:spv property
property for sale icmeler,140,0.34,,other,seed:spv property
property search engines,140,0.71,,other,seed:spv property
property preston,140,0.65,,other,seed:spv property
loch ness property for sale,140,0.08,,other,seed:spv property
uk property forums,140,,,other,seed:spv property
luxury property uk,140,1.23,,other,seed:spv property
henderson property,140,,,other,seed:spv property
retail property,140,2.53,,other,seed:spv property
lionsgate property,140,,,other,seed:spv property
property for sale shirley croydon,140,0.24,,other,seed:spv property
commercial property news,140,6.1,,other,seed:spv property
buy to let company,140,3.54,,other,seed:buy to let limited company;seed:non resident landlord company
buy-to-let through limited company,140,6.59,,other,seed:buy to let limited company;seed:non resident landlord company
buy-to let through limited company,140,6.59,,other,seed:buy to let limited company;seed:non resident landlord company
shared ownership property uk,140,2.79,,other,seed:buy to let limited company
letting company,140,2.4,,other,seed:buy to let limited company;seed:non resident landlord company
property rent contract,140,3.88,,other,seed:buy to let limited company
right to rent status,140,,,other,seed:buy to let limited company
becoming a landlord uk,140,5.78,,other,seed:buy to let limited company;seed:non resident landlord company
freehold management company,140,8.06,,other,seed:buy to let limited company;seed:non resident landlord company
e filing income tax,140,5.59,,run-the-company,seed:property company tax
ato tax return,140,2.93,,other,seed:property company tax
sole trader vs limited company tax,140,1.67,,other,seed:property company tax
company house registration number,140,7.64,,form-now,seed:transfer property to limited company
prove right to rent uk,140,,,other,seed:transfer property to limited company
transfer deed house,140,4.67,,other,seed:transfer property to limited company
house transfer deed,140,4.67,,other,seed:transfer property to limited company
transfer deed of house,140,4.67,,other,seed:transfer property to limited company
transfer deeds of house,140,4.67,,other,seed:transfer property to limited company
transfer deeds of a house,140,4.67,,other,seed:transfer property to limited company
scac code,140,,,other,seed:sic code spv
abc ecd code,140,,,other,seed:sic code spv
psc code,140,6.84,,other,seed:sic code spv
ca code,140,1.05,,other,seed:sic code spv
cpf code,140,,,other,seed:sic code spv
swift code rbc,140,,,other,seed:sic code spv
ee code,140,2.56,,other,seed:sic code spv
impa code,140,,,other,seed:sic code spv
ic9 code,140,,,other,seed:sic code spv
ae iso code,140,,,other,seed:sic code spv
business loan to buy a business,140,27.42,,other,seed:limited company mortgage
business loan to buy existing business,140,16.09,,other,seed:limited company mortgage
business loans to buy existing business,140,16.09,,other,seed:limited company mortgage
business loans to buy an existing business,140,16.09,,other,seed:limited company mortgage
business loan to buy an existing business,140,16.09,,other,seed:limited company mortgage
business loans for buying an existing business,140,16.09,,other,seed:limited company mortgage
repaying help to buy,140,8.6,,other,seed:limited company mortgage
repay help to buy,140,8.6,,other,seed:limited company mortgage
loan to buy existing business,140,16.09,,other,seed:limited company mortgage
cars to buy on finance,140,12.66,,other,seed:limited company mortgage
interest rates explained,140,,,mortgages,seed:limited company mortgage
loans to buy an existing business,140,16.09,,other,seed:limited company mortgage
buy existing business loan,140,16.09,,other,seed:limited company mortgage
best deposit rates,140,5.44,,other,seed:limited company mortgage
pay off help to buy loan,140,24.55,,other,seed:limited company mortgage
buy an existing business loan,140,16.09,,other,seed:limited company mortgage
registered office uk,140,19.48,,run-the-company,seed:registered office
uk customs declaration form,140,4.91,,other,seed:registered office
certificate of incorporation of a private limited company,140,7.79,,other,seed:registered office
civil service transfer form,140,,,other,seed:registered office
verbal contract uk,140,0.89,,other,seed:registered office
home office right to work checklist,140,7,,other,seed:registered office
tattoo consent form uk,140,2.1,,other,seed:registered office
uk full form,140,,,other,seed:registered office
provisional licence form post office,140,,,other,seed:registered office
flat address format uk,140,,,other,seed:registered office
dt company form,140,,,other,seed:registered office
dt-company form,140,,,other,seed:registered office
form dt company,140,,,other,seed:registered office
form dt-company,140,,,other,seed:registered office
applying for letters of administration uk,140,4.82,,other,seed:registered office
address example us,140,,,other,seed:registered office
formby met office,140,,,other,seed:registered office
council exchange list,140,0.16,,other,seed:registered office
paternity form uk,140,7.28,,other,seed:registered office
uk eta application form,140,4.9,,other,seed:registered office
prenuptial agreement uk template,140,2.31,,other,seed:registered office
prenup agreement template uk,140,2.31,,other,seed:registered office
prenuptial agreement template uk,140,2.31,,other,seed:registered office
proof of address hmrc letter,140,1.27,,other,seed:registered office
dla address to send evidence,140,,,other,seed:registered office
provisional license form post office,140,,,other,seed:registered office
subject access request form uk,140,,,other,seed:registered office
gov uk student finance forms,140,,,other,seed:registered office
employment contract template uk pdf,140,12.28,,other,seed:registered office
contract of employment template pdf uk,140,12.28,,other,seed:registered office
www gov uk send rent lease details form,140,,,other,seed:registered office
landlord group,140,2.85,,other,seed:non resident landlord company
commercial landlord responsibilities,140,3.9,,other,seed:non resident landlord company
holding company examples,140,0.03,,other,seed:non resident landlord company
buy to let through limited company,140,6.59,,other,seed:non resident landlord company
limited company tax uk,110,11.64,,other,site:provestor.co.uk;site:uklandlordtax.co.uk
hmrc mtd for income tax,110,11.85,,other,site:provestor.co.uk
buy-to-let tax relief,110,,,other,site:getground.co.uk;site:provestor.co.uk
capital gains tax on buy to let property,110,1.45,,transfer-in,site:provestor.co.uk
tax calculator for property income,110,,,tools,site:provestor.co.uk
portuguese property tax,110,0.05,,other,site:provestor.co.uk
portugal property tax,110,0.05,,other,site:provestor.co.uk
jersey company tax,110,,,other,site:provestor.co.uk
registering for self assessment and getting a tax return,110,3.88,,other,site:provestor.co.uk
tax deductions rental property,110,0.5,,other,site:provestor.co.uk
how to find property investors,110,5.9,,other,site:provestor.co.uk
tax self assessment help,110,14.62,,other,site:provestor.co.uk
self assessment tax number,110,3.16,,other,site:provestor.co.uk
buy to let property for sale uk,110,8.52,,other,site:getground.co.uk
your move property for sale,110,1.89,,other,seed:spv property;site:getground.co.uk
the property centre st johns,110,2.11,,other,site:getground.co.uk
can i buy property in thailand,110,0.39,,other,site:getground.co.uk
buy swiss property,110,0.93,,other,site:getground.co.uk
buy property in munich,110,0.5,,other,site:getground.co.uk
property buy in bangalore,110,1.99,,other,site:getground.co.uk
buy property london bridge,110,0.7,,other,site:getground.co.uk
property for sale in st vincent and the grenadines,110,0.15,,other,site:getground.co.uk
the property club,110,,,other,site:getground.co.uk
the property specialist,110,14.6,,other,site:getground.co.uk
property for sale the hoe plymouth,110,,,other,site:getground.co.uk
best place to buy overseas property,110,3.26,,other,site:getground.co.uk
best places to buy property abroad,110,3.26,,other,site:getground.co.uk
the property studio barnet,110,1.2,,other,site:getground.co.uk
west the property consultancy,110,,,other,site:getground.co.uk
the property shop acle,110,,,other,site:getground.co.uk
aston property for sale,110,1.18,,other,site:getground.co.uk
mod property for sale,110,2.24,,other,site:getground.co.uk
aruba property for sale,110,0.16,,other,site:getground.co.uk
morbihan property for sale,110,0.17,,other,site:getground.co.uk
property for sale feltwell,110,0.02,,other,site:getground.co.uk
property for sale ng5,110,0.48,,other,site:getground.co.uk
property for sale castlederg,110,,,other,site:getground.co.uk
non resident stamp duty,110,,,transfer-in,site:uklandlordtax.co.uk
income tax and capital gains tax,110,,,transfer-in,site:uklandlordtax.co.uk
remortgage stamp duty,110,,,transfer-in,site:uklandlordtax.co.uk
hsbc buy to let mortgage for limited company,110,12.24,,mortgages,site:uklandlordtax.co.uk
eis capital gains tax,110,6.77,,transfer-in,site:uklandlordtax.co.uk
limited company buy to let mortgage calculator,110,2.52,,mortgages,site:uklandlordtax.co.uk
non residential stamp duty,110,,,transfer-in,site:uklandlordtax.co.uk
stamp duty rates for limited companies,110,,,transfer-in,site:uklandlordtax.co.uk
buy to let mortgage through a limited company,110,9.72,,mortgages,site:uklandlordtax.co.uk
hmrc capital gains tax form,110,,,transfer-in,site:uklandlordtax.co.uk
spanish inheritance tax non residents,110,2.32,,other,site:uklandlordtax.co.uk
spain inheritance tax non residents,110,2.32,,other,site:uklandlordtax.co.uk
what deposit for buy to let,110,,,other,site:uklandlordtax.co.uk
how to calculate uk capital gains tax on overseas property,110,13.41,,transfer-in,site:uklandlordtax.co.uk
how to calculate capital gains tax uk,110,,,transfer-in,site:uklandlordtax.co.uk
what deposit for buy to let mortgage,110,0.9,,mortgages,site:uklandlordtax.co.uk
what is the deposit for a buy to let mortgage,110,0.9,,mortgages,site:uklandlordtax.co.uk
company buy to let mortgage rates,110,5.48,,mortgages,site:uklandlordtax.co.uk
ltd company buy-to let mortgage calculator,110,2.52,,mortgages,site:uklandlordtax.co.uk
can you get a mortgage for a commercial property,110,8.69,,mortgages,site:uklandlordtax.co.uk
stamp duty calculator commercial property uk,110,0.52,,transfer-in,site:uklandlordtax.co.uk
hmrc inheritance tax forms,110,3.63,,other,site:uklandlordtax.co.uk
pay inheritance tax online,110,2.03,,other,site:uklandlordtax.co.uk
company registration brazil,110,4.31,,form-now,site:propertyspv.co.uk
bahamas company registration,110,6.21,,form-now,site:propertyspv.co.uk
company registration portugal,110,8.24,,form-now,site:propertyspv.co.uk
virtual address for limited company,110,13.17,,other,site:propertyspv.co.uk
company registration office search,110,7.29,,form-now,site:propertyspv.co.uk
change company sic code,110,5.99,,other,site:propertyspv.co.uk
company name change uk,110,3.26,,other,site:propertyspv.co.uk
company finder by address,110,4.78,,other,site:propertyspv.co.uk
registered business address service,110,14.13,,other,site:propertyspv.co.uk
company registration office ireland search,110,7.29,,form-now,site:propertyspv.co.uk
find a company by address,110,4.78,,other,site:propertyspv.co.uk
what limited liability company,110,,,other,site:propertyspv.co.uk
how to name company,110,2.08,,other,site:propertyspv.co.uk
change from ltd company to sole trader,110,63.06,,other,site:propertyspv.co.uk
self assessment for limited company,110,13.85,,other,site:propertyspv.co.uk
change registered office address companies house,110,3.39,,run-the-company,site:propertyspv.co.uk
how to name a it company,110,2.08,,other,site:propertyspv.co.uk
how to run a company successfully,110,26.83,,other,site:propertyspv.co.uk
via company,110,,,other,site:propertyspv.co.uk
company old,110,,,other,site:propertyspv.co.uk
rapport company,110,,,other,site:propertyspv.co.uk
intra-company,110,,,other,site:propertyspv.co.uk
company fraud,110,7.86,,other,site:propertyspv.co.uk
company db,110,13.32,,other,site:propertyspv.co.uk
women's company,110,0.52,,other,site:propertyspv.co.uk
income tax washington,110,,,other,site:watsonknipe.co.uk
tax search,110,3.75,,other,site:watsonknipe.co.uk
property scout,110,0.56,,other,seed:spv property
luxury property forum,110,,,other,seed:spv property
property to renovate uk,110,1.41,,other,seed:spv property
commercial property for sale batley,110,0.77,,other,seed:spv property
france property shop,110,15.48,,other,seed:spv property
property for sale vienna,110,1.29,,other,seed:spv property
buenos aires property for sale,110,0.21,,other,seed:spv property
company let properties,110,5.85,,other,seed:buy to let limited company;seed:non resident landlord company
property rental company,110,4.58,,other,seed:buy to let limited company;seed:non resident landlord company
ltd company for property,110,10.72,,other,seed:buy to let limited company;seed:non resident landlord company
guarantor for rental property,110,2.14,,other,seed:buy to let limited company
property services company,110,9.65,,other,seed:buy to let limited company;seed:non resident landlord company
property rental business,110,3.45,,other,seed:buy to let limited company
deposit for rental property,110,1.7,,other,seed:buy to let limited company
property landlord,110,7.13,,other,seed:buy to let limited company;seed:non resident landlord company
property residential rent,110,0.19,,other,seed:buy to let limited company
council tax band d meaning,110,,,other,seed:property company tax
1185l tax code,110,,,other,seed:property company tax
transfer deed cost,110,5.72,,other,seed:transfer property to limited company
deed transfer cost,110,5.72,,other,seed:transfer property to limited company
transfer of deed cost,110,5.72,,other,seed:transfer property to limited company
transfer of deeds cost,110,5.72,,other,seed:transfer property to limited company
bd code,110,,,other,seed:sic code spv
bcd code,110,,,other,seed:sic code spv
cb code,110,,,other,seed:sic code spv
capitec branch code,110,,,other,seed:sic code spv
sort code aib,110,,,other,seed:sic code spv
business loans company,110,58.47,,other,seed:limited company mortgage
loan to buy a business uk,110,19.26,,other,seed:limited company mortgage
loans to buy a business uk,110,19.26,,other,seed:limited company mortgage
limited company commercial mortgage,110,17.16,,mortgages,seed:limited company mortgage
best business interest rates,110,21.41,,mortgages,seed:limited company mortgage
commercial mortgage for limited company,110,17.16,,mortgages,seed:limited company mortgage
mortgages for business owners,110,27.26,,mortgages,seed:limited company mortgage
commercial mortgages for limited companies,110,17.16,,mortgages,seed:limited company mortgage
what is shop direct finance company ltd,110,,,other,seed:limited company mortgage
buy car loan,110,12.25,,other,seed:limited company mortgage
deposit accounts interest rates,110,1.82,,mortgages,seed:limited company mortgage
paying off help to buy equity loan,110,15.86,,other,seed:limited company mortgage
buy-to let interest-only or repayment,110,3.9,,other,seed:limited company mortgage
buy to let interest-only or repayment,110,3.9,,other,seed:limited company mortgage
buy-to-let interest-only or repayment,110,3.9,,other,seed:limited company mortgage
buy to let interest-only vs repayment,110,3.9,,other,seed:limited company mortgage
buy to let interest only vs repayment,110,3.9,,other,seed:limited company mortgage
buy to let repayment or interest only,110,3.9,,other,seed:limited company mortgage
buy to let interest only or repayment,110,3.9,,other,seed:limited company mortgage
buy-to let interest-only vs repayment,110,3.9,,other,seed:limited company mortgage
buy-to-let repayment or interest-only,110,3.9,,other,seed:limited company mortgage
registered office address uk,110,17.12,,run-the-company,seed:registered office
change of registered office,110,13.18,,run-the-company,seed:registered office
service agreement template uk,110,7.28,,other,seed:registered office
limited company confirmation statement,110,6.78,,run-the-company,seed:registered office
home office referees and identity form,110,,,other,seed:registered office
termination of employment letter uk,110,12.32,,other,seed:registered office
home office consent forms,110,,,other,seed:registered office
application to strike off a company,110,4.58,,other,seed:registered office
requestor or requester uk,110,,,other,seed:registered office
commercial lease agreement template uk,110,7.49,,other,seed:registered office
register change of address,110,2.14,,form-now,seed:registered office
company strike off form,110,5.36,,other,seed:registered office
jury service claim form,110,,,other,seed:registered office
lasting power of attorney address,110,,,other,seed:registered office
will forms free printable,110,2.78,,other,seed:registered office
probate application form uk,110,10.45,,other,seed:registered office
form of address,110,,,other,seed:registered office
uk birth certificate template,110,0.27,,other,seed:registered office
hmrc change of address form,110,,,other,seed:registered office
office return form,110,,,other,seed:registered office
form p45 uk,110,4.13,,other,seed:registered office
p45 uk form,110,4.13,,other,seed:registered office
deemed service claim form,110,,,other,seed:registered office
b1 1tj register office,110,,,form-now,seed:registered office
cheque uk example,110,0.02,,other,seed:registered office
jury service travel expenses claim form,110,,,other,seed:registered office
uk invitation letter format,110,,,other,seed:registered office
sample invitation letter uk,110,,,other,seed:registered office
free last will and testament form,110,5.12,,other,seed:registered office
lasting power of attorney sign in gov uk,110,1.88,,other,seed:registered office
setting up limited company for buy to let,110,6.8,,form-now,seed:non resident landlord company
landlord and tenant rights,110,1.35,,other,seed:non resident landlord company
how does a holding company work,110,,,other,seed:non resident landlord company
stamp duty for buy to let limited company,90,2.85,,transfer-in,site:getground.co.uk;site:provestor.co.uk;site:uklandlordtax.co.uk
quarterly tax returns for landlords,90,5.03,,other,site:provestor.co.uk;site:uklandlordtax.co.uk
tax write offs for landlords,90,0.05,,other,site:provestor.co.uk;site:uklandlordtax.co.uk
buy-to-let tax changes,90,0.37,,other,site:getground.co.uk;site:provestor.co.uk
help with tax returns for self employed,90,8.9,,other,site:provestor.co.uk
tax return for renting property,90,3.87,,other,site:provestor.co.uk
digital tax for self employed,90,14.34,,other,site:provestor.co.uk
registering for self employed tax,90,5.76,,other,site:provestor.co.uk
commercial property tax,90,2.55,,other,site:provestor.co.uk
how to avoid company tax,90,10.85,,other,site:provestor.co.uk
making tax digital penalties,90,1.35,,other,site:provestor.co.uk
making tax digital individuals,90,6.92,,other,site:provestor.co.uk
company corporation tax,90,0.83,,run-the-company,site:provestor.co.uk
property tax proposal uk,90,,,other,site:provestor.co.uk
ghmc property tax payment,90,,,other,seed:property company tax;site:provestor.co.uk
property development investors,90,16.47,,other,site:provestor.co.uk
self assessment tax rates,90,,,other,site:provestor.co.uk
self employed tax registration,90,5.76,,form-now,site:provestor.co.uk
self employed tax number,90,,,other,site:provestor.co.uk
self employed tax bands,90,,,other,site:provestor.co.uk
self employed tax assessment,90,10.97,,other,site:provestor.co.uk
how to buy and rent property,90,6.76,,other,site:getground.co.uk
buy property lisbon,90,1.15,,other,site:getground.co.uk
buy property crete,90,0.7,,other,site:getground.co.uk
buy property brussels,90,0.62,,other,site:getground.co.uk
buy to let properties for sale rightmove,90,2.28,,other,site:getground.co.uk
sell your property fast,90,49.25,,other,site:getground.co.uk
buy property lisbon portugal,90,1.15,,other,site:getground.co.uk
best place to buy and rent property,90,5.18,,other,site:getground.co.uk
hspc property for sale,90,,,other,site:getground.co.uk
property for sale algarve cheap property,90,0.64,,other,site:getground.co.uk
how to buy and sell houses,90,3.56,,other,site:getground.co.uk
cheapest place to buy a property,90,1.89,,other,site:getground.co.uk
property for sale fy4,90,0.04,,other,site:getground.co.uk
belleek property for sale,90,,,other,site:getground.co.uk
property for sale stonesfield,90,0.03,,other,site:getground.co.uk
property for sale ne40,90,0.31,,other,site:getground.co.uk
property for sale le3,90,0.55,,other,site:getground.co.uk
property for sale blenheim,90,0.04,,other,site:getground.co.uk
property for sale wing,90,0.05,,other,site:getground.co.uk
jalon property for sale,90,0.15,,other,site:getground.co.uk
property for sale g42,90,0.24,,other,site:getground.co.uk
helford property for sale,90,0.19,,other,site:getground.co.uk
property for sale bt7,90,,,other,site:getground.co.uk
property for sale bh10,90,0.03,,other,site:getground.co.uk
property for sale brindisi,90,0.27,,other,site:getground.co.uk
property for sale ml1,90,0.63,,other,site:getground.co.uk
property for sale longhope,90,0.05,,other,site:getground.co.uk
property for sale sparkhill,90,0.14,,other,site:getground.co.uk
ischia property for sale,90,0.31,,other,site:getground.co.uk
what is stamp duty for buy to let,90,3.54,,transfer-in,site:uklandlordtax.co.uk
irish inheritance tax non resident,90,,,non-resident,site:uklandlordtax.co.uk
ireland inheritance tax non resident,90,,,non-resident,site:uklandlordtax.co.uk
how to avoid stamp duty on buy-to-let,90,5.57,,transfer-in,site:uklandlordtax.co.uk
uk stamp duty on buy to let,90,4.58,,transfer-in,site:uklandlordtax.co.uk
cheapest buy to let mortgage for limited company,90,5.13,,mortgages,site:uklandlordtax.co.uk
capital gains tax help,90,8.41,,transfer-in,site:uklandlordtax.co.uk
non resident landlord tax,90,6.91,,non-resident,site:uklandlordtax.co.uk
free capital gains tax advice,90,10.31,,transfer-in,site:uklandlordtax.co.uk
how to calculate stamp duty for property,90,1.34,,transfer-in,site:uklandlordtax.co.uk
let property mortgage interest relief,90,1.91,,mortgages,site:uklandlordtax.co.uk
limited company mortgage broker,90,37.47,,mortgages,site:uklandlordtax.co.uk
capital gains tax on agricultural land,90,,,transfer-in,site:uklandlordtax.co.uk
buy to let mortgages uk for non residents,90,11.3,,mortgages,site:uklandlordtax.co.uk
can you have two mortgages on one property,90,,,mortgages,site:uklandlordtax.co.uk
can you get two mortgages on one property,90,,,mortgages,site:uklandlordtax.co.uk
capital gains tax calculator gov.uk,90,,,transfer-in,site:uklandlordtax.co.uk
best limited company mortgage rates,90,6.97,,mortgages,site:uklandlordtax.co.uk
property and mortgage,90,9.99,,mortgages,site:uklandlordtax.co.uk
agricultural inheritance tax,90,,,other,site:uklandlordtax.co.uk
inheritance tax accountants,90,21.96,,other,site:uklandlordtax.co.uk
can you mortgage auction property,90,,,mortgages,site:uklandlordtax.co.uk
portfolio landlord mortgages,90,26.52,,mortgages,site:uklandlordtax.co.uk
house sale capital gains tax calculator,90,0.53,,transfer-in,site:uklandlordtax.co.uk
mortgage and stamp duty calculator,90,1.71,,transfer-in,site:uklandlordtax.co.uk
how to buy a property in the uk,90,2.46,,other,site:uklandlordtax.co.uk
how capital gains is calculated,90,0.35,,transfer-in,site:uklandlordtax.co.uk
hmrc inheritance tax contact,90,,,other,site:uklandlordtax.co.uk
uk company address service,90,20.95,,other,site:propertyspv.co.uk
ltd company address service,90,15.21,,other,site:propertyspv.co.uk
ltd company registration online,90,70.72,,form-now,site:propertyspv.co.uk
lithuania company registration,90,20.37,,form-now,site:propertyspv.co.uk
europe company registration,90,15.59,,form-now,site:propertyspv.co.uk
eu company registration,90,15.59,,form-now,site:propertyspv.co.uk
company registration pakistan,90,45.88,,form-now,site:propertyspv.co.uk
ltd company address,90,11.5,,other,site:propertyspv.co.uk
limited company address,90,11.5,,other,site:propertyspv.co.uk
usa company registration number,90,1.52,,form-now,site:propertyspv.co.uk
us company registration numbers,90,1.52,,form-now,site:propertyspv.co.uk
company registration uk search,90,6.04,,form-now,site:propertyspv.co.uk
register ltd company online,90,70.72,,form-now,site:propertyspv.co.uk
open limited company online,90,70.72,,other,site:propertyspv.co.uk
open ltd company online,90,70.72,,other,site:propertyspv.co.uk
start limited company online,90,70.72,,other,site:propertyspv.co.uk
what is corporate service,90,,,other,site:propertyspv.co.uk
what does a ceo do for a company,90,,,other,site:propertyspv.co.uk
register a company online uk,90,34.91,,form-now,site:propertyspv.co.uk
the corporation trust company,90,,,other,site:propertyspv.co.uk
what is an enterprise company,90,,,other,site:propertyspv.co.uk
how to scale a company,90,6.01,,other,site:propertyspv.co.uk
coming up with a company name,90,3.99,,other,site:propertyspv.co.uk
add a director to a company online,90,7.05,,other,site:propertyspv.co.uk
llc registration uk,90,26.59,,form-now,site:propertyspv.co.uk
how to find director of company,90,2.53,,other,site:propertyspv.co.uk
streamline company,90,,,other,site:propertyspv.co.uk
company vs,90,,,other,site:propertyspv.co.uk
company monitoring,90,0.93,,other,site:propertyspv.co.uk
company plus,90,,,other,site:propertyspv.co.uk
company representation,90,,,other,site:propertyspv.co.uk
calculate stamp duty ireland,90,,,transfer-in,site:watsonknipe.co.uk
cyprus income tax rates,90,,,other,site:watsonknipe.co.uk
council tax change of address form,90,2.18,,other,site:watsonknipe.co.uk
sark property,90,0.02,,other,seed:spv property
property for sale inland spain,90,0.24,,other,seed:spv property
buy property france,90,0.92,,other,seed:spv property
tk property,90,7.88,,other,seed:spv property
property uckfield,90,0.03,,other,seed:spv property
property for sale in pilling,90,0.15,,other,seed:spv property
tenant let alliance,90,,,other,seed:buy to let limited company
limited company for rental property,90,0.02,,other,seed:buy to let limited company;seed:non resident landlord company
lets property management,90,5.77,,other,seed:buy to let limited company
buying leasehold,90,2.39,,other,seed:buy to let limited company
buying a tenanted property,90,8.04,,other,seed:buy to let limited company
income from property rental,90,7.84,,other,seed:buy to let limited company
setting up a property company,90,14.17,,form-now,seed:buy to let limited company;seed:non resident landlord company
what does a property management company do,90,2,,other,seed:buy to let limited company;seed:non resident landlord company
property tenant,90,,,other,seed:buy to let limited company
co-ownership of property,90,0.58,,other,seed:buy to let limited company
leasehold management company,90,10.4,,other,seed:buy to let limited company;seed:non resident landlord company
commonhold and leasehold experts limited,90,,,other,seed:buy to let limited company
selling rental property with tenants,90,24,,other,seed:buy to let limited company
residential property management service,90,,,other,seed:buy to let limited company
free tax filing,90,59.38,,run-the-company,seed:property company tax
bbmp tax,90,,,other,seed:property company tax
transfer of equity conveyancing,90,9,,other,seed:transfer property to limited company
right to rent documents uk,90,,,other,seed:transfer property to limited company
send rent and lease details gov uk,90,,,other,seed:transfer property to limited company
sellers property information form,90,,,other,seed:transfer property to limited company
order for sale of property,90,6.94,,other,seed:transfer property to limited company
rules for landlords uk,90,0.92,,other,seed:transfer property to limited company
copyright alt code,90,,,other,seed:sic code spv
crs code,90,,,other,seed:sic code spv
capitec swift code,90,,,other,seed:sic code spv
gatwick icao code,90,,,other,seed:sic code spv
igc code,90,,,other,seed:sic code spv
igf code,90,,,other,seed:sic code spv
isic code,90,,,other,seed:sic code spv
sic codes us,90,,,other,seed:sic code spv
eic code,90,,,other,seed:sic code spv
ico code of practice,90,,,other,seed:sic code spv
swift code for icici,90,,,other,seed:sic code spv
martin lewis business loans,90,19.16,,other,seed:limited company mortgage
peer to business lending,90,63.55,,other,seed:limited company mortgage
natwest business mortgage,90,24.03,,mortgages,seed:limited company mortgage
business to business loans,90,46.01,,other,seed:limited company mortgage
business to business loan,90,46.01,,other,seed:limited company mortgage
business to business lending,90,46.01,,other,seed:limited company mortgage
uk help to buy scheme,90,2.13,,other,seed:limited company mortgage
where to buy government bonds,90,6.69,,other,seed:limited company mortgage
manage your help to buy equity loan,90,,,other,seed:limited company mortgage
buy premium bonds by bank transfer,90,,,other,seed:limited company mortgage
bank loan to buy car,90,5.52,,other,seed:limited company mortgage
buy to let bridging loan,90,22.01,,other,seed:limited company mortgage
buy to let bridging loans,90,22.01,,other,seed:limited company mortgage
company loan to director,90,52.19,,other,seed:limited company mortgage
buy a business loan,90,30.45,,other,seed:limited company mortgage
help to buy equity loan scheme,90,,,other,seed:limited company mortgage
pnb fixed deposit rates,90,,,other,seed:limited company mortgage
personal loan rates calculator,90,3.49,,tools,seed:limited company mortgage
concession list,90,,,other,seed:registered office
company registration certificate uk,90,6.02,,form-now,seed:registered office
address format london,90,,,other,seed:registered office
multi agency referral form,90,,,other,seed:registered office
london uk address format,90,,,other,seed:registered office
contact general register office,90,15.76,,form-now,seed:registered office
formal letter uk,90,,,other,seed:registered office
civil service employee transfer form,90,,,other,seed:registered office
death certificate uk template,90,4.26,,other,seed:registered office
jury service form,90,,,other,seed:registered office
v5c form change address,90,,,other,seed:registered office
home office decision letter,90,,,other,seed:registered office
letter example uk,90,0.03,,other,seed:registered office
terms of service example,90,2.51,,other,seed:registered office
declaration of trust template uk,90,1.44,,other,seed:registered office
proof of address nhs letter,90,,,other,seed:registered office
dvla address to send d1 form,90,,,other,seed:registered office
basic employment contract template uk,90,9.37,,other,seed:registered office
apply for a patent uk,90,7.03,,other,seed:registered office
sample power of attorney uk,90,1.04,,other,seed:registered office
basic contract of employment template uk,90,9.37,,other,seed:registered office
what is registered letter,90,,,other,seed:registered office
address proof format,90,,,other,seed:registered office
uk letter example,90,0.03,,other,seed:registered office
gov uk dvlaforms,90,,,other,seed:registered office
uk formal letter,90,,,other,seed:registered office
office the deposition,90,,,other,seed:registered office
address to send dla form,90,,,other,seed:registered office
shorthold tenancy agreement template uk,90,7.23,,other,seed:registered office
right to work checklist uk,90,5.4,,other,seed:registered office
notice for redundancy uk,90,,,other,seed:registered office
assured shorthold tenancy agreement template uk,90,7.23,,other,seed:registered office
formal letters uk,90,,,other,seed:registered office
formal uk letter,90,,,other,seed:registered office
uk birth certificate number example,90,,,other,seed:registered office
vfs pcc application form uk,90,4.62,,other,seed:registered office
gov uk letters of administration,90,2.77,,other,seed:registered office
power of attorney template uk,90,3.56,,other,seed:registered office
uk power of attorney template,90,3.56,,other,seed:registered office
indian forest service full form,90,,,other,seed:registered office
free living will forms,90,3.6,,other,seed:registered office
private sick note uk,90,3.03,,other,seed:registered office
corporate landlord,90,,,other,seed:non resident landlord company
setting up a limited company to buy property,90,9.14,,form-now,seed:non resident landlord company
setting up a company to buy property,90,5.28,,form-now,seed:non resident landlord company
buying property in a company,90,7.9,,other,seed:non resident landlord company
holding company structure,90,5.07,,other,seed:non resident landlord company
tax for property investors,70,,,other,site:provestor.co.uk
property investors guide,70,,,other,site:provestor.co.uk
property tax for landlords,70,,,other,site:provestor.co.uk;site:uklandlordtax.co.uk
stamp duty on limited company buy to let,70,2.35,,transfer-in,site:provestor.co.uk;site:uklandlordtax.co.uk
buy-to-let tax loopholes,70,,,other,site:getground.co.uk;site:provestor.co.uk
how property tax calculated,70,,,other,site:getground.co.uk;site:provestor.co.uk;site:uklandlordtax.co.uk
how is the property tax calculated,70,,,other,site:getground.co.uk;site:provestor.co.uk;site:uklandlordtax.co.uk
capital gains tax for landlords,70,0.56,,transfer-in,site:provestor.co.uk
tax credits and self employed,70,,,other,site:provestor.co.uk
new tax for self employed,70,3.28,,other,site:provestor.co.uk
tax return guide,70,1,,other,site:provestor.co.uk
tax relief holiday let,70,17.15,,other,site:provestor.co.uk
register company tax,70,,,form-now,site:provestor.co.uk
tax loopholes for self employed uk,70,4.88,,other,site:provestor.co.uk
land value tax vs property tax,70,,,other,site:provestor.co.uk
property purchase tax spain,70,1.64,,other,site:provestor.co.uk
property tax ireland bands,70,,,other,site:provestor.co.uk
property investors scotland,70,2.71,,other,site:provestor.co.uk
property investors training,70,6.7,,other,site:provestor.co.uk
tax code self assessment,70,,,other,site:provestor.co.uk
self assessment tax threshold,70,,,other,site:provestor.co.uk
tax credit self employed,70,,,other,site:provestor.co.uk
worldwide tax guide ey,70,,,other,site:provestor.co.uk
buy to let property spain,70,1.73,,other,site:getground.co.uk
let property sales,70,11.58,,other,site:getground.co.uk
buy a property through a company,70,9.16,,other,site:getground.co.uk
buy my property,70,35.26,,other,site:getground.co.uk
buy your house,70,42.75,,other,site:getground.co.uk
buy property in croatia,70,0.29,,other,site:getground.co.uk
buy property phuket thailand,70,2.21,,other,site:getground.co.uk
buy property athens greece,70,1.51,,other,site:getground.co.uk
buy property in phuket,70,2.21,,other,site:getground.co.uk
buy property greece islands,70,0.57,,other,site:getground.co.uk
buy property in moscow,70,,,other,site:getground.co.uk
one stop property shop,70,,,other,site:getground.co.uk
buy a second property uk,70,6.46,,other,site:getground.co.uk
buy property in new zealand,70,0.03,,other,site:getground.co.uk
how to buy and rent houses,70,5.94,,other,site:getground.co.uk
property for sale in portobello and joppa,70,0.09,,other,site:getground.co.uk
buy property in jersey channel islands,70,1.22,,other,site:getground.co.uk
property for sale acharacle,70,0.05,,other,site:getground.co.uk
property for sale nr4,70,0.02,,other,site:getground.co.uk
property for sale finistere,70,0.44,,other,site:getground.co.uk
wengen property for sale,70,0.6,,other,site:getground.co.uk
property for sale n12,70,0.1,,other,site:getground.co.uk
property for sale w9,70,1.01,,other,site:getground.co.uk
achiltibuie property for sale,70,0.02,,other,site:getground.co.uk
eh6 property for sale,70,0.08,,other,site:getground.co.uk
property for sale b8,70,0.17,,other,site:getground.co.uk
dd2 property for sale,70,0.1,,other,site:getground.co.uk
property for sale b26,70,0.06,,other,site:getground.co.uk
property for sale pl21,70,,,other,site:getground.co.uk
property for sale b68,70,0.24,,other,site:getground.co.uk
property for sale n19,70,0.07,,other,site:getground.co.uk
property for sale strichen,70,0.96,,other,site:getground.co.uk
nimes property for sale,70,0.16,,other,site:getground.co.uk
bucharest property for sale,70,0.03,,other,site:getground.co.uk
property for sale westlands,70,0.29,,other,site:getground.co.uk
limited company holiday let mortgage,70,4.6,,mortgages,site:uklandlordtax.co.uk
capital gains tax for businesses,70,,,transfer-in,site:uklandlordtax.co.uk
california capital gains tax,70,,,transfer-in,site:uklandlordtax.co.uk
non resident tax,70,15.78,,non-resident,site:uklandlordtax.co.uk
non domicile inheritance tax,70,21.35,,other,site:uklandlordtax.co.uk
gift relief capital gains tax,70,,,transfer-in,site:uklandlordtax.co.uk
california state capital gains tax,70,,,transfer-in,site:uklandlordtax.co.uk
government gateway capital gains tax,70,,,transfer-in,site:uklandlordtax.co.uk
inheritance tax on limited companies,70,,,other,site:uklandlordtax.co.uk
non resident mortgage dubai,70,,,mortgages,site:uklandlordtax.co.uk
mortgages through limited company,70,10.62,,mortgages,site:uklandlordtax.co.uk
calculate capital gains tax australia,70,,,transfer-in,site:uklandlordtax.co.uk
secured loan buy to let property,70,117.26,,other,site:uklandlordtax.co.uk
getting a mortgage limited company,70,7.58,,mortgages,site:uklandlordtax.co.uk
hmrc stamp duty land tax return,70,,,transfer-in,site:uklandlordtax.co.uk
uk property stamp duty calculator,70,0.35,,transfer-in,site:uklandlordtax.co.uk
mortgage and tax,70,,,mortgages,site:uklandlordtax.co.uk
inheritance tax return,70,,,other,site:uklandlordtax.co.uk
belgium inheritance tax,70,,,other,site:uklandlordtax.co.uk
singapore inheritance tax,70,,,other,site:uklandlordtax.co.uk
inheritance tax bpr,70,,,other,site:uklandlordtax.co.uk
mortgage interest relief landlords,70,,,mortgages,site:uklandlordtax.co.uk
can you get a mortgage for an overseas property,70,1.83,,mortgages,site:uklandlordtax.co.uk
can a limited company get a mortgage,70,8.74,,mortgages,site:uklandlordtax.co.uk
mortgages for non residents,70,8.58,,mortgages,site:uklandlordtax.co.uk
can you remortgage to buy to let,70,,,other,site:uklandlordtax.co.uk
the original mortgage company,70,,,mortgages,site:uklandlordtax.co.uk
the mortgage company nottingham,70,,,mortgages,site:uklandlordtax.co.uk
surplus income inheritance tax,70,,,other,site:uklandlordtax.co.uk
inheritance tax house allowance,70,4.34,,other,site:uklandlordtax.co.uk
inheritance tax forms iht400,70,,,other,site:uklandlordtax.co.uk
inheritance tax rates france,70,1.57,,other,site:uklandlordtax.co.uk
uk budget inheritance tax,70,,,other,site:uklandlordtax.co.uk
company registration service,70,31.91,,form-now,site:propertyspv.co.uk
business registration address change,70,3.06,,form-now,site:propertyspv.co.uk
company registration address uk,70,11.84,,form-now,site:propertyspv.co.uk
korea company registration,70,5.99,,form-now,site:propertyspv.co.uk
monaco company registration,70,4.22,,form-now,site:propertyspv.co.uk
usa llc company registration,70,27.8,,form-now,site:propertyspv.co.uk
hmrc change company name,70,,,other,site:propertyspv.co.uk
company registration number example,70,,,form-now,seed:registered office;site:propertyspv.co.uk
registered address uk company,70,11.84,,other,site:propertyspv.co.uk
company registration in sri lanka,70,18.21,,form-now,site:propertyspv.co.uk
change of registered business address,70,3.06,,other,site:propertyspv.co.uk
private limited company registration uk,70,82.42,,form-now,site:propertyspv.co.uk
trust or company service providers,70,,,other,site:propertyspv.co.uk
trust and company service providers,70,,,other,site:propertyspv.co.uk
what is company identity,70,,,other,site:propertyspv.co.uk
what is large company,70,,,other,site:propertyspv.co.uk
search company by address,70,5.22,,other,site:propertyspv.co.uk
what is the difference between business and company,70,,,other,site:propertyspv.co.uk
how to expand company,70,9.94,,other,site:propertyspv.co.uk
what is a company profile,70,,,other,site:propertyspv.co.uk
business address for sole trader,70,11.7,,other,site:propertyspv.co.uk
how to incorporate a company,70,14.52,,form-now,site:propertyspv.co.uk
how to describe company culture,70,0.27,,other,site:propertyspv.co.uk
what is administration of a company,70,,,other,site:propertyspv.co.uk
quebec business registration,70,,,form-now,site:propertyspv.co.uk
company procedure,70,,,other,site:propertyspv.co.uk
company redundancy,70,,,other,site:propertyspv.co.uk
company offsite,70,5.95,,other,site:propertyspv.co.uk
expanded company,70,,,other,site:propertyspv.co.uk
company hub,70,,,other,site:propertyspv.co.uk
company description,70,,,other,site:propertyspv.co.uk
handle company,70,3.42,,other,site:propertyspv.co.uk
company reinstatement,70,6.15,,other,site:propertyspv.co.uk
company reorg,70,,,other,site:propertyspv.co.uk
enable company,70,4.8,,other,site:propertyspv.co.uk
ssi company,70,,,other,site:propertyspv.co.uk
how to find competitors of a company,70,19.94,,other,site:propertyspv.co.uk
contractors and taxes,70,1.56,,other,site:watsonknipe.co.uk
vat updates,70,,,other,site:watsonknipe.co.uk
property for sale in neasham,70,0.02,,other,seed:spv property
property commercial,70,2.85,,other,seed:spv property
property for sale urchfont,70,0.06,,other,seed:spv property
property for sale cheetham hill,70,0.16,,other,seed:spv property
property for sale bt11,70,,,other,seed:spv property
commercial property hartlepool,70,0.91,,other,seed:spv property
commercial property for sale uxbridge,70,1.23,,other,seed:spv property
goodman property,70,3.77,,other,seed:spv property
centurion property,70,,,other,seed:spv property
cheap off-grid homes for sale uk,70,2.12,,other,seed:spv property
buy-to-let business,70,4.3,,other,seed:buy to let limited company
buy-to-let company set up,70,1.83,,form-now,seed:buy to let limited company;seed:non resident landlord company
rent to rent company,70,8.35,,other,seed:buy to let limited company;seed:non resident landlord company
buying property through a company,70,9.16,,other,seed:buy to let limited company;seed:non resident landlord company
capital allowances on rental property,70,2.7,,other,seed:buy to let limited company
leasehold property uk,70,0.16,,other,seed:buy to let limited company
the property management company,70,8.23,,other,seed:buy to let limited company;seed:non resident landlord company
property to rent settle,70,0.4,,other,seed:buy to let limited company
renting out property and tax,70,1.14,,other,seed:buy to let limited company
what is a property management company,70,,,other,seed:buy to let limited company;seed:non resident landlord company
property management business,70,4.69,,other,seed:buy to let limited company
rental property expenses,70,0.32,,other,seed:buy to let limited company
expenses for rental property,70,0.32,,other,seed:buy to let limited company
shared property investment,70,6.27,,other,seed:buy to let limited company
partnership in property,70,,,other,seed:buy to let limited company
lettings company,70,0.72,,other,seed:buy to let limited company;seed:non resident landlord company
private landlord renting to council,70,3.96,,other,seed:buy to let limited company;seed:non resident landlord company
letting management company,70,6.78,,other,seed:buy to let limited company;seed:non resident landlord company
holding deposit on rental property,70,,,other,seed:buy to let limited company
company tax returns gov.uk,70,30.55,,other,seed:property company tax
company tax return deadline,70,3.6,,other,seed:property company tax
transferring a property to a limited company,70,1.29,,other,seed:transfer property to limited company
delaware company registry search,70,5.66,,other,seed:transfer property to limited company
property deeds meaning,70,,,other,seed:transfer property to limited company
option agreement property,70,0.55,,other,seed:transfer property to limited company
tenants rights when landlord sells property,70,0.16,,other,seed:transfer property to limited company
landlords duty of care,70,1.12,,other,seed:transfer property to limited company
duty of care landlord,70,1.12,,other,seed:transfer property to limited company
csc code,70,,,other,seed:sic code spv
bsr code,70,,,other,seed:sic code spv
lbc snomed code cx,70,,,other,seed:sic code spv
cas code,70,,,other,seed:sic code spv
pnc code,70,,,other,seed:sic code spv
cernucci code,70,1.33,,other,seed:sic code spv
jac code,70,,,other,seed:sic code spv
scb swift code,70,,,other,seed:sic code spv
swift code of scb,70,,,other,seed:sic code spv
jet2 icao code,70,,,other,seed:sic code spv
ons sic codes,70,,,other,seed:sic code spv
sic codes ons,70,,,other,seed:sic code spv
ir code,70,,,other,seed:sic code spv
icdas code,70,,,other,seed:sic code spv
ubi ifsc code,70,,,other,seed:sic code spv
loan to buy business property,70,13.24,,other,seed:limited company mortgage
btl mortgages for companies,70,9.42,,mortgages,seed:limited company mortgage
barclays business mortgage,70,5.43,,mortgages,seed:limited company mortgage
business mortgage finance,70,34.97,,mortgages,seed:limited company mortgage
commercial property loan comparison,70,3.62,,other,seed:limited company mortgage
lending to businesses,70,104.51,,other,seed:limited company mortgage
lending to business,70,104.51,,other,seed:limited company mortgage
small business loans company,70,67.21,,other,seed:limited company mortgage
small business loan company,70,67.21,,other,seed:limited company mortgage
term deposit rates,70,2.55,,other,seed:limited company mortgage
nsb fixed deposit rates,70,,,other,seed:limited company mortgage
help to buy isa deposit,70,,,other,seed:limited company mortgage
buy to let secured loans,70,33.59,,other,seed:limited company mortgage
buy to let secured loan,70,33.59,,other,seed:limited company mortgage
help to buy isa closing statement,70,,,other,seed:limited company mortgage
bank of scotland help to buy isa,70,,,other,seed:limited company mortgage
london registered office service,70,18.96,,run-the-company,seed:registered office
registered office service london,70,18.96,,run-the-company,seed:registered office
uk address format example,70,,,other,seed:registered office
inter agency referral form,70,,,other,seed:registered office
royal london discretionary trust form,70,,,other,seed:registered office
companies house change of address form,70,2.48,,run-the-company,seed:registered office
oci declaration form uk,70,,,other,seed:registered office
pre action protocol letter home office,70,,,other,seed:registered office
wording of a will examples uk,70,2.38,,other,seed:registered office
dvla personalised registrations address,70,,,other,seed:registered office
statutory declaration form uk,70,1.02,,other,seed:registered office
uk application form,70,3.35,,other,seed:registered office
registration letters uk,70,0.09,,form-now,seed:registered office
jury service expenses form,70,,,other,seed:registered office
complaint letter template uk,70,1.21,,other,seed:registered office
uk purchase order template,70,3.25,,other,seed:registered office
rent statement template uk,70,1.35,,other,seed:registered office
handing in notice template uk,70,0.29,,other,seed:registered office
home office letter confirming settled status,70,,,other,seed:registered office
hc2 form online gov uk,70,,,other,seed:registered office
cease and desist letter template uk,70,1.58,,other,seed:registered office
statutory declaration of name change uk,70,2.36,,other,seed:registered office
end of tenancy letter template uk,70,2.68,,other,seed:registered office
address format uk example,70,,,other,seed:registered office
register a limited company as a subcontractor,70,4.52,,form-now,seed:registered office
submit forms service gov uk form 263907,70,,,other,seed:registered office
sole trader company registration uk,70,14.47,,form-now,seed:registered office
uk driving licence application form,70,0.61,,other,seed:registered office
limited liability example,70,,,other,seed:registered office
inter-agency referral form,70,,,other,seed:registered office
full address example,70,,,other,seed:registered office
irish address format,70,,,other,seed:registered office
ireland address format,70,,,other,seed:registered office
uk forms,70,,,other,seed:registered office
uk form,70,,,other,seed:registered office
notice of service,70,,,other,seed:registered office
www bhsf co uk claim form,70,,,other,seed:registered office
power of attorney address,70,,,other,seed:registered office
dla mandatory reconsideration address,70,,,other,seed:registered office
fishing boat registration letters uk,70,,,form-now,seed:registered office
housing list application form,70,,,other,seed:registered office
ireland address sample,70,,,other,seed:registered office
attestation clause for company,70,,,other,seed:registered office
id document uk,70,,,other,seed:registered office
public service announcement examples,70,,,other,seed:registered office
nhs change of address form,70,,,other,seed:registered office
address to send d1 form to dvla,70,,,other,seed:registered office
nhs address change form,70,,,other,seed:registered office
nhs change address form,70,,,other,seed:registered office
gov uk divorce forms,70,4.34,,other,seed:registered office
gov uk p55 form,70,7.46,,other,seed:registered office
provisional patent application uk,70,5.7,,other,seed:registered office
lg company full form,70,,,other,seed:registered office
full form hcl company,70,,,other,seed:registered office
ey company full form,70,,,other,seed:registered office
hcl company full form,70,,,other,seed:registered office
past form list,70,0.02,,other,seed:registered office
ilr uk form,70,1.61,,other,seed:registered office
uk ilr form,70,1.61,,other,seed:registered office
address to send d1 form,70,,,other,seed:registered office
united kingdom address format example,70,,,other,seed:registered office
gov uk carers allowance form,70,3.62,,other,seed:registered office
certificate of sponsorship uk sample,70,5.93,,other,seed:registered office
free self-certification form,70,2.12,,other,seed:registered office
l g company full form,70,,,other,seed:registered office
example of company registration number,70,,,form-now,seed:registered office
sample of certificate of sponsorship uk,70,5.93,,other,seed:registered office
power of attorney gov uk forms,70,3.32,,other,seed:registered office
post-nominal letters list,70,,,other,seed:registered office
psa public service announcement example,70,,,other,seed:registered office
model release forms uk,70,2.26,,other,seed:registered office
model release form uk,70,2.26,,other,seed:registered office
cos full form uk,70,,,other,seed:registered office
ilr uk application form,70,1.56,,other,seed:registered office
divorce papers uk template,70,1.96,,other,seed:registered office
uk divorce papers template,70,1.96,,other,seed:registered office
oci application uk form,70,,,other,seed:registered office
registered landlord,70,,,other,seed:non resident landlord company
rent to buy private landlord,70,2.45,,other,seed:non resident landlord company
buy to let company set up,70,1.83,,form-now,seed:non resident landlord company
who is the landlord of a property,70,0.81,,other,seed:non resident landlord company
setting up a limited company for property,70,7.45,,form-now,seed:non resident landlord company
income tax for limited company,50,3.8,,other,site:provestor.co.uk;site:uklandlordtax.co.uk
landlord self assessment tax return,50,3.66,,other,site:provestor.co.uk
self employed vs limited company tax comparison,50,3.49,,other,site:provestor.co.uk
limited company personal tax,50,3.8,,other,site:provestor.co.uk;site:uklandlordtax.co.uk
tax calc mtd,50,15.35,,other,site:provestor.co.uk
hmrc limited company tax return,50,12.21,,other,site:provestor.co.uk;site:uklandlordtax.co.uk
tax return self assessment guide,50,,,other,site:provestor.co.uk
buy-to let property tax,50,,,other,site:provestor.co.uk
how to become tax expert,50,7.48,,other,site:provestor.co.uk
expert tax advice,50,,,other,site:provestor.co.uk
income tax for company,50,,,other,site:getground.co.uk;site:provestor.co.uk
self employed tax and ni,50,3.12,,other,site:provestor.co.uk
canada property tax,50,,,other,site:provestor.co.uk
tax property refund,50,,,other,site:provestor.co.uk
residential property tax,50,,,other,site:provestor.co.uk
appeal property tax,50,1.15,,other,site:provestor.co.uk
property tax returns,50,,,other,site:provestor.co.uk
holiday let tax changes,50,8.82,,other,site:provestor.co.uk
business property relief and inheritance tax,50,1.75,,other,site:provestor.co.uk;site:uklandlordtax.co.uk
self-employed tax and national insurance,50,31.61,,other,site:provestor.co.uk
making tax digital delay,50,,,other,site:provestor.co.uk
company tax portugal,50,1.96,,other,site:provestor.co.uk
property tax bands uk,50,,,other,site:provestor.co.uk
uk property tax rate,50,,,other,site:provestor.co.uk
property tax pcmc payment,50,,,other,site:provestor.co.uk
property investors trust,50,3.34,,other,site:provestor.co.uk
self assessment tax example,50,2.62,,other,site:provestor.co.uk
estimate self assessment tax,50,3.35,,other,site:provestor.co.uk
self-employed tax rules,50,2.12,,other,site:provestor.co.uk
self employed tax dates,50,0.63,,other,site:provestor.co.uk
gov self employed tax,50,2.32,,other,site:provestor.co.uk
tax office self assessment,50,5.45,,other,site:provestor.co.uk
contact tax self assessment,50,3.29,,other,site:provestor.co.uk
file tax return for dormant company,50,9.7,,other,site:provestor.co.uk
paying tax when self employed and employed,50,1.72,,other,site:provestor.co.uk
how to pay tax self-employed uk,50,14.63,,other,site:provestor.co.uk
partnership tax return guide,50,,,other,site:provestor.co.uk
how to buy property france,50,2.11,,other,site:getground.co.uk
how to buy french property,50,2.11,,other,site:getground.co.uk
buy property greenland,50,,,other,site:getground.co.uk
buy property singapore,50,0.42,,other,site:getground.co.uk
buy property albania,50,0.11,,other,site:getground.co.uk
buy property pakistan,50,,,other,site:getground.co.uk
buy property paris,50,1.11,,other,site:getground.co.uk
property for sale valencia city centre,50,0.08,,other,site:getground.co.uk
coventry buy to let,50,5.5,,other,site:getground.co.uk
property for sale in cardiff city centre,50,0.02,,other,site:getground.co.uk
buy property in uae,50,10.05,,other,site:getground.co.uk
buy property in reading,50,0.67,,other,site:getground.co.uk
what are the best properties to buy in monopoly,50,,,other,site:getground.co.uk
coventry building society buy to let,50,5.5,,other,site:getground.co.uk
buy company name companies house,50,11.12,,run-the-company,site:getground.co.uk
se17 property for sale,50,0.02,,other,site:getground.co.uk
property for sale st6,50,0.02,,other,site:getground.co.uk
property for sale methil,50,0.13,,other,site:getground.co.uk
property for sale bavaria,50,0.38,,other,site:getground.co.uk
calvia property for sale,50,0.3,,other,site:getground.co.uk
property for sale hd9,50,,,other,site:getground.co.uk
property for sale hightae,50,,,other,site:getground.co.uk
leisure property for sale,50,0.89,,other,site:getground.co.uk
property for sale pune,50,1.01,,other,site:getground.co.uk
property for sale zug,50,0.24,,other,site:getground.co.uk
property for sale hu6,50,0.02,,other,site:getground.co.uk
property for sale archway,50,,,other,site:getground.co.uk
property for sale wrangle,50,0.06,,other,site:getground.co.uk
property for sale verona,50,0.33,,other,site:getground.co.uk
property for sale hu7,50,0.07,,other,site:getground.co.uk
property for sale casarabonela,50,0.07,,other,site:getground.co.uk
non uk resident stamp duty calculator,50,,,transfer-in,site:uklandlordtax.co.uk
landlords mortgage tax relief,50,,,mortgages,site:uklandlordtax.co.uk
allowable expenses for capital gains tax on property,50,,,transfer-in,site:uklandlordtax.co.uk
capital gains tax penalty,50,,,transfer-in,site:uklandlordtax.co.uk
property stamp duty rates,50,0.21,,transfer-in,site:uklandlordtax.co.uk
stamp duty tax advisor,50,12,,transfer-in,site:uklandlordtax.co.uk
buy-to let capital gains tax calculator,50,,,transfer-in,site:uklandlordtax.co.uk
capital gains tax forms uk,50,0.48,,transfer-in,site:uklandlordtax.co.uk
executors capital gains tax allowance,50,,,transfer-in,site:uklandlordtax.co.uk
buy to let property mortgage,50,7.76,,mortgages,site:uklandlordtax.co.uk
stamp duty for companies buying residential property,50,,,transfer-in,site:uklandlordtax.co.uk
limited company mortgages uk,50,13.48,,mortgages,site:uklandlordtax.co.uk
capital gains tax specialist near me,50,8.56,,transfer-in,site:uklandlordtax.co.uk
what is the criteria for buy to let mortgage,50,1.2,,mortgages,site:uklandlordtax.co.uk
non resident tax rates australia,50,,,non-resident,site:uklandlordtax.co.uk
capital gains tax calculator usa,50,,,transfer-in,site:uklandlordtax.co.uk
landlords mortgage relief,50,,,mortgages,site:uklandlordtax.co.uk
two mortgages on one property,50,,,mortgages,site:uklandlordtax.co.uk
stamp duty portugal,50,1.55,,transfer-in,site:uklandlordtax.co.uk
stamp duty formula,50,,,transfer-in,site:uklandlordtax.co.uk
capital gains tax computation working sheet,50,,,transfer-in,site:uklandlordtax.co.uk
do you need a buy-to-let mortgage for airbnb,50,,,mortgages,site:uklandlordtax.co.uk
what do i need for a buy to let mortgage,50,2.48,,mortgages,site:uklandlordtax.co.uk
inheritance tax house valuation,50,3.29,,other,site:uklandlordtax.co.uk
budget farmers inheritance tax,50,,,other,site:uklandlordtax.co.uk
inheritance tax form iht205,50,,,other,site:uklandlordtax.co.uk
inheritance tax unused allowance,50,2.53,,other,site:uklandlordtax.co.uk
company registration thailand,50,1.91,,form-now,site:propertyspv.co.uk
lookup company registration,50,10.15,,form-now,site:propertyspv.co.uk
private company registration,50,42.26,,form-now,site:propertyspv.co.uk
cheap company registration,50,24.1,,form-now,site:propertyspv.co.uk
uk company address,50,16.46,,other,site:propertyspv.co.uk
you company,50,,,other,site:propertyspv.co.uk
company registration in ukraine,50,,,form-now,site:propertyspv.co.uk
ireland company registration number,50,6.71,,form-now,site:propertyspv.co.uk
irish company registration numbers,50,6.71,,form-now,site:propertyspv.co.uk
company registration documents uk,50,,,form-now,site:propertyspv.co.uk
ltd company registered address,50,22.37,,other,site:propertyspv.co.uk
south africa company registration search,50,,,form-now,site:propertyspv.co.uk
your company formation uk,50,11.04,,other,site:propertyspv.co.uk
transferring property into a company,50,9.97,,other,site:propertyspv.co.uk
transferring property to a company,50,9.97,,other,site:propertyspv.co.uk
limited company registered address,50,22.37,,other,site:propertyspv.co.uk
what not company,50,,,other,site:propertyspv.co.uk
the document company,50,,,other,site:propertyspv.co.uk
for a company,50,8.37,,other,site:propertyspv.co.uk
what is company constitution,50,,,other,site:propertyspv.co.uk
what is a business address,50,,,other,site:propertyspv.co.uk
the office company name,50,,,other,site:propertyspv.co.uk
the business machines company,50,,,other,site:propertyspv.co.uk
file for dormant company,50,7.02,,other,site:propertyspv.co.uk
what is a management company,50,,,other,site:propertyspv.co.uk
how to be limited company,50,24.21,,other,site:propertyspv.co.uk
umbrella company for self employed,50,6.85,,other,site:propertyspv.co.uk
how to decide on company name,50,2.15,,other,site:propertyspv.co.uk
how to start an events company,50,2.84,,other,site:propertyspv.co.uk
what is a principal in a company,50,,,other,site:propertyspv.co.uk
company primer,50,,,other,site:propertyspv.co.uk
company background,50,,,other,site:propertyspv.co.uk
company introduction,50,,,other,site:propertyspv.co.uk
company dash,50,16.81,,other,site:propertyspv.co.uk
company compliances,50,40.98,,other,site:propertyspv.co.uk
flips company,50,0.83,,other,site:propertyspv.co.uk
company responsibility,50,,,other,site:propertyspv.co.uk
general company,50,,,other,site:propertyspv.co.uk
changing company,50,39.64,,other,site:propertyspv.co.uk
company set,50,0.59,,other,site:propertyspv.co.uk
company ast,50,,,other,site:propertyspv.co.uk
company eap,50,38.11,,other,site:propertyspv.co.uk
dep company,50,,,other,site:propertyspv.co.uk
company rules,50,,,other,site:propertyspv.co.uk
redefine company,50,,,other,site:propertyspv.co.uk
how to start a small it company,50,8.43,,other,site:propertyspv.co.uk
reverse charge vat invoice example,50,,,other,site:watsonknipe.co.uk
gov uk vat number,50,14.4,,other,site:watsonknipe.co.uk
uk tax code m1,50,,,other,site:watsonknipe.co.uk
aggregates tax,50,,,other,site:watsonknipe.co.uk
car tax helpline,50,,,other,site:watsonknipe.co.uk
withholding tax in spain,50,1.13,,other,site:watsonknipe.co.uk
prime location property for sale,50,,,other,seed:spv property
private property cape town,50,0.03,,other,seed:spv property
gumtree commercial property,50,11.83,,other,seed:spv property
private luxury property,50,,,other,seed:spv property
fast property sale,50,27.67,,other,seed:spv property
bcm property,50,,,other,seed:spv property
property podcasts uk,50,,,other,seed:spv property
property listings uk,50,1.56,,other,seed:spv property
buy-to let through limited company or personal,50,4.03,,other,seed:buy to let limited company;seed:non resident landlord company
buy-to-let through limited company or personal,50,4.03,,other,seed:buy to let limited company;seed:non resident landlord company
renting to housing association,50,2.86,,other,seed:buy to let limited company
buying short lease property,50,13.03,,other,seed:buy to let limited company
buying a short leasehold property,50,13.03,,other,seed:buy to let limited company
starting a property management company,50,8.48,,other,seed:buy to let limited company;seed:non resident landlord company
setting up a property management company,50,13.01,,form-now,seed:buy to let limited company;seed:non resident landlord company
how to start rental property business,50,14.53,,other,seed:buy to let limited company
how to start a rental property business,50,14.53,,other,seed:buy to let limited company
leasehold property management,50,1.93,,other,seed:buy to let limited company
letsand property management,50,,,other,seed:buy to let limited company
right to rent share,50,,,other,seed:buy to let limited company
property landlord services,50,2.27,,other,seed:buy to let limited company;seed:non resident landlord company
property leasing meaning,50,,,other,seed:buy to let limited company
rental property legislation,50,1.79,,other,seed:buy to let limited company
registering rental property,50,3.54,,other,seed:buy to let limited company
register rental property,50,3.54,,form-now,seed:buy to let limited company
landlord company,50,3,,other,seed:buy to let limited company;seed:non resident landlord company
law on renting property,50,1.79,,other,seed:buy to let limited company
property maintenance for landlords,50,3.13,,other,seed:buy to let limited company
personal contract hire and leasing,50,1.49,,other,seed:buy to let limited company
rent a property private landlords,50,0.7,,other,seed:buy to let limited company
temp agency for property management,50,16.78,,other,seed:buy to let limited company
obligations of landlords to tenants,50,2.98,,other,seed:buy to let limited company
tax law jobs,50,4.26,,other,seed:property company tax
jersey company register search,50,,,form-now,seed:transfer property to limited company
rental property inventory template,50,4.51,,other,seed:transfer property to limited company
prove your right to rent uk,50,,,other,seed:transfer property to limited company
rental property register,50,3.54,,form-now,seed:transfer property to limited company
gov uk landlord responsibilities,50,5.57,,other,seed:transfer property to limited company
offer letter for property,50,,,other,seed:transfer property to limited company
cuc code,50,,,other,seed:sic code spv
dpd code,50,,,other,seed:sic code spv
ppac code,50,,,other,seed:sic code spv
org code,50,,,other,seed:sic code spv
cpv code lookup,50,,,other,seed:sic code spv
pcn code,50,2.39,,other,seed:sic code spv
ipha code,50,,,other,seed:sic code spv
iec code,50,,,other,seed:sic code spv
ic4 code,50,,,other,seed:sic code spv
luton icao code,50,,,other,seed:sic code spv
ipc code,50,,,other,seed:sic code spv
iesba code,50,,,other,seed:sic code spv
aic code,50,,,other,seed:sic code spv
aib bic code,50,,,other,seed:sic code spv
bic code aib,50,,,other,seed:sic code spv
finance for customers of small businesses,50,51.44,,other,seed:limited company mortgage
lloyds business mortgage,50,12.06,,mortgages,seed:limited company mortgage
business mortgage definition,50,,,mortgages,seed:limited company mortgage
commercial lending company,50,70.91,,other,seed:limited company mortgage
commercial loan company,50,70.91,,other,seed:limited company mortgage
compare student loans,50,2,,other,seed:limited company mortgage
buy to let finance,50,8.8,,other,seed:limited company mortgage
charcol mortgages,50,3.92,,mortgages,seed:limited company mortgage
how to buy us treasury bonds,50,2.63,,other,seed:limited company mortgage
bridging loan buy to let,50,25.28,,other,seed:limited company mortgage
best uk term deposit rates,50,5.94,,other,seed:limited company mortgage
compare bank loan interest rates,50,4.04,,mortgages,seed:limited company mortgage
jumbo mortgages,50,3.08,,mortgages,seed:limited company mortgage
best fixed deposit interest rates,50,3.28,,mortgages,seed:limited company mortgage
registered office service uk,50,20.4,,run-the-company,seed:registered office
uk full address format,50,,,other,seed:registered office
full address format,50,,,other,seed:registered office
registered office services uk,50,20.4,,run-the-company,seed:registered office
full address format uk,50,,,other,seed:registered office
full uk address format,50,,,other,seed:registered office
company registration document uk,50,,,form-now,seed:registered office
unique application number uk,50,6.45,,other,seed:registered office
priority service request form,50,,,other,seed:registered office
form 214 met office,50,,,other,seed:registered office
gmb will writing service,50,3.31,,other,seed:registered office
address to send v62 form,50,,,other,seed:registered office
cqc new provider application form,50,10.96,,other,seed:registered office
activate lasting power of attorney uk,50,,,other,seed:registered office
cqc application form for new provider,50,10.96,,other,seed:registered office
ireland address example,50,,,other,seed:registered office
v62 form address,50,,,other,seed:registered office
registered office clause,50,,,run-the-company,seed:registered office
company closure form,50,1.43,,other,seed:registered office
notarization uk,50,1.23,,other,seed:registered office
lasting power of attorney certificate provider guidance,50,,,other,seed:registered office
leaving uk form,50,,,other,seed:registered office
contract types uk,50,,,other,seed:registered office
wsp company full form,50,,,other,seed:registered office
home office letter example,50,,,other,seed:registered office
vfs declaration form uk,50,,,other,seed:registered office
cover letter length uk,50,,,other,seed:registered office
free form filler,50,2.97,,other,seed:registered office
codicil form free,50,1.38,,other,seed:registered office
section 21 notice template uk,50,3.52,,other,seed:registered office
w-8ben-e form uk,50,2.65,,other,seed:registered office
air rifle licence application form uk,50,,,other,seed:registered office
ordinary power of attorney template uk,50,1.7,,other,seed:registered office
submit forms service gov uk,50,,,other,seed:registered office
requesting service records,50,1.45,,other,seed:registered office
post office identity document checking service form,50,,,other,seed:registered office
change of address template,50,0.37,,other,seed:registered office
dvla letter address,50,,,other,seed:registered office
dla application address,50,,,other,seed:registered office
portugal address format,50,,,other,seed:registered office
form e gov uk,50,,,other,seed:registered office
codicil form uk,50,1.12,,other,seed:registered office
registering power of attorney uk,50,,,other,seed:registered office
affidavit of service,50,,,other,seed:registered office
i-129 filing address,50,,,run-the-company,seed:registered office
address change letter sample,50,,,other,seed:registered office
wca50 form return address,50,,,other,seed:registered office
i 129 filing address,50,,,run-the-company,seed:registered office
abandonment notice template uk,50,0.02,,other,seed:registered office
consent order gov uk,50,4.94,,other,seed:registered office
reference letter uk,50,0.02,,other,seed:registered office
irish address example,50,,,other,seed:registered office
closing address example,50,,,other,seed:registered office
address format singapore,50,,,other,seed:registered office
dla renewal address,50,,,other,seed:registered office
dla evidence address,50,,,other,seed:registered office
full address form,50,,,other,seed:registered office
nsandi change of address form,50,,,other,seed:registered office
nsi change of address form,50,,,other,seed:registered office
gov uk forms to download,50,,,other,seed:registered office
request documents from home office,50,,,other,seed:registered office
post office tenancy agreement form,50,1.06,,other,seed:registered office
company legal form,50,,,other,seed:registered office
acknowledgement of service form divorce,50,,,other,seed:registered office
acknowledgement of service divorce form,50,,,other,seed:registered office
divorce acknowledgement of service form,50,,,other,seed:registered office
nhs prepayment certificate change of address,50,,,other,seed:registered office
ns&i change of address form,50,,,other,seed:registered office
universal credit uc50 form return address,50,,,other,seed:registered office
shotgun application form uk,50,0.2,,other,seed:registered office
address change letter example,50,,,other,seed:registered office
dvla v62 form address,50,,,other,seed:registered office
holding company property,50,,,other,seed:non resident landlord company
rent a property private landlord,50,0.7,,other,seed:non resident landlord company
real estate holding company,50,,,other,seed:non resident landlord company
buy to let through limited company or personal,50,4.03,,other,seed:non resident landlord company
buy to-let through limited company or personal,50,4.03,,other,seed:non resident landlord company
holding company purpose,50,9.52,,other,seed:non resident landlord company
ltd company for property investment,50,19.67,,other,seed:non resident landlord company
putting property into a limited company,50,9.07,,other,seed:non resident landlord company
start a holding company,50,17.14,,other,seed:non resident landlord company
starting a holding company,50,17.14,,other,seed:non resident landlord company
limited company tax threshold,40,4.77,,other,site:provestor.co.uk;site:uklandlordtax.co.uk
tax deductible expenses for landlords,40,,,other,site:provestor.co.uk;site:uklandlordtax.co.uk
uk limited company tax rates,40,2.37,,other,site:provestor.co.uk;site:uklandlordtax.co.uk
limited company corporation tax calculator,40,1.25,,run-the-company,site:provestor.co.uk;site:uklandlordtax.co.uk
tax on buy to let income,40,,,other,site:getground.co.uk;site:provestor.co.uk
mtd for landlords hmrc,40,5,,other,site:provestor.co.uk
property tax pakistan,40,,,other,site:provestor.co.uk
singapore property tax,40,,,other,site:provestor.co.uk
tax self-declaration,40,2.53,,other,site:provestor.co.uk
holiday let income tax,40,1.95,,other,site:provestor.co.uk
deadline for paying self assessment tax,40,,,other,site:provestor.co.uk
sign up for making tax digital for vat,40,24.55,,other,site:provestor.co.uk
property income tax return,40,,,other,site:provestor.co.uk
property tax accountant london,40,19.22,,other,site:provestor.co.uk
finding property investors,40,8.2,,other,site:provestor.co.uk
international property investors,40,19.22,,other,site:provestor.co.uk
glasgow property investors,40,2.83,,other,site:provestor.co.uk
landlord empty property council tax,40,,,other,site:provestor.co.uk
self employed tax help,40,34.17,,other,site:provestor.co.uk
self employment tax spreadsheet,40,9.51,,other,site:provestor.co.uk
accountants for buy to let landlords,40,11.89,,other,site:provestor.co.uk
property centre inverness,40,,,other,site:getground.co.uk
how to buy property portugal,40,3.24,,other,site:getground.co.uk
let property estate agents,40,,,other,site:getground.co.uk
buy property melbourne,40,,,other,site:getground.co.uk
buy property kiev,40,0.03,,other,site:getground.co.uk
buy property antigua,40,1.79,,other,site:getground.co.uk
buy property hurghada,40,1.32,,other,site:getground.co.uk
buy property vadodara,40,0.5,,other,site:getground.co.uk
property for sale chester city centre,40,,,other,site:getground.co.uk
one property shop,40,,,other,site:getground.co.uk
how to buy property in italy,40,2.46,,other,site:getground.co.uk
how to buy property in thailand,40,1.52,,other,site:getground.co.uk
buy to let opportunities,40,8.38,,other,site:getground.co.uk
buy-to let properties for sale birmingham,40,7.05,,other,site:getground.co.uk
where to buy property,40,1.31,,other,site:getground.co.uk
when to buy property,40,,,other,site:getground.co.uk
proffitt and holt property for sale,40,,,other,site:getground.co.uk
christie and co property for sale,40,0.22,,other,site:getground.co.uk
property to buy perth australia,40,2.05,,other,site:getground.co.uk
cheapest places to buy property in the world,40,0.1,,other,site:getground.co.uk
property for sale glasgow and surrounding areas,40,0.16,,other,site:getground.co.uk
property kensington and chelsea,40,2.01,,other,site:getground.co.uk
look for property for sale,40,0.34,,other,site:getground.co.uk
the best property agent,40,5.6,,other,site:getground.co.uk
the property experts london,40,5.99,,other,site:getground.co.uk
property for sale rogate,40,0.04,,other,site:getground.co.uk
property for sale bd13,40,0.04,,other,site:getground.co.uk
property for sale fy6,40,0.03,,other,site:getground.co.uk
property for sale cb2,40,,,other,site:getground.co.uk
property for sale ng8,40,0.28,,other,site:getground.co.uk
discounted property for sale,40,1.29,,other,site:getground.co.uk
property for sale e16,40,0.22,,other,site:getground.co.uk
property for sale: windhoek,40,4.09,,other,site:getground.co.uk
property for sale bh12,40,0.08,,other,site:getground.co.uk
property for sale ne21,40,0.14,,other,site:getground.co.uk
property for sale bt5,40,,,other,site:getground.co.uk
stamp duty and capital gains tax,40,,,transfer-in,site:uklandlordtax.co.uk
capital gains tax business property,40,,,transfer-in,site:uklandlordtax.co.uk
buy to let mortgage stamp duty,40,1.34,,transfer-in,site:uklandlordtax.co.uk
buy-to-let stamp duty rates,40,6,,transfer-in,site:uklandlordtax.co.uk
stamp duty calculator uk limited company,40,,,transfer-in,site:uklandlordtax.co.uk
calculate capital gains tax on rental property,40,1.83,,transfer-in,site:uklandlordtax.co.uk
stamp duty calculator landlord,40,0.41,,transfer-in,site:uklandlordtax.co.uk
stamp duty tax advice,40,12.22,,transfer-in,site:uklandlordtax.co.uk
stamp duty tax changes,40,,,transfer-in,site:uklandlordtax.co.uk
limited company buy to let mortgage rates uk,40,3.99,,mortgages,site:uklandlordtax.co.uk
calculate capital gains tax ireland,40,,,transfer-in,site:uklandlordtax.co.uk
non resident tax return,40,4.16,,non-resident,site:uklandlordtax.co.uk
stamp duty thresholds commercial property,40,,,transfer-in,site:uklandlordtax.co.uk
barclays non uk resident mortgage,40,4.19,,mortgages,site:uklandlordtax.co.uk
how to remortgage a buy to let property,40,5.39,,other,site:uklandlordtax.co.uk
calculate capital gains tax india,40,,,transfer-in,site:uklandlordtax.co.uk
house capital gains tax calculator,40,,,transfer-in,site:uklandlordtax.co.uk
resident for tax purposes,40,,,other,site:uklandlordtax.co.uk
what is the buy to let mortgage rate,40,,,mortgages,site:uklandlordtax.co.uk
stamp duty revenue,40,,,transfer-in,site:uklandlordtax.co.uk
stamp duty 2016,40,,,transfer-in,site:uklandlordtax.co.uk
non resident income tax in spain,40,,,non-resident,site:uklandlordtax.co.uk
hmrc capital gains tax calculator shares,40,,,transfer-in,site:uklandlordtax.co.uk
spanish mortgage for uk resident,40,5.58,,mortgages,site:uklandlordtax.co.uk
residential mortgages for limited companies,40,15.18,,mortgages,site:uklandlordtax.co.uk
the glasgow mortgage company,40,,,mortgages,site:uklandlordtax.co.uk
autumn budget inheritance tax,40,,,other,site:uklandlordtax.co.uk
iht207 inheritance tax form,40,,,other,site:uklandlordtax.co.uk
hmrc inheritance tax payment,40,,,other,site:uklandlordtax.co.uk
company registration extract,40,,,form-now,seed:registered office;site:propertyspv.co.uk
company name trademark registration,40,8.88,,form-now,site:propertyspv.co.uk
service source company,40,,,other,site:propertyspv.co.uk
your company works,40,,,other,site:propertyspv.co.uk
registered office address for limited company,40,15.8,,run-the-company,seed:registered office;site:propertyspv.co.uk
gov uk limited company registration,40,31.92,,form-now,site:propertyspv.co.uk
corporation service company csc,40,5.02,,other,site:propertyspv.co.uk
company formation registered address,40,30.87,,other,site:propertyspv.co.uk
the every company,40,,,other,site:propertyspv.co.uk
what does administration mean for a company,40,,,other,site:propertyspv.co.uk
what is a good name for company,40,,,other,site:propertyspv.co.uk
how company is formed,40,16.97,,other,site:propertyspv.co.uk
companies house close company online,40,14.93,,run-the-company,site:propertyspv.co.uk
search for company details,40,4.61,,other,site:propertyspv.co.uk
company signs for office,40,5.18,,other,site:propertyspv.co.uk
how to find company information,40,2.17,,other,site:propertyspv.co.uk
what types of company are there,40,,,other,site:propertyspv.co.uk
what type of company is ltd,40,,,other,site:propertyspv.co.uk
malta business registration,40,18.07,,form-now,site:propertyspv.co.uk
how to run a limited company,40,,,other,site:propertyspv.co.uk
company mr,40,,,other,site:propertyspv.co.uk
company csp,40,,,other,site:propertyspv.co.uk
dba company,40,,,other,site:propertyspv.co.uk
firm company,40,,,other,site:propertyspv.co.uk
company place,40,,,other,site:propertyspv.co.uk
area company,40,196.27,,other,site:propertyspv.co.uk
company testimonials,40,,,other,site:propertyspv.co.uk
company objects,40,,,other,site:propertyspv.co.uk
company inductions,40,,,other,site:propertyspv.co.uk
martin lewis tax-free childcare,40,,,other,site:watsonknipe.co.uk
hmrc tax-free childcare contact,40,,,other,site:watsonknipe.co.uk
tax-free childcare issues,40,,,other,site:watsonknipe.co.uk
179 tax deduction,40,,,other,site:watsonknipe.co.uk
tax credit award letter,40,,,other,site:watsonknipe.co.uk
commercial property harrow,40,1.31,,other,seed:spv property
on the move property for sale,40,8.01,,other,seed:spv property
property zone gibraltar,40,,,other,seed:spv property
commercial property witney,40,0.86,,other,seed:spv property
o'sullivan property,40,0.76,,other,seed:spv property
buy property with tenants,40,10.21,,other,seed:buy to let limited company
buying residential property through a limited company,40,0.2,,other,seed:buy to let limited company;seed:non resident landlord company
setting up a buy-to-let company,40,6.87,,form-now,seed:buy to let limited company;seed:non resident landlord company
setting up a buy to let company,40,6.87,,form-now,seed:buy to let limited company;seed:non resident landlord company
share of freehold management company,40,,,other,seed:buy to let limited company;seed:non resident landlord company
setting up limited company for rental property,40,2.76,,form-now,seed:buy to let limited company;seed:non resident landlord company
set up limited company for rental property,40,2.76,,form-now,seed:buy to let limited company;seed:non resident landlord company
landlord limited company,40,2.18,,other,seed:buy to let limited company;seed:non resident landlord company
set up a limited company for rental property,40,2.76,,form-now,seed:buy to let limited company;seed:non resident landlord company
limited company for landlords,40,2.18,,other,seed:buy to let limited company;seed:non resident landlord company
residential property management company,40,13.18,,other,seed:buy to let limited company;seed:non resident landlord company
private property management company,40,,,other,seed:buy to let limited company;seed:non resident landlord company
rent buying,40,5.4,,other,seed:buy to let limited company
claiming interest on rental property,40,,,other,seed:buy to let limited company
property lettings agency,40,5.24,,other,seed:buy to let limited company
property management letting,40,5.54,,other,seed:buy to let limited company
leasehold property interest,40,,,other,seed:buy to let limited company
residential property management firms,40,13.18,,other,seed:buy to let limited company
commercial rental property insurance,40,,,other,seed:buy to let limited company
housing association renting property,40,2.05,,other,seed:buy to let limited company
regulations for rented property,40,1.15,,other,seed:buy to let limited company
commercial insurance rental property,40,,,other,seed:buy to let limited company
lettings and property management,40,5.54,,other,seed:buy to let limited company
change tenants in common to joint tenants,40,2.47,,other,seed:buy to let limited company
commercial insurance for rental property,40,,,other,seed:buy to let limited company
file company tax return uk,40,28.08,,other,seed:property company tax
deed of trust property uk,40,12.05,,other,seed:transfer property to limited company
find property deed,40,3.09,,other,seed:transfer property to limited company
property deed copy,40,4.02,,other,seed:transfer property to limited company
council house tenancy transfer,40,,,other,seed:transfer property to limited company
gov uk tenants rights,40,0.88,,other,seed:transfer property to limited company
property sold subject to contract,40,,,other,seed:transfer property to limited company
reporting a landlord uk,40,3.59,,other,seed:transfer property to limited company
tenants rights uk mould,40,,,other,seed:transfer property to limited company
report a landlord uk,40,3.59,,other,seed:transfer property to limited company
cvs code,40,,,other,seed:sic code spv
swift code cib,40,,,other,seed:sic code spv
sac code,40,,,other,seed:sic code spv
cgp online code,40,,,other,seed:sic code spv
ssr code,40,,,other,seed:sic code spv
cip code,40,,,other,seed:sic code spv
sc code,40,,,other,seed:sic code spv
dc code,40,,,other,seed:sic code spv
swift code adcb,40,,,other,seed:sic code spv
cbc cpt code,40,,,other,seed:sic code spv
emis code,40,,,other,seed:sic code spv
icnarc code,40,,,other,seed:sic code spv
ic3 code,40,,,other,seed:sic code spv
uk ilr share code,40,,,other,seed:sic code spv
cib swift code,40,,,other,seed:sic code spv
corporate mortgage,40,8.47,,mortgages,seed:limited company mortgage
business loan brokers uk,40,26.84,,other,seed:limited company mortgage
best business bond rates,40,12.52,,other,seed:limited company mortgage
commercial business loan rates,40,13.77,,other,seed:limited company mortgage
company business loans,40,128.27,,other,seed:limited company mortgage
company business loan,40,128.27,,other,seed:limited company mortgage
business loan for company,40,128.27,,other,seed:limited company mortgage
santander closing help to buy isa,40,,,other,seed:limited company mortgage
dfcc fixed deposit rates,40,,,other,seed:limited company mortgage
notarisation uk,40,4.99,,other,seed:registered office
inter agency referral form hampshire,40,,,other,seed:registered office
consignee address,40,,,other,seed:registered office
home office referee declaration form,40,,,other,seed:registered office
home office statement of changes,40,,,other,seed:registered office
post licence priority service form,40,,,other,seed:registered office
contract address,40,,,other,seed:registered office
uk dif form,40,,,other,seed:registered office
statement of service form,40,,,other,seed:registered office
cgi company full form,40,,,other,seed:registered office
royal london adviser charge form,40,,,other,seed:registered office
gov uk et1 form,40,0.88,,other,seed:registered office
service level agreement example pdf,40,1.33,,other,seed:registered office
legal letter format uk,40,3.43,,other,seed:registered office
home office subject access request form,40,,,other,seed:registered office
oci document checklist for minor uk,40,,,other,seed:registered office
gov.uk limited company registration,40,31.92,,form-now,seed:registered office
home office letter uk,40,4.32,,other,seed:registered office
enduring power of attorney uk forms,40,3.72,,other,seed:registered office
company registration number uk format,40,,,form-now,seed:registered office
list forms,40,,,other,seed:registered office
patent list,40,1.96,,other,seed:registered office
home office statement,40,6.11,,other,seed:registered office
government service manual,40,,,other,seed:registered office
gov uk form e,40,,,other,seed:registered office
parent company guarantee template,40,2.24,,other,seed:registered office
form rr home office,40,,,other,seed:registered office
notary public list,40,2.84,,other,seed:registered office
www justice gov uk forms,40,,,other,seed:registered office
partnership register uk,40,1.38,,form-now,seed:registered office
nationwide change of address form,40,,,other,seed:registered office
landlord leasing,40,5.11,,other,seed:non resident landlord company
contract between landlord and tenant,40,2.9,,other,seed:non resident landlord company
buying property on company name,40,0.29,,other,seed:non resident landlord company
buy property with limited company,40,3.85,,other,seed:non resident landlord company
limited company to buy property,40,3.86,,other,seed:non resident landlord company
buying property with limited company,40,3.85,,other,seed:non resident landlord company
home rental created within a company crossword,40,,,other,seed:non resident landlord company
home rental created within a company crossword clue,40,,,other,seed:non resident landlord company
company for property investment,40,9.28,,other,seed:non resident landlord company
set up a company for property investment,40,10.42,,form-now,seed:non resident landlord company
set up a buy to let company,40,6.87,,form-now,seed:non resident landlord company
setting up a limited company for rental property,40,2.76,,form-now,seed:non resident landlord company
limited company capital gains tax on property,30,,,transfer-in,site:provestor.co.uk;site:uklandlordtax.co.uk
limited company tax allowance,30,2.87,,other,site:provestor.co.uk;site:uklandlordtax.co.uk
buy to let tax implications,30,,,other,site:getground.co.uk;site:provestor.co.uk
limited company corporation tax rates,30,,,run-the-company,site:provestor.co.uk;site:uklandlordtax.co.uk
buy to let rental income tax,30,,,other,site:getground.co.uk;site:provestor.co.uk
limited company property purchase stamp duty,30,,,transfer-in,site:provestor.co.uk;site:uklandlordtax.co.uk
limited company tax return deadline uk,30,0.14,,other,site:provestor.co.uk;site:uklandlordtax.co.uk
uk landlord tax return,30,5.31,,other,site:provestor.co.uk;site:uklandlordtax.co.uk
tax relief for limited companies,30,,,other,site:provestor.co.uk
your tax,30,,,other,site:provestor.co.uk
buy to let mortgage tax calculator,30,2.02,,mortgages,site:provestor.co.uk
switzerland property tax,30,,,other,site:provestor.co.uk
overseas property tax,30,3.52,,other,site:provestor.co.uk
property tax allowance,30,,,other,site:provestor.co.uk
online property tax,30,,,other,site:provestor.co.uk
germany property tax,30,,,other,site:provestor.co.uk
private investors for property,30,4.96,,other,site:provestor.co.uk
self pay tax,30,,,other,site:provestor.co.uk
property tax vs council tax,30,,,other,site:provestor.co.uk
non resident landlord tax returns,30,,,non-resident,site:provestor.co.uk;site:uklandlordtax.co.uk
property expert limited,30,,,other,site:provestor.co.uk
pay your self assessment tax bill online,30,4.23,,other,site:provestor.co.uk
tax guide ey,30,,,other,site:provestor.co.uk
tax guide 480,30,,,other,site:provestor.co.uk
small company accounts exemption,30,,,run-the-company,site:provestor.co.uk
making tax digital companies,30,0.86,,other,site:provestor.co.uk
company tax code,30,,,other,site:provestor.co.uk
tax calculator company,30,1.89,,tools,site:provestor.co.uk
help your tax,30,,,other,site:getground.co.uk;site:provestor.co.uk
property buying tax uk,30,0.73,,other,site:provestor.co.uk
property tax specialist uk,30,13.84,,other,site:provestor.co.uk
property tax ireland rates,30,,,other,site:provestor.co.uk
property tax payment jamaica,30,,,other,site:provestor.co.uk
tax free property allowance,30,,,other,site:provestor.co.uk
pay property tax jamaica,30,,,other,site:provestor.co.uk
property investors ireland,30,,,other,site:provestor.co.uk
property investors podcast,30,2.64,,other,site:provestor.co.uk
property investors news,30,,,other,site:provestor.co.uk
money saving expert tax code,30,,,other,site:provestor.co.uk
self assessment tax penalties,30,,,other,site:provestor.co.uk
us self employment tax,30,,,other,site:provestor.co.uk
council tax self-employed,30,,,other,site:provestor.co.uk
self assessment tax interest,30,,,other,site:provestor.co.uk
how much tax on a rental property,30,,,other,site:provestor.co.uk
holiday let tax rules uk,30,1.98,,other,site:provestor.co.uk
corporate tax guide ey,30,,,other,site:provestor.co.uk
french investment property,30,,,other,site:getground.co.uk
holiday let property for sale uk,30,2.26,,other,site:getground.co.uk
selling a buy to let property with tenants,30,15.12,,other,site:getground.co.uk
buy property netherlands,30,,,other,site:getground.co.uk
property for sale hull city centre,30,0.03,,other,site:getground.co.uk
property for sale london city centre,30,0.58,,other,site:getground.co.uk
how to buy property in greece,30,3.65,,other,site:getground.co.uk
property for sale in alicante city centre,30,1.19,,other,site:getground.co.uk
sell your property quick,30,68.03,,other,site:getground.co.uk
property to buy camden,30,0.1,,other,site:getground.co.uk
property for sale in can picafort mallorca,30,0.05,,other,site:getground.co.uk
all in one properties,30,6.6,,other,site:getground.co.uk
best greek islands to buy property,30,,,other,site:getground.co.uk
property for sale weston-on-the-green,30,,,other,site:getground.co.uk
investment tax deductions,30,,,other,site:getground.co.uk
the property experts plymouth,30,4.19,,other,site:getground.co.uk
property for sale cf31,30,,,other,site:getground.co.uk
property for sale crovie,30,0.02,,other,site:getground.co.uk
goodchilds property for sale,30,,,other,site:getground.co.uk
trivandrum property for sale,30,1.7,,other,site:getground.co.uk
property for sale lisbane,30,,,other,site:getground.co.uk
property for sale ln2,30,0.02,,other,site:getground.co.uk
property for sale g68,30,,,other,site:getground.co.uk
property for sale strasbourg,30,0.06,,other,site:getground.co.uk
property for sale ct4,30,0.03,,other,site:getground.co.uk
property for sale rh20,30,0.29,,other,site:getground.co.uk
antwerp property for sale,30,0.02,,other,site:getground.co.uk
leros property for sale,30,0.13,,other,site:getground.co.uk
property for sale sw8,30,0.08,,other,site:getground.co.uk
castles property for sale,30,1.17,,other,site:getground.co.uk
property for sale gu2,30,,,other,site:getground.co.uk
property for sale eh13,30,0.1,,other,site:getground.co.uk
bellagio property for sale,30,0.29,,other,site:getground.co.uk
property for sale liff,30,,,other,site:getground.co.uk
modern property for sale,30,1.05,,other,site:getground.co.uk
property for sale aosta,30,0.11,,other,site:getground.co.uk
property for sale tq9,30,,,other,site:getground.co.uk
bondi property for sale,30,3.13,,other,site:getground.co.uk
property for sale brest,30,0.81,,other,site:getground.co.uk
oudtshoorn property for sale,30,0.04,,other,site:getground.co.uk
property for sale pl31,30,,,other,site:getground.co.uk
stamp duty land tax non uk resident,30,,,transfer-in,site:uklandlordtax.co.uk
capital gains tax service,30,10.32,,transfer-in,site:uklandlordtax.co.uk
capital gains tax pages,30,,,transfer-in,site:uklandlordtax.co.uk
compare limited company buy to let mortgages,30,9.55,,mortgages,site:uklandlordtax.co.uk
best buy to let mortgage rates limited company,30,4.29,,mortgages,site:uklandlordtax.co.uk
limited company buy to let mortgage interest only,30,4.19,,mortgages,site:uklandlordtax.co.uk
report capital gains tax online,30,1.26,,transfer-in,site:uklandlordtax.co.uk
capital gains tax on farms,30,,,transfer-in,site:uklandlordtax.co.uk
capital gains tax accountants london,30,6.81,,transfer-in,site:uklandlordtax.co.uk
canadian tax non resident,30,,,non-resident,site:uklandlordtax.co.uk
capital gains tax allowance on property calculator,30,,,transfer-in,site:uklandlordtax.co.uk
uk inheritance tax for non domiciled non residents,30,,,other,site:uklandlordtax.co.uk
french inheritance tax on property,30,2.01,,other,site:uklandlordtax.co.uk
agricultural property relief inheritance tax,30,,,other,site:uklandlordtax.co.uk
buying second property stamp duty,30,0.62,,transfer-in,site:uklandlordtax.co.uk
uk inheritance tax non domiciled,30,,,other,site:uklandlordtax.co.uk
stamp duty land tax rent,30,,,transfer-in,site:uklandlordtax.co.uk
stamp duty rates non residential,30,,,transfer-in,site:uklandlordtax.co.uk
inheritance tax in france for non residents,30,2.03,,other,site:uklandlordtax.co.uk
capital gains tax calculator unit trusts,30,,,transfer-in,site:uklandlordtax.co.uk
capital gains tax transfers between spouses,30,,,transfer-in,site:uklandlordtax.co.uk
where to pay capital gains tax,30,,,transfer-in,site:uklandlordtax.co.uk
non uk resident tax rules,30,,,other,site:uklandlordtax.co.uk
non resident tax filing canada,30,5.26,,run-the-company,site:uklandlordtax.co.uk
capital gains tax calculator france,30,,,transfer-in,site:uklandlordtax.co.uk
stamp duty on commercial property scotland,30,,,transfer-in,site:uklandlordtax.co.uk
stamp duty refund on second property,30,,,transfer-in,site:uklandlordtax.co.uk
stamp duty land tax log in,30,,,transfer-in,site:uklandlordtax.co.uk
inheritance mortgage,30,19.77,,mortgages,site:uklandlordtax.co.uk
investment property stamp duty calculator,30,1.74,,transfer-in,site:uklandlordtax.co.uk
capital gains tax business asset disposal relief,30,,,transfer-in,site:uklandlordtax.co.uk
how many buy to let mortgages can you have,30,,,mortgages,site:uklandlordtax.co.uk
stamp duty 2004,30,,,transfer-in,site:uklandlordtax.co.uk
how to remortgage property,30,10.77,,other,site:uklandlordtax.co.uk
mortgages for holiday let properties,30,4.67,,mortgages,site:uklandlordtax.co.uk
first time landlord mortgage,30,1.22,,mortgages,site:uklandlordtax.co.uk
can a non resident get a mortgage in uk,30,,,mortgages,site:uklandlordtax.co.uk
nz resident for tax purposes,30,,,other,site:uklandlordtax.co.uk
stamp duty on commercial property calculator gov uk,30,,,transfer-in,site:uklandlordtax.co.uk
the right mortgage company,30,3.27,,mortgages,site:uklandlordtax.co.uk
inheritance tax brackets uk,30,,,other,site:uklandlordtax.co.uk
inheritance tax form online,30,2.69,,other,site:uklandlordtax.co.uk
iht421 inheritance tax form,30,,,other,site:uklandlordtax.co.uk
gov.uk inheritance tax forms,30,,,other,site:uklandlordtax.co.uk
inheritance tax annual allowance,30,,,other,site:uklandlordtax.co.uk
tax resident italy,30,7.77,,other,site:uklandlordtax.co.uk
office address for company registration,30,18.42,,form-now,site:propertyspv.co.uk
vat registered company for sale,30,2.61,,other,site:propertyspv.co.uk
process for company registration,30,23.47,,form-now,site:propertyspv.co.uk
setting up a spv limited company,30,18.12,,form-now,site:propertyspv.co.uk
company registration agents,30,,,form-now,site:propertyspv.co.uk
business registration service,30,15.43,,form-now,site:propertyspv.co.uk
change company ownership,30,3.91,,other,site:propertyspv.co.uk
company registration number eu,30,,,form-now,site:propertyspv.co.uk
company registration uk requirements,30,5.1,,form-now,site:propertyspv.co.uk
company registration number italy,30,,,form-now,site:propertyspv.co.uk
service company names,30,,,other,site:propertyspv.co.uk
how to buy a limited company,30,8.13,,other,site:propertyspv.co.uk
linkedin change company name,30,,,other,site:propertyspv.co.uk
download company registration certificate,30,3.93,,form-now,seed:registered office;site:propertyspv.co.uk
company registered office address,30,18.93,,run-the-company,site:propertyspv.co.uk
company incorporation online,30,8.1,,other,site:propertyspv.co.uk
change my limited company name,30,3.57,,other,site:propertyspv.co.uk
what is company type,30,,,other,site:propertyspv.co.uk
what is company resolution,30,,,other,site:propertyspv.co.uk
what is the difference between corporation and company,30,,,other,site:propertyspv.co.uk
how big is company,30,,,other,site:propertyspv.co.uk
how to research company,30,7.44,,other,site:propertyspv.co.uk
how ltd company works,30,1.02,,other,site:propertyspv.co.uk
change of name of company form,30,,,other,site:propertyspv.co.uk
register new company with hmrc,30,46.81,,form-now,site:propertyspv.co.uk
what is a commercial company,30,,,other,site:propertyspv.co.uk
what is a company resolution,30,,,other,site:propertyspv.co.uk
what is managed services company,30,,,other,site:propertyspv.co.uk
enterprise registration,30,,,form-now,site:propertyspv.co.uk
how to find a company,30,1.21,,other,site:propertyspv.co.uk
what is a professional services company,30,,,other,site:propertyspv.co.uk
peo company,30,133.93,,other,site:propertyspv.co.uk
barbados business registration,30,,,form-now,site:propertyspv.co.uk
how to start a software company,30,2.92,,other,site:propertyspv.co.uk
what is a president of a company,30,,,other,site:propertyspv.co.uk
process for striking off a company,30,1.95,,other,site:propertyspv.co.uk
fatca status for uk limited company,30,,,other,site:propertyspv.co.uk
now company,30,0.41,,other,site:propertyspv.co.uk
company standards,30,,,other,site:propertyspv.co.uk
basics company,30,1.33,,other,site:propertyspv.co.uk
company characteristics,30,,,other,site:propertyspv.co.uk
company proprietor,30,,,other,site:propertyspv.co.uk
company protocol,30,,,other,site:propertyspv.co.uk
company quality,30,4.51,,other,site:propertyspv.co.uk
pim company,30,,,other,site:propertyspv.co.uk
company note,30,,,other,site:propertyspv.co.uk
infor company,30,17.22,,other,site:propertyspv.co.uk
company is,30,,,other,site:propertyspv.co.uk
exit company,30,,,other,site:propertyspv.co.uk
company doc,30,,,other,site:propertyspv.co.uk
company characters,30,,,other,site:propertyspv.co.uk
tax-free childcare providers list,30,,,other,site:watsonknipe.co.uk
tax free childcare holiday clubs,30,,,other,site:watsonknipe.co.uk
ohio tax,30,,,other,site:watsonknipe.co.uk
vat records,30,,,other,site:watsonknipe.co.uk
tax assist plymouth,30,3.13,,other,site:watsonknipe.co.uk
tax laws in france,30,,,other,site:watsonknipe.co.uk
vat audit,30,28.98,,other,site:watsonknipe.co.uk
wards property reviews,30,,,other,seed:spv property
recent property sales in my area,30,1.31,,other,seed:spv property
fornells property for sale,30,0.16,,other,seed:spv property
commercial property west sussex,30,0.9,,other,seed:spv property
commercial property widnes,30,2.22,,other,seed:spv property
arc property reviews,30,,,other,seed:spv property
property twins,30,,,other,seed:spv property
buy to let property through limited company,30,2,,other,seed:buy to let limited company;seed:non resident landlord company
company buy to let,30,13.59,,other,seed:buy to let limited company;seed:non resident landlord company
buy-to let property management,30,,,other,seed:buy to let limited company
buy to let property management,30,,,other,seed:buy to let limited company
buy-to-let property management,30,,,other,seed:buy to let limited company
buy-to-let management company,30,6.42,,other,seed:buy to let limited company;seed:non resident landlord company
buy to let management company,30,6.42,,other,seed:buy to let limited company;seed:non resident landlord company
company for buy to let,30,13.59,,other,seed:buy to let limited company;seed:non resident landlord company
property from landlord to rent,30,0.77,,other,seed:buy to let limited company;seed:non resident landlord company
transfer rental property to limited company,30,5.32,,transfer-in,seed:buy to let limited company;seed:non resident landlord company
selling property to limited company,30,7.16,,other,seed:buy to let limited company;seed:non resident landlord company
property rental history,30,0.45,,other,seed:buy to let limited company
leaseholder right to manage,30,11.64,,other,seed:buy to let limited company
leasehold right to manage,30,4.5,,other,seed:buy to let limited company
rental history of a property,30,,,other,seed:buy to let limited company
what is a holding fee for a rental property,30,,,other,seed:buy to let limited company
company let tenancy agreement,30,3.68,,other,seed:buy to let limited company;seed:non resident landlord company
inter let property management,30,,,other,seed:buy to let limited company
limited company landlords,30,,,other,seed:buy to let limited company;seed:non resident landlord company
limited company landlord,30,,,other,seed:buy to let limited company;seed:non resident landlord company
buying a property with sitting tenants,30,3.95,,other,seed:buy to let limited company
short-let management company,30,15.09,,other,seed:buy to let limited company;seed:non resident landlord company
property management company accounts,30,22.93,,run-the-company,seed:buy to let limited company;seed:non resident landlord company
setting up a company for rental property,30,11.47,,form-now,seed:buy to let limited company;seed:non resident landlord company
longlease property management,30,,,other,seed:buy to let limited company
property management group,30,2.85,,other,seed:buy to let limited company
freehold company,30,,,other,seed:buy to let limited company;seed:non resident landlord company
property manager for rental property,30,,,other,seed:buy to let limited company
sale of rental property,30,11.13,,other,seed:buy to let limited company
equity release on rental property,30,36.61,,other,seed:buy to let limited company
letting property agency,30,4.22,,other,seed:buy to let limited company
landlord rental property,30,2.39,,other,seed:buy to let limited company;seed:non resident landlord company
rental property llc,30,,,other,seed:buy to let limited company
llc rental property,30,,,other,seed:buy to let limited company
reliant property management,30,,,other,seed:buy to let limited company
landlord property rent,30,2.39,,other,seed:buy to let limited company;seed:non resident landlord company
leasing property business,30,8.91,,other,seed:buy to let limited company
private landlord responsibilities uk,30,2.75,,other,seed:buy to let limited company;seed:non resident landlord company
maintenance for rental property,30,,,other,seed:buy to let limited company
rental return on property,30,,,other,seed:buy to let limited company
renting a property landlord,30,2.39,,other,seed:buy to let limited company;seed:non resident landlord company
maintenance of rental property,30,,,other,seed:buy to let limited company
rent property from landlord,30,2.39,,other,seed:buy to let limited company;seed:non resident landlord company
property tenants in common,30,1.81,,other,seed:buy to let limited company
maintenance of rented property,30,,,other,seed:buy to let limited company
rental property and llc,30,,,other,seed:buy to let limited company
long lease property management,30,,,other,seed:buy to let limited company
returns on rental property,30,,,other,seed:buy to let limited company
tenants in common property,30,1.81,,other,seed:buy to let limited company
rental property management groups,30,,,other,seed:buy to let limited company
llc for rental property,30,,,other,seed:buy to let limited company
ltd company landlord,30,,,other,seed:buy to let limited company;seed:non resident landlord company
rent collection company,30,10.93,,other,seed:buy to let limited company;seed:non resident landlord company
house management company,30,13.13,,other,seed:buy to let limited company;seed:non resident landlord company
form llc for rental property,30,,,other,seed:buy to let limited company
llc for a rental property,30,,,other,seed:buy to let limited company
forming llc for rental property,30,,,other,seed:buy to let limited company
property management for rental properties,30,,,other,seed:buy to let limited company
management company for houses,30,13.13,,other,seed:buy to let limited company;seed:non resident landlord company
form an llc for rental property,30,,,other,seed:buy to let limited company
residential property finance costs tax return,30,,,other,seed:property company tax
property transfer order,30,,,other,seed:transfer property to limited company
deed of assignment hmrc,30,,,other,seed:transfer property to limited company
hmrc deed of assignment,30,,,other,seed:transfer property to limited company
deed of variation leasehold property,30,,,other,seed:transfer property to limited company
property purchase agreement,30,3.49,,other,seed:transfer property to limited company
unilateral notice on property,30,,,other,seed:transfer property to limited company
application for transfer of tenancy,30,,,other,seed:transfer property to limited company
deed of assignment of property,30,,,other,seed:transfer property to limited company
landlord notice to enter property,30,0.04,,other,seed:transfer property to limited company
landlord duty of care to tenants,30,1.72,,other,seed:transfer property to limited company
property renter crossword,30,,,other,seed:transfer property to limited company
transfer of tenancy agreement,30,,,other,seed:transfer property to limited company
notice of transfer leasehold,30,,,other,seed:transfer property to limited company
leasehold notice of transfer,30,,,other,seed:transfer property to limited company
remove tenant from property,30,3.33,,other,seed:transfer property to limited company
removing tenants from property,30,3.33,,other,seed:transfer property to limited company
deed of assignment property,30,,,other,seed:transfer property to limited company
lease transfer to new owner,30,0.97,,other,seed:transfer property to limited company
deed of assignment for property,30,,,other,seed:transfer property to limited company
notice for landlord to enter property,30,0.04,,other,seed:transfer property to limited company
legal notice period for tenants uk,30,0.49,,other,seed:transfer property to limited company
how to find out the owner of a rental property,30,1.42,,other,seed:transfer property to limited company
sscc code,30,,,other,seed:sic code spv
ocbc swift code,30,,,other,seed:sic code spv
cbe swift code,30,,,other,seed:sic code spv
pvc code,30,,,other,seed:sic code spv
pcc code,30,,,other,seed:sic code spv
stc code,30,,,other,seed:sic code spv
ccg code,30,,,other,seed:sic code spv
ccjs code,30,,,other,seed:sic code spv
cpd code,30,,,other,seed:sic code spv
ccsd code finder,30,2.92,,other,seed:sic code spv
tfc code,30,,,other,seed:sic code spv
code copyright,30,,,other,seed:sic code spv
cpr.group code,30,,,other,seed:sic code spv
p11dc code,30,,,other,seed:sic code spv
swift code capitec,30,,,other,seed:sic code spv
epc code vw,30,,,other,seed:sic code spv
ic2 code,30,,,other,seed:sic code spv
isin code list,30,,,other,seed:sic code spv
cdg icao code,30,,,other,seed:sic code spv
sic code naics,30,,,other,seed:sic code spv
bic code ing,30,,,other,seed:sic code spv
sic codes naics,30,,,other,seed:sic code spv
isced code,30,,,other,seed:sic code spv
ic6 code,30,,,other,seed:sic code spv
sid code,30,,,other,seed:sic code spv
imo imdg code,30,1.49,,other,seed:sic code spv
international access code,30,,,other,seed:sic code spv
icao code lookup,30,,,other,seed:sic code spv
idd code,30,,,other,seed:sic code spv
code icc,30,,,other,seed:sic code spv
ici code,30,,,other,seed:sic code spv
icao code search,30,,,other,seed:sic code spv
ic code uk,30,,,other,seed:sic code spv
small business loan to buy a business,30,,,other,seed:limited company mortgage
small business loans to buy a business,30,,,other,seed:limited company mortgage
commercial mortgages for new businesses,30,36.56,,mortgages,seed:limited company mortgage
hsbc start-up business loan,30,6.6,,other,seed:limited company mortgage
get a business mortgage,30,11.03,,mortgages,seed:limited company mortgage
interest only business mortgage,30,14.05,,mortgages,seed:limited company mortgage
company refinance,30,7.53,,other,seed:limited company mortgage
company refinancing,30,7.53,,other,seed:limited company mortgage
commercial mortgage for new business,30,36.56,,mortgages,seed:limited company mortgage
roof company financing,30,,,other,seed:limited company mortgage
refinancing a company,30,7.53,,other,seed:limited company mortgage
business purchase loan calculator,30,5.26,,tools,seed:limited company mortgage
how to finance business purchase,30,12.85,,other,seed:limited company mortgage
business loan for start up company,30,13.23,,other,seed:limited company mortgage
help to buy loan login,30,,,other,seed:limited company mortgage
help to buy isa best rates,30,1,,other,seed:limited company mortgage
how to buy us bonds,30,,,other,seed:limited company mortgage
personal loan to buy a business,30,23.47,,other,seed:limited company mortgage
santander interest rates for existing customers,30,5.02,,mortgages,seed:limited company mortgage
government bonds where to buy,30,3.31,,other,seed:limited company mortgage
martin lewis savings interest rates,30,0.44,,mortgages,seed:limited company mortgage
buy to let interest,30,2.15,,other,seed:limited company mortgage
ing term deposit rates,30,,,other,seed:limited company mortgage
request company authentication code to registered office,30,,,run-the-company,seed:registered office
directors service agreement template,30,6.89,,other,seed:registered office
form to close a limited company,30,,,other,seed:registered office
dormant company form,30,,,other,seed:registered office
jury service expenses claim form,30,,,other,seed:registered office
uk referee declaration form,30,,,other,seed:registered office
dubai address format,30,,,other,seed:registered office
company registry forms,30,,,other,seed:registered office
home office status letter,30,,,other,seed:registered office
adoption form uk,30,1.94,,other,seed:registered office
deferment approval number uk,30,,,other,seed:registered office
home office travel document application,30,,,other,seed:registered office
dpd uk contact form,30,,,other,seed:registered office
gov uk accessibility statement,30,,,other,seed:registered office
home office check application status,30,,,other,seed:registered office
court funds office form 200,30,,,other,seed:registered office
lloyds change of address form pdf,30,,,other,seed:registered office
dpd contact form uk,30,,,other,seed:registered office
letter of authorisation template uk,30,,,other,seed:registered office
example of a public service announcement,30,,,other,seed:registered office
slc refund request form gov uk,30,,,other,seed:registered office
oci declaration form for minor uk,30,,,other,seed:registered office
section 3 notice template gov uk pdf,30,,,other,seed:registered office
worker and temporary worker priority service request form,30,4.83,,other,seed:registered office
confirmation statement limited company,30,2.14,,run-the-company,seed:registered office
w8 form uk company,30,,,other,seed:registered office
uk company letterhead requirements,30,,,other,seed:registered office
home office travel document address,30,,,other,seed:registered office
service level agreement template uk,30,1.74,,other,seed:registered office
change of directors form,30,,,other,seed:registered office
uk sponsor letter,30,3.67,,other,seed:registered office
registered carers card,30,2.34,,other,seed:registered office
agency contract template,30,1.43,,other,seed:registered office
agency agreement template,30,1.43,,other,seed:registered office
uk home office subject access request,30,,,other,seed:registered office
office register,30,11.23,,form-now,seed:registered office
jury service expenses claim form uk,30,,,other,seed:registered office
horse passport agency form,30,,,other,seed:registered office
dvla appeal address,30,,,other,seed:registered office
free printable power of attorney forms,30,1.46,,other,seed:registered office
limited power of attorney form,30,4.28,,other,seed:registered office
corporate landlord model,30,,,other,seed:non resident landlord company
portfolio landlord definition,30,3.02,,other,seed:non resident landlord company
institutional landlord,30,,,other,seed:non resident landlord company
private landlord obligations,30,2.27,,other,seed:non resident landlord company
private landlord responsibilities,30,2.27,,other,seed:non resident landlord company
landlord property for rent,30,2.39,,other,seed:non resident landlord company
apartment rent company,30,6.51,,other,seed:non resident landlord company
buying commercial property through limited company,30,10.84,,other,seed:non resident landlord company
why have a holding company,30,,,other,seed:non resident landlord company
register a holding company,30,14.32,,form-now,seed:non resident landlord company
why set up a holding company,30,,,form-now,seed:non resident landlord company
landlord renting property,30,2.39,,other,seed:non resident landlord company
buy-to let management company,30,6.42,,other,seed:non resident landlord company
buying a commercial property through a limited company,30,10.84,,other,seed:non resident landlord company
landlord tax self assessment,20,1.75,,other,site:provestor.co.uk;site:uklandlordtax.co.uk
self employed limited company tax calculator,20,8.85,,tools,site:provestor.co.uk;site:uklandlordtax.co.uk
paying tax for limited company,20,0.54,,other,site:provestor.co.uk;site:uklandlordtax.co.uk
buy to let property tax relief,20,0.04,,other,site:provestor.co.uk
limited company tax explained,20,,,other,site:provestor.co.uk;site:uklandlordtax.co.uk
tax self assessment guide,20,5.43,,other,site:provestor.co.uk
tax when selling a buy to let property,20,1.61,,other,site:getground.co.uk;site:provestor.co.uk
tax relief for landlords uk,20,0.04,,other,site:provestor.co.uk;site:uklandlordtax.co.uk
buy-to-let tax accountants,20,,,other,site:getground.co.uk;site:provestor.co.uk
buy to let tax uk,20,,,other,site:getground.co.uk;site:provestor.co.uk
buy to let scotland tax,20,,,other,site:getground.co.uk;site:provestor.co.uk
closing a limited company tax,20,4.99,,other,site:provestor.co.uk;site:uklandlordtax.co.uk
limited company income tax calculator,20,3.72,,tools,site:provestor.co.uk;site:uklandlordtax.co.uk
making tax digital self-employed date,20,,,other,site:provestor.co.uk
self assessment tax return rental property,20,1.92,,other,site:provestor.co.uk
us tax terms,20,,,other,site:provestor.co.uk
rental income tax calculator limited company,20,,,tools,site:provestor.co.uk;site:uklandlordtax.co.uk
tax on rental income limited company,20,,,other,site:provestor.co.uk;site:uklandlordtax.co.uk
uk landlord tax deductions,20,,,other,site:provestor.co.uk;site:uklandlordtax.co.uk
hmrc landlord tax return,20,1.05,,other,site:provestor.co.uk;site:uklandlordtax.co.uk
overseas landlord tax form,20,,,non-resident,site:provestor.co.uk;site:uklandlordtax.co.uk
landlord income tax uk,20,,,other,site:provestor.co.uk;site:uklandlordtax.co.uk
self-employed ltd company tax calculator,20,8.85,,tools,site:provestor.co.uk
self employed but company pays tax,20,,,other,site:provestor.co.uk
property sale and income tax,20,,,other,site:getground.co.uk;site:provestor.co.uk
tax changes for limited companies,20,,,other,site:provestor.co.uk
tax limit for self employed,20,1.08,,other,site:provestor.co.uk
tax advice for self-employed,20,6.03,,other,site:provestor.co.uk
business property tax,20,,,other,site:provestor.co.uk
netherlands property tax,20,,,other,site:provestor.co.uk
personal property tax,20,,,other,site:provestor.co.uk
explain property tax,20,,,other,site:provestor.co.uk
multiple property tax,20,,,other,site:provestor.co.uk
nmmc property tax,20,,,other,site:provestor.co.uk
tax property payment,20,,,other,site:provestor.co.uk
tax terms in usa,20,,,other,site:provestor.co.uk
tax self certification,20,,,other,site:provestor.co.uk
how to pay income tax for self-employed,20,4.65,,other,site:provestor.co.uk
deloitte tax guide,20,,,other,site:provestor.co.uk
uk tax guide,20,1.78,,other,site:provestor.co.uk
deductible expenses for landlords,20,,,other,site:provestor.co.uk
making tax digital api,20,0.81,,other,site:provestor.co.uk
making tax digital iris,20,53.7,,other,site:provestor.co.uk
tax company usa,20,,,other,site:provestor.co.uk
company tax relief,20,23.16,,other,site:provestor.co.uk
check company tax,20,,,other,site:provestor.co.uk
company tax vs personal tax,20,,,decide,site:provestor.co.uk
buy to let mortgage tax relief calculator,20,,,mortgages,site:provestor.co.uk
threshold for self assessment tax return,20,,,other,site:provestor.co.uk
how to submit company tax return,20,17.9,,other,site:provestor.co.uk
property tax advice uk,20,5.28,,other,site:provestor.co.uk
tax on vacant property,20,,,other,site:provestor.co.uk
tax return uk property,20,,,other,site:provestor.co.uk
property tax pay bill,20,,,other,site:provestor.co.uk
mcd online property tax,20,,,other,site:provestor.co.uk
new zealand property tax,20,,,other,site:provestor.co.uk
property tax online india,20,,,other,site:provestor.co.uk
online pcmc property tax,20,,,other,site:provestor.co.uk
property tax france foreigners,20,2.17,,other,site:provestor.co.uk
example of property tax,20,,,other,site:provestor.co.uk
nz property investors,20,,,other,site:provestor.co.uk
rachel reeves tax on landlords,20,,,other,site:provestor.co.uk
self-employed musician tax,20,,,other,site:provestor.co.uk
self-employed tax ireland,20,,,other,site:provestor.co.uk
underpaid tax self assessment,20,,,other,site:provestor.co.uk
self employed tax back,20,,,other,site:provestor.co.uk
spain self employed tax,20,,,other,site:provestor.co.uk
self-employed tax scotland,20,5.67,,other,site:provestor.co.uk
tax self assessment address,20,3.3,,other,site:provestor.co.uk
tax residency self-certification,20,,,other,site:provestor.co.uk
self assessment tax advice,20,8.55,,other,site:provestor.co.uk
self-employed tax advice,20,6.03,,other,site:provestor.co.uk
how to pay jamaica property tax online,20,,,other,site:provestor.co.uk
private limited company taxes,20,,,other,site:provestor.co.uk
vat return limited company,20,101.26,,other,site:provestor.co.uk
private limited company taxation,20,,,other,site:provestor.co.uk
holiday let council tax wales,20,,,other,site:provestor.co.uk
how to pay my tax self employed,20,0.43,,other,site:provestor.co.uk
pwc worldwide tax guide,20,,,other,site:provestor.co.uk
pwc international tax guide,20,,,other,site:provestor.co.uk
hmrc tax return guide,20,,,other,site:provestor.co.uk
buy-to let property ireland,20,,,other,site:getground.co.uk
buy to let property in france,20,1.56,,other,site:getground.co.uk
buy property for 1,20,2.13,,other,site:getground.co.uk
goole property centre,20,,,other,site:getground.co.uk
can you buy property in bali,20,0.45,,other,site:getground.co.uk
investment property in greece,20,,,other,site:getground.co.uk
new build investment property,20,5.24,,other,site:getground.co.uk
buy property orlando,20,1.3,,other,site:getground.co.uk
buy property bahamas,20,2.19,,other,site:getground.co.uk
buy property denmark,20,,,other,site:getground.co.uk
buy property athens,20,6.9,,other,site:getground.co.uk
property for sale dublin city centre,20,,,other,site:getground.co.uk
can i buy a property in jersey,20,0.12,,other,site:getground.co.uk
how to buy property in cyprus,20,2.28,,other,site:getground.co.uk
residential buy to let,20,,,other,site:getground.co.uk
selling buy to let,20,23.17,,other,site:getground.co.uk
re/max property centre,20,,,other,site:getground.co.uk
property for sale in chichester city centre,20,,,other,site:getground.co.uk
buy property in limassol,20,1.7,,other,site:getground.co.uk
buy property in bahrain,20,0.24,,other,site:getground.co.uk
buy tenanted property uk,20,5.5,,other,site:getground.co.uk
property one real estate,20,,,other,site:getground.co.uk
best buy to let properties,20,5.35,,other,site:getground.co.uk
rightmove buy to let properties,20,0.59,,other,site:getground.co.uk
buy-to-let new build,20,7.37,,other,site:getground.co.uk
help to buy properties search,20,,,other,site:getground.co.uk
holland and odam property for sale,20,0.04,,other,site:getground.co.uk
buy your next home,20,,,other,site:getground.co.uk
where to buy property overseas,20,0.97,,other,site:getground.co.uk
where to buy property uk,20,,,other,site:getground.co.uk
buy property below market value,20,2.37,,other,site:getground.co.uk
the property duo,20,5.54,,other,site:getground.co.uk
property for 200k,20,0.32,,other,site:getground.co.uk
best buy-to-let properties uk,20,9.05,,other,site:getground.co.uk
let to buy houses near me,20,1.89,,other,site:getground.co.uk
how to buy and sell properties,20,1.84,,other,site:getground.co.uk
sold house but can t find one to buy,20,,,other,site:getground.co.uk
deferred tax on revaluation of investment property,20,,,other,site:getground.co.uk
masson and glennie property for sale peterhead,20,3.19,,other,site:getground.co.uk
property for sale near the coast uk,20,2.25,,other,site:getground.co.uk
cheap property for sale in the canaries,20,0.34,,other,site:getground.co.uk
the avenue estate agents property for sale,20,,,other,site:getground.co.uk
property for sale penpont,20,,,other,site:getground.co.uk
property for sale rh13,20,,,other,site:getground.co.uk
hospital property for sale,20,0.17,,other,site:getground.co.uk
property for sale nn6,20,0.02,,other,site:getground.co.uk
property for sale sa8,20,0.14,,other,site:getground.co.uk
property for sale online,20,,,other,site:getground.co.uk
property for sale eh52,20,0.02,,other,site:getground.co.uk
placebuzz property for sale,20,,,other,site:getground.co.uk
property for sale np11,20,,,other,site:getground.co.uk
property for sale bh22,20,,,other,site:getground.co.uk
property for sale g62,20,,,other,site:getground.co.uk
property for sale rh17,20,,,other,site:getground.co.uk
elba property for sale,20,0.14,,other,site:getground.co.uk
property for sale ub4,20,0.22,,other,site:getground.co.uk
property for sale wr4,20,,,other,site:getground.co.uk
property for sale rhynie,20,,,other,site:getground.co.uk
salerno property for sale,20,0.02,,other,site:getground.co.uk
s1 property for sale,20,,,other,site:getground.co.uk
property for sale po20,20,0.06,,other,site:getground.co.uk
property for sale bt18,20,,,other,site:getground.co.uk
property for sale klosters,20,0.36,,other,site:getground.co.uk
property for sale inverallochy,20,,,other,site:getground.co.uk
property for sale inverkeilor,20,,,other,site:getground.co.uk
penhill property for sale,20,0.69,,other,site:getground.co.uk
vebra.com property for sale,20,1.71,,other,site:getground.co.uk
property for sale tempo,20,,,other,site:getground.co.uk
property for sale prinsted,20,,,other,site:getground.co.uk
property for sale pl3,20,,,other,site:getground.co.uk
limited company property mortgages,20,12.09,,mortgages,site:uklandlordtax.co.uk
stamp duty vs property tax,20,,,transfer-in,site:uklandlordtax.co.uk
report capital gains tax on property,20,,,transfer-in,site:uklandlordtax.co.uk;site:watsonknipe.co.uk
business property relief capital gains tax,20,,,transfer-in,site:uklandlordtax.co.uk
stamp duty threshold on buy to let,20,,,transfer-in,site:uklandlordtax.co.uk
council tax and stamp duty,20,,,transfer-in,site:uklandlordtax.co.uk
capital gains tax courses,20,,,transfer-in,site:uklandlordtax.co.uk
hsbc buy to let mortgage for limited company calculator,20,,,mortgages,site:uklandlordtax.co.uk
buy to let mortgage broker limited company,20,25.35,,mortgages,site:uklandlordtax.co.uk
limited company buy to let mortgage criteria,20,3.52,,mortgages,site:uklandlordtax.co.uk
divorce settlements and capital gains tax,20,,,transfer-in,site:uklandlordtax.co.uk
converting residential mortgage to buy-to-let stamp duty,20,2.73,,transfer-in,site:uklandlordtax.co.uk
capital gains tax rate for estates,20,,,transfer-in,site:uklandlordtax.co.uk
income tax for non resident,20,,,non-resident,site:uklandlordtax.co.uk
capital gains tax on buy-to-let property calculator uk,20,,,transfer-in,site:uklandlordtax.co.uk
estate capital gains tax allowance,20,,,transfer-in,site:uklandlordtax.co.uk
capital gains tax divorce settlement,20,,,transfer-in,site:uklandlordtax.co.uk
non resident mortgages ireland,20,2.1,,mortgages,site:uklandlordtax.co.uk
second home stamp duty england,20,,,transfer-in,site:uklandlordtax.co.uk
non resident tax portugal,20,18.47,,non-resident,site:uklandlordtax.co.uk
france non resident tax,20,0.88,,non-resident,site:uklandlordtax.co.uk
non resident indian tax,20,,,non-resident,site:uklandlordtax.co.uk
penalty for not declaring capital gains tax,20,,,transfer-in,site:uklandlordtax.co.uk
tax for non resident in usa,20,0.81,,non-resident,site:uklandlordtax.co.uk
uk non resident landlord tax,20,,,non-resident,site:uklandlordtax.co.uk
non-domiciled non-resident uk tax,20,,,non-resident,site:uklandlordtax.co.uk
stamp duty land tax for second homes,20,,,transfer-in,site:uklandlordtax.co.uk
can a limited company get a buy to let mortgage,20,1.37,,mortgages,site:uklandlordtax.co.uk
capital gains tax expert near me,20,4.96,,transfer-in,site:uklandlordtax.co.uk
capital gains tax 36 month rule,20,,,transfer-in,site:uklandlordtax.co.uk
capital gains tax allowance 2015/16,20,,,transfer-in,site:uklandlordtax.co.uk
capital gains tax on £500 000,20,,,transfer-in,site:uklandlordtax.co.uk
capital gains tax uk 25/26,20,,,transfer-in,site:uklandlordtax.co.uk
capital gains tax allowance 2021/22,20,,,transfer-in,site:uklandlordtax.co.uk
file a capital gains tax return,20,,,transfer-in,site:uklandlordtax.co.uk
holiday let stamp duty calculator,20,13.94,,transfer-in,site:uklandlordtax.co.uk
withholding tax canada non resident,20,,,non-resident,site:uklandlordtax.co.uk
non resident withholding tax australia,20,,,non-resident,site:uklandlordtax.co.uk
non resident wealth tax spain,20,,,non-resident,site:uklandlordtax.co.uk
canada capital gains tax calculator,20,,,transfer-in,site:uklandlordtax.co.uk
calculate capital gains tax rate,20,,,transfer-in,site:uklandlordtax.co.uk
capital gains tax rate calculator,20,,,transfer-in,site:uklandlordtax.co.uk
buy to let mortgage capital repayment,20,2.11,,mortgages,site:uklandlordtax.co.uk
buy to let property mortgage calculator,20,2.06,,mortgages,site:uklandlordtax.co.uk
stamp duty on semi commercial property,20,,,transfer-in,site:uklandlordtax.co.uk
are mortgage payments tax deductible for rental property,20,,,mortgages,site:uklandlordtax.co.uk
can you get a mortgage with a limited company,20,4.07,,mortgages,site:uklandlordtax.co.uk
stamp duty land tax calculator scotland,20,,,transfer-in,site:uklandlordtax.co.uk
personal gains tax,20,,,other,site:uklandlordtax.co.uk
company buy to let mortgage calculator,20,3.61,,mortgages,site:uklandlordtax.co.uk
property tax in france for non residents,20,2.6,,other,site:uklandlordtax.co.uk
capital gains tax on gifts of cash,20,,,transfer-in,site:uklandlordtax.co.uk
irs inheritance tax,20,,,other,site:uklandlordtax.co.uk
inheritance tax table,20,0.84,,other,site:uklandlordtax.co.uk
how to get a mortgage with a limited company,20,5.97,,mortgages,site:uklandlordtax.co.uk
capital gains tax calculator on sale of property uk,20,1.68,,transfer-in,site:uklandlordtax.co.uk
what are the buy to let mortgage rates,20,3.89,,mortgages,site:uklandlordtax.co.uk
stamp duty 2018,20,,,transfer-in,site:uklandlordtax.co.uk
stamp duty deduction,20,,,transfer-in,site:uklandlordtax.co.uk
downsizing stamp duty,20,,,transfer-in,site:uklandlordtax.co.uk
stamp duty 2019,20,,,transfer-in,site:uklandlordtax.co.uk
can you sell mortgaged property,20,,,other,site:uklandlordtax.co.uk
professional landlord mortgages,20,,,mortgages,site:uklandlordtax.co.uk
how to get mortgage for property abroad,20,6.53,,mortgages,site:uklandlordtax.co.uk
how to qualify for buy to let mortgage,20,2.61,,mortgages,site:uklandlordtax.co.uk
buy to let mortgage on property already owned,20,15.05,,mortgages,site:uklandlordtax.co.uk
can i remortgage a buy to let property,20,7.5,,other,site:uklandlordtax.co.uk
buy-to-let mortgage on property already owned,20,15.05,,mortgages,site:uklandlordtax.co.uk
buy to let mortgage stamp duty calculator,20,,,transfer-in,site:uklandlordtax.co.uk
property survey for mortgage,20,,,mortgages,site:uklandlordtax.co.uk
mortgage for vacation property,20,,,mortgages,site:uklandlordtax.co.uk
tax overview for mortgage,20,,,mortgages,site:uklandlordtax.co.uk
tax on uk resident beneficiaries of non-resident trusts,20,,,non-resident,site:uklandlordtax.co.uk
how to get a mortgage for overseas property,20,6.53,,mortgages,site:uklandlordtax.co.uk
live in landlord mortgage,20,,,mortgages,site:uklandlordtax.co.uk
tax advantages of interest-only buy-to let mortgage,20,,,decide,site:uklandlordtax.co.uk
inheritance tax in spain for residents,20,1.91,,other,site:uklandlordtax.co.uk
canadian resident for tax purposes,20,,,other,site:uklandlordtax.co.uk
resident for tax purposes test,20,,,other,site:uklandlordtax.co.uk
the mortgage trading company,20,,,mortgages,site:uklandlordtax.co.uk
the trusted mortgage company,20,,,mortgages,site:uklandlordtax.co.uk
inheritance tax helpline uk,20,,,other,site:uklandlordtax.co.uk
foreign inheritance tax uk,20,,,other,site:uklandlordtax.co.uk
uk domicile inheritance tax,20,,,other,site:uklandlordtax.co.uk
inheritance tax form 205,20,,,other,site:uklandlordtax.co.uk
spanish inheritance tax rate,20,,,other,site:uklandlordtax.co.uk
labour budget inheritance tax,20,,,other,site:uklandlordtax.co.uk
excess income inheritance tax,20,,,other,site:uklandlordtax.co.uk
change company director address,20,,,other,site:propertyspv.co.uk
company registration for startup,20,139.09,,form-now,site:propertyspv.co.uk
company registration package,20,31.36,,form-now,site:propertyspv.co.uk
company registration information,20,,,form-now,site:propertyspv.co.uk
company registration code,20,,,form-now,site:propertyspv.co.uk
zurich company registration,20,,,form-now,site:propertyspv.co.uk
business company registration,20,67.76,,form-now,site:propertyspv.co.uk
company registration lebanon,20,,,form-now,site:propertyspv.co.uk
company registration zimbabwe,20,,,form-now,site:propertyspv.co.uk
what is a company registration document,20,,,form-now,site:propertyspv.co.uk
company registration office england,20,,,form-now,site:propertyspv.co.uk
company registration number france,20,,,form-now,site:propertyspv.co.uk
company registration number meaning,20,,,form-now,site:propertyspv.co.uk
knowing your company,20,23.05,,other,site:propertyspv.co.uk
incorporating your company,20,,,form-now,site:propertyspv.co.uk
setup your company,20,,,form-now,site:propertyspv.co.uk
find a name for your company,20,7.18,,other,site:propertyspv.co.uk
change company name resolution,20,,,other,site:propertyspv.co.uk
documents required company registration,20,,,form-now,site:propertyspv.co.uk
company registration number in spain,20,,,form-now,site:propertyspv.co.uk
company name change procedure,20,,,other,site:propertyspv.co.uk
form a company online,20,102.46,,form-now,site:propertyspv.co.uk
what are the different types of company,20,,,other,site:propertyspv.co.uk
what is the purpose of a company,20,,,other,site:propertyspv.co.uk
change of registered office of company,20,7.02,,run-the-company,site:propertyspv.co.uk
change from sole trader to company,20,,,other,site:propertyspv.co.uk
special resolution to change company name,20,,,other,site:propertyspv.co.uk
what is company formation,20,,,other,site:propertyspv.co.uk
find registered company address,20,5.84,,other,site:propertyspv.co.uk
set up your own limited company,20,,,form-now,site:propertyspv.co.uk
what is the ceo role in a company,20,,,other,site:propertyspv.co.uk
how to run company,20,,,other,site:propertyspv.co.uk
register a new company online,20,14.53,,form-now,site:propertyspv.co.uk
move property to limited company,20,,,other,seed:transfer property to limited company;site:propertyspv.co.uk
the knowledge creating company,20,0.32,,other,site:propertyspv.co.uk
professional name for company,20,1.88,,other,site:propertyspv.co.uk
search for company abn,20,,,other,site:propertyspv.co.uk
what makes a company corporate,20,,,other,site:propertyspv.co.uk
firm registration,20,,,form-now,site:propertyspv.co.uk
how to restructuring a company,20,8.07,,other,site:propertyspv.co.uk
how to start engineering company,20,,,other,site:propertyspv.co.uk
how to build a company,20,20.69,,other,site:propertyspv.co.uk
requirement for registering a company,20,10.88,,other,site:propertyspv.co.uk
another word for established company,20,,,other,site:propertyspv.co.uk
business registration usa,20,4.24,,form-now,site:propertyspv.co.uk
business registration jamaica,20,,,form-now,site:propertyspv.co.uk
alberta business registration,20,15.94,,form-now,site:propertyspv.co.uk
cac business registration,20,6.77,,form-now,site:propertyspv.co.uk
rics firm registration,20,,,form-now,site:propertyspv.co.uk
how to create a startup company,20,,,other,site:propertyspv.co.uk
how to start an agency company,20,11.34,,other,site:propertyspv.co.uk
how to put company into administration,20,14.42,,other,site:propertyspv.co.uk
how to open a new company,20,58.26,,form-now,site:propertyspv.co.uk
how to be a company director,20,2.13,,other,site:propertyspv.co.uk
incorporate a company in the us,20,33.04,,form-now,site:propertyspv.co.uk
shelf company vs shell company,20,,,other,site:propertyspv.co.uk
transfer property from limited company to individual,20,,,transfer-in,site:propertyspv.co.uk
company ir,20,,,other,site:propertyspv.co.uk
seek company,20,,,other,site:propertyspv.co.uk
company context,20,3.62,,other,site:propertyspv.co.uk
ensure company,20,,,other,site:propertyspv.co.uk
raise company,20,,,other,site:propertyspv.co.uk
company guide,20,,,other,site:propertyspv.co.uk
adjust company,20,5.48,,other,site:propertyspv.co.uk
company matters,20,,,other,site:propertyspv.co.uk
company downsizing,20,,,other,site:propertyspv.co.uk
tasks company,20,,,other,site:propertyspv.co.uk
company shortcut,20,,,other,site:propertyspv.co.uk
how to value add to a company,20,,,other,site:propertyspv.co.uk
tax-free childcare dla,20,,,other,site:watsonknipe.co.uk
tax-free childcare certificate,20,,,other,site:watsonknipe.co.uk
tax-free childcare or childcare vouchers,20,,,other,site:watsonknipe.co.uk
tax free childcare credits,20,,,other,site:watsonknipe.co.uk
tax-free childcare scotland eligibility,20,,,other,site:watsonknipe.co.uk
tax-free childcare top up periods,20,,,other,site:watsonknipe.co.uk
grants for childcare business,20,,,other,site:watsonknipe.co.uk
impact futures and the childcare company,20,,,other,site:watsonknipe.co.uk
tax reference number on p60,20,,,other,site:watsonknipe.co.uk
set up corporation tax payment plan,20,,,form-now,site:watsonknipe.co.uk
bank details for paying corporation tax,20,,,run-the-company,site:watsonknipe.co.uk
tax-free allowance reduction,20,,,other,site:watsonknipe.co.uk
claim vat after deregistration,20,,,other,site:watsonknipe.co.uk
tailored property sales glasgow,20,2.73,,other,seed:spv property
bulgaria direct property for sale,20,0.47,,other,seed:spv property
property vlogs,20,,,other,seed:spv property
sq property trading limited,20,,,other,seed:spv property
transferring buy-to let to limited company,20,5.78,,other,seed:buy to let limited company;seed:non resident landlord company
transferring buy-to-let to limited company,20,5.78,,other,seed:buy to let limited company;seed:non resident landlord company
buy to let management,20,,,other,seed:buy to let limited company
start rental property business,20,19.15,,other,seed:buy to let limited company
limited property company,20,,,other,seed:buy to let limited company;seed:non resident landlord company
depreciation on rental property,20,,,other,seed:buy to let limited company
extending lease on leasehold property,20,4.62,,other,seed:buy to let limited company
rental property through limited company,20,,,other,seed:buy to let limited company;seed:non resident landlord company
leasehold property management company,20,2.73,,other,seed:buy to let limited company;seed:non resident landlord company
ltd property company,20,,,other,seed:buy to let limited company;seed:non resident landlord company
property leasing company,20,,,other,seed:buy to let limited company;seed:non resident landlord company
report property management company,20,,,other,seed:buy to let limited company;seed:non resident landlord company
retail property management company,20,,,other,seed:buy to let limited company;seed:non resident landlord company
rent property to housing association,20,1.77,,other,seed:buy to let limited company
renting property to housing association,20,1.77,,other,seed:buy to let limited company
setting up property development company,20,11.35,,form-now,seed:buy to let limited company;seed:non resident landlord company
duties of property management company,20,,,other,seed:buy to let limited company;seed:non resident landlord company
role of property management company,20,,,other,seed:buy to let limited company;seed:non resident landlord company
responsibility of property management company,20,,,other,seed:buy to let limited company;seed:non resident landlord company
buying a property with a regulated tenancy,20,,,other,seed:buy to let limited company
tennet company,20,,,other,seed:buy to let limited company;seed:non resident landlord company
private landlords with property to rent,20,1.07,,other,seed:buy to let limited company
role of a property management company,20,,,other,seed:buy to let limited company;seed:non resident landlord company
duties of a property management company,20,,,other,seed:buy to let limited company;seed:non resident landlord company
setting up a property development company,20,11.35,,form-now,seed:buy to let limited company;seed:non resident landlord company
leasehold buying,20,,,other,seed:buy to let limited company
buying leasehold business,20,,,other,seed:buy to let limited company
property condominium,20,,,other,seed:buy to let limited company
subletting rented property,20,8.92,,other,seed:buy to let limited company
property leasing companies,20,,,other,seed:buy to let limited company
rental property bonds,20,1.64,,other,seed:buy to let limited company
owning rental property,20,,,other,seed:buy to let limited company
rental property meaning,20,,,other,seed:buy to let limited company
ground rent management limited,20,,,other,seed:buy to let limited company
what is rental property,20,,,other,seed:buy to let limited company
depreciation of rental property,20,,,other,seed:buy to let limited company
property rent by owner,20,1.57,,other,seed:buy to let limited company
property standardisation group lease,20,,,other,seed:buy to let limited company
liability insurance rental property,20,18.88,,other,seed:buy to let limited company
rent property from owner,20,1.57,,other,seed:buy to let limited company
passive income rental property,20,,,other,seed:buy to let limited company
owning a rental property,20,,,other,seed:buy to let limited company
property rentals and sales,20,,,other,seed:buy to let limited company
bond for rental property,20,1.64,,other,seed:buy to let limited company
rental property passive income,20,,,other,seed:buy to let limited company
owner of rental property,20,1.57,,other,seed:buy to let limited company
rental property and depreciation,20,,,other,seed:buy to let limited company
company tenancy agreement,20,6.31,,other,seed:buy to let limited company;seed:non resident landlord company
realty management company,20,22.49,,other,seed:buy to let limited company;seed:non resident landlord company
adding someone to tenancy,20,,,other,seed:buy to let limited company
joint tenants or tenants in common uk,20,0.95,,other,seed:buy to let limited company
passive income from rental property,20,,,other,seed:buy to let limited company
tenancy agreement with company,20,6.31,,other,seed:buy to let limited company;seed:non resident landlord company
management company for condominiums,20,2.02,,other,seed:buy to let limited company;seed:non resident landlord company
residential management company accounts,20,,,run-the-company,seed:buy to let limited company;seed:non resident landlord company
putting rental property in a trust,20,2.25,,other,seed:buy to let limited company
payroll tax rates,20,,,other,seed:property company tax
cdma property tax,20,,,other,seed:property company tax
hmrc self assessment personal tax account,20,,,other,seed:property company tax
check right to rent share code uk,20,,,other,seed:transfer property to limited company
property deed example,20,,,other,seed:transfer property to limited company
property offer letter template,20,,,other,seed:transfer property to limited company
renters rights act 2025 scotland,20,,,other,seed:transfer property to limited company
notice to complete property,20,,,other,seed:transfer property to limited company
deed of variation when buying a property,20,,,other,seed:transfer property to limited company
property transfer in divorce,20,0.91,,other,seed:transfer property to limited company
transfer of property divorce,20,0.91,,transfer-in,seed:transfer property to limited company
transfer of equity conveyancing quotes,20,12.99,,other,seed:transfer property to limited company
property sale contract template,20,1.17,,other,seed:transfer property to limited company
sale of property form,20,,,other,seed:transfer property to limited company
sale of property notice,20,,,other,seed:transfer property to limited company
property sale agreement template,20,1.17,,other,seed:transfer property to limited company
property trust deed template,20,3.24,,other,seed:transfer property to limited company
memorandum of sale property,20,,,other,seed:transfer property to limited company
deed of variation property sale,20,,,other,seed:transfer property to limited company
how to find a landlord of a property uk,20,0.46,,other,seed:transfer property to limited company
property abandonment notice,20,,,other,seed:transfer property to limited company
lost property deeds,20,5.28,,other,seed:transfer property to limited company
lost property deed,20,5.28,,other,seed:transfer property to limited company
deed of variation gov uk,20,,,other,seed:transfer property to limited company
landlord registration scotland renewal online,20,,,form-now,seed:transfer property to limited company
trust deed property template,20,0.63,,other,seed:transfer property to limited company
public notice property sale,20,,,other,seed:transfer property to limited company
selling property as executor,20,7.24,,other,seed:transfer property to limited company
serving notice on a tenant uk,20,0.82,,other,seed:transfer property to limited company
example of a property deed,20,,,other,seed:transfer property to limited company
notice of sale of property,20,,,other,seed:transfer property to limited company
notification of sale of property,20,,,other,seed:transfer property to limited company
what is deed in property,20,,,other,seed:transfer property to limited company
property sold notice to tenant,20,4.59,,other,seed:transfer property to limited company
public notice sale of property,20,,,other,seed:transfer property to limited company
renters rights act property impact,20,,,other,seed:transfer property to limited company
gov uk send rent and lease details online,20,,,other,seed:transfer property to limited company
notice to tenant to sell property,20,4.59,,other,seed:transfer property to limited company
tenants rights if landlord sells property,20,,,other,seed:transfer property to limited company
tenant rights if landlord sells property,20,,,other,seed:transfer property to limited company
how to find landlord of rental property,20,1.67,,other,seed:transfer property to limited company
responsibilities of a landlord uk,20,0.61,,other,seed:transfer property to limited company
how to find the landlord of a rental property,20,1.67,,other,seed:transfer property to limited company
how to find the landlord of a rented property,20,1.67,,other,seed:transfer property to limited company
gov uk send rent lease details online,20,,,other,seed:transfer property to limited company
bc code,20,,,other,seed:sic code spv
sic code hmrc,20,,,other,seed:sic code spv
ss code,20,,,other,seed:sic code spv
ocs code,20,,,other,seed:sic code spv
crru code,20,,,other,seed:sic code spv
code ccam,20,,,other,seed:sic code spv
cusip code,20,,,other,seed:sic code spv
frc code,20,,,other,seed:sic code spv
ccc code,20,,,other,seed:sic code spv
cvp code,20,,,other,seed:sic code spv
sitc code,20,,,other,seed:sic code spv
rcd code,20,,,other,seed:sic code spv
cid code,20,,,other,seed:sic code spv
pdc code,20,,,other,seed:sic code spv
urc code,20,,,other,seed:sic code spv
grpc code,20,,,other,seed:sic code spv
cw code,20,,,other,seed:sic code spv
swift code ncb,20,,,other,seed:sic code spv
swift code pnc,20,,,other,seed:sic code spv
ncb swift code,20,,,other,seed:sic code spv
cream cmyk code,20,8.82,,other,seed:sic code spv
pnc swift code,20,,,other,seed:sic code spv
swift code cimb,20,,,other,seed:sic code spv
pd dtc code,20,,,other,seed:sic code spv
viessmann cl code,20,,,other,seed:sic code spv
kbc swift code,20,,,other,seed:sic code spv
swift code kcb,20,,,other,seed:sic code spv
swift code kbc,20,,,other,seed:sic code spv
type ac rcd eicr code pdf,20,,,other,seed:sic code spv
ifpi code,20,,,other,seed:sic code spv
delta icao code,20,,,other,seed:sic code spv
ifpma code,20,,,other,seed:sic code spv
ico code,20,,,other,seed:sic code spv
ics code,20,,,other,seed:sic code spv
ic5 code,20,,,other,seed:sic code spv
qantas icao code,20,,,other,seed:sic code spv
klm icao code,20,,,other,seed:sic code spv
de iso code,20,,,other,seed:sic code spv
ihg code,20,0.43,,other,seed:sic code spv
icmp code,20,,,other,seed:sic code spv
iw code,20,,,other,seed:sic code spv
iczn code,20,,,other,seed:sic code spv
ifsc swift code,20,,,other,seed:sic code spv
icmp type code,20,,,other,seed:sic code spv
lax icao code,20,,,other,seed:sic code spv
isrc code meaning,20,,,other,seed:sic code spv
ircc invite code,20,,,other,seed:sic code spv
ireland idd code,20,,,other,seed:sic code spv
larnaca icao code,20,,,other,seed:sic code spv
ifsc code swift,20,,,other,seed:sic code spv
icici micr code,20,,,other,seed:sic code spv
ifsc to swift code,20,,,other,seed:sic code spv
ns&i junior isa sort code,20,,,other,seed:sic code spv
business loans mortgage,20,27.42,,mortgages,seed:limited company mortgage
mortgages for business limited,20,,,mortgages,seed:limited company mortgage
new company business loan,20,21.3,,other,seed:limited company mortgage
business loan for new limited company,20,22,,other,seed:limited company mortgage
how to get business line of credit,20,153.61,,other,seed:limited company mortgage
best business loan interest rates,20,43.62,,mortgages,seed:limited company mortgage
best business loan company,20,137.56,,other,seed:limited company mortgage
best business loans company,20,137.56,,other,seed:limited company mortgage
business loans for new limited companies,20,22,,other,seed:limited company mortgage
start up loans for limited companies,20,27.9,,other,seed:limited company mortgage
how to finance business acquisition,20,4.8,,other,seed:limited company mortgage
easiest business loans to get,20,105.57,,other,seed:limited company mortgage
easiest business loan to get,20,105.57,,other,seed:limited company mortgage
business loans to start up,20,10.37,,other,seed:limited company mortgage
how to finance a business acquisition,20,4.8,,other,seed:limited company mortgage
uk banks capital requirements,20,,,other,seed:limited company mortgage
how to finance acquisition of a business,20,4.8,,other,seed:limited company mortgage
hsbc cd rates,20,9.02,,other,seed:limited company mortgage
hsbc closing help to buy isa,20,,,other,seed:limited company mortgage
let to buy rates,20,1.57,,other,seed:limited company mortgage
bank loan to buy business,20,32.54,,other,seed:limited company mortgage
where to buy corporate bonds,20,10.46,,other,seed:limited company mortgage
help to buy equity loan portal,20,,,other,seed:limited company mortgage
compare personal loan rates uk,20,3.79,,other,seed:limited company mortgage
compare bank loan rates,20,6.07,,other,seed:limited company mortgage
specialist buy-to-let lenders,20,,,mortgages,seed:limited company mortgage
specialist buy-to let lenders,20,,,mortgages,seed:limited company mortgage
specialist buy to let lenders,20,,,mortgages,seed:limited company mortgage
hsbc loan early repayment charge,20,,,other,seed:limited company mortgage
uk letter format address,20,,,other,seed:registered office
limited company certificate of incorporation,20,48.53,,other,seed:registered office
uk address form,20,,,other,seed:registered office
address line example uk,20,,,other,seed:registered office
request sar from home office,20,,,other,seed:registered office
registered office service scotland,20,12.12,,run-the-company,seed:registered office
request companies house authentication code to registered office,20,,,run-the-company,seed:registered office
uk professional registration example,20,,,form-now,seed:registered office
home office approved sponsor list,20,,,other,seed:registered office
certificate of application uk home office,20,,,other,seed:registered office
right to work uk documents list,20,,,other,seed:registered office
royal london additional contribution form,20,,,other,seed:registered office
affidavit of single status uk,20,6.48,,other,seed:registered office
thailand address format,20,,,other,seed:registered office
uae address format,20,,,other,seed:registered office
austria address format,20,,,other,seed:registered office
hampshire inter agency referral form,20,,,other,seed:registered office
cqc change of address,20,34.77,,other,seed:registered office
home office complaints procedure,20,,,other,seed:registered office
complaints procedure home office,20,,,other,seed:registered office
redundancy letter uk,20,,,other,seed:registered office
dimsport application list,20,,,other,seed:registered office
register lpa gov uk,20,,,form-now,seed:registered office
proof of change of address,20,,,other,seed:registered office
uk offer letter,20,,,other,seed:registered office
licence agreement template uk,20,1,,other,seed:registered office
imperial service medal application form,20,,,other,seed:registered office
gov uk complaint form,20,2.83,,other,seed:registered office
will writing gov uk,20,10.27,,other,seed:registered office
notice to complete uk,20,,,other,seed:registered office
royal london death claim form pdf,20,,,other,seed:registered office
general register office no trace letter,20,,,form-now,seed:registered office
request personal information from home office,20,,,other,seed:registered office
short birth certificate uk example,20,,,other,seed:registered office
free online form signing,20,3.43,,other,seed:registered office
registered office sign,20,5.15,,run-the-company,seed:registered office
tsb dispute form online free,20,,,other,seed:registered office
gov uk printable section 21 notice template,20,,,other,seed:registered office
uk company number format,20,,,other,seed:registered office
change of company address form,20,,,other,seed:registered office
free will forms uk,20,,,other,seed:registered office
notary list uk,20,2.1,,other,seed:registered office
address lines example uk,20,,,other,seed:registered office
cqc registered manager form,20,6.09,,other,seed:registered office
company number uk format,20,,,other,seed:registered office
right to work documents list uk,20,1.84,,other,seed:registered office
address line 2 example uk,20,,,other,seed:registered office
address line 1 uk example,20,,,other,seed:registered office
list of right to work documents uk,20,1.47,,other,seed:registered office
free power of attorney forms uk,20,2.96,,other,seed:registered office
registered letter ireland,20,,,other,seed:registered office
uk disclosure form,20,,,other,seed:registered office
resident landlord meaning,20,,,other,seed:non resident landlord company
landlord tenant relationship,20,,,other,seed:non resident landlord company
business landlord,20,11.78,,other,seed:non resident landlord company
landlord business,20,11.78,,other,seed:non resident landlord company
what is a corporate landlord,20,,,other,seed:non resident landlord company
landlord-tenant relations,20,,,other,seed:non resident landlord company
shared ownership landlord responsibilities,20,,,other,seed:non resident landlord company
being a private landlord,20,6.44,,other,seed:non resident landlord company
becoming a private landlord,20,6.44,,other,seed:non resident landlord company
tenants rights private landlord,20,0.25,,other,seed:non resident landlord company
company owned property,20,1.96,,other,seed:non resident landlord company
rent to buy company,20,2.98,,other,seed:non resident landlord company
property owned by company,20,1.96,,other,seed:non resident landlord company
how to start a rental company,20,19.68,,other,seed:non resident landlord company
is a holding company an associated company,20,,,other,seed:non resident landlord company
setting up a ltd company for property,20,30.4,,form-now,seed:non resident landlord company
landlord responsibilities to tenants,20,,,other,seed:non resident landlord company
transfer buy to let to limited company,20,5.78,,other,seed:non resident landlord company
holding vs operating company,20,,,other,seed:non resident landlord company
property investment through limited company,20,0.36,,other,seed:non resident landlord company
investing in property through a limited company,20,0.36,,other,seed:non resident landlord company
what is a holding company used for,20,,,other,seed:non resident landlord company
property investors tax guide,10,,,other,site:provestor.co.uk
buy to let limited company inheritance tax,10,,,other,site:getground.co.uk;site:provestor.co.uk;site:uklandlordtax.co.uk
buy-to-let tax guide,10,,,other,site:getground.co.uk;site:provestor.co.uk;site:uklandlordtax.co.uk
buy-to-let company tax,10,,,other,site:getground.co.uk;site:provestor.co.uk;site:uklandlordtax.co.uk
self-employed or limited company tax,10,,,other,site:provestor.co.uk;site:uklandlordtax.co.uk
self-employed vs limited company tax,10,,,other,site:provestor.co.uk;site:uklandlordtax.co.uk
company property tax,10,5.77,,other,site:getground.co.uk;site:provestor.co.uk;site:uklandlordtax.co.uk
tax return on buy to let property,10,,,other,site:getground.co.uk;site:provestor.co.uk;site:uklandlordtax.co.uk
buy to let landlords tax,10,,,other,site:provestor.co.uk
buy-to-let tax limited company,10,,,other,site:provestor.co.uk
uk property tax guide,10,,,other,site:provestor.co.uk;site:uklandlordtax.co.uk
hmrc limited company tax,10,6.65,,other,site:provestor.co.uk;site:uklandlordtax.co.uk
tax rebate limited company,10,,,other,site:provestor.co.uk;site:uklandlordtax.co.uk
limited company contractor tax,10,,,other,site:provestor.co.uk;site:uklandlordtax.co.uk
limited company tax ireland,10,,,other,site:provestor.co.uk;site:uklandlordtax.co.uk
limited company liquidation tax,10,62.75,,other,site:provestor.co.uk;site:uklandlordtax.co.uk
tax return for buy to let,10,3.23,,other,site:getground.co.uk;site:provestor.co.uk
let out property income tax,10,,,other,site:getground.co.uk;site:provestor.co.uk;site:uklandlordtax.co.uk
tax optimiser mtd,10,31.15,,other,site:provestor.co.uk
tax calculator for private limited company,10,,,tools,site:provestor.co.uk;site:uklandlordtax.co.uk
paying tax on a buy to let property,10,,,other,site:getground.co.uk;site:provestor.co.uk
how to reduce your property tax,10,,,other,site:getground.co.uk;site:provestor.co.uk
transfer property to limited company capital gains tax,10,,,transfer-in,site:provestor.co.uk;site:uklandlordtax.co.uk
tax saving tips for landlords,10,,,other,site:provestor.co.uk;site:uklandlordtax.co.uk
company car tax for self employed,10,,,other,site:provestor.co.uk
tax advice for buy to let landlords,10,10.74,,other,site:provestor.co.uk
tax breaks for buy to let landlords,10,,,other,site:provestor.co.uk
property tax self assessment form,10,,,other,site:provestor.co.uk
property self assessment tax return,10,,,other,site:provestor.co.uk
bbmp property tax self assessment,10,,,other,site:provestor.co.uk
holiday let vs buy-to-let tax,10,,,other,site:getground.co.uk;site:provestor.co.uk;site:watsonknipe.co.uk
tax rules buy to let,10,1.03,,other,site:getground.co.uk;site:provestor.co.uk
hmrc buy to let tax,10,,,other,site:getground.co.uk;site:provestor.co.uk
buy to let tax advisor,10,5.97,,other,site:getground.co.uk;site:provestor.co.uk
buy to let tax rates,10,,,other,site:getground.co.uk;site:provestor.co.uk
buy to let tax allowances,10,,,other,site:getground.co.uk;site:provestor.co.uk
buy to let corporation tax,10,,,run-the-company,site:getground.co.uk;site:provestor.co.uk
buy to let tax laws,10,,,other,site:getground.co.uk;site:provestor.co.uk
buy to let tax planning,10,,,other,site:getground.co.uk;site:provestor.co.uk
buy-to-let tax ireland,10,,,other,site:getground.co.uk;site:provestor.co.uk
the tax guide,10,,,other,site:provestor.co.uk;site:uklandlordtax.co.uk
landlord tax form,10,,,other,site:provestor.co.uk;site:uklandlordtax.co.uk
landlord tax spreadsheet,10,,,other,site:provestor.co.uk;site:uklandlordtax.co.uk
first year limited company tax,10,,,other,site:provestor.co.uk;site:uklandlordtax.co.uk
private limited company tax rate,10,,,other,site:provestor.co.uk;site:uklandlordtax.co.uk
limited company sole trader tax,10,,,other,site:provestor.co.uk;site:uklandlordtax.co.uk
tax return director limited company,10,,,other,site:provestor.co.uk;site:uklandlordtax.co.uk
income tax return for private limited company,10,,,other,site:provestor.co.uk;site:uklandlordtax.co.uk
income tax when you let property,10,,,other,site:getground.co.uk;site:provestor.co.uk;site:uklandlordtax.co.uk
landlord tax guide,10,,,other,site:provestor.co.uk;site:uklandlordtax.co.uk
landlords tax return form,10,,,other,site:provestor.co.uk;site:uklandlordtax.co.uk
personal tax and company tax,10,,,other,site:getground.co.uk;site:provestor.co.uk;site:uklandlordtax.co.uk
tax calc mtd vat,10,,,other,site:provestor.co.uk
vital tax mtd review,10,,,other,site:provestor.co.uk
pay your tax self assessment,10,,,other,site:provestor.co.uk
intellectual property and tax,10,3.68,,other,site:getground.co.uk;site:provestor.co.uk;site:uklandlordtax.co.uk
property tax and disability,10,,,other,site:getground.co.uk;site:provestor.co.uk;site:uklandlordtax.co.uk
property investment company tax,10,,,other,site:getground.co.uk;site:provestor.co.uk
how to register for property tax,10,,,form-now,site:getground.co.uk;site:provestor.co.uk;site:uklandlordtax.co.uk
how much tax for property sale,10,,,other,site:getground.co.uk;site:provestor.co.uk;site:uklandlordtax.co.uk
rebate for property tax,10,,,other,site:getground.co.uk;site:provestor.co.uk;site:uklandlordtax.co.uk
selling buy-to-let property capital gains tax,10,,,transfer-in,site:provestor.co.uk
landlords and capital gains tax,10,,,transfer-in,site:provestor.co.uk
new tax laws for buy-to-let landlords,10,,,other,site:provestor.co.uk
buy to let tax deductible expenses,10,,,other,site:getground.co.uk;site:provestor.co.uk
buy-to-let tax loopholes uk,10,,,other,site:getground.co.uk;site:provestor.co.uk
telegraph buy-to-let tax loopholes,10,,,other,site:getground.co.uk;site:provestor.co.uk
buy to let new tax rules,10,0.45,,other,site:getground.co.uk;site:provestor.co.uk
buy-to-let tax deductible items,10,0.13,,other,site:getground.co.uk;site:provestor.co.uk
buy-to-let tax return example,10,,,other,site:getground.co.uk;site:provestor.co.uk
buy-to-let tax relief changes,10,,,other,site:getground.co.uk;site:provestor.co.uk
buy to let tax changes uk,10,,,other,site:getground.co.uk;site:provestor.co.uk
buy-to-let tax changes 2017,10,,,other,site:getground.co.uk;site:provestor.co.uk
tax on buy-to-let sale,10,,,other,site:getground.co.uk;site:provestor.co.uk
advance tax and self assessment tax,10,,,other,site:provestor.co.uk
tax offshore accounts,10,,,run-the-company,site:provestor.co.uk
offshore accounts tax,10,,,run-the-company,site:provestor.co.uk
property tax claim for income tax,10,,,other,site:getground.co.uk;site:provestor.co.uk;site:uklandlordtax.co.uk
looking for investors to buy property,10,,,other,site:provestor.co.uk
tax benefits of private limited company,10,,,other,site:provestor.co.uk;site:uklandlordtax.co.uk
private limited company tax audit limit,10,,,other,site:provestor.co.uk;site:uklandlordtax.co.uk
sole trader or limited company tax,10,,,other,site:provestor.co.uk;site:uklandlordtax.co.uk
tax expert online,10,2.96,,other,site:provestor.co.uk;site:watsonknipe.co.uk
tax law expert,10,,,other,site:provestor.co.uk
expert tax consultant,10,,,other,site:provestor.co.uk
tax expert services,10,,,other,site:provestor.co.uk
tax planning expert,10,,,other,site:provestor.co.uk
tax expert witness,10,,,other,site:provestor.co.uk
tax guide for freelancers,10,,,other,site:provestor.co.uk;site:uklandlordtax.co.uk
joint landlord tax return,10,3.94,,other,site:provestor.co.uk;site:uklandlordtax.co.uk
landlord tax amnesty uk,10,4.3,,other,site:provestor.co.uk;site:uklandlordtax.co.uk
tax return landlord expenses,10,,,other,site:provestor.co.uk;site:uklandlordtax.co.uk
company capital gains tax on property,10,,,transfer-in,site:getground.co.uk;site:provestor.co.uk;site:uklandlordtax.co.uk
buy-to-let company stamp duty,10,,,transfer-in,site:getground.co.uk;site:provestor.co.uk;site:uklandlordtax.co.uk
mtd and vat,10,9.32,,other,site:provestor.co.uk
company director self assessment tax return,10,,,other,site:provestor.co.uk
the london tax company,10,,,other,site:getground.co.uk;site:provestor.co.uk
foreigner buy property in singapore tax,10,,,other,site:getground.co.uk;site:provestor.co.uk
tax for construction company,10,,,other,site:getground.co.uk;site:provestor.co.uk
how to buy property with delinquent taxes,10,,,other,site:provestor.co.uk
enrol for making tax digital,10,59.15,,other,site:provestor.co.uk
making tax digital for farmers,10,,,other,site:provestor.co.uk
difference between property tax and wealth tax,10,,,other,site:getground.co.uk;site:provestor.co.uk
tax code for self employed and employed,10,,,other,site:provestor.co.uk
how to save property tax,10,0.59,,other,site:getground.co.uk;site:provestor.co.uk
how to pay property tax,10,,,other,site:getground.co.uk;site:provestor.co.uk
how often pay property tax,10,,,other,site:getground.co.uk;site:provestor.co.uk
how to avoid property tax,10,,,other,site:getground.co.uk;site:provestor.co.uk
capital gains tax on buy to let property sale,10,,,transfer-in,site:provestor.co.uk
capital gains tax on buy to let property uk,10,,,transfer-in,site:provestor.co.uk
paying tax on a buy to let,10,,,other,site:provestor.co.uk
tax advice on buy to let properties,10,,,other,site:provestor.co.uk
tax on buy-to-let income uk,10,,,other,site:provestor.co.uk
tax on buy to let properties uk,10,,,other,site:provestor.co.uk
how to self employed tax,10,,,other,site:provestor.co.uk
receipt for property tax payment,10,,,other,site:provestor.co.uk
tax loopholes for rental property,10,,,other,site:provestor.co.uk
property tax exemption for disabled,10,,,other,site:provestor.co.uk
personal property tax for business,10,,,other,site:provestor.co.uk
form for property tax refund,10,,,other,site:provestor.co.uk
property expenses allowable for tax,10,,,other,site:provestor.co.uk
tax planning for rental property,10,,,other,site:provestor.co.uk
tax bill for my property,10,,,other,site:provestor.co.uk
property valuation for tax purposes,10,8.48,,other,site:provestor.co.uk
tax forms for rental property,10,,,other,site:provestor.co.uk
tax planning for property developers,10,,,other,site:provestor.co.uk
application for property tax rebate,10,,,other,site:provestor.co.uk
property valuation for income tax,10,,,other,site:provestor.co.uk
property tax help for seniors,10,,,other,site:getground.co.uk;site:provestor.co.uk
tax accountant for investment property,10,,,other,site:getground.co.uk;site:provestor.co.uk
tax deductions for commercial property,10,,,other,site:provestor.co.uk
limited tax liability,10,,,other,site:provestor.co.uk
limited partnership tax,10,,,other,site:provestor.co.uk
tax refund limited,10,,,other,site:provestor.co.uk
the self-employed tax guy,10,,,other,site:provestor.co.uk
sole trader vs limited company tax uk,10,,,other,site:provestor.co.uk
closing a limited company capital gains tax,10,,,transfer-in,site:provestor.co.uk;site:uklandlordtax.co.uk
uk limited company non resident director tax,10,,,non-resident,site:provestor.co.uk;site:uklandlordtax.co.uk
limited company or sole trader tax calculator,10,,,tools,site:provestor.co.uk
self employment tax for dummies,10,,,other,site:provestor.co.uk
federal tax for self-employed,10,,,other,site:provestor.co.uk
tax increase for self-employed,10,,,other,site:provestor.co.uk
turbo tax for self employed,10,,,other,site:provestor.co.uk
tax worksheet for self employed,10,,,other,site:provestor.co.uk
tax slab for self employed,10,,,other,site:provestor.co.uk
challan for self assessment tax,10,,,other,site:provestor.co.uk
tax extension for self-employed,10,,,other,site:provestor.co.uk
tax savings for self employed,10,,,other,site:provestor.co.uk
property tax belgium,10,,,other,site:provestor.co.uk
property tax report,10,,,other,site:provestor.co.uk
property tax austria,10,,,other,site:provestor.co.uk
property tax international,10,,,other,site:provestor.co.uk
tax property map,10,,,other,site:provestor.co.uk
property tax surcharge,10,,,other,site:provestor.co.uk
property tax slovenia,10,,,other,site:provestor.co.uk
iras property tax,10,,,other,seed:property company tax;site:provestor.co.uk
property tax loopholes,10,,,other,site:provestor.co.uk
property tax luxembourg,10,,,other,site:provestor.co.uk
mcg property tax,10,,,other,site:provestor.co.uk
property tax date,10,,,other,site:provestor.co.uk
property tax strategies,10,,,other,site:provestor.co.uk
property tax lithuania,10,,,other,site:provestor.co.uk
property tax login,10,,,other,site:provestor.co.uk
property tax abbreviations,10,,,other,site:provestor.co.uk
property tax thailand,10,,,other,site:provestor.co.uk
smartasset property tax,10,,,other,site:provestor.co.uk
croatia property tax,10,,,other,site:provestor.co.uk
property tax declaration,10,,,other,site:provestor.co.uk
property tax deferment,10,,,other,site:provestor.co.uk
argentina property tax,10,,,other,site:provestor.co.uk
property transactions tax,10,,,other,site:provestor.co.uk
property tax evasion,10,,,other,site:provestor.co.uk
property tax schedule,10,,,other,site:provestor.co.uk
property tax balance,10,,,other,site:provestor.co.uk
property tax deduction,10,,,other,site:provestor.co.uk
tips property tax,10,,,other,site:provestor.co.uk
property tax arrears,10,,,other,site:provestor.co.uk
property tax course,10,,,other,site:provestor.co.uk
property tax document,10,,,other,site:provestor.co.uk
software property tax,10,,,other,site:provestor.co.uk
property tax liabilities,10,,,other,site:provestor.co.uk
property tax expenses,10,,,other,site:provestor.co.uk
property tax 1098,10,,,other,site:provestor.co.uk
panama property tax,10,,,other,site:provestor.co.uk
tax property form,10,,,other,site:provestor.co.uk
property tax zimbabwe,10,,,other,site:provestor.co.uk
russia property tax,10,,,other,site:provestor.co.uk
uk tax return for non resident landlord,10,2.55,,non-resident,site:provestor.co.uk;site:uklandlordtax.co.uk
gifts for property investors,10,,,other,site:provestor.co.uk
capital gains tax changes for landlords,10,,,transfer-in,site:provestor.co.uk
offshore accounts tax evasion,10,,,run-the-company,site:provestor.co.uk
tax avoidance offshore accounts,10,,,run-the-company,site:provestor.co.uk
how to file company tax,10,24.4,,other,site:provestor.co.uk
property tax income tax deduction,10,,,other,site:provestor.co.uk
wealth tax vs property tax,10,,,other,site:provestor.co.uk
property tax vs sales tax,10,,,other,site:provestor.co.uk
how to get investors for property,10,,,other,site:provestor.co.uk
non resident landlord tax ireland,10,,,non-resident,site:provestor.co.uk;site:uklandlordtax.co.uk
non resident landlord corporation tax,10,,,run-the-company,site:provestor.co.uk;site:uklandlordtax.co.uk
non-resident landlord tax rate,10,,,non-resident,site:provestor.co.uk;site:uklandlordtax.co.uk
what is property tax in spain,10,,,other,site:provestor.co.uk
what is property tax in ireland,10,,,other,site:provestor.co.uk
self employed tax calculator with deductions,10,4.2,,tools,site:provestor.co.uk
help with self assessment tax form,10,1.97,,other,site:provestor.co.uk
vat registration for property company,10,,,form-now,site:provestor.co.uk
tax prep expert abbr,10,,,other,site:provestor.co.uk
how to get the property tax receipt online,10,,,other,site:provestor.co.uk
how to file tax return for rental property,10,6.3,,other,site:provestor.co.uk
pay your self assessment tax bill hmrc,10,,,other,site:provestor.co.uk
iras tax clearance for company,10,,,other,site:provestor.co.uk
donation tax deduction for company,10,,,other,site:provestor.co.uk
tax computation for company malaysia,10,,,other,site:provestor.co.uk
find tax number for company,10,,,other,site:provestor.co.uk
making tax digital for vat pilot,10,,,other,site:provestor.co.uk
age exemption for making tax digital,10,1.34,,other,site:provestor.co.uk
making tax digital vat for agents,10,,,other,site:provestor.co.uk
register for making tax digital agent,10,,,form-now,site:provestor.co.uk
selling a buy to let property capital gains tax uk,10,,,transfer-in,site:provestor.co.uk
pwc tax guide,10,,,other,site:provestor.co.uk;site:watsonknipe.co.uk
spain tax guide,10,2.36,,other,site:provestor.co.uk
tax credits guide,10,,,other,site:provestor.co.uk
kpmg tax guide,10,,,other,site:provestor.co.uk
employees tax guide,10,,,other,site:provestor.co.uk
ireland tax guide,10,,,other,site:provestor.co.uk
tax planning guide,10,,,other,site:provestor.co.uk
tax guide portugal,10,,,other,site:provestor.co.uk
expat tax guide,10,,,non-resident,site:provestor.co.uk
student tax guide,10,,,other,site:provestor.co.uk
contractor tax guide,10,,,other,site:provestor.co.uk
tax calculation guide,10,,,other,site:provestor.co.uk
singapore tax guide,10,,,other,site:provestor.co.uk
tax master guide,10,,,other,site:provestor.co.uk
tax deduction guide,10,,,other,site:provestor.co.uk
chile tax guide,10,,,other,site:provestor.co.uk
tax guide cyprus,10,,,other,site:provestor.co.uk
tax salary guide,10,,,other,site:provestor.co.uk
tax guide 2019,10,,,other,site:provestor.co.uk
holiday let tax return,10,,,other,site:provestor.co.uk
income and property tax by state,10,,,other,site:provestor.co.uk
excise and taxation punjab property tax,10,,,other,site:provestor.co.uk
annual tax on enveloped dwellings buy-to-let,10,,,other,site:provestor.co.uk
how to get property tax statement,10,,,other,site:provestor.co.uk
how to pay california property tax,10,,,other,site:provestor.co.uk
how to get property tax exemption,10,,,other,site:provestor.co.uk
how commercial property tax is calculated,10,,,other,site:provestor.co.uk
how to calculate property income tax,10,,,tools,site:provestor.co.uk
tax for directors of limited companies,10,,,other,site:provestor.co.uk
paye and self employed tax return,10,,,other,site:provestor.co.uk
being employed and self employed tax,10,,,other,site:provestor.co.uk
how to self employed tax return,10,,,other,site:provestor.co.uk
how to manage tax self-employed,10,5.09,,other,site:provestor.co.uk
taxable expenses for landlords,10,0.95,,other,site:provestor.co.uk
income tax form for rental property,10,,,other,site:provestor.co.uk
tax rate for sale of property,10,,,other,site:provestor.co.uk
tax deductions for rental property canada,10,,,other,site:provestor.co.uk
tax for buying property in singapore,10,,,other,site:provestor.co.uk
property tax in india for nri,10,,,other,site:provestor.co.uk
claim for homeowners property tax exemption,10,,,other,site:provestor.co.uk
making tax digital benefits,10,,,other,site:provestor.co.uk
making tax digital agent,10,15.62,,other,site:provestor.co.uk
offshore company tax,10,,,other,site:provestor.co.uk
tax appeal company,10,,,other,site:provestor.co.uk
company director tax,10,,,other,site:provestor.co.uk
company tax status,10,,,other,site:provestor.co.uk
company tax breaks,10,,,other,site:provestor.co.uk
company tax computation,10,,,other,site:provestor.co.uk
tax advice company,10,,,other,site:provestor.co.uk
foreign company tax,10,,,other,site:provestor.co.uk
company tax tables,10,,,other,site:provestor.co.uk
nz company tax,10,,,other,site:provestor.co.uk
company tax credits,10,,,other,site:provestor.co.uk
company tax laws,10,,,other,site:provestor.co.uk
lhdn company tax,10,,,other,site:provestor.co.uk
company tax services,10,18.37,,other,site:provestor.co.uk
tax reduction company,10,,,other,site:provestor.co.uk
company withholding tax,10,,,other,site:provestor.co.uk
mauritius company tax,10,,,other,site:provestor.co.uk
company tax obligations,10,,,other,site:provestor.co.uk
tax audit company,10,,,other,site:provestor.co.uk
company tax residency,10,,,other,site:provestor.co.uk
company pay tax,10,,,other,site:provestor.co.uk
belize company tax,10,,,other,site:provestor.co.uk
vat for agents mtd,10,,,other,site:provestor.co.uk
kpmg tax planning for you and your family,10,,,other,site:provestor.co.uk
tax residency self certification for entities,10,,,other,site:provestor.co.uk;site:watsonknipe.co.uk
income tax for self employed malaysia,10,,,other,site:provestor.co.uk
register for tax self assessment online,10,,,form-now,site:provestor.co.uk
income tax for self employed ireland,10,,,other,site:provestor.co.uk
tax credit for self-employed 2020,10,,,other,site:provestor.co.uk
tax deductions for self employed caregivers,10,,,other,site:provestor.co.uk
income tax percentage for self employed,10,,,other,site:provestor.co.uk
tax year for self employed uk,10,,,other,site:provestor.co.uk
tax deduction categories for self employed,10,,,other,site:provestor.co.uk
effective tax rate for self employed,10,,,other,site:provestor.co.uk
income tax estimator for self employed,10,,,other,site:provestor.co.uk
real property vs personal property tax,10,,,decide,site:provestor.co.uk
understanding your tax,10,,,other,site:provestor.co.uk
refund your tax,10,,,other,site:provestor.co.uk
your tax service,10,,,other,site:provestor.co.uk
limited partnership uk tax,10,,,other,site:provestor.co.uk
tax returned limited contact,10,,,other,site:provestor.co.uk
tax returned limited number,10,,,other,site:provestor.co.uk
tax returned limited london,10,,,other,site:provestor.co.uk
master limited partnership tax,10,,,other,site:provestor.co.uk
online tax rebates limited,10,,,other,site:provestor.co.uk
tax returned limited website,10,,,other,site:provestor.co.uk
buy tax practice,10,,,other,site:provestor.co.uk
real estate tax versus property tax,10,,,other,site:provestor.co.uk
stamp duty for private limited company,10,,,transfer-in,site:provestor.co.uk;site:uklandlordtax.co.uk
stamp duty holiday for limited company,10,,,transfer-in,site:provestor.co.uk;site:uklandlordtax.co.uk
self-employment tax vs income tax,10,,,other,site:provestor.co.uk
payroll tax vs self employment tax,10,,,other,site:provestor.co.uk
advance tax vs self assessment tax,10,,,other,site:provestor.co.uk
how to complete company tax return,10,14.4,,other,site:provestor.co.uk
tax residency self certification for individuals and sole traders,10,,,other,site:provestor.co.uk
commercial property tax rates,10,,,other,site:provestor.co.uk
tax deductible property taxes,10,,,other,site:provestor.co.uk
property tax calculator illinois,10,,,tools,site:provestor.co.uk
tangible personal property tax,10,,,other,site:provestor.co.uk
property tax calculator ct,10,,,tools,site:provestor.co.uk
property tax accountant specialist,10,12.33,,other,site:provestor.co.uk
spain property tax rate,10,,,other,site:provestor.co.uk
car property tax calculator,10,,,tools,site:provestor.co.uk
property tax quick payment,10,,,other,site:provestor.co.uk
buying property abroad tax,10,,,other,site:provestor.co.uk
finance nyc property tax,10,,,other,site:provestor.co.uk
ap property tax online,10,,,other,site:provestor.co.uk
property tax refund check,10,,,other,site:provestor.co.uk
property tax advisor uk,10,6.43,,other,site:provestor.co.uk
montreal property tax calculator,10,,,tools,site:provestor.co.uk
hamilton property tax calculator,10,,,tools,site:provestor.co.uk
property tax return form,10,1.07,,other,site:provestor.co.uk
property tax ireland exemptions,10,,,other,site:provestor.co.uk
commercial property tax singapore,10,,,other,site:provestor.co.uk
receipt of property tax,10,,,other,site:provestor.co.uk
calculate property tax rate,10,,,tools,site:provestor.co.uk
ghmc property tax receipt,10,,,other,site:provestor.co.uk
when pay property tax,10,,,other,site:provestor.co.uk
residential property tax rate,10,,,other,site:provestor.co.uk
property tax calculator edmonton,10,,,tools,site:provestor.co.uk
property sale tax exemption,10,,,other,site:provestor.co.uk
property tax accountants glasgow,10,,,other,site:provestor.co.uk
property tax rates jamaica,10,,,other,site:provestor.co.uk
mississauga property tax calculator,10,,,tools,site:provestor.co.uk
property tax news pakistan,10,,,other,site:provestor.co.uk
property tax deduction nj,10,,,other,site:provestor.co.uk
pay personal property tax,10,,,other,site:provestor.co.uk
property tax exemption application,10,,,other,site:provestor.co.uk
free property tax advice,10,2.13,,other,site:provestor.co.uk
property tax online receipt,10,,,other,site:provestor.co.uk
switzerland property tax calculator,10,,,tools,site:provestor.co.uk
status of property tax,10,,,other,site:provestor.co.uk
property tax sales canada,10,,,other,site:provestor.co.uk
vancouver property tax login,10,,,other,site:provestor.co.uk
cambridge property tax calculator,10,,,tools,site:provestor.co.uk
property tax calculator iowa,10,,,tools,site:provestor.co.uk
property tax nc calculator,10,,,tools,site:provestor.co.uk
houston property tax calculator,10,,,tools,site:provestor.co.uk
french property tax changes,10,,,other,site:provestor.co.uk
property tax accountant sydney,10,,,other,site:provestor.co.uk
foreign property tax australia,10,,,other,site:provestor.co.uk
personal property tax definition,10,,,other,site:provestor.co.uk
business property tax deduction,10,,,other,site:provestor.co.uk
property tax consultant job,10,,,other,site:provestor.co.uk
property transfer tax cyprus,10,,,other,site:provestor.co.uk
property tax by country,10,,,other,site:provestor.co.uk
tax deductible property expenses,10,,,other,site:provestor.co.uk
property tax rebate check,10,,,other,site:provestor.co.uk
property tax definition simple,10,,,other,site:provestor.co.uk
ad valorem property tax,10,,,other,site:provestor.co.uk
annual value property tax,10,,,other,site:provestor.co.uk
greece property tax calculator,10,,,tools,site:provestor.co.uk
property tax nmmc online,10,,,other,site:provestor.co.uk
michigan property tax calculator,10,,,tools,site:provestor.co.uk
barbados property transfer tax,10,,,other,site:provestor.co.uk
property tax consultants llc,10,,,other,site:provestor.co.uk
property tax due date,10,,,other,site:provestor.co.uk
rental property tax spreadsheet,10,,,other,site:provestor.co.uk
tax accountant rental property,10,10.89,,other,site:provestor.co.uk
property transfer tax thailand,10,,,other,site:provestor.co.uk
foreign property tax uk,10,,,other,site:provestor.co.uk
property tax calculator oklahoma,10,,,tools,site:provestor.co.uk
california property tax payment,10,,,other,site:provestor.co.uk
irs property tax deduction,10,,,other,site:provestor.co.uk
paid property tax receipt,10,,,other,site:provestor.co.uk
property transfer tax rates,10,,,other,site:provestor.co.uk
burlington property tax calculator,10,,,tools,site:provestor.co.uk
property 118 tax planning,10,,,other,site:provestor.co.uk
property tax accountant melbourne,10,,,other,site:provestor.co.uk
residential property tax exemption,10,,,other,site:provestor.co.uk
personal property tax examples,10,,,other,site:provestor.co.uk
property purchase tax france,10,,,other,site:provestor.co.uk
french property wealth tax,10,,,other,site:provestor.co.uk
property loss tax deduction,10,,,other,site:provestor.co.uk
property tax bill online,10,,,other,site:provestor.co.uk
property tax account number,10,,,other,site:provestor.co.uk
property tax 1098 form,10,,,other,site:provestor.co.uk
property tax allowance uk,10,,,other,site:provestor.co.uk
uk property sales tax,10,,,other,site:provestor.co.uk
property purchase income tax,10,,,other,site:provestor.co.uk
property tax pune receipt,10,,,other,site:provestor.co.uk
residential property income tax,10,,,other,site:provestor.co.uk
property gain tax singapore,10,,,other,site:provestor.co.uk
smart assets property tax,10,,,other,site:provestor.co.uk
spain uk property tax,10,,,other,site:provestor.co.uk
property tax calculator missouri,10,,,tools,site:provestor.co.uk
nyc property tax payment,10,,,other,site:provestor.co.uk
california property tax deduction,10,,,other,site:provestor.co.uk
hk property tax calculator,10,,,tools,site:provestor.co.uk
property purchase tax cyprus,10,,,other,site:provestor.co.uk
property tax utah calculator,10,,,tools,site:provestor.co.uk
property tax filing online,10,,,run-the-company,site:provestor.co.uk
malta property tax calculator,10,,,tools,site:provestor.co.uk
property tax calculator colorado,10,,,tools,site:provestor.co.uk
miami property tax calculator,10,,,tools,site:provestor.co.uk
cdma property tax ap,10,,,other,site:provestor.co.uk
nri property sale tax,10,,,other,site:provestor.co.uk
netherlands property tax calculator,10,,,tools,site:provestor.co.uk
property tax calculator online,10,,,tools,site:provestor.co.uk
spain expat property tax,10,,,non-resident,site:provestor.co.uk
overseas property tax uk,10,,,other,site:provestor.co.uk
tax return property expenses,10,,,other,site:provestor.co.uk
denver property tax calculator,10,,,tools,site:provestor.co.uk
commercial property tax uk,10,,,other,site:provestor.co.uk
tax id property lookup,10,,,other,site:provestor.co.uk
labour tax inherited property,10,,,other,site:provestor.co.uk
property tax pcmc calculator,10,,,tools,site:provestor.co.uk
iras property tax login,10,,,other,site:provestor.co.uk
uk residential property tax,10,,,other,site:provestor.co.uk
california commercial property tax,10,,,other,site:provestor.co.uk
501c3 property tax exemption,10,,,other,site:provestor.co.uk
tax refund rental property,10,,,other,site:provestor.co.uk
personal property tax deduction,10,,,other,site:provestor.co.uk
property tax-exempt form,10,,,other,site:provestor.co.uk
property tax courses uk,10,,,other,site:provestor.co.uk
personal property tax vehicle,10,,,other,site:provestor.co.uk
property tax nmmc payment,10,,,other,site:provestor.co.uk
property tax primary residence,10,,,other,site:provestor.co.uk
french property sales tax,10,2.54,,other,site:provestor.co.uk
property transfer tax calculator,10,0.21,,tools,site:provestor.co.uk
iras property tax calculator,10,,,tools,site:provestor.co.uk
vermont property tax calculator,10,,,tools,site:provestor.co.uk
agricultural land property tax,10,,,other,site:provestor.co.uk
property tax jamaica online,10,,,other,site:provestor.co.uk
property tax management system,10,,,other,site:provestor.co.uk
corporation tax on property,10,,,run-the-company,site:provestor.co.uk
singapore property tax payment,10,,,other,site:provestor.co.uk
corporation tax property income,10,,,run-the-company,site:provestor.co.uk
foreign property tax canada,10,,,other,site:provestor.co.uk
denmark property tax calculator,10,,,tools,site:provestor.co.uk
are property tax deductible,10,,,other,site:getground.co.uk;site:provestor.co.uk
nh property tax calculator,10,,,tools,site:provestor.co.uk
property tax calculator chicago,10,,,tools,site:provestor.co.uk
ghmc property tax calculation,10,,,other,site:provestor.co.uk
assessment ratio property tax,10,,,other,site:provestor.co.uk
property tax agricultural exemption,10,,,other,site:provestor.co.uk
monthly payment property tax,10,,,other,site:provestor.co.uk
property tax spain calculator,10,,,tools,site:provestor.co.uk
tax declaration real property,10,,,other,site:provestor.co.uk
property transfer tax portugal,10,,,other,site:provestor.co.uk
personal property tax massachusetts,10,,,other,site:provestor.co.uk
hmrc non resident landlord corporation tax,10,,,run-the-company,site:provestor.co.uk;site:uklandlordtax.co.uk
non-resident landlord scheme corporation tax,10,,,run-the-company,site:provestor.co.uk;site:uklandlordtax.co.uk
non resident landlord uk tax rate,10,,,non-resident,site:provestor.co.uk;site:uklandlordtax.co.uk
non resident landlord uk tax allowance,10,,,non-resident,site:provestor.co.uk;site:uklandlordtax.co.uk
investors buying property,10,,,other,site:provestor.co.uk
property investors sydney,10,,,other,site:provestor.co.uk
investors only property,10,10.61,,other,site:provestor.co.uk
property market investors,10,,,other,site:provestor.co.uk
property investors brisbane,10,,,other,site:provestor.co.uk
property investors meaning,10,,,other,site:provestor.co.uk
property investors database,10,9.6,,other,site:provestor.co.uk
property investors review,10,,,other,site:provestor.co.uk
property investors perth,10,,,other,site:provestor.co.uk
property investors virtual,10,,,other,site:provestor.co.uk
property investors wanted,10,,,other,site:provestor.co.uk
uk inheritance tax on landlords,10,,,other,site:provestor.co.uk
capital gains tax uk landlords,10,,,transfer-in,site:provestor.co.uk
sell house and buy another tax,10,2.2,,other,site:provestor.co.uk
money saving expert tax rebate,10,,,other,site:provestor.co.uk
tax refund money saving expert,10,,,other,site:provestor.co.uk
business tax expert near me,10,,,other,site:provestor.co.uk
tax office self-employed,10,,,other,site:provestor.co.uk;site:watsonknipe.co.uk
self-employed tutor tax,10,,,other,site:provestor.co.uk
self employment tax 2019,10,,,other,site:provestor.co.uk
withholding tax self employed,10,,,other,site:provestor.co.uk
self-employed partnership tax,10,,,other,site:provestor.co.uk
self employment tax turbotax,10,,,other,site:provestor.co.uk
understanding self-employment tax,10,,,other,site:provestor.co.uk
freelance self-employed tax,10,,,other,site:provestor.co.uk
self employment tax 2017,10,,,other,site:provestor.co.uk
hawaii self employment tax,10,,,other,site:provestor.co.uk
self-employed tax poland,10,,,other,site:provestor.co.uk
self-employed physiotherapist tax,10,,,other,site:provestor.co.uk
self-employed tax advisor,10,6.78,,other,site:provestor.co.uk
self-employed australia tax,10,,,other,site:provestor.co.uk
tax credit self service,10,,,other,site:provestor.co.uk
self-employed tax evasion,10,,,other,site:provestor.co.uk
self-employed tax rise,10,,,other,site:provestor.co.uk
self-employed tax jamaica,10,,,other,site:provestor.co.uk
self assessment tax questions,10,,,other,site:provestor.co.uk
self-employed consultant tax,10,,,other,site:provestor.co.uk
self employed tax service,10,,,other,site:provestor.co.uk
self employed tax status,10,,,other,site:provestor.co.uk
self-employed tax course,10,4.57,,other,site:provestor.co.uk
texas self-employment tax,10,,,other,site:provestor.co.uk
self employed carer tax,10,,,other,site:provestor.co.uk
self-employed driver tax,10,,,other,site:provestor.co.uk
georgia self employment tax,10,,,other,site:provestor.co.uk
self assessment tax extension,10,,,other,site:provestor.co.uk
self employment tax philippines,10,,,other,site:provestor.co.uk
self employed tax obligations,10,,,other,site:provestor.co.uk
self employed tax grant,10,,,other,site:provestor.co.uk
self-employed tax checklist,10,,,other,site:provestor.co.uk
self-employed cyprus tax,10,,,other,site:provestor.co.uk
self employed tax news,10,,,other,site:provestor.co.uk
croatia self employed tax,10,,,other,site:provestor.co.uk
self-employed labourer tax,10,,,other,site:provestor.co.uk
tax act self employed,10,,,other,site:provestor.co.uk
self employed tax helpline,10,28.39,,other,site:provestor.co.uk
going self employed tax,10,,,other,site:provestor.co.uk
self employed tax advantages,10,,,decide,site:provestor.co.uk
self employed tax belgium,10,,,other,site:provestor.co.uk
virginia self employment tax,10,,,other,site:provestor.co.uk
20 tax self employed,10,,,other,site:provestor.co.uk
self employment tax 92.35,10,,,other,site:provestor.co.uk
florida self-employment tax,10,,,other,site:provestor.co.uk
self-employed tax mauritius,10,,,other,site:provestor.co.uk
self-employment tax penalty,10,,,other,site:provestor.co.uk
self employment tax missouri,10,,,other,site:provestor.co.uk
self-employment tax colorado,10,,,other,site:provestor.co.uk
self employment tax 2018,10,,,other,site:provestor.co.uk
self employed cleaner tax,10,7.07,,other,site:provestor.co.uk
tax investigation self-employed,10,,,other,site:provestor.co.uk
clergy self-employment tax,10,,,other,site:provestor.co.uk
self-employed tax questions,10,,,other,site:provestor.co.uk
tax service self assessment,10,,,other,site:provestor.co.uk
self employment tax massachusetts,10,,,other,site:provestor.co.uk
self employed tax malaysia,10,,,other,site:provestor.co.uk
self-employment tax nevada,10,,,other,site:provestor.co.uk
self employed tax breakdown,10,0.66,,other,site:provestor.co.uk
self employed tax dodgers,10,,,other,site:provestor.co.uk
illinois self-employment tax,10,,,other,site:provestor.co.uk
self assessment tax calc,10,,,other,site:provestor.co.uk
self employed tax table,10,,,other,site:provestor.co.uk
self-employed builder tax,10,9.27,,other,site:provestor.co.uk
self-employed tax template,10,,,other,site:provestor.co.uk
1099 self-employment tax,10,,,other,site:provestor.co.uk
self employed tax exemption,10,1.8,,other,site:provestor.co.uk
self employed tax requirements,10,1.33,,other,site:provestor.co.uk
self-employed tax nz,10,,,other,site:provestor.co.uk
self-employed tax malta,10,,,other,site:provestor.co.uk
self employed tax 2020,10,,,other,site:provestor.co.uk
self-employed tax cut,10,,,other,site:provestor.co.uk
tax self assessment scotland,10,,,other,site:provestor.co.uk
self employment tax instructions,10,,,other,site:provestor.co.uk
avoiding tax self employed,10,,,other,site:provestor.co.uk
self-employed tax deferral,10,,,other,site:provestor.co.uk
self employed dentist tax,10,,,other,site:provestor.co.uk
self-employed tax jersey,10,,,other,site:provestor.co.uk
self employed tax law,10,1.05,,other,site:provestor.co.uk
tax credit self assessment,10,,,other,site:provestor.co.uk
self-employment tax nyc,10,,,other,site:provestor.co.uk
filing corporation tax for dormant company,10,8.36,,run-the-company,site:provestor.co.uk
tax rate for non resident company,10,,,non-resident,site:provestor.co.uk;site:uklandlordtax.co.uk
tax deductions mortgage interest and property taxes,10,,,mortgages,site:provestor.co.uk
difference between property and real estate tax,10,,,other,site:provestor.co.uk
difference between commercial and residential property tax,10,,,other,site:provestor.co.uk
business cards for property investors,10,,,other,site:provestor.co.uk
tax pro jobs,10,,,other,site:provestor.co.uk
tax pro rebates,10,,,other,site:provestor.co.uk
tax pro group,10,,,other,site:provestor.co.uk
how to pay property tax first time,10,,,other,site:provestor.co.uk
how to pay my property tax online,10,,,other,site:provestor.co.uk
how much tax to pay on property,10,,,other,site:provestor.co.uk
how to find property tax assessment number,10,,,other,site:provestor.co.uk
how to get a property tax receipt,10,,,other,site:provestor.co.uk
how to check property tax online pcmc,10,,,other,site:provestor.co.uk
how to pay karnataka property tax online,10,,,other,site:provestor.co.uk
how to find out my property tax,10,,,other,site:provestor.co.uk
how to save tax on rental property,10,,,other,site:provestor.co.uk
how is property tax calculated in california,10,,,other,site:provestor.co.uk
how to do rental property tax return,10,1.4,,other,site:provestor.co.uk
how to avoid tax on property sale,10,,,other,site:provestor.co.uk
how to get property tax bill online,10,,,other,site:provestor.co.uk
how is property tax calculated in nj,10,,,other,site:provestor.co.uk
tax warning for landlords,10,,,other,site:provestor.co.uk
ir35 changes limited company,10,,,other,site:provestor.co.uk
limited company vat calculator,10,,,tools,site:provestor.co.uk
tax implications for renting your home,10,,,other,site:provestor.co.uk
buy-to-let capital gains tax changes,10,,,transfer-in,site:provestor.co.uk
advice for buy to let landlords,10,,,other,site:provestor.co.uk
self-employed and haven t paid tax,10,,,other,site:provestor.co.uk
pros and cons of self-employment tax,10,,,decide,site:provestor.co.uk
universal credit and self assessment tax return,10,,,other,site:provestor.co.uk
self-employed tax rebate and universal credit,10,,,other,site:provestor.co.uk
full time job and self employed tax,10,5.41,,other,site:provestor.co.uk
how to pay tax self employed online,10,0.58,,other,site:provestor.co.uk
tax credits for rental property,10,,,other,site:provestor.co.uk
uk income tax guide,10,4.35,,other,site:provestor.co.uk
fringe benefits tax guide,10,,,other,site:provestor.co.uk
income tax belize guide,10,,,other,site:provestor.co.uk
uae corporate tax guide,10,,,other,site:provestor.co.uk
tax return online guide,10,,,other,site:provestor.co.uk
corporate income tax guide,10,,,other,site:provestor.co.uk
tax guide 2023 pdf,10,,,other,site:provestor.co.uk
freelance uk tax guide,10,,,other,site:provestor.co.uk
deloitte uk tax guide,10,,,other,site:provestor.co.uk
find buy to let property,10,8.78,,other,site:getground.co.uk
buy to let property guide,10,6.37,,other,site:getground.co.uk
buy to let property for sale scotland,10,,,other,site:getground.co.uk
buy to let property northern ireland,10,3.35,,other,site:getground.co.uk
selling buy to let property uk,10,10.22,,other,site:getground.co.uk
gifting a buy to let property,10,,,other,site:getground.co.uk
best type of property for buy to let,10,,,other,site:getground.co.uk
multi let property for sale,10,2.66,,other,site:getground.co.uk
can i buy property in the usa,10,,,other,site:getground.co.uk
investment property for sale johannesburg,10,,,other,site:getground.co.uk
investment property for sale germany,10,,,other,site:getground.co.uk
investment property for sale gauteng,10,,,other,site:getground.co.uk
pattaya property investment,10,,,other,site:getground.co.uk
estonia property investment,10,,,other,site:getground.co.uk
budapest property investment,10,,,other,site:getground.co.uk
property investment germany,10,,,other,site:getground.co.uk
property investment johor,10,,,other,site:getground.co.uk
cambodia property investment,10,,,other,site:getground.co.uk
duplex property investment,10,,,other,site:getground.co.uk
bulgaria investment property,10,5.02,,other,site:getground.co.uk
investment property johannesburg,10,,,other,site:getground.co.uk
goa investment property,10,,,other,site:getground.co.uk
buy-to-let property in south africa,10,,,other,site:getground.co.uk
best place to buy a buy to let property,10,5.49,,other,site:getground.co.uk
where to buy multi family investment property,10,,,other,site:getground.co.uk
how to buy and rent out property,10,9.39,,other,site:getground.co.uk
property centre houses for sale,10,0.67,,other,site:getground.co.uk
property for sale marbella centre,10,,,other,site:getground.co.uk
city centre property for sale,10,,,other,site:getground.co.uk
how to buy property in the bahamas,10,,,other,site:getground.co.uk
how to buy property in the metaverse,10,,,other,site:getground.co.uk
city property centre,10,,,other,site:getground.co.uk
elgin property centre,10,1.82,,other,site:getground.co.uk
buy and sell property online,10,,,other,site:getground.co.uk
can i buy property in france,10,,,other,site:getground.co.uk
can i buy property in bali,10,,,other,site:getground.co.uk
can i buy property in greece,10,,,other,site:getground.co.uk
can foreigners buy property in phuket,10,,,other,site:getground.co.uk
how to buy vacation property,10,,,other,site:getground.co.uk
how to buy property cheap,10,,,other,site:getground.co.uk
investment property in italy for sale,10,,,other,site:getground.co.uk
best residential investment property,10,,,other,site:getground.co.uk
property investment in finland,10,,,other,site:getground.co.uk
residential investment property london,10,,,other,site:getground.co.uk
property investment in hungary,10,,,other,site:getground.co.uk
property investment in kl,10,,,other,site:getground.co.uk
property investment in lahore,10,,,other,site:getground.co.uk
investment property under 50k,10,,,other,site:getground.co.uk
marbella property company,10,,,other,site:getground.co.uk
european property company,10,,,other,site:getground.co.uk
hull property company,10,,,other,site:getground.co.uk
international property company,10,,,other,site:getground.co.uk
french property company,10,,,other,site:getground.co.uk
italian property company,10,,,other,site:getground.co.uk
alandalus property company,10,,,other,site:getground.co.uk
property company mayfair,10,,,other,site:getground.co.uk
london and country buy to let,10,3.53,,other,site:getground.co.uk
how to buy property to renovate and sell,10,,,other,site:getground.co.uk
list your property,10,10.01,,other,site:getground.co.uk
your dream property,10,,,other,site:getground.co.uk
advertise your property,10,,,other,site:getground.co.uk
buy property vanuatu,10,,,other,site:getground.co.uk
buy property fiji,10,,,other,site:getground.co.uk
buy period property,10,,,other,site:getground.co.uk
buy old property,10,0.06,,other,site:getground.co.uk
buy discounted property,10,,,other,site:getground.co.uk
buy property nicosia,10,,,other,site:getground.co.uk
residential property buy,10,,,other,site:getground.co.uk
buy property llc,10,,,other,site:getground.co.uk
buy property metaverse,10,,,other,site:getground.co.uk
buy property finland,10,,,other,site:getground.co.uk
buy renovation property,10,0.21,,other,site:getground.co.uk
buy property internationally,10,,,other,site:getground.co.uk
buy property tulum,10,,,other,site:getground.co.uk
buy property vienna,10,0.27,,other,site:getground.co.uk
buy property zoopla,10,,,other,site:getground.co.uk
buy me property,10,0.24,,other,site:getground.co.uk
buy property hackney,10,0.04,,other,site:getground.co.uk
i buy property,10,,,other,site:getground.co.uk
buy property stratford,10,,,other,site:getground.co.uk
buy timeshare property,10,,,other,site:getground.co.uk
buy property paros,10,,,other,site:getground.co.uk
buy property queenstown,10,0.06,,other,site:getground.co.uk
buy luxury property,10,13.4,,other,site:getground.co.uk
property for sale rome city centre,10,0.16,,other,site:getground.co.uk
property for sale barcelona city centre,10,0.03,,other,site:getground.co.uk
property centre longlevens houses for sale,10,0.04,,other,site:getground.co.uk
property for sale galway city centre,10,,,other,site:getground.co.uk
all star property,10,,,other,site:getground.co.uk
tax return calculator investment property,10,,,tools,site:getground.co.uk
tax claim on investment property,10,,,other,site:getground.co.uk
investment property renovations tax deductions,10,,,other,site:getground.co.uk
australia investment property tax deductions,10,,,other,site:getground.co.uk
investment property loss tax deduction,10,,,other,site:getground.co.uk
how to help your house sell,10,13.46,,other,site:getground.co.uk
dee one property,10,,,other,site:getground.co.uk
property one developments,10,,,other,site:getground.co.uk
can pr buy landed property in singapore,10,,,other,site:getground.co.uk
can i buy property in new zealand,10,,,other,site:getground.co.uk
investment property for sale in south africa,10,,,other,site:getground.co.uk
property investment for beginners in south africa,10,,,other,site:getground.co.uk
buy and sell property in spain,10,2.35,,other,site:getground.co.uk
how to buy property in sardinia,10,,,other,site:getground.co.uk
how to buy property in kerala,10,1.67,,other,site:getground.co.uk
how to buy auction property malaysia,10,,,other,site:getground.co.uk
how to buy property in ghana,10,,,other,site:getground.co.uk
how to buy property in egypt,10,1.22,,other,site:getground.co.uk
how to find property to buy,10,1.85,,other,site:getground.co.uk
how to buy property in germany,10,,,other,site:getground.co.uk
the property buying company spv1 limited,10,,,other,site:getground.co.uk
best place to buy to let property in uk,10,,,other,site:getground.co.uk
hastings buy to let,10,,,other,site:getground.co.uk
bracknell buy to let,10,,,other,site:getground.co.uk
buy to let success,10,,,other,site:getground.co.uk
buy to let bolton,10,7.85,,other,site:getground.co.uk
buy to let finished,10,,,other,site:getground.co.uk
darlington buy to let,10,17.32,,other,site:getground.co.uk
buy to let renovation,10,,,other,site:getground.co.uk
gateshead buy to let,10,,,other,site:getground.co.uk
buy property in greece for residence,10,,,other,site:getground.co.uk
rent to buy property for sale,10,1.28,,other,site:getground.co.uk
amsterdam property tax,10,,,other,site:getground.co.uk
property investment in cape town,10,8.26,,other,site:getground.co.uk
vacation home vs investment property,10,,,other,site:getground.co.uk
property investment in kuala lumpur,10,,,other,site:getground.co.uk
best property investment in malaysia,10,,,other,site:getground.co.uk
property investment in north cyprus,10,,,other,site:getground.co.uk
primary residence or investment property,10,,,other,site:getground.co.uk
owner occupied vs investment property,10,,,other,site:getground.co.uk
property investment in johor bahru,10,,,other,site:getground.co.uk
buy to let houses for sale uk,10,,,other,site:getground.co.uk
help to buy hampstead,10,,,other,site:getground.co.uk
help to buy freehold,10,,,other,site:getground.co.uk
property for sale in swansea city centre,10,,,other,site:getground.co.uk
property for sale in perth city centre,10,,,other,site:getground.co.uk
property for sale in lisbon city centre,10,2.69,,other,site:getground.co.uk
property for sale in cork city centre,10,,,other,site:getground.co.uk
property for sale in dundee city centre,10,0.02,,other,site:getground.co.uk
property for sale in canterbury city centre,10,,,other,site:getground.co.uk
property for sale in marbella town centre,10,,,other,site:getground.co.uk
property for sale in galway city centre,10,,,other,site:getground.co.uk
property for sale in verona city centre,10,0.09,,other,site:getground.co.uk
property for sale in malaga historic centre,10,0.02,,other,site:getground.co.uk
property management company thailand,10,,,other,site:getground.co.uk
property company in penang,10,,,other,site:getground.co.uk
where to buy a house for investment,10,,,other,site:getground.co.uk
market your own property,10,,,other,site:getground.co.uk
selling your property online,10,24.24,,other,site:getground.co.uk
sell your property uk,10,14.05,,other,site:getground.co.uk
buy under construction property,10,,,other,site:getground.co.uk
buy sell property cyprus,10,1.22,,other,site:getground.co.uk
buy property in pattaya,10,1.78,,other,site:getground.co.uk
calahonda property to buy,10,,,other,site:getground.co.uk
shop property to buy,10,,,other,site:getground.co.uk
property buy or sell,10,,,other,site:getground.co.uk
buy property punta cana,10,0.92,,other,site:getground.co.uk
buy property in maldives,10,,,other,site:getground.co.uk
buy property in windsor,10,,,other,site:getground.co.uk
buy property in jakarta,10,,,other,site:getground.co.uk
buy property in somalia,10,,,other,site:getground.co.uk
buy property johor bahru,10,0.04,,other,site:getground.co.uk
easy buy property spain,10,,,other,site:getground.co.uk
isa to buy property,10,1.13,,other,site:getground.co.uk
buy property in belgium,10,,,other,site:getground.co.uk
property buy los angeles,10,0.05,,other,site:getground.co.uk
buy property porto portugal,10,2.37,,other,site:getground.co.uk
buy property in macedonia,10,,,other,site:getground.co.uk
online property buy site,10,,,other,site:getground.co.uk
buy property palma mallorca,10,0.02,,other,site:getground.co.uk
buy property da nang,10,,,other,site:getground.co.uk
buy property istria croatia,10,,,other,site:getground.co.uk
buy property ireland foreigners,10,,,other,site:getground.co.uk
how to buy a property in bali,10,,,other,site:getground.co.uk
how to buy cheap property in uk,10,1.62,,other,site:getground.co.uk
help to buy homes for sale london,10,,,other,site:getground.co.uk
help to buy houses for sale london,10,,,other,site:getground.co.uk
buy to let or buy to live,10,,,other,site:getground.co.uk
the property hub for sale,10,,,other,site:getground.co.uk
one heritage property development,10,,,other,site:getground.co.uk
one dome property search,10,,,other,site:getground.co.uk
cheapest property in the world to buy,10,2.48,,other,site:getground.co.uk
buy to let student houses,10,3.89,,other,site:getground.co.uk
buy to let advice scotland,10,1.33,,other,site:getground.co.uk
buy to let market 2022,10,,,other,site:getground.co.uk
mansfield family buy to let,10,,,other,site:getground.co.uk
buy to let new homes,10,,,other,site:getground.co.uk
buy to let scotland guide,10,,,other,site:getground.co.uk
deferred tax calculation on investment property,10,,,other,site:getground.co.uk
stamp duty investment property tax deductible,10,,,transfer-in,site:getground.co.uk;site:uklandlordtax.co.uk
purchase of investment property tax deductions,10,,,other,site:getground.co.uk
buy your first investment property,10,,,other,site:getground.co.uk
why buy an investment property,10,,,other,site:getground.co.uk
under one roof guernsey property for sale,10,,,other,site:getground.co.uk
best investment property in south africa,10,,,other,site:getground.co.uk
property for sale in can pastilla mallorca,10,0.02,,other,site:getground.co.uk
tax help for freelancers,10,,,other,site:getground.co.uk
tax help for disabled,10,,,other,site:getground.co.uk
house and property,10,0.2,,other,site:getground.co.uk
how to buy and sell houses for profit,10,,,other,site:getground.co.uk
help to buy muswell hill,10,,,other,site:getground.co.uk
rental property tax singapore,10,,,other,site:getground.co.uk
mann and co property for sale,10,,,other,site:getground.co.uk
home and away property for sale,10,,,other,site:getground.co.uk
c and d property for sale,10,,,other,site:getground.co.uk
how to buy a property in new zealand,10,,,other,site:getground.co.uk
airbnb tax documents,10,,,other,site:getground.co.uk
tips to sell your property,10,,,other,site:getground.co.uk
using super for investment property,10,,,other,site:getground.co.uk
buy property in larnaca cyprus,10,1.62,,other,site:getground.co.uk
buy property in protaras cyprus,10,1.75,,other,site:getground.co.uk
buy property in abruzzo italy,10,0.51,,other,site:getground.co.uk
buy property in lucca italy,10,0.23,,other,site:getground.co.uk
buy property in galicia spain,10,0.02,,other,site:getground.co.uk
buy property direct from developer,10,,,other,site:getground.co.uk
property to buy near barcelona,10,,,other,site:getground.co.uk
buy property in tarragona spain,10,0.03,,other,site:getground.co.uk
buy property in krabi thailand,10,,,other,site:getground.co.uk
buy property directly from owner,10,0.76,,other,site:getground.co.uk
buy property in positano italy,10,,,other,site:getground.co.uk
santa pola property to buy,10,,,other,site:getground.co.uk
buy property in sitges spain,10,,,other,site:getground.co.uk
buy a property in colindale,10,,,other,site:getground.co.uk
rent to buy property johannesburg,10,,,other,site:getground.co.uk
the property xperts,10,,,other,site:getground.co.uk
commercial property and residential property difference,10,,,other,site:getground.co.uk
property for 30000,10,,,other,site:getground.co.uk
property for 5000,10,,,other,site:getground.co.uk
property for 5k,10,,,other,site:getground.co.uk
property for 40k,10,,,other,site:getground.co.uk
property for 30k,10,,,other,site:getground.co.uk
the shard london property for sale,10,,,other,site:getground.co.uk
property for sale the anchorage mallorca,10,,,other,site:getground.co.uk
tax basic knowledge,10,,,other,site:getground.co.uk
tax on knowledge,10,,,other,site:getground.co.uk
sell buy to let with tenants,10,39.49,,other,site:getground.co.uk
best buy-to-let areas 2020,10,,,other,site:getground.co.uk
best buy-to-let areas 2021,10,,,other,site:getground.co.uk
buy to let flat or house,10,2.33,,other,site:getground.co.uk
your investment property,10,,,other,site:getground.co.uk
property 24 hermanus property for sale,10,,,other,site:getground.co.uk
french property news property for sale,10,0.07,,other,site:getground.co.uk
residential investment for sale,10,,,other,site:getground.co.uk
leisure investment for sale,10,,,other,site:getground.co.uk
deferred tax on investment property frs 102,10,,,other,site:getground.co.uk
how to sell your house for the best price,10,,,other,site:getground.co.uk
property and houses for sale near me,10,,,other,site:getground.co.uk
property for sale in tuscany and umbria,10,0.1,,other,site:getground.co.uk
investment property deductions,10,,,other,site:getground.co.uk
list of property company in malaysia,10,,,other,site:getground.co.uk
foreign company buying property in malaysia,10,,,other,site:getground.co.uk
sell my home and buy a new one,10,,,other,site:getground.co.uk
bricks and mortar property,10,,,other,site:getground.co.uk
homes and property uk,10,,,other,site:getground.co.uk
sell and rent property,10,,,other,site:getground.co.uk
metro homes and property,10,,,other,site:getground.co.uk
sell your property to a developer,10,,,other,site:getground.co.uk
foreigner buy property in kuala lumpur,10,0.03,,other,site:getground.co.uk
cheap property to buy in bulgaria,10,0.1,,other,site:getground.co.uk
best place to buy cheap property,10,1.82,,other,site:getground.co.uk
buy property in bulgaria sunny beach,10,,,other,site:getground.co.uk
property in usa cheap to buy,10,,,other,site:getground.co.uk
vice city best property to buy,10,,,other,site:getground.co.uk
property to buy in provence france,10,0.33,,other,site:getground.co.uk
best place to buy vacation property,10,,,other,site:getground.co.uk
cheap property to buy in malta,10,,,other,site:getground.co.uk
if you buy property in egypt,10,,,other,site:getground.co.uk
property to buy in dubrovnik croatia,10,0.07,,other,site:getground.co.uk
best time to buy rental property,10,,,other,site:getground.co.uk
rent to buy property south africa,10,2.66,,other,site:getground.co.uk
property to buy in competa spain,10,0.22,,other,site:getground.co.uk
selling a property to buy another,10,,,other,site:getground.co.uk
we ll buy your house,10,17.39,,other,site:getground.co.uk
investment tax form,10,,,other,site:getground.co.uk
best buy-to-let areas uk 2021,10,,,other,site:getground.co.uk
buy to let new build or old,10,,,other,site:getground.co.uk
the property shop ltd,10,,,other,site:getground.co.uk
the property shop ongar,10,,,other,site:getground.co.uk
the property shop glasgow,10,,,other,site:getground.co.uk
the property agency amsterdam,10,,,other,site:getground.co.uk
the property group christchurch,10,,,other,site:getground.co.uk
mac the property co,10,,,other,site:getground.co.uk
property in the hague,10,,,other,site:getground.co.uk
the luxury property network,10,,,other,site:getground.co.uk
the property shop waterville,10,,,other,site:getground.co.uk
the property shop paphos,10,,,other,site:getground.co.uk
the property shop dudley,10,,,other,site:getground.co.uk
can i pay property tax online,10,,,other,site:getground.co.uk
tax filing help for seniors,10,,,run-the-company,site:getground.co.uk
tax help for low income,10,,,other,site:getground.co.uk
tax help for back taxes,10,4,,other,site:getground.co.uk
property for sale ss3,10,,,other,site:getground.co.uk
atholl property for sale,10,0.02,,other,site:getground.co.uk
taranto property for sale,10,0.02,,other,site:getground.co.uk
property for sale ch66,10,0.02,,other,site:getground.co.uk
property for sale ip11,10,,,other,site:getground.co.uk
property for sale beulah,10,,,other,site:getground.co.uk
property for sale cf44,10,,,other,site:getground.co.uk
property for sale city,10,,,other,site:getground.co.uk
property for sale rh5,10,,,other,site:getground.co.uk
valais property for sale,10,1.29,,other,site:getground.co.uk
property for sale s81,10,0.44,,other,site:getground.co.uk
property for sale gu8,10,0.02,,other,site:getground.co.uk
property for sale me9,10,0.08,,other,site:getground.co.uk
century property for sale,10,,,other,site:getground.co.uk
kiribati property for sale,10,,,other,site:getground.co.uk
property for sale b17,10,,,other,site:getground.co.uk
property for sale gl20,10,,,other,site:getground.co.uk
property for sale bn22,10,,,other,site:getground.co.uk
pj property for sale,10,0.02,,other,site:getground.co.uk
property for sale raheny,10,,,other,site:getground.co.uk
property for sale sy11,10,1.08,,other,site:getground.co.uk
property for sale balnain,10,,,other,site:getground.co.uk
property for sale redhouse,10,,,other,site:getground.co.uk
property for sale bt62,10,,,other,site:getground.co.uk
property for sale inverie,10,,,other,site:getground.co.uk
property for sale cwmdu,10,,,other,site:getground.co.uk
rehab property for sale,10,,,other,site:getground.co.uk
rosehill property for sale,10,,,other,site:getground.co.uk
property for sale vleesbaai,10,0.01,,other,site:getground.co.uk
property for sale gu16,10,,,other,site:getground.co.uk
property for sale tours,10,,,other,site:getground.co.uk
property for sale pe30,10,,,other,site:getground.co.uk
property for sale croespenmaen,10,,,other,site:getground.co.uk
property for sale sa33,10,0.04,,other,site:getground.co.uk
tyrol property for sale,10,1.61,,other,site:getground.co.uk
property for sale gouritsmond,10,,,other,site:getground.co.uk
manarola property for sale,10,,,other,site:getground.co.uk
property for sale koufonisia,10,,,other,site:getground.co.uk
professionals property for sale,10,,,other,site:getground.co.uk
montefegatesi property for sale,10,,,other,site:getground.co.uk
property for sale ba11,10,,,other,site:getground.co.uk
property for sale rh10,10,,,other,site:getground.co.uk
property for sale velddrif,10,0.02,,other,site:getground.co.uk
villacosta property for sale,10,,,other,site:getground.co.uk
melides property for sale,10,0.78,,other,site:getground.co.uk
property for sale leenane,10,,,other,site:getground.co.uk
albuñuelas property for sale,10,,,other,site:getground.co.uk
property for sale ponthenri,10,,,other,site:getground.co.uk
property for sale bn24,10,,,other,site:getground.co.uk
property for sale sm7,10,,,other,site:getground.co.uk
property for sale hp23,10,,,other,site:getground.co.uk
property for sale me2,10,,,other,site:getground.co.uk
property for sale folegandros,10,0.14,,other,site:getground.co.uk
property for sale rm14,10,0.18,,other,site:getground.co.uk
sumner property for sale,10,,,other,site:getground.co.uk
property for sale ex8,10,,,other,site:getground.co.uk
property for sale ip29,10,,,other,site:getground.co.uk
property for sale np44,10,0.13,,other,site:getground.co.uk
property for sale dy10,10,,,other,site:getground.co.uk
property for sale seefeld,10,,,other,site:getground.co.uk
hanna property for sale,10,,,other,site:getground.co.uk
property for sale glasthule,10,,,other,site:getground.co.uk
property for sale ab15,10,0.32,,other,site:getground.co.uk
salento property for sale,10,0.85,,other,site:getground.co.uk
property for sale pe15,10,,,other,site:getground.co.uk
property for sale bh20,10,0.06,,other,site:getground.co.uk
property for sale ph1,10,,,other,site:getground.co.uk
property for sale grabouw,10,,,other,site:getground.co.uk
cooroy property for sale,10,,,other,site:getground.co.uk
property for sale parkfield,10,,,other,site:getground.co.uk
property for sale so42,10,,,other,site:getground.co.uk
flims property for sale,10,,,other,site:getground.co.uk
property for sale feeny,10,,,other,site:getground.co.uk
property for sale le16,10,,,other,site:getground.co.uk
nama property for sale,10,,,other,site:getground.co.uk
property for sale higgovale,10,0.05,,other,site:getground.co.uk
property for sale ta19,10,,,other,site:getground.co.uk
property for sale me7,10,,,other,site:getground.co.uk
mason property for sale,10,,,other,site:getground.co.uk
palombaro property for sale,10,0.12,,other,site:getground.co.uk
kimolos property for sale,10,0.27,,other,site:getground.co.uk
property for sale po9,10,,,other,site:getground.co.uk
property for sale ex31,10,,,other,site:getground.co.uk
property for sale tn34,10,,,other,site:getground.co.uk
vr property for sale,10,,,other,site:getground.co.uk
property for sale wf5,10,0.02,,other,site:getground.co.uk
fernwood property for sale,10,,,other,site:getground.co.uk
property for sale hp22,10,,,other,site:getground.co.uk
property for sale cr4,10,0.02,,other,site:getground.co.uk
property for sale ex16,10,,,other,site:getground.co.uk
property for sale bs39,10,,,other,site:getground.co.uk
concarneau property for sale,10,0.02,,other,site:getground.co.uk
property for sale bn43,10,0.02,,other,site:getground.co.uk
property for sale townhill,10,,,other,site:getground.co.uk
property for sale ml8,10,,,other,site:getground.co.uk
property for sale pa3,10,,,other,site:getground.co.uk
property for sale l33,10,,,other,site:getground.co.uk
non resident company capital gains tax,10,,,transfer-in,site:uklandlordtax.co.uk
stamp duty for buy to let landlords,10,,,transfer-in,site:uklandlordtax.co.uk
non resident capital gains tax commercial property,10,,,transfer-in,site:uklandlordtax.co.uk
california capital gains tax non-resident,10,,,transfer-in,site:uklandlordtax.co.uk
stamp duty uk property non resident,10,,,transfer-in,site:uklandlordtax.co.uk
stamp duty for buy to let property uk,10,,,transfer-in,site:uklandlordtax.co.uk
inheritance vs capital gains tax,10,,,transfer-in,site:uklandlordtax.co.uk
capital gains tax or inheritance tax,10,,,transfer-in,site:uklandlordtax.co.uk
non-resident capital gains tax hmrc guidance,10,,,transfer-in,site:uklandlordtax.co.uk
non resident capital gains tax hmrc manual,10,,,transfer-in,site:uklandlordtax.co.uk
capital gains tax non resident south africa,10,,,transfer-in,site:uklandlordtax.co.uk
canada inheritance tax non-resident,10,,,non-resident,site:uklandlordtax.co.uk
non domiciled capital gains tax,10,,,transfer-in,site:uklandlordtax.co.uk
buy-to-let stamp duty exemptions,10,,,transfer-in,site:uklandlordtax.co.uk
stamp duty buy-to-let scotland,10,,,transfer-in,site:uklandlordtax.co.uk
non-resident company tax,10,,,non-resident,site:uklandlordtax.co.uk
property tax or stamp duty,10,,,transfer-in,site:uklandlordtax.co.uk
stamp duty buy to let budget,10,,,transfer-in,site:uklandlordtax.co.uk
stamp duty increase buy to let,10,,,transfer-in,site:uklandlordtax.co.uk
buy-to-let stamp duty holiday,10,,,transfer-in,site:uklandlordtax.co.uk
stamp duty remortgage buy to let,10,,,transfer-in,site:uklandlordtax.co.uk
stamp duty buy to let hmrc,10,,,transfer-in,site:uklandlordtax.co.uk
buy-to-let stamp duty changes,10,,,transfer-in,site:uklandlordtax.co.uk
stamp duty buy to let 2018,10,,,transfer-in,site:uklandlordtax.co.uk
buy to let and second home stamp duty,10,,,transfer-in,site:uklandlordtax.co.uk
inheritance tax on property with mortgage,10,,,mortgages,site:uklandlordtax.co.uk
stamp duty on buy-to-let scotland,10,,,transfer-in,site:uklandlordtax.co.uk
portugal property tax non resident,10,,,non-resident,site:uklandlordtax.co.uk
non resident property tax ireland,10,,,non-resident,site:uklandlordtax.co.uk
non resident property tax canada,10,,,non-resident,site:uklandlordtax.co.uk
stamp duty on holiday let property,10,,,transfer-in,site:uklandlordtax.co.uk
property capital gains tax south africa,10,,,transfer-in,site:uklandlordtax.co.uk
agricultural property relief capital gains tax,10,,,transfer-in,site:uklandlordtax.co.uk
italian capital gains tax on property,10,,,transfer-in,site:uklandlordtax.co.uk
portugal capital gains tax on property,10,,,transfer-in,site:uklandlordtax.co.uk
landlord remortgage property,10,,,other,site:uklandlordtax.co.uk
stamp duty on buy to let 2019,10,,,transfer-in,site:uklandlordtax.co.uk
stamp duty on buy to let scotland,10,,,transfer-in,site:uklandlordtax.co.uk
avoid stamp duty on buy to let,10,,,transfer-in,site:uklandlordtax.co.uk
stamp duty on buy to let 2020,10,,,transfer-in,site:uklandlordtax.co.uk
new stamp duty rates buy to let,10,,,transfer-in,site:uklandlordtax.co.uk
inheritance tax mortgage,10,,,mortgages,site:uklandlordtax.co.uk
non-resident company tax return,10,,,non-resident,site:uklandlordtax.co.uk
non resident uk company tax,10,,,non-resident,site:uklandlordtax.co.uk
non-resident company income tax,10,,,non-resident,site:uklandlordtax.co.uk
capital gains tax company vs individual,10,,,transfer-in,site:uklandlordtax.co.uk
company capital gains tax calculator,10,1.11,,transfer-in,site:uklandlordtax.co.uk
loopholes for capital gains tax,10,,,transfer-in,site:uklandlordtax.co.uk
stamp duty second home limited company,10,,,transfer-in,site:uklandlordtax.co.uk
mortgage and property tax,10,,,mortgages,site:uklandlordtax.co.uk
limited company buy to let the mortgage works,10,,,mortgages,site:uklandlordtax.co.uk
natwest buy to let mortgage for limited company,10,,,mortgages,site:uklandlordtax.co.uk
buy to let mortgage for limited company scotland,10,,,mortgages,site:uklandlordtax.co.uk
hawaii property tax rate for non-resident,10,,,non-resident,site:uklandlordtax.co.uk
stamp duty when company buys property,10,,,transfer-in,site:uklandlordtax.co.uk
capital gains tax in mexico for non residents,10,,,transfer-in,site:uklandlordtax.co.uk
buy to let mortgage ireland non resident,10,,,mortgages,site:uklandlordtax.co.uk
quarterly return for non resident landlords,10,,,non-resident,site:uklandlordtax.co.uk
non resident landlord tax free allowance uk,10,,,non-resident,site:uklandlordtax.co.uk
converting residential to buy to let stamp duty,10,,,transfer-in,site:uklandlordtax.co.uk
stamp duty on second home buy-to-let,10,0.14,,transfer-in,site:uklandlordtax.co.uk
buy-to-let stamp duty after march 2021,10,,,transfer-in,site:uklandlordtax.co.uk
capital gains tax brazil,10,,,transfer-in,site:uklandlordtax.co.uk
capital gains tax 2022,10,0.5,,transfer-in,site:uklandlordtax.co.uk
uruguay capital gains tax,10,,,transfer-in,site:uklandlordtax.co.uk
capital gains tax 2018,10,,,transfer-in,site:uklandlordtax.co.uk
capital gains tax pa,10,,,transfer-in,site:uklandlordtax.co.uk
argentina capital gains tax,10,,,transfer-in,site:uklandlordtax.co.uk
capital gains tax 2023,10,,,transfer-in,site:uklandlordtax.co.uk
capital gains tax queries,10,,,transfer-in,site:uklandlordtax.co.uk
commercial capital gains tax,10,,,transfer-in,site:uklandlordtax.co.uk
tax bill capital gains,10,,,transfer-in,site:uklandlordtax.co.uk
entrepreneur capital gains tax,10,,,transfer-in,site:uklandlordtax.co.uk
capital gains tax panama,10,,,transfer-in,site:uklandlordtax.co.uk
llc capital gains tax,10,,,transfer-in,site:uklandlordtax.co.uk
oregon capital gains tax,10,,,transfer-in,site:uklandlordtax.co.uk
capital gains tax quarterly,10,,,transfer-in,site:uklandlordtax.co.uk
capital gains tax 250k,10,,,transfer-in,site:uklandlordtax.co.uk
capital gains tax pdf,10,,,transfer-in,site:uklandlordtax.co.uk
capital gains tax farmers,10,,,transfer-in,site:uklandlordtax.co.uk
transfer property to spouse capital gains tax,10,,,transfer-in,site:uklandlordtax.co.uk
capital gains tax uk property disposals service,10,,,transfer-in,site:uklandlordtax.co.uk
calculate capital gains tax on inherited property,10,,,transfer-in,site:uklandlordtax.co.uk
transfer property between spouses capital gains tax,10,,,transfer-in,site:uklandlordtax.co.uk
payment of capital gains tax on property,10,,,transfer-in,site:uklandlordtax.co.uk
mortgage interest landlord tax,10,,,mortgages,site:uklandlordtax.co.uk
calculate capital gains tax on buy to let property,10,1.18,,transfer-in,site:uklandlordtax.co.uk
company mortgages for property,10,,,mortgages,site:uklandlordtax.co.uk
commercial property capital gains tax calculator,10,2.34,,transfer-in,site:uklandlordtax.co.uk
capital gains tax calculator australia property,10,,,transfer-in,site:uklandlordtax.co.uk
french property capital gains tax calculator,10,,,transfer-in,site:uklandlordtax.co.uk
tax resident vs non tax resident,10,,,other,site:uklandlordtax.co.uk
limited company buy to let mortgage deposit,10,3.41,,mortgages,site:uklandlordtax.co.uk
buy to let mortgages uk limited company,10,9.71,,mortgages,site:uklandlordtax.co.uk
limited company buy to let mortgage providers,10,,,mortgages,site:uklandlordtax.co.uk
barclays buy-to-let mortgage limited company,10,,,mortgages,site:uklandlordtax.co.uk
spv limited company buy to let mortgage,10,,,mortgages,site:uklandlordtax.co.uk
stamp duty industrial property,10,2.33,,transfer-in,site:uklandlordtax.co.uk
stamp duty relief for multiple dwellings,10,,,transfer-in,site:uklandlordtax.co.uk
capital gains tax: separation and divorce,10,,,transfer-in,site:uklandlordtax.co.uk
stamp duty joint mortgage,10,,,transfer-in,site:uklandlordtax.co.uk
landlord buy to let mortgages,10,,,mortgages,site:uklandlordtax.co.uk
non resident company uk corporation tax,10,,,run-the-company,site:uklandlordtax.co.uk
stamp duty tax code,10,,,transfer-in,site:uklandlordtax.co.uk
stamp duty tax cuts,10,,,transfer-in,site:uklandlordtax.co.uk
stamp duty tax exemption,10,,,transfer-in,site:uklandlordtax.co.uk
stamp duty tax benefits,10,,,transfer-in,site:uklandlordtax.co.uk
stamp duty if i own a buy-to-let,10,,,transfer-in,site:uklandlordtax.co.uk
buy to let mortgage for first time landlords,10,,,mortgages,site:uklandlordtax.co.uk
deductible costs for capital gains tax,10,,,transfer-in,site:uklandlordtax.co.uk
accountants fee for capital gains tax,10,0.8,,transfer-in,site:uklandlordtax.co.uk
tax planning for non resident,10,,,non-resident,site:uklandlordtax.co.uk
tax code for non resident,10,,,non-resident,site:uklandlordtax.co.uk
non resident for tax purposes,10,,,non-resident,site:uklandlordtax.co.uk
capital gains tax vs dividend tax,10,,,transfer-in,site:uklandlordtax.co.uk
wealth tax vs capital gains tax,10,,,transfer-in,site:uklandlordtax.co.uk
income tax or capital gains tax,10,,,transfer-in,site:uklandlordtax.co.uk
mortgage property tax,10,,,mortgages,site:uklandlordtax.co.uk
non resident landlord annual return,10,,,non-resident,site:uklandlordtax.co.uk
stamp duty for commercial property rental,10,,,transfer-in,site:uklandlordtax.co.uk
inheritance tax usa for non residents,10,,,other,site:uklandlordtax.co.uk
limited company buy to let mortgage northern ireland,10,6.93,,mortgages,site:uklandlordtax.co.uk
resident or non resident for tax purposes,10,,,non-resident,site:uklandlordtax.co.uk
can you add stamp duty to mortgage nationwide,10,,,transfer-in,site:uklandlordtax.co.uk
can you add stamp duty to mortgage halifax,10,,,transfer-in,site:uklandlordtax.co.uk
agricultural relief capital gains tax,10,,,transfer-in,site:uklandlordtax.co.uk;site:watsonknipe.co.uk
costa rica capital gains tax,10,,,transfer-in,site:uklandlordtax.co.uk
capital gains tax rate table,10,,,transfer-in,site:uklandlordtax.co.uk
capital gains tax calculator arizona,10,,,transfer-in,site:uklandlordtax.co.uk
capital gains tax autumn budget,10,,,transfer-in,site:uklandlordtax.co.uk
pay capital gains tax ireland,10,,,transfer-in,site:uklandlordtax.co.uk
new jersey capital gains tax,10,,,transfer-in,site:uklandlordtax.co.uk
capital gains tax uk 2019,10,,,transfer-in,site:uklandlordtax.co.uk
self-employed capital gains tax,10,,,transfer-in,site:uklandlordtax.co.uk
capital gains tax rates budget,10,,,transfer-in,site:uklandlordtax.co.uk
capital gains tax calculator texas,10,,,transfer-in,site:uklandlordtax.co.uk
california tax unrealized capital gains,10,,,transfer-in,site:uklandlordtax.co.uk
capital gains tax calculator alberta,10,,,transfer-in,site:uklandlordtax.co.uk
capital gains tax rate brackets,10,,,transfer-in,site:uklandlordtax.co.uk
capital gains tax rates 2019,10,,,transfer-in,site:uklandlordtax.co.uk
california capital gains tax brackets,10,,,transfer-in,site:uklandlordtax.co.uk
capital gains tax 2022-23,10,,,transfer-in,site:uklandlordtax.co.uk
capital gains tax reporting limits,10,,,transfer-in,site:uklandlordtax.co.uk
capital gains tax zimbabwe pdf,10,,,transfer-in,site:uklandlordtax.co.uk
ontario capital gains tax calculator,10,,,transfer-in,site:uklandlordtax.co.uk
florida capital gains tax calculator,10,,,transfer-in,site:uklandlordtax.co.uk
capital gains tax kenya exemptions,10,,,transfer-in,site:uklandlordtax.co.uk
capital gains tax on £75000,10,,,transfer-in,site:uklandlordtax.co.uk
capital gains tax allowance 2022,10,,,transfer-in,site:uklandlordtax.co.uk
capital gains tax rate ontario,10,,,transfer-in,site:uklandlordtax.co.uk
virginia tax on capital gains,10,,,transfer-in,site:uklandlordtax.co.uk
capital gains under income tax,10,,,transfer-in,site:uklandlordtax.co.uk
interspousal transfer capital gains tax,10,,,transfer-in,site:uklandlordtax.co.uk
hmrc capital gains tax guidance,10,,,transfer-in,site:uklandlordtax.co.uk
mesher order capital gains tax,10,,,transfer-in,site:uklandlordtax.co.uk
capital gains tax 2022-2023,10,,,transfer-in,site:uklandlordtax.co.uk
capital gains tax rate 2006,10,,,transfer-in,site:uklandlordtax.co.uk
capital gains tax 21 22,10,,,transfer-in,site:uklandlordtax.co.uk
capital gains tax ireland form,10,,,transfer-in,site:uklandlordtax.co.uk
autumn statement capital gains tax,10,,,transfer-in,site:uklandlordtax.co.uk
capital gains tax rate california,10,,,transfer-in,site:uklandlordtax.co.uk
capital gains tax income brackets,10,,,transfer-in,site:uklandlordtax.co.uk
capital gains tax ireland exemptions,10,,,transfer-in,site:uklandlordtax.co.uk
capital gains tax form 2021,10,,,transfer-in,site:uklandlordtax.co.uk
capital gains tax calculator queensland,10,,,transfer-in,site:uklandlordtax.co.uk
buy-to-let tax for married couples,10,,,other,site:uklandlordtax.co.uk
best buy to let mortgage rates for portfolio landlords,10,10.58,,mortgages,site:uklandlordtax.co.uk
buy to let mortgage portfolio landlord,10,,,mortgages,site:uklandlordtax.co.uk
non resident mortgage australia,10,,,mortgages,site:uklandlordtax.co.uk
sabadell non resident mortgage,10,,,mortgages,site:uklandlordtax.co.uk
non permanent resident mortgage,10,,,mortgages,site:uklandlordtax.co.uk
non resident tax rules,10,,,non-resident,site:uklandlordtax.co.uk
cyprus non resident tax,10,4.83,,non-resident,site:uklandlordtax.co.uk
non resident tax calculation,10,,,non-resident,site:uklandlordtax.co.uk
non resident tax filing,10,,,run-the-company,site:uklandlordtax.co.uk
non resident tax credits,10,,,non-resident,site:uklandlordtax.co.uk
non resident tax accountant,10,,,non-resident,site:uklandlordtax.co.uk
non resident gift tax,10,,,non-resident,site:uklandlordtax.co.uk
capital gains tax on residential property calculator,10,,,transfer-in,site:uklandlordtax.co.uk
mortgage holiday for landlords,10,,,mortgages,site:uklandlordtax.co.uk
stamp duty holiday commercial property,10,,,transfer-in,site:uklandlordtax.co.uk;site:watsonknipe.co.uk
stamp duty commercial property nsw,10,,,transfer-in,site:uklandlordtax.co.uk;site:watsonknipe.co.uk
commercial property buyer stamp duty,10,,,transfer-in,site:uklandlordtax.co.uk
commercial property stamp duty singapore,10,,,transfer-in,site:uklandlordtax.co.uk
stamp duty ireland commercial property,10,,,transfer-in,site:uklandlordtax.co.uk
stamp duty qld commercial property,10,,,transfer-in,site:uklandlordtax.co.uk
stamp duty calculator business property,10,,,transfer-in,site:uklandlordtax.co.uk
buy to let mortgage for auction property,10,9.39,,mortgages,site:uklandlordtax.co.uk
buy to let mortgage for property abroad,10,,,mortgages,site:uklandlordtax.co.uk
non resident landlord capital allowances,10,,,non-resident,site:uklandlordtax.co.uk
uk tax resident company,10,,,other,site:uklandlordtax.co.uk
income tax vs capital gains tax uk,10,,,transfer-in,site:uklandlordtax.co.uk
income tax stamp duty exemption,10,,,transfer-in,site:uklandlordtax.co.uk
company buy to let stamp duty calculator,10,,,transfer-in,site:uklandlordtax.co.uk
income and capital gains tax calculator,10,0.51,,transfer-in,site:uklandlordtax.co.uk
property tax mortgage deduction,10,,,mortgages,site:uklandlordtax.co.uk
belgium tax calculator for non resident,10,,,non-resident,site:uklandlordtax.co.uk
corporation tax for non resident companies,10,,,run-the-company,site:uklandlordtax.co.uk
non resident landlord withholding tax,10,,,non-resident,site:uklandlordtax.co.uk
gov uk capital gains tax on uk property account,10,,,transfer-in,site:uklandlordtax.co.uk
calculating capital gains tax on property in south africa,10,,,transfer-in,site:uklandlordtax.co.uk
buy to let mortgage live in landlord,10,,,mortgages,site:uklandlordtax.co.uk
buy to let property finance,10,,,other,site:uklandlordtax.co.uk
inheritance tax in switzerland for non residents,10,,,other,site:uklandlordtax.co.uk
capital gains tax buy to let calculator uk,10,5.02,,transfer-in,site:uklandlordtax.co.uk
halifax add stamp duty to mortgage,10,,,transfer-in,site:uklandlordtax.co.uk
aldermore limited company mortgages,10,,,mortgages,site:uklandlordtax.co.uk
tax on sale of property by non resident,10,,,non-resident,site:uklandlordtax.co.uk
buy to let interest tax,10,,,other,site:uklandlordtax.co.uk
buy to let house tax,10,,,other,site:uklandlordtax.co.uk
natwest non uk resident mortgage,10,8.7,,mortgages,site:uklandlordtax.co.uk
how to finance a buy-to-let property,10,,,other,site:uklandlordtax.co.uk
how to fund a buy to let property,10,,,other,site:uklandlordtax.co.uk
stamp duty changes for landlords,10,,,transfer-in,site:uklandlordtax.co.uk
buy-to-let stamp duty 2021,10,,,transfer-in,site:uklandlordtax.co.uk
buy-to-let stamp duty surcharge,10,,,transfer-in,site:uklandlordtax.co.uk
minimum property value for buy to let mortgage,10,,,mortgages,site:uklandlordtax.co.uk
selling a farm capital gains tax,10,,,transfer-in,site:uklandlordtax.co.uk
capital gains tax late payment penalties,10,,,transfer-in,site:uklandlordtax.co.uk
capital gains tax in puerto rico,10,,,transfer-in,site:uklandlordtax.co.uk
capital gains vs income tax canada,10,,,transfer-in,site:uklandlordtax.co.uk
capital gains tax small business concessions,10,,,transfer-in,site:uklandlordtax.co.uk
capital gains tax 60 day reporting,10,,,transfer-in,site:uklandlordtax.co.uk
capital gains tax small business sale,10,,,transfer-in,site:uklandlordtax.co.uk
capital gains tax autumn budget 2021,10,,,transfer-in,site:uklandlordtax.co.uk
capital gains tax rates 2015/16,10,,,transfer-in,site:uklandlordtax.co.uk
capital gains tax late filing penalty,10,,,transfer-in,site:uklandlordtax.co.uk
capital gains tax allowance 22/23,10,,,transfer-in,site:uklandlordtax.co.uk
capital gains tax allowance 2014-15,10,,,transfer-in,site:uklandlordtax.co.uk
long-term capital gains tax 2022,10,,,transfer-in,site:uklandlordtax.co.uk
form 1116 capital gains tax adjustment,10,,,transfer-in,site:uklandlordtax.co.uk
capital gains tax northern ireland calculator,10,,,transfer-in,site:uklandlordtax.co.uk
job-related accommodation capital gains tax,10,,,transfer-in,site:uklandlordtax.co.uk
capital gains tax allowance 2007/08,10,,,transfer-in,site:uklandlordtax.co.uk
capital gains tax on deferred compensation,10,,,transfer-in,site:uklandlordtax.co.uk
capital gains in income tax return,10,,,transfer-in,site:uklandlordtax.co.uk
capital raising mortgage free property,10,,,mortgages,site:uklandlordtax.co.uk
capital gains tax rate vs income tax rate,10,,,transfer-in,site:uklandlordtax.co.uk
non-domiciled resident tax status,10,,,other,site:uklandlordtax.co.uk
non resident withholding tax uk,10,,,non-resident,site:uklandlordtax.co.uk
non resident tax rate singapore,10,,,non-resident,site:uklandlordtax.co.uk
non resident pakistani tax return,10,,,non-resident,site:uklandlordtax.co.uk
japan non-permanent resident tax,10,,,other,site:uklandlordtax.co.uk
non resident withholding tax cra,10,,,non-resident,site:uklandlordtax.co.uk
non-resident speculation tax ontario,10,,,non-resident,site:uklandlordtax.co.uk
non resident tax rate canada,10,,,non-resident,site:uklandlordtax.co.uk
non resident income tax canada,10,,,non-resident,site:uklandlordtax.co.uk
spanish non resident tax form,10,7.7,,non-resident,site:uklandlordtax.co.uk
non resident withholding tax rates,10,,,non-resident,site:uklandlordtax.co.uk
spanish non resident tax return,10,7.7,,non-resident,site:uklandlordtax.co.uk
non resident tax south africa,10,2.19,,non-resident,site:uklandlordtax.co.uk
non resident tax on interest,10,,,non-resident,site:uklandlordtax.co.uk
non resident income tax australia,10,,,non-resident,site:uklandlordtax.co.uk
tax return spain non resident,10,2.94,,non-resident,site:uklandlordtax.co.uk
us tax non resident alien,10,,,non-resident,site:uklandlordtax.co.uk
non resident tax new zealand,10,,,non-resident,site:uklandlordtax.co.uk
us citizen non resident tax,10,,,non-resident,site:uklandlordtax.co.uk
non resident va tax form,10,,,non-resident,site:uklandlordtax.co.uk
non resident tax form california,10,,,non-resident,site:uklandlordtax.co.uk
non resident directors uk tax,10,,,non-resident,site:uklandlordtax.co.uk
non resident tax credits ireland,10,,,non-resident,site:uklandlordtax.co.uk
malta non resident tax rates,10,,,non-resident,site:uklandlordtax.co.uk
luxembourg tax return non-resident,10,,,non-resident,site:uklandlordtax.co.uk
tax return belgium non resident,10,,,non-resident,site:uklandlordtax.co.uk
rental property tax deductions mortgage,10,,,mortgages,site:uklandlordtax.co.uk
mortgage with property tax included,10,,,mortgages,site:uklandlordtax.co.uk
capital gains tax calculator nsw,10,,,transfer-in,site:uklandlordtax.co.uk
capital gains tax calculator nz,10,,,transfer-in,site:uklandlordtax.co.uk
cyprus capital gains tax calculator,10,2.77,,transfer-in,site:uklandlordtax.co.uk
capital gains tax calculator bc,10,,,transfer-in,site:uklandlordtax.co.uk
capital gains tax calculator excel,10,,,transfer-in,site:uklandlordtax.co.uk
ato capital gains tax calculator,10,,,transfer-in,site:uklandlordtax.co.uk
capital gains tax qld calculator,10,,,transfer-in,site:uklandlordtax.co.uk
portugal capital gains tax calculator,10,,,transfer-in,site:uklandlordtax.co.uk
germany capital gains tax calculator,10,,,transfer-in,site:uklandlordtax.co.uk
capital gains tax philippines calculator,10,,,transfer-in,site:uklandlordtax.co.uk
capital gains tax calculator spain,10,,,transfer-in,site:uklandlordtax.co.uk
capital gains tax calculator pakistan,10,,,transfer-in,site:uklandlordtax.co.uk
capital gains tax calculation formula,10,,,transfer-in,site:uklandlordtax.co.uk
business capital gains tax calculator,10,,,transfer-in,site:uklandlordtax.co.uk
investment capital gains tax calculator,10,,,transfer-in,site:uklandlordtax.co.uk
budget capital gains tax calculator,10,,,transfer-in,site:uklandlordtax.co.uk
capital gains tax penalty calculator,10,,,transfer-in,site:uklandlordtax.co.uk
netherlands capital gains tax calculator,10,,,transfer-in,site:uklandlordtax.co.uk
capital gains tax indexation calculator,10,,,transfer-in,site:uklandlordtax.co.uk
capital raising buy to let mortgage,10,6.2,,mortgages,site:uklandlordtax.co.uk
buy to let mortgage overseas property,10,,,mortgages,site:uklandlordtax.co.uk
multi property buy to let mortgages,10,5.05,,mortgages,site:uklandlordtax.co.uk
uk inheritance tax non domiciled spouse,10,,,other,site:uklandlordtax.co.uk
limited company buy to let tax calculator,10,0.67,,tools,site:uklandlordtax.co.uk
tax on buy to let mortgage,10,,,mortgages,site:uklandlordtax.co.uk
holiday let mortgage interest tax relief,10,,,mortgages,site:uklandlordtax.co.uk
buy to let mortgages tax implications,10,,,mortgages,site:uklandlordtax.co.uk
buy to let mortgage offset tax,10,,,mortgages,site:uklandlordtax.co.uk
buy to let tax mortgage interest,10,,,mortgages,site:uklandlordtax.co.uk
buy to let mortgage tax changes,10,,,mortgages,site:uklandlordtax.co.uk
limited company mortgages northern ireland,10,,,mortgages,site:uklandlordtax.co.uk
stamp duty vs land tax nsw,10,,,transfer-in,site:uklandlordtax.co.uk
buy to let mortgage non homeowner,10,6.18,,mortgages,site:uklandlordtax.co.uk
non regulated buy to let mortgage,10,,,mortgages,site:uklandlordtax.co.uk
inheritance tax on uk assets for non-residents,10,,,other,site:uklandlordtax.co.uk
capital gains tax philippines how to compute,10,,,transfer-in,site:uklandlordtax.co.uk
how to calculate capital gains tax india,10,,,transfer-in,site:uklandlordtax.co.uk
buy-to-let through limited company stamp duty,10,,,transfer-in,site:uklandlordtax.co.uk
mortgage interest relief for landlords ireland,10,,,mortgages,site:uklandlordtax.co.uk
buy to let mortgage guide uk,10,,,mortgages,site:uklandlordtax.co.uk
guide to buy to let mortgage,10,,,mortgages,site:uklandlordtax.co.uk
property developer stamp duty calculator,10,,,transfer-in,site:uklandlordtax.co.uk
property stamp duty calculator nsw,10,2.55,,transfer-in,site:uklandlordtax.co.uk
property transfer stamp duty calculator,10,,,transfer-in,site:uklandlordtax.co.uk
stamp duty rental property calculator,10,,,transfer-in,site:uklandlordtax.co.uk
spain property tax non eu,10,,,other,site:uklandlordtax.co.uk
buy to let mortgage through company,10,4.6,,mortgages,site:uklandlordtax.co.uk
stamp duty on incorporation of company,10,,,transfer-in,site:uklandlordtax.co.uk
is property tax included in mortgage,10,,,mortgages,site:uklandlordtax.co.uk
property tax for non filer in pakistan,10,,,other,site:uklandlordtax.co.uk
tax on uk property for non residents,10,5.4,,other,site:uklandlordtax.co.uk
multiple mortgages on one property,10,,,mortgages,site:uklandlordtax.co.uk
capital gains tax rates married filing jointly,10,,,transfer-in,site:uklandlordtax.co.uk
new jersey long-term capital gains tax,10,,,transfer-in,site:uklandlordtax.co.uk
capital gains tax on business sale uk,10,,,transfer-in,site:uklandlordtax.co.uk
capital gains tax on primary residence labour,10,,,transfer-in,site:uklandlordtax.co.uk
sale of farm land capital gains tax,10,,,transfer-in,site:uklandlordtax.co.uk
capital gains tax exemption 6 year rule,10,,,transfer-in,site:uklandlordtax.co.uk
capital gains tax personal allowance 2022/23,10,,,transfer-in,site:uklandlordtax.co.uk
capital gains tax on agricultural land uk,10,,,transfer-in,site:uklandlordtax.co.uk
long term capital gains tax rate 2019,10,,,transfer-in,site:uklandlordtax.co.uk
capital gains tax allowance 2018/19 uk,10,,,transfer-in,site:uklandlordtax.co.uk
interest on remortgage buy-to-let property,10,,,other,site:uklandlordtax.co.uk
buy-to-let mortgage on unencumbered property,10,7.84,,mortgages,site:uklandlordtax.co.uk
borrowing against a buy to let property,10,5.99,,other,site:uklandlordtax.co.uk
buy to let mortgage low value property,10,,,mortgages,site:uklandlordtax.co.uk
buy to let mortgage on leasehold property,10,,,mortgages,site:uklandlordtax.co.uk
buy-to-let mortgage on existing property,10,6.71,,mortgages,site:uklandlordtax.co.uk
revenue inheritance tax,10,,,other,site:uklandlordtax.co.uk
inheritance tax login,10,,,other,site:uklandlordtax.co.uk
inheritance tax 2021,10,,,other,site:uklandlordtax.co.uk
madrid inheritance tax,10,,,other,site:uklandlordtax.co.uk
acca inheritance tax,10,,,other,site:uklandlordtax.co.uk
oecd inheritance tax,10,,,other,site:uklandlordtax.co.uk
appg inheritance tax,10,,,other,site:uklandlordtax.co.uk
inheritance tax online,10,,,other,site:uklandlordtax.co.uk
inheritance tax catalonia,10,,,other,site:uklandlordtax.co.uk
inheritance tax reporting,10,,,other,site:uklandlordtax.co.uk
inheritance tax tenerife,10,,,other,site:uklandlordtax.co.uk
what is property mortgage,10,,,mortgages,site:uklandlordtax.co.uk
landlord stamp duty refund,10,,,transfer-in,site:uklandlordtax.co.uk
landlord stamp duty rebate,10,,,transfer-in,site:uklandlordtax.co.uk
buy-to-let repayment mortgage tax relief,10,,,mortgages,site:uklandlordtax.co.uk
buy-to let mortgage tax relief hmrc,10,,,mortgages,site:uklandlordtax.co.uk
offset buy to let mortgage against tax,10,,,mortgages,site:uklandlordtax.co.uk
buy to let mortgage tax relief 2021,10,,,mortgages,site:uklandlordtax.co.uk
tax rules on buy to let mortgages,10,,,mortgages,site:uklandlordtax.co.uk
how do you buy a bank-owned property,10,,,other,site:uklandlordtax.co.uk
calculate stamp duty and registration,10,,,form-now,site:uklandlordtax.co.uk
allowable expenses for inheritance tax,10,,,other,site:uklandlordtax.co.uk
what percentage deposit for buy to let mortgage,10,,,mortgages,site:uklandlordtax.co.uk
tnt duty and tax,10,,,other,site:uklandlordtax.co.uk
tax and duty difference,10,,,other,site:uklandlordtax.co.uk
how soon can you remortgage a buy to let,10,,,other,site:uklandlordtax.co.uk
stamp duty accountant,10,26.05,,transfer-in,site:uklandlordtax.co.uk
stamp duty gst,10,,,transfer-in,site:uklandlordtax.co.uk
iras stamp duty,10,,,transfer-in,site:uklandlordtax.co.uk
landlord mortgage interest tax relief in 2020 21 uk,10,,,mortgages,site:uklandlordtax.co.uk
massachusetts non resident income tax rate,10,,,non-resident,site:uklandlordtax.co.uk
non resident tax form new york,10,,,non-resident,site:uklandlordtax.co.uk
us estate tax non resident aliens,10,,,non-resident,site:uklandlordtax.co.uk
non resident tax return mailing address,10,,,non-resident,site:uklandlordtax.co.uk
us tax return non resident alien,10,,,non-resident,site:uklandlordtax.co.uk
non resident rental income tax australia,10,,,non-resident,site:uklandlordtax.co.uk
non resident canada tax return form,10,,,non-resident,site:uklandlordtax.co.uk
new york non resident tax rate,10,,,non-resident,site:uklandlordtax.co.uk
non resident tax return north carolina,10,,,non-resident,site:uklandlordtax.co.uk
non resident withholding tax on dividends,10,,,non-resident,site:uklandlordtax.co.uk
landlord mortgage assistance,10,,,mortgages,site:uklandlordtax.co.uk
mortgage landlord reference,10,,,mortgages,site:uklandlordtax.co.uk
landlord mortgages uk,10,,,mortgages,site:uklandlordtax.co.uk
best landlord mortgages,10,,,mortgages,site:uklandlordtax.co.uk
capital gains on inherited property calculator,10,,,transfer-in,site:uklandlordtax.co.uk
eligibility for stamp duty exemption,10,,,transfer-in,site:uklandlordtax.co.uk
how to mortgage property,10,6.46,,mortgages,site:uklandlordtax.co.uk
how to finance property,10,6.24,,other,site:uklandlordtax.co.uk
the mortgage broker limited,10,2.45,,mortgages,site:uklandlordtax.co.uk
how to raise deposit for buy-to-let,10,,,other,site:uklandlordtax.co.uk
how much equity for buy to let mortgage,10,,,mortgages,site:uklandlordtax.co.uk
what age can you get a buy to let mortgage,10,,,mortgages,site:uklandlordtax.co.uk
capital gains tax in california calculator,10,,,transfer-in,site:uklandlordtax.co.uk
capital gains tax rate uk calculator,10,,,transfer-in,site:uklandlordtax.co.uk
short-term capital gains tax calculator,10,,,transfer-in,site:uklandlordtax.co.uk
mutual fund capital gains tax calculator,10,,,transfer-in,site:uklandlordtax.co.uk
capital gains tax base cost calculation,10,,,transfer-in,site:uklandlordtax.co.uk
capital gains tax rate calculator uk,10,,,transfer-in,site:uklandlordtax.co.uk
stamp duty land tax multiple dwellings relief,10,,,transfer-in,site:uklandlordtax.co.uk
buy to let mortgage without owning a property,10,,,mortgages,site:uklandlordtax.co.uk
mortgage on a non standard construction property,10,8.41,,mortgages,site:uklandlordtax.co.uk
stamp duty vs transfer duty,10,,,transfer-in,site:uklandlordtax.co.uk
how to calculate capital gains tax in canada,10,,,transfer-in,site:uklandlordtax.co.uk
how to calculate capital gains tax in australia,10,,,transfer-in,site:uklandlordtax.co.uk
mortgage for trust property,10,3.65,,mortgages,site:uklandlordtax.co.uk
mortgage for london property,10,,,mortgages,site:uklandlordtax.co.uk
mortgage for uk property,10,4.04,,mortgages,site:uklandlordtax.co.uk
mortgage for italian property,10,4.46,,mortgages,site:uklandlordtax.co.uk
mortgage for income property,10,,,mortgages,site:uklandlordtax.co.uk
mortgage fraud for property,10,,,mortgages,site:uklandlordtax.co.uk
buy-to-let mortgage arrangement fees tax deductible,10,,,mortgages,site:uklandlordtax.co.uk
tax relief on buy to let mortgages uk,10,,,mortgages,site:uklandlordtax.co.uk
buy to let mortgage product fee tax deductible,10,,,mortgages,site:uklandlordtax.co.uk
can a non permanent resident get a mortgage,10,,,mortgages,site:uklandlordtax.co.uk
stamp tax return,10,,,other,site:uklandlordtax.co.uk
how many buy-to-let mortgages can you have uk,10,,,mortgages,site:uklandlordtax.co.uk
tax break for mortgage,10,,,mortgages,site:uklandlordtax.co.uk
how to find the mortgage on a property,10,1.63,,mortgages,site:uklandlordtax.co.uk
calculating capital gains tax on second home sale,10,,,transfer-in,site:uklandlordtax.co.uk
capital gains tax calculator on sale of property in india,10,,,transfer-in,site:uklandlordtax.co.uk
long term capital gains tax calculator on sale of property,10,,,transfer-in,site:uklandlordtax.co.uk
stamp duty on leasehold property calculator,10,,,transfer-in,site:uklandlordtax.co.uk
stamp duty calculator scotland commercial property,10,,,transfer-in,site:uklandlordtax.co.uk
second property stamp duty calculator uk,10,0.32,,transfer-in,site:uklandlordtax.co.uk
can you buy property with cash,10,,,other,site:uklandlordtax.co.uk
can you mortgage a commercial property,10,9.37,,mortgages,site:uklandlordtax.co.uk
mortgage a property you already own,10,4.55,,mortgages,site:uklandlordtax.co.uk
how to calculate stamp duty value of property,10,,,transfer-in,site:uklandlordtax.co.uk
windfall gains tax australia,10,,,other,site:uklandlordtax.co.uk
unrealized gains tax uk,10,,,other,site:uklandlordtax.co.uk
buy to let mortgage on property that needs work,10,,,mortgages,site:uklandlordtax.co.uk
how to buy foreclosed property,10,,,other,site:uklandlordtax.co.uk
how to buy property cash,10,,,other,site:uklandlordtax.co.uk
how to buy mortgage property,10,,,mortgages,site:uklandlordtax.co.uk
the mortgage broker london limited,10,2.33,,mortgages,site:uklandlordtax.co.uk
buy-to let and residential mortgage,10,,,mortgages,site:uklandlordtax.co.uk
the complete mortgage company,10,,,mortgages,site:uklandlordtax.co.uk
the norfolk mortgage company,10,,,mortgages,site:uklandlordtax.co.uk
the second mortgage company,10,3.78,,mortgages,site:uklandlordtax.co.uk
the mortgage advice company,10,,,mortgages,site:uklandlordtax.co.uk
the mortgage company bristol,10,,,mortgages,site:uklandlordtax.co.uk
the brighton mortgage company,10,,,mortgages,site:uklandlordtax.co.uk
how much mortgage tax deduction,10,,,mortgages,site:uklandlordtax.co.uk
filing uk tax return online non-resident,10,26.62,,run-the-company,site:uklandlordtax.co.uk
non resident income tax spain form 210,10,,,non-resident,site:uklandlordtax.co.uk
non resident tax return canada mailing address,10,,,non-resident,site:uklandlordtax.co.uk
maryland inheritance tax calculation,10,,,other,site:uklandlordtax.co.uk
inheritance tax form iht217,10,,,other,site:uklandlordtax.co.uk
budget inheritance tax 2022,10,,,other,site:uklandlordtax.co.uk
inheritance tax uk 2021,10,,,other,site:uklandlordtax.co.uk
inheritance tax rate 2021,10,,,other,site:uklandlordtax.co.uk
inheritance tax online application,10,,,other,site:uklandlordtax.co.uk
inheritance tax rates 2018,10,,,other,site:uklandlordtax.co.uk
uk inheritance tax 2020,10,,,other,site:uklandlordtax.co.uk
inheritance tax nz labour,10,,,other,site:uklandlordtax.co.uk
file inheritance tax return,10,,,other,site:uklandlordtax.co.uk
inheritance tax rate 2019,10,,,other,site:uklandlordtax.co.uk
inheritance tax return pennsylvania,10,,,other,site:uklandlordtax.co.uk
inheritance tax usa calculator,10,,,tools,site:uklandlordtax.co.uk
inheritance tax budget 2021,10,,,other,site:uklandlordtax.co.uk
excluded assets inheritance tax,10,,,other,site:uklandlordtax.co.uk
inheritance tax increase labour,10,,,other,site:uklandlordtax.co.uk
uk inheritance tax 2014,10,,,other,site:uklandlordtax.co.uk
spring budget inheritance tax,10,,,other,site:uklandlordtax.co.uk
inheritance tax uk 2019,10,,,other,site:uklandlordtax.co.uk
inheritance tax return forms,10,,,other,site:uklandlordtax.co.uk
inheritance tax form nj,10,,,other,site:uklandlordtax.co.uk
inheritance tax form ireland,10,,,other,site:uklandlordtax.co.uk
inheritance tax rate 2020,10,,,other,site:uklandlordtax.co.uk
inheritance tax form iht405,10,,,other,site:uklandlordtax.co.uk
inheritance tax rate canada,10,,,other,site:uklandlordtax.co.uk
nfu inheritance tax petition,10,,,other,site:uklandlordtax.co.uk
inheritance tax nj rate,10,,,other,site:uklandlordtax.co.uk
inheritance tax canary islands,10,,,other,site:uklandlordtax.co.uk
inheritance tax threshold 2020,10,,,other,site:uklandlordtax.co.uk
inheritance tax california calculator,10,,,tools,site:uklandlordtax.co.uk
inheritance tax return nj,10,,,other,site:uklandlordtax.co.uk
labour inheritance tax proposals,10,,,other,site:uklandlordtax.co.uk
inheritance tax allowances 2021,10,,,other,site:uklandlordtax.co.uk
inheritance tax thresholds 2021,10,,,other,site:uklandlordtax.co.uk
inheritance tax form 400,10,,,other,site:uklandlordtax.co.uk
federal inheritance tax 2020,10,,,other,site:uklandlordtax.co.uk
inheritance tax france threshold,10,,,other,site:uklandlordtax.co.uk
pa inheritance tax form,10,,,other,site:uklandlordtax.co.uk
inheritance tax october budget,10,,,other,site:uklandlordtax.co.uk
title company for mortgage,10,,,mortgages,site:uklandlordtax.co.uk
resident tax rates,10,,,other,site:uklandlordtax.co.uk
resident income tax,10,,,other,site:uklandlordtax.co.uk
vat registration form for limited company,10,,,form-now,site:propertyspv.co.uk
spv company formations,10,4.08,,other,site:propertyspv.co.uk
spv company set up,10,,,form-now,site:propertyspv.co.uk
change of address company registry,10,,,other,site:propertyspv.co.uk
company name with address,10,,,other,site:propertyspv.co.uk
newly started company,10,,,other,site:propertyspv.co.uk
change company registered address uk,10,,,other,site:propertyspv.co.uk
change limited company registered address,10,,,other,site:propertyspv.co.uk
change company registered office address,10,16.27,,run-the-company,seed:registered office;site:propertyspv.co.uk
how to change company,10,,,other,site:propertyspv.co.uk
what is your company,10,,,other,site:propertyspv.co.uk
register company with virtual address,10,50.53,,form-now,site:propertyspv.co.uk
company structure explained,10,,,other,site:propertyspv.co.uk
white company change of address,10,,,other,seed:transfer property to limited company;site:propertyspv.co.uk
business registration vs company registration,10,,,form-now,site:propertyspv.co.uk
mca company registration,10,,,form-now,site:propertyspv.co.uk
company registration fnb,10,,,form-now,site:propertyspv.co.uk
company registration pretoria,10,,,form-now,site:propertyspv.co.uk
ukplc company registration,10,,,form-now,site:propertyspv.co.uk
company registration database,10,4.26,,form-now,site:propertyspv.co.uk
freelance company registration,10,,,form-now,site:propertyspv.co.uk
llp company registration,10,48.54,,form-now,site:propertyspv.co.uk
company registration zug,10,,,form-now,site:propertyspv.co.uk
company registration software,10,65.62,,form-now,site:propertyspv.co.uk
consultancy company registration,10,,,form-now,site:propertyspv.co.uk
vakilsearch company registration,10,,,form-now,site:propertyspv.co.uk
enterprise company registration,10,,,form-now,site:propertyspv.co.uk
company registration 123,10,,,form-now,site:propertyspv.co.uk
company utr registration,10,,,form-now,site:propertyspv.co.uk
track company registration,10,,,form-now,site:propertyspv.co.uk
buy property under company name,10,,,other,seed:transfer property to limited company;site:propertyspv.co.uk
what is service based company,10,,,other,site:propertyspv.co.uk
reason for change of company,10,,,other,site:propertyspv.co.uk
the corporation trust company address,10,,,other,site:propertyspv.co.uk
what do you value about the company,10,,,other,site:propertyspv.co.uk
letter for registration of company,10,,,form-now,site:propertyspv.co.uk
company registration papers,10,,,form-now,site:propertyspv.co.uk
company registration steps,10,4.92,,form-now,site:propertyspv.co.uk
company registration renewal,10,,,form-now,site:propertyspv.co.uk
change company blind,10,,,other,site:propertyspv.co.uk
change company constitution,10,,,other,site:propertyspv.co.uk
change company structure,10,,,other,site:propertyspv.co.uk
physical company address,10,,,other,site:propertyspv.co.uk
company address reviews,10,,,other,site:propertyspv.co.uk
company address usa,10,2.06,,other,site:propertyspv.co.uk
act company address,10,,,other,site:propertyspv.co.uk
new company address,10,,,other,site:propertyspv.co.uk
company address book,10,,,other,site:propertyspv.co.uk
synergy company address,10,,,other,site:propertyspv.co.uk
company ai policy template,10,,,other,site:propertyspv.co.uk
change llc address,10,,,other,site:propertyspv.co.uk
company registration number switzerland,10,,,form-now,site:propertyspv.co.uk
cipa botswana company registration,10,,,form-now,site:propertyspv.co.uk
company registration in london,10,154.08,,form-now,site:propertyspv.co.uk
company registration in ksa,10,,,form-now,site:propertyspv.co.uk
dubai llc company registration,10,,,form-now,site:propertyspv.co.uk
company registration details uk,10,,,form-now,site:propertyspv.co.uk
portugal company registration number,10,,,form-now,site:propertyspv.co.uk
brazil company registration number,10,,,form-now,site:propertyspv.co.uk
company registration singapore requirements,10,,,form-now,site:propertyspv.co.uk
company registration agents uk,10,29.61,,form-now,site:propertyspv.co.uk
company registration details usa,10,,,form-now,site:propertyspv.co.uk
company registration number canada,10,,,form-now,site:propertyspv.co.uk
uk plc company registration,10,,,form-now,site:propertyspv.co.uk
company registration look up,10,1.58,,form-now,site:propertyspv.co.uk
free zone company registration,10,,,form-now,site:propertyspv.co.uk
benefits of company registration,10,,,form-now,site:propertyspv.co.uk
company registration office uk,10,,,form-now,site:propertyspv.co.uk
company registration number dubai,10,,,form-now,site:propertyspv.co.uk
belgium company registration number,10,,,form-now,site:propertyspv.co.uk
company llp registration number,10,,,form-now,site:propertyspv.co.uk
company registration services uk,10,,,form-now,site:propertyspv.co.uk
company registration number uae,10,,,form-now,site:propertyspv.co.uk
luxembourg company registration number,10,,,form-now,site:propertyspv.co.uk
24/7 company registration,10,,,form-now,site:propertyspv.co.uk
company name registration availability,10,16.11,,form-now,site:propertyspv.co.uk
1-grid company registration,10,,,form-now,site:propertyspv.co.uk
company registration number greece,10,,,form-now,site:propertyspv.co.uk
company registration number ukraine,10,,,form-now,site:propertyspv.co.uk
event management company registration,10,,,form-now,site:propertyspv.co.uk
company registration office carlow,10,,,form-now,site:propertyspv.co.uk
service company meaning,10,,,other,site:propertyspv.co.uk
general service company,10,,,other,site:propertyspv.co.uk
company service date,10,,,other,site:propertyspv.co.uk
multi-service company,10,1.71,,other,site:propertyspv.co.uk
service company definition,10,,,other,site:propertyspv.co.uk
your company information,10,8.81,,other,site:propertyspv.co.uk
why your company,10,,,other,site:propertyspv.co.uk
your company details,10,,,other,site:propertyspv.co.uk
procedure for private limited company registration,10,,,form-now,site:propertyspv.co.uk
corporate change of address,10,,,other,site:propertyspv.co.uk
cra business address change,10,,,other,site:propertyspv.co.uk
company name change cipc,10,,,other,site:propertyspv.co.uk
change company trading name,10,,,other,site:propertyspv.co.uk
company name change examples,10,,,other,site:propertyspv.co.uk
company director name change,10,,,other,site:propertyspv.co.uk
announcement company name change,10,,,other,site:propertyspv.co.uk
change company business central,10,,,other,site:propertyspv.co.uk
company name change list,10,,,other,site:propertyspv.co.uk
when to change company,10,,,other,site:propertyspv.co.uk
company name change process,10,,,other,site:propertyspv.co.uk
why company change name,10,,,other,site:propertyspv.co.uk
letterhead company registration number,10,,,form-now,site:propertyspv.co.uk
form 1 company registration,10,,,form-now,site:propertyspv.co.uk
one person company registration,10,19.99,,form-now,site:propertyspv.co.uk
company address in spain,10,,,other,site:propertyspv.co.uk
company registered address london,10,13.95,,other,site:propertyspv.co.uk
companies house change registered address online,10,,,run-the-company,site:propertyspv.co.uk
what is the best name for a company,10,,,other,site:propertyspv.co.uk
company registration in dubai mainland,10,,,form-now,site:propertyspv.co.uk
name search company registration zimbabwe,10,,,form-now,site:propertyspv.co.uk
uen and company registration number,10,,,form-now,site:propertyspv.co.uk
company registration number northern ireland,10,,,form-now,site:propertyspv.co.uk
company registration process in uk,10,,,form-now,site:propertyspv.co.uk
company registration office northern ireland,10,,,form-now,site:propertyspv.co.uk
company registration number south africa,10,,,form-now,site:propertyspv.co.uk
company registration number search ireland,10,,,form-now,site:propertyspv.co.uk
company registration number sri lanka,10,,,form-now,site:propertyspv.co.uk
process of new company registration,10,,,form-now,site:propertyspv.co.uk
company registration requirements in nigeria,10,,,form-now,site:propertyspv.co.uk
company registration number new zealand,10,,,form-now,site:propertyspv.co.uk
private limited company registration requirements,10,,,form-now,site:propertyspv.co.uk
company re registration in zimbabwe,10,,,form-now,site:propertyspv.co.uk
find company registration number ireland,10,,,form-now,site:propertyspv.co.uk
company registration number us equivalent,10,,,form-now,site:propertyspv.co.uk
company registration in east london,10,,,form-now,site:propertyspv.co.uk
company registration in dubai municipality,10,,,form-now,site:propertyspv.co.uk
company registration in zimbabwe requirements,10,,,form-now,site:propertyspv.co.uk
business address change notification,10,,,other,site:propertyspv.co.uk
how to start a service based company,10,,,other,site:propertyspv.co.uk
company profile service provider,10,,,other,site:propertyspv.co.uk
corporation service company uk,10,2.66,,other,site:propertyspv.co.uk
managed service company definition,10,,,other,site:propertyspv.co.uk
company information service uk,10,,,other,site:propertyspv.co.uk
corporate service company delaware,10,10.92,,other,site:propertyspv.co.uk
offshore company formation service,10,,,other,site:propertyspv.co.uk
company set up service,10,22.57,,form-now,site:propertyspv.co.uk
company registered office service,10,12.33,,run-the-company,site:propertyspv.co.uk
corporation service company illinois,10,,,other,site:propertyspv.co.uk
company service provider examples,10,,,other,site:propertyspv.co.uk
service company name ideas,10,0.78,,other,site:propertyspv.co.uk
file for a company online,10,12.13,,other,site:propertyspv.co.uk
re-incorporate your company,10,,,form-now,site:propertyspv.co.uk
closing down your company,10,,,other,site:propertyspv.co.uk
presentation about your company,10,,,other,site:propertyspv.co.uk
know your company kyc,10,,,other,site:propertyspv.co.uk
how to partnership with a company,10,,,other,site:propertyspv.co.uk
how to partner with a company,10,,,other,site:propertyspv.co.uk
online company database,10,,,other,site:propertyspv.co.uk
bt business change of address,10,17.59,,other,site:propertyspv.co.uk
company name change checklist,10,,,other,site:propertyspv.co.uk
name for company with multiple business,10,1.17,,other,site:propertyspv.co.uk
change a company name nz,10,,,other,site:propertyspv.co.uk
company name change board resolution,10,,,other,site:propertyspv.co.uk
change company name on indeed,10,,,other,site:propertyspv.co.uk
change limited company name uk,10,9.48,,other,site:propertyspv.co.uk
register a company without address,10,,,form-now,site:propertyspv.co.uk
private limited company registration steps,10,,,form-now,seed:registered office;site:propertyspv.co.uk
directors service address companies house,10,,,run-the-company,site:propertyspv.co.uk
type of company registration in india,10,,,form-now,site:propertyspv.co.uk
difference between company and business registration,10,,,form-now,site:propertyspv.co.uk
process of private limited company registration,10,,,form-now,site:propertyspv.co.uk
company registration requirements in south africa,10,,,form-now,site:propertyspv.co.uk
search company name by registration number,10,,,form-now,site:propertyspv.co.uk
company registration number search south africa,10,,,form-now,site:propertyspv.co.uk
corporation service company registered agent,10,,,other,site:propertyspv.co.uk
list of service company names,10,,,other,site:propertyspv.co.uk
how company works,10,,,other,site:propertyspv.co.uk
company information for company number,10,,,other,site:propertyspv.co.uk
transferring commercial property to limited company,10,,,other,site:propertyspv.co.uk
what makes a company a company,10,,,other,site:propertyspv.co.uk
buy an existing company name,10,,,other,site:propertyspv.co.uk
process for business registration,10,,,form-now,site:propertyspv.co.uk
create company profile online,10,,,other,site:propertyspv.co.uk
find company information online,10,,,other,site:propertyspv.co.uk
irish company formation online,10,,,other,site:propertyspv.co.uk
company secretary services online,10,,,other,site:propertyspv.co.uk
online company formation ireland,10,,,other,site:propertyspv.co.uk
form ltd company online,10,,,other,site:propertyspv.co.uk
online company formation uk,10,13.05,,other,site:propertyspv.co.uk
business address change illinois,10,,,other,site:propertyspv.co.uk
business address change california,10,,,other,site:propertyspv.co.uk
the company walkthrough,10,,,other,site:propertyspv.co.uk
what are the capabilities of a company,10,,,other,site:propertyspv.co.uk
what is confirmation statement for company,10,,,run-the-company,site:propertyspv.co.uk
work with us company,10,,,other,site:propertyspv.co.uk
corporate with you,10,,,other,site:propertyspv.co.uk
change of company name notification,10,,,other,site:propertyspv.co.uk
suggestion for company,10,,,other,site:propertyspv.co.uk
prefix for company,10,,,other,site:propertyspv.co.uk
preposition for company,10,,,other,site:propertyspv.co.uk
resolution to change company name example,10,,,other,site:propertyspv.co.uk
name change of private limited company,10,,,other,site:propertyspv.co.uk
what is boutique company,10,,,other,site:propertyspv.co.uk
what is company brochure,10,,,other,site:propertyspv.co.uk
what is company example,10,,,other,site:propertyspv.co.uk
what is company industry,10,,,other,site:propertyspv.co.uk
what is government company,10,,,other,site:propertyspv.co.uk
what is company presentation,10,,,other,site:propertyspv.co.uk
what we do company,10,,,other,site:propertyspv.co.uk
what is company reputation,10,,,other,site:propertyspv.co.uk
private limited company registration documents required,10,,,form-now,site:propertyspv.co.uk
pvt ltd company registration in sri lanka,10,,,form-now,site:propertyspv.co.uk
how to contact a company for business,10,,,other,site:propertyspv.co.uk
how to work for a corporate company,10,,,other,site:propertyspv.co.uk
transfer property from one company to another,10,,,transfer-in,site:propertyspv.co.uk
transfer property from personal to limited company,10,,,transfer-in,site:propertyspv.co.uk
procedure for the formation of a company,10,8.58,,other,site:propertyspv.co.uk
doing your own accounts limited company,10,,,run-the-company,site:propertyspv.co.uk
set up your own company uk,10,,,form-now,site:propertyspv.co.uk
return address for business,10,,,other,site:propertyspv.co.uk
what is the registered office of a company,10,,,run-the-company,site:propertyspv.co.uk
what is the difference between company and industry,10,,,other,site:propertyspv.co.uk
how to evaluate company,10,5.65,,other,site:propertyspv.co.uk
register company in singapore online,10,,,form-now,site:propertyspv.co.uk
forming a limited company online,10,,,other,site:propertyspv.co.uk
change business name to limited company kenya,10,,,other,site:propertyspv.co.uk
how to set up a property development company,10,,,form-now,site:propertyspv.co.uk
special resolution template change company name,10,,,other,site:propertyspv.co.uk
notice of change of company name,10,,,other,site:propertyspv.co.uk
at or with a company,10,,,other,site:propertyspv.co.uk
the company is incorporated,10,,,other,site:propertyspv.co.uk
questions about the company,10,,,other,site:propertyspv.co.uk
the white company corporate,10,,,other,site:propertyspv.co.uk
the company was founded,10,,,other,site:propertyspv.co.uk
apply for utr company,10,,,other,site:propertyspv.co.uk
api for company information,10,6.07,,other,site:propertyspv.co.uk
accounts for dissolved company,10,,,run-the-company,site:propertyspv.co.uk
crest certification for company,10,,,other,site:propertyspv.co.uk
prepare company for sale,10,,,other,site:propertyspv.co.uk
application for dormant company,10,,,other,site:propertyspv.co.uk
different names for company,10,,,other,site:propertyspv.co.uk
abbreviation for private company,10,,,other,site:propertyspv.co.uk
future names for company,10,,,other,site:propertyspv.co.uk
registered company for sale,10,7.08,,other,site:propertyspv.co.uk
request for company information,10,,,other,site:propertyspv.co.uk
how to measure the performance of a company,10,,,other,site:propertyspv.co.uk
enterprise explained,10,,,other,site:propertyspv.co.uk
corporations explained,10,,,other,site:propertyspv.co.uk
what is general company description,10,,,other,site:propertyspv.co.uk
what does company type mean,10,,,other,site:propertyspv.co.uk
what is an international company,10,,,other,site:propertyspv.co.uk
what are professional service firms,10,,,other,site:propertyspv.co.uk
is a subsidiary liable for the parent company,10,,,other,site:propertyspv.co.uk
what is your company's name,10,,,other,site:propertyspv.co.uk
change from limited company to sole trader uk,10,13.01,,other,site:propertyspv.co.uk
get us address for business,10,10.88,,other,site:propertyspv.co.uk
virtual business address for llc,10,,,other,site:propertyspv.co.uk
how to start management company,10,,,other,site:propertyspv.co.uk
how to turnaround a company,10,,,other,site:propertyspv.co.uk
how to exit a company,10,6.88,,other,site:propertyspv.co.uk
how to check company details,10,,,other,site:propertyspv.co.uk
how are company directors appointed,10,,,other,site:propertyspv.co.uk
how a company is registered,10,,,other,site:propertyspv.co.uk
how a production company works,10,,,other,site:propertyspv.co.uk
how to build company structure,10,,,other,site:propertyspv.co.uk
how to improve company reputation,10,,,other,site:propertyspv.co.uk
how to audit a company,10,,,other,site:propertyspv.co.uk
how to build company profile,10,,,other,site:propertyspv.co.uk
how to save a company,10,,,other,site:propertyspv.co.uk
how to rebuild company reputation,10,,,other,site:propertyspv.co.uk
how to create company structure,10,,,other,site:propertyspv.co.uk
how private limited company works,10,,,other,site:propertyspv.co.uk
how many types of company,10,,,other,site:propertyspv.co.uk
how to present a company,10,,,other,site:propertyspv.co.uk
how does it company work,10,,,other,site:propertyspv.co.uk
how to incorporate new company,10,,,form-now,site:propertyspv.co.uk
how does offshore company work,10,,,other,site:propertyspv.co.uk
how to measure company reputation,10,,,other,site:propertyspv.co.uk
how to create new company,10,9.23,,other,site:propertyspv.co.uk
how to create software company,10,,,other,site:propertyspv.co.uk
how to establish software company,10,,,other,site:propertyspv.co.uk
how to keep company name,10,,,other,site:propertyspv.co.uk
register a company in germany online,10,,,form-now,site:propertyspv.co.uk
create a limited company online uk,10,,,other,site:propertyspv.co.uk
register a company in cyprus online,10,14.67,,form-now,site:propertyspv.co.uk
register a company in canada online,10,,,form-now,site:propertyspv.co.uk
newly established company with few employees,10,,,other,site:propertyspv.co.uk
the real pie company administration,10,,,other,site:propertyspv.co.uk
explain the formation of company,10,,,other,site:propertyspv.co.uk
the company provide or provides,10,,,other,site:propertyspv.co.uk
procedures to establish the company,10,,,other,site:propertyspv.co.uk
on behalf of the company,10,,,other,site:propertyspv.co.uk
the different company majaina sin,10,0.13,,other,site:propertyspv.co.uk
the company is run by,10,,,other,site:propertyspv.co.uk
checklist for company incorporation,10,,,other,site:propertyspv.co.uk
reason for leaving company restructuring,10,,,other,site:propertyspv.co.uk
not for-profit company rules,10,,,other,site:propertyspv.co.uk
working for a limited company,10,,,other,site:propertyspv.co.uk
company names examples for business,10,,,other,site:propertyspv.co.uk
director report for small company,10,,,other,site:propertyspv.co.uk
synonym for start-up company,10,,,other,site:propertyspv.co.uk
apply for a company name,10,12.15,,other,site:propertyspv.co.uk
unique names for new company,10,,,other,site:propertyspv.co.uk
abbreviation for limited liability company,10,,,other,site:propertyspv.co.uk
steps for registering a company,10,4.92,,other,site:propertyspv.co.uk
limited liability company for dummies,10,,,other,site:propertyspv.co.uk
unique identification number for company,10,,,other,site:propertyspv.co.uk
best name for new company,10,2.24,,other,site:propertyspv.co.uk
reasons for dissolving a company,10,,,other,site:propertyspv.co.uk
requirements for starting a company,10,,,other,site:propertyspv.co.uk
procedure for registering a company,10,,,other,site:propertyspv.co.uk
comment and suggestion for company,10,,,other,site:propertyspv.co.uk
best names for production company,10,,,other,site:propertyspv.co.uk
what is an enterprise-level company,10,,,other,site:propertyspv.co.uk
what is an enterprise company size,10,,,other,site:propertyspv.co.uk
what does an enterprise company do,10,,,other,site:propertyspv.co.uk
service companies in the us,10,,,other,site:propertyspv.co.uk
what is a multi-service business,10,,,other,site:propertyspv.co.uk
best company formation company,10,56.52,,other,site:propertyspv.co.uk
company profile new company,10,,,other,site:propertyspv.co.uk
set up a private limited company online,10,,,form-now,site:propertyspv.co.uk
business registration gibraltar,10,,,form-now,site:propertyspv.co.uk
business registration nyc,10,,,form-now,site:propertyspv.co.uk
enterprise registration certificate,10,,,form-now,site:propertyspv.co.uk
b corp registration,10,,,form-now,site:propertyspv.co.uk
ssm business registration,10,,,form-now,site:propertyspv.co.uk
llc registration dubai,10,,,form-now,site:propertyspv.co.uk
business registration id,10,,,form-now,site:propertyspv.co.uk
business registration korea,10,,,form-now,site:propertyspv.co.uk
freelance business registration,10,,,form-now,site:propertyspv.co.uk
business registration guyana,10,,,form-now,site:propertyspv.co.uk
moc business registration,10,,,form-now,site:propertyspv.co.uk
msme trademark registration,10,,,form-now,site:propertyspv.co.uk
business registration consultants,10,,,form-now,site:propertyspv.co.uk
business registration requirements,10,,,form-now,site:propertyspv.co.uk
rdb business registration,10,,,form-now,site:propertyspv.co.uk
business registration ri,10,,,form-now,site:propertyspv.co.uk
consultancy firm registration,10,,,form-now,site:propertyspv.co.uk
llc business registration,10,,,form-now,site:propertyspv.co.uk
how to start an hr company,10,,,other,site:propertyspv.co.uk
how to find company org charts,10,,,other,site:propertyspv.co.uk
how can a company reduce costs,10,,,other,site:propertyspv.co.uk
how to setup company in singapore,10,,,form-now,site:propertyspv.co.uk
how to turn around a company,10,,,other,site:propertyspv.co.uk
how to start an electronic company,10,,,other,site:propertyspv.co.uk
how to scale up a company,10,,,other,site:propertyspv.co.uk
how to create a business company,10,24.26,,other,site:propertyspv.co.uk
how to start software outsourcing company,10,,,other,site:propertyspv.co.uk
how to find company director details,10,,,other,site:propertyspv.co.uk
how to become publicly traded company,10,,,other,site:propertyspv.co.uk
how to start event management company,10,,,other,site:propertyspv.co.uk
how private limited company is formed,10,,,other,site:propertyspv.co.uk
how to start an it company,10,18.11,,other,site:propertyspv.co.uk
how to become an umbrella company,10,,,other,site:propertyspv.co.uk
how to start a development company,10,3.57,,other,site:propertyspv.co.uk
how to know director of company,10,,,other,site:propertyspv.co.uk
how to start a public company,10,,,other,site:propertyspv.co.uk
how to start a bpo company,10,,,other,site:propertyspv.co.uk
how does a manufacturing company work,10,,,other,site:propertyspv.co.uk
how to open a it company,10,4.47,,form-now,site:propertyspv.co.uk
how to close company in singapore,10,,,other,site:propertyspv.co.uk
difference between company and industry with example,10,,,other,site:propertyspv.co.uk
find a company name by address,10,,,other,seed:transfer property to limited company;site:propertyspv.co.uk
isle of man company registry address,10,,,other,site:propertyspv.co.uk
what is a public company in business,10,,,other,site:propertyspv.co.uk
what is a reorganization of a company,10,,,other,site:propertyspv.co.uk
what is a private company in business,10,,,other,site:propertyspv.co.uk
what is difference between company and industry,10,,,other,site:propertyspv.co.uk
what is corporate structure of a company,10,,,other,site:propertyspv.co.uk
inside the cia on company business,10,,,other,site:propertyspv.co.uk
is company and organization the same,10,,,other,site:propertyspv.co.uk
is corporation and company the same,10,,,other,site:propertyspv.co.uk
is a company director the owner,10,,,other,site:propertyspv.co.uk
application for incorporation of a company,10,,,other,site:propertyspv.co.uk
application for winding up a company,10,4.99,,other,site:propertyspv.co.uk
their or its for a company,10,,,other,site:propertyspv.co.uk
rules for winding up a company,10,,,other,site:propertyspv.co.uk
yearly compliance for private limited company,10,,,other,site:propertyspv.co.uk
company names list for new business,10,,,other,site:propertyspv.co.uk
company profile examples for small business,10,2.65,,other,site:propertyspv.co.uk
what is a service provider in business,10,,,other,site:propertyspv.co.uk
small company vs large company,10,,,other,site:propertyspv.co.uk
big company or small company,10,,,other,site:propertyspv.co.uk
company house ltd company check,10,1.81,,other,site:propertyspv.co.uk
big company or large company,10,,,other,site:propertyspv.co.uk
mother company or parent company,10,,,other,site:propertyspv.co.uk
inter company and intra company,10,,,other,site:propertyspv.co.uk
front company vs shell company,10,,,other,site:propertyspv.co.uk
difference between company and company,10,,,other,site:propertyspv.co.uk
company a and company b,10,,,other,site:propertyspv.co.uk
register for company director id,10,,,form-now,site:propertyspv.co.uk
company stuff,10,1.11,,other,site:propertyspv.co.uk
clients company,10,,,other,site:propertyspv.co.uk
starter company,10,,,other,site:propertyspv.co.uk
ofbusiness company,10,,,other,site:propertyspv.co.uk
company problems,10,29.92,,other,site:propertyspv.co.uk
quizzes company,10,,,other,site:propertyspv.co.uk
realign company,10,,,other,site:propertyspv.co.uk
madefor company,10,,,other,site:propertyspv.co.uk
company checklist,10,,,other,site:propertyspv.co.uk
company specialization,10,,,other,site:propertyspv.co.uk
anyone company,10,,,other,site:propertyspv.co.uk
incap company,10,,,other,site:propertyspv.co.uk
company have,10,,,other,site:propertyspv.co.uk
company bego,10,,,other,site:propertyspv.co.uk
approve company,10,,,other,site:propertyspv.co.uk
multipurpose company,10,,,other,site:propertyspv.co.uk
instruct company,10,,,other,site:propertyspv.co.uk
whynot company,10,,,other,site:propertyspv.co.uk
exempted company,10,,,other,site:propertyspv.co.uk
company dedicated,10,,,other,site:propertyspv.co.uk
suitable company,10,,,other,site:propertyspv.co.uk
company aup,10,,,other,site:propertyspv.co.uk
company presence,10,,,other,site:propertyspv.co.uk
typify company,10,,,other,site:propertyspv.co.uk
company requirements,10,,,other,site:propertyspv.co.uk
enrol company,10,,,other,site:propertyspv.co.uk
company mci,10,,,other,site:propertyspv.co.uk
forpeople company,10,,,other,site:propertyspv.co.uk
ran company,10,,,other,site:propertyspv.co.uk
company referrals,10,,,other,site:propertyspv.co.uk
company declaration,10,,,other,site:propertyspv.co.uk
company has,10,,,other,site:propertyspv.co.uk
company uid,10,,,other,site:propertyspv.co.uk
company undertaking,10,,,other,site:propertyspv.co.uk
company query,10,,,other,site:propertyspv.co.uk
company brn,10,,,other,site:propertyspv.co.uk
involved company,10,,,other,site:propertyspv.co.uk
company trn,10,,,other,site:propertyspv.co.uk
01 company,10,,,other,site:propertyspv.co.uk
company disclosure,10,,,other,site:propertyspv.co.uk
form3 company,10,,,other,site:propertyspv.co.uk
company practice,10,,,other,site:propertyspv.co.uk
exceed company,10,,,other,site:propertyspv.co.uk
company features,10,,,other,site:propertyspv.co.uk
company petition,10,2.21,,other,site:propertyspv.co.uk
magnify company,10,,,other,site:propertyspv.co.uk
company particulars,10,,,other,site:propertyspv.co.uk
selfmade company,10,,,other,site:propertyspv.co.uk
company ern,10,,,other,site:propertyspv.co.uk
inforces company,10,,,other,site:propertyspv.co.uk
precede company,10,,,other,site:propertyspv.co.uk
gofor company,10,,,other,site:propertyspv.co.uk
company ok,10,,,other,site:propertyspv.co.uk
company comments,10,,,other,site:propertyspv.co.uk
personify company,10,,,other,site:propertyspv.co.uk
include company,10,,,other,site:propertyspv.co.uk
company specifications,10,,,other,site:propertyspv.co.uk
approach company,10,,,other,site:propertyspv.co.uk
extranet company,10,,,other,site:propertyspv.co.uk
allocate company,10,,,other,site:propertyspv.co.uk
company antonym,10,,,other,site:propertyspv.co.uk
company pronoun,10,,,other,site:propertyspv.co.uk
newbie company,10,0.08,,other,site:propertyspv.co.uk
company many,10,,,other,site:propertyspv.co.uk
propagate company,10,,,other,site:propertyspv.co.uk
qualify company,10,,,other,site:propertyspv.co.uk
com & company,10,,,other,site:propertyspv.co.uk
modify company,10,,,other,site:propertyspv.co.uk
company beliefs,10,,,other,site:propertyspv.co.uk
biz company,10,,,other,site:propertyspv.co.uk
aware company,10,,,other,site:propertyspv.co.uk
company paperwork,10,,,other,site:propertyspv.co.uk
company official,10,,,other,site:propertyspv.co.uk
small:hours company,10,,,other,site:propertyspv.co.uk
corp to corp explained,10,,,other,site:propertyspv.co.uk
how to search directors of a company,10,,,other,site:propertyspv.co.uk
how to measure sustainability of a company,10,,,other,site:propertyspv.co.uk
how to find a company organizational structure,10,,,other,site:propertyspv.co.uk
new world how to join a company,10,,,other,site:propertyspv.co.uk
how to start an information technology company,10,0.52,,other,site:propertyspv.co.uk
how to start a new it company,10,25.46,,other,site:propertyspv.co.uk
how to partner with companies,10,,,other,site:propertyspv.co.uk
llc service,10,,,other,site:propertyspv.co.uk
what is a general meeting of a company,10,,,other,site:propertyspv.co.uk
what is an executive director in a company,10,,,other,site:propertyspv.co.uk
what is a private limited company in singapore,10,,,other,site:propertyspv.co.uk
register for tax-free childcare provider,10,,,form-now,site:watsonknipe.co.uk
tax-free childcare register as a provider,10,,,form-now,site:watsonknipe.co.uk
tax saving childcare vouchers,10,,,other,site:watsonknipe.co.uk
tax-free childcare employers,10,,,other,site:watsonknipe.co.uk
tax-free childcare account provider,10,,,other,site:watsonknipe.co.uk
care-4 tax free childcare,10,,,other,site:watsonknipe.co.uk
tax free childcare 500,10,,,other,site:watsonknipe.co.uk
childcare vat exempt,10,,,other,site:watsonknipe.co.uk
tax-free childcare example,10,,,other,site:watsonknipe.co.uk
apply for childcare tax credits,10,,,other,site:watsonknipe.co.uk
tax-free childcare down,10,,,other,site:watsonknipe.co.uk
tax free childcare complaints,10,,,other,site:watsonknipe.co.uk
20 tax-free childcare eligibility,10,,,other,site:watsonknipe.co.uk
reconfirmation tax-free childcare,10,,,other,site:watsonknipe.co.uk
tax-free childcare provider registration,10,,,form-now,site:watsonknipe.co.uk
tax credit vouchers childcare,10,,,other,site:watsonknipe.co.uk
tax free childcare customer services,10,,,other,site:watsonknipe.co.uk
childcare vouchers or tax credits,10,,,other,site:watsonknipe.co.uk
day care business plan examples,10,,,other,site:watsonknipe.co.uk
daycare business grants,10,,,other,site:watsonknipe.co.uk
childcare business grants scheme,10,,,other,site:watsonknipe.co.uk
day care business plan sample,10,,,other,site:watsonknipe.co.uk
limited company childcare,10,,,other,site:watsonknipe.co.uk
day care business model,10,,,other,site:watsonknipe.co.uk
creche-n-co ltd,10,,,other,site:watsonknipe.co.uk
kido company,10,,,other,site:watsonknipe.co.uk
tops day nurseries ltd,10,,,other,site:watsonknipe.co.uk
wise masterbuilders childcare ltd,10,,,other,site:watsonknipe.co.uk
income tax refund above 50000,10,,,other,site:watsonknipe.co.uk
query your tax code,10,,,other,site:watsonknipe.co.uk
123 e-filing vat,10,,,run-the-company,site:watsonknipe.co.uk
government tax receipts,10,,,other,site:watsonknipe.co.uk
tax-exempt status,10,,,other,site:watsonknipe.co.uk
80d income tax exemption,10,,,other,site:watsonknipe.co.uk
government grants tax treatment,10,,,other,site:watsonknipe.co.uk
input vat account,10,,,other,site:watsonknipe.co.uk
address change gst,10,,,other,site:watsonknipe.co.uk
withholding tax rates kenya,10,,,other,site:watsonknipe.co.uk
non profit tax id,10,,,other,site:watsonknipe.co.uk
gifts from grandparents to grandchildren tax,10,,,other,site:watsonknipe.co.uk
tax codes for dummies,10,,,other,site:watsonknipe.co.uk
input tax credit mechanism,10,,,other,site:watsonknipe.co.uk
the tax review team,10,,,other,site:watsonknipe.co.uk
income tax filing for senior citizens,10,,,run-the-company,site:watsonknipe.co.uk
how to calculate taxes due,10,,,tools,site:watsonknipe.co.uk
small business tax deductions in canada,10,,,other,site:watsonknipe.co.uk
1251l tax code explained,10,,,other,site:watsonknipe.co.uk
irs w-4 2018,10,,,other,site:watsonknipe.co.uk
how to pay trust tax,10,,,other,site:watsonknipe.co.uk
get tax refund estimate,10,,,other,site:watsonknipe.co.uk
request tax pin,10,,,other,site:watsonknipe.co.uk
pwc tax graduate,10,,,other,site:watsonknipe.co.uk
sales tax san jose,10,,,other,site:watsonknipe.co.uk
1099-div vs 1099-b,10,,,other,site:watsonknipe.co.uk
tax filers,10,,,other,site:watsonknipe.co.uk
sales tax calculator houston,10,,,tools,site:watsonknipe.co.uk
how to get tax free,10,,,other,site:watsonknipe.co.uk
threshold limit for gst,10,,,other,site:watsonknipe.co.uk
income tax return rules,10,,,other,site:watsonknipe.co.uk
tax rules netherlands,10,,,other,site:watsonknipe.co.uk
vat registration turnover limit in maharashtra,10,,,form-now,site:watsonknipe.co.uk
free taxes 1040,10,,,other,site:watsonknipe.co.uk
30000 tax rate,10,,,other,site:watsonknipe.co.uk
vat overview,10,,,other,site:watsonknipe.co.uk
completing vat return flat rate scheme,10,,,other,site:watsonknipe.co.uk
tax advisors south africa,10,2.63,,other,site:watsonknipe.co.uk
hemel hempstead tax office,10,,,other,site:watsonknipe.co.uk
work tax write offs,10,,,other,site:watsonknipe.co.uk
single person council tax review,10,,,other,site:watsonknipe.co.uk
nj sales tax registration,10,,,form-now,site:watsonknipe.co.uk
b2b poland taxes,10,,,other,site:watsonknipe.co.uk
basic rate tax uk 2021,10,,,other,site:watsonknipe.co.uk
dividend tax rates 2012/13,10,,,run-the-company,site:watsonknipe.co.uk
maximum marginal rate of tax,10,,,other,site:watsonknipe.co.uk
deferred tax valuation allowance,10,,,other,site:watsonknipe.co.uk
stamp duty calculator business purchase,10,,,transfer-in,site:watsonknipe.co.uk
2018 itemized deductions,10,,,other,site:watsonknipe.co.uk
withholding tax director fees luxembourg,10,,,other,site:watsonknipe.co.uk
accounting tax questions,10,,,other,site:watsonknipe.co.uk
refer a friend turbotax,10,,,other,site:watsonknipe.co.uk
deadline to file taxes with extension,10,,,other,site:watsonknipe.co.uk
claim my tax back uniform,10,,,other,site:watsonknipe.co.uk
avoid taxes on home sale,10,,,other,site:watsonknipe.co.uk
for sale house in boston uk,10,,,other,seed:spv property
private land sales uk,10,1.12,,other,seed:spv property
private property rustenburg,10,,,other,seed:spv property
one home property uk ltd,10,,,other,seed:spv property
property for sale glen esk angus,10,,,other,seed:spv property
ttg property,10,,,other,seed:spv property
orion property sales,10,,,other,seed:spv property
cc sales property,10,,,other,seed:spv property
glasshouse property sales,10,,,other,seed:spv property
commercial property hayle,10,,,other,seed:spv property
buy sell cyprus property for sale,10,1.99,,other,seed:spv property
buy to let limited company vs personal,10,,,decide,seed:buy to let limited company;seed:non resident landlord company
buy to let property limited company,10,5.39,,other,seed:buy to let limited company;seed:non resident landlord company
buy-to-let limited company uk,10,,,other,seed:buy to let limited company;seed:non resident landlord company
buying buy to let through limited company,10,6.65,,other,seed:buy to let limited company;seed:non resident landlord company
buying buy-to let through limited company,10,6.65,,other,seed:buy to let limited company;seed:non resident landlord company
buying buy to let property through a limited company,10,20.89,,other,seed:buy to let limited company;seed:non resident landlord company
limited company vs personal buy to let,10,,,decide,seed:buy to let limited company;seed:non resident landlord company
buy-to-let personal or limited company,10,,,other,seed:buy to let limited company;seed:non resident landlord company
buy to let personal or limited company,10,,,other,seed:buy to let limited company;seed:non resident landlord company
limited company vs personal buy-to let,10,,,decide,seed:buy to let limited company;seed:non resident landlord company
buy to let property in limited company,10,5.39,,other,seed:buy to let limited company;seed:non resident landlord company
limited company spv buy to let,10,2.85,,other,seed:buy to let limited company;seed:non resident landlord company
buy-to-let company or personal,10,,,other,seed:buy to let limited company;seed:non resident landlord company
transfer buy to let property to company,10,,,transfer-in,seed:buy to let limited company;seed:non resident landlord company
transfer buy-to-let into limited company,10,,,other,seed:buy to let limited company;seed:non resident landlord company
buy-to let in limited company name,10,,,other,seed:buy to let limited company;seed:non resident landlord company
putting buy-to-let into limited company,10,,,other,seed:buy to let limited company;seed:non resident landlord company
buy to let in limited company name,10,,,other,seed:buy to let limited company;seed:non resident landlord company
buy to let through company,10,5.16,,other,seed:buy to let limited company;seed:non resident landlord company
buy to let company formation,10,6.89,,other,seed:buy to let limited company;seed:non resident landlord company
transfer buy to let to company,10,,,other,seed:buy to let limited company;seed:non resident landlord company
using company to buy property,10,,,other,seed:buy to let limited company;seed:non resident landlord company
transferring buy-to-let property into trust,10,,,other,seed:buy to let limited company
buy to let property tenant demand,10,,,other,seed:buy to let limited company
putting buy-to let property into a company,10,,,other,seed:buy to let limited company;seed:non resident landlord company
transferring buy to let property into a company,10,,,other,seed:buy to let limited company;seed:non resident landlord company
putting buy-to-let property into a company,10,,,other,seed:buy to let limited company;seed:non resident landlord company
transferring buy-to-let property into a company,10,,,other,seed:buy to let limited company;seed:non resident landlord company
putting buy to let property into a company,10,,,other,seed:buy to let limited company;seed:non resident landlord company
putting buy to let into company,10,,,other,seed:buy to let limited company;seed:non resident landlord company
buy-to-let company or individual,10,,,other,seed:buy to let limited company;seed:non resident landlord company
buy-to-let private or company,10,,,other,seed:buy to let limited company;seed:non resident landlord company
buy to let company or individual,10,,,other,seed:buy to let limited company;seed:non resident landlord company
buy to let company or private,10,,,other,seed:buy to let limited company;seed:non resident landlord company
buy-to lease property,10,7.64,,other,seed:buy to let limited company
setting up a property company for buy-to-let,10,,,form-now,seed:buy to let limited company;seed:non resident landlord company
setting up a company for buy to let property,10,,,form-now,seed:buy to let limited company;seed:non resident landlord company
buy to let housing association,10,,,other,seed:buy to let limited company
incorporating buy to let properties,10,,,form-now,seed:buy to let limited company
rent a company,10,,,other,seed:buy to let limited company;seed:non resident landlord company
rent to buy property agreement,10,,,other,seed:buy to let limited company
llc to buy rental property,10,,,other,seed:buy to let limited company
landlords access to rental property,10,,,other,seed:buy to let limited company
accounting for buy-to let properties,10,,,other,seed:buy to let limited company
accounting for buy-to-let properties,10,,,other,seed:buy to let limited company
tenants in common buy to let,10,,,other,seed:buy to let limited company
incorporation of buy to let business,10,,,other,seed:buy to let limited company
buy-to let tenants in common,10,,,other,seed:buy to let limited company
subletting a right to buy property,10,,,other,seed:buy to let limited company
tag property management and lettings,10,,,other,seed:buy to let limited company
buy-to-let landlords set up companies,10,,,form-now,seed:buy to let limited company
buy to let landlords set up companies,10,,,form-now,seed:buy to let limited company
lease property to limited company,10,,,other,seed:buy to let limited company;seed:non resident landlord company
buying residential property through limited company,10,,,other,seed:buy to let limited company;seed:non resident landlord company
leasehold management limited,10,,,other,seed:buy to let limited company
buy rental property with llc,10,,,other,seed:buy to let limited company
buy rental property under llc,10,,,other,seed:buy to let limited company
right to buy joint tenants,10,,,other,seed:buy to let limited company
incorporating rental property business,10,,,form-now,seed:buy to let limited company
rental company insurance,10,12.81,,other,seed:buy to let limited company;seed:non resident landlord company
buying property under company,10,0.23,,other,seed:buy to let limited company;seed:non resident landlord company
buying a company property,10,,,other,seed:buy to let limited company;seed:non resident landlord company
buying residential property through a company,10,,,other,seed:buy to let limited company;seed:non resident landlord company
purchasing a buy to let with a sitting tenant,10,,,other,seed:buy to let limited company
how to buy a rental property with an llc,10,,,other,seed:buy to let limited company
home office expenses for rental property,10,,,other,seed:buy to let limited company
rental income on jointly owned property,10,,,other,seed:buy to let limited company
the property company limited,10,,,other,seed:buy to let limited company;seed:non resident landlord company
property development limited company,10,13.7,,other,seed:buy to let limited company;seed:non resident landlord company
personal property management company,10,,,other,seed:buy to let limited company;seed:non resident landlord company
rental agreement with option to buy,10,,,other,seed:buy to let limited company
rent with option to buy contract,10,,,other,seed:buy to let limited company
rent with option to buy agreement,10,,,other,seed:buy to let limited company
pros and cons of hiring a property management company,10,,,decide,seed:buy to let limited company;seed:non resident landlord company
property rental company tax,10,,,other,seed:buy to let limited company;seed:non resident landlord company
buying a property management company,10,,,other,seed:buy to let limited company;seed:non resident landlord company
buying property under a company,10,0.23,,other,seed:buy to let limited company;seed:non resident landlord company
set to let property management,10,,,other,seed:buy to let limited company
short let property management company,10,,,other,seed:buy to let limited company;seed:non resident landlord company
right to rent company let,10,,,other,seed:buy to let limited company;seed:non resident landlord company
limited company for property development,10,13.7,,other,seed:buy to let limited company;seed:non resident landlord company
letting property through limited company,10,29.33,,other,seed:buy to let limited company;seed:non resident landlord company
llc pros and cons for rental property,10,,,decide,seed:buy to let limited company
llc for rental property pros and cons,10,,,decide,seed:buy to let limited company
charge rent to limited company,10,,,other,seed:buy to let limited company;seed:non resident landlord company
letting to a limited company,10,,,other,seed:buy to let limited company;seed:non resident landlord company
buying residential property in a company,10,24.09,,other,seed:buy to let limited company;seed:non resident landlord company
buying residential property as a company,10,24.09,,other,seed:buy to let limited company;seed:non resident landlord company
buying a property under a company,10,0.23,,other,seed:buy to let limited company;seed:non resident landlord company
buying residential property in company name,10,,,other,seed:buy to let limited company;seed:non resident landlord company
director renting property to company,10,,,other,seed:buy to let limited company;seed:non resident landlord company
rental property profit,10,,,other,seed:buy to let limited company
pros and cons of llc for rental property,10,,,decide,seed:buy to let limited company
renting property through a limited company,10,29.33,,other,seed:buy to let limited company;seed:non resident landlord company
limited company renting to family member,10,,,other,seed:buy to let limited company;seed:non resident landlord company
letting residential property to a company,10,5.79,,other,seed:buy to let limited company;seed:non resident landlord company
renting residential property to a company,10,,,other,seed:buy to let limited company;seed:non resident landlord company
leasing a property to a company,10,,,other,seed:buy to let limited company;seed:non resident landlord company
can you buy a rental property with an llc,10,,,other,seed:buy to let limited company
renting property to local authority,10,6.99,,other,seed:buy to let limited company
rental property management services,10,,,other,seed:buy to let limited company
rental property profit margin,10,,,other,seed:buy to let limited company
profit from rental property,10,,,other,seed:buy to let limited company
buying rental property llc,10,,,other,seed:buy to let limited company
buying short leasehold property,10,,,other,seed:buy to let limited company
formula buying rental property,10,4.48,,other,seed:buy to let limited company
buying property from landlord,10,,,other,seed:buy to let limited company;seed:non resident landlord company
leasehold when buying property,10,,,other,seed:buy to let limited company
non-resident company owning uk property,10,,,non-resident,seed:buy to let limited company;seed:non resident landlord company
rent to property,10,3.99,,other,seed:buy to let limited company
reasons to hire a property management company,10,,,other,seed:buy to let limited company;seed:non resident landlord company
property management company to rent my house,10,,,other,seed:buy to let limited company;seed:non resident landlord company
how to own a property management company,10,,,other,seed:buy to let limited company;seed:non resident landlord company
house let property management,10,,,other,seed:buy to let limited company
home let property management,10,,,other,seed:buy to let limited company
landlords limited company,10,,,other,seed:buy to let limited company;seed:non resident landlord company
residential property company,10,10.68,,other,seed:buy to let limited company;seed:non resident landlord company
property share company,10,,,other,seed:buy to let limited company;seed:non resident landlord company
listed property company,10,,,other,seed:buy to let limited company;seed:non resident landlord company
property company definition,10,,,other,seed:buy to let limited company;seed:non resident landlord company
property company meaning,10,,,other,seed:buy to let limited company;seed:non resident landlord company
private property company,10,7.3,,other,seed:buy to let limited company;seed:non resident landlord company
property management co limited,10,,,other,seed:buy to let limited company
leasehold property management limited,10,,,other,seed:buy to let limited company
personal property rental income,10,,,other,seed:buy to let limited company
buying property tenants in common,10,,,other,seed:buy to let limited company
buying property with existing tenants,10,4.5,,other,seed:buy to let limited company
buying a regulated tenancy property,10,,,other,seed:buy to let limited company
buying rental property with tenants,10,,,other,seed:buy to let limited company
buying a property management business,10,,,other,seed:buy to let limited company
buying rental property under llc,10,,,other,seed:buy to let limited company
when buying a rental property,10,,,other,seed:buy to let limited company
buying owner occupied rental property,10,,,other,seed:buy to let limited company
buying rental property with llc,10,,,other,seed:buy to let limited company
buying rental property with partner,10,,,other,seed:buy to let limited company
how to start a residential property management company,10,,,other,seed:buy to let limited company;seed:non resident landlord company
leasehold uk property,10,,,other,seed:buy to let limited company
uk property leasehold,10,,,other,seed:buy to let limited company
lease-to purchase property,10,,,other,seed:buy to let limited company
property to rent law,10,,,other,seed:buy to let limited company
lease to purchase property,10,,,other,seed:buy to let limited company
rent property to another,10,,,other,seed:buy to let limited company
rental income limited company,10,,,other,seed:buy to let limited company;seed:non resident landlord company
small property management company,10,1.07,,other,seed:buy to let limited company;seed:non resident landlord company
property management company responsibilities,10,,,other,seed:buy to let limited company;seed:non resident landlord company
franchise property management company,10,,,other,seed:buy to let limited company;seed:non resident landlord company
property management company definition,10,,,other,seed:buy to let limited company;seed:non resident landlord company
property management company law,10,,,other,seed:buy to let limited company;seed:non resident landlord company
service property management company,10,,,other,seed:buy to let limited company;seed:non resident landlord company
income property management company,10,,,other,seed:buy to let limited company;seed:non resident landlord company
hiring property management company,10,,,other,seed:buy to let limited company;seed:non resident landlord company
professional property management company,10,,,other,seed:buy to let limited company;seed:non resident landlord company
property holding company structure,10,,,other,seed:buy to let limited company;seed:non resident landlord company
property management company llc,10,,,other,seed:buy to let limited company;seed:non resident landlord company
property management company hk,10,,,other,seed:buy to let limited company;seed:non resident landlord company
property management company registration,10,,,form-now,seed:buy to let limited company;seed:non resident landlord company
property management company meaning,10,,,other,seed:buy to let limited company;seed:non resident landlord company
property management company percentage,10,,,other,seed:buy to let limited company;seed:non resident landlord company
property management services company,10,,,other,seed:buy to let limited company;seed:non resident landlord company
property management company rules,10,,,other,seed:buy to let limited company;seed:non resident landlord company
property development company structure,10,,,other,seed:buy to let limited company;seed:non resident landlord company
property management company services,10,,,other,seed:buy to let limited company;seed:non resident landlord company
register property management company,10,,,form-now,seed:buy to let limited company;seed:non resident landlord company
leading property management company,10,,,other,seed:buy to let limited company;seed:non resident landlord company
a property management company,10,,,other,seed:buy to let limited company;seed:non resident landlord company
rental property maintenance company,10,4.05,,other,seed:buy to let limited company;seed:non resident landlord company
hire property management company,10,,,other,seed:buy to let limited company;seed:non resident landlord company
what is property company,10,,,other,seed:buy to let limited company;seed:non resident landlord company
property management company contract,10,,,other,seed:buy to let limited company;seed:non resident landlord company
grow property management company,10,,,other,seed:buy to let limited company;seed:non resident landlord company
association property management company,10,,,other,seed:buy to let limited company;seed:non resident landlord company
landlord property management company,10,,,other,seed:buy to let limited company;seed:non resident landlord company
property management company structure,10,,,other,seed:buy to let limited company;seed:non resident landlord company
growing property management company,10,,,other,seed:buy to let limited company;seed:non resident landlord company
property management company description,10,,,other,seed:buy to let limited company;seed:non resident landlord company
using property management company,10,,,other,seed:buy to let limited company;seed:non resident landlord company
rental property bank account,10,24.22,,other,seed:buy to let limited company
buying a property with existing tenants,10,,,other,seed:buy to let limited company
rules for buying a rental property,10,,,other,seed:buy to let limited company
buying rental property with a partner,10,,,other,seed:buy to let limited company
process of buying a rental property,10,,,other,seed:buy to let limited company
buying a rental property with tenants,10,,,other,seed:buy to let limited company
buying rental property as a business,10,,,other,seed:buy to let limited company
renting to a company,10,,,other,seed:buy to let limited company;seed:non resident landlord company
assured shorthold tenancy company let,10,,,other,seed:buy to let limited company;seed:non resident landlord company
can a property management company own property,10,,,other,seed:buy to let limited company;seed:non resident landlord company
property management company for rental property management,10,,,other,seed:buy to let limited company;seed:non resident landlord company
rental property multiple owners tax,10,,,other,seed:buy to let limited company
leasehold property meaning uk,10,,,other,seed:buy to let limited company
shared property ownership uk,10,1.82,,other,seed:buy to let limited company
owner access to rental property,10,,,other,seed:buy to let limited company
how to rental property business,10,,,other,seed:buy to let limited company
transfer rental property to llc,10,,,transfer-in,seed:buy to let limited company
lease property to housing association,10,3.56,,other,seed:buy to let limited company
deposit to hold rental property,10,,,other,seed:buy to let limited company
leasing property to a corporation,10,,,other,seed:buy to let limited company
agent to manage rental property,10,,,other,seed:buy to let limited company
selling rental property to tenants,10,,,other,seed:buy to let limited company
transferring rental property to llc,10,,,other,seed:buy to let limited company
rent property on to another,10,,,other,seed:buy to let limited company
business license to rent property,10,,,other,seed:buy to let limited company
rental deposit to hold property,10,,,other,seed:buy to let limited company
how to manage rental property,10,6.54,,other,seed:buy to let limited company
leasing property to housing association,10,3.56,,other,seed:buy to let limited company
how to manage property rentals,10,6.54,,other,seed:buy to let limited company
starting a property management company to manage your own properties,10,,,other,seed:buy to let limited company;seed:non resident landlord company
how property management company works,10,,,other,seed:buy to let limited company;seed:non resident landlord company
company purchase of residential property,10,24.09,,other,seed:buy to let limited company;seed:non resident landlord company
what is property management company,10,,,other,seed:buy to let limited company;seed:non resident landlord company
what is a property company,10,,,other,seed:buy to let limited company;seed:non resident landlord company
hiring a property management company,10,,,other,seed:buy to let limited company;seed:non resident landlord company
becoming a property management company,10,5.9,,other,seed:buy to let limited company;seed:non resident landlord company
structure of property management company,10,,,other,seed:buy to let limited company;seed:non resident landlord company
benefits of property management company,10,,,other,seed:buy to let limited company;seed:non resident landlord company
company renting property for employee,10,,,other,seed:buy to let limited company;seed:non resident landlord company
rental property management company fees,10,,,other,seed:buy to let limited company;seed:non resident landlord company
contract with property management company,10,,,other,seed:buy to let limited company;seed:non resident landlord company
maintenance company for rental property,10,4.05,,other,seed:buy to let limited company;seed:non resident landlord company
property management and development company,10,,,other,seed:buy to let limited company;seed:non resident landlord company
owning a property management company,10,,,other,seed:buy to let limited company;seed:non resident landlord company
property development and management company,10,,,other,seed:buy to let limited company;seed:non resident landlord company
work for property management company,10,,,other,seed:buy to let limited company;seed:non resident landlord company
forming a property management company,10,,,other,seed:buy to let limited company;seed:non resident landlord company
property management company start up,10,,,other,seed:buy to let limited company;seed:non resident landlord company
definition of property management company,10,,,other,seed:buy to let limited company;seed:non resident landlord company
buying a rental property with an llc,10,,,other,seed:buy to let limited company
buying a property with a head lease,10,,,other,seed:buy to let limited company
buying a rental property through an llc,10,,,other,seed:buy to let limited company
selling a rental property and buying another,10,,,other,seed:buy to let limited company
buying a property with a tenancy agreement,10,,,other,seed:buy to let limited company
is a property rental company a trading company,10,,,other,seed:buy to let limited company;seed:non resident landlord company
company paying rent to director,10,,,other,seed:buy to let limited company;seed:non resident landlord company
llc for rental property tax benefits,10,,,other,seed:buy to let limited company
how to run rental property business,10,,,other,seed:buy to let limited company
lease to own commercial property contract,10,,,other,seed:buy to let limited company
changing primary residence to rental property,10,,,other,seed:buy to let limited company
converting primary residence to rental property,10,,,other,seed:buy to let limited company
how to run a rental property,10,,,other,seed:buy to let limited company
rental property expenses prior to renting,10,,,other,seed:buy to let limited company
how to structure rental property business,10,,,other,seed:buy to let limited company
pay spouse to manage rental property,10,,,other,seed:buy to let limited company
how to manage a rental property,10,6.54,,other,seed:buy to let limited company
adding value to a rental property,10,,,other,seed:buy to let limited company
changing rental property to primary residence,10,,,other,seed:buy to let limited company
expenses to claim for rental property,10,,,other,seed:buy to let limited company
rent agreement for private limited company,10,,,other,seed:buy to let limited company;seed:non resident landlord company
commercial real estate property management company,10,,,other,seed:buy to let limited company;seed:non resident landlord company
why use a property management company,10,,,other,seed:buy to let limited company;seed:non resident landlord company
why hire a property management company,10,,,other,seed:buy to let limited company;seed:non resident landlord company
how a property management company works,10,,,other,seed:buy to let limited company;seed:non resident landlord company
starting up a property management company,10,,,other,seed:buy to let limited company;seed:non resident landlord company
new property management company took over,10,,,other,seed:buy to let limited company;seed:non resident landlord company
my landlord hired property management company,10,,,other,seed:buy to let limited company;seed:non resident landlord company
separate bank account for rental property,10,,,other,seed:buy to let limited company
how to use equity in rental property,10,,,other,seed:buy to let limited company
leasing your property to a housing association,10,,,other,seed:buy to let limited company
how to run a rental property business,10,,,other,seed:buy to let limited company
how to start a rental property llc,10,,,other,seed:buy to let limited company
how to create llc for rental property,10,,,other,seed:buy to let limited company
how to keep records for rental property,10,,,other,seed:buy to let limited company
who pays the rates on a rental property,10,,,other,seed:buy to let limited company
who pays the rates on a rented property,10,,,other,seed:buy to let limited company
home management company,10,4.83,,other,seed:buy to let limited company;seed:non resident landlord company
renting a flat through a limited company,10,,,other,seed:buy to let limited company;seed:non resident landlord company
benefits of using a property management company,10,,,other,seed:buy to let limited company;seed:non resident landlord company
benefits of hiring a property management company,10,,,other,seed:buy to let limited company;seed:non resident landlord company
own property personally but rent through company,10,,,other,seed:buy to let limited company;seed:non resident landlord company
negotiating rent with a property management company,10,,,other,seed:buy to let limited company;seed:non resident landlord company
can a company lease a residential property,10,,,other,seed:buy to let limited company;seed:non resident landlord company
separate bank account for each rental property,10,,,other,seed:buy to let limited company
how to start an llc for rental property,10,,,other,seed:buy to let limited company
how to set up rental property as business,10,4.31,,form-now,seed:buy to let limited company
change use of property from residential to rental,10,,,other,seed:buy to let limited company
how to use an llc for rental property,10,,,other,seed:buy to let limited company
joint ownership of property rental income uk,10,,,other,seed:buy to let limited company
tenant running business from rental property,10,,,other,seed:buy to let limited company
what services does a property management company provide,10,,,other,seed:buy to let limited company;seed:non resident landlord company
renting a house through a property management company,10,,,other,seed:buy to let limited company;seed:non resident landlord company
joint tenants to tenants in common uk,10,,,other,seed:buy to let limited company
how to set up a business for rental property,10,4.31,,form-now,seed:buy to let limited company
how to start a real estate rental company,10,,,other,seed:buy to let limited company;seed:non resident landlord company
hold property on trust as joint tenants,10,,,other,seed:buy to let limited company
is a rental property considered a business uk,10,,,other,seed:buy to let limited company
when should a landlord hire a property management company,10,,,other,seed:buy to let limited company;seed:non resident landlord company
advantages and disadvantages of using a property management company,10,,,decide,seed:buy to let limited company;seed:non resident landlord company
what is the role of a property management company,10,,,other,seed:buy to let limited company;seed:non resident landlord company
landlord and tenant responsibilities uk,10,,,other,seed:buy to let limited company;seed:non resident landlord company
hiring property manager for rental property,10,,,other,seed:buy to let limited company
buying a lettings business,10,,,other,seed:buy to let limited company
what type of property is rental property,10,,,other,seed:buy to let limited company
llc property management,10,,,other,seed:buy to let limited company
private property leasing,10,,,other,seed:buy to let limited company
lease residential property,10,,,other,seed:buy to let limited company
a property management,10,,,other,seed:buy to let limited company
associative property management,10,,,other,seed:buy to let limited company
letting leasehold property,10,,,other,seed:buy to let limited company
incorporate rental property,10,0.63,,form-now,seed:buy to let limited company
lease purchase property,10,,,other,seed:buy to let limited company
rental property deal,10,1.13,,other,seed:buy to let limited company
associated property management,10,,,other,seed:buy to let limited company
hostly property management,10,,,other,seed:buy to let limited company
rental property basis,10,,,other,seed:buy to let limited company
tenant occupied property,10,,,other,seed:buy to let limited company
the property landlord,10,,,other,seed:buy to let limited company;seed:non resident landlord company
firm property management,10,,,other,seed:buy to let limited company
rental property bond,10,,,other,seed:buy to let limited company
is property leasehold,10,,,other,seed:buy to let limited company
rentwell property management,10,,,other,seed:buy to let limited company
rentify property management,10,,,other,seed:buy to let limited company
tenant property meaning,10,,,other,seed:buy to let limited company
property lease management,10,,,other,seed:buy to let limited company
multi tenant property,10,,,other,seed:buy to let limited company
multiple property management,10,,,other,seed:buy to let limited company
rental property rights,10,,,other,seed:buy to let limited company
tenant subletting property,10,,,other,seed:buy to let limited company
real property lease,10,,,other,seed:buy to let limited company
leasehold residential property,10,,,other,seed:buy to let limited company
houser property management,10,,,other,seed:buy to let limited company
lettings and property,10,,,other,seed:buy to let limited company
leasing residential property,10,,,other,seed:buy to let limited company
rental property issues,10,,,other,seed:buy to let limited company
holdshare property management,10,,,other,seed:buy to let limited company
property share companies,10,,,other,seed:buy to let limited company
rented property rights,10,,,other,seed:buy to let limited company
property management incorporated,10,,,other,seed:buy to let limited company
property management lease,10,,,other,seed:buy to let limited company
rental property statement,10,,,other,seed:buy to let limited company
property lettings management,10,25.56,,other,seed:buy to let limited company
equity rental property,10,,,other,seed:buy to let limited company
rental property law,10,4.86,,other,seed:buy to let limited company
property leasing process,10,,,other,seed:buy to let limited company
rental property agencies,10,4.73,,other,seed:buy to let limited company
mutual property management,10,,,other,seed:buy to let limited company
rental property accountants,10,,,other,seed:buy to let limited company
property management tenant,10,,,other,seed:buy to let limited company
rental property definition,10,,,other,seed:buy to let limited company
combined property management,10,,,other,seed:buy to let limited company
property rental rights,10,,,other,seed:buy to let limited company
rental property partnership,10,0.8,,other,seed:buy to let limited company
tenanted property meaning,10,,,other,seed:buy to let limited company
rental property franchise,10,,,other,seed:buy to let limited company
underwriting rental property,10,,,other,seed:buy to let limited company
rentlife property management,10,1.22,,other,seed:buy to let limited company
rental property ownership,10,,,other,seed:buy to let limited company
maintaining rental property,10,,,other,seed:buy to let limited company
renting property law,10,4.86,,other,seed:buy to let limited company
reliant property group,10,,,other,seed:buy to let limited company
hybrid property management,10,3.21,,other,seed:buy to let limited company
leasing property management,10,,,other,seed:buy to let limited company
as property management,10,,,other,seed:buy to let limited company
rentwise property management,10,,,other,seed:buy to let limited company
foreclosed rental property,10,,,other,seed:buy to let limited company
rental property industry,10,,,other,seed:buy to let limited company
property management leasing,10,,,other,seed:buy to let limited company
hire of property,10,,,other,seed:buy to let limited company
property rental industry,10,,,other,seed:buy to let limited company
rental property owner,10,,,other,seed:buy to let limited company
property management corporation,10,,,other,seed:buy to let limited company
rental property assets,10,,,other,seed:buy to let limited company
why leasehold property,10,,,other,seed:buy to let limited company
property letting contract,10,2.11,,other,seed:buy to let limited company
rental property process,10,,,other,seed:buy to let limited company
group property management,10,,,other,seed:buy to let limited company
rental property agency,10,4.73,,other,seed:buy to let limited company
guardian rental property,10,,,other,seed:buy to let limited company
rental property owners,10,,,other,seed:buy to let limited company
property letting management,10,25.56,,other,seed:buy to let limited company
property management corp,10,,,other,seed:buy to let limited company
property management owner,10,,,other,seed:buy to let limited company
tenant-occupied property,10,,,other,seed:buy to let limited company
lease property management,10,,,other,seed:buy to let limited company
landlord of property,10,,,other,seed:buy to let limited company;seed:non resident landlord company
inhouse property management,10,,,other,seed:buy to let limited company
deal rental property,10,1.13,,other,seed:buy to let limited company
rental property funding,10,,,other,seed:buy to let limited company
leasehold property rights,10,,,other,seed:buy to let limited company
rental property responsibilities,10,,,other,seed:buy to let limited company
shell property management,10,,,other,seed:buy to let limited company
rental property deals,10,1.13,,other,seed:buy to let limited company
rental property portfolio,10,,,other,seed:buy to let limited company
srl property management,10,,,other,seed:buy to let limited company
property group management,10,,,other,seed:buy to let limited company
rentvest property management,10,,,other,seed:buy to let limited company
property leasing business,10,,,other,seed:buy to let limited company
rental lease property,10,,,other,seed:buy to let limited company
rental property repossession,10,,,other,seed:buy to let limited company
property management llc,10,,,other,seed:buy to let limited company
foreclosure rental property,10,,,other,seed:buy to let limited company
rently company,10,,,other,seed:buy to let limited company;seed:non resident landlord company
lessor company,10,,,other,seed:buy to let limited company;seed:non resident landlord company
onerent company,10,,,other,seed:buy to let limited company;seed:non resident landlord company
tenant to owner,10,,,other,seed:buy to let limited company
real estate limited partnership,10,,,other,seed:buy to let limited company
rental property investment plan,10,,,other,seed:buy to let limited company
for rent property management,10,,,other,seed:buy to let limited company
property management letting agents,10,5.5,,other,seed:buy to let limited company
managing your rental property,10,1.08,,other,seed:buy to let limited company
interest on rental property,10,,,other,seed:buy to let limited company
jointly owned rental property,10,,,other,seed:buy to let limited company
rental property management agreement,10,,,other,seed:buy to let limited company
lease for life property,10,,,other,seed:buy to let limited company
repossession of rented property,10,,,other,seed:buy to let limited company
llc for property management,10,,,other,seed:buy to let limited company
the firm property management,10,,,other,seed:buy to let limited company
open rent property management,10,6.46,,other,seed:buy to let limited company
property link letting agency,10,,,other,seed:buy to let limited company
life rent on property,10,,,other,seed:buy to let limited company
rental property balance sheet,10,,,other,seed:buy to let limited company
lease of immovable property,10,,,other,seed:buy to let limited company
the landlord property management,10,,,other,seed:buy to let limited company;seed:non resident landlord company
financial independence rental property,10,,,other,seed:buy to let limited company
commercial lease residential property,10,,,other,seed:buy to let limited company
property rental business plan,10,,,other,seed:buy to let limited company
rental property business canada,10,,,other,seed:buy to let limited company
property management house rentals,10,1,,other,seed:buy to let limited company
income statement rental property,10,,,other,seed:buy to let limited company
lifetime tenant in property,10,,,other,seed:buy to let limited company
co ownership rental property,10,,,other,seed:buy to let limited company
lifetime lease on property,10,,,other,seed:buy to let limited company
co rental property management,10,,,other,seed:buy to let limited company
landlord property management llc,10,,,other,seed:buy to let limited company;seed:non resident landlord company
rental property p&l,10,,,other,seed:buy to let limited company
divorce and rental property,10,,,other,seed:buy to let limited company
finance for rental property,10,5.04,,other,seed:buy to let limited company
asset property management rentals,10,,,other,seed:buy to let limited company
financing rental property llc,10,,,other,seed:buy to let limited company
house rental property management,10,1,,other,seed:buy to let limited company
build rental property business,10,,,other,seed:buy to let limited company
ie rental property management,10,,,other,seed:buy to let limited company
maintenance expenses rental property,10,,,other,seed:buy to let limited company
property ownership joint tenants,10,,,other,seed:buy to let limited company
manage own rental property,10,,,other,seed:buy to let limited company
rental property llc names,10,,,other,seed:buy to let limited company
partnership for rental property,10,,,other,seed:buy to let limited company
tracking rental property expenses,10,,,other,seed:buy to let limited company
rental property cost basis,10,,,other,seed:buy to let limited company
rental property maintenance expenses,10,,,other,seed:buy to let limited company
track rental property expenses,10,,,other,seed:buy to let limited company
local rental property management,10,,,other,seed:buy to let limited company
landlord hired property management,10,,,other,seed:buy to let limited company;seed:non resident landlord company
what is property letting,10,,,other,seed:buy to let limited company
active renter property management,10,,,other,seed:buy to let limited company
land trust rental property,10,,,other,seed:buy to let limited company
co-ownership rental property,10,,,other,seed:buy to let limited company
rent roll property management,10,,,other,seed:buy to let limited company
receipts for rental property,10,,,other,seed:buy to let limited company
lessors of real property,10,,,other,seed:buy to let limited company
renting property under llc,10,,,other,seed:buy to let limited company
property tax status,10,,,other,seed:property company tax
tax residency certificate company,10,,,other,seed:property company tax
bda property tax payment,10,,,other,seed:property company tax
iras tax calculator,10,,,tools,seed:property company tax
federal tax rates 2023,10,,,other,seed:property company tax
tax overview uk,10,,,other,seed:property company tax
revenue property tax,10,,,other,seed:property company tax
property tax system,10,,,other,seed:property company tax
transfer property from company to individual,10,,,transfer-in,seed:transfer property to limited company
private limited company address change,10,,,other,seed:transfer property to limited company
company house check name uk,10,,,other,seed:transfer property to limited company
buy to let limited company sic code,10,8.9,,other,seed:transfer property to limited company
how to open a property development company,10,,,form-now,seed:transfer property to limited company
company house sic codes list,10,12.24,,other,seed:transfer property to limited company
conveyancing company search,10,15.26,,other,seed:transfer property to limited company
delaware company address,10,,,other,seed:transfer property to limited company
pure legal limited companies house,10,,,run-the-company,seed:transfer property to limited company
moving personal property to llc,10,,,other,seed:transfer property to limited company
maryland company register search,10,,,form-now,seed:transfer property to limited company
delaware company name search,10,,,other,seed:transfer property to limited company
company address in texas,10,,,other,seed:transfer property to limited company
company name check texas,10,,,other,seed:transfer property to limited company
company name availability texas,10,,,other,seed:transfer property to limited company
find company name by address,10,,,other,seed:transfer property to limited company
marshall islands registry company search,10,,,other,seed:transfer property to limited company
value jersey company registration confusion,10,,,form-now,seed:transfer property to limited company
jersey company registry entity search,10,,,other,seed:transfer property to limited company
company registry isle of man address,10,,,other,seed:transfer property to limited company
company fraudulently registered at my address,10,,,other,seed:transfer property to limited company
how to register real estate company,10,,,form-now,seed:transfer property to limited company
apply for landlord registration scotland,10,,,form-now,seed:transfer property to limited company
constructive notice in transfer of property act,10,,,transfer-in,seed:transfer property to limited company
residential landlord and tenant act,10,,,other,seed:transfer property to limited company
property purchase letter,10,,,other,seed:transfer property to limited company
landlord notice before entering property,10,,,other,seed:transfer property to limited company
landlord notice to visit property,10,,,other,seed:transfer property to limited company
renters rights bill landlord selling property,10,,,other,seed:transfer property to limited company
what is a deed in property,10,,,other,seed:transfer property to limited company
deed stamp duty,10,,,transfer-in,seed:transfer property to limited company
gift deed for property transfer,10,,,other,seed:transfer property to limited company
property transfer contract,10,,,other,seed:transfer property to limited company
deed of assignment stamp duty,10,,,transfer-in,seed:transfer property to limited company
void transfer of property,10,,,transfer-in,seed:transfer property to limited company
lda property transfer procedure,10,,,other,seed:transfer property to limited company
process of property transfer,10,,,other,seed:transfer property to limited company
transfer of property gift deed,10,,,transfer-in,seed:transfer property to limited company
transfer of possession of property,10,,,transfer-in,seed:transfer property to limited company
agreement for transfer of property,10,,,transfer-in,seed:transfer property to limited company
transfer of property without possession,10,,,transfer-in,seed:transfer property to limited company
property deed transfer on death,10,,,other,seed:transfer property to limited company
trust deed transfer of property,10,,,transfer-in,seed:transfer property to limited company
property transfer by gift deed,10,,,other,seed:transfer property to limited company
notice to leave private residential tenancy scotland,10,3.63,,other,seed:transfer property to limited company
property release form uk,10,,,other,seed:transfer property to limited company
property abandonment notice uk,10,,,other,seed:transfer property to limited company
property sale agreement uk,10,,,other,seed:transfer property to limited company
certificate of stamp duty for tenancy agreement,10,,,transfer-in,seed:transfer property to limited company
how to transfer a property deed,10,,,transfer-in,seed:transfer property to limited company
types of deeds to transfer property,10,,,transfer-in,seed:transfer property to limited company
transfer of property through settlement deed,10,,,transfer-in,seed:transfer property to limited company
transfer of property without sale deed,10,,,transfer-in,seed:transfer property to limited company
power of attorney transfer of property,10,,,transfer-in,seed:transfer property to limited company
landlord registration renewal scotland,10,,,form-now,seed:transfer property to limited company
notice to tenant when selling property scotland,10,,,other,seed:transfer property to limited company
property contract template,10,1.36,,other,seed:transfer property to limited company
property sale deed,10,,,other,seed:transfer property to limited company
property sale agreement template uk,10,1.41,,other,seed:transfer property to limited company
property sales agreement template uk,10,1.41,,other,seed:transfer property to limited company
tenant has abandoned property uk,10,,,other,seed:transfer property to limited company
buying a deed in lieu of foreclosure property,10,,,other,seed:transfer property to limited company
release deed under transfer of property act,10,,,transfer-in,seed:transfer property to limited company
eviction notice under transfer of property act,10,1.76,,transfer-in,seed:transfer property to limited company
section 41 of transfer of property act,10,,,transfer-in,seed:transfer property to limited company
section 40 of transfer of property act,10,,,transfer-in,seed:transfer property to limited company
how do i transfer a property deed,10,,,transfer-in,seed:transfer property to limited company
types of property transfer deed in india,10,,,other,seed:transfer property to limited company
section 38 of transfer of property act,10,,,transfer-in,seed:transfer property to limited company
landlord registration gov uk,10,,,form-now,seed:transfer property to limited company
right to rent check scotland,10,,,other,seed:transfer property to limited company
tenancy deposit scheme scotland regulations,10,,,other,seed:transfer property to limited company
hmrc deed of appropriation,10,,,other,seed:transfer property to limited company
uk tenant rights landlord entering property,10,,,other,seed:transfer property to limited company
disclosing death in rental property uk,10,,,other,seed:transfer property to limited company
when to give notice on rented property when buying,10,,,other,seed:transfer property to limited company
seller's duty to disclose information about the property,10,,,other,seed:transfer property to limited company
deed of assignment under transfer of property act,10,,,transfer-in,seed:transfer property to limited company
right of redemption under transfer of property act,10,,,transfer-in,seed:transfer property to limited company
special power of attorney for transfer of property,10,,,transfer-in,seed:transfer property to limited company
deed of variation freehold property,10,,,other,seed:transfer property to limited company
rental property information sheet template,10,,,other,seed:transfer property to limited company
authorization letter to sell property,10,,,other,seed:transfer property to limited company
residential tenancy forms,10,1.44,,other,seed:transfer property to limited company
residential tenancy database,10,,,other,seed:transfer property to limited company
notary stamp wv,10,,,other,seed:transfer property to limited company
land buying contract,10,,,other,seed:transfer property to limited company
notice under section 3 of transfer of property act,10,,,transfer-in,seed:transfer property to limited company
deed of equity,10,,,other,seed:transfer property to limited company
sample letter of intent to sell property,10,,,other,seed:transfer property to limited company
residential tenancy notice periods,10,,,other,seed:transfer property to limited company
residential landlord tenant act,10,,,other,seed:transfer property to limited company
residential tenancies act ireland,10,,,other,seed:transfer property to limited company
residential tenancy eviction notice,10,,,other,seed:transfer property to limited company
residential lease termination notice,10,,,other,seed:transfer property to limited company
california residential purchase agreement,10,,,other,seed:transfer property to limited company
documents for residential certificate,10,,,other,seed:transfer property to limited company
residential tenancies board contact,10,,,other,seed:transfer property to limited company
what is a sales memorandum in property sale,10,,,other,seed:transfer property to limited company
legal documents buying house,10,,,other,seed:transfer property to limited company
tenancy notice period scotland,10,,,other,seed:transfer property to limited company
scotland landlord notice period,10,,,other,seed:transfer property to limited company
california residential purchase agreement pdf,10,,,other,seed:transfer property to limited company
florida residential landlord tenant act,10,,,other,seed:transfer property to limited company
residential tenancies act landlord obligations,10,,,other,seed:transfer property to limited company
residential tenancies board rtb website,10,,,other,seed:transfer property to limited company
assignment of residential purchase contract,10,,,other,seed:transfer property to limited company
real estate residential purchase agreement,10,,,other,seed:transfer property to limited company
landlord and tenant act residential,10,,,other,seed:transfer property to limited company
land deed transfer,10,3.97,,other,seed:transfer property to limited company
car transfer deed,10,,,other,seed:transfer property to limited company
house lease transfer,10,,,other,seed:transfer property to limited company
land transfer deed,10,3.97,,other,seed:transfer property to limited company
estate transfer deed,10,,,other,seed:transfer property to limited company
grant deed transfer,10,,,other,seed:transfer property to limited company
transfer deed witness,10,,,other,seed:transfer property to limited company
amended transfer deed,10,,,other,seed:transfer property to limited company
transfer deed texas,10,,,other,seed:transfer property to limited company
property notice template,10,,,other,seed:transfer property to limited company
property deed california,10,,,other,seed:transfer property to limited company
consent orders property,10,,,other,seed:transfer property to limited company
property deed images,10,,,other,seed:transfer property to limited company
property disclaimer template,10,,,other,seed:transfer property to limited company
property deeds law,10,,,other,seed:transfer property to limited company
property deed maryland,10,,,other,seed:transfer property to limited company
prenup property agreement,10,,,other,seed:transfer property to limited company
property notice letter,10,,,other,seed:transfer property to limited company
draft contract property,10,,,other,seed:transfer property to limited company
sellers property questionnaire,10,,,other,seed:transfer property to limited company
property partition deed,10,,,other,seed:transfer property to limited company
seller property questionnaire,10,,,other,seed:transfer property to limited company
property purchase contract,10,,,other,seed:transfer property to limited company
property restraining order,10,,,other,seed:transfer property to limited company
property deed florida,10,,,other,seed:transfer property to limited company
property exchange deed,10,,,other,seed:transfer property to limited company
property deed massachusetts,10,,,other,seed:transfer property to limited company
unconditional offer property,10,,,other,seed:transfer property to limited company
public notice property,10,,,other,seed:transfer property to limited company
seller misrepresented property,10,,,other,seed:transfer property to limited company
property grant deed,10,,,other,seed:transfer property to limited company
execution of property,10,,,other,seed:transfer property to limited company
wholesaling property contract,10,,,other,seed:transfer property to limited company
property document types,10,,,other,seed:transfer property to limited company
deed property law,10,,,other,seed:transfer property to limited company
property prospectus template,10,,,other,seed:transfer property to limited company
selling property contract,10,,,other,seed:transfer property to limited company
property overage clause,10,,,other,seed:transfer property to limited company
property sale documents,10,,,other,seed:transfer property to limited company
property recovery order,10,,,other,seed:transfer property to limited company
property conveyance deed,10,,,other,seed:transfer property to limited company
property lease register,10,,,form-now,seed:transfer property to limited company
property listing agreement,10,,,other,seed:transfer property to limited company
conditional offer property,10,,,other,seed:transfer property to limited company
property deed theft,10,,,other,seed:transfer property to limited company
extension property example,10,,,other,seed:transfer property to limited company
writ of property,10,,,other,seed:transfer property to limited company
property deed abbreviations,10,,,other,seed:transfer property to limited company
property deed fraud,10,,,other,seed:transfer property to limited company
property disposition order,10,,,other,seed:transfer property to limited company
property tender document,10,,,other,seed:transfer property to limited company
texas property deed,10,,,other,seed:transfer property to limited company
real property deed,10,,,other,seed:transfer property to limited company
property closure order,10,,,other,seed:transfer property to limited company
misrepresentation property sale,10,,,other,seed:transfer property to limited company
vacant property notice,10,,,other,seed:transfer property to limited company
disposition property law,10,,,other,seed:transfer property to limited company
reconveyance of property,10,,,other,seed:transfer property to limited company
vacant property letter,10,,,other,seed:transfer property to limited company
notice to leave private residential tenancy,10,,,other,seed:transfer property to limited company
florida residential landlord and tenant act,10,,,other,seed:transfer property to limited company
residential landlord and tenant act arizona,10,,,other,seed:transfer property to limited company
residential tenancies act notice to vacate,10,,,other,seed:transfer property to limited company
notice period for tenants scotland,10,,,other,seed:transfer property to limited company
deed of death transfer,10,,,other,seed:transfer property to limited company
deed to transfer ownership,10,,,other,seed:transfer property to limited company
transfer of ownership deed,10,,,other,seed:transfer property to limited company
transfer deed of land,10,3.97,,other,seed:transfer property to limited company
interspousal transfer grant deed,10,,,other,seed:transfer property to limited company
deed of trust transfer,10,,,other,seed:transfer property to limited company
transfer deed after divorce,10,,,other,seed:transfer property to limited company
real estate deed transfer,10,,,other,seed:transfer property to limited company
transfer deed without lawyer,10,,,other,seed:transfer property to limited company
transfer deed to llc,10,,,other,seed:transfer property to limited company
deed of transfer ireland,10,,,other,seed:transfer property to limited company
how to transfer deeds,10,,,other,seed:transfer property to limited company
sample deed transfer ownership,10,,,other,seed:transfer property to limited company
transfer tenancy council house,10,,,other,seed:transfer property to limited company
public notice when buying a house,10,,,other,seed:transfer property to limited company
rent arrears council property,10,,,other,seed:transfer property to limited company
legal property agreement template,10,,,other,seed:transfer property to limited company
types of deeds property,10,,,other,seed:transfer property to limited company
landlord property inspection notice,10,,,other,seed:transfer property to limited company
commercial property sale contract,10,,,other,seed:transfer property to limited company
letter vacating rental property,10,0.58,,other,seed:transfer property to limited company
sale of property contract,10,,,other,seed:transfer property to limited company
relationship property agreement template,10,,,other,seed:transfer property to limited company
property sale purchase agreement,10,,,other,seed:transfer property to limited company
deed of indemnity property,10,,,other,seed:transfer property to limited company
property sale settlement process,10,,,other,seed:transfer property to limited company
leasehold property expiration fee,10,,,other,seed:transfer property to limited company
property purchase option agreement,10,,,other,seed:transfer property to limited company
property sale agreement pakistan,10,,,other,seed:transfer property to limited company
written offer for property,10,,,other,seed:transfer property to limited company
property purchase agreement pdf,10,,,other,seed:transfer property to limited company
property purchase contract sample,10,,,other,seed:transfer property to limited company
property dealer commission agreement,10,,,other,seed:transfer property to limited company
sellers property information report,10,,,other,seed:transfer property to limited company
notice to sell property,10,,,other,seed:transfer property to limited company
rectification deed for property,10,,,other,seed:transfer property to limited company
will deed for property,10,,,other,seed:transfer property to limited company
relinquishment deed for property,10,,,other,seed:transfer property to limited company
property gift deed charges,10,,,other,seed:transfer property to limited company
settlement deed of property,10,,,other,seed:transfer property to limited company
property sale legal process,10,,,other,seed:transfer property to limited company
property description in deed,10,,,other,seed:transfer property to limited company
release deed for property,10,,,other,seed:transfer property to limited company
settlement deed for property,10,,,other,seed:transfer property to limited company
notice to enter property,10,,,other,seed:transfer property to limited company
property memorandum of sale,10,,,other,seed:transfer property to limited company
property buy out agreement,10,,,other,seed:transfer property to limited company
commercial property agreement template,10,4.63,,other,seed:transfer property to limited company
trust property sale procedure,10,,,other,seed:transfer property to limited company
lpt property id example,10,,,other,seed:transfer property to limited company
vacant property grant application,10,,,other,seed:transfer property to limited company
property sale agreement pdf,10,1.82,,other,seed:transfer property to limited company
demand letter for property,10,,,other,seed:transfer property to limited company
simple property sale agreement,10,,,other,seed:transfer property to limited company
seller property information sheet,10,,,other,seed:transfer property to limited company
property settlement agreement example,10,,,other,seed:transfer property to limited company
property exchange agreement template,10,,,other,seed:transfer property to limited company
surrender deed of property,10,,,other,seed:transfer property to limited company
pre sale agreement property,10,,,other,seed:transfer property to limited company
section 5 notice property,10,,,other,seed:transfer property to limited company
exchange of property deed,10,,,other,seed:transfer property to limited company
deed of accession property,10,,,other,seed:transfer property to limited company
tenant abandoned property letter,10,,,other,seed:transfer property to limited company
property purchase contract template,10,,,other,seed:transfer property to limited company
executors sale of property,10,,,other,seed:transfer property to limited company
letter to vacant property,10,,,other,seed:transfer property to limited company
conditions of sale property,10,,,other,seed:transfer property to limited company
property purchase offer letter,10,,,other,seed:transfer property to limited company
cardiff landlord property fine,10,,,other,seed:transfer property to limited company
prenuptial agreement for property,10,,,other,seed:transfer property to limited company
sellers property information questionnaire,10,,,other,seed:transfer property to limited company
seller property disclosure statement,10,,,other,seed:transfer property to limited company
private property sale contract,10,,,other,seed:transfer property to limited company
notice to remove property,10,,,other,seed:transfer property to limited company
personal property purchase agreement,10,,,other,seed:transfer property to limited company
commercial property sale agreement,10,,,other,seed:transfer property to limited company
conditional sale agreement property,10,,,other,seed:transfer property to limited company
property report for immigration,10,,,other,seed:transfer property to limited company
property purchase agreement example,10,,,other,seed:transfer property to limited company
property deed look like,10,,,other,seed:transfer property to limited company
blank seller property questionnaire,10,,,other,seed:transfer property to limited company
court order property sale,10,,,other,seed:transfer property to limited company
property sale completion date,10,,,other,seed:transfer property to limited company
executor sale of property,10,,,other,seed:transfer property to limited company
letter to purchase property,10,,,other,seed:transfer property to limited company
property access agreement template,10,,,other,seed:transfer property to limited company
commercial property sales agreement,10,,,other,seed:transfer property to limited company
property sales agreement pdf,10,1.82,,other,seed:transfer property to limited company
promissory note for property,10,,,other,seed:transfer property to limited company
deed of waiver property,10,,,other,seed:transfer property to limited company
property contract of sale,10,,,other,seed:transfer property to limited company
property sale contract pdf,10,,,other,seed:transfer property to limited company
conditional sale of property,10,,,other,seed:transfer property to limited company
sellers property information statement,10,,,other,seed:transfer property to limited company
can landlord visit property,10,,,other,seed:transfer property to limited company
property sale agreement rules,10,,,other,seed:transfer property to limited company
landlord wants property back,10,,,other,seed:transfer property to limited company
notice served on property,10,,,other,seed:transfer property to limited company
deed of agreement property,10,,,other,seed:transfer property to limited company
commercial property purchase agreement,10,,,other,seed:transfer property to limited company
vacating a property letter,10,,,other,seed:transfer property to limited company
deed to property example,10,,,other,seed:transfer property to limited company
rental property inspection notice,10,,,other,seed:transfer property to limited company
trust property sale permission,10,,,other,seed:transfer property to limited company
agreement to sale property,10,,,other,seed:transfer property to limited company
tenant property damage letter,10,,,other,seed:transfer property to limited company
grant for vacant property,10,,,other,seed:transfer property to limited company
property purchase agreement template,10,,,other,seed:transfer property to limited company
sales history property free,10,,,other,seed:transfer property to limited company
deed of release property,10,,,other,seed:transfer property to limited company
property gift deed sample,10,,,other,seed:transfer property to limited company
property viewing request letter,10,,,other,seed:transfer property to limited company
quitclaim deed cost,10,,,other,seed:transfer property to limited company
partition deed cost,10,,,other,seed:transfer property to limited company
conveyance deed cost,10,,,other,seed:transfer property to limited company
free texas residential lease agreement word document,10,,,other,seed:transfer property to limited company
residential tenancies act victoria notice to vacate,10,,,other,seed:transfer property to limited company
florida residential landlord and tenant act pdf,10,,,other,seed:transfer property to limited company
to whom it may concern residential certificate,10,,,other,seed:transfer property to limited company
private residential tenancy statutory terms supporting notes,10,,,other,seed:transfer property to limited company
deed of variation when buying a house,10,,,other,seed:transfer property to limited company
deed transfer between family members,10,,,other,seed:transfer property to limited company
power of attorney deed transfer,10,,,other,seed:transfer property to limited company
transfer on death deed mn,10,,,other,seed:transfer property to limited company
perpetuity period in transfer deed,10,,,other,seed:transfer property to limited company
transfer deed vs sale deed,10,,,other,seed:transfer property to limited company
transfer on death deed florida,10,,,other,seed:transfer property to limited company
transfer on death deed texas,10,,,other,seed:transfer property to limited company
deed transfer to family member,10,,,other,seed:transfer property to limited company
quit claim deed timeshare transfer,10,3.86,,other,seed:transfer property to limited company
transfer of deeds after divorce,10,,,other,seed:transfer property to limited company
delaware transfer on death deed,10,,,other,seed:transfer property to limited company
transfer deed to family member,10,,,other,seed:transfer property to limited company
transfer of tenancy council house,10,,,other,seed:transfer property to limited company
deed of transfer of ownership,10,,,other,seed:transfer property to limited company
notice of transfer of lease,10,,,other,seed:transfer property to limited company
how to transfer a deed,10,,,other,seed:transfer property to limited company
deed of transfer of land,10,3.97,,other,seed:transfer property to limited company
deed of transfer of rights,10,,,other,seed:transfer property to limited company
property sale agreement template word,10,,,other,seed:transfer property to limited company
landlord rights to show property,10,,,other,seed:transfer property to limited company
seller's disclosure of property condition,10,,,other,seed:transfer property to limited company
turnover of property letter sample,10,,,other,seed:transfer property to limited company
rental property record keeping template,10,,,other,seed:transfer property to limited company
mandate to sell property template,10,,,other,seed:transfer property to limited company
renewing lease on leasehold property,10,,,other,seed:transfer property to limited company
notice to remove personal property,10,,,other,seed:transfer property to limited company
seller's: property condition disclosure statement,10,,,other,seed:transfer property to limited company
pennsylvania notice to vacate property,10,,,other,seed:transfer property to limited company
deed of guarantor rented property,10,,,other,seed:transfer property to limited company
awaab's law rental property compliance,10,,,other,seed:transfer property to limited company
cancellation of property sale agreement,10,,,other,seed:transfer property to limited company
vacant property grant faq pdf,10,,,other,seed:transfer property to limited company
register tenant for private property,10,,,form-now,seed:transfer property to limited company
property purchase and sale agreement,10,,,other,seed:transfer property to limited company
checklist for sale of property,10,,,other,seed:transfer property to limited company
renters rights bill leasehold property,10,,,other,seed:transfer property to limited company
let out property section 24,10,,,other,seed:transfer property to limited company
deed of variation property law,10,,,other,seed:transfer property to limited company
direct to vendor property letter,10,,,other,seed:transfer property to limited company
contracting out agreement relationship property,10,,,other,seed:transfer property to limited company
dss full form in property,10,,,other,seed:transfer property to limited company
deed of gift property sample,10,,,other,seed:transfer property to limited company
landlord property inspection letter template,10,,,other,seed:transfer property to limited company
landlord on property without notice,10,,,other,seed:transfer property to limited company
option to buy property agreement,10,,,other,seed:transfer property to limited company
birmingham landlords property licensing fines,10,,,other,seed:transfer property to limited company
release deed for ancestral property,10,,,other,seed:transfer property to limited company
demand return of property letter,10,,,other,seed:transfer property to limited company
landlord notice to inspect property,10,,,other,seed:transfer property to limited company
how to protect property deed,10,,,other,seed:transfer property to limited company
property valuation report for visa,10,,,other,seed:transfer property to limited company
agreement to vacate property sample,10,,,other,seed:transfer property to limited company
property inspection notice to tenant,10,3.59,,other,seed:transfer property to limited company
na full form in property,10,,,other,seed:transfer property to limited company
joint purchase agreement for property,10,,,other,seed:transfer property to limited company
request to vacate property letter,10,,,other,seed:transfer property to limited company
sample property deed of sale,10,,,other,seed:transfer property to limited company
property deed meaning in urdu,10,,,other,seed:transfer property to limited company
contract of sale of property,10,,,other,seed:transfer property to limited company
et al on property deed,10,,,other,seed:transfer property to limited company
sale deed of house property,10,,,other,seed:transfer property to limited company
miami-dade property deed search,10,,,other,seed:transfer property to limited company
bill of sale personal property,10,,,other,seed:transfer property to limited company
property sales and purchase agreement,10,,,other,seed:transfer property to limited company
deed of charge over property,10,,,other,seed:transfer property to limited company
ats full form in property,10,,,other,seed:transfer property to limited company
sale of property by executor,10,,,other,seed:transfer property to limited company
property lock out agreement template,10,,,other,seed:transfer property to limited company
contract for deed commercial property,10,,,other,seed:transfer property to limited company
tenant left property without notice,10,,,other,seed:transfer property to limited company
tenant's right to buy property,10,,,other,seed:transfer property to limited company
deed of indemnity for property,10,,,other,seed:transfer property to limited company
landlord right to show property,10,,,other,seed:transfer property to limited company
legal description of property deed,10,,,other,seed:transfer property to limited company
lsr full form in property,10,,,other,seed:transfer property to limited company
deed of variation property freehold,10,,,other,seed:transfer property to limited company
tenants rights if property uninhabitable,10,,,other,seed:transfer property to limited company
tenant rights landlord entering property,10,,,other,seed:transfer property to limited company
tenant rights when selling property,10,0.12,,other,seed:transfer property to limited company
execution meaning in property law,10,,,other,seed:transfer property to limited company
notice for sale of property,10,,,other,seed:transfer property to limited company
agreement to sale of property,10,,,other,seed:transfer property to limited company
notice to inspect rental property,10,,,other,seed:transfer property to limited company
option to purchase property agreement,10,,,other,seed:transfer property to limited company
notice of abandonment rental property,10,,,other,seed:transfer property to limited company
property sale contract special conditions,10,,,other,seed:transfer property to limited company
landlord's lien on tenant's property,10,,,other,seed:transfer property to limited company
conveyance of property by deed,10,,,other,seed:transfer property to limited company
affidavit for sale of property,10,,,other,seed:transfer property to limited company
letter to vacant property owner,10,,,other,seed:transfer property to limited company
notice of vacating property template,10,0.72,,other,seed:transfer property to limited company
notice of abandoned personal property,10,,,other,seed:transfer property to limited company
sample notice of abandoned property,10,,,other,seed:transfer property to limited company
haringey landlord fine unlicensed property,10,,,other,seed:transfer property to limited company
sale and purchase agreement property,10,,,other,seed:transfer property to limited company
letter intent to sell property,10,,,other,seed:transfer property to limited company
seller's property condition disclosure statement,10,,,other,seed:transfer property to limited company
standard conditions of sale property,10,,,other,seed:transfer property to limited company
property handover letter to landlord,10,,,other,seed:transfer property to limited company
notice to vacate property template,10,0.72,,other,seed:transfer property to limited company
agreement to sell personal property,10,,,other,seed:transfer property to limited company
if a tenant abandons property,10,,,other,seed:transfer property to limited company
application for property recovery order,10,,,other,seed:transfer property to limited company
property sale and purchase agreement,10,,,other,seed:transfer property to limited company
property sales valuation letter template,10,,,other,seed:transfer property to limited company
offer in writing for property,10,,,other,seed:transfer property to limited company
adtp full form in property,10,,,other,seed:transfer property to limited company
deed of variation definition property,10,,,other,seed:transfer property to limited company
sample notice to vacate property,10,0.72,,other,seed:transfer property to limited company
letter to inspect rental property,10,,,other,seed:transfer property to limited company
dubai property sale purchase agreement,10,,,other,seed:transfer property to limited company
inspection of rental property notice,10,,,other,seed:transfer property to limited company
public notice format for property,10,,,other,seed:transfer property to limited company
option agreement to purchase property,10,,,other,seed:transfer property to limited company
duty of care landlord to tenant,10,,,other,seed:transfer property to limited company
quit claim deed cost,10,,,other,seed:transfer property to limited company
landlord notice to end tenancy scotland 2021,10,,,other,seed:transfer property to limited company
how to transfer deed of sale,10,,,other,seed:transfer property to limited company
what is a transfer deed house,10,,,other,seed:transfer property to limited company
deed of transfer vs title deed,10,1.94,,other,seed:transfer property to limited company
transfer of lease to new landlord,10,,,other,seed:transfer property to limited company
conditional sale agreement transfer of ownership,10,,,other,seed:transfer property to limited company
deed of transfer and title deed,10,,,other,seed:transfer property to limited company
what is transfer deed of land,10,,,other,seed:transfer property to limited company
title deed vs deed of transfer,10,1.94,,other,seed:transfer property to limited company
property inspection inspection letter to tenant,10,,,other,seed:transfer property to limited company
draft agreement for sale of property,10,,,other,seed:transfer property to limited company
sample letter to vacant property owner,10,,,other,seed:transfer property to limited company
renters rights bill property agents concerns,10,,,other,seed:transfer property to limited company
landlords rights when tenant damages property,10,,,other,seed:transfer property to limited company
landlord wants to move into property,10,,,other,seed:transfer property to limited company
can a landlord check the property,10,,,other,seed:transfer property to limited company
dubai landlord tenant eviction property rights,10,,,other,seed:transfer property to limited company
sample letter to tenant abandoned property,10,,,other,seed:transfer property to limited company
notice of seizure of property dea,10,,,other,seed:transfer property to limited company
mandate letter for sale of property,10,,,other,seed:transfer property to limited company
documents needed to sell commercial property,10,,,other,seed:transfer property to limited company
property sale and purchase agreement template,10,,,other,seed:transfer property to limited company
tripartite agreement for sale of property,10,,,other,seed:transfer property to limited company
board resolution for sale of property,10,,,other,seed:transfer property to limited company
renters rights if landlord sells property,10,,,other,seed:transfer property to limited company
legal description of property on deed,10,,,other,seed:transfer property to limited company
notice to sell property from landlord,10,,,other,seed:transfer property to limited company
what is public notice on property,10,,,other,seed:transfer property to limited company
public notice for purchase of property,10,,,other,seed:transfer property to limited company
property inspection notice to tenant template,10,,,other,seed:transfer property to limited company
notice to pick up personal property,10,,,other,seed:transfer property to limited company
section 8 notice landlord selling property,10,1.73,,other,seed:transfer property to limited company
selling property without original sale deed,10,,,other,seed:transfer property to limited company
landlord rights to enter a property,10,,,other,seed:transfer property to limited company
sample deed of sale for property,10,,,other,seed:transfer property to limited company
seller lied on property disclosure statement,10,,,other,seed:transfer property to limited company
seller lied on property information form,10,,,other,seed:transfer property to limited company
letter for tenant to vacate property,10,,,other,seed:transfer property to limited company
rental property sold notice to vacate,10,,,other,seed:transfer property to limited company
letter of offer to purchase property,10,,,other,seed:transfer property to limited company
offer letter for lease of property,10,,,other,seed:transfer property to limited company
what is deed of assignment property,10,,,other,seed:transfer property to limited company
notice for inspection of rental property,10,,,other,seed:transfer property to limited company
sample property agreement for unmarried couples,10,,,other,seed:transfer property to limited company
special resolution for sale of property,10,,,other,seed:transfer property to limited company
sale of property notice to tenant,10,,,other,seed:transfer property to limited company
moving out of rental property notice,10,,,other,seed:transfer property to limited company
property purchase and sale agreement template,10,,,other,seed:transfer property to limited company
demand payment for tds on property,10,,,other,seed:transfer property to limited company
notice to vacate property for sale,10,,,other,seed:transfer property to limited company
how does property deed look like,10,,,other,seed:transfer property to limited company
tenants rights when vacating a property,10,,,other,seed:transfer property to limited company
letter of abandonment of rental property,10,,,other,seed:transfer property to limited company
sale of property notice to tenants,10,,,other,seed:transfer property to limited company
joint ownership of property agreement sample,10,,,other,seed:transfer property to limited company
how to update a property deed,10,,,other,seed:transfer property to limited company
notice to tenant to inspect property,10,,,other,seed:transfer property to limited company
special power of attorney sample property,10,,,other,seed:transfer property to limited company
sample license agreement for real property,10,,,other,seed:transfer property to limited company
eviction notice for sale of property,10,,,other,seed:transfer property to limited company
reasons for landlord to enter property,10,,,other,seed:transfer property to limited company
tenant interfering with sale of property,10,,,other,seed:transfer property to limited company
form 8858 for foreign rental property,10,,,other,seed:transfer property to limited company
notice to tenant to show property,10,,,other,seed:transfer property to limited company
property sales and purchase agreement sample,10,,,other,seed:transfer property to limited company
property valuation certificate for visa sample,10,,,other,seed:transfer property to limited company
notice to tenant of abandoned property,10,,,other,seed:transfer property to limited company
memorandum of agreement sale of property,10,,,other,seed:transfer property to limited company
letter to tenant to vacate property,10,,,other,seed:transfer property to limited company
draft contract for sale of property,10,,,other,seed:transfer property to limited company
assent of property tenants in common,10,,,other,seed:transfer property to limited company
sample deed of gift of property,10,,,other,seed:transfer property to limited company
sale in execution of movable property,10,,,other,seed:transfer property to limited company
agreement for sale of freehold property,10,,,other,seed:transfer property to limited company
landlords rights if tenant damages property,10,,,other,seed:transfer property to limited company
new property owner letter to tenant,10,,,other,seed:transfer property to limited company
property agreement for unmarried couples sample,10,,,other,seed:transfer property to limited company
deed of variation on freehold property,10,,,other,seed:transfer property to limited company
memorandum of understanding sale of property,10,,,other,seed:transfer property to limited company
letter to landlord to buy property,10,,,other,seed:transfer property to limited company
6 year rule for rental property,10,,,other,seed:transfer property to limited company
sellers property information form 5th edition,10,,,other,seed:transfer property to limited company
deed of gift form for property,10,,,other,seed:transfer property to limited company
letter of intent to sell property,10,,,other,seed:transfer property to limited company
schedule of property in sale deed,10,,,other,seed:transfer property to limited company
as is residential contract for sale and purchase pdf,10,,,other,seed:transfer property to limited company
duty of disclosure when selling a house,10,,,other,seed:transfer property to limited company
letting agent code of practice scotland regulations 2016,10,,,other,seed:transfer property to limited company
states that require notary for title transfer,10,,,other,seed:transfer property to limited company
application to court for transfer of tenancy,10,,,other,seed:transfer property to limited company
deed of assignment by way of transfer,10,,,other,seed:transfer property to limited company
deed of transfer vs deed of sale,10,,,other,seed:transfer property to limited company
difference between transfer deed and gift deed,10,,,other,seed:transfer property to limited company
deed of transfer vs deed of assignment,10,,,other,seed:transfer property to limited company
notice to remove personal property from premises,10,,,other,seed:transfer property to limited company
when to give notice on rented property,10,,,other,seed:transfer property to limited company
sample letter of intent to purchase property,10,,,other,seed:transfer property to limited company
property sales contract between seller and buyer,10,,,other,seed:transfer property to limited company
special conditions in contract of sale property,10,,,other,seed:transfer property to limited company
what is memorandum of sale for property,10,,,other,seed:transfer property to limited company
warning letter to tenant for property damage,10,,,other,seed:transfer property to limited company
sample letter of intent to buy property,10,,,other,seed:transfer property to limited company
notice of change of landlord commercial property,10,,,other,seed:transfer property to limited company
property sale agreement sample pakistan in urdu,10,,,other,seed:transfer property to limited company
letter of intent to sell property examples,10,,,other,seed:transfer property to limited company
sample letter of interest to purchase property,10,,,other,seed:transfer property to limited company
agreement between buyer and seller of property,10,,,other,seed:transfer property to limited company
can a tenant claim ownership of property,10,,,other,seed:transfer property to limited company
order for sale of property jointly owned,10,,,other,seed:transfer property to limited company
documents required to buy property in india,10,,,other,seed:transfer property to limited company
sample letter to tenant about selling property,10,,,other,seed:transfer property to limited company
power of attorney to sell property sample,10,,,other,seed:transfer property to limited company
what is a sale of property form,10,,,other,seed:transfer property to limited company
what is a sale agreement for property,10,,,other,seed:transfer property to limited company
notice to remove vehicle from property template,10,,,other,seed:transfer property to limited company
letter of intent to sell property sample,10,,,other,seed:transfer property to limited company
tenant rights when landlord sells property alberta,10,,,other,seed:transfer property to limited company
seller lied on property information form flooding,10,,,other,seed:transfer property to limited company
sample agency agreement for sale of property,10,,,other,seed:transfer property to limited company
what is sale agreement of a property,10,,,other,seed:transfer property to limited company
tds on sale of property form 26qb,10,,,other,seed:transfer property to limited company
uk landlord deposit rules,10,,,other,seed:transfer property to limited company
deed vs contract uk,10,,,other,seed:transfer property to limited company
gov uk epc landlord,10,,,other,seed:transfer property to limited company
landlord inspection notice uk,10,,,other,seed:transfer property to limited company
shared driveway agreement uk,10,,,other,seed:transfer property to limited company
tenants rights uk notice,10,,,other,seed:transfer property to limited company
proof of rent uk,10,,,other,seed:transfer property to limited company
national landlord register uk,10,,,form-now,seed:transfer property to limited company
landlord legal obligations uk,10,1.94,,other,seed:transfer property to limited company
tenants rights gov uk,10,,,other,seed:transfer property to limited company
tenant rights uk deposit,10,,,other,seed:transfer property to limited company
standard building contract with quantities for use in scotland,10,,,other,seed:transfer property to limited company
example of legal description of property on deed,10,,,other,seed:transfer property to limited company
notice of sale of property to tenant letter,10,,,other,seed:transfer property to limited company
documents required to sell a property in india,10,,,other,seed:transfer property to limited company
letter to tenant of intent to sell property,10,,,other,seed:transfer property to limited company
notice to vacate due to sale of property,10,,,other,seed:transfer property to limited company
sale of rental property after death of spouse,10,,,other,seed:transfer property to limited company
notice to quit to recover possession of property,10,,,other,seed:transfer property to limited company
landlord notify tenant of sale of property letter,10,,,other,seed:transfer property to limited company
is the landlord the owner of the property,10,,,other,seed:transfer property to limited company
deed of waiver of rights over real property,10,,,other,seed:transfer property to limited company
public notice in newspaper for purchase of property,10,,,other,seed:transfer property to limited company
property valuation report format in word free download,10,,,other,seed:transfer property to limited company
special power of attorney to sell property sample,10,,,other,seed:transfer property to limited company
tenant rights when landlord trying to sell property,10,,,other,seed:transfer property to limited company
sample letter to inform tenant of selling property,10,,,other,seed:transfer property to limited company
standard commercial property conditions of sale 2nd edition,10,,,other,seed:transfer property to limited company
let property campaign guide to making a disclosure,10,10.92,,other,seed:transfer property to limited company
letter to notify tenant of sale of property,10,,,other,seed:transfer property to limited company
notice to tenant of intent to sell property,10,,,other,seed:transfer property to limited company
new jersey tenant rights when landlord sells property,10,,,other,seed:transfer property to limited company
sample letter to tenant regarding sale of property,10,,,other,seed:transfer property to limited company
landlord notice to vacate uk,10,,,other,seed:transfer property to limited company
give notice to landlord uk,10,,,other,seed:transfer property to limited company
epc rules for uk landlords,10,,,other,seed:transfer property to limited company
eviction process for landlords uk,10,,,other,seed:transfer property to limited company
change of landlord notice uk,10,,,other,seed:transfer property to limited company
landlords obligations to tenants uk,10,,,other,seed:transfer property to limited company
landlord notice to tenant uk,10,,,other,seed:transfer property to limited company
landlord's right of entry uk,10,,,other,seed:transfer property to limited company
landlord obligations disabled tenants uk,10,,,other,seed:transfer property to limited company
giving notice to landlord uk,10,,,other,seed:transfer property to limited company
crs code kcl,10,,,other,seed:sic code spv
customer code cipc,10,,,other,seed:sic code spv
gpc code,10,,,other,seed:sic code spv
cvc2 code,10,,,other,seed:sic code spv
pccc code,10,,,other,seed:sic code spv
beic lion code,10,,,other,seed:sic code spv
swift code ocbc,10,,,other,seed:sic code spv
cned crosshair code,10,,,other,seed:sic code spv
scac code carrier,10,,,other,seed:sic code spv
sic code nec,10,,,other,seed:sic code spv
xerox sic code,10,,,other,seed:sic code spv
manta sic code,10,,,other,seed:sic code spv
sic codes nec,10,,,other,seed:sic code spv
cdb code,10,,,other,seed:sic code spv
rcm code,10,,,other,seed:sic code spv
crds code,10,,,other,seed:sic code spv
cpid code,10,,,other,seed:sic code spv
scv code,10,,,other,seed:sic code spv
ssic code,10,,,other,seed:sic code spv
cvc cvv code,10,,,other,seed:sic code spv
cpc code lookup,10,,,other,seed:sic code spv
cpc code finder,10,,,other,seed:sic code spv
cn code finder,10,,,other,seed:sic code spv
spld sen code,10,,,other,seed:sic code spv
cn code lookup,10,,,other,seed:sic code spv
rcc-m code,10,,,other,seed:sic code spv
dcss code,10,,,other,seed:sic code spv
rrr code,10,,,other,seed:sic code spv
blvck code,10,,,other,seed:sic code spv
pddtc code,10,,,other,seed:sic code spv
cn8 code,10,,,other,seed:sic code spv
ctds code,10,,,other,seed:sic code spv
awc code,10,,,other,seed:sic code spv
vcl code,10,,,other,seed:sic code spv
upac code,10,,,other,seed:sic code spv
dpc code,10,,,other,seed:sic code spv
prc code,10,,,other,seed:sic code spv
p00bc code,10,,,other,seed:sic code spv
c00 code,10,,,other,seed:sic code spv
cbg code,10,,,other,seed:sic code spv
uclan code,10,,,other,seed:sic code spv
blp code,10,,,other,seed:sic code spv
ucr code,10,,,other,seed:sic code spv
csl code,10,,,other,seed:sic code spv
cltd code,10,,,other,seed:sic code spv
fcn code,10,,,other,seed:sic code spv
tpc code,10,,,other,seed:sic code spv
crin code,10,,,other,seed:sic code spv
clli code,10,,,other,seed:sic code spv
cbdfx code,10,,,other,seed:sic code spv
tcd code,10,,,other,seed:sic code spv
ks code,10,,,other,seed:sic code spv
dtc4 code,10,,,other,seed:sic code spv
crc32 code,10,,,other,seed:sic code spv
ruca code,10,,,other,seed:sic code spv
eec code,10,,,other,seed:sic code spv
qp code,10,,,other,seed:sic code spv
edrpou code,10,,,other,seed:sic code spv
gcr code,10,,,other,seed:sic code spv
vicc code,10,,,other,seed:sic code spv
vpsc code,10,,,other,seed:sic code spv
rsc code,10,,,other,seed:sic code spv
skb code,10,,,other,seed:sic code spv
ptc code,10,,,other,seed:sic code spv
vcc code,10,,,other,seed:sic code spv
splc code,10,,,other,seed:sic code spv
ciria code,10,,,other,seed:sic code spv
juce code,10,,,other,seed:sic code spv
pwc code,10,,,other,seed:sic code spv
cccam code,10,,,other,seed:sic code spv
sbb code,10,,,other,seed:sic code spv
qfc code,10,,,other,seed:sic code spv
jcl code,10,,,other,seed:sic code spv
cml code,10,,,other,seed:sic code spv
cidb code,10,,,other,seed:sic code spv
ccan code,10,,,other,seed:sic code spv
cyedkyvc code,10,,,other,seed:sic code spv
cucc code,10,,,other,seed:sic code spv
cvd code,10,,,other,seed:sic code spv
dcgan code,10,,,other,seed:sic code spv
cgc code,10,,,other,seed:sic code spv
batco code,10,,,other,seed:sic code spv
code super,10,,,other,seed:sic code spv
rcd300 code,10,0.57,,other,seed:sic code spv
dxo code,10,,,other,seed:sic code spv
anzsrc code,10,,,other,seed:sic code spv
codap code,10,,,other,seed:sic code spv
crlf code,10,,,other,seed:sic code spv
cris code,10,,,other,seed:sic code spv
cpce code,10,,,other,seed:sic code spv
kap code,10,,,other,seed:sic code spv
udc code,10,,,other,seed:sic code spv
cle code,10,,,other,seed:sic code spv
mccd code,10,,,other,seed:sic code spv
pspice code,10,,,other,seed:sic code spv
vrc code,10,,,other,seed:sic code spv
cbct code,10,,,other,seed:sic code spv
scdf code,10,,,other,seed:sic code spv
capl code,10,,,other,seed:sic code spv
dcc code,10,,,other,seed:sic code spv
cir code,10,,,other,seed:sic code spv
dct code,10,,,other,seed:sic code spv
cnt code,10,,,other,seed:sic code spv
ccitt code,10,,,other,seed:sic code spv
capitec code,10,,,other,seed:sic code spv
cda code,10,,,other,seed:sic code spv
spck code,10,,,other,seed:sic code spv
rccm code,10,,,other,seed:sic code spv
pcm code,10,,,other,seed:sic code spv
cnd code,10,,,other,seed:sic code spv
lclc code,10,,,other,seed:sic code spv
vdc code,10,,,other,seed:sic code spv
qrz code,10,,,other,seed:sic code spv
ecdp code,10,,,other,seed:sic code spv
cepi code,10,,,other,seed:sic code spv
sarpbc code,10,,,other,seed:sic code spv
lrfd code,10,,,other,seed:sic code spv
code cgp,10,,,other,seed:sic code spv
crd code,10,,,other,seed:sic code spv
scu code,10,,,other,seed:sic code spv
code rvb,10,,,other,seed:sic code spv
gcb code,10,,,other,seed:sic code spv
ncpdp code,10,,,other,seed:sic code spv
pkd code,10,,,other,seed:sic code spv
centr code,10,,,other,seed:sic code spv
qrp code,10,,,other,seed:sic code spv
cbc code,10,,,other,seed:sic code spv
qpc code,10,,,other,seed:sic code spv
tdc code,10,,,other,seed:sic code spv
crbt code,10,,,other,seed:sic code spv
adc code,10,,,other,seed:sic code spv
perc code,10,,,other,seed:sic code spv
oe code,10,,,other,seed:sic code spv
ctci code,10,,,other,seed:sic code spv
cug code,10,,,other,seed:sic code spv
cen code,10,,,other,seed:sic code spv
crc16 code,10,,,other,seed:sic code spv
nspc code,10,,,other,seed:sic code spv
dcb code,10,,,other,seed:sic code spv
scl code,10,,,other,seed:sic code spv
pkce code,10,,,other,seed:sic code spv
cici code,10,,,other,seed:sic code spv
ccid code,10,2.1,,other,seed:sic code spv
code bbc,10,,,other,seed:sic code spv
scn code,10,,,other,seed:sic code spv
acdc code,10,,,other,seed:sic code spv
code c08a,10,,,other,seed:sic code spv
bcn code,10,,,other,seed:sic code spv
krnl code,10,,,other,seed:sic code spv
clei code,10,,,other,seed:sic code spv
ecc code,10,,,other,seed:sic code spv
gbdsc code,10,,,other,seed:sic code spv
dqn code,10,,,other,seed:sic code spv
pec code,10,,,other,seed:sic code spv
dao code,10,,,other,seed:sic code spv
c20 code,10,,,other,seed:sic code spv
dac code,10,,,other,seed:sic code spv
odc code,10,,,other,seed:sic code spv
rst code,10,,,other,seed:sic code spv
sdr code,10,,,other,seed:sic code spv
cgr code,10,,,other,seed:sic code spv
csom code,10,,,other,seed:sic code spv
rrt code,10,,,other,seed:sic code spv
srd code,10,,,other,seed:sic code spv
rcnn code,10,,,other,seed:sic code spv
ssss code,10,,,other,seed:sic code spv
dds code,10,,,other,seed:sic code spv
ppc code,10,,,other,seed:sic code spv
psgc code,10,,,other,seed:sic code spv
cgo code,10,,,other,seed:sic code spv
tcb code,10,,,other,seed:sic code spv
scc code counter,10,,,other,seed:sic code spv
td cc code,10,,,other,seed:sic code spv
brc site code,10,,,other,seed:sic code spv
qsb q code,10,,,other,seed:sic code spv
cd sid code,10,,,other,seed:sic code spv
cis code mas,10,,,other,seed:sic code spv
qnb bic code,10,,,other,seed:sic code spv
swift code acb,10,,,other,seed:sic code spv
agent code adcb,10,,,other,seed:sic code spv
ncpdp chain code,10,,,other,seed:sic code spv
kub cpt code,10,,,other,seed:sic code spv
ch rto code,10,,,other,seed:sic code spv
bomag cto code,10,,,other,seed:sic code spv
distrokid upc code,10,0.02,,other,seed:sic code spv
universal cvv code,10,,,other,seed:sic code spv
cex code vein,10,,,other,seed:sic code spv
tcf swift code,10,,,other,seed:sic code spv
ucpb swift code,10,,,other,seed:sic code spv
kdca q-code,10,,,other,seed:sic code spv
dtcs code chirp,10,,,other,seed:sic code spv
cbk ussd code,10,,,other,seed:sic code spv
ojm csc code,10,,,other,seed:sic code spv
dcu swift code,10,,,other,seed:sic code spv
sec code ccd,10,,,other,seed:sic code spv
code 15 psc,10,,,other,seed:sic code spv
bsr code rbi,10,,,other,seed:sic code spv
colaris cpt code,10,,,other,seed:sic code spv
cbz swift code,10,,,other,seed:sic code spv
branch code rbc,10,,,other,seed:sic code spv
ssr code pbab,10,,,other,seed:sic code spv
swift code scb,10,,,other,seed:sic code spv
cn code uk,10,,,other,seed:sic code spv
ing cvc code,10,,,other,seed:sic code spv
cbk swift code,10,,,other,seed:sic code spv
code centre onep,10,,,other,seed:sic code spv
ccc code lookup,10,,,other,seed:sic code spv
swift code dcu,10,,,other,seed:sic code spv
cpk cpt code,10,,,other,seed:sic code spv
vaqta cpt code,10,,,other,seed:sic code spv
jrs bc code,10,,,other,seed:sic code spv
pnc branch code,10,,,other,seed:sic code spv
mas cis code,10,,,other,seed:sic code spv
pnc bic code,10,,,other,seed:sic code spv
brcgs site code,10,,,other,seed:sic code spv
xxu csc code,10,,,other,seed:sic code spv
cmcifrpp swift code,10,,,other,seed:sic code spv
tfcu swift code,10,,,other,seed:sic code spv
prc direct code,10,1.45,,other,seed:sic code spv
aaa cdp code,10,,,other,seed:sic code spv
cpc code search,10,,,other,seed:sic code spv
ethio crbt code,10,,,other,seed:sic code spv
sort code cibc,10,,,other,seed:sic code spv
lalamusa ptcl code,10,,,other,seed:sic code spv
qru q code,10,,,other,seed:sic code spv
cdr code-server,10,,,other,seed:sic code spv
ocbc access code,10,,,other,seed:sic code spv
public domain code,10,,,other,seed:sic code spv
ucr code lookup,10,,,other,seed:sic code spv
cvv response code,10,,,other,seed:sic code spv
rmit cricos code,10,,,other,seed:sic code spv
swift code cibc,10,,,other,seed:sic code spv
bsuifrpp bic code,10,,,other,seed:sic code spv
cn code database,10,,,other,seed:sic code spv
access code ocbc,10,,,other,seed:sic code spv
ecm pcm code,10,,,other,seed:sic code spv
rcp code mrcp,10,,,other,seed:sic code spv
jcb start code,10,,,other,seed:sic code spv
revolut cvv code,10,,,other,seed:sic code spv
ccd sec code,10,,,other,seed:sic code spv
cms j code,10,,,other,seed:sic code spv
qrv q code,10,,,other,seed:sic code spv
jibe rcs code,10,,,other,seed:sic code spv
hcpc code search,10,,,other,seed:sic code spv
boc bic code,10,,,other,seed:sic code spv
kbc bic code,10,,,other,seed:sic code spv
riften coc code,10,,,other,seed:sic code spv
default cvv code,10,,,other,seed:sic code spv
risc-v code,10,,,other,seed:sic code spv
code pcs ese,10,,,other,seed:sic code spv
ctx sec code,10,,,other,seed:sic code spv
bsb code revolut,10,,,other,seed:sic code spv
cvv code capitec,10,,,other,seed:sic code spv
coral cmyk code,10,,,other,seed:sic code spv
cibccatt branch code,10,,,other,seed:sic code spv
xsg csc code,10,,,other,seed:sic code spv
scump scuf code,10,,,other,seed:sic code spv
branch code scb,10,,,other,seed:sic code spv
ing cvv code,10,,,other,seed:sic code spv
swift code rcbc,10,,,other,seed:sic code spv
chasdefx bic code,10,,,other,seed:sic code spv
pantone code cmyk,10,,,other,seed:sic code spv
cgc qr code,10,,,other,seed:sic code spv
crp pin code,10,,,other,seed:sic code spv
plif cpt code,10,,,other,seed:sic code spv
sec code ctx,10,,,other,seed:sic code spv
qr code cnh,10,,,other,seed:sic code spv
sdfcu swift code,10,,,other,seed:sic code spv
gpl code center,10,,,other,seed:sic code spv
fami-qs code,10,,,other,seed:sic code spv
eglobal central code,10,,,other,seed:sic code spv
scb branch code,10,,,other,seed:sic code spv
crsp share code,10,,,other,seed:sic code spv
cbz branch code,10,,,other,seed:sic code spv
csr noc code,10,,,other,seed:sic code spv
bexsero cpt code,10,,,other,seed:sic code spv
ttcl pesa code,10,,,other,seed:sic code spv
hmrc text code,10,,,other,seed:sic code spv
muga cpt code,10,,,other,seed:sic code spv
pwi arc code,10,,,other,seed:sic code spv
saco scac code,10,,,other,seed:sic code spv
code rsc rainbow,10,,,other,seed:sic code spv
lutathera cpt code,10,,,other,seed:sic code spv
code centre onee,10,,,other,seed:sic code spv
oxm csc code,10,,,other,seed:sic code spv
dcp generic code,10,,,other,seed:sic code spv
ln-cc code,10,1.68,,other,seed:sic code spv
cvc code kbc,10,,,other,seed:sic code spv
pnc station code,10,,,other,seed:sic code spv
tamis cpt code,10,,,other,seed:sic code spv
cbg swift code,10,,,other,seed:sic code spv
fcmb otp code,10,,,other,seed:sic code spv
swift code cbq,10,,,other,seed:sic code spv
ccf swift code,10,,,other,seed:sic code spv
cnblue re code,10,,,other,seed:sic code spv
ucb swift code,10,,,other,seed:sic code spv
bic code adcb,10,,,other,seed:sic code spv
cvc code maestro,10,,,other,seed:sic code spv
code bic lcl,10,,,other,seed:sic code spv
cvv code discover,10,,,other,seed:sic code spv
rcbc swift code,10,,,other,seed:sic code spv
cuncolim pin code,10,,,other,seed:sic code spv
o dtc code,10,,,other,seed:sic code spv
cpv code suche,10,,,other,seed:sic code spv
jcb wif code,10,,,other,seed:sic code spv
q code qrv,10,,,other,seed:sic code spv
avis pwc code,10,,,other,seed:sic code spv
cbq swift code,10,,,other,seed:sic code spv
sid code cd,10,,,other,seed:sic code spv
ln cc code,10,1.68,,other,seed:sic code spv
rplnd cpt code,10,,,other,seed:sic code spv
cg rto code,10,,,other,seed:sic code spv
qrcc qr code,10,,,other,seed:sic code spv
mcp access code,10,,,other,seed:sic code spv
uq cricos code,10,,,other,seed:sic code spv
sort code cimb,10,,,other,seed:sic code spv
ocbc bic code,10,,,other,seed:sic code spv
upc code distrokid,10,,,other,seed:sic code spv
pt dtc 00 code,10,,,other,seed:sic code spv
crt p cpt code,10,,,other,seed:sic code spv
crc-16 c code,10,,,other,seed:sic code spv
pksm cia qr code,10,,,other,seed:sic code spv
vqr vc qr code,10,2.89,,other,seed:sic code spv
eicr no rcd code,10,1.16,,other,seed:sic code spv
cvv or cvc code,10,,,other,seed:sic code spv
ocbc nisp swift code,10,,,other,seed:sic code spv
code pro bold lc,10,,,other,seed:sic code spv
crt-p cpt code,10,,,other,seed:sic code spv
pd dtc 02 code,10,,,other,seed:sic code spv
code-cracking organization abbreviation,10,,,other,seed:sic code spv
k-id com code,10,,,other,seed:sic code spv
cpc drive company code,10,,,other,seed:sic code spv
qnb swift/bic code,10,,,other,seed:sic code spv
pd dtc 01 code,10,,,other,seed:sic code spv
ck mb cpt code,10,,,other,seed:sic code spv
rcc-m code pdf,10,,,other,seed:sic code spv
mask r-cnn code,10,,,other,seed:sic code spv
crc 16 c code,10,,,other,seed:sic code spv
swift code acb tphcm,10,,,other,seed:sic code spv
pko sa bic code,10,,,other,seed:sic code spv
aeon coital center code,10,,,other,seed:sic code spv
cbz selous branch code,10,,,other,seed:sic code spv
ccu 3 letter code,10,,,other,seed:sic code spv
crc 16 ccitt c code,10,,,other,seed:sic code spv
brussels icao code,10,,,other,seed:sic code spv
ifac code,10,,,other,seed:sic code spv
invite code ircc,10,,,other,seed:sic code spv
pam code iw,10,,,other,seed:sic code spv
ana icao code,10,,,other,seed:sic code spv
idsp share code,10,,,other,seed:sic code spv
sas icao code,10,,,other,seed:sic code spv
indigo icao code,10,,,other,seed:sic code spv
bhx icao code,10,,,other,seed:sic code spv
sic code ireland,10,,,other,seed:sic code spv
sic code wikipedia,10,,,other,seed:sic code spv
saas sic code,10,,,other,seed:sic code spv
sic code saas,10,,,other,seed:sic code spv
sic codes ireland,10,,,other,seed:sic code spv
icn code,10,,,other,seed:sic code spv
cpi code,10,,,other,seed:sic code spv
ic7 code,10,,,other,seed:sic code spv
imdg code online,10,,,other,seed:sic code spv
irc code list,10,,,other,seed:sic code spv
swiss icao code,10,,,other,seed:sic code spv
igc code pdf,10,,,other,seed:sic code spv
iom aml code,10,,,other,seed:sic code spv
sa iso code,10,,,other,seed:sic code spv
is iso code,10,,,other,seed:sic code spv
inccu port code,10,,,other,seed:sic code spv
icicinbbcts swift code ifsc code,10,,,other,seed:sic code spv
micr code by ifsc code,10,,,other,seed:sic code spv
micr code using ifsc code,10,,,other,seed:sic code spv
iadc code,10,,,other,seed:sic code spv
impericon code,10,,,other,seed:sic code spv
obis code,10,,,other,seed:sic code spv
igcc code,10,,,other,seed:sic code spv
imsi code,10,,,other,seed:sic code spv
ior code,10,,,other,seed:sic code spv
ibotta code,10,,,other,seed:sic code spv
ibr code,10,,,other,seed:sic code spv
isco code,10,,,other,seed:sic code spv
itc code,10,,,other,seed:sic code spv
isri code,10,,,other,seed:sic code spv
ijg code,10,,,other,seed:sic code spv
iap code,10,,,other,seed:sic code spv
inci code,10,,,other,seed:sic code spv
iia code,10,,,other,seed:sic code spv
cib code,10,,,other,seed:sic code spv
iecc code,10,,,other,seed:sic code spv
ciic code,10,,,other,seed:sic code spv
cii code,10,,,other,seed:sic code spv
code iris,10,,,other,seed:sic code spv
iprotv code,10,,,other,seed:sic code spv
icf code,10,,,other,seed:sic code spv
inn code,10,,,other,seed:sic code spv
ippc code,10,,,other,seed:sic code spv
imco code,10,,,other,seed:sic code spv
irba code,10,,,other,seed:sic code spv
isf code,10,,,other,seed:sic code spv
iebc code,10,,,other,seed:sic code spv
imu code,10,,,other,seed:sic code spv
icas code,10,,,other,seed:sic code spv
icq code,10,,,other,seed:sic code spv
ias code,10,,,other,seed:sic code spv
ixm code,10,,,other,seed:sic code spv
isr code,10,,,other,seed:sic code spv
aisc code,10,,,other,seed:sic code spv
icis code,10,,,other,seed:sic code spv
ibge code,10,,,other,seed:sic code spv
inco code,10,,,other,seed:sic code spv
ikrush code,10,0.08,,other,seed:sic code spv
aica code,10,,,other,seed:sic code spv
isaca code,10,,,other,seed:sic code spv
ibbi code,10,,,other,seed:sic code spv
irec code,10,,,other,seed:sic code spv
ixj code,10,,,other,seed:sic code spv
id3 code,10,,,other,seed:sic code spv
irctc code,10,,,other,seed:sic code spv
eis code,10,,,other,seed:sic code spv
imc code,10,,,other,seed:sic code spv
itg code,10,,,other,seed:sic code spv
ixxi code,10,,,other,seed:sic code spv
indicia code,10,,,other,seed:sic code spv
itrs code,10,,,other,seed:sic code spv
aib code,10,,,other,seed:sic code spv
icp code,10,,,other,seed:sic code spv
cibse code,10,,,other,seed:sic code spv
iddqd code,10,,,other,seed:sic code spv
ipcc code,10,,,other,seed:sic code spv
apir code,10,,,other,seed:sic code spv
icpm code,10,,,other,seed:sic code spv
imacros code,10,,,other,seed:sic code spv
impc code,10,,,other,seed:sic code spv
isbt code,10,,,other,seed:sic code spv
isa code,10,,,other,seed:sic code spv
iuc code,10,,,other,seed:sic code spv
ipr code,10,,,other,seed:sic code spv
code idcc,10,,,other,seed:sic code spv
quia code,10,,,other,seed:sic code spv
ism code explained,10,,,other,seed:sic code spv
cic code eiopa,10,,,other,seed:sic code spv
iec code list,10,,,other,seed:sic code spv
i-rec code,10,,,other,seed:sic code spv
jaka ifsc code,10,,,other,seed:sic code spv
new iccid code,10,,,other,seed:sic code spv
icmp code 1,10,,,other,seed:sic code spv
code club international,10,,,other,seed:sic code spv
icb code lookup,10,,,other,seed:sic code spv
ibc code pdf,10,,,other,seed:sic code spv
ism code ppt,10,,,other,seed:sic code spv
imo ism code,10,,,other,seed:sic code spv
ibc code meaning,10,,,other,seed:sic code spv
pvg icao code,10,,,other,seed:sic code spv
sim iccid code,10,,,other,seed:sic code spv
uiia scac code,10,,,other,seed:sic code spv
icp qr code,10,,,other,seed:sic code spv
utib0000 ifsc code,10,,,other,seed:sic code spv
ipc code pdf,10,,,other,seed:sic code spv
rolling code ic,10,,,other,seed:sic code spv
imo lsa code,10,,,other,seed:sic code spv
ing ifsc code,10,,,other,seed:sic code spv
icmp code 10,10,,,other,seed:sic code spv
itpl pin code,10,,,other,seed:sic code spv
aic icao code,10,,,other,seed:sic code spv
del icao code,10,,,other,seed:sic code spv
iridium puk code,10,,,other,seed:sic code spv
itau branch code,10,,,other,seed:sic code spv
ics code meaning,10,,,other,seed:sic code spv
ifttt filter code,10,,,other,seed:sic code spv
ifsc code kkbk,10,,,other,seed:sic code spv
imsbc code content,10,,,other,seed:sic code spv
idd call code,10,,,other,seed:sic code spv
icmp code 0,10,,,other,seed:sic code spv
sbininbb ifsc code,10,,,other,seed:sic code spv
adcb ifsc code,10,,,other,seed:sic code spv
isic code lookup,10,,,other,seed:sic code spv
iiab swift code,10,,,other,seed:sic code spv
rsim iccid code,10,,,other,seed:sic code spv
idib ifsc code,10,,,other,seed:sic code spv
vcbi icao code,10,,,other,seed:sic code spv
imsbc code 2021,10,,,other,seed:sic code spv
enter ifsc code,10,,,other,seed:sic code spv
iec code update,10,,,other,seed:sic code spv
icici branch code,10,,,other,seed:sic code spv
isrc upc code,10,,,other,seed:sic code spv
uk idd code,10,,,other,seed:sic code spv
isrc code prs,10,,,other,seed:sic code spv
iso code are,10,,,other,seed:sic code spv
icao code database,10,,,other,seed:sic code spv
isic code search,10,,,other,seed:sic code spv
icao letter code,10,,,other,seed:sic code spv
inqscribe license code,10,,,other,seed:sic code spv
ifsc code icicinbbcts,10,,,other,seed:sic code spv
latest iccid code,10,,,other,seed:sic code spv
iec code meaning,10,,,other,seed:sic code spv
orly icao code,10,,,other,seed:sic code spv
isic code list,10,,,other,seed:sic code spv
icdas code 3,10,,,other,seed:sic code spv
ifsc code tracker,10,,,other,seed:sic code spv
impey code realize,10,,,other,seed:sic code spv
tse iata code,10,,,other,seed:sic code spv
tap icao code,10,,,other,seed:sic code spv
karb ifsc code,10,,,other,seed:sic code spv
tgb ifsc code,10,,,other,seed:sic code spv
dpa ism code,10,,,other,seed:sic code spv
ib personal code,10,,,other,seed:sic code spv
buy business seller financing,10,,,other,seed:limited company mortgage
buy business owner financing,10,,,other,seed:limited company mortgage
mortgage to buy business,10,14.41,,mortgages,seed:limited company mortgage
small business loans to buy existing business,10,,,other,seed:limited company mortgage
sba 7a loan to buy existing business,10,,,other,seed:limited company mortgage
small business loans to buy an existing business,10,,,other,seed:limited company mortgage
small business loan to buy an existing business,10,,,other,seed:limited company mortgage
financing to buy a business,10,5.52,,other,seed:limited company mortgage
sba loan to buy business,10,,,other,seed:limited company mortgage
compare business mortgages,10,22.84,,mortgages,seed:limited company mortgage
benefits of low interest rates for businesses,10,,,mortgages,seed:limited company mortgage
business purchase loans uk,10,2.31,,other,seed:limited company mortgage
sba loans to buy a business,10,5.61,,other,seed:limited company mortgage
sba loan to buy a business,10,5.61,,other,seed:limited company mortgage
commercial loan to buy a business,10,41.29,,other,seed:limited company mortgage
business credit to buy real estate,10,,,other,seed:limited company mortgage
commercial loans to buy a business,10,41.29,,other,seed:limited company mortgage
sba financing to buy a business,10,,,other,seed:limited company mortgage
business loans to buy real estate,10,,,other,seed:limited company mortgage
best loans to buy a business,10,83.36,,other,seed:limited company mortgage
loan to buy a business nz,10,,,other,seed:limited company mortgage
best loan to buy a business,10,83.36,,other,seed:limited company mortgage
business mortgage comparison,10,22.84,,mortgages,seed:limited company mortgage
buy a business financing,10,20.69,,other,seed:limited company mortgage
directors loan uk limited company,10,,,run-the-company,seed:limited company mortgage
business loans martin lewis,10,,,other,seed:limited company mortgage
business loan martin lewis,10,,,other,seed:limited company mortgage
buy a business with sba loan,10,,,other,seed:limited company mortgage
the business mortgage company,10,,,mortgages,seed:limited company mortgage
enterprise mortgages,10,,,mortgages,seed:limited company mortgage
biz mortgages,10,,,mortgages,seed:limited company mortgage
commercial mortgages for small businesses,10,,,mortgages,seed:limited company mortgage
amicus commercial mortgages,10,,,mortgages,seed:limited company mortgage
new business mortgages,10,,,mortgages,seed:limited company mortgage
mortgages for entrepreneurs,10,16.49,,mortgages,seed:limited company mortgage
best business mortgages,10,32.66,,mortgages,seed:limited company mortgage
can you buy a business with an sba loan,10,,,other,seed:limited company mortgage
small business loans to purchase an existing business,10,,,other,seed:limited company mortgage
business owner loan to company,10,,,other,seed:limited company mortgage
enterprise mortgage,10,,,mortgages,seed:limited company mortgage
mortgages for new business owners,10,,,mortgages,seed:limited company mortgage
how to start a commercial finance company,10,,,other,seed:limited company mortgage
how to start a business loan company,10,,,other,seed:limited company mortgage
business financing for customers,10,,,other,seed:limited company mortgage
financing for business customers,10,12.98,,other,seed:limited company mortgage
financing for customers contractor,10,31.75,,other,seed:limited company mortgage
enterprise mortgage solutions,10,,,mortgages,seed:limited company mortgage
small business mortgage,10,1.54,,mortgages,seed:limited company mortgage
the business mortgage,10,,,mortgages,seed:limited company mortgage
refinance business mortgage,10,,,mortgages,seed:limited company mortgage
new business mortgage,10,,,mortgages,seed:limited company mortgage
offset business mortgage,10,,,mortgages,seed:limited company mortgage
business mortgage meaning,10,,,mortgages,seed:limited company mortgage
business mortgage refinance,10,,,mortgages,seed:limited company mortgage
business offset mortgage,10,,,mortgages,seed:limited company mortgage
business loan broker adelaide,10,,,other,seed:limited company mortgage
business loan broker australia,10,,,other,seed:limited company mortgage
commercial business loan broker,10,24,,other,seed:limited company mortgage
business loan broker canada,10,,,other,seed:limited company mortgage
compare business loans australia,10,,,other,seed:limited company mortgage
compare business loans nz,10,,,other,seed:limited company mortgage
business refinance rates,10,,,other,seed:limited company mortgage
business loans explained,10,13.24,,other,seed:limited company mortgage
small business commercial mortgage,10,,,mortgages,seed:limited company mortgage
second mortgage business loans,10,,,mortgages,seed:limited company mortgage
business mortgage finance 5,10,,,mortgages,seed:limited company mortgage
business loan mortgage brokers,10,,,mortgages,seed:limited company mortgage
best mortgage for business,10,32.66,,mortgages,seed:limited company mortgage
commercial mortgage bridge loans,10,21.77,,mortgages,seed:limited company mortgage
anz business mortgage loan,10,,,mortgages,seed:limited company mortgage
business mortgage finance 6,10,,,mortgages,seed:limited company mortgage
mortgage for small business,10,1.54,,mortgages,seed:limited company mortgage
mortgage for business loan,10,,,mortgages,seed:limited company mortgage
business mortgage finance 4,10,,,mortgages,seed:limited company mortgage
wells fargo business financing for customers,10,,,other,seed:limited company mortgage
financing options for small business customers,10,,,other,seed:limited company mortgage
commercial building finance rates,10,4.56,,other,seed:limited company mortgage
va business loan rates,10,,,other,seed:limited company mortgage
business equity loan rates,10,,,other,seed:limited company mortgage
business loan refinance rates,10,,,other,seed:limited company mortgage
agency commercial mortgage backed securities,10,,,mortgages,seed:limited company mortgage
commercial mortgage line of credit,10,,,mortgages,seed:limited company mortgage
mortgage for small business owners,10,11,,mortgages,seed:limited company mortgage
commercial mortgage bridge loan investments,10,,,mortgages,seed:limited company mortgage
business mortgage advantages and disadvantages,10,,,decide,seed:limited company mortgage
prime commercial loans limited,10,22.57,,other,seed:limited company mortgage
crystal finance loans limited,10,3.07,,other,seed:limited company mortgage
business cash advance limited,10,,,other,seed:limited company mortgage
business loan rates new zealand,10,,,other,seed:limited company mortgage
small business commercial loan rates,10,,,other,seed:limited company mortgage
business loan rates in usa,10,,,other,seed:limited company mortgage
business loan interest rates usa,10,,,mortgages,seed:limited company mortgage
business line of credit explained,10,,,other,seed:limited company mortgage
fintech loan company,10,,,other,seed:limited company mortgage
fusion company loan,10,,,other,seed:limited company mortgage
enterprise loan company,10,,,other,seed:limited company mortgage
mortgage loans for small business owners,10,11,,mortgages,seed:limited company mortgage
fair finance business loans limited,10,17.05,,other,seed:limited company mortgage
blackstone / gso loan financing limited,10,,,other,seed:limited company mortgage
how to business loan,10,,,other,seed:limited company mortgage
guide to business loans,10,,,other,seed:limited company mortgage
business to business financing,10,42.24,,other,seed:limited company mortgage
commercial loans to business,10,,,other,seed:limited company mortgage
large business loans calculator,10,,,tools,seed:limited company mortgage
va business loan calculator,10,,,tools,seed:limited company mortgage
business loan rates bank of america,10,3.06,,other,seed:limited company mortgage
best business line of credit rates,10,,,other,seed:limited company mortgage
25-year business loan,10,,,other,seed:limited company mortgage
business loan provider company,10,,,other,seed:limited company mortgage
directors loans company law,10,,,other,seed:limited company mortgage
business loan finance company,10,3.62,,other,seed:limited company mortgage
fast track finance company,10,,,other,seed:limited company mortgage
what is microfinance company,10,,,other,seed:limited company mortgage
commercial equipment finance company,10,,,other,seed:limited company mortgage
america's loan company review,10,,,other,seed:limited company mortgage
group loan finance company,10,,,other,seed:limited company mortgage
sba loan to acquire business,10,,,other,seed:limited company mortgage
how to finance small business,10,29.41,,other,seed:limited company mortgage
companies act loans to directors,10,,,other,seed:limited company mortgage
omega commercial loans to business,10,,,other,seed:limited company mortgage
benefits of low interest rates on businesses,10,,,mortgages,seed:limited company mortgage
advantages of high interest rates for businesses,10,,,decide,seed:limited company mortgage
advantages of low interest rates for businesses,10,,,decide,seed:limited company mortgage
business real estate loan calculator,10,,,tools,seed:limited company mortgage
global loan agency services limited companies house,10,,,run-the-company,seed:limited company mortgage
finance company for business loan,10,3.62,,other,seed:limited company mortgage
business loan company in india,10,,,other,seed:limited company mortgage
business plan for lending company,10,,,other,seed:limited company mortgage
what is micro finance company,10,,,other,seed:limited company mortgage
best business loan finance company,10,,,other,seed:limited company mortgage
start a business loan company,10,,,other,seed:limited company mortgage
ways to raise capital in brief,10,,,other,seed:limited company mortgage
sba loans to purchase a business,10,,,other,seed:limited company mortgage
3 ways to finance a business,10,,,other,seed:limited company mortgage
who to get a business loan,10,,,other,seed:limited company mortgage
access to finance for small businesses,10,,,other,seed:limited company mortgage
a practitioner's guide to mifid ii,10,,,other,seed:limited company mortgage
business development loan uk,10,33.32,,other,seed:limited company mortgage
business development loans uk,10,33.32,,other,seed:limited company mortgage
best business line of credit company,10,,,other,seed:limited company mortgage
startup business loan for new company,10,12.18,,other,seed:limited company mortgage
how to get business loan with llc,10,,,other,seed:limited company mortgage
best way to finance a small business,10,,,other,seed:limited company mortgage
easiest bank to get a small business loan,10,,,other,seed:limited company mortgage
best place to get a small business loan,10,16.39,,other,seed:limited company mortgage
how to qualify for business line of credit,10,,,other,seed:limited company mortgage
how to use a business line of credit,10,,,other,seed:limited company mortgage
where to get a business line of credit,10,,,other,seed:limited company mortgage
best way to get a business loan for startups,10,,,other,seed:limited company mortgage
how to apply for a business loan for startups,10,,,other,seed:limited company mortgage
how to get a business loan for an llc,10,,,other,seed:limited company mortgage
how to qualify for a business line of credit,10,,,other,seed:limited company mortgage
how to get a small business loan for llc,10,,,other,seed:limited company mortgage
how to get a business loan with an llc,10,,,other,seed:limited company mortgage
can company take loan from other than directors,10,,,other,seed:limited company mortgage
finance for small business uk government support,10,3.9,,other,seed:limited company mortgage
how to get a business loan for a new llc,10,,,other,seed:limited company mortgage
is a bank loan an asset for a company,10,,,other,seed:limited company mortgage
hsbc buy-to let limited company,10,8.44,,other,seed:limited company mortgage
hsbc buy to let limited company,10,8.44,,other,seed:limited company mortgage
hsbc buy back rate,10,,,other,seed:limited company mortgage
how to buy i bonds,10,,,other,seed:limited company mortgage
let to buy deposit,10,,,other,seed:limited company mortgage
let-to buy deposit,10,,,other,seed:limited company mortgage
fleet buy-to let mortgages,10,,,mortgages,seed:limited company mortgage
limited company buy to let lenders,10,18.07,,mortgages,seed:limited company mortgage
help to buy interest payments,10,,,other,seed:limited company mortgage
buy-to let deposit loan,10,,,other,seed:limited company mortgage
buy to let deposit loan,10,,,other,seed:limited company mortgage
nationwide isa interest rates for existing customers,10,,,mortgages,seed:limited company mortgage
government help to buy equity loan,10,5.18,,other,seed:limited company mortgage
help to buy equity loan reddit,10,,,other,seed:limited company mortgage
how to buy credit card debt,10,,,other,seed:limited company mortgage
pay back help to buy isa,10,,,other,seed:limited company mortgage
compare student loan options,10,,,other,seed:limited company mortgage
hsbc help to buy isa rates,10,,,other,seed:limited company mortgage
buy to let yield uk,10,,,other,seed:limited company mortgage
buy to let yields uk,10,,,other,seed:limited company mortgage
buy to let lenders uk,10,4.68,,mortgages,seed:limited company mortgage
buy-to-let lenders uk,10,4.68,,mortgages,seed:limited company mortgage
help to buy 10 deposit,10,,,other,seed:limited company mortgage
virgin help to buy isa interest rate,10,,,mortgages,seed:limited company mortgage
home equity loan to buy a car,10,,,other,seed:limited company mortgage
printful change registered address,10,,,other,seed:registered office
sita company full form,10,,,other,seed:registered office
change registered address of limited company,10,,,other,seed:registered office
request utr for limited company,10,,,other,seed:registered office
long address example uk,10,,,other,seed:registered office
exclaimer address,10,3.71,,other,seed:registered office
civil service sign up,10,,,other,seed:registered office
address line 2 uk example,10,,,other,seed:registered office
limited power of attorney uk template,10,,,other,seed:registered office
service completion form,10,,,other,seed:registered office
right to work evidence list uk,10,,,other,seed:registered office
maternity leave application for office,10,,,other,seed:registered office
environment agency application forms,10,,,other,seed:registered office
travel agency invoice format,10,0.18,,other,seed:registered office
paf address format,10,,,other,seed:registered office
consent form for the home office to request verification checks,10,,,other,seed:registered office
limited letters of administration,10,,,other,seed:registered office
colombia address format,10,,,other,seed:registered office
belgium address example,10,,,other,seed:registered office
address update form,10,,,other,seed:registered office
full style address,10,,,other,seed:registered office
bolivia address format,10,,,other,seed:registered office
registered office address proof,10,,,run-the-company,seed:registered office
change of registered office address form,10,,,run-the-company,seed:registered office
company property form,10,,,other,seed:registered office
legal aid agency key card,10,,,other,seed:registered office
limited power of attorney template,10,0.39,,other,seed:registered office
form 1 company,10,,,other,seed:registered office
company secretary form,10,,,other,seed:registered office
notary service requirements,10,,,other,seed:registered office
resolution of board of directors for authorised signatory,10,,,other,seed:registered office
aadhaar address update form,10,,,other,seed:registered office
full home address example,10,,,other,seed:registered office
hmrc form 17 address,10,,,other,seed:registered office
service letter agreement,10,,,other,seed:registered office
statement of service letter,10,,,other,seed:registered office
notice of service form,10,,,other,seed:registered office
business change of address form,10,,,other,seed:registered office
employee change of address form,10,,,other,seed:registered office
company confirmation statement form,10,1.34,,run-the-company,seed:registered office
csg company full form,10,,,other,seed:registered office
company shareholders agreement template,10,3.61,,other,seed:registered office
list of laybys,10,,,other,seed:registered office
wcag list example,10,,,other,seed:registered office
waiting list example,10,,,other,seed:registered office
uk patent example,10,,,other,seed:registered office
authorised signatory uk,10,,,other,seed:registered office
printful terms of service,10,,,other,seed:registered office
public service form 3,10,,,other,seed:registered office
civil service application examples,10,,,other,seed:registered office
countersignatory reference civil service,10,,,other,seed:registered office
disclosure scotland proof of address,10,,,other,seed:registered office
hackney change of address form,10,,,other,seed:registered office
home office verification consent form,10,,,other,seed:registered office
referee declaration form uk,10,,,other,seed:registered office
gov uk application form,10,,,other,seed:registered office
medical exemption form uk,10,,,other,seed:registered office
company authorized signatory letter sample,10,,,other,seed:registered office
application to wind up company,10,4.99,,other,seed:registered office
office copy grant of representation,10,,,other,seed:registered office
home office letter of support,10,,,other,seed:registered office
take off list example,10,,,other,seed:registered office
msa master service agreement template,10,,,other,seed:registered office
oci undertaking letter for address proof,10,,,other,seed:registered office
formal letter writing uk,10,,,other,seed:registered office
w9 form uk equivalent,10,,,other,seed:registered office
copyright release form uk,10,,,other,seed:registered office
vat certificate uk example,10,1.74,,other,seed:registered office
cni application form uk,10,,,other,seed:registered office
p85 form uk online,10,,,other,seed:registered office
giving notice template uk,10,0.05,,other,seed:registered office
uk letter format example,10,0.01,,other,seed:registered office
form 1042 s uk,10,,,other,seed:registered office
civil service death benefit nomination form,10,,,other,seed:registered office
self employment contract template uk,10,5.31,,other,seed:registered office
deed of separation template uk,10,1.01,,other,seed:registered office
free enquiry form,10,5.14,,other,seed:registered office
proof of registered office address,10,,,run-the-company,seed:registered office
application letter for leave in office,10,,,other,seed:registered office
vfs uk document upload,10,,,other,seed:registered office
request return of documents from home office,10,,,other,seed:registered office
form t application fee uk,10,,,other,seed:registered office
birth certificate document number uk,10,,,other,seed:registered office
letter to judge template uk,10,,,other,seed:registered office
business credit application form uk,10,,,other,seed:registered office
police witness statement template uk,10,,,other,seed:registered office
certificate of sponsorship uk timeline,10,,,other,seed:registered office
uk power networks claim form,10,,,other,seed:registered office
right to work check documents list,10,,,other,seed:registered office
sign in gov uk self assessment,10,,,other,seed:registered office
enhanced dbs application form gov uk,10,,,other,seed:registered office
letter of complaint sample for poor service,10,,,other,seed:registered office
free online par-q form,10,,,other,seed:registered office
statutory declaration name change template uk,10,2.54,,other,seed:registered office
self-employed contract agreement template uk,10,1.45,,other,seed:registered office
home office indefinite leave to remain application form,10,3.72,,other,seed:registered office
pip claim form printable free,10,,,other,seed:registered office
sample consent letter for uk visa application,10,,,other,seed:registered office
commission agreement word format free download,10,,,other,seed:registered office
registered office address change letter format,10,,,run-the-company,seed:registered office
hmrc change address limited company,10,,,other,seed:registered office
1 changing the registered office of a private limited company,10,,,run-the-company,seed:registered office
registered address proz,10,,,other,seed:registered office
permanent registered address,10,,,other,seed:registered office
registered office vs registered agent,10,,,run-the-company,seed:registered office
registered company example,10,,,other,seed:registered office
esure registered office,10,,,run-the-company,seed:registered office
registered office certificate,10,,,run-the-company,seed:registered office
ee registered office,10,,,run-the-company,seed:registered office
registered office rules,10,0.32,,run-the-company,seed:registered office
initial registered office,10,,,run-the-company,seed:registered office
free printable last will and testament forms uk,10,1.8,,other,seed:registered office
registered consignee uk,10,,,other,seed:registered office
update registered business address,10,,,other,seed:registered office
registered address short form,10,,,other,seed:registered office
registered office name plate,10,,,run-the-company,seed:registered office
registered office short form,10,,,run-the-company,seed:registered office
registered office change procedure,10,,,run-the-company,seed:registered office
registered office change form,10,,,run-the-company,seed:registered office
situation of registered office,10,,,run-the-company,seed:registered office
notice of registered office,10,,,run-the-company,seed:registered office
registered office name board,10,,,run-the-company,seed:registered office
form for change in registered office of company,10,,,run-the-company,seed:registered office
manchester address example,10,,,other,seed:registered office
sc2 form download gov uk,10,,,other,seed:registered office
service provider termination letter,10,,,other,seed:registered office
service provider registration form,10,,,form-now,seed:registered office
service provider application form,10,,,other,seed:registered office
change of registered address form,10,,,other,seed:registered office
change of address form uk,10,,,other,seed:registered office
proof of office address for company registration,10,,,form-now,seed:registered office
llp change of registered office,10,,,run-the-company,seed:registered office
change in registered office form,10,,,run-the-company,seed:registered office
change of registered office resolution,10,,,run-the-company,seed:registered office
affirm company address,10,,,other,seed:registered office
registrar's office address,10,,,other,seed:registered office
age uk form filling service,10,1.12,,other,seed:registered office
free codicil form uk,10,0.85,,other,seed:registered office
office service agreement,10,,,other,seed:registered office
form limited company online,10,,,other,seed:registered office
limited company registration form,10,,,form-now,seed:registered office
private limited company certificate,10,,,other,seed:registered office
private limited company form,10,,,other,seed:registered office
legal form limited company,10,,,other,seed:registered office
managed service provider agreement example,10,,,other,seed:registered office
office of the public guardian registration form,10,,,form-now,seed:registered office
contract address list,10,,,other,seed:registered office
sample address list,10,,,other,seed:registered office
address list example,10,,,other,seed:registered office
docusign uk address,10,18.2,,other,seed:registered office
registered nurse resignation letter,10,,,other,seed:registered office
agency forms,10,,,other,seed:registered office
notice of change of registered office,10,,,run-the-company,seed:registered office
documents required to change company directors,10,,,other,seed:registered office
uk search limited letter,10,,,other,seed:registered office
right to work documents uk list,10,,,other,seed:registered office
company address change letter,10,,,other,seed:registered office
company change address letter,10,,,other,seed:registered office
office address change notice,10,,,other,seed:registered office
lewisham register office address,10,,,form-now,seed:registered office
completing form w 8ben e for uk limited company,10,,,other,seed:registered office
section 48 notice form free download,10,,,other,seed:registered office
free form address,10,,,other,seed:registered office
address united kingdom uk address format,10,,,other,seed:registered office
designated register office london,10,,,form-now,seed:registered office
private limited company seal format,10,,,other,seed:registered office
private limited company registration process,10,,,form-now,seed:registered office
private limited company registration details,10,,,form-now,seed:registered office
private limited company registration procedure,10,,,form-now,seed:registered office
private limited company registration checklist,10,,,form-now,seed:registered office
private limited company registration certificate,10,,,form-now,seed:registered office
private limited company filing deadline,10,,,run-the-company,seed:registered office
selon company limited warning letter,10,,,other,seed:registered office
new limited company utr number,10,,,other,seed:registered office
service acknowledgement form,10,,,other,seed:registered office
labour office service inquiry,10,,,other,seed:registered office
landlord status,10,,,other,seed:non resident landlord company
corporate landlord meaning,10,,,other,seed:non resident landlord company
withholding rent from landlord,10,,,other,seed:non resident landlord company
resident landlord definition,10,,,other,seed:non resident landlord company
three company landlord,10,,,other,seed:non resident landlord company
threes company landlord,10,,,other,seed:non resident landlord company
landlord service company,10,,,other,seed:non resident landlord company
landlord vs management company,10,,,other,seed:non resident landlord company
private landlord vs company,10,,,other,seed:non resident landlord company
non resident landlord scheme for companies,10,,,non-resident,seed:non resident landlord company
private landlord definition,10,,,other,seed:non resident landlord company
tenant and landlord rights,10,0.68,,other,seed:non resident landlord company
is a management company a landlord,10,,,other,seed:non resident landlord company
can a landlord be a company,10,,,other,seed:non resident landlord company
renting from private landlord vs company,10,,,other,seed:non resident landlord company
change of landlord during tenancy,10,,,other,seed:non resident landlord company
landlord representation,10,,,other,seed:non resident landlord company
landlord organisation,10,,,other,seed:non resident landlord company
individual landlord,10,2.15,,other,seed:non resident landlord company
occupation landlord,10,,,other,seed:non resident landlord company
landlord/ lessor,10,,,other,seed:non resident landlord company
landlord organisations,10,,,other,seed:non resident landlord company
landlord industry,10,,,other,seed:non resident landlord company
assignment of lease landlord to landlord,10,,,other,seed:non resident landlord company
landlord tenancy branch,10,,,other,seed:non resident landlord company
portfolio landlord meaning,10,,,other,seed:non resident landlord company
lessor or landlord,10,,,other,seed:non resident landlord company
corporate landlord responsibilities,10,,,other,seed:non resident landlord company
private landlord companies,10,,,other,seed:non resident landlord company
should landlord incorporate,10,,,form-now,seed:non resident landlord company
landlord management llc,10,,,other,seed:non resident landlord company
tenancy landlord obligations,10,,,other,seed:non resident landlord company
private landlord owners,10,,,other,seed:non resident landlord company
private landlord contract,10,9.13,,other,seed:non resident landlord company
landlord or lessor,10,,,other,seed:non resident landlord company
landlord business model,10,,,other,seed:non resident landlord company
corporate landlord companies,10,,,other,seed:non resident landlord company
private sector landlord,10,,,other,seed:non resident landlord company
landlord tenant group,10,,,other,seed:non resident landlord company
tenant landlord relations,10,,,other,seed:non resident landlord company
types of landlord,10,,,other,seed:non resident landlord company
rental landlord responsibilities,10,1.2,,other,seed:non resident landlord company
tenant or landlord,10,,,other,seed:non resident landlord company
commercial lease landlord,10,,,other,seed:non resident landlord company
landlord in administration,10,,,other,seed:non resident landlord company
tenant landlord relationship,10,,,other,seed:non resident landlord company
landlord tenant management,10,,,other,seed:non resident landlord company
rental obligations landlord,10,1.2,,other,seed:non resident landlord company
corporate landlord definition,10,,,other,seed:non resident landlord company
landlord or tenant,10,,,other,seed:non resident landlord company
commercial landlord and tenant,10,,,other,seed:non resident landlord company
landlord and tenant responsibilities,10,,,other,seed:non resident landlord company
landlord and tenant office,10,,,other,seed:non resident landlord company
rental properties landlord responsibilities,10,1.15,,other,seed:non resident landlord company
tenant or landlord responsibility,10,,,other,seed:non resident landlord company
tenant living with landlord,10,,,other,seed:non resident landlord company
landlord and tenant association,10,8.06,,other,seed:non resident landlord company
landlord and property management,10,,,other,seed:non resident landlord company
rental property landlord obligations,10,1.15,,other,seed:non resident landlord company
landlord relationship with tenant,10,,,other,seed:non resident landlord company
private landlord property management,10,,,other,seed:non resident landlord company
rental property landlord responsibilities,10,1.15,,other,seed:non resident landlord company
landlord of a property,10,,,other,seed:non resident landlord company
private landlord or agency,10,,,other,seed:non resident landlord company
new landlord existing tenant,10,,,other,seed:non resident landlord company
registered social landlord definition,10,,,other,seed:non resident landlord company
landlord responsibilities between tenants,10,,,other,seed:non resident landlord company
is landlord a business,10,,,other,seed:non resident landlord company
landlord and tenant board status,10,,,other,seed:non resident landlord company
residential landlord and tenant law,10,36.61,,other,seed:non resident landlord company
commercial lease buyout by landlord,10,,,other,seed:non resident landlord company
contract between agent and landlord,10,,,other,seed:non resident landlord company
tenant rights and landlord responsibilities,10,,,other,seed:non resident landlord company
responsibility of landlord to tenant,10,,,other,seed:non resident landlord company
relationship between landlord and tenant,10,,,other,seed:non resident landlord company
landlord storing items rental property,10,,,other,seed:non resident landlord company
relationship between tenant and landlord,10,,,other,seed:non resident landlord company
difference between landlord and owner,10,,,other,seed:non resident landlord company
living with landlord-tenant rights,10,,,other,seed:non resident landlord company
landlord not owner of property,10,,,other,seed:non resident landlord company
landlord property & rental management inc,10,,,other,seed:non resident landlord company
landlord and tenant commercial property,10,,,other,seed:non resident landlord company
agent acting on behalf of landlord,10,,,other,seed:non resident landlord company
collecting rent on behalf of landlord,10,,,other,seed:non resident landlord company
assignment of commercial lease by landlord,10,,,other,seed:non resident landlord company
landlord & tenant responsibility for commercial premises,10,,,other,seed:non resident landlord company
difference between private landlord and agency,10,,,other,seed:non resident landlord company
real estate leases the landlord perspective,10,,,other,seed:non resident landlord company
landlord property and rental management inc,10,,,other,seed:non resident landlord company
is a landlord classed as self-employed,10,,,other,seed:non resident landlord company
landlord and tenant responsibility for residential premises,10,,,other,seed:non resident landlord company
different types of landlord in the rental sector,10,,,other,seed:non resident landlord company
real estate holding company vs operating company,10,,,other,seed:non resident landlord company
lease end company,10,,,other,seed:non resident landlord company
company lease agreement,10,12.56,,other,seed:non resident landlord company
rental company meaning,10,,,other,seed:non resident landlord company
asset rental company,10,,,other,seed:non resident landlord company
tennant company news,10,,,other,seed:non resident landlord company
rental income company,10,,,other,seed:non resident landlord company
tennant company subsidiaries,10,,,other,seed:non resident landlord company
rent and company,10,,,other,seed:non resident landlord company
company rental income,10,,,other,seed:non resident landlord company
home leasing company,10,,,other,seed:non resident landlord company
company rent agreement,10,12.56,,other,seed:non resident landlord company
tennant company address,10,,,other,seed:non resident landlord company
land lease company,10,,,other,seed:non resident landlord company
condominium administration company,10,,,other,seed:non resident landlord company
tennant company competitors,10,,,other,seed:non resident landlord company
tennant company wikipedia,10,,,other,seed:non resident landlord company
company rental agreement,10,12.56,,other,seed:non resident landlord company
tennant company revenue,10,,,other,seed:non resident landlord company
rent reporting company,10,,,other,seed:non resident landlord company
the tenant company,10,,,other,seed:non resident landlord company
tenants management company,10,,,other,seed:non resident landlord company
rental company franchise,10,,,other,seed:non resident landlord company
tennant company products,10,,,other,seed:non resident landlord company
rent company details,10,,,other,seed:non resident landlord company
tenant management company,10,,,other,seed:non resident landlord company
tennant company history,10,,,other,seed:non resident landlord company
the rental management company,10,,,other,seed:non resident landlord company
rental management company llc,10,,,other,seed:non resident landlord company
company lease rent agreement,10,12.56,,other,seed:non resident landlord company
corporate housing management company,10,,,other,seed:non resident landlord company
real estate leasing company,10,,,other,seed:non resident landlord company
rental agreement for company,10,,,other,seed:non resident landlord company
rental management company cost,10,2.01,,other,seed:non resident landlord company
leasing and management company,10,,,other,seed:non resident landlord company
company reference for renting,10,,,other,seed:non resident landlord company
rent house management company,10,,,other,seed:non resident landlord company
residential management company responsibilities,10,,,other,seed:non resident landlord company
rental home management company,10,,,other,seed:non resident landlord company
house rental management company,10,,,other,seed:non resident landlord company
home rental management company,10,3.02,,other,seed:non resident landlord company
tennant company investor relations,10,,,other,seed:non resident landlord company
rent management company cost,10,2.01,,other,seed:non resident landlord company
condo rental management company,10,,,other,seed:non resident landlord company
rental house management company,10,,,other,seed:non resident landlord company
apartment management and investment company,10,,,other,seed:non resident landlord company
long term rental management company,10,,,other,seed:non resident landlord company
real estate holding company examples,10,,,other,seed:non resident landlord company
cost for rental management company,10,2.01,,other,seed:non resident landlord company
tds on rent paid by company,10,,,other,seed:non resident landlord company
real estate holding company business plan,10,,,other,seed:non resident landlord company
real estate holding company vs llc,10,,,other,seed:non resident landlord company
using a management company for rentals,10,,,other,seed:non resident landlord company
what does a rental management company do,10,2.74,,other,seed:non resident landlord company
forming a company to buy property,10,,,other,seed:non resident landlord company
non resident company owning uk property,10,,,non-resident,seed:non resident landlord company
landlord renting to family,10,1.14,,other,seed:non resident landlord company
landlord lives on property,10,,,other,seed:non resident landlord company
sharing house with landlord,10,,,other,seed:non resident landlord company
for rent private landlord,10,0.52,,other,seed:non resident landlord company
landlord rent to own,10,,,other,seed:non resident landlord company
property to rent by landlord,10,0.7,,other,seed:non resident landlord company
property to rent from landlord,10,0.7,,other,seed:non resident landlord company
buying rented house from landlord,10,,,other,seed:non resident landlord company
residence company,10,,,other,seed:non resident landlord company
landlord living in buy to let property,10,,,other,seed:non resident landlord company
if landlord lives in the same building,10,,,other,seed:non resident landlord company
land holdings company,10,,,other,seed:non resident landlord company
company property definition,10,,,other,seed:non resident landlord company
land holding company,10,,,other,seed:non resident landlord company
company house rental,10,,,other,seed:non resident landlord company
tennant company hq,10,,,other,seed:non resident landlord company
office rental company,10,18.87,,other,seed:non resident landlord company
describe the different types of landlord in the rental sector,10,,,other,seed:non resident landlord company
company purchase residential property,10,,,other,seed:non resident landlord company
starting a rental company,10,,,other,seed:non resident landlord company
the house share company,10,,,other,seed:non resident landlord company
real property holding company,10,,,other,seed:non resident landlord company
property holding company names,10,,,other,seed:non resident landlord company
company space for rent,10,,,other,seed:non resident landlord company
property holding company definition,10,,,other,seed:non resident landlord company
rent to own company,10,,,other,seed:non resident landlord company
real estate company rentals,10,,,other,seed:non resident landlord company
real estate company definition,10,,,other,seed:non resident landlord company
meaning of realty company,10,,,other,seed:non resident landlord company
company buying residential property,10,24.09,,other,seed:non resident landlord company
company buy residential property,10,24.09,,other,seed:non resident landlord company
company to help rent house,10,,,other,seed:non resident landlord company
purpose of real estate company,10,,,other,seed:non resident landlord company
commercial lease in company name,10,,,other,seed:non resident landlord company
buy to let investment company,10,,,other,seed:non resident landlord company
starting a limited property company,10,,,other,seed:non resident landlord company
company rent house for employee,10,,,other,seed:non resident landlord company
purchase of property by company,10,,,other,seed:non resident landlord company
how to start rental company,10,,,other,seed:non resident landlord company
limited company home office rent,10,,,other,seed:non resident landlord company
commercial real estate holding company,10,,,other,seed:non resident landlord company
personal holding company real estate,10,,,other,seed:non resident landlord company
use company to buy property,10,,,other,seed:non resident landlord company
is real estate a company,10,,,other,seed:non resident landlord company
can a company own property,10,,,other,seed:non resident landlord company
llc holding company real estate,10,,,other,seed:non resident landlord company
residential property owned by company,10,,,other,seed:non resident landlord company
real estate holding company llc,10,,,other,seed:non resident landlord company
company renting house for employee,10,,,other,seed:non resident landlord company
creating a company to buy property,10,1.93,,other,seed:non resident landlord company
buying commercial property under company name,10,,,other,seed:non resident landlord company
what is a land holding company,10,,,other,seed:non resident landlord company
create a company to buy property,10,1.93,,other,seed:non resident landlord company
can a company rent a house,10,,,other,seed:non resident landlord company
starting a buy-to-let company,10,,,other,seed:non resident landlord company
family investment company buy to let,10,,,other,seed:non resident landlord company
buy residential property through limited company,10,,,other,seed:non resident landlord company
can a limited company own property,10,,,other,seed:non resident landlord company
can a holding company own property,10,,,other,seed:non resident landlord company
buy to let private or company,10,,,other,seed:non resident landlord company
buy to let company or personal,10,,,other,seed:non resident landlord company
buy to let via a company,10,5.16,,other,seed:non resident landlord company
what is a property holding company,10,,,other,seed:non resident landlord company
buying a company that owns property,10,,,other,seed:non resident landlord company
property development through a limited company,10,,,other,seed:non resident landlord company
can a holding company buy property,10,,,other,seed:non resident landlord company
can a limited company rent a house,10,,,other,seed:non resident landlord company
buying a property through your limited company,10,,,other,seed:non resident landlord company
selling your house to a rental company,10,17.25,,other,seed:non resident landlord company
setting up a real estate holding company,10,,,form-now,seed:non resident landlord company
starting a holding company for real estate,10,,,other,seed:non resident landlord company
what is a holding company real estate,10,,,other,seed:non resident landlord company
using a company for buy to let,10,,,other,seed:non resident landlord company
buying a company that owns a property,10,,,other,seed:non resident landlord company
what is a real estate holding company,10,,,other,seed:non resident landlord company
what is a holding company in real estate,10,,,other,seed:non resident landlord company
living in a property owned by your company,10,,,other,seed:non resident landlord company
using a rental company to rent your house,10,,,other,seed:non resident landlord company
can i rent a house through my company,10,,,other,seed:non resident landlord company
can i rent my property to my company,10,,,other,seed:non resident landlord company
setting up a holding company for real estate,10,,,form-now,seed:non resident landlord company
how to start a real estate holding company,10,,,other,seed:non resident landlord company
can i rent my property to a company,10,,,other,seed:non resident landlord company
buying buy-to-let property through a limited company,10,20.89,,other,seed:non resident landlord company
setting up a company for buy-to-let property,10,,,form-now,seed:non resident landlord company
setting up a property company for buy to let,10,,,form-now,seed:non resident landlord company
companies house holding company,10,,,run-the-company,seed:non resident landlord company
holding company name meaning,10,,,other,seed:non resident landlord company
can a company be a landlord,10,,,other,seed:non resident landlord company
tenant buying property from landlord,10,17.85,,other,seed:non resident landlord company
residential landlord tenant,10,36.61,,other,seed:non resident landlord company
landlord or owner,10,,,other,seed:non resident landlord company
residential landlord tenant law,10,,,other,seed:non resident landlord company
residential landlord and tenant,10,36.61,,other,seed:non resident landlord company
rented property landlord responsibility,10,,,other,seed:non resident landlord company
landlord holding onto deposit,10,,,other,seed:non resident landlord company
creating a holding company structure,10,,,other,seed:non resident landlord company
housing benefit related to landlord,10,,,other,seed:non resident landlord company
difference between landlord and tenant,10,,,other,seed:non resident landlord company
tenants rights renting private landlord,10,,,other,seed:non resident landlord company
holding company definition companies act 2013,10,,,other,seed:non resident landlord company
holding company definition companies act 2006,10,,,other,seed:non resident landlord company
is being a landlord a business,10,,,other,seed:non resident landlord company
does a landlord own the property,10,,,other,seed:non resident landlord company
does the landlord own the property,10,,,other,seed:non resident landlord company
holding company and operating company,10,,,other,seed:non resident landlord company
holding company vs trading company,10,,,other,seed:non resident landlord company
holders company,10,,,other,seed:non resident landlord company
holding company and subsidiary company meaning,10,,,other,seed:non resident landlord company
holding company and parent company difference,10,,,other,seed:non resident landlord company
holding company and subsidiary company difference,10,,,other,seed:non resident landlord company
a person who rents property from a landlord,10,,,other,seed:non resident landlord company
limited company owning shares in another company,10,,,other,seed:non resident landlord company
on holding company,10,,,other,seed:non resident landlord company
what's holding company,10,,,other,seed:non resident landlord company
tennant company stock,10,,,other,seed:non resident landlord company
rental company stocks,10,,,other,seed:non resident landlord company
holding company features,10,,,other,seed:non resident landlord company
rental deposit company,10,,,other,seed:non resident landlord company
holding company function,10,,,other,seed:non resident landlord company
holding company incorporation,10,,,other,seed:non resident landlord company
housing company meaning,10,,,other,seed:non resident landlord company
tennant company earnings,10,,,other,seed:non resident landlord company
holding company synonym,10,,,other,seed:non resident landlord company
holding company agreement,10,,,other,seed:non resident landlord company
property company shares,10,,,other,seed:non resident landlord company
holding company requirements,10,,,other,seed:non resident landlord company
leasing company definition,10,,,other,seed:non resident landlord company
incorporate holding company,10,,,form-now,seed:non resident landlord company
ownership company meaning,10,,,other,seed:non resident landlord company
holding company act,10,,,other,seed:non resident landlord company
short lease company,10,,,other,seed:non resident landlord company
leasing company meaning,10,,,other,seed:non resident landlord company
can a holding company own another holding company,10,,,other,seed:non resident landlord company
offshore property holding company,10,,,other,seed:non resident landlord company
property development management company,10,,,other,seed:non resident landlord company
property investment company meaning,10,,,other,seed:non resident landlord company
holding company llc structure,10,,,other,seed:non resident landlord company
property investment company definition,10,,,other,seed:non resident landlord company
incorporating a holding company,10,,,form-now,seed:non resident landlord company
holding company definition uk,10,,,other,seed:non resident landlord company
holding company in delaware,10,,,other,seed:non resident landlord company
features of holding company,10,,,other,seed:non resident landlord company
asset property management company,10,,,other,seed:non resident landlord company
meaning of leasing company,10,,,other,seed:non resident landlord company
synonyms for holdings company,10,,,other,seed:non resident landlord company
holding subsidiary company examples,10,,,other,seed:non resident landlord company
concept of holding company,10,,,other,seed:non resident landlord company
leasing company for sale,10,,,other,seed:non resident landlord company
holding company companies act,10,,,other,seed:non resident landlord company
property investment holding company,10,,,other,seed:non resident landlord company
hotel property management company,10,,,other,seed:non resident landlord company
using a holding company,10,,,other,seed:non resident landlord company
real estate company share,10,,,other,seed:non resident landlord company
holding company vs incorporation,10,,,other,seed:non resident landlord company
building a holding company,10,,,other,seed:non resident landlord company
types of holding company,10,,,other,seed:non resident landlord company
property maintenance management company,10,,,other,seed:non resident landlord company
residential status of company,10,,,other,seed:non resident landlord company
holding company uk definition,10,,,other,seed:non resident landlord company
holding or holdings company,10,,,other,seed:non resident landlord company
what holding company means,10,0.18,,other,seed:non resident landlord company
how holding company works,10,4.18,,other,seed:non resident landlord company
characteristics of holding company,10,,,other,seed:non resident landlord company
llc holding company structure,10,,,other,seed:non resident landlord company
holding and operating company structure,10,,,other,seed:non resident landlord company
starting a property maintenance company,10,,,other,seed:non resident landlord company
how to name holding company,10,,,other,seed:non resident landlord company
holding and subsidiary company example,10,,,other,seed:non resident landlord company
real estate license holding company,10,,,other,seed:non resident landlord company
company structure for property investment,10,,,other,seed:non resident landlord company
holding company meaning in business,10,,,other,seed:non resident landlord company
holding company definition us history,10,,,other,seed:non resident landlord company
what is holding company structure,10,,,other,seed:non resident landlord company
offshore company owning uk property,10,,,other,seed:non resident landlord company
company tax on rental income,10,,,other,seed:non resident landlord company
another name for holdings company,10,,,other,seed:non resident landlord company
why form a holding company,10,,,form-now,seed:non resident landlord company
property trading or investment company,10,,,other,seed:non resident landlord company
holding company for multiple llcs,10,,,other,seed:non resident landlord company
moving house to limited company,10,,,other,seed:non resident landlord company
holding company us history definition,10,,,other,seed:non resident landlord company
how a holding company works,10,4.18,,other,seed:non resident landlord company
holding and subsidiary company definition,10,,,other,seed:non resident landlord company
legal definition of holding company,10,,,other,seed:non resident landlord company
buy to let company risk,10,,,other,seed:non resident landlord company
limited company use of home,10,,,other,seed:non resident landlord company
creating a holding company llc,10,,,other,seed:non resident landlord company
what is a company holding,10,,,other,seed:non resident landlord company
holding company definition companies act,10,,,other,seed:non resident landlord company
contract for ownership of company,10,13.12,,other,seed:non resident landlord company
partial ownership in a company,10,,,other,seed:non resident landlord company
holding company articles of incorporation,10,,,other,seed:non resident landlord company
is a holding company an llc,10,,,other,seed:non resident landlord company
difference between holding and subsidiary company,10,,,other,seed:non resident landlord company
what is holding company with example,10,,,other,seed:non resident landlord company
how to use a holding company,10,,,other,seed:non resident landlord company
can holding company buy real estate,10,,,other,seed:non resident landlord company
