route,url,state,coverageState,verdict,lastCrawlTime,crawledAs,pageFetchState,googleCanonical,userCanonical,sitemap,n_referringUrls,referringUrls,folder,canonical_mismatch,last_crawl_month,is_post,date,dateModified,first_commit_date,wave,first_live_date,n_commits,n_subst_edits,last_subst_edit_commit_date,last_subst_edit_live_date,words_now,words_at_crawl,edited_since_crawl,body_lines_changed_since_crawl,subst_edits_after_crawl,crawled_after_current_version,version_at_crawl_commit,word_count_rendered,bing_impr,bing_clicks,bing_strong,inlinks_body,click_depth,click_depth_body,is_orphan_body,gsc_impr_16m,gsc_clicks_16m,first_impression_date,last_impression_date,leads
/,https://www.propertytaxpartners.co.uk,INDEXED,Submitted and indexed,PASS,2026-10-06T03:53:01Z,MOBILE,SUCCESSFUL,https://www.propertytaxpartners.co.uk,https://www.propertytaxpartners.co.uk/,,2,https://www.propertytaxpartners.co.uk/blog/non-resident-landlord-tax/non-dom-reform-april-2025-fig-regime-property-investors;https://www.propertytaxpartners.co.uk/sitemap.xml,home,no,2026-10,no,,,,,,,,,,2754,,,,,,,2754,22,2,no,0,0,0,true,0,0,,,61
/about,https://www.propertytaxpartners.co.uk/about,INDEXED,Submitted and indexed,PASS,2026-09-17T02:45:29Z,MOBILE,SUCCESSFUL,https://www.propertytaxpartners.co.uk/about,https://www.propertytaxpartners.co.uk/about,https://www.propertytaxpartners.co.uk/sitemap.xml,1,https://www.propertytaxpartners.co.uk/blog/section-24-mortgage-interest-restriction-explained,about,no,2026-09,no,,,,,,,,,,657,,,,,,,657,0,0,no,1,1,,false,333,40,2026-04-11,2026-10-08,10
/blog,https://www.propertytaxpartners.co.uk/blog,INDEXED,Submitted and indexed,PASS,2026-10-04T21:35:28Z,MOBILE,SUCCESSFUL,https://www.propertytaxpartners.co.uk/blog,https://www.propertytaxpartners.co.uk/blog,https://www.propertytaxpartners.co.uk/sitemap.xml,1,https://www.propertytaxpartners.co.uk/sitemap.xml,blog-hub,no,2026-10,no,,,,,,,,,,2241,,,,,,,2241,0,0,no,11,1,1,false,287,0,2026-04-11,2026-10-08,0
/blog/capital-gains-tax,https://www.propertytaxpartners.co.uk/blog/capital-gains-tax,DISCOVERED_NOT_INDEXED,Discovered – currently not indexed,NEUTRAL,,CRAWLING_USER_AGENT_UNSPECIFIED,PAGE_FETCH_STATE_UNSPECIFIED,,,https://www.propertytaxpartners.co.uk/sitemap.xml,1,https://www.propertytaxpartners.co.uk/sitemap.xml,blog-cat,no,,no,,,,,,,,,,5628,,,,,,,5628,0,0,no,0,2,,true,2,0,2026-04-11,2026-06-22,0
/blog/capital-gains-tax/2027-property-tax-rates-affect-capital-gains-tax-sales,https://www.propertytaxpartners.co.uk/blog/capital-gains-tax/2027-property-tax-rates-affect-capital-gains-tax-sales,CRAWLED_NOT_INDEXED,Crawled - currently not indexed,NEUTRAL,2026-05-15T16:15:55Z,MOBILE,SUCCESSFUL,,,,1,https://www.propertytaxpartners.co.uk/sitemap.xml,capital-gains-tax,no,2026-05,yes,2026-05-21,2026-05-29,2026-04-10,"2026-04-10 | Property site: add 148 blog posts, 2 new category hubs,",2026-04-10,7,2,2026-05-21,2026-05-23,1989,1092,yes,197,1,no,80d51206c,5065,0,0,no,7,2,3,false,39,0,2026-05-16,2026-09-14,0
/blog/capital-gains-tax/average-london-estate-agent-fees,https://www.propertytaxpartners.co.uk/blog/capital-gains-tax/average-london-estate-agent-fees,INDEXED,Submitted and indexed,PASS,2026-08-23T01:54:49Z,MOBILE,SUCCESSFUL,https://www.propertytaxpartners.co.uk/blog/capital-gains-tax/average-london-estate-agent-fees,https://www.propertytaxpartners.co.uk/blog/capital-gains-tax/average-london-estate-agent-fees,,2,https://propertytaxpartners.co.uk/sitemap.xml;https://www.propertytaxpartners.co.uk/blog/capital-gains-tax/capital-gains-tax-second-home-sale,capital-gains-tax,no,2026-08,yes,2026-08-21,,2026-08-21,2026-08-21 | feat(property): Wave 12 RUN - 13 cost-of-selling pages ,2026-08-21,2,1,2026-08-21,2026-08-21,2133,2133,no,0,0,yes,8d4aaf1d7,5326,9,1,no,3,2,,false,193,1,2026-08-22,2026-10-08,0
/blog/capital-gains-tax/bed-and-breakfasting,https://www.propertytaxpartners.co.uk/blog/capital-gains-tax/bed-and-breakfasting,CRAWLED_NOT_INDEXED,Crawled - currently not indexed,NEUTRAL,2026-07-31T05:29:08Z,MOBILE,SUCCESSFUL,https://www.propertytaxpartners.co.uk/blog/capital-gains-tax/bed-and-breakfasting,https://www.propertytaxpartners.co.uk/blog/capital-gains-tax/bed-and-breakfasting,https://www.propertytaxpartners.co.uk/sitemap.xml,1,https://www.propertytaxpartners.co.uk/sitemap.xml,capital-gains-tax,no,2026-07,yes,2026-05-28,2026-07-26,2026-05-28,2026-05-28 | MegaWave 3 RUN C: bed-and-breakfasting (M3-C-B2),2026-05-28,5,1,2026-06-06,2026-06-07,2192,2192,no,0,0,yes,c218d7a69,5290,0,0,no,1,3,,false,479,2,2026-05-29,2026-10-01,0
/blog/capital-gains-tax/business-asset-disposal-relief-residential-property-qualification,https://www.propertytaxpartners.co.uk/blog/capital-gains-tax/business-asset-disposal-relief-residential-property-qualification,INDEXED,Submitted and indexed,PASS,2026-07-09T20:43:50Z,MOBILE,SUCCESSFUL,https://www.propertytaxpartners.co.uk/blog/capital-gains-tax/business-asset-disposal-relief-residential-property-qualification,https://www.propertytaxpartners.co.uk/blog/capital-gains-tax/business-asset-disposal-relief-residential-property-qualification,https://www.propertytaxpartners.co.uk/sitemap.xml,1,https://propertytaxpartners.co.uk/sitemap.xml,capital-gains-tax,no,2026-07,yes,2026-07-09,2026-07-26,2026-07-09,2026-07-09 | Wave 10 A2: business-asset-disposal-relief-residential-,2026-07-09,7,0,,,3131,3131,no,1,0,yes,96d797e4a,6451,0,0,no,2,3,,false,209,2,2026-07-15,2026-10-08,0
/blog/capital-gains-tax/can-you-sell-a-house-without-an-estate-agent,https://www.propertytaxpartners.co.uk/blog/capital-gains-tax/can-you-sell-a-house-without-an-estate-agent,INDEXED,Submitted and indexed,PASS,2026-08-22T15:56:05Z,MOBILE,SUCCESSFUL,https://www.propertytaxpartners.co.uk/blog/capital-gains-tax/can-you-sell-a-house-without-an-estate-agent,https://www.propertytaxpartners.co.uk/blog/capital-gains-tax/can-you-sell-a-house-without-an-estate-agent,,2,https://propertytaxpartners.co.uk/sitemap.xml;https://www.propertytaxpartners.co.uk/blog/capital-gains-tax/capital-gains-tax-second-home-sale,capital-gains-tax,no,2026-08,yes,2026-08-21,,2026-08-21,2026-08-21 | feat(property): Wave 12 RUN - 13 cost-of-selling pages ,2026-08-21,2,1,2026-08-21,2026-08-21,2438,2438,no,0,0,yes,8d4aaf1d7,5645,0,0,no,1,2,,false,95,0,2026-08-23,2026-10-07,0
/blog/capital-gains-tax/capital-gains-tax-on-shares-uk,https://www.propertytaxpartners.co.uk/blog/capital-gains-tax/capital-gains-tax-on-shares-uk,INDEXED,Submitted and indexed,PASS,2026-08-21T00:20:42Z,MOBILE,SUCCESSFUL,https://www.propertytaxpartners.co.uk/blog/capital-gains-tax/capital-gains-tax-on-shares-uk,https://www.propertytaxpartners.co.uk/blog/capital-gains-tax/capital-gains-tax-on-shares-uk,https://www.propertytaxpartners.co.uk/sitemap.xml,1,https://www.propertytaxpartners.co.uk/blog/capital-gains-tax/do-limited-companies-pay-capital-gains-tax-property,capital-gains-tax,no,2026-08,yes,2026-08-20,2026-08-20,2026-08-20,"2026-08-20 | content(property): CGT cluster batch, 11 targets: 7 ext",2026-08-20,1,0,,,3425,3425,no,0,0,yes,701a2d530,7556,8,0,no,0,3,,true,641,1,2026-08-21,2026-10-07,0
/blog/capital-gains-tax/capital-gains-tax-property-complete-guide-uk,https://www.propertytaxpartners.co.uk/blog/capital-gains-tax/capital-gains-tax-property-complete-guide-uk,INDEXED,Submitted and indexed,PASS,2026-09-18T15:37:56Z,MOBILE,SUCCESSFUL,https://www.propertytaxpartners.co.uk/blog/capital-gains-tax/capital-gains-tax-property-complete-guide-uk,https://www.propertytaxpartners.co.uk/blog/capital-gains-tax/capital-gains-tax-property-complete-guide-uk,https://www.propertytaxpartners.co.uk/sitemap.xml,2,https://www.propertytaxpartners.co.uk/blog/portfolio-management/track-rental-property-profitability-per-property-pl-guide;https://www.propertytaxpartners.co.uk/sitemap.xml,capital-gains-tax,no,2026-09,yes,'2026-05-21',2026-08-20,2026-04-01,2026-04-01 | Cleanup: Organize files and fix generation scripts,2026-04-01,18,5,2026-08-20,2026-08-20,2882,2882,no,0,0,yes,701a2d530,6223,2572,156,yes,137,1,3,false,33990,187,2026-04-11,2026-10-08,2
/blog/capital-gains-tax/capital-gains-tax-property-sale-uk-2026-rates-allowances,https://www.propertytaxpartners.co.uk/blog/capital-gains-tax/capital-gains-tax-property-sale-uk-2026-rates-allowances,INDEXED,Submitted and indexed,PASS,2026-09-30T17:38:59Z,MOBILE,SUCCESSFUL,https://www.propertytaxpartners.co.uk/blog/capital-gains-tax/capital-gains-tax-property-sale-uk-2026-rates-allowances,https://www.propertytaxpartners.co.uk/blog/capital-gains-tax/capital-gains-tax-property-sale-uk-2026-rates-allowances,https://www.propertytaxpartners.co.uk/sitemap.xml,1,https://www.propertytaxpartners.co.uk/sitemap.xml,capital-gains-tax,no,2026-09,yes,2026-05-21,2026-08-20,2026-03-29,2026-03-29 | Generate 27 new Property blog posts,2026-03-29,16,2,2026-08-20,2026-08-20,2113,2113,no,0,0,yes,701a2d530,6462,600,32,yes,7,2,4,false,2557,2,2026-04-11,2026-10-08,0
/blog/capital-gains-tax/capital-gains-tax-second-home-sale,https://www.propertytaxpartners.co.uk/blog/capital-gains-tax/capital-gains-tax-second-home-sale,INDEXED,Submitted and indexed,PASS,2026-08-21T19:51:04Z,MOBILE,SUCCESSFUL,https://www.propertytaxpartners.co.uk/blog/capital-gains-tax/capital-gains-tax-second-home-sale,https://www.propertytaxpartners.co.uk/blog/capital-gains-tax/capital-gains-tax-second-home-sale,https://www.propertytaxpartners.co.uk/sitemap.xml,1,https://www.propertytaxpartners.co.uk/sitemap.xml,capital-gains-tax,no,2026-08,yes,2026-08-20,2026-10-10,2026-08-20,"2026-08-20 | content(property): CGT cluster batch, 11 targets: 7 ext",2026-08-20,2,0,,,3439,3411,no,1,0,yes,701a2d530,6909,196,34,yes,4,2,4,false,1428,14,2026-08-21,2026-10-08,1
/blog/capital-gains-tax/cgt-annual-exempt-amount-3000-allowance-2026-27,https://www.propertytaxpartners.co.uk/blog/capital-gains-tax/cgt-annual-exempt-amount-3000-allowance-2026-27,CRAWLED_NOT_INDEXED,Crawled - currently not indexed,NEUTRAL,2026-07-09T08:11:23Z,MOBILE,SUCCESSFUL,https://www.propertytaxpartners.co.uk/blog/capital-gains-tax/cgt-annual-exempt-amount-3000-allowance-2026-27,https://www.propertytaxpartners.co.uk/blog/capital-gains-tax/cgt-annual-exempt-amount-3000-allowance-2026-27,https://www.propertytaxpartners.co.uk/sitemap.xml,2,https://www.propertytaxpartners.co.uk/feed.xml;https://www.propertytaxpartners.co.uk/sitemap.xml,capital-gains-tax,no,2026-07,yes,2026-05-21,2026-08-18,2026-04-10,"2026-04-10 | Property site: add 148 blog posts, 2 new category hubs,",2026-04-10,5,2,2026-08-18,2026-08-18,1174,1140,yes,13,1,no,e4cecef7d,3344,501,10,yes,18,2,4,false,1200,0,2026-05-17,2026-09-11,0
/blog/capital-gains-tax/cgt-calculation-selling-buy-to-let-property-step-by-step,https://www.propertytaxpartners.co.uk/blog/capital-gains-tax/cgt-calculation-selling-buy-to-let-property-step-by-step,CRAWLED_NOT_INDEXED,Crawled - currently not indexed,NEUTRAL,2026-08-26T10:19:01Z,MOBILE,SUCCESSFUL,https://www.propertytaxpartners.co.uk/blog/capital-gains-tax/cgt-calculation-selling-buy-to-let-property-step-by-step,https://www.propertytaxpartners.co.uk/blog/capital-gains-tax/cgt-calculation-selling-buy-to-let-property-step-by-step,https://www.propertytaxpartners.co.uk/sitemap.xml,0,,capital-gains-tax,no,2026-08,yes,2026-05-21,2026-08-20,2026-04-10,"2026-04-10 | Property site: add 148 blog posts, 2 new category hubs,",2026-04-10,7,4,2026-08-20,2026-08-20,3836,3836,no,0,0,yes,701a2d530,8637,429,63,yes,15,2,4,false,116,3,2026-05-16,2026-10-06,2
/blog/capital-gains-tax/cgt-commercial-property-different-residential,https://www.propertytaxpartners.co.uk/blog/capital-gains-tax/cgt-commercial-property-different-residential,CRAWLED_NOT_INDEXED,Crawled - currently not indexed,NEUTRAL,2026-05-29T18:23:34Z,MOBILE,SUCCESSFUL,https://www.propertytaxpartners.co.uk/blog/capital-gains-tax/cgt-commercial-property-different-residential,https://www.propertytaxpartners.co.uk/blog/capital-gains-tax/cgt-commercial-property-different-residential,https://www.propertytaxpartners.co.uk/sitemap.xml,1,https://www.propertytaxpartners.co.uk/sitemap.xml,capital-gains-tax,no,2026-05,yes,2026-04-10,2026-06-23,2026-04-10,"2026-04-10 | Property site: add 148 blog posts, 2 new category hubs,",2026-04-10,8,3,2026-05-29,2026-05-29,3829,3829,yes,16,1,no,d8301db36,8620,18,1,no,8,2,4,false,0,0,,,0
/blog/capital-gains-tax/cgt-deferral-strategies-property-investors-uk,https://www.propertytaxpartners.co.uk/blog/capital-gains-tax/cgt-deferral-strategies-property-investors-uk,CRAWLED_NOT_INDEXED,Crawled - currently not indexed,NEUTRAL,2026-05-30T02:01:47Z,MOBILE,SUCCESSFUL,https://www.propertytaxpartners.co.uk/blog/capital-gains-tax/cgt-deferral-strategies-property-investors-uk,https://www.propertytaxpartners.co.uk/blog/capital-gains-tax/cgt-deferral-strategies-property-investors-uk,,1,https://www.propertytaxpartners.co.uk/sitemap.xml,capital-gains-tax,no,2026-05,yes,2026-05-24,2026-08-03,2026-04-11,"2026-04-11 | Property site: deduplicate 241 blog posts, eliminate he",2026-04-11,8,1,2026-05-24,2026-05-26,3885,3791,no,3,0,yes,f4f6d9775,8931,79,2,no,7,2,4,false,0,0,,,1
/blog/capital-gains-tax/cgt-divorce-property-transfer-tax-implications,https://www.propertytaxpartners.co.uk/blog/capital-gains-tax/cgt-divorce-property-transfer-tax-implications,CRAWLED_NOT_INDEXED,Crawled - currently not indexed,NEUTRAL,2026-05-29T16:57:38Z,MOBILE,SUCCESSFUL,https://www.propertytaxpartners.co.uk/blog/capital-gains-tax/cgt-divorce-property-transfer-tax-implications,https://www.propertytaxpartners.co.uk/blog/capital-gains-tax/cgt-divorce-property-transfer-tax-implications,https://www.propertytaxpartners.co.uk/sitemap.xml,0,,capital-gains-tax,no,2026-05,yes,2026-04-10,2026-06-23,2026-04-10,"2026-04-10 | Property site: add 148 blog posts, 2 new category hubs,",2026-04-10,8,2,2026-05-24,2026-05-26,3538,3538,no,3,0,yes,d8301db36,7693,81,7,no,5,3,4,false,167,3,2026-05-30,2026-08-21,1
/blog/capital-gains-tax/cgt-gifting-property-family-members-uk,https://www.propertytaxpartners.co.uk/blog/capital-gains-tax/cgt-gifting-property-family-members-uk,CRAWLED_NOT_INDEXED,Crawled - currently not indexed,NEUTRAL,2026-07-09T19:30:23Z,MOBILE,SUCCESSFUL,https://www.propertytaxpartners.co.uk/blog/capital-gains-tax/cgt-gifting-property-family-members-uk,https://www.propertytaxpartners.co.uk/blog/capital-gains-tax/cgt-gifting-property-family-members-uk,https://www.propertytaxpartners.co.uk/sitemap.xml,0,,capital-gains-tax,no,2026-07,yes,2026-05-21,2026-10-10T18:30:00Z,2026-04-10,"2026-04-10 | Property site: add 148 blog posts, 2 new category hubs,",2026-04-10,12,3,2026-10-10,not deployed,4595,2347,yes,131,1,no (edit not deployed),b3754948c,5917,1528,330,yes,15,2,4,false,360,0,2026-05-14,2026-07-10,4
/blog/capital-gains-tax/cgt-inherited-rental-property-calculation-uk,https://www.propertytaxpartners.co.uk/blog/capital-gains-tax/cgt-inherited-rental-property-calculation-uk,INDEXED,Submitted and indexed,PASS,2026-10-02T02:52:48Z,MOBILE,SUCCESSFUL,https://www.propertytaxpartners.co.uk/blog/capital-gains-tax/cgt-inherited-rental-property-calculation-uk,https://www.propertytaxpartners.co.uk/blog/capital-gains-tax/cgt-inherited-rental-property-calculation-uk,https://www.propertytaxpartners.co.uk/sitemap.xml,1,https://www.propertytaxpartners.co.uk/feed.xml,capital-gains-tax,no,2026-10,yes,2026-04-10,2026-08-20,2026-04-10,"2026-04-10 | Property site: add 148 blog posts, 2 new category hubs,",2026-04-10,9,3,2026-08-20,2026-08-20,4835,4835,no,0,0,yes,625e24940,10183,29,2,no,9,3,4,false,263,4,2026-07-06,2026-10-07,1
/blog/capital-gains-tax/cgt-main-residence-election-two-properties,https://www.propertytaxpartners.co.uk/blog/capital-gains-tax/cgt-main-residence-election-two-properties,CRAWLED_NOT_INDEXED,Crawled - currently not indexed,NEUTRAL,2026-05-27T11:01:20Z,MOBILE,SUCCESSFUL,,,,1,https://www.propertytaxpartners.co.uk/sitemap.xml,capital-gains-tax,no,2026-05,yes,2026-04-10,2026-06-23,2026-04-11,"2026-04-11 | Property site: deduplicate 241 blog posts, eliminate he",2026-04-11,7,1,2026-05-24,2026-05-26,3958,3959,no,2,0,yes,2b14137a6,8397,5,0,no,4,3,4,false,0,0,,,0
/blog/capital-gains-tax/cgt-main-residence-relief-joint-ownership-pra-election-spouses-mechanics,https://www.propertytaxpartners.co.uk/blog/capital-gains-tax/cgt-main-residence-relief-joint-ownership-pra-election-spouses-mechanics,INDEXED,Submitted and indexed,PASS,2026-09-05T14:16:08Z,MOBILE,SUCCESSFUL,https://www.propertytaxpartners.co.uk/blog/capital-gains-tax/cgt-main-residence-relief-joint-ownership-pra-election-spouses-mechanics,https://www.propertytaxpartners.co.uk/blog/capital-gains-tax/cgt-main-residence-relief-joint-ownership-pra-election-spouses-mechanics,https://www.propertytaxpartners.co.uk/sitemap.xml,1,https://www.propertytaxpartners.co.uk/sitemap.xml,capital-gains-tax,no,2026-09,yes,2026-05-23,2026-07-26,2026-05-23,"2026-05-23 | Wave 5 C7: PRR and joint ownership, spousal election + ",2026-05-26,5,1,2026-06-06,2026-06-07,2626,2626,no,0,0,yes,c218d7a69,5945,85,4,no,9,3,3,false,430,7,2026-05-28,2026-10-08,0
/blog/capital-gains-tax/cgt-on-inherited-property-uk-probate-base-cost,https://www.propertytaxpartners.co.uk/blog/capital-gains-tax/cgt-on-inherited-property-uk-probate-base-cost,INDEXED,Submitted and indexed,PASS,2026-07-25T18:16:22Z,MOBILE,SUCCESSFUL,https://www.propertytaxpartners.co.uk/blog/capital-gains-tax/cgt-on-inherited-property-uk-probate-base-cost,https://www.propertytaxpartners.co.uk/blog/capital-gains-tax/cgt-on-inherited-property-uk-probate-base-cost,,0,,capital-gains-tax,no,2026-07,yes,2026-07-09,,2026-07-09,2026-07-09 | Wave 10 A8: cgt-on-inherited-property-uk-probate-base-c,2026-07-09,2,0,,,3086,3086,no,0,0,yes,4ff0c3204,6204,125,9,no,3,2,3,false,1669,15,2026-07-25,2026-10-08,0
/blog/capital-gains-tax/cgt-overseas-property-uk-residents-foreign-disposals,https://www.propertytaxpartners.co.uk/blog/capital-gains-tax/cgt-overseas-property-uk-residents-foreign-disposals,INDEXED,Submitted and indexed,PASS,2026-10-03T17:52:05Z,MOBILE,SUCCESSFUL,https://www.propertytaxpartners.co.uk/blog/capital-gains-tax/cgt-overseas-property-uk-residents-foreign-disposals,https://www.propertytaxpartners.co.uk/blog/capital-gains-tax/cgt-overseas-property-uk-residents-foreign-disposals,,0,,capital-gains-tax,no,2026-10,yes,2026-07-09,,2026-07-09,2026-07-09 | Wave 10 A9: cgt-overseas-property-uk-residents-foreign-,2026-07-09,5,2,2026-07-09,2026-07-09,3226,3226,no,0,0,yes,088a39dd8,6501,387,63,yes,0,3,,true,4579,77,2026-07-25,2026-10-08,5
/blog/capital-gains-tax/cgt-payment-deadlines-property-sales-2026,https://www.propertytaxpartners.co.uk/blog/capital-gains-tax/cgt-payment-deadlines-property-sales-2026,INDEXED,Submitted and indexed,PASS,2026-09-26T01:34:38Z,MOBILE,SUCCESSFUL,https://www.propertytaxpartners.co.uk/blog/capital-gains-tax/cgt-payment-deadlines-property-sales-2026,https://www.propertytaxpartners.co.uk/blog/capital-gains-tax/cgt-payment-deadlines-property-sales-2026,https://www.propertytaxpartners.co.uk/sitemap.xml,1,https://www.propertytaxpartners.co.uk/sitemap.xml,capital-gains-tax,no,2026-09,yes,2026-05-21,2026-10-09,2026-03-29,2026-03-29 | Launch Property Tax Partners with 17 blog articles and ,2026-03-29,18,4,2026-08-20,2026-08-20,3547,3543,no,1,0,yes,701a2d530,8104,829,35,yes,39,2,3,false,8857,65,2026-04-12,2026-10-08,0
/blog/capital-gains-tax/cgt-property-2027-rate-changes-uk-landlords,https://www.propertytaxpartners.co.uk/blog/capital-gains-tax/cgt-property-2027-rate-changes-uk-landlords,INDEXED,Submitted and indexed,PASS,2026-10-10T05:51:57Z,MOBILE,SUCCESSFUL,https://www.propertytaxpartners.co.uk/blog/capital-gains-tax/cgt-property-2027-rate-changes-uk-landlords,https://www.propertytaxpartners.co.uk/blog/capital-gains-tax/cgt-property-2027-rate-changes-uk-landlords,https://www.propertytaxpartners.co.uk/sitemap.xml,0,,capital-gains-tax,no,2026-10,yes,2026-05-21,2026-07-26,2026-04-10,"2026-04-10 | Property site: add 148 blog posts, 2 new category hubs,",2026-04-10,7,2,2026-05-21,2026-05-23,1518,1518,no,0,0,yes,b226ff381,4675,55,5,no,4,2,4,false,2213,37,2026-05-16,2026-10-08,0
/blog/capital-gains-tax/cgt-property-sold-loss-claim-capital-losses,https://www.propertytaxpartners.co.uk/blog/capital-gains-tax/cgt-property-sold-loss-claim-capital-losses,CRAWLED_NOT_INDEXED,Crawled - currently not indexed,NEUTRAL,2026-05-15T16:24:58Z,MOBILE,SUCCESSFUL,,,https://www.propertytaxpartners.co.uk/sitemap.xml,1,https://www.propertytaxpartners.co.uk/sitemap.xml,capital-gains-tax,no,2026-05,yes,2026-05-24,2026-07-28,2026-04-10,"2026-04-10 | Property site: add 148 blog posts, 2 new category hubs,",2026-04-10,12,2,2026-05-24,2026-05-26,3803,1150,yes,242,1,no,18a41cb40,8408,450,33,yes,9,2,4,false,70,0,2026-05-19,2026-09-21,0
/blog/capital-gains-tax/cgt-property-transfer-limited-company-calculate,https://www.propertytaxpartners.co.uk/blog/capital-gains-tax/cgt-property-transfer-limited-company-calculate,CRAWLED_NOT_INDEXED,Crawled - currently not indexed,NEUTRAL,2026-07-15T17:39:58Z,MOBILE,SUCCESSFUL,https://www.propertytaxpartners.co.uk/blog/capital-gains-tax/cgt-property-transfer-limited-company-calculate,https://www.propertytaxpartners.co.uk/blog/capital-gains-tax/cgt-property-transfer-limited-company-calculate,https://www.propertytaxpartners.co.uk/sitemap.xml,1,https://www.propertytaxpartners.co.uk/sitemap.xml,capital-gains-tax,no,2026-07,yes,2026-03-29,2026-06-23,2026-03-29,2026-03-29 | Generate 27 new Property blog posts,2026-03-29,12,2,2026-06-02,2026-06-02,2235,2235,no,0,0,yes,cdf893f2b,5339,6,1,no,21,2,4,false,175,1,2026-05-30,2026-09-02,0
/blog/capital-gains-tax/cgt-property-transfer-spouse,https://www.propertytaxpartners.co.uk/blog/capital-gains-tax/cgt-property-transfer-spouse,INDEXED,Submitted and indexed,PASS,2026-10-06T13:33:40Z,MOBILE,SUCCESSFUL,https://www.propertytaxpartners.co.uk/blog/capital-gains-tax/cgt-property-transfer-spouse,https://www.propertytaxpartners.co.uk/blog/capital-gains-tax/cgt-property-transfer-spouse,,2,https://www.propertytaxpartners.co.uk/feed.xml;https://www.propertytaxpartners.co.uk/sitemap.xml,capital-gains-tax,no,2026-10,yes,2026-03-31,2026-06-23,2026-04-01,2026-04-01 | Add Phase 1 and Phase 2 content generation: 67 new blog,2026-03-31,15,4,2026-06-06,2026-06-07,3576,3576,no,0,0,yes,b226ff381,7760,598,62,yes,26,3,3,false,151,1,2026-05-16,2026-10-08,1
/blog/capital-gains-tax/cgt-rates-property-2026-27-current-rates-explained,https://www.propertytaxpartners.co.uk/blog/capital-gains-tax/cgt-rates-property-2026-27-current-rates-explained,CRAWLED_NOT_INDEXED,Crawled - currently not indexed,NEUTRAL,2026-06-06T18:50:08Z,MOBILE,SUCCESSFUL,https://www.propertytaxpartners.co.uk/blog/capital-gains-tax/cgt-rates-property-2026-27-current-rates-explained,https://www.propertytaxpartners.co.uk/blog/capital-gains-tax/cgt-rates-property-2026-27-current-rates-explained,https://www.propertytaxpartners.co.uk/sitemap.xml,1,https://www.propertytaxpartners.co.uk/sitemap.xml,capital-gains-tax,no,2026-06,yes,2026-04-10,2026-05-24,2026-04-10,"2026-04-10 | Property site: add 148 blog posts, 2 new category hubs,",2026-04-10,6,2,2026-05-24,2026-05-26,3278,3278,no,0,0,yes,929e0576f,7154,815,30,yes,40,2,3,false,4929,1,2026-04-25,2026-06-10,0
/blog/capital-gains-tax/cgt-record-keeping-property-sales-what-to-save-how-long,https://www.propertytaxpartners.co.uk/blog/capital-gains-tax/cgt-record-keeping-property-sales-what-to-save-how-long,CRAWLED_NOT_INDEXED,Crawled - currently not indexed,NEUTRAL,2026-05-29T07:24:37Z,MOBILE,SUCCESSFUL,,,https://www.propertytaxpartners.co.uk/sitemap.xml,1,https://www.propertytaxpartners.co.uk/sitemap.xml,capital-gains-tax,no,2026-05,yes,2026-04-10,2026-06-23,2026-04-11,"2026-04-11 | Property site: deduplicate 241 blog posts, eliminate he",2026-04-11,5,1,2026-05-31,2026-05-31,2048,1222,yes,183,1,no,5da8276aa,4939,0,0,no,6,2,4,false,99,1,2026-06-01,2026-08-08,0
/blog/capital-gains-tax/cgt-selling-buy-to-let-property-calculation-guide,https://www.propertytaxpartners.co.uk/blog/capital-gains-tax/cgt-selling-buy-to-let-property-calculation-guide,INDEXED,Submitted and indexed,PASS,2026-09-23T18:13:25Z,MOBILE,SUCCESSFUL,https://www.propertytaxpartners.co.uk/blog/capital-gains-tax/cgt-selling-buy-to-let-property-calculation-guide,https://www.propertytaxpartners.co.uk/blog/capital-gains-tax/cgt-selling-buy-to-let-property-calculation-guide,,0,,capital-gains-tax,no,2026-09,yes,2026-04-10,2026-10-09,2026-04-10,"2026-04-10 | Property site: add 148 blog posts, 2 new category hubs,",2026-04-10,9,3,2026-05-31,2026-05-31,1898,1895,no,1,0,yes,cdf893f2b,4752,64,7,no,7,3,4,false,219,2,2026-05-30,2026-10-07,1
/blog/capital-gains-tax/cgt-selling-multiple-properties-same-year,https://www.propertytaxpartners.co.uk/blog/capital-gains-tax/cgt-selling-multiple-properties-same-year,CRAWLED_NOT_INDEXED,Crawled - currently not indexed,NEUTRAL,2026-10-07T20:40:15Z,MOBILE,SUCCESSFUL,https://www.propertytaxpartners.co.uk/blog/capital-gains-tax/cgt-selling-multiple-properties-same-year,https://www.propertytaxpartners.co.uk/blog/capital-gains-tax/cgt-selling-multiple-properties-same-year,https://www.propertytaxpartners.co.uk/sitemap.xml,1,https://www.propertytaxpartners.co.uk/sitemap.xml,capital-gains-tax,no,2026-10,yes,2026-04-10,2026-10-09,2026-04-11,"2026-04-11 | Property site: deduplicate 241 blog posts, eliminate he",2026-04-11,6,1,2026-05-31,2026-05-31,2232,2232,no,1,0,yes,b226ff381,5025,4,0,no,0,3,,true,485,19,2026-06-07,2026-10-08,0
/blog/capital-gains-tax/cheapest-estate-agent-fees-uk,https://www.propertytaxpartners.co.uk/blog/capital-gains-tax/cheapest-estate-agent-fees-uk,INDEXED,Submitted and indexed,PASS,2026-08-21T23:56:45Z,MOBILE,SUCCESSFUL,https://www.propertytaxpartners.co.uk/blog/capital-gains-tax/cheapest-estate-agent-fees-uk,https://www.propertytaxpartners.co.uk/blog/capital-gains-tax/cheapest-estate-agent-fees-uk,,1,https://www.propertytaxpartners.co.uk/blog/capital-gains-tax/capital-gains-tax-second-home-sale,capital-gains-tax,no,2026-08,yes,2026-08-21,,2026-08-21,2026-08-21 | feat(property): Wave 12 RUN - 13 cost-of-selling pages ,2026-08-21,2,1,2026-08-21,2026-08-21,2149,2149,no,0,0,yes,8d4aaf1d7,5172,0,0,no,6,2,,false,1384,2,2026-08-22,2026-10-08,0
/blog/capital-gains-tax/cost-of-moving-house-uk,https://www.propertytaxpartners.co.uk/blog/capital-gains-tax/cost-of-moving-house-uk,INDEXED,Submitted and indexed,PASS,2026-08-22T21:13:49Z,MOBILE,SUCCESSFUL,https://www.propertytaxpartners.co.uk/blog/capital-gains-tax/cost-of-moving-house-uk,https://www.propertytaxpartners.co.uk/blog/capital-gains-tax/cost-of-moving-house-uk,,2,https://propertytaxpartners.co.uk/sitemap.xml;https://www.propertytaxpartners.co.uk/blog/capital-gains-tax/can-you-sell-a-house-without-an-estate-agent,capital-gains-tax,no,2026-08,yes,2026-08-21,,2026-08-21,2026-08-21 | feat(property): Wave 12 RUN - 13 cost-of-selling pages ,2026-08-21,2,1,2026-08-21,2026-08-21,3059,3059,no,0,0,yes,8d4aaf1d7,6275,0,0,no,6,2,,false,46,0,2026-08-23,2026-10-01,0
/blog/capital-gains-tax/do-limited-companies-pay-capital-gains-tax-property,https://www.propertytaxpartners.co.uk/blog/capital-gains-tax/do-limited-companies-pay-capital-gains-tax-property,INDEXED,Submitted and indexed,PASS,2026-08-20T21:49:20Z,MOBILE,SUCCESSFUL,https://www.propertytaxpartners.co.uk/blog/capital-gains-tax/do-limited-companies-pay-capital-gains-tax-property,https://www.propertytaxpartners.co.uk/blog/capital-gains-tax/do-limited-companies-pay-capital-gains-tax-property,https://www.propertytaxpartners.co.uk/sitemap.xml,1,https://www.propertytaxpartners.co.uk/sitemap.xml,capital-gains-tax,no,2026-08,yes,2026-08-20,2026-08-20,2026-08-20,"2026-08-20 | content(property): CGT cluster batch, 11 targets: 7 ext",2026-08-20,2,0,,,3458,3458,no,0,0,yes,625e24940,7504,5,0,no,0,3,,true,765,9,2026-08-21,2026-10-08,0
/blog/capital-gains-tax/estate-agent-contract-tie-in-periods,https://www.propertytaxpartners.co.uk/blog/capital-gains-tax/estate-agent-contract-tie-in-periods,INDEXED,Submitted and indexed,PASS,2026-08-22T02:29:06Z,MOBILE,SUCCESSFUL,https://www.propertytaxpartners.co.uk/blog/capital-gains-tax/estate-agent-contract-tie-in-periods,https://www.propertytaxpartners.co.uk/blog/capital-gains-tax/estate-agent-contract-tie-in-periods,,1,https://www.propertytaxpartners.co.uk/blog/capital-gains-tax/can-you-sell-a-house-without-an-estate-agent,capital-gains-tax,no,2026-08,yes,2026-08-21,,2026-08-21,2026-08-21 | feat(property): Wave 12 RUN - 13 cost-of-selling pages ,2026-08-21,2,1,2026-08-21,2026-08-21,2182,2182,no,0,0,yes,8d4aaf1d7,5393,0,0,no,6,2,,false,308,6,2026-08-22,2026-10-07,0
/blog/capital-gains-tax/estate-agent-fees-for-renting,https://www.propertytaxpartners.co.uk/blog/capital-gains-tax/estate-agent-fees-for-renting,INDEXED,Submitted and indexed,PASS,2026-08-22T08:44:50Z,MOBILE,SUCCESSFUL,https://www.propertytaxpartners.co.uk/blog/capital-gains-tax/estate-agent-fees-for-renting,https://www.propertytaxpartners.co.uk/blog/capital-gains-tax/estate-agent-fees-for-renting,,2,https://propertytaxpartners.co.uk/sitemap.xml;https://www.propertytaxpartners.co.uk/cost-of-selling-a-property,capital-gains-tax,no,2026-08,yes,2026-08-21,,2026-08-21,2026-08-21 | feat(property): Wave 12 RUN - 13 cost-of-selling pages ,2026-08-21,2,1,2026-08-21,2026-08-21,2212,2212,no,0,0,yes,8d4aaf1d7,5387,0,0,no,0,2,,true,238,0,2026-08-22,2026-10-07,0
/blog/capital-gains-tax/gifting-property-and-deed-of-gift-tax-implications,https://www.propertytaxpartners.co.uk/blog/capital-gains-tax/gifting-property-and-deed-of-gift-tax-implications,INDEXED,Submitted and indexed,PASS,2026-07-25T14:20:22Z,MOBILE,SUCCESSFUL,https://www.propertytaxpartners.co.uk/blog/capital-gains-tax/gifting-property-and-deed-of-gift-tax-implications,https://www.propertytaxpartners.co.uk/blog/capital-gains-tax/gifting-property-and-deed-of-gift-tax-implications,https://www.propertytaxpartners.co.uk/sitemap.xml,0,,capital-gains-tax,no,2026-07,yes,2026-07-09,2026-08-17,2026-07-09,2026-07-09 | Wave 10 A11: gifting-property-and-deed-of-gift-tax-impl,2026-07-09,7,1,2026-08-17,2026-08-17,4516,3471,yes,186,1,no,e222cf459,8027,234,27,yes,2,3,3,false,142,0,2026-07-26,2026-10-08,1
/blog/capital-gains-tax/hmrcs-nudge-letters-demand-urgent-review-of-gift-hold-over-relief-claim,https://www.propertytaxpartners.co.uk/blog/capital-gains-tax/hmrcs-nudge-letters-demand-urgent-review-of-gift-hold-over-relief-claim,CRAWLED_NOT_INDEXED,Crawled - currently not indexed,NEUTRAL,2026-05-29T00:22:05Z,MOBILE,SUCCESSFUL,https://www.propertytaxpartners.co.uk/blog/capital-gains-tax/hmrcs-nudge-letters-demand-urgent-review-of-gift-hold-over-relief-claim,https://www.propertytaxpartners.co.uk/blog/capital-gains-tax/hmrcs-nudge-letters-demand-urgent-review-of-gift-hold-over-relief-claim,https://www.propertytaxpartners.co.uk/sitemap.xml,1,https://www.propertytaxpartners.co.uk/sitemap.xml,capital-gains-tax,no,2026-05,yes,2026-05-28,2026-06-23,2026-05-28,2026-05-28 | MW3 RUN A: hmrcs-nudge-letters-demand-urgent-review-of-,2026-05-28,5,1,2026-06-07,2026-06-07,2450,2432,yes,15,1,no,059efd6b5,5153,0,0,no,0,3,,true,93,0,2026-05-29,2026-10-01,0
/blog/capital-gains-tax/hmrcs-nudge-letters-on-business-asset-disposal-relief,https://www.propertytaxpartners.co.uk/blog/capital-gains-tax/hmrcs-nudge-letters-on-business-asset-disposal-relief,CRAWLED_NOT_INDEXED,Crawled - currently not indexed,NEUTRAL,2026-05-29T00:03:31Z,MOBILE,SUCCESSFUL,https://www.propertytaxpartners.co.uk/blog/capital-gains-tax/hmrcs-nudge-letters-on-business-asset-disposal-relief,https://www.propertytaxpartners.co.uk/blog/capital-gains-tax/hmrcs-nudge-letters-on-business-asset-disposal-relief,https://www.propertytaxpartners.co.uk/sitemap.xml,1,https://www.propertytaxpartners.co.uk/sitemap.xml,capital-gains-tax,no,2026-05,yes,2026-05-28,2026-06-23,2026-05-28,2026-05-28 | MW3 RUN A: hmrcs-nudge-letters-on-business-asset-dispos,2026-05-28,4,0,,,2803,2803,no,0,0,yes,059efd6b5,5716,0,0,no,1,3,,false,26,0,2026-05-29,2026-09-08,0
/blog/capital-gains-tax/how-much-do-estate-agents-charge-to-sell-a-house,https://www.propertytaxpartners.co.uk/blog/capital-gains-tax/how-much-do-estate-agents-charge-to-sell-a-house,INDEXED,Submitted and indexed,PASS,2026-08-22T08:37:15Z,MOBILE,SUCCESSFUL,https://www.propertytaxpartners.co.uk/blog/capital-gains-tax/how-much-do-estate-agents-charge-to-sell-a-house,https://www.propertytaxpartners.co.uk/blog/capital-gains-tax/how-much-do-estate-agents-charge-to-sell-a-house,,1,https://propertytaxpartners.co.uk/sitemap.xml,capital-gains-tax,no,2026-08,yes,2026-08-21,,2026-08-21,2026-08-21 | feat(property): Wave 12 RUN - 13 cost-of-selling pages ,2026-08-21,2,1,2026-08-21,2026-08-21,2096,2096,no,0,0,yes,8d4aaf1d7,5647,14,0,no,12,2,,false,836,3,2026-08-23,2026-10-08,0
/blog/capital-gains-tax/inheriting-uk-rental-property-executors-step-by-step,https://www.propertytaxpartners.co.uk/blog/capital-gains-tax/inheriting-uk-rental-property-executors-step-by-step,INDEXED,Submitted and indexed,PASS,2026-09-24T17:38:44Z,MOBILE,SUCCESSFUL,https://www.propertytaxpartners.co.uk/blog/capital-gains-tax/inheriting-uk-rental-property-executors-step-by-step,https://www.propertytaxpartners.co.uk/blog/capital-gains-tax/inheriting-uk-rental-property-executors-step-by-step,https://www.propertytaxpartners.co.uk/sitemap.xml,2,https://www.propertytaxpartners.co.uk/feed.xml;https://www.propertytaxpartners.co.uk/blog/capital-gains-tax/temporary-non-residence-5-year-cgt-recapture-property,capital-gains-tax,no,2026-09,yes,2026-05-22,2026-06-23,2026-05-22,2026-05-22 | Wave 2 (IHT): write inheriting-uk-rental-property-execu,2026-05-23,4,0,,,3751,3751,no,0,0,yes,cdf893f2b,7832,0,0,no,6,2,4,false,386,7,2026-07-04,2026-10-08,0
/blog/capital-gains-tax/letting-relief-landlords-2026-changes,https://www.propertytaxpartners.co.uk/blog/capital-gains-tax/letting-relief-landlords-2026-changes,CRAWLED_NOT_INDEXED,Crawled - currently not indexed,NEUTRAL,2026-06-17T15:47:02Z,MOBILE,SUCCESSFUL,https://www.propertytaxpartners.co.uk/blog/capital-gains-tax/letting-relief-landlords-2026-changes,https://www.propertytaxpartners.co.uk/blog/capital-gains-tax/letting-relief-landlords-2026-changes,https://www.propertytaxpartners.co.uk/sitemap.xml,1,https://www.propertytaxpartners.co.uk/sitemap.xml,capital-gains-tax,no,2026-06,yes,2026-05-24,2026-08-20,2026-04-10,"2026-04-10 | Property site: add 148 blog posts, 2 new category hubs,",2026-04-10,10,3,2026-08-20,2026-08-20,4387,3060,yes,83,1,no,f4f6d9775,10128,151,4,no,7,2,4,false,1133,0,2026-04-11,2026-06-19,0
/blog/capital-gains-tax/modern-method-of-auction-explained,https://www.propertytaxpartners.co.uk/blog/capital-gains-tax/modern-method-of-auction-explained,INDEXED,Submitted and indexed,PASS,2026-08-22T09:12:11Z,MOBILE,SUCCESSFUL,https://www.propertytaxpartners.co.uk/blog/capital-gains-tax/modern-method-of-auction-explained,https://www.propertytaxpartners.co.uk/blog/capital-gains-tax/modern-method-of-auction-explained,,2,https://propertytaxpartners.co.uk/sitemap.xml;https://www.propertytaxpartners.co.uk/blog/capital-gains-tax/selling-a-house-at-auction-uk,capital-gains-tax,no,2026-08,yes,2026-08-21,,2026-08-21,2026-08-21 | feat(property): Wave 12 RUN - 13 cost-of-selling pages ,2026-08-21,2,1,2026-08-21,2026-08-21,2446,2446,no,0,0,yes,8d4aaf1d7,5050,0,0,no,2,2,,false,612,6,2026-08-22,2026-10-08,0
/blog/capital-gains-tax/online-estate-agents-uk,https://www.propertytaxpartners.co.uk/blog/capital-gains-tax/online-estate-agents-uk,INDEXED,Submitted and indexed,PASS,2026-08-22T07:16:40Z,MOBILE,SUCCESSFUL,https://www.propertytaxpartners.co.uk/blog/capital-gains-tax/online-estate-agents-uk,https://www.propertytaxpartners.co.uk/blog/capital-gains-tax/online-estate-agents-uk,,1,https://www.propertytaxpartners.co.uk/blog/capital-gains-tax/can-you-sell-a-house-without-an-estate-agent,capital-gains-tax,no,2026-08,yes,2026-08-21,,2026-08-21,2026-08-21 | feat(property): Wave 12 RUN - 13 cost-of-selling pages ,2026-08-21,2,1,2026-08-21,2026-08-21,2880,2880,no,0,0,yes,8d4aaf1d7,6146,0,0,no,8,2,,false,87,0,2026-08-22,2026-10-08,0
/blog/capital-gains-tax/part-exchange-house-uk,https://www.propertytaxpartners.co.uk/blog/capital-gains-tax/part-exchange-house-uk,INDEXED,Submitted and indexed,PASS,2026-08-23T14:32:37Z,MOBILE,SUCCESSFUL,https://www.propertytaxpartners.co.uk/blog/capital-gains-tax/part-exchange-house-uk,https://www.propertytaxpartners.co.uk/blog/capital-gains-tax/part-exchange-house-uk,,2,https://propertytaxpartners.co.uk/sitemap.xml;https://www.propertytaxpartners.co.uk/cost-of-selling-a-property,capital-gains-tax,no,2026-08,yes,2026-08-21,,2026-08-21,2026-08-21 | feat(property): Wave 12 RUN - 13 cost-of-selling pages ,2026-08-21,2,1,2026-08-21,2026-08-21,2653,2653,no,0,0,yes,8d4aaf1d7,6023,2,0,no,2,2,,false,833,14,2026-08-22,2026-10-08,0
/blog/capital-gains-tax/ppr-relief-calculation-former-home-step-by-step,https://www.propertytaxpartners.co.uk/blog/capital-gains-tax/ppr-relief-calculation-former-home-step-by-step,INDEXED,Submitted and indexed,PASS,2026-10-08T16:11:43Z,MOBILE,SUCCESSFUL,https://www.propertytaxpartners.co.uk/blog/capital-gains-tax/ppr-relief-calculation-former-home-step-by-step,https://www.propertytaxpartners.co.uk/blog/capital-gains-tax/ppr-relief-calculation-former-home-step-by-step,https://www.propertytaxpartners.co.uk/sitemap.xml,0,,capital-gains-tax,no,2026-10,yes,2026-05-21,,2026-04-10,"2026-04-10 | Property site: add 148 blog posts, 2 new category hubs,",2026-04-10,3,1,2026-04-11,2026-04-11,1304,1304,no,0,0,yes,e4cecef7d,3735,893,46,yes,4,2,4,false,2503,29,2026-05-16,2026-10-08,0
/blog/capital-gains-tax/principal-private-residence-relief-landlords,https://www.propertytaxpartners.co.uk/blog/capital-gains-tax/principal-private-residence-relief-landlords,CRAWLED_NOT_INDEXED,Crawled - currently not indexed,NEUTRAL,2026-05-15T07:54:06Z,MOBILE,SUCCESSFUL,,,https://www.propertytaxpartners.co.uk/sitemap.xml,1,https://www.propertytaxpartners.co.uk/sitemap.xml,capital-gains-tax,no,2026-05,yes,2026-05-24,2026-08-20,2026-03-29,2026-03-29 | Launch Property Tax Partners with 17 blog articles and ,2026-03-29,19,6,2026-08-20,2026-08-20,4810,1251,yes,338,3,no,80d51206c,11440,1227,60,yes,27,3,4,false,15,0,2026-05-16,2026-05-30,0
/blog/capital-gains-tax/property-capital-gains-tax-calculator,https://www.propertytaxpartners.co.uk/blog/capital-gains-tax/property-capital-gains-tax-calculator,CRAWLED_NOT_INDEXED,Crawled - currently not indexed,NEUTRAL,2026-05-15T09:04:56Z,MOBILE,SUCCESSFUL,,,https://www.propertytaxpartners.co.uk/sitemap.xml,1,https://www.propertytaxpartners.co.uk/sitemap.xml,capital-gains-tax,no,2026-05,yes,2026-04-01,2026-06-23,2026-04-01,2026-04-01 | content: add 52 Property blog posts (Phase 2 complete),2026-04-01,11,2,2026-05-31,2026-05-31,1406,699,yes,118,1,no,80d51206c,4075,0,0,no,3,2,4,false,1,0,2026-06-20,2026-06-20,0
/blog/capital-gains-tax/property-improvements-reduce-cgt-enhancement-expenditure,https://www.propertytaxpartners.co.uk/blog/capital-gains-tax/property-improvements-reduce-cgt-enhancement-expenditure,DISCOVERED_NOT_INDEXED,Discovered – currently not indexed,NEUTRAL,,CRAWLING_USER_AGENT_UNSPECIFIED,PAGE_FETCH_STATE_UNSPECIFIED,,,https://www.propertytaxpartners.co.uk/sitemap.xml,1,https://www.propertytaxpartners.co.uk/sitemap.xml,capital-gains-tax,no,,yes,2026-04-10,2026-06-23,2026-04-11,"2026-04-11 | Property site: deduplicate 241 blog posts, eliminate he",2026-04-11,5,1,2026-05-31,2026-05-31,2163,,,,,,,4939,932,70,yes,2,3,3,false,0,0,,,0
/blog/capital-gains-tax/reduce-cgt-property-disposal-uk,https://www.propertytaxpartners.co.uk/blog/capital-gains-tax/reduce-cgt-property-disposal-uk,INDEXED,Submitted and indexed,PASS,2026-10-04T15:42:29Z,MOBILE,SUCCESSFUL,https://www.propertytaxpartners.co.uk/blog/capital-gains-tax/reduce-cgt-property-disposal-uk,https://www.propertytaxpartners.co.uk/blog/capital-gains-tax/reduce-cgt-property-disposal-uk,https://www.propertytaxpartners.co.uk/sitemap.xml,1,https://www.propertytaxpartners.co.uk/sitemap.xml,capital-gains-tax,no,2026-10,yes,2026-05-24,2026-07-26,2026-03-29,2026-03-29 | Generate 27 new Property blog posts,2026-03-29,14,3,2026-05-24,2026-05-26,2977,2977,no,0,0,yes,b226ff381,7749,1,0,no,7,3,5,false,32,1,2026-05-22,2026-09-30,0
/blog/capital-gains-tax/rollover-relief-property-landlords,https://www.propertytaxpartners.co.uk/blog/capital-gains-tax/rollover-relief-property-landlords,CRAWLED_NOT_INDEXED,Crawled - currently not indexed,NEUTRAL,2026-05-29T20:01:07Z,MOBILE,SUCCESSFUL,https://www.propertytaxpartners.co.uk/blog/capital-gains-tax/rollover-relief-property-landlords,https://www.propertytaxpartners.co.uk/blog/capital-gains-tax/rollover-relief-property-landlords,,0,,capital-gains-tax,no,2026-05,yes,2026-05-24,2026-07-28,2026-04-10,"2026-04-10 | Property site: add 148 blog posts, 2 new category hubs,",2026-04-10,11,2,2026-05-24,2026-05-26,3341,3341,no,0,0,yes,f4f6d9775,7902,92,4,no,5,3,5,false,308,0,2026-05-30,2026-08-27,0
/blog/capital-gains-tax/sell-house-without-estate-agent,https://www.propertytaxpartners.co.uk/blog/capital-gains-tax/sell-house-without-estate-agent,INDEXED,Submitted and indexed,PASS,2026-08-22T09:26:43Z,MOBILE,SUCCESSFUL,https://www.propertytaxpartners.co.uk/blog/capital-gains-tax/sell-house-without-estate-agent,https://www.propertytaxpartners.co.uk/blog/capital-gains-tax/sell-house-without-estate-agent,,1,https://propertytaxpartners.co.uk/sitemap.xml,capital-gains-tax,no,2026-08,yes,2026-08-21,,2026-08-21,2026-08-21 | feat(property): Wave 12 RUN - 13 cost-of-selling pages ,2026-08-21,2,1,2026-08-21,2026-08-21,3269,3269,no,0,0,yes,8d4aaf1d7,6780,0,0,no,5,2,,false,73,0,2026-08-23,2026-10-08,0
/blog/capital-gains-tax/selling-a-house-at-auction-uk,https://www.propertytaxpartners.co.uk/blog/capital-gains-tax/selling-a-house-at-auction-uk,INDEXED,Submitted and indexed,PASS,2026-08-22T00:53:10Z,MOBILE,SUCCESSFUL,https://www.propertytaxpartners.co.uk/blog/capital-gains-tax/selling-a-house-at-auction-uk,https://www.propertytaxpartners.co.uk/blog/capital-gains-tax/selling-a-house-at-auction-uk,,1,https://www.propertytaxpartners.co.uk/cost-of-selling-a-property,capital-gains-tax,no,2026-08,yes,2026-08-21,,2026-08-21,2026-08-21 | feat(property): Wave 12 RUN - 13 cost-of-selling pages ,2026-08-21,2,1,2026-08-21,2026-08-21,2803,2803,no,0,0,yes,8d4aaf1d7,6054,0,0,no,2,2,,false,178,0,2026-08-22,2026-10-08,0
/blog/capital-gains-tax/selling-a-probate-property,https://www.propertytaxpartners.co.uk/blog/capital-gains-tax/selling-a-probate-property,INDEXED,Submitted and indexed,PASS,2026-09-30T08:54:33Z,MOBILE,SUCCESSFUL,https://www.propertytaxpartners.co.uk/blog/capital-gains-tax/selling-a-probate-property,https://www.propertytaxpartners.co.uk/blog/capital-gains-tax/selling-a-probate-property,,1,https://www.propertytaxpartners.co.uk/blog/capital-gains-tax/can-you-sell-a-house-without-an-estate-agent,capital-gains-tax,no,2026-09,yes,2026-08-21,,2026-08-21,2026-08-21 | feat(property): Wave 12 RUN - 13 cost-of-selling pages ,2026-08-21,2,1,2026-08-21,2026-08-21,2944,2944,no,0,0,yes,8d4aaf1d7,6448,0,0,no,2,2,,false,166,2,2026-08-22,2026-10-08,0
/blog/capital-gains-tax/tax-sell-rental-property-uk,https://www.propertytaxpartners.co.uk/blog/capital-gains-tax/tax-sell-rental-property-uk,CRAWLED_NOT_INDEXED,Crawled - currently not indexed,NEUTRAL,2026-07-03T13:39:36Z,MOBILE,SUCCESSFUL,https://www.propertytaxpartners.co.uk/blog/capital-gains-tax/tax-sell-rental-property-uk,https://www.propertytaxpartners.co.uk/blog/capital-gains-tax/tax-sell-rental-property-uk,https://www.propertytaxpartners.co.uk/sitemap.xml,1,https://www.propertytaxpartners.co.uk/feed.xml,capital-gains-tax,no,2026-07,yes,2026-04-10,2026-10-10,2026-04-10,"2026-04-10 | Property site: add 148 blog posts, 2 new category hubs,",2026-04-10,8,4,2026-10-10,not deployed,4038,2583,yes,52,1,no (edit not deployed),18b191ad8,5465,1490,295,yes,5,3,8,false,505,0,2026-05-15,2026-07-03,1
/blog/capital-gains-tax/temporary-non-residence-5-year-cgt-recapture-property,https://www.propertytaxpartners.co.uk/blog/capital-gains-tax/temporary-non-residence-5-year-cgt-recapture-property,INDEXED,Submitted and indexed,PASS,2026-10-04T17:53:56Z,MOBILE,SUCCESSFUL,https://www.propertytaxpartners.co.uk/blog/capital-gains-tax/temporary-non-residence-5-year-cgt-recapture-property,https://www.propertytaxpartners.co.uk/blog/capital-gains-tax/temporary-non-residence-5-year-cgt-recapture-property,https://www.propertytaxpartners.co.uk/sitemap.xml,1,https://www.propertytaxpartners.co.uk/blog/non-resident-landlord-tax/returning-to-uk-after-non-residence-property-portfolio,capital-gains-tax,no,2026-10,yes,2026-05-22,2026-06-23,2026-05-22,2026-05-22 | Wave 2 (Expat C4): write temporary-non-residence-5-year,2026-05-23,5,0,,,2822,2822,no,0,0,yes,b226ff381,6444,1,0,no,9,3,4,false,179,3,2026-05-23,2026-10-08,0
/blog/incorporation-and-company-structures,https://www.propertytaxpartners.co.uk/blog/incorporation-and-company-structures,CRAWLED_NOT_INDEXED,Crawled - currently not indexed,NEUTRAL,2026-07-07T04:18:21Z,MOBILE,SUCCESSFUL,https://www.propertytaxpartners.co.uk/blog/incorporation-and-company-structures,https://www.propertytaxpartners.co.uk/blog/incorporation-and-company-structures,https://www.propertytaxpartners.co.uk/sitemap.xml,2,https://www.propertytaxpartners.co.uk/blog/incorporation-and-company-structures/buy-to-let-limited-company-complete-guide-uk;https://www.propertytaxpartners.co.uk/sitemap.xml,blog-cat,no,2026-07,no,,,,,,,,,,27192,,,,,,,27192,0,0,no,0,2,,true,8,0,2026-05-11,2026-05-29,0
/blog/incorporation-and-company-structures/2027-tax-rates-incorporation-decision-property-landlords,https://www.propertytaxpartners.co.uk/blog/incorporation-and-company-structures/2027-tax-rates-incorporation-decision-property-landlords,CRAWLED_NOT_INDEXED,Crawled - currently not indexed,NEUTRAL,2026-07-23T00:10:14Z,MOBILE,SUCCESSFUL,https://www.propertytaxpartners.co.uk/blog/incorporation-and-company-structures/2027-tax-rates-incorporation-decision-property-landlords,https://www.propertytaxpartners.co.uk/blog/incorporation-and-company-structures/2027-tax-rates-incorporation-decision-property-landlords,https://www.propertytaxpartners.co.uk/sitemap.xml,0,,incorporation-and-company-structures,no,2026-07,yes,2026-04-10,2026-06-23,2026-04-10,"2026-04-10 | Property site: add 148 blog posts, 2 new category hubs,",2026-04-10,8,2,2026-06-02,2026-06-02,1978,1978,no,0,0,yes,cdf893f2b,4469,1,0,no,7,3,4,false,33,0,2026-06-20,2026-09-20,0
/blog/incorporation-and-company-structures/2027-tax-rates-incorporation-decision-uk-landlords,https://www.propertytaxpartners.co.uk/blog/incorporation-and-company-structures/2027-tax-rates-incorporation-decision-uk-landlords,CRAWLED_NOT_INDEXED,Crawled - currently not indexed,NEUTRAL,2026-05-29T10:25:16Z,MOBILE,SUCCESSFUL,https://www.propertytaxpartners.co.uk/blog/incorporation-and-company-structures/2027-tax-rates-incorporation-decision-uk-landlords,https://www.propertytaxpartners.co.uk/blog/incorporation-and-company-structures/2027-tax-rates-incorporation-decision-uk-landlords,https://www.propertytaxpartners.co.uk/sitemap.xml,0,,incorporation-and-company-structures,no,2026-05,yes,2026-04-10,2026-10-09,2026-04-10,"2026-04-10 | Property site: add 148 blog posts, 2 new category hubs,",2026-04-10,11,2,2026-06-01,2026-06-02,2437,1184,yes,166,1,no,195e895eb,5478,0,0,no,14,2,4,false,34,0,2026-05-30,2026-09-28,0
/blog/incorporation-and-company-structures/a-complete-guide-on-incorporating-a-company-in-uk,https://www.propertytaxpartners.co.uk/blog/incorporation-and-company-structures/a-complete-guide-on-incorporating-a-company-in-uk,CRAWLED_NOT_INDEXED,Crawled - currently not indexed,NEUTRAL,2026-07-04T03:23:37Z,MOBILE,SUCCESSFUL,https://www.propertytaxpartners.co.uk/blog/incorporation-and-company-structures/a-complete-guide-on-incorporating-a-company-in-uk,https://www.propertytaxpartners.co.uk/blog/incorporation-and-company-structures/a-complete-guide-on-incorporating-a-company-in-uk,,2,https://www.propertytaxpartners.co.uk/feed.xml;https://www.propertytaxpartners.co.uk/sitemap.xml,incorporation-and-company-structures,no,2026-07,yes,2026-05-27,2026-06-23,2026-05-27,2026-05-27 | MW2 M2-A-B1 A1: a-complete-guide-on-incorporating-a-com,2026-05-28,3,0,,,2684,2684,no,0,0,yes,cdf893f2b,7217,0,0,no,16,3,5,false,53,0,2026-05-30,2026-07-07,0
/blog/incorporation-and-company-structures/a-complete-guide-to-family-investment-companies-fics,https://www.propertytaxpartners.co.uk/blog/incorporation-and-company-structures/a-complete-guide-to-family-investment-companies-fics,CRAWLED_NOT_INDEXED,Crawled - currently not indexed,NEUTRAL,2026-07-17T16:27:32Z,MOBILE,SUCCESSFUL,https://www.propertytaxpartners.co.uk/blog/incorporation-and-company-structures/a-complete-guide-to-family-investment-companies-fics,https://www.propertytaxpartners.co.uk/blog/incorporation-and-company-structures/a-complete-guide-to-family-investment-companies-fics,,1,https://www.propertytaxpartners.co.uk/sitemap.xml,incorporation-and-company-structures,no,2026-07,yes,2026-05-27,2026-06-23,2026-05-27,2026-05-27 | MW2 RUN B-B1: a-complete-guide-to-family-investment-com,2026-05-28,3,0,,,3026,3026,no,0,0,yes,cdf893f2b,6546,1,0,no,8,3,5,false,181,0,2026-05-30,2026-08-26,0
/blog/incorporation-and-company-structures/a-complete-guide-to-identity-verification-in-uk,https://www.propertytaxpartners.co.uk/blog/incorporation-and-company-structures/a-complete-guide-to-identity-verification-in-uk,CRAWLED_NOT_INDEXED,Crawled - currently not indexed,NEUTRAL,2026-07-13T03:22:50Z,MOBILE,SUCCESSFUL,https://www.propertytaxpartners.co.uk/blog/incorporation-and-company-structures/a-complete-guide-to-identity-verification-in-uk,https://www.propertytaxpartners.co.uk/blog/incorporation-and-company-structures/a-complete-guide-to-identity-verification-in-uk,https://www.propertytaxpartners.co.uk/sitemap.xml,1,https://www.propertytaxpartners.co.uk/sitemap.xml,incorporation-and-company-structures,no,2026-07,yes,2026-05-27,2026-08-18,2026-05-27,2026-05-27 | MW2 RUN B-B1: a-complete-guide-to-identity-verification,2026-05-28,4,1,2026-08-18,2026-08-18,2733,2604,yes,16,1,no,cdf893f2b,6076,48,1,no,11,3,5,false,148,0,2026-06-01,2026-09-12,0
/blog/incorporation-and-company-structures/a-guide-for-shareholders-in-the-uk,https://www.propertytaxpartners.co.uk/blog/incorporation-and-company-structures/a-guide-for-shareholders-in-the-uk,CRAWLED_NOT_INDEXED,Crawled - currently not indexed,NEUTRAL,2026-07-04T02:04:25Z,MOBILE,SUCCESSFUL,https://www.propertytaxpartners.co.uk/blog/incorporation-and-company-structures/a-guide-for-shareholders-in-the-uk,https://www.propertytaxpartners.co.uk/blog/incorporation-and-company-structures/a-guide-for-shareholders-in-the-uk,https://www.propertytaxpartners.co.uk/sitemap.xml,2,https://www.propertytaxpartners.co.uk/feed.xml;https://www.propertytaxpartners.co.uk/sitemap.xml,incorporation-and-company-structures,no,2026-07,yes,2026-05-27,2026-07-26,2026-05-27,2026-05-27 | MW2 M2-A-B1 A2: a-guide-for-shareholders-in-the-uk - ri,2026-05-28,5,0,,,2338,2338,no,0,0,yes,cdf893f2b,6671,0,0,no,4,3,6,false,29,0,2026-06-05,2026-07-02,0
/blog/incorporation-and-company-structures/accountant-corporation-tax-property-companies,https://www.propertytaxpartners.co.uk/blog/incorporation-and-company-structures/accountant-corporation-tax-property-companies,CRAWLED_NOT_INDEXED,Crawled - currently not indexed,NEUTRAL,2026-07-04T02:21:51Z,MOBILE,SUCCESSFUL,https://www.propertytaxpartners.co.uk/blog/incorporation-and-company-structures/accountant-corporation-tax-property-companies,https://www.propertytaxpartners.co.uk/blog/incorporation-and-company-structures/accountant-corporation-tax-property-companies,https://www.propertytaxpartners.co.uk/sitemap.xml,2,https://www.propertytaxpartners.co.uk/feed.xml;https://www.propertytaxpartners.co.uk/sitemap.xml,incorporation-and-company-structures,no,2026-07,yes,2026-04-01,2026-06-23,2026-04-01,2026-04-01 | Add Phase 1 and Phase 2 content generation: 67 new blog,2026-03-31,10,3,2026-06-01,2026-06-02,2709,2709,no,0,0,yes,cdf893f2b,5888,0,0,no,8,3,5,false,1,0,2026-04-17,2026-04-17,0
/blog/incorporation-and-company-structures/accountant-payroll-services,https://www.propertytaxpartners.co.uk/blog/incorporation-and-company-structures/accountant-payroll-services,INDEXED,Submitted and indexed,PASS,2026-09-30T19:35:22Z,MOBILE,SUCCESSFUL,https://www.propertytaxpartners.co.uk/blog/incorporation-and-company-structures/accountant-payroll-services,https://www.propertytaxpartners.co.uk/blog/incorporation-and-company-structures/accountant-payroll-services,,2,https://www.propertytaxpartners.co.uk/feed.xml;https://www.propertytaxpartners.co.uk/sitemap.xml,incorporation-and-company-structures,no,2026-09,yes,2026-05-29,2026-07-26,2026-04-01,2026-04-01 | Cleanup: Organize files and fix generation scripts,2026-04-01,11,2,2026-05-29,2026-05-29,2672,2672,no,0,0,yes,b226ff381,5813,0,0,no,2,3,7,false,5,0,2026-05-16,2026-06-29,0
/blog/incorporation-and-company-structures/alphabet-shares-property-spv-dividend-splitting-spouse-children,https://www.propertytaxpartners.co.uk/blog/incorporation-and-company-structures/alphabet-shares-property-spv-dividend-splitting-spouse-children,INDEXED,Submitted and indexed,PASS,2026-09-16T10:14:08Z,MOBILE,SUCCESSFUL,https://www.propertytaxpartners.co.uk/blog/incorporation-and-company-structures/alphabet-shares-property-spv-dividend-splitting-spouse-children,https://www.propertytaxpartners.co.uk/blog/incorporation-and-company-structures/alphabet-shares-property-spv-dividend-splitting-spouse-children,https://www.propertytaxpartners.co.uk/sitemap.xml,1,https://www.propertytaxpartners.co.uk/sitemap.xml,incorporation-and-company-structures,no,2026-09,yes,2026-05-23,2026-06-23,2026-05-23,2026-05-23 | Wave 4 A2: alphabet-shares-property-spv-dividend-splitt,2026-05-26,4,1,2026-05-23,2026-05-26,3218,3218,no,0,0,yes,cdf893f2b,7907,0,0,no,17,3,4,false,1508,15,2026-05-27,2026-10-08,0
/blog/incorporation-and-company-structures/anti-avoidance-rules-share-exchanges-and-reorganisations,https://www.propertytaxpartners.co.uk/blog/incorporation-and-company-structures/anti-avoidance-rules-share-exchanges-and-reorganisations,CRAWLED_NOT_INDEXED,Crawled - currently not indexed,NEUTRAL,2026-07-05T07:55:59Z,MOBILE,SUCCESSFUL,https://www.propertytaxpartners.co.uk/blog/incorporation-and-company-structures/anti-avoidance-rules-share-exchanges-and-reorganisations,https://www.propertytaxpartners.co.uk/blog/incorporation-and-company-structures/anti-avoidance-rules-share-exchanges-and-reorganisations,https://www.propertytaxpartners.co.uk/sitemap.xml,1,https://www.propertytaxpartners.co.uk/sitemap.xml,incorporation-and-company-structures,no,2026-07,yes,2026-05-28,2026-08-18,2026-05-28,2026-05-28 | MegaWave 3 RUN C: anti-avoidance-rules-share-exchanges-,2026-05-28,4,1,2026-08-18,2026-08-18,3387,2605,yes,18,1,no,cdf893f2b,7007,7,0,no,0,3,,true,290,0,2026-06-01,2026-07-06,0
/blog/incorporation-and-company-structures/are-landlords-really-leaving-net-formation-data,https://www.propertytaxpartners.co.uk/blog/incorporation-and-company-structures/are-landlords-really-leaving-net-formation-data,INDEXED,Submitted and indexed,PASS,2026-09-03T03:42:12Z,MOBILE,SUCCESSFUL,https://www.propertytaxpartners.co.uk/blog/incorporation-and-company-structures/are-landlords-really-leaving-net-formation-data,https://www.propertytaxpartners.co.uk/blog/incorporation-and-company-structures/are-landlords-really-leaving-net-formation-data,,1,https://www.propertytaxpartners.co.uk/blog/incorporation-and-company-structures/companies-house-reforms,incorporation-and-company-structures,no,2026-09,yes,2026-09-02,2026-09-02,2026-09-02,2026-09-02 | feat(property): UK SPV Incorporation Index - data engin,2026-09-02,1,0,,,1362,1362,no,0,0,yes,e5338e999,4415,0,0,no,2,1,,false,30,1,2026-09-03,2026-10-02,0
/blog/incorporation-and-company-structures/ated-15-percent-flat-rate-sdlt-interaction,https://www.propertytaxpartners.co.uk/blog/incorporation-and-company-structures/ated-15-percent-flat-rate-sdlt-interaction,INDEXED,Submitted and indexed,PASS,2026-08-30T07:05:08Z,MOBILE,SUCCESSFUL,https://www.propertytaxpartners.co.uk/blog/incorporation-and-company-structures/ated-15-percent-flat-rate-sdlt-interaction,https://www.propertytaxpartners.co.uk/blog/incorporation-and-company-structures/ated-15-percent-flat-rate-sdlt-interaction,https://www.propertytaxpartners.co.uk/sitemap.xml,2,https://www.propertytaxpartners.co.uk/feed.xml;https://www.propertytaxpartners.co.uk/sitemap.xml,incorporation-and-company-structures,no,2026-08,yes,2026-05-22,2026-08-04,2026-05-22,2026-05-22 | Track 1 (ATED): write ated-15-percent-flat-rate-sdlt-in,2026-05-23,6,1,2026-08-04,2026-08-05,2600,2609,no,1,0,yes,bb637a9d5,5363,1,0,no,10,2,4,false,225,2,2026-05-31,2026-10-07,0
/blog/incorporation-and-company-structures/ated-complete-guide-2026-27,https://www.propertytaxpartners.co.uk/blog/incorporation-and-company-structures/ated-complete-guide-2026-27,INDEXED,Submitted and indexed,PASS,2026-09-17T14:17:59Z,MOBILE,SUCCESSFUL,https://www.propertytaxpartners.co.uk/blog/incorporation-and-company-structures/ated-complete-guide-2026-27,https://www.propertytaxpartners.co.uk/blog/incorporation-and-company-structures/ated-complete-guide-2026-27,https://www.propertytaxpartners.co.uk/sitemap.xml,1,https://www.propertytaxpartners.co.uk/sitemap.xml,incorporation-and-company-structures,no,2026-09,yes,'2026-05-22',2026-08-04,2026-05-22,2026-05-22 | Track 1 (ATED): write ated-complete-guide-2026-27 (C10 ,2026-05-23,9,0,,,3235,3237,no,1,0,yes,bb637a9d5,6145,63,0,no,25,1,4,false,4068,16,2026-05-23,2026-10-08,0
/blog/incorporation-and-company-structures/ated-late-filing-penalties-mechanics,https://www.propertytaxpartners.co.uk/blog/incorporation-and-company-structures/ated-late-filing-penalties-mechanics,INDEXED,Submitted and indexed,PASS,2026-10-02T18:01:37Z,MOBILE,SUCCESSFUL,https://www.propertytaxpartners.co.uk/blog/incorporation-and-company-structures/ated-late-filing-penalties-mechanics,https://www.propertytaxpartners.co.uk/blog/incorporation-and-company-structures/ated-late-filing-penalties-mechanics,,1,https://www.propertytaxpartners.co.uk/sitemap.xml,incorporation-and-company-structures,no,2026-10,yes,2026-05-22,2026-07-26,2026-05-22,2026-05-22 | Track 1 (ATED): write ated-late-filing-penalties-mechan,2026-05-23,5,0,,,2322,2322,no,0,0,yes,b226ff381,5127,20,0,no,8,2,4,false,686,11,2026-05-30,2026-10-08,0
/blog/incorporation-and-company-structures/ated-late-filing-penalty-appeal-reasonable-excuse,https://www.propertytaxpartners.co.uk/blog/incorporation-and-company-structures/ated-late-filing-penalty-appeal-reasonable-excuse,CRAWLED_NOT_INDEXED,Crawled - currently not indexed,NEUTRAL,2026-05-27T08:27:58Z,MOBILE,SUCCESSFUL,https://www.propertytaxpartners.co.uk/blog/incorporation-and-company-structures/ated-late-filing-penalty-appeal-reasonable-excuse,https://www.propertytaxpartners.co.uk/blog/incorporation-and-company-structures/ated-late-filing-penalty-appeal-reasonable-excuse,https://www.propertytaxpartners.co.uk/sitemap.xml,2,https://www.propertytaxpartners.co.uk/feed.xml;https://www.propertytaxpartners.co.uk/sitemap.xml,incorporation-and-company-structures,no,2026-05,yes,2026-05-23,2026-07-26,2026-05-23,2026-05-23 | Wave 3 A9 (ATED): ated-late-filing-penalty-appeal-reaso,2026-05-23,4,0,,,2615,2615,no,1,0,yes,2b8d09d55,6234,6,1,no,6,2,5,false,271,3,2026-05-28,2026-09-23,0
/blog/incorporation-and-company-structures/ated-mixed-use-property-apportionment-treatment,https://www.propertytaxpartners.co.uk/blog/incorporation-and-company-structures/ated-mixed-use-property-apportionment-treatment,CRAWLED_NOT_INDEXED,Crawled - currently not indexed,NEUTRAL,2026-07-01T03:39:14Z,MOBILE,SUCCESSFUL,https://www.propertytaxpartners.co.uk/blog/incorporation-and-company-structures/ated-mixed-use-property-apportionment-treatment,https://www.propertytaxpartners.co.uk/blog/incorporation-and-company-structures/ated-mixed-use-property-apportionment-treatment,https://www.propertytaxpartners.co.uk/sitemap.xml,1,https://www.propertytaxpartners.co.uk/sitemap.xml,incorporation-and-company-structures,no,2026-07,yes,2026-05-22,2026-07-26,2026-05-22,2026-05-22 | Wave 3 A6 (ATED): ated-mixed-use-property-apportionment,2026-05-23,4,0,,,3270,3270,no,2,0,yes,cdf893f2b,6922,0,0,no,4,3,6,false,34,0,2026-05-27,2026-07-02,0
/blog/incorporation-and-company-structures/ated-overseas-companies-voluntary-compliance-otm-letters,https://www.propertytaxpartners.co.uk/blog/incorporation-and-company-structures/ated-overseas-companies-voluntary-compliance-otm-letters,CRAWLED_NOT_INDEXED,Crawled - currently not indexed,NEUTRAL,2026-07-01T03:50:20Z,MOBILE,SUCCESSFUL,https://www.propertytaxpartners.co.uk/blog/incorporation-and-company-structures/ated-overseas-companies-voluntary-compliance-otm-letters,https://www.propertytaxpartners.co.uk/blog/incorporation-and-company-structures/ated-overseas-companies-voluntary-compliance-otm-letters,https://www.propertytaxpartners.co.uk/sitemap.xml,2,https://www.propertytaxpartners.co.uk/blog/incorporation-and-company-structures/ated-late-filing-penalty-appeal-reasonable-excuse;https://www.propertytaxpartners.co.uk/sitemap.xml,incorporation-and-company-structures,no,2026-07,yes,2026-05-23,2026-07-26,2026-05-22,2026-05-22 | Wave 3 A8 (ATED): ated-overseas-companies-voluntary-com,2026-05-23,4,0,,,2928,2928,no,2,0,yes,cdf893f2b,6610,2,0,no,5,3,5,false,47,0,2026-05-25,2026-07-01,0
/blog/incorporation-and-company-structures/ated-overview-companies-holding-uk-residential-property-2026-27,https://www.propertytaxpartners.co.uk/blog/incorporation-and-company-structures/ated-overview-companies-holding-uk-residential-property-2026-27,CRAWLED_NOT_INDEXED,Crawled - currently not indexed,NEUTRAL,2026-07-03T14:53:10Z,MOBILE,SUCCESSFUL,https://www.propertytaxpartners.co.uk/blog/incorporation-and-company-structures/ated-overview-companies-holding-uk-residential-property-2026-27,https://www.propertytaxpartners.co.uk/blog/incorporation-and-company-structures/ated-overview-companies-holding-uk-residential-property-2026-27,https://www.propertytaxpartners.co.uk/sitemap.xml,2,https://www.propertytaxpartners.co.uk/feed.xml;https://www.propertytaxpartners.co.uk/sitemap.xml,incorporation-and-company-structures,no,2026-07,yes,2026-05-22,2026-08-04,2026-05-22,2026-05-22 | Wave 3 A1 (ATED): ated-overview-companies-holding-uk-re,2026-05-23,5,0,,,3359,3335,no,9,0,yes,cdf893f2b,7041,0,0,no,13,2,3,false,16,0,2026-05-29,2026-07-05,1
/blog/incorporation-and-company-structures/ated-rates-2026-27-bands-table-worked-examples,https://www.propertytaxpartners.co.uk/blog/incorporation-and-company-structures/ated-rates-2026-27-bands-table-worked-examples,CRAWLED_NOT_INDEXED,Crawled - currently not indexed,NEUTRAL,2026-07-04T14:30:59Z,MOBILE,SUCCESSFUL,https://www.propertytaxpartners.co.uk/blog/incorporation-and-company-structures/ated-rates-2026-27-bands-table-worked-examples,https://www.propertytaxpartners.co.uk/blog/incorporation-and-company-structures/ated-rates-2026-27-bands-table-worked-examples,https://www.propertytaxpartners.co.uk/sitemap.xml,2,https://www.propertytaxpartners.co.uk/feed.xml;https://www.propertytaxpartners.co.uk/sitemap.xml,incorporation-and-company-structures,no,2026-07,yes,2026-05-22,2026-07-26,2026-05-22,2026-05-22 | Wave 3 A2 (ATED): ated-rates-2026-27-bands-table-worked,2026-05-23,5,1,2026-06-06,2026-06-07,2840,2840,no,1,0,yes,cdf893f2b,5869,275,2,no,10,3,6,false,95,1,2026-05-27,2026-07-07,0
/blog/incorporation-and-company-structures/ated-relief-clawback-occupation-non-qualifying-individual,https://www.propertytaxpartners.co.uk/blog/incorporation-and-company-structures/ated-relief-clawback-occupation-non-qualifying-individual,CRAWLED_NOT_INDEXED,Crawled - currently not indexed,NEUTRAL,2026-05-23T10:53:28Z,MOBILE,SUCCESSFUL,https://www.propertytaxpartners.co.uk/blog/incorporation-and-company-structures/ated-relief-clawback-occupation-non-qualifying-individual,https://www.propertytaxpartners.co.uk/blog/incorporation-and-company-structures/ated-relief-clawback-occupation-non-qualifying-individual,,1,https://www.propertytaxpartners.co.uk/sitemap.xml,incorporation-and-company-structures,no,2026-05,yes,2026-05-22,2026-07-26,2026-05-22,2026-05-22 | Wave 3 A3 (ATED): ated-relief-clawback-occupation-non-q,2026-05-23,4,0,,,2279,2279,no,1,0,yes,1972a8b49,5962,0,0,no,4,3,5,false,224,0,2026-05-23,2026-08-07,0
/blog/incorporation-and-company-structures/ated-relief-related-persons-market-rent-test,https://www.propertytaxpartners.co.uk/blog/incorporation-and-company-structures/ated-relief-related-persons-market-rent-test,INDEXED,Submitted and indexed,PASS,2026-09-10T04:24:39Z,MOBILE,SUCCESSFUL,https://www.propertytaxpartners.co.uk/blog/incorporation-and-company-structures/ated-relief-related-persons-market-rent-test,https://www.propertytaxpartners.co.uk/blog/incorporation-and-company-structures/ated-relief-related-persons-market-rent-test,https://www.propertytaxpartners.co.uk/sitemap.xml,2,https://www.propertytaxpartners.co.uk/feed.xml;https://www.propertytaxpartners.co.uk/sitemap.xml,incorporation-and-company-structures,no,2026-09,yes,2026-05-22,2026-07-26,2026-05-22,2026-05-22 | Wave 3 A4 (ATED): ated-relief-related-persons-market-re,2026-05-23,4,0,,,2032,2032,no,0,0,yes,c218d7a69,5527,0,0,no,4,3,5,false,161,3,2026-05-27,2026-10-07,0
/blog/incorporation-and-company-structures/ated-rental-property-relief-mechanics,https://www.propertytaxpartners.co.uk/blog/incorporation-and-company-structures/ated-rental-property-relief-mechanics,CRAWLED_NOT_INDEXED,Crawled - currently not indexed,NEUTRAL,2026-07-24T02:40:59Z,MOBILE,SUCCESSFUL,https://www.propertytaxpartners.co.uk/blog/incorporation-and-company-structures/ated-rental-property-relief-mechanics,https://www.propertytaxpartners.co.uk/blog/incorporation-and-company-structures/ated-rental-property-relief-mechanics,https://www.propertytaxpartners.co.uk/sitemap.xml,1,https://www.propertytaxpartners.co.uk/sitemap.xml,incorporation-and-company-structures,no,2026-07,yes,2026-05-22,2026-07-28,2026-05-22,2026-05-22 | Track 1 (ATED): write ated-rental-property-relief-mecha,2026-05-23,7,0,,,2490,2490,no,0,0,yes,cdf893f2b,5015,0,0,no,14,2,4,false,234,1,2026-05-28,2026-09-28,0
/blog/incorporation-and-company-structures/ated-return-amendment-corrections-procedure,https://www.propertytaxpartners.co.uk/blog/incorporation-and-company-structures/ated-return-amendment-corrections-procedure,INDEXED,Submitted and indexed,PASS,2026-10-07T10:56:57Z,MOBILE,SUCCESSFUL,https://www.propertytaxpartners.co.uk/blog/incorporation-and-company-structures/ated-return-amendment-corrections-procedure,https://www.propertytaxpartners.co.uk/blog/incorporation-and-company-structures/ated-return-amendment-corrections-procedure,https://www.propertytaxpartners.co.uk/sitemap.xml,0,,incorporation-and-company-structures,no,2026-10,yes,2026-05-22,2026-07-26,2026-05-22,2026-05-22 | Wave 3 A5 (ATED): ated-return-amendment-corrections-pro,2026-05-23,5,1,2026-06-07,2026-06-07,2185,2185,no,0,0,yes,b226ff381,5585,0,0,no,6,2,5,false,747,14,2026-05-24,2026-10-08,0
/blog/incorporation-and-company-structures/ated-six-step-compliance-walkthrough-uk-non-natural-persons,https://www.propertytaxpartners.co.uk/blog/incorporation-and-company-structures/ated-six-step-compliance-walkthrough-uk-non-natural-persons,CRAWLED_NOT_INDEXED,Crawled - currently not indexed,NEUTRAL,2026-08-07T08:34:31Z,MOBILE,SUCCESSFUL,https://www.propertytaxpartners.co.uk/blog/incorporation-and-company-structures/ated-six-step-compliance-walkthrough-uk-non-natural-persons,https://www.propertytaxpartners.co.uk/blog/incorporation-and-company-structures/ated-six-step-compliance-walkthrough-uk-non-natural-persons,https://www.propertytaxpartners.co.uk/sitemap.xml,1,https://www.propertytaxpartners.co.uk/feed.xml,incorporation-and-company-structures,no,2026-08,yes,2026-05-23,2026-07-26,2026-05-23,2026-05-23 | Wave 3 A10 (ATED): ated-six-step-compliance-walkthrough,2026-05-23,5,1,2026-06-06,2026-06-07,2336,2336,no,0,0,yes,c218d7a69,5803,0,0,no,1,3,8,false,94,0,2026-05-26,2026-09-28,0
/blog/incorporation-and-company-structures/ated-valuation-date-rules-2027-revaluation,https://www.propertytaxpartners.co.uk/blog/incorporation-and-company-structures/ated-valuation-date-rules-2027-revaluation,CRAWLED_NOT_INDEXED,Crawled - currently not indexed,NEUTRAL,2026-07-01T08:37:26Z,MOBILE,SUCCESSFUL,https://www.propertytaxpartners.co.uk/blog/incorporation-and-company-structures/ated-valuation-date-rules-2027-revaluation,https://www.propertytaxpartners.co.uk/blog/incorporation-and-company-structures/ated-valuation-date-rules-2027-revaluation,https://www.propertytaxpartners.co.uk/sitemap.xml,2,https://www.propertytaxpartners.co.uk/feed.xml;https://www.propertytaxpartners.co.uk/sitemap.xml,incorporation-and-company-structures,no,2026-07,yes,2026-05-22,2026-07-28,2026-05-22,2026-05-22 | Wave 3 A7 (ATED): ated-valuation-date-rules-2027-revalu,2026-05-23,5,0,,,2713,2713,no,1,0,yes,cdf893f2b,6104,49,3,no,5,2,5,false,41,0,2026-05-29,2026-07-01,0
/blog/incorporation-and-company-structures/bare-trust-vs-nominee-company-vs-formal-trust-decision-property-investors,https://www.propertytaxpartners.co.uk/blog/incorporation-and-company-structures/bare-trust-vs-nominee-company-vs-formal-trust-decision-property-investors,CRAWLED_NOT_INDEXED,Crawled - currently not indexed,NEUTRAL,2026-07-21T11:55:45Z,MOBILE,SUCCESSFUL,https://www.propertytaxpartners.co.uk/blog/incorporation-and-company-structures/bare-trust-vs-nominee-company-vs-formal-trust-decision-property-investors,https://www.propertytaxpartners.co.uk/blog/incorporation-and-company-structures/bare-trust-vs-nominee-company-vs-formal-trust-decision-property-investors,https://www.propertytaxpartners.co.uk/sitemap.xml,1,https://www.propertytaxpartners.co.uk/sitemap.xml,incorporation-and-company-structures,no,2026-07,yes,2026-05-23,2026-06-23,2026-05-23,2026-05-23 | Wave 6 B6: bare-trust vs nominee company vs formal trus,2026-05-26,4,0,,,4449,4449,no,0,0,yes,cdf893f2b,8768,0,0,no,5,3,4,false,111,1,2026-05-28,2026-07-24,0
/blog/incorporation-and-company-structures/btl-limited-company-year-end-date-changing-tax-planning,https://www.propertytaxpartners.co.uk/blog/incorporation-and-company-structures/btl-limited-company-year-end-date-changing-tax-planning,CRAWLED_NOT_INDEXED,Crawled - currently not indexed,NEUTRAL,2026-07-03T22:04:07Z,MOBILE,SUCCESSFUL,https://www.propertytaxpartners.co.uk/blog/incorporation-and-company-structures/btl-limited-company-year-end-date-changing-tax-planning,https://www.propertytaxpartners.co.uk/blog/incorporation-and-company-structures/btl-limited-company-year-end-date-changing-tax-planning,https://www.propertytaxpartners.co.uk/sitemap.xml,2,https://www.propertytaxpartners.co.uk/feed.xml;https://www.propertytaxpartners.co.uk/sitemap.xml,incorporation-and-company-structures,no,2026-07,yes,2026-05-23,2026-09-27,2026-05-23,2026-05-23 | Wave 4 A3: btl-limited-company-year-end-date-changing-t,2026-05-26,7,0,,,2692,2630,no,1,0,yes,cdf893f2b,7444,0,0,no,4,3,4,false,14,0,2026-05-27,2026-07-06,0
/blog/incorporation-and-company-structures/btl-spv-directors-loan-repayment-strategy-tax-efficient-extraction,https://www.propertytaxpartners.co.uk/blog/incorporation-and-company-structures/btl-spv-directors-loan-repayment-strategy-tax-efficient-extraction,CRAWLED_NOT_INDEXED,Crawled - currently not indexed,NEUTRAL,2026-05-27T04:36:32Z,MOBILE,SUCCESSFUL,https://www.propertytaxpartners.co.uk/blog/incorporation-and-company-structures/btl-spv-directors-loan-repayment-strategy-tax-efficient-extraction,https://www.propertytaxpartners.co.uk/blog/incorporation-and-company-structures/btl-spv-directors-loan-repayment-strategy-tax-efficient-extraction,,1,https://www.propertytaxpartners.co.uk/sitemap.xml,incorporation-and-company-structures,no,2026-05,yes,2026-05-23,2026-09-27,2026-05-23,2026-05-23 | Wave 4 A1: btl-spv-directors-loan-repayment-strategy-ta,2026-05-26,8,0,,,3832,3788,no,2,0,yes,5a218f511,8313,0,0,no,18,3,4,false,25,0,2026-05-30,2026-08-15,0
/blog/incorporation-and-company-structures/buy-to-let-limited-company-complete-guide-uk,https://www.propertytaxpartners.co.uk/blog/incorporation-and-company-structures/buy-to-let-limited-company-complete-guide-uk,INDEXED,Submitted and indexed,PASS,2026-08-22T23:13:34Z,MOBILE,SUCCESSFUL,https://www.propertytaxpartners.co.uk/blog/incorporation-and-company-structures/buy-to-let-limited-company-complete-guide-uk,https://www.propertytaxpartners.co.uk/blog/incorporation-and-company-structures/buy-to-let-limited-company-complete-guide-uk,,2,https://www.propertytaxpartners.co.uk/feed.xml;https://www.propertytaxpartners.co.uk/blog/incorporation-and-company-structures/when-to-incorporate-property-portfolio-timing,incorporation-and-company-structures,no,2026-08,yes,2026-05-21,2026-10-10,2026-04-01,2026-04-01 | content: add 52 Property blog posts (Phase 2 complete),2026-04-01,19,3,2026-06-06,2026-06-07,3254,3213,no,2,0,yes,c218d7a69,7242,160,8,no,210,1,2,false,1093,5,2026-05-17,2026-10-08,2
/blog/incorporation-and-company-structures/buy-to-let-limited-company-mortgage-options,https://www.propertytaxpartners.co.uk/blog/incorporation-and-company-structures/buy-to-let-limited-company-mortgage-options,INDEXED,Submitted and indexed,PASS,2026-10-02T10:03:12Z,MOBILE,SUCCESSFUL,https://www.propertytaxpartners.co.uk/blog/incorporation-and-company-structures/buy-to-let-limited-company-mortgage-options,https://www.propertytaxpartners.co.uk/blog/incorporation-and-company-structures/buy-to-let-limited-company-mortgage-options,https://www.propertytaxpartners.co.uk/sitemap.xml,2,https://www.propertytaxpartners.co.uk/feed.xml;https://www.propertytaxpartners.co.uk/sitemap.xml,incorporation-and-company-structures,no,2026-10,yes,2026-04-01,2026-06-23,2026-04-01,2026-04-01 | content: add 52 Property blog posts (Phase 2 complete),2026-04-01,12,3,2026-06-02,2026-06-02,2659,2659,no,0,0,yes,b226ff381,5666,2,0,no,5,3,5,false,6,0,2026-05-16,2026-07-30,0
/blog/incorporation-and-company-structures/buy-to-let-limited-company-mortgage-rates-2026-market-guide,https://www.propertytaxpartners.co.uk/blog/incorporation-and-company-structures/buy-to-let-limited-company-mortgage-rates-2026-market-guide,INDEXED,Submitted and indexed,PASS,2026-10-02T11:10:51Z,MOBILE,SUCCESSFUL,https://www.propertytaxpartners.co.uk/blog/incorporation-and-company-structures/buy-to-let-limited-company-mortgage-rates-2026-market-guide,https://www.propertytaxpartners.co.uk/blog/incorporation-and-company-structures/buy-to-let-limited-company-mortgage-rates-2026-market-guide,https://www.propertytaxpartners.co.uk/sitemap.xml,1,https://www.propertytaxpartners.co.uk/feed.xml,incorporation-and-company-structures,no,2026-10,yes,2026-05-21,,2026-04-10,"2026-04-10 | Property site: add 148 blog posts, 2 new category hubs,",2026-04-10,3,2,2026-05-21,2026-05-23,1456,1456,no,0,0,yes,e4cecef7d,4021,2,0,no,4,3,5,false,542,0,2026-05-16,2026-10-08,0
/blog/incorporation-and-company-structures/can-uk-landlords-still-use-llp-to-reduce-tax,https://www.propertytaxpartners.co.uk/blog/incorporation-and-company-structures/can-uk-landlords-still-use-llp-to-reduce-tax,CRAWLED_NOT_INDEXED,Crawled - currently not indexed,NEUTRAL,2026-07-05T22:21:20Z,MOBILE,SUCCESSFUL,https://www.propertytaxpartners.co.uk/blog/incorporation-and-company-structures/can-uk-landlords-still-use-llp-to-reduce-tax,https://www.propertytaxpartners.co.uk/blog/incorporation-and-company-structures/can-uk-landlords-still-use-llp-to-reduce-tax,,1,https://www.propertytaxpartners.co.uk/sitemap.xml,incorporation-and-company-structures,no,2026-07,yes,2026-05-28,2026-06-23,2026-05-28,2026-05-28 | MegaWave 3 RUN C: can-uk-landlords-still-use-llp-to-red,2026-05-28,3,0,,,2388,2388,no,0,0,yes,cdf893f2b,5442,0,0,no,0,3,,true,12,0,2026-06-10,2026-07-06,0
/blog/incorporation-and-company-structures/change-sic-code-companies-house-property-company,https://www.propertytaxpartners.co.uk/blog/incorporation-and-company-structures/change-sic-code-companies-house-property-company,DISCOVERED_NOT_INDEXED,Discovered – currently not indexed,NEUTRAL,,CRAWLING_USER_AGENT_UNSPECIFIED,PAGE_FETCH_STATE_UNSPECIFIED,,,https://www.propertytaxpartners.co.uk/sitemap.xml,1,https://www.propertytaxpartners.co.uk/blog/incorporation-and-company-structures/companies-house-reforms,incorporation-and-company-structures,no,,yes,2026-09-02,2026-09-02,2026-09-02,2026-09-02 | feat(property): SPV programme Wave 3 - 3 new pages + 3 ,2026-09-02,1,0,,,1767,,,,,,,4684,31,0,no,2,1,5,false,0,0,,,0
/blog/incorporation-and-company-structures/charging-market-rent-to-own-property-company-tax-treatment,https://www.propertytaxpartners.co.uk/blog/incorporation-and-company-structures/charging-market-rent-to-own-property-company-tax-treatment,INDEXED,Submitted and indexed,PASS,2026-09-29T20:18:21Z,MOBILE,SUCCESSFUL,https://www.propertytaxpartners.co.uk/blog/incorporation-and-company-structures/charging-market-rent-to-own-property-company-tax-treatment,https://www.propertytaxpartners.co.uk/blog/incorporation-and-company-structures/charging-market-rent-to-own-property-company-tax-treatment,https://www.propertytaxpartners.co.uk/sitemap.xml,1,https://www.propertytaxpartners.co.uk/sitemap.xml,incorporation-and-company-structures,no,2026-09,yes,2026-05-23,2026-06-23,2026-05-23,2026-05-23 | Wave 4 A4: charging-market-rent-to-own-property-company,2026-05-26,4,0,,,2595,2595,no,0,0,yes,b226ff381,7684,0,0,no,2,3,5,false,1230,11,2026-05-28,2026-10-08,0
/blog/incorporation-and-company-structures/close-investment-holding-company-property,https://www.propertytaxpartners.co.uk/blog/incorporation-and-company-structures/close-investment-holding-company-property,UNKNOWN_TO_GOOGLE,URL is unknown to Google,NEUTRAL,,,PAGE_FETCH_STATE_UNSPECIFIED,,,,0,,incorporation-and-company-structures,no,,yes,2026-05-22,2026-09-27,2026-05-22,2026-05-22 | Track 1 (Ltd Co): write close-investment-holding-compan,2026-05-23,6,0,,,2274,,,,,,,5762,33,2,no,5,3,6,false,0,0,,,0
/blog/incorporation-and-company-structures/companies-house-changes-limited-partnership-requirements,https://www.propertytaxpartners.co.uk/blog/incorporation-and-company-structures/companies-house-changes-limited-partnership-requirements,CRAWLED_NOT_INDEXED,Crawled - currently not indexed,NEUTRAL,2026-07-04T10:49:28Z,MOBILE,SUCCESSFUL,https://www.propertytaxpartners.co.uk/blog/incorporation-and-company-structures/companies-house-changes-limited-partnership-requirements,https://www.propertytaxpartners.co.uk/blog/incorporation-and-company-structures/companies-house-changes-limited-partnership-requirements,,2,https://www.propertytaxpartners.co.uk/feed.xml;https://www.propertytaxpartners.co.uk/sitemap.xml,incorporation-and-company-structures,no,2026-07,yes,2026-05-27,2026-06-23,2026-05-27,2026-05-27 | MW2 M2-A-B1 A3: companies-house-changes-limited-partner,2026-05-28,4,1,2026-06-07,2026-06-07,2220,2220,no,0,0,yes,cdf893f2b,6367,0,0,no,8,3,6,false,79,0,2026-05-30,2026-07-06,0
/blog/incorporation-and-company-structures/companies-house-confirmation-statement-changes-2024-onwards-psc-disclosure,https://www.propertytaxpartners.co.uk/blog/incorporation-and-company-structures/companies-house-confirmation-statement-changes-2024-onwards-psc-disclosure,CRAWLED_NOT_INDEXED,Crawled - currently not indexed,NEUTRAL,2026-07-09T13:45:41Z,MOBILE,SUCCESSFUL,https://www.propertytaxpartners.co.uk/blog/incorporation-and-company-structures/companies-house-confirmation-statement-changes-2024-onwards-psc-disclosure,https://www.propertytaxpartners.co.uk/blog/incorporation-and-company-structures/companies-house-confirmation-statement-changes-2024-onwards-psc-disclosure,https://www.propertytaxpartners.co.uk/sitemap.xml,2,https://www.propertytaxpartners.co.uk/feed.xml;https://www.propertytaxpartners.co.uk/sitemap.xml,incorporation-and-company-structures,no,2026-07,yes,2026-05-25,2026-06-23,2026-05-25,2026-05-25 | Wave 9 B3: Companies House confirmation statement chang,2026-05-26,4,0,,,2917,2917,no,0,0,yes,cdf893f2b,6823,0,0,no,14,3,4,false,230,0,2026-05-27,2026-09-18,0
/blog/incorporation-and-company-structures/companies-house-emails-directors-for-identity-verification-under-new-rules,https://www.propertytaxpartners.co.uk/blog/incorporation-and-company-structures/companies-house-emails-directors-for-identity-verification-under-new-rules,INDEXED,Submitted and indexed,PASS,2026-10-03T09:04:00Z,MOBILE,SUCCESSFUL,https://www.propertytaxpartners.co.uk/blog/incorporation-and-company-structures/companies-house-emails-directors-for-identity-verification-under-new-rules,https://www.propertytaxpartners.co.uk/blog/incorporation-and-company-structures/companies-house-emails-directors-for-identity-verification-under-new-rules,https://www.propertytaxpartners.co.uk/sitemap.xml,2,https://www.propertytaxpartners.co.uk/feed.xml;https://www.propertytaxpartners.co.uk/sitemap.xml,incorporation-and-company-structures,no,2026-10,yes,2026-05-27,2026-06-23,2026-05-27,2026-05-27 | MW2 RUN B-B1: companies-house-emails-directors-for-iden,2026-05-28,4,1,2026-06-07,2026-06-07,2097,2097,no,0,0,yes,b226ff381,5714,0,0,no,7,3,6,false,1270,2,2026-05-29,2026-10-08,0
/blog/incorporation-and-company-structures/companies-house-id-verification-begins-today,https://www.propertytaxpartners.co.uk/blog/incorporation-and-company-structures/companies-house-id-verification-begins-today,CRAWLED_NOT_INDEXED,Crawled - currently not indexed,NEUTRAL,2026-05-29T00:03:20Z,MOBILE,SUCCESSFUL,https://www.propertytaxpartners.co.uk/blog/incorporation-and-company-structures/companies-house-id-verification-begins-today,https://www.propertytaxpartners.co.uk/blog/incorporation-and-company-structures/companies-house-id-verification-begins-today,,2,https://www.propertytaxpartners.co.uk/feed.xml;https://www.propertytaxpartners.co.uk/sitemap.xml,incorporation-and-company-structures,no,2026-05,yes,2026-05-27,2026-06-23,2026-05-27,2026-05-27 | MW2 RUN B-B2: companies-house-id-verification-begins-to,2026-05-28,3,0,,,2583,2583,no,0,0,yes,e29b58dab,5716,0,0,no,5,3,5,false,137,0,2026-05-30,2026-10-05,0
/blog/incorporation-and-company-structures/companies-house-reforms,https://www.propertytaxpartners.co.uk/blog/incorporation-and-company-structures/companies-house-reforms,INDEXED,Submitted and indexed,PASS,2026-10-08T22:23:11Z,MOBILE,SUCCESSFUL,https://www.propertytaxpartners.co.uk/blog/incorporation-and-company-structures/companies-house-reforms,https://www.propertytaxpartners.co.uk/blog/incorporation-and-company-structures/companies-house-reforms,https://www.propertytaxpartners.co.uk/sitemap.xml,2,https://www.propertytaxpartners.co.uk/feed.xml;https://www.propertytaxpartners.co.uk/sitemap.xml,incorporation-and-company-structures,no,2026-10,yes,2026-05-27,2026-06-23,2026-05-27,2026-05-27 | MW2 RUN B-B2: companies-house-reforms page (M2-B-B2 pic,2026-05-28,3,0,,,2793,2793,no,0,0,yes,b226ff381,6651,0,0,no,7,3,5,false,1036,6,2026-06-07,2026-10-08,0
/blog/incorporation-and-company-structures/companies-house-reforms-explained-for-business-success,https://www.propertytaxpartners.co.uk/blog/incorporation-and-company-structures/companies-house-reforms-explained-for-business-success,INDEXED,Submitted and indexed,PASS,2026-08-19T11:27:08Z,MOBILE,SUCCESSFUL,https://www.propertytaxpartners.co.uk/blog/incorporation-and-company-structures/companies-house-reforms-explained-for-business-success,https://www.propertytaxpartners.co.uk/blog/incorporation-and-company-structures/companies-house-reforms-explained-for-business-success,https://www.propertytaxpartners.co.uk/sitemap.xml,2,https://www.propertytaxpartners.co.uk/feed.xml;https://www.propertytaxpartners.co.uk/sitemap.xml,incorporation-and-company-structures,no,2026-08,yes,2026-05-27,2026-06-23,2026-05-27,2026-05-27 | MW2 RUN B-B2: companies-house-reforms-explained-for-bus,2026-05-28,3,0,,,2773,2773,no,0,0,yes,cdf893f2b,6323,0,0,no,4,3,5,false,663,2,2026-06-01,2026-10-08,0
/blog/incorporation-and-company-structures/companies-house-reforms-navigating-the-new-landscape,https://www.propertytaxpartners.co.uk/blog/incorporation-and-company-structures/companies-house-reforms-navigating-the-new-landscape,CRAWLED_NOT_INDEXED,Crawled - currently not indexed,NEUTRAL,2026-07-04T15:48:08Z,MOBILE,SUCCESSFUL,https://www.propertytaxpartners.co.uk/blog/incorporation-and-company-structures/companies-house-reforms-navigating-the-new-landscape,https://www.propertytaxpartners.co.uk/blog/incorporation-and-company-structures/companies-house-reforms-navigating-the-new-landscape,,2,https://www.propertytaxpartners.co.uk/feed.xml;https://www.propertytaxpartners.co.uk/sitemap.xml,incorporation-and-company-structures,no,2026-07,yes,2026-05-27,2026-06-23,2026-05-27,2026-05-27 | MW2 RUN B-B2: companies-house-reforms-navigating-the-ne,2026-05-28,3,0,,,2831,2831,no,0,0,yes,cdf893f2b,6565,0,0,no,5,3,5,false,76,0,2026-06-02,2026-07-06,0
/blog/incorporation-and-company-structures/companies-house-tightens-id-rules-what-does-it-mean,https://www.propertytaxpartners.co.uk/blog/incorporation-and-company-structures/companies-house-tightens-id-rules-what-does-it-mean,CRAWLED_NOT_INDEXED,Crawled - currently not indexed,NEUTRAL,2026-05-29T00:04:59Z,MOBILE,SUCCESSFUL,https://www.propertytaxpartners.co.uk/blog/incorporation-and-company-structures/companies-house-tightens-id-rules-what-does-it-mean,https://www.propertytaxpartners.co.uk/blog/incorporation-and-company-structures/companies-house-tightens-id-rules-what-does-it-mean,https://www.propertytaxpartners.co.uk/sitemap.xml,2,https://www.propertytaxpartners.co.uk/feed.xml;https://www.propertytaxpartners.co.uk/sitemap.xml,incorporation-and-company-structures,no,2026-05,yes,2026-05-27,2026-07-26,2026-05-27,2026-05-27 | MW2 RUN B-B2: companies-house-tightens-id-rules-what-do,2026-05-28,4,0,,,3162,3162,no,0,0,yes,3046db429,7064,0,0,no,2,3,5,false,169,0,2026-05-29,2026-08-26,0
/blog/incorporation-and-company-structures/condition-c-trading-stock-section-162-incorporation-relief-denial-developers,https://www.propertytaxpartners.co.uk/blog/incorporation-and-company-structures/condition-c-trading-stock-section-162-incorporation-relief-denial-developers,CRAWLED_NOT_INDEXED,Crawled - currently not indexed,NEUTRAL,2026-07-04T02:04:17Z,MOBILE,SUCCESSFUL,https://www.propertytaxpartners.co.uk/blog/incorporation-and-company-structures/condition-c-trading-stock-section-162-incorporation-relief-denial-developers,https://www.propertytaxpartners.co.uk/blog/incorporation-and-company-structures/condition-c-trading-stock-section-162-incorporation-relief-denial-developers,,2,https://www.propertytaxpartners.co.uk/feed.xml;https://www.propertytaxpartners.co.uk/sitemap.xml,incorporation-and-company-structures,no,2026-07,yes,2026-05-25,,2026-05-25,2026-05-25 | Wave 8 Bucket B B4: Condition C trading stock + s.162 i,2026-05-26,2,0,,,2818,2818,no,0,0,yes,0f1ac2ae9,5623,0,0,no,10,3,7,false,51,0,2026-05-28,2026-07-07,0
/blog/incorporation-and-company-structures/confirmation-statements,https://www.propertytaxpartners.co.uk/blog/incorporation-and-company-structures/confirmation-statements,CRAWLED_NOT_INDEXED,Crawled - currently not indexed,NEUTRAL,2026-07-03T23:00:09Z,MOBILE,SUCCESSFUL,https://www.propertytaxpartners.co.uk/blog/incorporation-and-company-structures/confirmation-statements,https://www.propertytaxpartners.co.uk/blog/incorporation-and-company-structures/confirmation-statements,https://www.propertytaxpartners.co.uk/sitemap.xml,2,https://www.propertytaxpartners.co.uk/feed.xml;https://www.propertytaxpartners.co.uk/sitemap.xml,incorporation-and-company-structures,no,2026-07,yes,2026-05-27,2026-06-23,2026-05-27,2026-05-27 | MW2 RUN B-B2: confirmation-statements page (M2-B-B2 pic,2026-05-28,3,0,,,3177,3177,no,0,0,yes,cdf893f2b,7397,0,0,no,3,3,4,false,67,0,2026-05-31,2026-07-06,0
/blog/incorporation-and-company-structures/corporate-tax-planning-strategies-for-uk-clients,https://www.propertytaxpartners.co.uk/blog/incorporation-and-company-structures/corporate-tax-planning-strategies-for-uk-clients,CRAWLED_NOT_INDEXED,Crawled - currently not indexed,NEUTRAL,2026-07-08T05:14:55Z,MOBILE,SUCCESSFUL,https://www.propertytaxpartners.co.uk/blog/incorporation-and-company-structures/corporate-tax-planning-strategies-for-uk-clients,https://www.propertytaxpartners.co.uk/blog/incorporation-and-company-structures/corporate-tax-planning-strategies-for-uk-clients,https://www.propertytaxpartners.co.uk/sitemap.xml,1,https://www.propertytaxpartners.co.uk/sitemap.xml,incorporation-and-company-structures,no,2026-07,yes,2026-05-27,2026-08-03,2026-05-27,2026-05-27 | MW2 M2-A-B1 A4: corporate-tax-planning-strategies-for-u,2026-05-28,3,0,,,2410,2344,no,4,0,yes,cdf893f2b,6405,0,0,no,12,3,5,false,53,0,2026-06-06,2026-09-10,0
/blog/incorporation-and-company-structures/corporation-tax-deadlines-and-penalties,https://www.propertytaxpartners.co.uk/blog/incorporation-and-company-structures/corporation-tax-deadlines-and-penalties,CRAWLED_NOT_INDEXED,Crawled - currently not indexed,NEUTRAL,2026-07-05T07:52:09Z,MOBILE,SUCCESSFUL,https://www.propertytaxpartners.co.uk/blog/incorporation-and-company-structures/corporation-tax-deadlines-and-penalties,https://www.propertytaxpartners.co.uk/blog/incorporation-and-company-structures/corporation-tax-deadlines-and-penalties,https://www.propertytaxpartners.co.uk/sitemap.xml,1,https://www.propertytaxpartners.co.uk/sitemap.xml,incorporation-and-company-structures,no,2026-07,yes,2026-05-28,2026-06-23,2026-05-28,2026-05-28 | MW3 RUN A: corporation-tax-deadlines-and-penalties (M3-,2026-05-28,4,0,,,3297,3297,no,0,0,yes,cdf893f2b,6962,0,0,no,1,3,4,false,21,0,2026-06-02,2026-07-05,0
/blog/incorporation-and-company-structures/corporation-tax-marginal-relief-property-companies,https://www.propertytaxpartners.co.uk/blog/incorporation-and-company-structures/corporation-tax-marginal-relief-property-companies,CRAWLED_NOT_INDEXED,Crawled - currently not indexed,NEUTRAL,2026-07-04T02:12:20Z,MOBILE,SUCCESSFUL,https://www.propertytaxpartners.co.uk/blog/incorporation-and-company-structures/corporation-tax-marginal-relief-property-companies,https://www.propertytaxpartners.co.uk/blog/incorporation-and-company-structures/corporation-tax-marginal-relief-property-companies,,2,https://www.propertytaxpartners.co.uk/feed.xml;https://www.propertytaxpartners.co.uk/sitemap.xml,incorporation-and-company-structures,no,2026-07,yes,2026-05-22,2026-07-26,2026-05-22,2026-05-22 | Track 1 (Ltd Co): write corporation-tax-marginal-relief,2026-05-23,4,0,,,2370,2370,no,0,0,yes,cdf893f2b,5413,0,0,no,12,3,3,false,20,0,2026-06-01,2026-07-03,0
/blog/incorporation-and-company-structures/corporation-tax-marginal-relief-uk-guide,https://www.propertytaxpartners.co.uk/blog/incorporation-and-company-structures/corporation-tax-marginal-relief-uk-guide,INDEXED,Submitted and indexed,PASS,2026-08-20T20:36:33Z,MOBILE,SUCCESSFUL,https://www.propertytaxpartners.co.uk/blog/incorporation-and-company-structures/corporation-tax-marginal-relief-uk-guide,https://www.propertytaxpartners.co.uk/blog/incorporation-and-company-structures/corporation-tax-marginal-relief-uk-guide,https://www.propertytaxpartners.co.uk/sitemap.xml,2,https://www.propertytaxpartners.co.uk/feed.xml;https://www.propertytaxpartners.co.uk/sitemap.xml,incorporation-and-company-structures,no,2026-08,yes,2026-05-27,2026-06-23,2026-05-27,2026-05-27 | MW2 M2-A-B1 A5: corporation-tax-marginal-relief-uk-guid,2026-05-28,4,1,2026-06-06,2026-06-07,2126,2126,no,0,0,yes,cdf893f2b,5685,791,20,yes,6,3,5,false,871,0,2026-05-29,2026-10-08,0
/blog/incorporation-and-company-structures/corporation-tax-rates-property-companies-2026-27,https://www.propertytaxpartners.co.uk/blog/incorporation-and-company-structures/corporation-tax-rates-property-companies-2026-27,INDEXED,Submitted and indexed,PASS,2026-10-09T14:32:16Z,MOBILE,SUCCESSFUL,https://www.propertytaxpartners.co.uk/blog/incorporation-and-company-structures/corporation-tax-rates-property-companies-2026-27,https://www.propertytaxpartners.co.uk/blog/incorporation-and-company-structures/corporation-tax-rates-property-companies-2026-27,https://www.propertytaxpartners.co.uk/sitemap.xml,1,https://www.propertytaxpartners.co.uk/feed.xml,incorporation-and-company-structures,no,2026-10,yes,2026-04-10,2026-10-09,2026-04-10,"2026-04-10 | Property site: add 148 blog posts, 2 new category hubs,",2026-04-10,9,2,2026-06-01,2026-06-02,2660,2660,no,0,0,yes,80ab0ab61,6172,0,0,no,20,2,4,false,2401,21,2026-05-30,2026-10-08,0
/blog/incorporation-and-company-structures/corporation-tax-vs-income-tax-landlords-2027,https://www.propertytaxpartners.co.uk/blog/incorporation-and-company-structures/corporation-tax-vs-income-tax-landlords-2027,CRAWLED_NOT_INDEXED,Crawled - currently not indexed,NEUTRAL,2026-05-29T23:34:57Z,MOBILE,SUCCESSFUL,https://www.propertytaxpartners.co.uk/blog/incorporation-and-company-structures/corporation-tax-vs-income-tax-landlords-2027,https://www.propertytaxpartners.co.uk/blog/incorporation-and-company-structures/corporation-tax-vs-income-tax-landlords-2027,https://www.propertytaxpartners.co.uk/sitemap.xml,0,,incorporation-and-company-structures,no,2026-05,yes,2026-04-10,2026-10-09,2026-04-10,"2026-04-10 | Property site: add 148 blog posts, 2 new category hubs,",2026-04-10,10,2,2026-06-02,2026-06-02,2508,1142,yes,213,1,no,195e895eb,5717,0,0,no,8,3,4,false,72,0,2026-05-30,2026-09-29,0
/blog/incorporation-and-company-structures/director-living-in-property-owned-by-limited-company,https://www.propertytaxpartners.co.uk/blog/incorporation-and-company-structures/director-living-in-property-owned-by-limited-company,INDEXED,Submitted and indexed,PASS,2026-09-29T06:40:18Z,MOBILE,SUCCESSFUL,https://www.propertytaxpartners.co.uk/blog/incorporation-and-company-structures/director-living-in-property-owned-by-limited-company,https://www.propertytaxpartners.co.uk/blog/incorporation-and-company-structures/director-living-in-property-owned-by-limited-company,https://www.propertytaxpartners.co.uk/sitemap.xml,1,https://www.propertytaxpartners.co.uk/sitemap.xml,incorporation-and-company-structures,no,2026-09,yes,2026-09-01,2026-09-28,2026-09-02,"2026-09-02 | feat(property): SPV programme Wave 2 - 9 new pages, NRL",2026-09-02,4,0,,,2651,2651,no,0,0,yes,a796de633,5764,0,0,no,1,2,5,false,116,8,2026-09-29,2026-10-08,0
/blog/incorporation-and-company-structures/director-loan-account-property-company-mechanics,https://www.propertytaxpartners.co.uk/blog/incorporation-and-company-structures/director-loan-account-property-company-mechanics,CRAWLED_NOT_INDEXED,Crawled - currently not indexed,NEUTRAL,2026-07-01T16:10:45Z,MOBILE,SUCCESSFUL,https://www.propertytaxpartners.co.uk/blog/incorporation-and-company-structures/director-loan-account-property-company-mechanics,https://www.propertytaxpartners.co.uk/blog/incorporation-and-company-structures/director-loan-account-property-company-mechanics,https://www.propertytaxpartners.co.uk/sitemap.xml,0,,incorporation-and-company-structures,no,2026-07,yes,2026-05-22,2026-09-27,2026-05-22,2026-05-22 | Track 1 (Limited company / BTL operation): write direct,2026-05-23,7,0,,,3679,3714,no,6,0,yes,cdf893f2b,8024,0,0,no,25,3,3,false,181,0,2026-05-26,2026-07-04,0
/blog/incorporation-and-company-structures/director-loan-property-company,https://www.propertytaxpartners.co.uk/blog/incorporation-and-company-structures/director-loan-property-company,CRAWLED_NOT_INDEXED,Crawled - currently not indexed,NEUTRAL,2026-07-04T11:54:34Z,MOBILE,SUCCESSFUL,https://www.propertytaxpartners.co.uk/blog/incorporation-and-company-structures/director-loan-property-company,https://www.propertytaxpartners.co.uk/blog/incorporation-and-company-structures/director-loan-property-company,https://www.propertytaxpartners.co.uk/sitemap.xml,2,https://www.propertytaxpartners.co.uk/feed.xml;https://www.propertytaxpartners.co.uk/sitemap.xml,incorporation-and-company-structures,no,2026-07,yes,2026-04-01,2026-09-27,2026-04-01,2026-04-01 | content: add 52 Property blog posts (Phase 2 complete),2026-04-01,15,2,2026-06-01,2026-06-02,2606,2606,no,0,0,yes,cdf893f2b,5956,0,0,no,9,3,4,false,30,0,2026-05-31,2026-07-07,1
/blog/incorporation-and-company-structures/directors-loan-accountsdla-uk-guide,https://www.propertytaxpartners.co.uk/blog/incorporation-and-company-structures/directors-loan-accountsdla-uk-guide,CRAWLED_NOT_INDEXED,Crawled - currently not indexed,NEUTRAL,2026-07-04T14:05:39Z,MOBILE,SUCCESSFUL,https://www.propertytaxpartners.co.uk/blog/incorporation-and-company-structures/directors-loan-accountsdla-uk-guide,https://www.propertytaxpartners.co.uk/blog/incorporation-and-company-structures/directors-loan-accountsdla-uk-guide,https://www.propertytaxpartners.co.uk/sitemap.xml,2,https://www.propertytaxpartners.co.uk/feed.xml;https://www.propertytaxpartners.co.uk/sitemap.xml,incorporation-and-company-structures,no,2026-07,yes,2026-05-27,2026-09-27,2026-05-27,2026-05-27 | MW2 M2-A-B1 A6: directors-loan-accountsdla-uk-guide - g,2026-05-28,5,2,2026-09-27,2026-09-28,2588,2398,yes,25,2,no,cdf893f2b,6385,585,22,yes,9,3,5,false,31,0,2026-05-31,2026-07-04,0
/blog/incorporation-and-company-structures/directors-loan-repayment-bed-and-breakfast-trap-s464c-s464d,https://www.propertytaxpartners.co.uk/blog/incorporation-and-company-structures/directors-loan-repayment-bed-and-breakfast-trap-s464c-s464d,INDEXED,Submitted and indexed,PASS,2026-10-01T10:54:23Z,MOBILE,SUCCESSFUL,https://www.propertytaxpartners.co.uk/blog/incorporation-and-company-structures/directors-loan-repayment-bed-and-breakfast-trap-s464c-s464d,https://www.propertytaxpartners.co.uk/blog/incorporation-and-company-structures/directors-loan-repayment-bed-and-breakfast-trap-s464c-s464d,https://www.propertytaxpartners.co.uk/sitemap.xml,1,https://www.propertytaxpartners.co.uk/sitemap.xml,incorporation-and-company-structures,no,2026-10,yes,'2026-05-23',2026-09-27,2026-05-23,2026-05-23 | Wave 6 A2: DLA bed-and-breakfast reframed for post-FA-2,2026-05-26,7,2,2026-09-27,2026-09-28,3549,3549,no,0,0,yes,564092dca,8097,1,0,no,9,3,4,false,11688,4,2026-05-29,2026-10-08,0
/blog/incorporation-and-company-structures/directors-of-trust-owned-spv-extraction-rules-settlor-interested-trap,https://www.propertytaxpartners.co.uk/blog/incorporation-and-company-structures/directors-of-trust-owned-spv-extraction-rules-settlor-interested-trap,CRAWLED_NOT_INDEXED,Crawled - currently not indexed,NEUTRAL,2026-08-29T22:54:34Z,MOBILE,SUCCESSFUL,https://www.propertytaxpartners.co.uk/blog/incorporation-and-company-structures/directors-of-trust-owned-spv-extraction-rules-settlor-interested-trap,https://www.propertytaxpartners.co.uk/blog/incorporation-and-company-structures/directors-of-trust-owned-spv-extraction-rules-settlor-interested-trap,https://www.propertytaxpartners.co.uk/sitemap.xml,1,https://www.propertytaxpartners.co.uk/sitemap.xml,incorporation-and-company-structures,no,2026-08,yes,2026-05-23,2026-06-23,2026-05-24,2026-05-24 | Wave 6 A10: trust-owned property SPV extraction (3-mech,2026-05-26,3,0,,,3324,3324,no,0,0,yes,cdf893f2b,8154,0,0,no,10,3,4,false,42,1,2026-05-29,2026-08-30,0
/blog/incorporation-and-company-structures/disadvantages-of-family-investment-companies-fics,https://www.propertytaxpartners.co.uk/blog/incorporation-and-company-structures/disadvantages-of-family-investment-companies-fics,CRAWLED_NOT_INDEXED,Crawled - currently not indexed,NEUTRAL,2026-07-03T18:45:34Z,MOBILE,SUCCESSFUL,https://www.propertytaxpartners.co.uk/blog/incorporation-and-company-structures/disadvantages-of-family-investment-companies-fics,https://www.propertytaxpartners.co.uk/blog/incorporation-and-company-structures/disadvantages-of-family-investment-companies-fics,https://www.propertytaxpartners.co.uk/sitemap.xml,1,https://www.propertytaxpartners.co.uk/sitemap.xml,incorporation-and-company-structures,no,2026-07,yes,2026-05-27,2026-06-23,2026-05-27,2026-05-27 | MW2 RUN B-B3: disadvantages-of-family-investment-compan,2026-05-28,5,0,,,3597,3597,no,0,0,yes,cdf893f2b,9711,0,0,no,2,3,,false,13,0,2026-05-31,2026-07-03,0
/blog/incorporation-and-company-structures/do-landlords-incorporate-when-house-prices-fall,https://www.propertytaxpartners.co.uk/blog/incorporation-and-company-structures/do-landlords-incorporate-when-house-prices-fall,DISCOVERED_NOT_INDEXED,Discovered – currently not indexed,NEUTRAL,,CRAWLING_USER_AGENT_UNSPECIFIED,PAGE_FETCH_STATE_UNSPECIFIED,,,https://www.propertytaxpartners.co.uk/sitemap.xml,1,https://www.propertytaxpartners.co.uk/blog/incorporation-and-company-structures/companies-house-reforms,incorporation-and-company-structures,no,,yes,2026-09-02,2026-09-02,2026-09-02,2026-09-02 | feat(property): UK SPV Incorporation Index - data engin,2026-09-02,1,0,,,1429,,,,,,,4283,0,0,no,0,1,,true,0,0,,,0
/blog/incorporation-and-company-structures/does-your-business-qualify-as-a-partnership,https://www.propertytaxpartners.co.uk/blog/incorporation-and-company-structures/does-your-business-qualify-as-a-partnership,CRAWLED_NOT_INDEXED,Crawled - currently not indexed,NEUTRAL,2026-07-08T13:05:06Z,MOBILE,SUCCESSFUL,https://www.propertytaxpartners.co.uk/blog/incorporation-and-company-structures/does-your-business-qualify-as-a-partnership,https://www.propertytaxpartners.co.uk/blog/incorporation-and-company-structures/does-your-business-qualify-as-a-partnership,https://www.propertytaxpartners.co.uk/sitemap.xml,2,https://www.propertytaxpartners.co.uk/feed.xml;https://www.propertytaxpartners.co.uk/sitemap.xml,incorporation-and-company-structures,no,2026-07,yes,2026-05-27,2026-06-23,2026-05-27,2026-05-27 | MW2 M2-A-B2 A7: does-your-business-qualify-as-a-partner,2026-05-28,4,0,,,3286,3286,no,0,0,yes,cdf893f2b,7008,0,0,no,10,3,6,false,38,0,2026-05-31,2026-07-07,0
/blog/incorporation-and-company-structures/eccta-2023-id-verification-mandatory-companies-house-2025-2026-landlord-ltdcos,https://www.propertytaxpartners.co.uk/blog/incorporation-and-company-structures/eccta-2023-id-verification-mandatory-companies-house-2025-2026-landlord-ltdcos,CRAWLED_NOT_INDEXED,Crawled - currently not indexed,NEUTRAL,2026-05-27T12:07:12Z,MOBILE,SUCCESSFUL,https://www.propertytaxpartners.co.uk/blog/incorporation-and-company-structures/eccta-2023-id-verification-mandatory-companies-house-2025-2026-landlord-ltdcos,https://www.propertytaxpartners.co.uk/blog/incorporation-and-company-structures/eccta-2023-id-verification-mandatory-companies-house-2025-2026-landlord-ltdcos,,2,https://www.propertytaxpartners.co.uk/feed.xml;https://www.propertytaxpartners.co.uk/sitemap.xml,incorporation-and-company-structures,no,2026-05,yes,2026-05-25,2026-07-26,2026-05-25,2026-05-25 | Wave 9 B1: ECCTA 2023 Companies House ID verification (,2026-05-26,5,0,,,3129,3129,no,2,0,yes,967bd7aee,7073,0,0,no,21,3,5,false,43,0,2026-05-27,2026-08-16,0
/blog/incorporation-and-company-structures/eligible-groups-for-group-relief-under-uk-corporation-tax,https://www.propertytaxpartners.co.uk/blog/incorporation-and-company-structures/eligible-groups-for-group-relief-under-uk-corporation-tax,CRAWLED_NOT_INDEXED,Crawled - currently not indexed,NEUTRAL,2026-07-03T19:21:26Z,MOBILE,SUCCESSFUL,https://www.propertytaxpartners.co.uk/blog/incorporation-and-company-structures/eligible-groups-for-group-relief-under-uk-corporation-tax,https://www.propertytaxpartners.co.uk/blog/incorporation-and-company-structures/eligible-groups-for-group-relief-under-uk-corporation-tax,https://www.propertytaxpartners.co.uk/sitemap.xml,2,https://www.propertytaxpartners.co.uk/feed.xml;https://www.propertytaxpartners.co.uk/sitemap.xml,incorporation-and-company-structures,no,2026-07,yes,2026-05-27,2026-06-23,2026-05-27,2026-05-27 | MW2 M2-A-B2 A8: eligible-groups-for-group-relief-under-,2026-05-28,4,0,,,3585,3585,no,0,0,yes,cdf893f2b,7613,12,0,no,8,3,5,false,41,1,2026-06-07,2026-07-05,0
/blog/incorporation-and-company-structures/employee-ownership-trust-eot-property-spv-exit-mechanics-tcga-1992-s236,https://www.propertytaxpartners.co.uk/blog/incorporation-and-company-structures/employee-ownership-trust-eot-property-spv-exit-mechanics-tcga-1992-s236,CRAWLED_NOT_INDEXED,Crawled - currently not indexed,NEUTRAL,2026-07-03T09:49:53Z,MOBILE,SUCCESSFUL,https://www.propertytaxpartners.co.uk/blog/incorporation-and-company-structures/employee-ownership-trust-eot-property-spv-exit-mechanics-tcga-1992-s236,https://www.propertytaxpartners.co.uk/blog/incorporation-and-company-structures/employee-ownership-trust-eot-property-spv-exit-mechanics-tcga-1992-s236,https://www.propertytaxpartners.co.uk/sitemap.xml,1,https://www.propertytaxpartners.co.uk/sitemap.xml,incorporation-and-company-structures,no,2026-07,yes,2026-05-24,2026-09-27,2026-05-24,2026-05-24 | C3 (Wave 7): employee-ownership-trust-eot-property-spv-,2026-05-26,5,0,,,3053,3046,no,1,0,yes,cdf893f2b,9653,0,0,no,2,3,,false,12,0,2026-06-01,2026-07-04,0
/blog/incorporation-and-company-structures/extracting-cash-from-property-spv-extraction-sequence-pillar-2026-27,https://www.propertytaxpartners.co.uk/blog/incorporation-and-company-structures/extracting-cash-from-property-spv-extraction-sequence-pillar-2026-27,CRAWLED_NOT_INDEXED,Crawled - currently not indexed,NEUTRAL,2026-07-06T15:31:41Z,MOBILE,SUCCESSFUL,https://www.propertytaxpartners.co.uk/blog/incorporation-and-company-structures/extracting-cash-from-property-spv-extraction-sequence-pillar-2026-27,https://www.propertytaxpartners.co.uk/blog/incorporation-and-company-structures/extracting-cash-from-property-spv-extraction-sequence-pillar-2026-27,https://www.propertytaxpartners.co.uk/sitemap.xml,2,https://www.propertytaxpartners.co.uk/feed.xml;https://www.propertytaxpartners.co.uk/sitemap.xml,incorporation-and-company-structures,no,2026-07,yes,2026-05-23,2026-07-26,2026-05-23,2026-05-23 | Wave 6 A1: property SPV extraction-sequence pillar (mul,2026-05-26,5,0,,,3289,3289,no,0,0,yes,cdf893f2b,8138,0,0,no,24,3,3,false,25,2,2026-05-29,2026-06-26,0
/blog/incorporation-and-company-structures/extracting-money-from-property-limited-company,https://www.propertytaxpartners.co.uk/blog/incorporation-and-company-structures/extracting-money-from-property-limited-company,INDEXED,Submitted and indexed,PASS,2026-10-09T21:39:33Z,MOBILE,SUCCESSFUL,https://www.propertytaxpartners.co.uk/blog/incorporation-and-company-structures/extracting-money-from-property-limited-company,https://www.propertytaxpartners.co.uk/blog/incorporation-and-company-structures/extracting-money-from-property-limited-company,https://www.propertytaxpartners.co.uk/sitemap.xml,1,https://www.propertytaxpartners.co.uk/sitemap.xml,incorporation-and-company-structures,no,2026-10,yes,2026-05-22,2026-07-20,2026-05-22,2026-05-22 | Track 1 (Ltd Co): write extracting-money-from-property-,2026-05-23,6,0,,,2388,2388,no,0,0,yes,b226ff381,6257,0,0,no,15,2,2,false,349,5,2026-05-24,2026-10-08,1
/blog/incorporation-and-company-structures/extraction-while-incorporating-phase-2-acquisition-funded-by-personal-funds,https://www.propertytaxpartners.co.uk/blog/incorporation-and-company-structures/extraction-while-incorporating-phase-2-acquisition-funded-by-personal-funds,INDEXED,Submitted and indexed,PASS,2026-10-09T01:04:42Z,MOBILE,SUCCESSFUL,https://www.propertytaxpartners.co.uk/blog/incorporation-and-company-structures/extraction-while-incorporating-phase-2-acquisition-funded-by-personal-funds,https://www.propertytaxpartners.co.uk/blog/incorporation-and-company-structures/extraction-while-incorporating-phase-2-acquisition-funded-by-personal-funds,,2,https://www.propertytaxpartners.co.uk/feed.xml;https://www.propertytaxpartners.co.uk/sitemap.xml,incorporation-and-company-structures,no,2026-10,yes,2026-05-23,2026-06-23,2026-05-23,2026-05-23 | Wave 6 A8: mid-incorporation phase-2 extraction via per,2026-05-26,4,0,,,3033,3033,no,0,0,yes,b226ff381,7612,0,0,no,2,3,4,false,1617,3,2026-05-27,2026-10-08,0
/blog/incorporation-and-company-structures/family-investment-company-mechanics-share-classes-property,https://www.propertytaxpartners.co.uk/blog/incorporation-and-company-structures/family-investment-company-mechanics-share-classes-property,INDEXED,Submitted and indexed,PASS,2026-07-24T12:14:11Z,MOBILE,SUCCESSFUL,https://www.propertytaxpartners.co.uk/blog/incorporation-and-company-structures/family-investment-company-mechanics-share-classes-property,https://www.propertytaxpartners.co.uk/blog/incorporation-and-company-structures/family-investment-company-mechanics-share-classes-property,,0,,incorporation-and-company-structures,no,2026-07,yes,2026-07-09,,2026-07-09,2026-07-09 | Wave 10 A10: family-investment-company-mechanics-share-,2026-07-09,6,0,,,3121,3121,no,0,0,yes,3bcb4e109,6217,0,0,no,2,3,4,false,82,0,2026-07-25,2026-10-05,0
/blog/incorporation-and-company-structures/family-investment-company-property-worth-it,https://www.propertytaxpartners.co.uk/blog/incorporation-and-company-structures/family-investment-company-property-worth-it,CRAWLED_NOT_INDEXED,Crawled - currently not indexed,NEUTRAL,2026-09-02T22:46:14Z,MOBILE,SUCCESSFUL,https://www.propertytaxpartners.co.uk/blog/incorporation-and-company-structures/family-investment-company-property-worth-it,https://www.propertytaxpartners.co.uk/blog/incorporation-and-company-structures/family-investment-company-property-worth-it,https://www.propertytaxpartners.co.uk/sitemap.xml,0,,incorporation-and-company-structures,no,2026-09,yes,2026-04-10,2026-06-23,2026-04-10,"2026-04-10 | Property site: add 148 blog posts, 2 new category hubs,",2026-04-10,9,2,2026-06-01,2026-06-02,2624,2624,no,0,0,yes,cdf893f2b,5512,0,0,no,10,3,4,false,106,0,2026-05-17,2026-10-08,0
/blog/incorporation-and-company-structures/fic-articles-of-association-property-control-mechanics,https://www.propertytaxpartners.co.uk/blog/incorporation-and-company-structures/fic-articles-of-association-property-control-mechanics,INDEXED,Submitted and indexed,PASS,2026-09-10T04:16:29Z,MOBILE,SUCCESSFUL,https://www.propertytaxpartners.co.uk/blog/incorporation-and-company-structures/fic-articles-of-association-property-control-mechanics,https://www.propertytaxpartners.co.uk/blog/incorporation-and-company-structures/fic-articles-of-association-property-control-mechanics,https://www.propertytaxpartners.co.uk/sitemap.xml,1,https://www.propertytaxpartners.co.uk/sitemap.xml,incorporation-and-company-structures,no,2026-09,yes,2026-05-23,2026-06-23,2026-05-23,2026-05-23 | Wave 4 A6: fic-articles-of-association-property-control,2026-05-26,3,0,,,3948,3948,no,0,0,yes,cdf893f2b,8830,0,0,no,6,3,5,false,180,2,2026-05-27,2026-10-08,1
/blog/incorporation-and-company-structures/fic-blended-family-protected-legacy-property-second-marriage,https://www.propertytaxpartners.co.uk/blog/incorporation-and-company-structures/fic-blended-family-protected-legacy-property-second-marriage,CRAWLED_NOT_INDEXED,Crawled - currently not indexed,NEUTRAL,2026-05-27T07:34:45Z,MOBILE,SUCCESSFUL,https://www.propertytaxpartners.co.uk/blog/incorporation-and-company-structures/fic-blended-family-protected-legacy-property-second-marriage,https://www.propertytaxpartners.co.uk/blog/incorporation-and-company-structures/fic-blended-family-protected-legacy-property-second-marriage,,2,https://www.propertytaxpartners.co.uk/feed.xml;https://www.propertytaxpartners.co.uk/sitemap.xml,incorporation-and-company-structures,no,2026-05,yes,2026-05-23,2026-06-23,2026-05-23,2026-05-23 | Wave 4 A10: fic-blended-family-protected-legacy-propert,2026-05-26,3,0,,,3146,3146,no,0,0,yes,2514e0279,8861,0,0,no,1,3,6,false,21,0,2026-05-27,2026-08-23,0
/blog/incorporation-and-company-structures/fic-campaign,https://www.propertytaxpartners.co.uk/blog/incorporation-and-company-structures/fic-campaign,CRAWLED_NOT_INDEXED,Crawled - currently not indexed,NEUTRAL,2026-07-04T00:58:22Z,MOBILE,SUCCESSFUL,https://www.propertytaxpartners.co.uk/blog/incorporation-and-company-structures/fic-campaign,https://www.propertytaxpartners.co.uk/blog/incorporation-and-company-structures/fic-campaign,https://www.propertytaxpartners.co.uk/sitemap.xml,2,https://www.propertytaxpartners.co.uk/feed.xml;https://www.propertytaxpartners.co.uk/sitemap.xml,incorporation-and-company-structures,no,2026-07,yes,2026-05-27,2026-06-23,2026-05-27,2026-05-27 | MW2 RUN B-B3: fic-campaign page (M2-B-B3 pick B16),2026-05-28,5,0,,,2567,2567,no,0,0,yes,cdf893f2b,6629,0,0,no,1,3,,false,18,0,2026-05-31,2026-07-07,0
/blog/incorporation-and-company-structures/fic-complete-guide-property-wealth-transfer,https://www.propertytaxpartners.co.uk/blog/incorporation-and-company-structures/fic-complete-guide-property-wealth-transfer,CRAWLED_NOT_INDEXED,Crawled - currently not indexed,NEUTRAL,2026-05-24T16:09:05Z,MOBILE,SUCCESSFUL,https://www.propertytaxpartners.co.uk/blog/incorporation-and-company-structures/fic-complete-guide-property-wealth-transfer,https://www.propertytaxpartners.co.uk/blog/incorporation-and-company-structures/fic-complete-guide-property-wealth-transfer,https://www.propertytaxpartners.co.uk/sitemap.xml,1,https://www.propertytaxpartners.co.uk/sitemap.xml,incorporation-and-company-structures,no,2026-05,yes,2026-05-22,2026-06-23,2026-05-22,2026-05-22 | Track 1 (FIC): write fic-complete-guide-property-wealth,2026-05-23,6,1,2026-06-07,2026-06-07,2520,2461,yes,31,1,no,d8091c6c6,5555,0,0,no,7,3,5,false,51,0,2026-05-25,2026-08-26,0
/blog/incorporation-and-company-structures/fic-gifting-shares-children-property-7-year-iht-mechanics,https://www.propertytaxpartners.co.uk/blog/incorporation-and-company-structures/fic-gifting-shares-children-property-7-year-iht-mechanics,CRAWLED_NOT_INDEXED,Crawled - currently not indexed,NEUTRAL,2026-05-27T08:27:33Z,MOBILE,SUCCESSFUL,https://www.propertytaxpartners.co.uk/blog/incorporation-and-company-structures/fic-gifting-shares-children-property-7-year-iht-mechanics,https://www.propertytaxpartners.co.uk/blog/incorporation-and-company-structures/fic-gifting-shares-children-property-7-year-iht-mechanics,https://www.propertytaxpartners.co.uk/sitemap.xml,1,https://www.propertytaxpartners.co.uk/sitemap.xml,incorporation-and-company-structures,no,2026-05,yes,2026-05-23,2026-07-26,2026-05-23,2026-05-23 | Wave 4 A9: fic-gifting-shares-children-property-7-year-,2026-05-26,5,0,,,2551,2551,no,0,0,yes,c5887e94d,8032,0,0,no,6,3,4,false,31,0,2026-05-29,2026-08-22,0
/blog/incorporation-and-company-structures/fic-growth-shares-and-freezer-shares-design,https://www.propertytaxpartners.co.uk/blog/incorporation-and-company-structures/fic-growth-shares-and-freezer-shares-design,CRAWLED_NOT_INDEXED,Crawled - currently not indexed,NEUTRAL,2026-05-24T15:49:28Z,MOBILE,SUCCESSFUL,https://www.propertytaxpartners.co.uk/blog/incorporation-and-company-structures/fic-growth-shares-and-freezer-shares-design,https://www.propertytaxpartners.co.uk/blog/incorporation-and-company-structures/fic-growth-shares-and-freezer-shares-design,https://www.propertytaxpartners.co.uk/sitemap.xml,1,https://www.propertytaxpartners.co.uk/sitemap.xml,incorporation-and-company-structures,no,2026-05,yes,2026-05-22,2026-06-23,2026-05-22,2026-05-22 | Track 1 (FIC): write fic-growth-shares-and-freezer-shar,2026-05-23,3,0,,,2312,2312,no,0,0,yes,4ddc56782,5147,0,0,no,5,3,6,false,104,2,2026-05-25,2026-09-28,0
/blog/incorporation-and-company-structures/fic-iht-treatment-bpr-myth,https://www.propertytaxpartners.co.uk/blog/incorporation-and-company-structures/fic-iht-treatment-bpr-myth,CRAWLED_NOT_INDEXED,Crawled - currently not indexed,NEUTRAL,2026-05-27T08:27:59Z,MOBILE,SUCCESSFUL,https://www.propertytaxpartners.co.uk/blog/incorporation-and-company-structures/fic-iht-treatment-bpr-myth,https://www.propertytaxpartners.co.uk/blog/incorporation-and-company-structures/fic-iht-treatment-bpr-myth,,1,https://www.propertytaxpartners.co.uk/sitemap.xml,incorporation-and-company-structures,no,2026-05,yes,2026-05-22,2026-06-23,2026-05-22,2026-05-22 | Track 1 (FIC): write fic-iht-treatment-bpr-myth (C9 dau,2026-05-23,4,0,,,2341,2222,no,9,0,yes,3c116cbf6,5467,0,0,no,13,2,5,false,55,0,2026-05-27,2026-08-15,0
/blog/incorporation-and-company-structures/fic-property-corporate-governance-board-meetings-resolutions-discipline,https://www.propertytaxpartners.co.uk/blog/incorporation-and-company-structures/fic-property-corporate-governance-board-meetings-resolutions-discipline,CRAWLED_NOT_INDEXED,Crawled - currently not indexed,NEUTRAL,2026-05-27T01:29:00Z,MOBILE,SUCCESSFUL,https://www.propertytaxpartners.co.uk/blog/incorporation-and-company-structures/fic-property-corporate-governance-board-meetings-resolutions-discipline,https://www.propertytaxpartners.co.uk/blog/incorporation-and-company-structures/fic-property-corporate-governance-board-meetings-resolutions-discipline,,1,https://www.propertytaxpartners.co.uk/sitemap.xml,incorporation-and-company-structures,no,2026-05,yes,2026-05-23,2026-07-26,2026-05-23,2026-05-23 | Wave 4 A7: fic-property-corporate-governance-board-meet,2026-05-26,4,0,,,3209,3209,no,0,0,yes,ac66b50b9,8715,0,0,no,6,3,5,false,50,1,2026-05-27,2026-08-17,0
/blog/incorporation-and-company-structures/fic-property-retirement-decumulation-mechanics-uk,https://www.propertytaxpartners.co.uk/blog/incorporation-and-company-structures/fic-property-retirement-decumulation-mechanics-uk,CRAWLED_NOT_INDEXED,Crawled - currently not indexed,NEUTRAL,2026-05-27T04:49:22Z,MOBILE,SUCCESSFUL,https://www.propertytaxpartners.co.uk/blog/incorporation-and-company-structures/fic-property-retirement-decumulation-mechanics-uk,https://www.propertytaxpartners.co.uk/blog/incorporation-and-company-structures/fic-property-retirement-decumulation-mechanics-uk,https://www.propertytaxpartners.co.uk/sitemap.xml,1,https://www.propertytaxpartners.co.uk/sitemap.xml,incorporation-and-company-structures,no,2026-05,yes,2026-05-23,2026-07-26,2026-05-23,2026-05-23 | Wave 4 A8: fic-property-retirement-decumulation-mechani,2026-05-26,7,0,,,2625,2625,no,1,0,yes,5a218f511,7891,0,0,no,6,3,4,false,13,0,2026-05-28,2026-08-11,0
/blog/incorporation-and-company-structures/fic-vs-discretionary-trust-property-comparison,https://www.propertytaxpartners.co.uk/blog/incorporation-and-company-structures/fic-vs-discretionary-trust-property-comparison,CRAWLED_NOT_INDEXED,Crawled - currently not indexed,NEUTRAL,2026-07-07T21:59:58Z,MOBILE,SUCCESSFUL,https://www.propertytaxpartners.co.uk/blog/incorporation-and-company-structures/fic-vs-discretionary-trust-property-comparison,https://www.propertytaxpartners.co.uk/blog/incorporation-and-company-structures/fic-vs-discretionary-trust-property-comparison,https://www.propertytaxpartners.co.uk/sitemap.xml,1,https://www.propertytaxpartners.co.uk/sitemap.xml,incorporation-and-company-structures,no,2026-07,yes,2026-05-22,2026-06-23,2026-05-22,2026-05-22 | Track 1 (FIC): write fic-vs-discretionary-trust-propert,2026-05-23,5,0,,,2148,2148,no,0,0,yes,cdf893f2b,4823,0,0,no,19,3,5,false,25,0,2026-05-24,2026-07-09,0
/blog/incorporation-and-company-structures/gifting-property-to-adult-children-decision-tree-cgt-iht-occupancy-mechanics,https://www.propertytaxpartners.co.uk/blog/incorporation-and-company-structures/gifting-property-to-adult-children-decision-tree-cgt-iht-occupancy-mechanics,CRAWLED_NOT_INDEXED,Crawled - currently not indexed,NEUTRAL,2026-05-27T23:47:33Z,MOBILE,SUCCESSFUL,https://www.propertytaxpartners.co.uk/blog/incorporation-and-company-structures/gifting-property-to-adult-children-decision-tree-cgt-iht-occupancy-mechanics,https://www.propertytaxpartners.co.uk/blog/incorporation-and-company-structures/gifting-property-to-adult-children-decision-tree-cgt-iht-occupancy-mechanics,,1,https://www.propertytaxpartners.co.uk/sitemap.xml,incorporation-and-company-structures,no,2026-05,yes,2026-05-23,2026-06-23,2026-05-23,"2026-05-23 | Wave 6 B8: gifting property to an adult child, five-rou",2026-05-26,3,0,,,4098,4098,no,0,0,yes,600bce55c,9381,0,0,no,7,3,3,false,394,13,2026-05-30,2026-10-04,0
/blog/incorporation-and-company-structures/gifting-property-to-minor-children-bare-trust-mechanics-tax-traps,https://www.propertytaxpartners.co.uk/blog/incorporation-and-company-structures/gifting-property-to-minor-children-bare-trust-mechanics-tax-traps,INDEXED,Submitted and indexed,PASS,2026-09-11T19:21:02Z,MOBILE,SUCCESSFUL,https://www.propertytaxpartners.co.uk/blog/incorporation-and-company-structures/gifting-property-to-minor-children-bare-trust-mechanics-tax-traps,https://www.propertytaxpartners.co.uk/blog/incorporation-and-company-structures/gifting-property-to-minor-children-bare-trust-mechanics-tax-traps,,1,https://www.propertytaxpartners.co.uk/sitemap.xml,incorporation-and-company-structures,no,2026-09,yes,2026-05-23,2026-06-23,2026-05-23,"2026-05-23 | Wave 6 B9: gifting property to a minor child, bare-trus",2026-05-26,4,0,,,3835,3844,no,1,0,yes,cdf893f2b,8968,0,0,no,3,3,4,false,366,3,2026-05-27,2026-10-08,0
/blog/incorporation-and-company-structures/grob-s102-family-home-shared-occupation-s102b-uk-mechanics,https://www.propertytaxpartners.co.uk/blog/incorporation-and-company-structures/grob-s102-family-home-shared-occupation-s102b-uk-mechanics,CRAWLED_NOT_INDEXED,Crawled - currently not indexed,NEUTRAL,2026-07-01T00:56:50Z,MOBILE,SUCCESSFUL,https://www.propertytaxpartners.co.uk/blog/incorporation-and-company-structures/grob-s102-family-home-shared-occupation-s102b-uk-mechanics,https://www.propertytaxpartners.co.uk/blog/incorporation-and-company-structures/grob-s102-family-home-shared-occupation-s102b-uk-mechanics,https://www.propertytaxpartners.co.uk/sitemap.xml,1,https://www.propertytaxpartners.co.uk/sitemap.xml,incorporation-and-company-structures,no,2026-07,yes,2026-05-23,2026-06-23,2026-05-23,2026-05-23 | Wave 6 B5: Family-home GROB and the s.102B(4) carve-out,2026-05-26,3,0,,,3558,3558,no,0,0,yes,cdf893f2b,10541,0,0,no,4,3,4,false,52,0,2026-05-28,2026-07-02,1
/blog/incorporation-and-company-structures/hmrcs-new-guidelines-for-llps-raise-concerns,https://www.propertytaxpartners.co.uk/blog/incorporation-and-company-structures/hmrcs-new-guidelines-for-llps-raise-concerns,CRAWLED_NOT_INDEXED,Crawled - currently not indexed,NEUTRAL,2026-05-29T00:21:45Z,MOBILE,SUCCESSFUL,https://www.propertytaxpartners.co.uk/blog/incorporation-and-company-structures/hmrcs-new-guidelines-for-llps-raise-concerns,https://www.propertytaxpartners.co.uk/blog/incorporation-and-company-structures/hmrcs-new-guidelines-for-llps-raise-concerns,https://www.propertytaxpartners.co.uk/sitemap.xml,2,https://www.propertytaxpartners.co.uk/feed.xml;https://www.propertytaxpartners.co.uk/sitemap.xml,incorporation-and-company-structures,no,2026-05,yes,2026-05-27,2026-08-15,2026-05-27,2026-05-27 | MW2 M2-A-B2 A9: hmrcs-new-guidelines-for-llps-raise-con,2026-05-28,6,0,,,3276,3271,yes,11,0,yes,f6740361d,7419,0,0,no,8,3,6,false,62,0,2026-05-30,2026-08-20,0
/blog/incorporation-and-company-structures/how-many-buy-to-let-limited-companies-uk,https://www.propertytaxpartners.co.uk/blog/incorporation-and-company-structures/how-many-buy-to-let-limited-companies-uk,INDEXED,Submitted and indexed,PASS,2026-10-02T12:47:56Z,MOBILE,SUCCESSFUL,https://www.propertytaxpartners.co.uk/blog/incorporation-and-company-structures/how-many-buy-to-let-limited-companies-uk,https://www.propertytaxpartners.co.uk/blog/incorporation-and-company-structures/how-many-buy-to-let-limited-companies-uk,,2,https://www.propertytaxpartners.co.uk/sitemap.xml;https://www.propertytaxpartners.co.uk/blog/incorporation-and-company-structures/are-landlords-really-leaving-net-formation-data,incorporation-and-company-structures,no,2026-10,yes,2026-09-02,2026-09-28,2026-09-02,2026-09-02 | feat(property): UK SPV Incorporation Index - data engin,2026-09-02,3,0,,,1598,1598,no,0,0,yes,a796de633,4399,0,0,no,3,2,,false,0,0,,,0
/blog/incorporation-and-company-structures/how-old-are-uk-property-companies-age-profile,https://www.propertytaxpartners.co.uk/blog/incorporation-and-company-structures/how-old-are-uk-property-companies-age-profile,DISCOVERED_NOT_INDEXED,Discovered – currently not indexed,NEUTRAL,,CRAWLING_USER_AGENT_UNSPECIFIED,PAGE_FETCH_STATE_UNSPECIFIED,,,https://www.propertytaxpartners.co.uk/sitemap.xml,1,https://www.propertytaxpartners.co.uk/blog/incorporation-and-company-structures/how-many-buy-to-let-limited-companies-uk,incorporation-and-company-structures,no,,yes,2026-09-02,2026-09-02,2026-09-02,2026-09-02 | feat(property): UK SPV Incorporation Index - data engin,2026-09-02,1,0,,,1443,,,,,,,3862,0,0,no,2,2,,false,0,0,,,0
/blog/incorporation-and-company-structures/how-to-choose-right-property-company-structure-uk-landlords-2026,https://www.propertytaxpartners.co.uk/blog/incorporation-and-company-structures/how-to-choose-right-property-company-structure-uk-landlords-2026,CRAWLED_NOT_INDEXED,Crawled - currently not indexed,NEUTRAL,2026-05-15T16:28:46Z,MOBILE,SUCCESSFUL,https://www.propertytaxpartners.co.uk/blog/incorporation-and-company-structures/how-to-choose-right-property-company-structure-uk-landlords-2026,https://www.propertytaxpartners.co.uk/blog/incorporation-and-company-structures/how-to-choose-right-property-company-structure-uk-landlords-2026,,1,https://www.propertytaxpartners.co.uk/feed.xml,incorporation-and-company-structures,no,2026-05,yes,2026-04-10,2026-06-23,2026-04-10,"2026-04-10 | Property site: add 148 blog posts, 2 new category hubs,",2026-04-10,10,2,2026-06-01,2026-06-02,2555,1550,yes,296,1,no,80d51206c,6300,0,0,no,4,2,4,false,23,0,2026-05-17,2026-08-15,0
/blog/incorporation-and-company-structures/how-to-close-a-property-limited-company,https://www.propertytaxpartners.co.uk/blog/incorporation-and-company-structures/how-to-close-a-property-limited-company,INDEXED,Submitted and indexed,PASS,2026-09-03T05:17:56Z,MOBILE,SUCCESSFUL,https://www.propertytaxpartners.co.uk/blog/incorporation-and-company-structures/how-to-close-a-property-limited-company,https://www.propertytaxpartners.co.uk/blog/incorporation-and-company-structures/how-to-close-a-property-limited-company,,1,https://www.propertytaxpartners.co.uk/blog/incorporation-and-company-structures/spv-company-formation-cost-uk,incorporation-and-company-structures,no,2026-09,yes,2026-09-01,2026-09-01,2026-09-01,"2026-09-01 | feat(property): SPV programme Wave 1 - pillar, 8 pages,",2026-09-02,1,0,,,2845,2845,no,0,0,yes,c7f95e31c,6140,0,0,no,7,3,4,false,52,2,2026-09-03,2026-10-07,0
/blog/incorporation-and-company-structures/how-to-set-up-property-investment-company-uk-guide,https://www.propertytaxpartners.co.uk/blog/incorporation-and-company-structures/how-to-set-up-property-investment-company-uk-guide,CRAWLED_NOT_INDEXED,Crawled - currently not indexed,NEUTRAL,2026-07-04T14:59:21Z,MOBILE,SUCCESSFUL,https://www.propertytaxpartners.co.uk/blog/incorporation-and-company-structures/how-to-set-up-property-investment-company-uk-guide,https://www.propertytaxpartners.co.uk/blog/incorporation-and-company-structures/how-to-set-up-property-investment-company-uk-guide,https://www.propertytaxpartners.co.uk/sitemap.xml,2,https://www.propertytaxpartners.co.uk/feed.xml;https://www.propertytaxpartners.co.uk/sitemap.xml,incorporation-and-company-structures,no,2026-07,yes,2026-04-10,2026-09-01,2026-04-10,"2026-04-10 | Property site: add 148 blog posts, 2 new category hubs,",2026-04-10,7,3,2026-09-01,2026-09-02,5379,2960,yes,135,1,no,cdf893f2b,9313,65,3,no,13,2,4,false,28,0,2026-06-05,2026-07-06,0
/blog/incorporation-and-company-structures/how-to-transfer-property-into-limited-company-uk,https://www.propertytaxpartners.co.uk/blog/incorporation-and-company-structures/how-to-transfer-property-into-limited-company-uk,INDEXED,Submitted and indexed,PASS,2026-10-09T00:42:11Z,MOBILE,SUCCESSFUL,https://www.propertytaxpartners.co.uk/blog/incorporation-and-company-structures/how-to-transfer-property-into-limited-company-uk,https://www.propertytaxpartners.co.uk/blog/incorporation-and-company-structures/how-to-transfer-property-into-limited-company-uk,https://www.propertytaxpartners.co.uk/sitemap.xml,2,https://www.propertytaxpartners.co.uk/feed.xml;https://www.propertytaxpartners.co.uk/sitemap.xml,incorporation-and-company-structures,no,2026-10,yes,2026-03-29,2026-10-10,2026-03-29,2026-03-29 | Generate 27 new Property blog posts,2026-03-29,14,3,2026-06-01,2026-06-02,2603,2578,no,1,0,yes,b226ff381,6479,1331,313,yes,21,3,4,false,2742,20,2026-05-18,2026-10-08,15
/blog/incorporation-and-company-structures/how-us-based-directors-of-uk-companies-can-navigate-ecctas-new-identity-verification-rules,https://www.propertytaxpartners.co.uk/blog/incorporation-and-company-structures/how-us-based-directors-of-uk-companies-can-navigate-ecctas-new-identity-verification-rules,CRAWLED_NOT_INDEXED,Crawled - currently not indexed,NEUTRAL,2026-07-04T08:02:02Z,MOBILE,SUCCESSFUL,https://www.propertytaxpartners.co.uk/blog/incorporation-and-company-structures/how-us-based-directors-of-uk-companies-can-navigate-ecctas-new-identity-verification-rules,https://www.propertytaxpartners.co.uk/blog/incorporation-and-company-structures/how-us-based-directors-of-uk-companies-can-navigate-ecctas-new-identity-verification-rules,https://www.propertytaxpartners.co.uk/sitemap.xml,2,https://www.propertytaxpartners.co.uk/feed.xml;https://www.propertytaxpartners.co.uk/sitemap.xml,incorporation-and-company-structures,no,2026-07,yes,2026-05-27,2026-07-28,2026-05-27,2026-05-27 | MW2 RUN B-B3: how-us-based-directors-of-uk-companies-ca,2026-05-28,5,0,,,3292,3292,no,2,0,yes,cdf893f2b,8408,0,0,no,4,3,6,false,29,1,2026-05-30,2026-07-01,0
/blog/incorporation-and-company-structures/hybrid-limited-liability-partnership,https://www.propertytaxpartners.co.uk/blog/incorporation-and-company-structures/hybrid-limited-liability-partnership,CRAWLED_NOT_INDEXED,Crawled - currently not indexed,NEUTRAL,2026-05-29T00:03:36Z,MOBILE,SUCCESSFUL,,,https://www.propertytaxpartners.co.uk/sitemap.xml,2,https://www.propertytaxpartners.co.uk/feed.xml;https://www.propertytaxpartners.co.uk/sitemap.xml,incorporation-and-company-structures,no,2026-05,yes,2026-05-27,2026-08-15,2026-05-27,2026-05-27 | MW2 M2-A-B2 A10: hybrid-limited-liability-partnership -,2026-05-28,5,1,2026-08-15,2026-08-15,3468,3480,yes,12,1,no,f6740361d,7483,0,0,no,8,3,6,false,46,0,2026-06-02,2026-08-28,0
/blog/incorporation-and-company-structures/identity-verification-for-pscs-your-questions-answered,https://www.propertytaxpartners.co.uk/blog/incorporation-and-company-structures/identity-verification-for-pscs-your-questions-answered,CRAWLED_NOT_INDEXED,Crawled - currently not indexed,NEUTRAL,2026-07-05T01:17:25Z,MOBILE,SUCCESSFUL,https://www.propertytaxpartners.co.uk/blog/incorporation-and-company-structures/identity-verification-for-pscs-your-questions-answered,https://www.propertytaxpartners.co.uk/blog/incorporation-and-company-structures/identity-verification-for-pscs-your-questions-answered,,1,https://www.propertytaxpartners.co.uk/sitemap.xml,incorporation-and-company-structures,no,2026-07,yes,2026-05-27,2026-06-23,2026-05-27,2026-05-27 | MW2 RUN B-B4: identity-verification-for-pscs-your-quest,2026-05-28,4,0,,,4014,4014,no,0,0,yes,cdf893f2b,9493,0,0,no,1,3,,false,57,1,2026-05-30,2026-07-07,0
/blog/incorporation-and-company-structures/identity-verification-form,https://www.propertytaxpartners.co.uk/blog/incorporation-and-company-structures/identity-verification-form,CRAWLED_NOT_INDEXED,Crawled - currently not indexed,NEUTRAL,2026-07-05T04:29:52Z,MOBILE,SUCCESSFUL,https://www.propertytaxpartners.co.uk/blog/incorporation-and-company-structures/identity-verification-form,https://www.propertytaxpartners.co.uk/blog/incorporation-and-company-structures/identity-verification-form,,1,https://www.propertytaxpartners.co.uk/sitemap.xml,incorporation-and-company-structures,no,2026-07,yes,2026-05-27,2026-06-23,2026-05-27,2026-05-27 | MW2 RUN B-B4: identity-verification-form page (M2-B-B4 ,2026-05-28,4,0,,,4289,4289,no,0,0,yes,cdf893f2b,8866,0,0,no,1,3,,false,96,0,2026-05-31,2026-07-07,0
/blog/incorporation-and-company-structures/immediate-post-death-interest-ipdi-rental-property-tax-iht-1984-s49a,https://www.propertytaxpartners.co.uk/blog/incorporation-and-company-structures/immediate-post-death-interest-ipdi-rental-property-tax-iht-1984-s49a,CRAWLED_NOT_INDEXED,Crawled - currently not indexed,NEUTRAL,2026-05-27T06:33:16Z,MOBILE,SUCCESSFUL,https://www.propertytaxpartners.co.uk/blog/incorporation-and-company-structures/immediate-post-death-interest-ipdi-rental-property-tax-iht-1984-s49a,https://www.propertytaxpartners.co.uk/blog/incorporation-and-company-structures/immediate-post-death-interest-ipdi-rental-property-tax-iht-1984-s49a,,1,https://www.propertytaxpartners.co.uk/sitemap.xml,incorporation-and-company-structures,no,2026-05,yes,2026-05-24,2026-07-20,2026-05-24,2026-05-24 | C2 (Wave 7): immediate-post-death-interest-ipdi-rental-,2026-05-26,4,0,,,3090,3088,no,1,0,yes,1cd3e886f,9115,0,0,no,2,3,5,false,88,0,2026-05-28,2026-08-29,0
/blog/incorporation-and-company-structures/incorporate-rental-property-without-cgt,https://www.propertytaxpartners.co.uk/blog/incorporation-and-company-structures/incorporate-rental-property-without-cgt,INDEXED,Submitted and indexed,PASS,2026-09-22T21:09:44Z,MOBILE,SUCCESSFUL,https://www.propertytaxpartners.co.uk/blog/incorporation-and-company-structures/incorporate-rental-property-without-cgt,,https://www.propertytaxpartners.co.uk/sitemap.xml,1,https://www.propertytaxpartners.co.uk/sitemap.xml,incorporation-and-company-structures,no,2026-09,yes,2026-03-29,2026-09-01,2026-03-29,2026-03-29 | Launch Property Tax Partners with 17 blog articles and ,2026-03-29,15,4,2026-09-01,2026-09-02,3290,3290,no,0,0,yes,c7f95e31c,6856,0,0,no,24,3,3,false,2,0,2026-09-28,2026-10-05,0
/blog/incorporation-and-company-structures/incorporating-an-hmo-into-a-limited-company-pros-and-cons,https://www.propertytaxpartners.co.uk/blog/incorporation-and-company-structures/incorporating-an-hmo-into-a-limited-company-pros-and-cons,CRAWLED_NOT_INDEXED,Crawled - currently not indexed,NEUTRAL,2026-07-05T07:15:49Z,MOBILE,SUCCESSFUL,https://www.propertytaxpartners.co.uk/blog/incorporation-and-company-structures/incorporating-an-hmo-into-a-limited-company-pros-and-cons,https://www.propertytaxpartners.co.uk/blog/incorporation-and-company-structures/incorporating-an-hmo-into-a-limited-company-pros-and-cons,,2,https://www.propertytaxpartners.co.uk/feed.xml;https://www.propertytaxpartners.co.uk/sitemap.xml,incorporation-and-company-structures,no,2026-07,yes,2026-05-27,2026-08-21,2026-05-27,2026-05-27 | MW2 M2-A-B2 A11: incorporating-an-hmo-into-a-limited-co,2026-05-28,5,0,,,3414,3413,no,1,0,yes,cdf893f2b,7637,0,0,no,3,3,5,false,29,0,2026-06-04,2026-07-07,0
/blog/incorporation-and-company-structures/incorporating-hmo-portfolio-to-limited-company,https://www.propertytaxpartners.co.uk/blog/incorporation-and-company-structures/incorporating-hmo-portfolio-to-limited-company,CRAWLED_NOT_INDEXED,Crawled - currently not indexed,NEUTRAL,2026-07-07T11:40:43Z,MOBILE,SUCCESSFUL,https://www.propertytaxpartners.co.uk/blog/incorporation-and-company-structures/incorporating-hmo-portfolio-to-limited-company,https://www.propertytaxpartners.co.uk/blog/incorporation-and-company-structures/incorporating-hmo-portfolio-to-limited-company,https://www.propertytaxpartners.co.uk/sitemap.xml,1,https://www.propertytaxpartners.co.uk/sitemap.xml,incorporation-and-company-structures,no,2026-07,yes,2026-05-22,2026-08-21,2026-05-22,2026-05-22 | Track 1 (Ltd Co): write incorporating-hmo-portfolio-to-,2026-05-23,5,0,,,2608,2557,yes,10,0,yes,cdf893f2b,6228,0,0,no,3,3,6,false,26,0,2026-05-27,2026-07-09,0
/blog/incorporation-and-company-structures/incorporating-property-portfolio-uk-2026,https://www.propertytaxpartners.co.uk/blog/incorporation-and-company-structures/incorporating-property-portfolio-uk-2026,INDEXED,Submitted and indexed,PASS,2026-09-24T11:10:51Z,MOBILE,SUCCESSFUL,https://www.propertytaxpartners.co.uk/blog/incorporation-and-company-structures/incorporating-property-portfolio-uk-2026,https://www.propertytaxpartners.co.uk/blog/incorporation-and-company-structures/incorporating-property-portfolio-uk-2026,https://www.propertytaxpartners.co.uk/sitemap.xml,2,https://www.propertytaxpartners.co.uk/feed.xml;https://www.propertytaxpartners.co.uk/sitemap.xml,incorporation-and-company-structures,no,2026-09,yes,2026-05-18,2026-10-09,2026-05-18,"2026-05-18 | Property: 7 new posts targeting GSC keyword gaps (1,025",2026-05-18,11,2,2026-09-01,2026-09-02,4269,4268,no,1,0,yes,c7f95e31c,8370,26,3,no,26,2,4,false,149,0,2026-05-20,2026-10-07,2
/blog/incorporation-and-company-structures/incorporation-case-study-10-property-portfolio-200k-mortgage,https://www.propertytaxpartners.co.uk/blog/incorporation-and-company-structures/incorporation-case-study-10-property-portfolio-200k-mortgage,CRAWLED_NOT_INDEXED,Crawled - currently not indexed,NEUTRAL,2026-07-04T23:56:53Z,MOBILE,SUCCESSFUL,https://www.propertytaxpartners.co.uk/blog/incorporation-and-company-structures/incorporation-case-study-10-property-portfolio-200k-mortgage,https://www.propertytaxpartners.co.uk/blog/incorporation-and-company-structures/incorporation-case-study-10-property-portfolio-200k-mortgage,https://www.propertytaxpartners.co.uk/sitemap.xml,2,https://www.propertytaxpartners.co.uk/feed.xml;https://www.propertytaxpartners.co.uk/sitemap.xml,incorporation-and-company-structures,no,2026-07,yes,2026-04-10,2026-06-23,2026-04-10,"2026-04-10 | Property site: add 148 blog posts, 2 new category hubs,",2026-04-10,5,2,2026-06-02,2026-06-02,2523,2523,no,0,0,yes,cdf893f2b,6065,0,0,no,2,3,5,false,45,0,2026-06-18,2026-09-09,0
/blog/incorporation-and-company-structures/incorporation-case-study-5-property-portfolio-analysis,https://www.propertytaxpartners.co.uk/blog/incorporation-and-company-structures/incorporation-case-study-5-property-portfolio-analysis,CRAWLED_NOT_INDEXED,Crawled - currently not indexed,NEUTRAL,2026-07-06T09:50:11Z,MOBILE,SUCCESSFUL,https://www.propertytaxpartners.co.uk/blog/incorporation-and-company-structures/incorporation-case-study-5-property-portfolio-analysis,https://www.propertytaxpartners.co.uk/blog/incorporation-and-company-structures/incorporation-case-study-5-property-portfolio-analysis,https://www.propertytaxpartners.co.uk/sitemap.xml,2,https://www.propertytaxpartners.co.uk/feed.xml;https://www.propertytaxpartners.co.uk/sitemap.xml,incorporation-and-company-structures,no,2026-07,yes,2026-03-29,2026-06-23,2026-03-29,2026-03-29 | Launch Property Tax Partners with 17 blog articles and ,2026-03-29,10,2,2026-06-01,2026-06-02,2644,2644,no,0,0,yes,cdf893f2b,6125,0,0,no,0,3,,true,1,0,2026-06-18,2026-06-18,1
/blog/incorporation-and-company-structures/incorporation-cost-calculator-cgt-sdlt-implications,https://www.propertytaxpartners.co.uk/blog/incorporation-and-company-structures/incorporation-cost-calculator-cgt-sdlt-implications,CRAWLED_NOT_INDEXED,Crawled - currently not indexed,NEUTRAL,2026-05-28T15:32:48Z,MOBILE,SUCCESSFUL,,,https://www.propertytaxpartners.co.uk/sitemap.xml,1,https://www.propertytaxpartners.co.uk/sitemap.xml,incorporation-and-company-structures,no,2026-05,yes,2026-03-29,2026-08-03,2026-03-29,2026-03-29 | Generate 27 new Property blog posts,2026-03-29,12,2,2026-06-01,2026-06-02,2417,956,yes,161,1,no,5da8276aa,5662,0,0,no,4,2,5,false,1,0,2026-07-16,2026-07-16,1
/blog/incorporation-and-company-structures/incorporation-existing-portfolios-phased-approach,https://www.propertytaxpartners.co.uk/blog/incorporation-and-company-structures/incorporation-existing-portfolios-phased-approach,CRAWLED_NOT_INDEXED,Crawled - currently not indexed,NEUTRAL,2026-09-06T12:26:50Z,MOBILE,SUCCESSFUL,https://www.propertytaxpartners.co.uk/blog/incorporation-and-company-structures/incorporation-existing-portfolios-phased-approach,https://www.propertytaxpartners.co.uk/blog/incorporation-and-company-structures/incorporation-existing-portfolios-phased-approach,https://www.propertytaxpartners.co.uk/sitemap.xml,2,https://www.propertytaxpartners.co.uk/feed.xml;https://www.propertytaxpartners.co.uk/sitemap.xml,incorporation-and-company-structures,no,2026-09,yes,2026-03-29,2026-09-01,2026-03-29,2026-03-29 | Launch Property Tax Partners with 17 blog articles and ,2026-03-29,13,4,2026-09-01,2026-09-02,2918,2918,no,0,0,yes,c7f95e31c,6027,0,0,no,8,3,4,false,48,0,2026-09-10,2026-10-07,0
/blog/incorporation-and-company-structures/incorporation-holdover-relief-property,https://www.propertytaxpartners.co.uk/blog/incorporation-and-company-structures/incorporation-holdover-relief-property,CRAWLED_NOT_INDEXED,Crawled - currently not indexed,NEUTRAL,2026-05-15T09:02:56Z,MOBILE,SUCCESSFUL,,,,2,https://www.propertytaxpartners.co.uk/feed.xml;https://www.propertytaxpartners.co.uk/sitemap.xml,incorporation-and-company-structures,no,2026-05,yes,2026-04-01,2026-10-09,2026-04-01,2026-04-01 | content: add 52 Property blog posts (Phase 2 complete),2026-04-01,15,3,2026-06-02,2026-06-02,2486,763,yes,174,1,no,80d51206c,5448,0,0,no,12,3,3,false,68,0,2026-05-21,2026-10-03,0
/blog/incorporation-and-company-structures/incorporation-timing-when-to-incorporate-property-portfolio,https://www.propertytaxpartners.co.uk/blog/incorporation-and-company-structures/incorporation-timing-when-to-incorporate-property-portfolio,INDEXED,Submitted and indexed,PASS,2026-09-30T21:58:22Z,MOBILE,SUCCESSFUL,https://www.propertytaxpartners.co.uk/blog/incorporation-and-company-structures/incorporation-timing-when-to-incorporate-property-portfolio,https://www.propertytaxpartners.co.uk/blog/incorporation-and-company-structures/incorporation-timing-when-to-incorporate-property-portfolio,https://www.propertytaxpartners.co.uk/sitemap.xml,3,https://www.propertytaxpartners.co.uk/blog/incorporation-timing-when-to-incorporate-property-portfolio;https://www.propertytaxpartners.co.uk/feed.xml;https://www.propertytaxpartners.co.uk/sitemap.xml,incorporation-and-company-structures,no,2026-09,yes,2026-03-29,2026-06-23,2026-03-29,2026-03-29 | Generate 27 new Property blog posts,2026-03-29,15,5,2026-06-06,2026-06-07,2808,2808,no,0,0,yes,b226ff381,6199,0,0,no,20,2,3,false,54,0,2026-05-21,2026-10-08,0
/blog/incorporation-and-company-structures/interest-in-possession-iht-treatment-iipi-iht49a-life-tenant-rental-property,https://www.propertytaxpartners.co.uk/blog/incorporation-and-company-structures/interest-in-possession-iht-treatment-iipi-iht49a-life-tenant-rental-property,CRAWLED_NOT_INDEXED,Crawled - currently not indexed,NEUTRAL,2026-07-08T10:44:53Z,MOBILE,SUCCESSFUL,https://www.propertytaxpartners.co.uk/blog/incorporation-and-company-structures/interest-in-possession-iht-treatment-iipi-iht49a-life-tenant-rental-property,https://www.propertytaxpartners.co.uk/blog/incorporation-and-company-structures/interest-in-possession-iht-treatment-iipi-iht49a-life-tenant-rental-property,https://www.propertytaxpartners.co.uk/sitemap.xml,1,https://www.propertytaxpartners.co.uk/sitemap.xml,incorporation-and-company-structures,no,2026-07,yes,2026-05-23,2026-06-23,2026-05-23,2026-05-23 | Wave 6 B3: IPDI mechanic for property + s.49(1A) carve-,2026-05-26,4,0,,,2826,2840,no,8,0,yes,cdf893f2b,9538,0,0,no,2,3,6,false,11,0,2026-05-29,2026-06-30,0
/blog/incorporation-and-company-structures/intestacy-mechanics-rental-property-portfolio-no-will-cohort-operational-walkthrough,https://www.propertytaxpartners.co.uk/blog/incorporation-and-company-structures/intestacy-mechanics-rental-property-portfolio-no-will-cohort-operational-walkthrough,CRAWLED_NOT_INDEXED,Crawled - currently not indexed,NEUTRAL,2026-07-05T19:08:56Z,MOBILE,SUCCESSFUL,https://www.propertytaxpartners.co.uk/blog/incorporation-and-company-structures/intestacy-mechanics-rental-property-portfolio-no-will-cohort-operational-walkthrough,https://www.propertytaxpartners.co.uk/blog/incorporation-and-company-structures/intestacy-mechanics-rental-property-portfolio-no-will-cohort-operational-walkthrough,https://www.propertytaxpartners.co.uk/sitemap.xml,1,https://www.propertytaxpartners.co.uk/sitemap.xml,incorporation-and-company-structures,no,2026-07,yes,2026-05-23,2026-07-26,2026-05-23,2026-05-23 | Wave 6 B10: intestacy walkthrough for landlord estates,2026-05-26,4,0,,,4428,4428,no,0,0,yes,cdf893f2b,9721,0,0,no,0,3,,true,15,0,2026-06-02,2026-06-28,0
/blog/incorporation-and-company-structures/landlord-incorporation-step-by-step-guide-uk,https://www.propertytaxpartners.co.uk/blog/incorporation-and-company-structures/landlord-incorporation-step-by-step-guide-uk,CRAWLED_NOT_INDEXED,Crawled - currently not indexed,NEUTRAL,2026-07-09T08:43:48Z,MOBILE,SUCCESSFUL,https://www.propertytaxpartners.co.uk/blog/incorporation-and-company-structures/landlord-incorporation-step-by-step-guide-uk,https://www.propertytaxpartners.co.uk/blog/incorporation-and-company-structures/landlord-incorporation-step-by-step-guide-uk,https://www.propertytaxpartners.co.uk/sitemap.xml,2,https://www.propertytaxpartners.co.uk/feed.xml;https://www.propertytaxpartners.co.uk/sitemap.xml,incorporation-and-company-structures,no,2026-07,yes,2026-04-01,2026-08-21,2026-04-01,2026-04-01 | content: add 52 Property blog posts (Phase 2 complete),2026-04-01,13,2,2026-06-01,2026-06-02,2625,2625,no,7,0,yes,cdf893f2b,6364,1,0,no,8,3,4,false,48,0,2026-06-03,2026-07-12,0
/blog/incorporation-and-company-structures/landlord-registration-limited-company-scotland-wales,https://www.propertytaxpartners.co.uk/blog/incorporation-and-company-structures/landlord-registration-limited-company-scotland-wales,DISCOVERED_NOT_INDEXED,Discovered – currently not indexed,NEUTRAL,,CRAWLING_USER_AGENT_UNSPECIFIED,PAGE_FETCH_STATE_UNSPECIFIED,,,https://www.propertytaxpartners.co.uk/sitemap.xml,1,https://www.propertytaxpartners.co.uk/blog,incorporation-and-company-structures,no,,yes,2026-09-02,2026-09-02,2026-09-02,2026-09-02 | feat(property): SPV programme Wave 3 - 3 new pages + 3 ,2026-09-02,1,0,,,1766,,,,,,,4762,0,0,no,1,2,5,false,0,0,,,0
/blog/incorporation-and-company-structures/limited-companies,https://www.propertytaxpartners.co.uk/blog/incorporation-and-company-structures/limited-companies,CRAWLED_NOT_INDEXED,Crawled - currently not indexed,NEUTRAL,2026-07-04T14:05:43Z,MOBILE,SUCCESSFUL,https://www.propertytaxpartners.co.uk/blog/incorporation-and-company-structures/limited-companies,https://www.propertytaxpartners.co.uk/blog/incorporation-and-company-structures/limited-companies,https://www.propertytaxpartners.co.uk/sitemap.xml,2,https://www.propertytaxpartners.co.uk/feed.xml;https://www.propertytaxpartners.co.uk/sitemap.xml,incorporation-and-company-structures,no,2026-07,yes,2026-05-27,2026-09-27,2026-05-27,2026-05-27 | MW2 M2-A-B2 A12: limited-companies - PILLAR/HUB page fo,2026-05-28,9,0,,,4814,4796,no,1,0,yes,cdf893f2b,9655,0,0,no,12,3,5,false,15,0,2026-06-02,2026-07-05,0
/blog/incorporation-and-company-structures/limited-companies-and-btl-properties,https://www.propertytaxpartners.co.uk/blog/incorporation-and-company-structures/limited-companies-and-btl-properties,CRAWLED_NOT_INDEXED,Crawled - currently not indexed,NEUTRAL,2026-07-04T14:09:43Z,MOBILE,SUCCESSFUL,https://www.propertytaxpartners.co.uk/blog/incorporation-and-company-structures/limited-companies-and-btl-properties,https://www.propertytaxpartners.co.uk/blog/incorporation-and-company-structures/limited-companies-and-btl-properties,,2,https://www.propertytaxpartners.co.uk/feed.xml;https://www.propertytaxpartners.co.uk/sitemap.xml,incorporation-and-company-structures,no,2026-07,yes,2026-05-27,2026-09-27,2026-05-27,2026-05-27 | MW2 M2-A-B3 A13: limited-companies-and-btl-properties -,2026-05-28,5,0,,,3867,3784,no,1,0,yes,cdf893f2b,8084,0,0,no,8,3,5,false,18,0,2026-05-31,2026-07-02,0
/blog/incorporation-and-company-structures/limited-company-buy-to-let-allowable-expenses,https://www.propertytaxpartners.co.uk/blog/incorporation-and-company-structures/limited-company-buy-to-let-allowable-expenses,DISCOVERED_NOT_INDEXED,Discovered – currently not indexed,NEUTRAL,,CRAWLING_USER_AGENT_UNSPECIFIED,PAGE_FETCH_STATE_UNSPECIFIED,,,https://www.propertytaxpartners.co.uk/sitemap.xml,1,https://www.propertytaxpartners.co.uk/blog/incorporation-and-company-structures/spv-company-formation-cost-uk,incorporation-and-company-structures,no,,yes,2026-09-01,2026-09-01,2026-09-01,"2026-09-01 | feat(property): SPV programme Wave 1 - pillar, 8 pages,",2026-09-02,1,0,,,2656,,,,,,,5906,0,0,no,3,3,5,false,0,0,,,0
/blog/incorporation-and-company-structures/limited-company-vs-personal-ownership-tax-comparison-2026,https://www.propertytaxpartners.co.uk/blog/incorporation-and-company-structures/limited-company-vs-personal-ownership-tax-comparison-2026,INDEXED,Submitted and indexed,PASS,2026-10-02T07:35:10Z,MOBILE,SUCCESSFUL,https://www.propertytaxpartners.co.uk/blog/incorporation-and-company-structures/limited-company-vs-personal-ownership-tax-comparison-2026,https://www.propertytaxpartners.co.uk/blog/incorporation-and-company-structures/limited-company-vs-personal-ownership-tax-comparison-2026,https://www.propertytaxpartners.co.uk/sitemap.xml,1,https://www.propertytaxpartners.co.uk/sitemap.xml,incorporation-and-company-structures,no,2026-10,yes,2026-03-29,2026-06-23,2026-03-29,2026-03-29 | Generate 27 new Property blog posts,2026-03-29,14,2,2026-06-01,2026-06-02,2263,2263,no,0,0,yes,b226ff381,5161,0,0,no,33,2,3,false,161,0,2026-05-22,2026-10-08,0
/blog/incorporation-and-company-structures/llp-accounts,https://www.propertytaxpartners.co.uk/blog/incorporation-and-company-structures/llp-accounts,CRAWLED_NOT_INDEXED,Crawled - currently not indexed,NEUTRAL,2026-07-08T11:23:44Z,MOBILE,SUCCESSFUL,https://www.propertytaxpartners.co.uk/blog/incorporation-and-company-structures/llp-accounts,https://www.propertytaxpartners.co.uk/blog/incorporation-and-company-structures/llp-accounts,https://www.propertytaxpartners.co.uk/sitemap.xml,1,https://www.propertytaxpartners.co.uk/sitemap.xml,incorporation-and-company-structures,no,2026-07,yes,2026-05-27,2026-07-20,2026-05-27,2026-05-27 | MW2 M2-A-B3 A14: llp-accounts - LLP accounts-and-filing,2026-05-28,4,0,,,2803,2797,no,1,0,yes,cdf893f2b,6223,72,4,no,6,3,5,false,164,0,2026-06-02,2026-09-11,0
/blog/incorporation-and-company-structures/llp-and-taxation-benefits,https://www.propertytaxpartners.co.uk/blog/incorporation-and-company-structures/llp-and-taxation-benefits,INDEXED,Submitted and indexed,PASS,2026-09-10T05:21:50Z,MOBILE,SUCCESSFUL,https://www.propertytaxpartners.co.uk/blog/incorporation-and-company-structures/llp-and-taxation-benefits,https://www.propertytaxpartners.co.uk/blog/incorporation-and-company-structures/llp-and-taxation-benefits,https://www.propertytaxpartners.co.uk/sitemap.xml,1,https://www.propertytaxpartners.co.uk/sitemap.xml,incorporation-and-company-structures,no,2026-09,yes,2026-05-27,2026-07-26,2026-05-27,2026-05-27 | MW2 M2-A-B3 A15: llp-and-taxation-benefits - honest UK-,2026-05-28,6,0,,,3015,3015,no,0,0,yes,c218d7a69,6552,2,0,no,4,3,5,false,129,2,2026-06-02,2026-10-08,0
/blog/incorporation-and-company-structures/llp-property-investment-worth-considering,https://www.propertytaxpartners.co.uk/blog/incorporation-and-company-structures/llp-property-investment-worth-considering,CRAWLED_NOT_INDEXED,Crawled - currently not indexed,NEUTRAL,2026-07-06T15:21:03Z,MOBILE,SUCCESSFUL,https://www.propertytaxpartners.co.uk/blog/incorporation-and-company-structures/llp-property-investment-worth-considering,https://www.propertytaxpartners.co.uk/blog/incorporation-and-company-structures/llp-property-investment-worth-considering,,1,https://www.propertytaxpartners.co.uk/feed.xml,incorporation-and-company-structures,no,2026-07,yes,2026-04-10,2026-06-23,2026-04-10,"2026-04-10 | Property site: add 148 blog posts, 2 new category hubs,",2026-04-10,7,2,2026-06-01,2026-06-02,2598,2598,no,0,0,yes,cdf893f2b,6926,2,0,no,10,3,5,false,28,1,2026-05-22,2026-07-09,0
/blog/incorporation-and-company-structures/multi-company-group-extraction-spv-holding-co-dividend-conduit-mechanics,https://www.propertytaxpartners.co.uk/blog/incorporation-and-company-structures/multi-company-group-extraction-spv-holding-co-dividend-conduit-mechanics,CRAWLED_NOT_INDEXED,Crawled - currently not indexed,NEUTRAL,2026-06-30T19:21:48Z,MOBILE,SUCCESSFUL,https://www.propertytaxpartners.co.uk/blog/incorporation-and-company-structures/multi-company-group-extraction-spv-holding-co-dividend-conduit-mechanics,https://www.propertytaxpartners.co.uk/blog/incorporation-and-company-structures/multi-company-group-extraction-spv-holding-co-dividend-conduit-mechanics,https://www.propertytaxpartners.co.uk/sitemap.xml,2,https://www.propertytaxpartners.co.uk/feed.xml;https://www.propertytaxpartners.co.uk/sitemap.xml,incorporation-and-company-structures,no,2026-06,yes,2026-05-23,2026-06-23,2026-05-23,2026-05-23 | Wave 6 A7: property HoldCo group extraction pillar,2026-05-26,4,0,,,3385,3428,no,3,0,yes,cdf893f2b,8538,0,0,no,12,3,4,false,10,0,2026-06-03,2026-06-30,0
/blog/incorporation-and-company-structures/mvl-members-voluntary-liquidation-property-company-cgt-vs-income-treatment,https://www.propertytaxpartners.co.uk/blog/incorporation-and-company-structures/mvl-members-voluntary-liquidation-property-company-cgt-vs-income-treatment,CRAWLED_NOT_INDEXED,Crawled - currently not indexed,NEUTRAL,2026-06-20T01:45:14Z,MOBILE,SUCCESSFUL,https://www.propertytaxpartners.co.uk/blog/incorporation-and-company-structures/mvl-members-voluntary-liquidation-property-company-cgt-vs-income-treatment,https://www.propertytaxpartners.co.uk/blog/incorporation-and-company-structures/mvl-members-voluntary-liquidation-property-company-cgt-vs-income-treatment,https://www.propertytaxpartners.co.uk/sitemap.xml,1,https://www.propertytaxpartners.co.uk/sitemap.xml,incorporation-and-company-structures,no,2026-06,yes,2026-05-23,2026-06-23,2026-05-23,2026-05-23 | Wave 6 A4: MVL property company (CGT vs income on final,2026-05-26,6,0,,,3720,3720,no,0,0,yes,f4f6d9775,8841,0,0,no,13,3,4,false,148,4,2026-05-28,2026-08-16,0
/blog/incorporation-and-company-structures/partnership-partnership-agreement-roles-types-benefits,https://www.propertytaxpartners.co.uk/blog/incorporation-and-company-structures/partnership-partnership-agreement-roles-types-benefits,CRAWLED_NOT_INDEXED,Crawled - currently not indexed,NEUTRAL,2026-05-28T23:52:10Z,MOBILE,SUCCESSFUL,https://www.propertytaxpartners.co.uk/blog/incorporation-and-company-structures/partnership-partnership-agreement-roles-types-benefits,https://www.propertytaxpartners.co.uk/blog/incorporation-and-company-structures/partnership-partnership-agreement-roles-types-benefits,,1,https://www.propertytaxpartners.co.uk/sitemap.xml,incorporation-and-company-structures,no,2026-05,yes,2026-05-27,2026-06-23,2026-05-27,2026-05-27 | MW2 M2-A-B3 A16: partnership-partnership-agreement-role,2026-05-28,6,1,2026-06-07,2026-06-07,3549,3216,yes,89,1,no,f6740361d,7136,0,0,no,4,3,5,false,84,0,2026-05-29,2026-08-16,0
/blog/incorporation-and-company-structures/partnership-sdlt-relief-schedule-15-fa-2003-incorporation-sum-lower-proportions,https://www.propertytaxpartners.co.uk/blog/incorporation-and-company-structures/partnership-sdlt-relief-schedule-15-fa-2003-incorporation-sum-lower-proportions,CRAWLED_NOT_INDEXED,Crawled - currently not indexed,NEUTRAL,2026-05-27T06:33:23Z,MOBILE,SUCCESSFUL,https://www.propertytaxpartners.co.uk/blog/incorporation-and-company-structures/partnership-sdlt-relief-schedule-15-fa-2003-incorporation-sum-lower-proportions,https://www.propertytaxpartners.co.uk/blog/incorporation-and-company-structures/partnership-sdlt-relief-schedule-15-fa-2003-incorporation-sum-lower-proportions,,1,https://www.propertytaxpartners.co.uk/sitemap.xml,incorporation-and-company-structures,no,2026-05,yes,2026-05-24,2026-06-23,2026-05-24,2026-05-24 | C9 (Wave 7): partnership-sdlt-relief-schedule-15-fa-200,2026-05-26,4,1,2026-06-07,2026-06-07,3338,3330,yes,20,1,no,5f3676abe,9308,270,15,yes,21,3,4,false,2053,2,2026-05-27,2026-10-02,2
/blog/incorporation-and-company-structures/pre-sale-extraction-strip-cash-before-spv-share-sale-vs-buyer-discount,https://www.propertytaxpartners.co.uk/blog/incorporation-and-company-structures/pre-sale-extraction-strip-cash-before-spv-share-sale-vs-buyer-discount,INDEXED,Submitted and indexed,PASS,2026-08-16T19:25:22Z,MOBILE,SUCCESSFUL,https://www.propertytaxpartners.co.uk/blog/incorporation-and-company-structures/pre-sale-extraction-strip-cash-before-spv-share-sale-vs-buyer-discount,https://www.propertytaxpartners.co.uk/blog/incorporation-and-company-structures/pre-sale-extraction-strip-cash-before-spv-share-sale-vs-buyer-discount,https://www.propertytaxpartners.co.uk/sitemap.xml,2,https://www.propertytaxpartners.co.uk/feed.xml;https://www.propertytaxpartners.co.uk/sitemap.xml,incorporation-and-company-structures,no,2026-08,yes,2026-05-23,2026-06-23,2026-05-23,2026-05-23 | Wave 6 A9: pre-sale SPV cash strip vs buyer discount (T,2026-05-26,3,0,,,2993,2993,no,0,0,yes,cdf893f2b,7727,0,0,no,6,3,4,false,368,4,2026-05-28,2026-10-08,0
/blog/incorporation-and-company-structures/property-company-accounting-requirements-hmrc-expectations,https://www.propertytaxpartners.co.uk/blog/incorporation-and-company-structures/property-company-accounting-requirements-hmrc-expectations,CRAWLED_NOT_INDEXED,Crawled - currently not indexed,NEUTRAL,2026-07-12T17:22:54Z,MOBILE,SUCCESSFUL,https://www.propertytaxpartners.co.uk/blog/incorporation-and-company-structures/property-company-accounting-requirements-hmrc-expectations,https://www.propertytaxpartners.co.uk/blog/incorporation-and-company-structures/property-company-accounting-requirements-hmrc-expectations,https://www.propertytaxpartners.co.uk/sitemap.xml,0,,incorporation-and-company-structures,no,2026-07,yes,2026-04-10,2026-07-20,2026-04-10,"2026-04-10 | Property site: add 148 blog posts, 2 new category hubs,",2026-04-10,9,2,2026-06-02,2026-06-02,2648,2640,no,1,0,yes,cdf893f2b,6356,0,0,no,1,3,4,false,93,0,2026-05-30,2026-09-22,0
/blog/incorporation-and-company-structures/property-company-dividend-tax,https://www.propertytaxpartners.co.uk/blog/incorporation-and-company-structures/property-company-dividend-tax,CRAWLED_NOT_INDEXED,Crawled - currently not indexed,NEUTRAL,2026-07-10T03:13:52Z,MOBILE,SUCCESSFUL,https://www.propertytaxpartners.co.uk/blog/incorporation-and-company-structures/property-company-dividend-tax,https://www.propertytaxpartners.co.uk/blog/incorporation-and-company-structures/property-company-dividend-tax,https://www.propertytaxpartners.co.uk/sitemap.xml,2,https://www.propertytaxpartners.co.uk/feed.xml;https://www.propertytaxpartners.co.uk/sitemap.xml,incorporation-and-company-structures,no,2026-07,yes,2026-04-01,2026-06-23,2026-03-29,2026-03-29 | Generate 27 new Property blog posts,2026-03-29,12,3,2026-06-01,2026-06-02,2184,2184,no,0,0,yes,cdf893f2b,5002,0,0,no,4,3,5,false,22,0,2026-04-04,2026-06-18,0
/blog/incorporation-and-company-structures/property-company-employer-pension-contributions-directors,https://www.propertytaxpartners.co.uk/blog/incorporation-and-company-structures/property-company-employer-pension-contributions-directors,OTHER,Page with redirect,NEUTRAL,2026-05-29T07:31:33Z,MOBILE,SUCCESSFUL,https://www.propertytaxpartners.co.uk/blog/incorporation-and-company-structures/property-spv-employer-pension-contributions-wholly-and-exclusively-test-mechanics,https://www.propertytaxpartners.co.uk/blog/incorporation-and-company-structures/property-spv-employer-pension-contributions-wholly-and-exclusively-test-mechanics,https://www.propertytaxpartners.co.uk/sitemap.xml,2,https://www.propertytaxpartners.co.uk/feed.xml;https://www.propertytaxpartners.co.uk/sitemap.xml,incorporation-and-company-structures,yes,2026-05,yes,2026-04-10,2026-06-23,2026-04-10,"2026-04-10 | Property site: add 148 blog posts, 2 new category hubs,",2026-04-10,8,2,2026-06-02,2026-06-02,2759,1101,yes,142,1,no,616c127b9,5814,0,0,no,7,3,4,false,0,0,,,0
/blog/incorporation-and-company-structures/property-company-group-relief-corporation-tax,https://www.propertytaxpartners.co.uk/blog/incorporation-and-company-structures/property-company-group-relief-corporation-tax,INDEXED,Submitted and indexed,PASS,2026-09-11T02:42:42Z,MOBILE,SUCCESSFUL,https://www.propertytaxpartners.co.uk/blog/incorporation-and-company-structures/property-company-group-relief-corporation-tax,https://www.propertytaxpartners.co.uk/blog/incorporation-and-company-structures/property-company-group-relief-corporation-tax,,2,https://www.propertytaxpartners.co.uk/feed.xml;https://www.propertytaxpartners.co.uk/sitemap.xml,incorporation-and-company-structures,no,2026-09,yes,2026-05-22,2026-07-26,2026-05-22,2026-05-22 | Track 1 (Ltd Co): write property-company-group-relief-c,2026-05-23,5,1,2026-05-22,2026-05-23,2966,2966,no,0,0,yes,c218d7a69,6539,5,0,no,11,3,4,false,954,16,2026-05-23,2026-10-08,0
/blog/incorporation-and-company-structures/property-company-profit-extraction-salary-vs-dividends,https://www.propertytaxpartners.co.uk/blog/incorporation-and-company-structures/property-company-profit-extraction-salary-vs-dividends,DISCOVERED_NOT_INDEXED,Discovered – currently not indexed,NEUTRAL,,CRAWLING_USER_AGENT_UNSPECIFIED,PAGE_FETCH_STATE_UNSPECIFIED,,,https://www.propertytaxpartners.co.uk/sitemap.xml,2,https://www.propertytaxpartners.co.uk/feed.xml;https://www.propertytaxpartners.co.uk/sitemap.xml,incorporation-and-company-structures,no,,yes,2026-03-29,2026-06-23,2026-03-29,2026-03-29 | Launch Property Tax Partners with 17 blog articles and ,2026-03-29,13,3,2026-06-01,2026-06-02,2725,,,,,,,6347,0,0,no,15,3,4,false,34,0,2026-04-03,2026-05-29,0
/blog/incorporation-and-company-structures/property-company-running-costs-annual-budget,https://www.propertytaxpartners.co.uk/blog/incorporation-and-company-structures/property-company-running-costs-annual-budget,CRAWLED_NOT_INDEXED,Crawled - currently not indexed,NEUTRAL,2026-05-29T17:50:53Z,MOBILE,SUCCESSFUL,,,https://www.propertytaxpartners.co.uk/sitemap.xml,2,https://www.propertytaxpartners.co.uk/feed.xml;https://www.propertytaxpartners.co.uk/sitemap.xml,incorporation-and-company-structures,no,2026-05,yes,2026-04-10,2026-08-21,2026-04-10,"2026-04-10 | Property site: add 148 blog posts, 2 new category hubs,",2026-04-10,8,2,2026-06-02,2026-06-02,1886,1252,yes,123,1,no,e4cecef7d,4786,0,0,no,6,2,3,false,47,1,2026-06-09,2026-09-14,0
/blog/incorporation-and-company-structures/property-investment-company-structure-planning,https://www.propertytaxpartners.co.uk/blog/incorporation-and-company-structures/property-investment-company-structure-planning,INDEXED,Submitted and indexed,PASS,2026-09-16T19:16:09Z,MOBILE,SUCCESSFUL,https://www.propertytaxpartners.co.uk/blog/incorporation-and-company-structures/property-investment-company-structure-planning,https://www.propertytaxpartners.co.uk/blog/incorporation-and-company-structures/property-investment-company-structure-planning,,2,https://www.propertytaxpartners.co.uk/feed.xml;https://www.propertytaxpartners.co.uk/sitemap.xml,incorporation-and-company-structures,no,2026-09,yes,2026-04-01,2026-10-09,2026-04-01,2026-04-01 | content: add 52 Property blog posts (Phase 2 complete),2026-04-01,15,3,2026-05-30,2026-05-31,3180,3179,no,1,0,yes,cdf893f2b,7200,59,1,no,5,3,5,false,1322,11,2026-04-03,2026-10-08,1
/blog/incorporation-and-company-structures/property-partnership-trading-investment-jv-developer-structures-sch-15-sdlt-interaction,https://www.propertytaxpartners.co.uk/blog/incorporation-and-company-structures/property-partnership-trading-investment-jv-developer-structures-sch-15-sdlt-interaction,CRAWLED_NOT_INDEXED,Crawled - currently not indexed,NEUTRAL,2026-05-27T08:28:37Z,MOBILE,SUCCESSFUL,https://www.propertytaxpartners.co.uk/blog/incorporation-and-company-structures/property-partnership-trading-investment-jv-developer-structures-sch-15-sdlt-interaction,https://www.propertytaxpartners.co.uk/blog/incorporation-and-company-structures/property-partnership-trading-investment-jv-developer-structures-sch-15-sdlt-interaction,https://www.propertytaxpartners.co.uk/sitemap.xml,2,https://www.propertytaxpartners.co.uk/feed.xml;https://www.propertytaxpartners.co.uk/sitemap.xml,incorporation-and-company-structures,no,2026-05,yes,2026-05-25,2026-05-29,2026-05-25,2026-05-25 | Wave 8 Bucket B B10: property partnership trading vs in,2026-05-26,3,0,,,2892,2892,no,2,0,yes,c869bccf6,5750,0,0,no,10,3,6,false,60,0,2026-05-27,2026-10-03,0
/blog/incorporation-and-company-structures/property-spv-employer-pension-contributions-wholly-and-exclusively-test-mechanics,https://www.propertytaxpartners.co.uk/blog/incorporation-and-company-structures/property-spv-employer-pension-contributions-wholly-and-exclusively-test-mechanics,INDEXED,Submitted and indexed,PASS,2026-09-16T17:50:21Z,MOBILE,SUCCESSFUL,https://www.propertytaxpartners.co.uk/blog/incorporation-and-company-structures/property-spv-employer-pension-contributions-wholly-and-exclusively-test-mechanics,https://www.propertytaxpartners.co.uk/blog/incorporation-and-company-structures/property-spv-employer-pension-contributions-wholly-and-exclusively-test-mechanics,https://www.propertytaxpartners.co.uk/sitemap.xml,1,https://www.propertytaxpartners.co.uk/sitemap.xml,incorporation-and-company-structures,no,2026-09,yes,2026-05-23,2026-07-20,2026-05-23,2026-05-23 | Wave 6 A5: property SPV employer pension contributions ,2026-05-26,4,0,,,3343,3343,no,0,0,yes,60a54e228,7819,0,0,no,8,3,4,false,680,13,2026-06-04,2026-10-08,0
/blog/incorporation-and-company-structures/property-spv-share-buyback-out-of-distributable-reserves-mechanics,https://www.propertytaxpartners.co.uk/blog/incorporation-and-company-structures/property-spv-share-buyback-out-of-distributable-reserves-mechanics,CRAWLED_NOT_INDEXED,Crawled - currently not indexed,NEUTRAL,2026-07-05T10:09:07Z,MOBILE,SUCCESSFUL,https://www.propertytaxpartners.co.uk/blog/incorporation-and-company-structures/property-spv-share-buyback-out-of-distributable-reserves-mechanics,https://www.propertytaxpartners.co.uk/blog/incorporation-and-company-structures/property-spv-share-buyback-out-of-distributable-reserves-mechanics,https://www.propertytaxpartners.co.uk/sitemap.xml,2,https://www.propertytaxpartners.co.uk/blog/incorporation-and-company-structures/limited-companies;https://www.propertytaxpartners.co.uk/sitemap.xml,incorporation-and-company-structures,no,2026-07,yes,2026-05-23,2026-06-23,2026-05-23,2026-05-23 | Wave 6 A3: property SPV share buyback (s.1033 trade-ben,2026-05-26,3,0,,,3608,3608,no,0,0,yes,cdf893f2b,7896,0,0,no,7,3,3,false,233,1,2026-05-31,2026-07-08,0
/blog/incorporation-and-company-structures/putting-rental-property-into-a-trust-decision-pillar-iht-cgt-sdlt-stack,https://www.propertytaxpartners.co.uk/blog/incorporation-and-company-structures/putting-rental-property-into-a-trust-decision-pillar-iht-cgt-sdlt-stack,CRAWLED_NOT_INDEXED,Crawled - currently not indexed,NEUTRAL,2026-06-30T19:31:20Z,MOBILE,SUCCESSFUL,https://www.propertytaxpartners.co.uk/blog/incorporation-and-company-structures/putting-rental-property-into-a-trust-decision-pillar-iht-cgt-sdlt-stack,https://www.propertytaxpartners.co.uk/blog/incorporation-and-company-structures/putting-rental-property-into-a-trust-decision-pillar-iht-cgt-sdlt-stack,https://www.propertytaxpartners.co.uk/sitemap.xml,1,https://www.propertytaxpartners.co.uk/sitemap.xml,incorporation-and-company-structures,no,2026-06,yes,2026-05-23,2026-06-23,2026-05-23,2026-05-23 | Wave 6 B1: Four-vehicle trust-decision pillar (IHT + CG,2026-05-26,5,1,2026-10-02,2026-10-07,3854,3926,yes,15,1,no,cdf893f2b,10582,0,0,no,10,3,5,false,25,0,2026-05-31,2026-09-01,0
/blog/incorporation-and-company-structures/register-for-uk-corporation-tax,https://www.propertytaxpartners.co.uk/blog/incorporation-and-company-structures/register-for-uk-corporation-tax,CRAWLED_NOT_INDEXED,Crawled - currently not indexed,NEUTRAL,2026-07-09T13:09:12Z,MOBILE,SUCCESSFUL,https://www.propertytaxpartners.co.uk/blog/incorporation-and-company-structures/register-for-uk-corporation-tax,https://www.propertytaxpartners.co.uk/blog/incorporation-and-company-structures/register-for-uk-corporation-tax,,1,https://www.propertytaxpartners.co.uk/sitemap.xml,incorporation-and-company-structures,no,2026-07,yes,2026-05-27,2026-06-23,2026-05-27,2026-05-27 | MW2 M2-A-B3 A17: register-for-uk-corporation-tax - CT-r,2026-05-28,4,0,,,3028,3028,no,0,0,yes,cdf893f2b,6465,0,0,no,9,3,4,false,18,0,2026-06-01,2026-07-01,0
/blog/incorporation-and-company-structures/registered-office-address-property-spv,https://www.propertytaxpartners.co.uk/blog/incorporation-and-company-structures/registered-office-address-property-spv,DISCOVERED_NOT_INDEXED,Discovered – currently not indexed,NEUTRAL,,CRAWLING_USER_AGENT_UNSPECIFIED,PAGE_FETCH_STATE_UNSPECIFIED,,,https://www.propertytaxpartners.co.uk/sitemap.xml,1,https://www.propertytaxpartners.co.uk/blog/incorporation-and-company-structures/change-sic-code-companies-house-property-company,incorporation-and-company-structures,no,,yes,2026-09-01,2026-09-02,2026-09-02,"2026-09-02 | feat(property): SPV programme Wave 2 - 9 new pages, NRL",2026-09-02,2,0,,,2466,,,,,,,5817,0,0,no,4,2,5,false,0,0,,,0
/blog/incorporation-and-company-structures/residential-property-developer-tax-uk,https://www.propertytaxpartners.co.uk/blog/incorporation-and-company-structures/residential-property-developer-tax-uk,INDEXED,Submitted and indexed,PASS,2026-10-06T10:01:53Z,MOBILE,SUCCESSFUL,https://www.propertytaxpartners.co.uk/blog/incorporation-and-company-structures/residential-property-developer-tax-uk,https://www.propertytaxpartners.co.uk/blog/incorporation-and-company-structures/residential-property-developer-tax-uk,https://www.propertytaxpartners.co.uk/sitemap.xml,2,https://www.propertytaxpartners.co.uk/feed.xml;https://www.propertytaxpartners.co.uk/sitemap.xml,incorporation-and-company-structures,no,2026-10,yes,2026-05-21,2026-08-18,2026-03-29,2026-03-29 | Generate 27 new Property blog posts,2026-03-29,15,3,2026-08-18,2026-08-18,2555,2555,no,0,0,yes,b226ff381,6179,17,0,no,5,3,6,false,71,0,2026-05-19,2026-09-20,0
/blog/incorporation-and-company-structures/retained-profits-property-company-tax-advantages,https://www.propertytaxpartners.co.uk/blog/incorporation-and-company-structures/retained-profits-property-company-tax-advantages,CRAWLED_NOT_INDEXED,Crawled - currently not indexed,NEUTRAL,2026-07-31T03:49:31Z,MOBILE,SUCCESSFUL,https://www.propertytaxpartners.co.uk/blog/incorporation-and-company-structures/retained-profits-property-company-tax-advantages,https://www.propertytaxpartners.co.uk/blog/incorporation-and-company-structures/retained-profits-property-company-tax-advantages,https://www.propertytaxpartners.co.uk/sitemap.xml,0,,incorporation-and-company-structures,no,2026-07,yes,2026-04-10,2026-06-23,2026-04-10,"2026-04-10 | Property site: add 148 blog posts, 2 new category hubs,",2026-04-10,6,2,2026-06-01,2026-06-02,2464,2464,no,0,0,yes,cdf893f2b,6497,0,0,no,0,3,,true,20,0,2026-06-09,2026-09-20,0
/blog/incorporation-and-company-structures/salary-vs-dividends-property-spv-2026-27-marginal-rate-analysis,https://www.propertytaxpartners.co.uk/blog/incorporation-and-company-structures/salary-vs-dividends-property-spv-2026-27-marginal-rate-analysis,CRAWLED_NOT_INDEXED,Crawled - currently not indexed,NEUTRAL,2026-07-01T14:01:06Z,MOBILE,SUCCESSFUL,https://www.propertytaxpartners.co.uk/blog/incorporation-and-company-structures/salary-vs-dividends-property-spv-2026-27-marginal-rate-analysis,https://www.propertytaxpartners.co.uk/blog/incorporation-and-company-structures/salary-vs-dividends-property-spv-2026-27-marginal-rate-analysis,https://www.propertytaxpartners.co.uk/sitemap.xml,1,https://www.propertytaxpartners.co.uk/sitemap.xml,incorporation-and-company-structures,no,2026-07,yes,2026-05-23,2026-06-23,2026-05-23,2026-05-23 | Wave 4 A5: salary-vs-dividends-property-spv-2026-27-mar,2026-05-26,5,1,2026-05-23,2026-05-26,2565,2565,no,0,0,yes,cdf893f2b,7384,0,0,no,12,3,4,false,25,0,2026-05-30,2026-07-02,0
/blog/incorporation-and-company-structures/scottish-lbtt-bare-trust-acquisition-relief-corporate-restructuring-mechanics,https://www.propertytaxpartners.co.uk/blog/incorporation-and-company-structures/scottish-lbtt-bare-trust-acquisition-relief-corporate-restructuring-mechanics,INDEXED,Submitted and indexed,PASS,2026-10-04T17:38:56Z,MOBILE,SUCCESSFUL,https://www.propertytaxpartners.co.uk/blog/incorporation-and-company-structures/scottish-lbtt-bare-trust-acquisition-relief-corporate-restructuring-mechanics,https://www.propertytaxpartners.co.uk/blog/incorporation-and-company-structures/scottish-lbtt-bare-trust-acquisition-relief-corporate-restructuring-mechanics,https://www.propertytaxpartners.co.uk/sitemap.xml,1,https://www.propertytaxpartners.co.uk/sitemap.xml,incorporation-and-company-structures,no,2026-10,yes,2026-05-23,2026-07-26,2026-05-23,2026-05-23 | Wave 5 B10: Scottish LBTT bare trust + acquisition reli,2026-05-26,4,0,,,3185,3185,no,0,0,yes,b226ff381,7684,0,0,no,3,3,,false,28,0,2026-05-31,2026-10-08,0
/blog/incorporation-and-company-structures/scottish-lbtt-corporate-buyer-15-percent-flat-rate-or-ads-pathway-decision,https://www.propertytaxpartners.co.uk/blog/incorporation-and-company-structures/scottish-lbtt-corporate-buyer-15-percent-flat-rate-or-ads-pathway-decision,CRAWLED_NOT_INDEXED,Crawled - currently not indexed,NEUTRAL,2026-07-01T19:56:52Z,MOBILE,SUCCESSFUL,https://www.propertytaxpartners.co.uk/blog/incorporation-and-company-structures/scottish-lbtt-corporate-buyer-15-percent-flat-rate-or-ads-pathway-decision,https://www.propertytaxpartners.co.uk/blog/incorporation-and-company-structures/scottish-lbtt-corporate-buyer-15-percent-flat-rate-or-ads-pathway-decision,,2,https://www.propertytaxpartners.co.uk/feed.xml;https://www.propertytaxpartners.co.uk/sitemap.xml,incorporation-and-company-structures,no,2026-07,yes,2026-05-23,2026-07-26,2026-05-23,2026-05-23 | Wave 5 B9: Scottish LBTT corporate-buyer pathway (no 15,2026-05-26,5,0,,,2813,2813,no,0,0,yes,cdf893f2b,6677,7,1,no,3,3,,false,87,1,2026-05-31,2026-09-29,0
/blog/incorporation-and-company-structures/sdlt-bewley-uninhabitable-property-test-non-residential-rates-landlords,https://www.propertytaxpartners.co.uk/blog/incorporation-and-company-structures/sdlt-bewley-uninhabitable-property-test-non-residential-rates-landlords,CRAWLED_NOT_INDEXED,Crawled - currently not indexed,NEUTRAL,2026-10-07T01:37:32Z,MOBILE,SUCCESSFUL,https://www.propertytaxpartners.co.uk/blog/incorporation-and-company-structures/sdlt-bewley-uninhabitable-property-test-non-residential-rates-landlords,https://www.propertytaxpartners.co.uk/blog/incorporation-and-company-structures/sdlt-bewley-uninhabitable-property-test-non-residential-rates-landlords,https://www.propertytaxpartners.co.uk/sitemap.xml,2,https://www.propertytaxpartners.co.uk/feed.xml;https://www.propertytaxpartners.co.uk/sitemap.xml,incorporation-and-company-structures,no,2026-10,yes,2026-05-24,2026-06-23,2026-05-24,2026-05-24 | C8 (Wave 7): sdlt-bewley-uninhabitable-property-test-no,2026-05-26,3,0,,,2823,2823,no,0,0,yes,b226ff381,8269,0,0,no,3,3,,false,251,1,2026-06-02,2026-10-08,0
/blog/incorporation-and-company-structures/sdlt-divorce-separation-transfer-relief-schedule-3-paragraph-3-fa-2003,https://www.propertytaxpartners.co.uk/blog/incorporation-and-company-structures/sdlt-divorce-separation-transfer-relief-schedule-3-paragraph-3-fa-2003,CRAWLED_NOT_INDEXED,Crawled - currently not indexed,NEUTRAL,2026-05-27T08:27:40Z,MOBILE,SUCCESSFUL,https://www.propertytaxpartners.co.uk/blog/incorporation-and-company-structures/sdlt-divorce-separation-transfer-relief-schedule-3-paragraph-3-fa-2003,https://www.propertytaxpartners.co.uk/blog/incorporation-and-company-structures/sdlt-divorce-separation-transfer-relief-schedule-3-paragraph-3-fa-2003,https://www.propertytaxpartners.co.uk/sitemap.xml,1,https://www.propertytaxpartners.co.uk/sitemap.xml,incorporation-and-company-structures,no,2026-05,yes,2026-05-24,2026-07-26,2026-05-24,2026-05-24 | C7 (Wave 7): sdlt-divorce-separation-transfer-relief-sc,2026-05-26,4,0,,,2857,2857,no,1,0,yes,542796b9e,8794,5,0,no,1,3,4,false,146,1,2026-05-28,2026-09-16,0
/blog/incorporation-and-company-structures/sdlt-group-relief-for-corporate-landlord-portfolios,https://www.propertytaxpartners.co.uk/blog/incorporation-and-company-structures/sdlt-group-relief-for-corporate-landlord-portfolios,INDEXED,Submitted and indexed,PASS,2026-09-10T22:01:52Z,MOBILE,SUCCESSFUL,https://www.propertytaxpartners.co.uk/blog/incorporation-and-company-structures/sdlt-group-relief-for-corporate-landlord-portfolios,https://www.propertytaxpartners.co.uk/blog/incorporation-and-company-structures/sdlt-group-relief-for-corporate-landlord-portfolios,https://www.propertytaxpartners.co.uk/sitemap.xml,2,https://www.propertytaxpartners.co.uk/feed.xml;https://www.propertytaxpartners.co.uk/sitemap.xml,incorporation-and-company-structures,no,2026-09,yes,2026-05-22,2026-09-02,2026-05-22,2026-05-22 | Track 1 (SDLT): write sdlt-group-relief-for-corporate-l,2026-05-23,4,1,2026-09-02,2026-09-02,2622,2622,no,0,0,yes,8632321b2,5957,102,0,no,6,3,6,false,1895,12,2026-05-24,2026-10-08,0
/blog/incorporation-and-company-structures/sdlt-group-relief-schedule-7-fa-2003-claw-back-connected-party-recovery-depth,https://www.propertytaxpartners.co.uk/blog/incorporation-and-company-structures/sdlt-group-relief-schedule-7-fa-2003-claw-back-connected-party-recovery-depth,CRAWLED_NOT_INDEXED,Crawled - currently not indexed,NEUTRAL,2026-07-03T10:32:58Z,MOBILE,SUCCESSFUL,https://www.propertytaxpartners.co.uk/blog/incorporation-and-company-structures/sdlt-group-relief-schedule-7-fa-2003-claw-back-connected-party-recovery-depth,https://www.propertytaxpartners.co.uk/blog/incorporation-and-company-structures/sdlt-group-relief-schedule-7-fa-2003-claw-back-connected-party-recovery-depth,,2,https://www.propertytaxpartners.co.uk/blog/incorporation-and-company-structures/limited-companies;https://www.propertytaxpartners.co.uk/sitemap.xml,incorporation-and-company-structures,no,2026-07,yes,2026-05-24,2026-06-23,2026-05-24,2026-05-24 | C6 (Wave 7): sdlt-group-relief-schedule-7-fa-2003-claw-,2026-05-26,3,0,,,2920,2920,no,0,0,yes,cdf893f2b,8365,47,3,no,4,3,5,false,381,0,2026-05-27,2026-07-05,0
/blog/incorporation-and-company-structures/sdlt-incorporation-stamp-duty-twice,https://www.propertytaxpartners.co.uk/blog/incorporation-and-company-structures/sdlt-incorporation-stamp-duty-twice,INDEXED,Submitted and indexed,PASS,2026-09-12T23:12:16Z,MOBILE,SUCCESSFUL,https://www.propertytaxpartners.co.uk/blog/incorporation-and-company-structures/sdlt-incorporation-stamp-duty-twice,https://www.propertytaxpartners.co.uk/blog/incorporation-and-company-structures/sdlt-incorporation-stamp-duty-twice,https://www.propertytaxpartners.co.uk/sitemap.xml,1,https://www.propertytaxpartners.co.uk/sitemap.xml,incorporation-and-company-structures,no,2026-09,yes,2026-05-21,2026-09-01,2026-03-29,2026-03-29 | Launch Property Tax Partners with 17 blog articles and ,2026-03-29,14,4,2026-09-01,2026-09-02,3190,3190,no,0,0,yes,c7f95e31c,6277,110,9,no,20,3,4,false,925,14,2026-05-13,2026-10-08,0
/blog/incorporation-and-company-structures/sdlt-linked-transactions-fa-2003-section-108-landlord-portfolio-acquisition,https://www.propertytaxpartners.co.uk/blog/incorporation-and-company-structures/sdlt-linked-transactions-fa-2003-section-108-landlord-portfolio-acquisition,CRAWLED_NOT_INDEXED,Crawled - currently not indexed,NEUTRAL,2026-07-04T19:53:02Z,MOBILE,SUCCESSFUL,https://www.propertytaxpartners.co.uk/blog/incorporation-and-company-structures/sdlt-linked-transactions-fa-2003-section-108-landlord-portfolio-acquisition,https://www.propertytaxpartners.co.uk/blog/incorporation-and-company-structures/sdlt-linked-transactions-fa-2003-section-108-landlord-portfolio-acquisition,https://www.propertytaxpartners.co.uk/sitemap.xml,2,https://www.propertytaxpartners.co.uk/feed.xml;https://www.propertytaxpartners.co.uk/sitemap.xml,incorporation-and-company-structures,no,2026-07,yes,2026-05-24,2026-07-28,2026-05-24,2026-05-24 | C5 (Wave 7): sdlt-linked-transactions-fa-2003-section-1,2026-05-26,5,0,,,2845,2845,no,0,0,yes,cdf893f2b,8424,0,0,no,1,3,,false,15,0,2026-06-03,2026-07-02,0
/blog/incorporation-and-company-structures/sdlt-six-dwellings-non-residential-election,https://www.propertytaxpartners.co.uk/blog/incorporation-and-company-structures/sdlt-six-dwellings-non-residential-election,CRAWLED_NOT_INDEXED,Crawled - currently not indexed,NEUTRAL,2026-05-27T08:27:58Z,MOBILE,SUCCESSFUL,https://www.propertytaxpartners.co.uk/blog/incorporation-and-company-structures/sdlt-six-dwellings-non-residential-election,https://www.propertytaxpartners.co.uk/blog/incorporation-and-company-structures/sdlt-six-dwellings-non-residential-election,,1,https://www.propertytaxpartners.co.uk/sitemap.xml,incorporation-and-company-structures,no,2026-05,yes,2026-05-22,2026-07-26,2026-05-22,2026-05-22 | Track 1 (SDLT): write sdlt-six-dwellings-non-residentia,2026-05-23,5,1,2026-05-22,2026-05-23,2124,2124,no,1,0,yes,bf6ac8044,5068,51,9,no,14,3,5,false,186,2,2026-05-28,2026-07-08,0
/blog/incorporation-and-company-structures/sdlt-sub-sale-relief-mechanics,https://www.propertytaxpartners.co.uk/blog/incorporation-and-company-structures/sdlt-sub-sale-relief-mechanics,CRAWLED_NOT_INDEXED,Crawled - currently not indexed,NEUTRAL,2026-07-23T19:32:44Z,MOBILE,SUCCESSFUL,https://www.propertytaxpartners.co.uk/blog/incorporation-and-company-structures/sdlt-sub-sale-relief-mechanics,https://www.propertytaxpartners.co.uk/blog/incorporation-and-company-structures/sdlt-sub-sale-relief-mechanics,https://www.propertytaxpartners.co.uk/sitemap.xml,1,https://www.propertytaxpartners.co.uk/sitemap.xml,incorporation-and-company-structures,no,2026-07,yes,2026-05-22,2026-07-28,2026-05-22,2026-05-22 | Track 1 (SDLT): write sdlt-sub-sale-relief-mechanics,2026-05-23,5,0,,,2236,2236,no,0,0,yes,cdf893f2b,5017,9,0,no,2,3,5,false,54,0,2026-05-25,2026-09-26,0
/blog/incorporation-and-company-structures/sdlt-transfer-property-company-cost,https://www.propertytaxpartners.co.uk/blog/incorporation-and-company-structures/sdlt-transfer-property-company-cost,INDEXED,Submitted and indexed,PASS,2026-08-11T05:58:29Z,MOBILE,SUCCESSFUL,https://www.propertytaxpartners.co.uk/blog/incorporation-and-company-structures/sdlt-transfer-property-company-cost,https://www.propertytaxpartners.co.uk/blog/incorporation-and-company-structures/sdlt-transfer-property-company-cost,https://www.propertytaxpartners.co.uk/sitemap.xml,1,https://www.propertytaxpartners.co.uk/feed.xml,incorporation-and-company-structures,no,2026-08,yes,'2026-04-10',2026-10-09,2026-04-10,"2026-04-10 | Property site: add 148 blog posts, 2 new category hubs,",2026-04-10,12,4,2026-08-17,2026-08-17,2778,2289,yes,51,1,no,2cf1bc2fd,6593,976,141,yes,11,2,3,false,2892,8,2026-05-28,2026-10-08,3
/blog/incorporation-and-company-structures/section-162-incorporation-relief-property-landlords,https://www.propertytaxpartners.co.uk/blog/incorporation-and-company-structures/section-162-incorporation-relief-property-landlords,INDEXED,Submitted and indexed,PASS,2026-09-28T16:31:04Z,MOBILE,SUCCESSFUL,https://www.propertytaxpartners.co.uk/blog/incorporation-and-company-structures/section-162-incorporation-relief-property-landlords,https://www.propertytaxpartners.co.uk/blog/incorporation-and-company-structures/section-162-incorporation-relief-property-landlords,https://www.propertytaxpartners.co.uk/sitemap.xml,2,https://www.propertytaxpartners.co.uk/feed.xml;https://www.propertytaxpartners.co.uk/sitemap.xml,incorporation-and-company-structures,no,2026-09,yes,2026-04-10,2026-10-10,2026-04-10,"2026-04-10 | Property site: add 148 blog posts, 2 new category hubs,",2026-04-10,9,2,2026-06-01,2026-06-02,2571,2549,no,2,0,yes,b226ff381,5670,0,0,no,37,3,3,false,854,9,2026-06-01,2026-10-08,0
/blog/incorporation-and-company-structures/section-24-impact-on-company-formations-data,https://www.propertytaxpartners.co.uk/blog/incorporation-and-company-structures/section-24-impact-on-company-formations-data,INDEXED,Submitted and indexed,PASS,2026-09-03T19:20:21Z,MOBILE,SUCCESSFUL,https://www.propertytaxpartners.co.uk/blog/incorporation-and-company-structures/section-24-impact-on-company-formations-data,https://www.propertytaxpartners.co.uk/blog/incorporation-and-company-structures/section-24-impact-on-company-formations-data,https://www.propertytaxpartners.co.uk/sitemap.xml,1,https://www.propertytaxpartners.co.uk/blog/incorporation-and-company-structures/are-landlords-really-leaving-net-formation-data,incorporation-and-company-structures,no,2026-09,yes,2026-09-02,2026-09-02,2026-09-02,2026-09-02 | feat(property): UK SPV Incorporation Index - data engin,2026-09-02,1,0,,,1374,1374,no,0,0,yes,e5338e999,4207,0,0,no,2,2,,false,5,0,2026-09-05,2026-09-23,0
/blog/incorporation-and-company-structures/selling-a-property-spv-share-sale-vs-asset-sale,https://www.propertytaxpartners.co.uk/blog/incorporation-and-company-structures/selling-a-property-spv-share-sale-vs-asset-sale,INDEXED,Submitted and indexed,PASS,2026-09-29T13:12:31Z,MOBILE,SUCCESSFUL,https://www.propertytaxpartners.co.uk/blog/incorporation-and-company-structures/selling-a-property-spv-share-sale-vs-asset-sale,https://www.propertytaxpartners.co.uk/blog/incorporation-and-company-structures/selling-a-property-spv-share-sale-vs-asset-sale,https://www.propertytaxpartners.co.uk/sitemap.xml,1,https://www.propertytaxpartners.co.uk/for/selling-a-buy-to-let,incorporation-and-company-structures,no,2026-09,yes,2026-09-01,2026-09-02,2026-09-02,"2026-09-02 | feat(property): SPV programme Wave 2 - 9 new pages, NRL",2026-09-02,3,0,,,2643,2643,no,0,0,yes,b226ff381,6483,0,0,no,2,3,3,false,9,0,2026-10-04,2026-10-08,0
/blog/incorporation-and-company-structures/settlements-legislation-s624-s629-property-income-attribution-mechanics,https://www.propertytaxpartners.co.uk/blog/incorporation-and-company-structures/settlements-legislation-s624-s629-property-income-attribution-mechanics,CRAWLED_NOT_INDEXED,Crawled - currently not indexed,NEUTRAL,2026-06-29T11:20:06Z,MOBILE,SUCCESSFUL,https://www.propertytaxpartners.co.uk/blog/incorporation-and-company-structures/settlements-legislation-s624-s629-property-income-attribution-mechanics,https://www.propertytaxpartners.co.uk/blog/incorporation-and-company-structures/settlements-legislation-s624-s629-property-income-attribution-mechanics,https://www.propertytaxpartners.co.uk/sitemap.xml,1,https://www.propertytaxpartners.co.uk/sitemap.xml,incorporation-and-company-structures,no,2026-06,yes,2026-05-23,2026-06-23,2026-05-23,2026-05-23 | Wave 6 B2: ITTOIA 2005 settlements legislation walkthro,2026-05-26,3,0,,,3493,3493,no,0,0,yes,cdf893f2b,9434,43,1,no,2,3,4,false,117,1,2026-05-29,2026-06-30,0
/blog/incorporation-and-company-structures/settlor-interested-property-trust-grob-interaction-double-trap-mechanics,https://www.propertytaxpartners.co.uk/blog/incorporation-and-company-structures/settlor-interested-property-trust-grob-interaction-double-trap-mechanics,CRAWLED_NOT_INDEXED,Crawled - currently not indexed,NEUTRAL,2026-06-29T11:45:07Z,MOBILE,SUCCESSFUL,https://www.propertytaxpartners.co.uk/blog/incorporation-and-company-structures/settlor-interested-property-trust-grob-interaction-double-trap-mechanics,https://www.propertytaxpartners.co.uk/blog/incorporation-and-company-structures/settlor-interested-property-trust-grob-interaction-double-trap-mechanics,,1,https://www.propertytaxpartners.co.uk/sitemap.xml,incorporation-and-company-structures,no,2026-06,yes,2026-05-23,2026-06-23,2026-05-23,2026-05-23 | Wave 6 B7: settlor-interested + GROB double-trap on pro,2026-05-26,4,0,,,3953,3953,no,0,0,yes,cdf893f2b,10326,0,0,no,8,3,4,false,92,2,2026-05-30,2026-09-09,0
/blog/incorporation-and-company-structures/settlor-interested-trust-iht-s49-1a-cgt-s169b-property-attribution-rules,https://www.propertytaxpartners.co.uk/blog/incorporation-and-company-structures/settlor-interested-trust-iht-s49-1a-cgt-s169b-property-attribution-rules,INDEXED,Submitted and indexed,PASS,2026-10-06T04:40:31Z,MOBILE,SUCCESSFUL,https://www.propertytaxpartners.co.uk/blog/incorporation-and-company-structures/settlor-interested-trust-iht-s49-1a-cgt-s169b-property-attribution-rules,https://www.propertytaxpartners.co.uk/blog/incorporation-and-company-structures/settlor-interested-trust-iht-s49-1a-cgt-s169b-property-attribution-rules,https://www.propertytaxpartners.co.uk/sitemap.xml,1,https://www.propertytaxpartners.co.uk/sitemap.xml,incorporation-and-company-structures,no,2026-10,yes,2026-05-23,2026-06-23,2026-05-23,2026-05-23 | Wave 6 B4: settlor-interested-trust three-statute attri,2026-05-26,5,1,2026-10-02,2026-10-07,5733,5764,yes,11,1,no,b226ff381,12143,0,0,no,16,3,4,false,1960,30,2026-05-29,2026-10-08,0
/blog/incorporation-and-company-structures/should-i-incorporate-buy-to-let-portfolio-2026,https://www.propertytaxpartners.co.uk/blog/incorporation-and-company-structures/should-i-incorporate-buy-to-let-portfolio-2026,OTHER,Page with redirect,NEUTRAL,2026-05-15T08:44:47Z,MOBILE,SUCCESSFUL,https://www.propertytaxpartners.co.uk/blog/incorporation-and-company-structures/incorporation-timing-when-to-incorporate-property-portfolio,https://www.propertytaxpartners.co.uk/blog/incorporation-and-company-structures/incorporation-timing-when-to-incorporate-property-portfolio,https://www.propertytaxpartners.co.uk/sitemap.xml,2,https://www.propertytaxpartners.co.uk/feed.xml;https://www.propertytaxpartners.co.uk/sitemap.xml,incorporation-and-company-structures,yes,2026-05,yes,2026-04-10,2026-09-02,2026-03-29,2026-03-29 | Generate 27 new Property blog posts,2026-03-29,11,4,2026-06-01,2026-06-02,2551,1129,yes,127,1,no,80d51206c,6233,0,0,no,16,3,3,false,0,0,,,0
/blog/incorporation-and-company-structures/sipp-ssas-commercial-property-purchase-mechanics-landlord-pension-fund,https://www.propertytaxpartners.co.uk/blog/incorporation-and-company-structures/sipp-ssas-commercial-property-purchase-mechanics-landlord-pension-fund,CRAWLED_NOT_INDEXED,Crawled - currently not indexed,NEUTRAL,2026-07-01T00:45:39Z,MOBILE,SUCCESSFUL,https://www.propertytaxpartners.co.uk/blog/incorporation-and-company-structures/sipp-ssas-commercial-property-purchase-mechanics-landlord-pension-fund,https://www.propertytaxpartners.co.uk/blog/incorporation-and-company-structures/sipp-ssas-commercial-property-purchase-mechanics-landlord-pension-fund,,1,https://www.propertytaxpartners.co.uk/sitemap.xml,incorporation-and-company-structures,no,2026-07,yes,2026-05-24,2026-07-26,2026-05-24,2026-05-24 | C10 (Wave 7): sipp-ssas-commercial-property-purchase-me,2026-05-26,5,0,,,2872,2872,no,0,0,yes,cdf893f2b,8919,0,0,no,2,3,5,false,48,0,2026-05-28,2026-07-02,0
/blog/incorporation-and-company-structures/sole-trader-vs-partnership,https://www.propertytaxpartners.co.uk/blog/incorporation-and-company-structures/sole-trader-vs-partnership,CRAWLED_NOT_INDEXED,Crawled - currently not indexed,NEUTRAL,2026-07-04T12:21:08Z,MOBILE,SUCCESSFUL,https://www.propertytaxpartners.co.uk/blog/incorporation-and-company-structures/sole-trader-vs-partnership,https://www.propertytaxpartners.co.uk/blog/incorporation-and-company-structures/sole-trader-vs-partnership,https://www.propertytaxpartners.co.uk/sitemap.xml,2,https://www.propertytaxpartners.co.uk/feed.xml;https://www.propertytaxpartners.co.uk/sitemap.xml,incorporation-and-company-structures,no,2026-07,yes,2026-05-27,2026-06-23,2026-05-27,2026-05-27 | MW2 M2-A-B3 A18: sole-trader-vs-partnership - early ent,2026-05-28,5,0,,,3378,3378,no,0,0,yes,cdf893f2b,6760,0,0,no,5,3,5,false,9,0,2026-06-06,2026-07-03,0
/blog/incorporation-and-company-structures/spv-company-bank-account,https://www.propertytaxpartners.co.uk/blog/incorporation-and-company-structures/spv-company-bank-account,DISCOVERED_NOT_INDEXED,Discovered – currently not indexed,NEUTRAL,,CRAWLING_USER_AGENT_UNSPECIFIED,PAGE_FETCH_STATE_UNSPECIFIED,,,https://www.propertytaxpartners.co.uk/sitemap.xml,1,https://www.propertytaxpartners.co.uk/sitemap.xml,incorporation-and-company-structures,no,,yes,2026-09-01,2026-09-02,2026-09-02,"2026-09-02 | feat(property): SPV programme Wave 2 - 9 new pages, NRL",2026-09-02,2,0,,,2292,,,,,,,5574,0,0,no,2,3,5,false,0,0,,,0
/blog/incorporation-and-company-structures/spv-company-formation-cost-uk,https://www.propertytaxpartners.co.uk/blog/incorporation-and-company-structures/spv-company-formation-cost-uk,DISCOVERED_NOT_INDEXED,Discovered – currently not indexed,NEUTRAL,,CRAWLING_USER_AGENT_UNSPECIFIED,PAGE_FETCH_STATE_UNSPECIFIED,,,https://www.propertytaxpartners.co.uk/sitemap.xml,1,https://www.propertytaxpartners.co.uk/blog/incorporation-and-company-structures/are-landlords-really-leaving-net-formation-data,incorporation-and-company-structures,no,,yes,2026-09-01,2026-09-01,2026-09-01,"2026-09-01 | feat(property): SPV programme Wave 1 - pillar, 8 pages,",2026-09-02,1,0,,,2097,,,,,,,5200,0,0,no,12,2,4,false,0,0,,,2
/blog/incorporation-and-company-structures/spv-company-name-rules-uk,https://www.propertytaxpartners.co.uk/blog/incorporation-and-company-structures/spv-company-name-rules-uk,DISCOVERED_NOT_INDEXED,Discovered – currently not indexed,NEUTRAL,,CRAWLING_USER_AGENT_UNSPECIFIED,PAGE_FETCH_STATE_UNSPECIFIED,,,https://www.propertytaxpartners.co.uk/sitemap.xml,1,https://www.propertytaxpartners.co.uk/blog/incorporation-and-company-structures/change-sic-code-companies-house-property-company,incorporation-and-company-structures,no,,yes,2026-09-02,2026-09-02,2026-09-02,2026-09-02 | feat(property): SPV programme Wave 3 - 3 new pages + 3 ,2026-09-02,1,0,,,2603,,,,,,,5709,0,0,no,2,2,5,false,0,0,,,0
/blog/incorporation-and-company-structures/spv-first-year-accounts-and-filing-timeline,https://www.propertytaxpartners.co.uk/blog/incorporation-and-company-structures/spv-first-year-accounts-and-filing-timeline,DISCOVERED_NOT_INDEXED,Discovered – currently not indexed,NEUTRAL,,CRAWLING_USER_AGENT_UNSPECIFIED,PAGE_FETCH_STATE_UNSPECIFIED,,,https://www.propertytaxpartners.co.uk/sitemap.xml,1,https://www.propertytaxpartners.co.uk/sitemap.xml,incorporation-and-company-structures,no,,yes,2026-09-01,2026-09-02,2026-09-02,"2026-09-02 | feat(property): SPV programme Wave 2 - 9 new pages, NRL",2026-09-02,3,0,,,2570,,,,,,,5801,0,0,no,3,3,3,false,0,0,,,0
/blog/incorporation-and-company-structures/spv-property-investment-special-purpose-vehicle-guide,https://www.propertytaxpartners.co.uk/blog/incorporation-and-company-structures/spv-property-investment-special-purpose-vehicle-guide,INDEXED,Submitted and indexed,PASS,2026-10-04T04:59:58Z,MOBILE,SUCCESSFUL,https://www.propertytaxpartners.co.uk/blog/incorporation-and-company-structures/spv-property-investment-special-purpose-vehicle-guide,https://www.propertytaxpartners.co.uk/blog/incorporation-and-company-structures/spv-property-investment-special-purpose-vehicle-guide,https://www.propertytaxpartners.co.uk/sitemap.xml,0,,incorporation-and-company-structures,no,2026-10,yes,2026-05-21,2026-10-09,2026-04-10,"2026-04-10 | Property site: add 148 blog posts, 2 new category hubs,",2026-04-10,9,3,2026-08-18,2026-08-18,2834,2829,no,1,0,yes,e5338e999,6751,540,27,yes,16,3,4,false,2627,25,2026-05-16,2026-10-08,0
/blog/incorporation-and-company-structures/starting-property-business-sole-trader-vs-ltd-vs-partnership,https://www.propertytaxpartners.co.uk/blog/incorporation-and-company-structures/starting-property-business-sole-trader-vs-ltd-vs-partnership,INDEXED,Submitted and indexed,PASS,2026-10-02T16:47:53Z,MOBILE,SUCCESSFUL,https://www.propertytaxpartners.co.uk/blog/incorporation-and-company-structures/starting-property-business-sole-trader-vs-ltd-vs-partnership,https://www.propertytaxpartners.co.uk/blog/incorporation-and-company-structures/starting-property-business-sole-trader-vs-ltd-vs-partnership,,1,https://propertytaxpartners.co.uk/sitemap.xml,incorporation-and-company-structures,no,2026-10,yes,2026-07-09,2026-10-09,2026-07-09,2026-07-09 | Wave 10 A7: starting-property-business-sole-trader-vs-l,2026-07-09,12,1,2026-07-09,2026-07-09,2979,2985,no,3,0,yes,b226ff381,6888,0,0,no,0,3,,true,89,0,2026-07-15,2026-10-03,0
/blog/incorporation-and-company-structures/substantial-shareholding-exemption-property-companies,https://www.propertytaxpartners.co.uk/blog/incorporation-and-company-structures/substantial-shareholding-exemption-property-companies,INDEXED,Submitted and indexed,PASS,2026-09-10T17:10:08Z,MOBILE,SUCCESSFUL,https://www.propertytaxpartners.co.uk/blog/incorporation-and-company-structures/substantial-shareholding-exemption-property-companies,https://www.propertytaxpartners.co.uk/blog/incorporation-and-company-structures/substantial-shareholding-exemption-property-companies,https://www.propertytaxpartners.co.uk/sitemap.xml,2,https://www.propertytaxpartners.co.uk/feed.xml;https://www.propertytaxpartners.co.uk/sitemap.xml,incorporation-and-company-structures,no,2026-09,yes,2026-05-22,2026-06-23,2026-05-22,2026-05-22 | Track 1 (Ltd Co): write substantial-shareholding-exempt,2026-05-23,4,0,,,2383,2383,no,0,0,yes,cdf893f2b,5524,43,2,no,7,3,4,false,2172,15,2026-05-28,2026-10-08,0
/blog/incorporation-and-company-structures/substantial-shareholding-exemption-sse,https://www.propertytaxpartners.co.uk/blog/incorporation-and-company-structures/substantial-shareholding-exemption-sse,CRAWLED_NOT_INDEXED,Crawled - currently not indexed,NEUTRAL,2026-07-03T13:30:10Z,MOBILE,SUCCESSFUL,https://www.propertytaxpartners.co.uk/blog/incorporation-and-company-structures/substantial-shareholding-exemption-sse,https://www.propertytaxpartners.co.uk/blog/incorporation-and-company-structures/substantial-shareholding-exemption-sse,https://www.propertytaxpartners.co.uk/sitemap.xml,2,https://www.propertytaxpartners.co.uk/feed.xml;https://www.propertytaxpartners.co.uk/sitemap.xml,incorporation-and-company-structures,no,2026-07,yes,2026-05-27,2026-07-26,2026-05-27,2026-05-27 | MW2 M2-A-B4 A19: substantial-shareholding-exemption-sse,2026-05-28,5,0,,,4599,4600,no,3,0,yes,cdf893f2b,8493,148,0,no,1,3,,false,331,0,2026-07-07,2026-09-09,0
/blog/incorporation-and-company-structures/tax-efficient-property-investment-structure-guide,https://www.propertytaxpartners.co.uk/blog/incorporation-and-company-structures/tax-efficient-property-investment-structure-guide,INDEXED,Submitted and indexed,PASS,2026-09-29T01:57:36Z,MOBILE,SUCCESSFUL,https://www.propertytaxpartners.co.uk/blog/incorporation-and-company-structures/tax-efficient-property-investment-structure-guide,https://www.propertytaxpartners.co.uk/blog/incorporation-and-company-structures/tax-efficient-property-investment-structure-guide,,0,,incorporation-and-company-structures,no,2026-09,yes,2026-05-21,2026-07-26,2026-04-10,"2026-04-10 | Property site: add 148 blog posts, 2 new category hubs,",2026-04-10,8,2,2026-05-21,2026-05-23,2529,2529,no,0,0,yes,b226ff381,6144,2,0,no,4,3,4,false,222,0,2026-05-16,2026-10-06,0
/blog/incorporation-and-company-structures/time-pressure-extraction-divorce-illness-emigration-sequence-12-month-window,https://www.propertytaxpartners.co.uk/blog/incorporation-and-company-structures/time-pressure-extraction-divorce-illness-emigration-sequence-12-month-window,CRAWLED_NOT_INDEXED,Crawled - currently not indexed,NEUTRAL,2026-05-27T08:28:44Z,MOBILE,SUCCESSFUL,https://www.propertytaxpartners.co.uk/blog/incorporation-and-company-structures/time-pressure-extraction-divorce-illness-emigration-sequence-12-month-window,https://www.propertytaxpartners.co.uk/blog/incorporation-and-company-structures/time-pressure-extraction-divorce-illness-emigration-sequence-12-month-window,https://www.propertytaxpartners.co.uk/sitemap.xml,2,https://www.propertytaxpartners.co.uk/feed.xml;https://www.propertytaxpartners.co.uk/sitemap.xml,incorporation-and-company-structures,no,2026-05,yes,2026-05-23,2026-07-26,2026-05-23,2026-05-23 | Wave 6 A6: time-pressure SPV extraction (divorce / illn,2026-05-26,4,0,,,3599,3599,no,0,0,yes,53d9c563c,8359,0,0,no,3,3,4,false,129,1,2026-05-28,2026-10-04,0
/blog/incorporation-and-company-structures/togc-vat-property-letting-business,https://www.propertytaxpartners.co.uk/blog/incorporation-and-company-structures/togc-vat-property-letting-business,CRAWLED_NOT_INDEXED,Crawled - currently not indexed,NEUTRAL,2026-06-27T01:12:45Z,MOBILE,SUCCESSFUL,https://www.propertytaxpartners.co.uk/blog/incorporation-and-company-structures/togc-vat-property-letting-business,https://www.propertytaxpartners.co.uk/blog/incorporation-and-company-structures/togc-vat-property-letting-business,https://www.propertytaxpartners.co.uk/sitemap.xml,2,https://www.propertytaxpartners.co.uk/feed.xml;https://www.propertytaxpartners.co.uk/sitemap.xml,incorporation-and-company-structures,no,2026-06,yes,2026-05-22,2026-07-26,2026-05-22,2026-05-22 | Track 1 (VAT): write togc-vat-property-letting-business,2026-05-23,4,0,,,1878,1878,no,0,0,yes,cdf893f2b,4899,232,9,no,9,3,6,false,90,0,2026-05-26,2026-06-29,0
/blog/incorporation-and-company-structures/transfer-of-going-concern-togc-commercial-property-option-matching-vat-free,https://www.propertytaxpartners.co.uk/blog/incorporation-and-company-structures/transfer-of-going-concern-togc-commercial-property-option-matching-vat-free,INDEXED,Submitted and indexed,PASS,2026-08-30T17:58:29Z,MOBILE,SUCCESSFUL,https://www.propertytaxpartners.co.uk/blog/incorporation-and-company-structures/transfer-of-going-concern-togc-commercial-property-option-matching-vat-free,https://www.propertytaxpartners.co.uk/blog/incorporation-and-company-structures/transfer-of-going-concern-togc-commercial-property-option-matching-vat-free,https://www.propertytaxpartners.co.uk/sitemap.xml,1,https://www.propertytaxpartners.co.uk/sitemap.xml,incorporation-and-company-structures,no,2026-08,yes,2026-05-25,2026-07-26,2026-05-25,2026-05-25 | C3 (Wave 8 Bucket C): transfer-of-going-concern-togc-co,2026-05-26,4,0,,,2961,2961,no,0,0,yes,c218d7a69,7777,0,0,no,2,3,5,false,1747,11,2026-05-29,2026-10-08,0
/blog/incorporation-and-company-structures/transfer-properties-to-company-phased-guide,https://www.propertytaxpartners.co.uk/blog/incorporation-and-company-structures/transfer-properties-to-company-phased-guide,CRAWLED_NOT_INDEXED,Crawled - currently not indexed,NEUTRAL,2026-07-05T18:55:48Z,MOBILE,SUCCESSFUL,https://www.propertytaxpartners.co.uk/blog/incorporation-and-company-structures/transfer-properties-to-company-phased-guide,https://www.propertytaxpartners.co.uk/blog/incorporation-and-company-structures/transfer-properties-to-company-phased-guide,https://www.propertytaxpartners.co.uk/sitemap.xml,1,https://www.propertytaxpartners.co.uk/feed.xml,incorporation-and-company-structures,no,2026-07,yes,2026-04-10,2026-06-23,2026-04-10,"2026-04-10 | Property site: add 148 blog posts, 2 new category hubs,",2026-04-10,6,2,2026-06-02,2026-06-02,2353,2353,no,0,0,yes,cdf893f2b,5744,0,0,no,1,3,5,false,12,0,2026-05-19,2026-07-01,0
/blog/incorporation-and-company-structures/transfer-property-out-of-limited-company-to-personal-name,https://www.propertytaxpartners.co.uk/blog/incorporation-and-company-structures/transfer-property-out-of-limited-company-to-personal-name,UNKNOWN_TO_GOOGLE,URL is unknown to Google,NEUTRAL,,,PAGE_FETCH_STATE_UNSPECIFIED,,,,0,,incorporation-and-company-structures,no,,yes,2026-09-01,2026-09-02,2026-09-02,"2026-09-02 | feat(property): SPV programme Wave 2 - 9 new pages, NRL",2026-09-02,2,0,,,2719,,,,,,,6086,0,0,no,2,3,5,false,0,0,,,0
/blog/incorporation-and-company-structures/transfer-property-to-limited-company-conveyancing,https://www.propertytaxpartners.co.uk/blog/incorporation-and-company-structures/transfer-property-to-limited-company-conveyancing,INDEXED,Submitted and indexed,PASS,2026-09-29T05:37:29Z,MOBILE,SUCCESSFUL,https://www.propertytaxpartners.co.uk/blog/incorporation-and-company-structures/transfer-property-to-limited-company-conveyancing,https://www.propertytaxpartners.co.uk/blog/incorporation-and-company-structures/transfer-property-to-limited-company-conveyancing,,1,https://www.propertytaxpartners.co.uk/sitemap.xml,incorporation-and-company-structures,no,2026-09,yes,2026-09-01,2026-09-02,2026-09-02,"2026-09-02 | feat(property): SPV programme Wave 2 - 9 new pages, NRL",2026-09-02,2,0,,,3338,3338,no,0,0,yes,b226ff381,6708,0,0,no,2,3,5,false,49,0,2026-09-30,2026-10-08,0
/blog/incorporation-and-company-structures/transferring-a-business-out-of-a-company,https://www.propertytaxpartners.co.uk/blog/incorporation-and-company-structures/transferring-a-business-out-of-a-company,CRAWLED_NOT_INDEXED,Crawled - currently not indexed,NEUTRAL,2026-07-04T15:09:16Z,MOBILE,SUCCESSFUL,https://www.propertytaxpartners.co.uk/blog/incorporation-and-company-structures/transferring-a-business-out-of-a-company,https://www.propertytaxpartners.co.uk/blog/incorporation-and-company-structures/transferring-a-business-out-of-a-company,,2,https://www.propertytaxpartners.co.uk/feed.xml;https://www.propertytaxpartners.co.uk/sitemap.xml,incorporation-and-company-structures,no,2026-07,yes,2026-05-27,2026-07-28,2026-05-27,2026-05-27 | MW2 M2-A-B4 A20: transferring-a-business-out-of-a-compa,2026-05-28,6,0,,,5213,5213,no,1,0,yes,cdf893f2b,9962,0,0,no,1,3,,false,10,0,2026-06-01,2026-07-07,0
/blog/incorporation-and-company-structures/transferring-fhl-portfolio-to-limited-company,https://www.propertytaxpartners.co.uk/blog/incorporation-and-company-structures/transferring-fhl-portfolio-to-limited-company,INDEXED,Submitted and indexed,PASS,2026-10-09T22:42:58Z,MOBILE,SUCCESSFUL,https://www.propertytaxpartners.co.uk/blog/incorporation-and-company-structures/transferring-fhl-portfolio-to-limited-company,https://www.propertytaxpartners.co.uk/blog/incorporation-and-company-structures/transferring-fhl-portfolio-to-limited-company,https://www.propertytaxpartners.co.uk/sitemap.xml,1,https://www.propertytaxpartners.co.uk/sitemap.xml,incorporation-and-company-structures,no,2026-10,yes,2026-05-22,2026-07-26,2026-05-22,2026-05-22 | Track 1 (Ltd Co): write transferring-fhl-portfolio-to-l,2026-05-23,5,0,,,2257,2257,no,0,0,yes,b226ff381,5753,0,0,no,7,3,4,false,84,3,2026-05-25,2026-10-06,0
/blog/incorporation-and-company-structures/trust-registration-service-trs-compliance-trust-owned-btl-mlr-2017,https://www.propertytaxpartners.co.uk/blog/incorporation-and-company-structures/trust-registration-service-trs-compliance-trust-owned-btl-mlr-2017,CRAWLED_NOT_INDEXED,Crawled - currently not indexed,NEUTRAL,2026-07-21T16:17:38Z,MOBILE,SUCCESSFUL,https://www.propertytaxpartners.co.uk/blog/incorporation-and-company-structures/trust-registration-service-trs-compliance-trust-owned-btl-mlr-2017,https://www.propertytaxpartners.co.uk/blog/incorporation-and-company-structures/trust-registration-service-trs-compliance-trust-owned-btl-mlr-2017,https://www.propertytaxpartners.co.uk/sitemap.xml,2,https://www.propertytaxpartners.co.uk/feed.xml;https://www.propertytaxpartners.co.uk/sitemap.xml,incorporation-and-company-structures,no,2026-07,yes,2026-05-24,2026-06-23,2026-05-24,2026-05-24 | C1 (Wave 7): trust-registration-service-trs-compliance-,2026-05-26,5,1,2026-06-07,2026-06-07,3275,3275,no,0,0,yes,cdf893f2b,8767,0,0,no,6,3,4,false,80,1,2026-05-27,2026-07-22,0
/blog/incorporation-and-company-structures/types-of-property-company-structure-uk-guide,https://www.propertytaxpartners.co.uk/blog/incorporation-and-company-structures/types-of-property-company-structure-uk-guide,CRAWLED_NOT_INDEXED,Crawled - currently not indexed,NEUTRAL,2026-07-03T13:14:01Z,MOBILE,SUCCESSFUL,https://www.propertytaxpartners.co.uk/blog/incorporation-and-company-structures/types-of-property-company-structure-uk-guide,https://www.propertytaxpartners.co.uk/blog/incorporation-and-company-structures/types-of-property-company-structure-uk-guide,,1,https://www.propertytaxpartners.co.uk/feed.xml,incorporation-and-company-structures,no,2026-07,yes,2026-04-10,2026-06-23,2026-04-10,"2026-04-10 | Property site: add 148 blog posts, 2 new category hubs,",2026-04-10,7,2,2026-06-01,2026-06-02,2986,2986,no,0,0,yes,cdf893f2b,6617,168,12,yes,2,3,,false,0,0,,,0
/blog/incorporation-and-company-structures/uk-landlord-buy-to-let-company-statistics,https://www.propertytaxpartners.co.uk/blog/incorporation-and-company-structures/uk-landlord-buy-to-let-company-statistics,INDEXED,Submitted and indexed,PASS,2026-10-05T19:40:25Z,MOBILE,SUCCESSFUL,https://www.propertytaxpartners.co.uk/blog/incorporation-and-company-structures/uk-landlord-buy-to-let-company-statistics,https://www.propertytaxpartners.co.uk/blog/incorporation-and-company-structures/uk-landlord-buy-to-let-company-statistics,,1,https://www.propertytaxpartners.co.uk/blog,incorporation-and-company-structures,no,2026-10,yes,2026-09-02,2026-09-02,2026-09-02,2026-09-02 | feat(property): UK SPV Incorporation Index - data engin,2026-09-02,1,0,,,1412,1412,no,0,0,yes,e5338e999,3780,0,0,no,1,2,,false,1,0,2026-10-06,2026-10-06,0
/blog/incorporation-and-company-structures/uk-spv-incorporation-index-how-to-cite,https://www.propertytaxpartners.co.uk/blog/incorporation-and-company-structures/uk-spv-incorporation-index-how-to-cite,DISCOVERED_NOT_INDEXED,Discovered – currently not indexed,NEUTRAL,,CRAWLING_USER_AGENT_UNSPECIFIED,PAGE_FETCH_STATE_UNSPECIFIED,,,https://www.propertytaxpartners.co.uk/sitemap.xml,0,,incorporation-and-company-structures,no,,yes,2026-09-02,2026-09-02,2026-09-02,2026-09-02 | feat(property): UK SPV Incorporation Index - data engin,2026-09-02,1,0,,,1343,,,,,,,3458,0,0,no,0,2,,true,0,0,,,0
/blog/incorporation-and-company-structures/understanding-the-taxation-of-fhls-in-a-company,https://www.propertytaxpartners.co.uk/blog/incorporation-and-company-structures/understanding-the-taxation-of-fhls-in-a-company,CRAWLED_NOT_INDEXED,Crawled - currently not indexed,NEUTRAL,2026-07-05T21:10:37Z,MOBILE,SUCCESSFUL,https://www.propertytaxpartners.co.uk/blog/incorporation-and-company-structures/understanding-the-taxation-of-fhls-in-a-company,https://www.propertytaxpartners.co.uk/blog/incorporation-and-company-structures/understanding-the-taxation-of-fhls-in-a-company,https://www.propertytaxpartners.co.uk/sitemap.xml,2,https://www.propertytaxpartners.co.uk/feed.xml;https://www.propertytaxpartners.co.uk/sitemap.xml,incorporation-and-company-structures,no,2026-07,yes,2026-05-26,2026-08-03,2026-05-26,2026-05-26 | MegaWave 1 RUN B: understanding-the-taxation-of-fhls-in,2026-05-26,5,1,2026-08-03,2026-08-03,2997,2923,yes,11,1,no,cdf893f2b,6767,0,0,no,4,3,5,false,19,0,2026-06-07,2026-07-07,0
/blog/incorporation-and-company-structures/welsh-ltt-multiple-dwellings-relief-bulk-purchases-mechanics-survives-vs-sdlt-abolition,https://www.propertytaxpartners.co.uk/blog/incorporation-and-company-structures/welsh-ltt-multiple-dwellings-relief-bulk-purchases-mechanics-survives-vs-sdlt-abolition,CRAWLED_NOT_INDEXED,Crawled - currently not indexed,NEUTRAL,2026-07-03T22:32:56Z,MOBILE,SUCCESSFUL,https://www.propertytaxpartners.co.uk/blog/incorporation-and-company-structures/welsh-ltt-multiple-dwellings-relief-bulk-purchases-mechanics-survives-vs-sdlt-abolition,https://www.propertytaxpartners.co.uk/blog/incorporation-and-company-structures/welsh-ltt-multiple-dwellings-relief-bulk-purchases-mechanics-survives-vs-sdlt-abolition,https://www.propertytaxpartners.co.uk/sitemap.xml,2,https://www.propertytaxpartners.co.uk/feed.xml;https://www.propertytaxpartners.co.uk/sitemap.xml,incorporation-and-company-structures,no,2026-07,yes,2026-05-23,2026-07-26,2026-05-23,"2026-05-23 | Wave 5 B3: Welsh LTT MDR survives (mechanics, 2025 carv",2026-05-26,6,0,,,2942,2942,no,0,0,yes,cdf893f2b,6888,5,0,no,10,3,6,false,48,0,2026-06-01,2026-07-03,0
/blog/incorporation-and-company-structures/when-does-hmrc-accept-rental-property-incorporation-business,https://www.propertytaxpartners.co.uk/blog/incorporation-and-company-structures/when-does-hmrc-accept-rental-property-incorporation-business,CRAWLED_NOT_INDEXED,Crawled - currently not indexed,NEUTRAL,2026-07-09T01:04:13Z,MOBILE,SUCCESSFUL,https://www.propertytaxpartners.co.uk/blog/incorporation-and-company-structures/when-does-hmrc-accept-rental-property-incorporation-business,https://www.propertytaxpartners.co.uk/blog/incorporation-and-company-structures/when-does-hmrc-accept-rental-property-incorporation-business,https://www.propertytaxpartners.co.uk/sitemap.xml,0,,incorporation-and-company-structures,no,2026-07,yes,2026-04-10,2026-10-09,2026-04-10,"2026-04-10 | Property site: add 148 blog posts, 2 new category hubs,",2026-04-10,8,2,2026-06-02,2026-06-02,2797,2795,no,1,0,yes,cdf893f2b,6173,0,0,no,3,3,5,false,327,9,2026-06-01,2026-10-06,0
/blog/incorporation-and-company-structures/when-does-property-holding-company-structure-make-sense-uk-landlords,https://www.propertytaxpartners.co.uk/blog/incorporation-and-company-structures/when-does-property-holding-company-structure-make-sense-uk-landlords,INDEXED,Submitted and indexed,PASS,2026-07-24T11:38:25Z,MOBILE,SUCCESSFUL,https://www.propertytaxpartners.co.uk/blog/incorporation-and-company-structures/when-does-property-holding-company-structure-make-sense-uk-landlords,https://www.propertytaxpartners.co.uk/blog/incorporation-and-company-structures/when-does-property-holding-company-structure-make-sense-uk-landlords,https://www.propertytaxpartners.co.uk/sitemap.xml,1,https://www.propertytaxpartners.co.uk/feed.xml,incorporation-and-company-structures,no,2026-07,yes,2026-04-10,2026-06-23,2026-04-10,"2026-04-10 | Property site: add 148 blog posts, 2 new category hubs,",2026-04-10,6,2,2026-06-02,2026-06-02,2453,2453,no,0,0,yes,cdf893f2b,6202,0,0,no,3,3,5,false,112,1,2026-05-31,2026-10-06,0
/blog/incorporation-and-company-structures/where-uk-property-companies-are-formed-regional-data,https://www.propertytaxpartners.co.uk/blog/incorporation-and-company-structures/where-uk-property-companies-are-formed-regional-data,UNKNOWN_TO_GOOGLE,URL is unknown to Google,NEUTRAL,,,PAGE_FETCH_STATE_UNSPECIFIED,,,,0,,incorporation-and-company-structures,no,,yes,2026-09-02,2026-09-02,2026-09-02,2026-09-02 | feat(property): UK SPV Incorporation Index - data engin,2026-09-02,1,0,,,1476,,,,,,,4410,0,0,no,2,2,,false,0,0,,,0
/blog/landlord-tax-essentials,https://www.propertytaxpartners.co.uk/blog/landlord-tax-essentials,CRAWLED_NOT_INDEXED,Crawled - currently not indexed,NEUTRAL,2026-05-15T08:10:17Z,MOBILE,SUCCESSFUL,,,https://www.propertytaxpartners.co.uk/sitemap.xml,1,https://www.propertytaxpartners.co.uk/sitemap.xml,blog-cat,no,2026-05,no,,,,,,,,,,21503,,,,,,,21503,0,0,no,0,2,,true,0,0,,,0
/blog/landlord-tax-essentials/2027-property-income-tax-rates-landlords-uk,https://www.propertytaxpartners.co.uk/blog/landlord-tax-essentials/2027-property-income-tax-rates-landlords-uk,CRAWLED_NOT_INDEXED,Crawled - currently not indexed,NEUTRAL,2026-05-15T18:57:47Z,MOBILE,SUCCESSFUL,,,https://www.propertytaxpartners.co.uk/sitemap.xml,1,https://www.propertytaxpartners.co.uk/blog/landlord-tax-essentials/what-repairs-can-landlords-deduct-from-rental-income,landlord-tax-essentials,no,2026-05,yes,2026-05-21,2026-08-03,2026-04-10,"2026-04-10 | Property site: add 148 blog posts, 2 new category hubs,",2026-04-10,8,3,2026-05-29,2026-05-29,2258,1140,yes,227,2,no,80d51206c,5685,127,10,yes,54,3,3,false,126,0,2026-05-16,2026-09-14,0
/blog/landlord-tax-essentials/a-complete-guide-to-hmrcs-digital-disclosure-service,https://www.propertytaxpartners.co.uk/blog/landlord-tax-essentials/a-complete-guide-to-hmrcs-digital-disclosure-service,CRAWLED_NOT_INDEXED,Crawled - currently not indexed,NEUTRAL,2026-07-16T08:49:59Z,MOBILE,SUCCESSFUL,https://www.propertytaxpartners.co.uk/blog/landlord-tax-essentials/a-complete-guide-to-hmrcs-digital-disclosure-service,https://www.propertytaxpartners.co.uk/blog/landlord-tax-essentials/a-complete-guide-to-hmrcs-digital-disclosure-service,https://www.propertytaxpartners.co.uk/sitemap.xml,1,https://www.propertytaxpartners.co.uk/sitemap.xml,landlord-tax-essentials,no,2026-07,yes,2026-05-28,2026-06-23,2026-05-28,2026-05-28 | MW3 RUN A: a-complete-guide-to-hmrcs-digital-disclosure,2026-05-28,4,0,,,3217,3217,no,0,0,yes,cdf893f2b,6589,53,1,no,0,3,,true,353,4,2026-05-30,2026-09-17,0
/blog/landlord-tax-essentials/a-complete-guide-to-periodic-tenancy,https://www.propertytaxpartners.co.uk/blog/landlord-tax-essentials/a-complete-guide-to-periodic-tenancy,CRAWLED_NOT_INDEXED,Crawled - currently not indexed,NEUTRAL,2026-07-05T07:50:26Z,MOBILE,SUCCESSFUL,https://www.propertytaxpartners.co.uk/blog/landlord-tax-essentials/a-complete-guide-to-periodic-tenancy,https://www.propertytaxpartners.co.uk/blog/landlord-tax-essentials/a-complete-guide-to-periodic-tenancy,,1,https://www.propertytaxpartners.co.uk/sitemap.xml,landlord-tax-essentials,no,2026-07,yes,2026-05-28,2026-08-18,2026-05-28,2026-05-28 | MegaWave 3 RUN C: a-complete-guide-to-periodic-tenancy ,2026-05-28,5,1,2026-08-18,2026-08-18,3224,2416,yes,24,1,no,cdf893f2b,6866,52,0,no,2,2,,false,39,0,2026-06-01,2026-07-07,0
/blog/landlord-tax-essentials/abolition-of-furnished-holiday-lettings-fhl-what-individual-owners-needs-to-know,https://www.propertytaxpartners.co.uk/blog/landlord-tax-essentials/abolition-of-furnished-holiday-lettings-fhl-what-individual-owners-needs-to-know,CRAWLED_NOT_INDEXED,Crawled - currently not indexed,NEUTRAL,2026-07-01T19:21:02Z,MOBILE,SUCCESSFUL,https://www.propertytaxpartners.co.uk/blog/landlord-tax-essentials/abolition-of-furnished-holiday-lettings-fhl-what-individual-owners-needs-to-know,https://www.propertytaxpartners.co.uk/blog/landlord-tax-essentials/abolition-of-furnished-holiday-lettings-fhl-what-individual-owners-needs-to-know,https://www.propertytaxpartners.co.uk/sitemap.xml,1,https://www.propertytaxpartners.co.uk/sitemap.xml,landlord-tax-essentials,no,2026-07,yes,2026-05-26,2026-07-26,2026-05-26,2026-05-26 | MegaWave 1 RUN B: abolition-of-furnished-holiday-lettin,2026-05-26,8,0,,,3604,3604,no,0,0,yes,a9ae467a9,7144,22,3,no,15,3,4,false,36,0,2026-05-28,2026-07-01,0
/blog/landlord-tax-essentials/accidental-landlord-taxes-a-complete-guide,https://www.propertytaxpartners.co.uk/blog/landlord-tax-essentials/accidental-landlord-taxes-a-complete-guide,CRAWLED_NOT_INDEXED,Crawled - currently not indexed,NEUTRAL,2026-05-28T23:48:02Z,MOBILE,SUCCESSFUL,https://www.propertytaxpartners.co.uk/blog/landlord-tax-essentials/accidental-landlord-taxes-a-complete-guide,https://www.propertytaxpartners.co.uk/blog/landlord-tax-essentials/accidental-landlord-taxes-a-complete-guide,https://www.propertytaxpartners.co.uk/sitemap.xml,1,https://www.propertytaxpartners.co.uk/sitemap.xml,landlord-tax-essentials,no,2026-05,yes,2026-05-28,2026-06-23,2026-05-28,2026-05-28 | MegaWave 3 RUN C: accidental-landlord-taxes-a-complete-,2026-05-28,3,0,,,2475,2475,no,0,0,yes,85dc0a380,5901,0,0,no,1,3,3,false,22,1,2026-05-30,2026-07-11,0
/blog/landlord-tax-essentials/agricultural-relief-for-inheritance-tax-key-benefits,https://www.propertytaxpartners.co.uk/blog/landlord-tax-essentials/agricultural-relief-for-inheritance-tax-key-benefits,CRAWLED_NOT_INDEXED,Crawled - currently not indexed,NEUTRAL,2026-07-21T14:48:47Z,MOBILE,SUCCESSFUL,https://www.propertytaxpartners.co.uk/blog/landlord-tax-essentials/agricultural-relief-for-inheritance-tax-key-benefits,https://www.propertytaxpartners.co.uk/blog/landlord-tax-essentials/agricultural-relief-for-inheritance-tax-key-benefits,,1,https://www.propertytaxpartners.co.uk/sitemap.xml,landlord-tax-essentials,no,2026-07,yes,2026-05-27,2026-08-21,2026-05-27,2026-05-27 | MW2 RUN M2-C-B1 C2: agricultural-relief-for-inheritance,2026-05-28,4,1,2026-08-21,2026-08-21,3427,3910,yes,206,1,no,f4f6d9775,6716,0,0,no,6,2,5,false,79,2,2026-05-30,2026-09-22,0
/blog/landlord-tax-essentials/annual-investment-allowance-2025,https://www.propertytaxpartners.co.uk/blog/landlord-tax-essentials/annual-investment-allowance-2025,CRAWLED_NOT_INDEXED,Crawled - currently not indexed,NEUTRAL,2026-05-20T17:06:37Z,MOBILE,SUCCESSFUL,,,https://www.propertytaxpartners.co.uk/sitemap.xml,1,https://www.propertytaxpartners.co.uk/sitemap.xml,landlord-tax-essentials,no,2026-05,yes,'2026-05-20',2026-08-03,2026-05-20,2026-05-20 | chore: pre-refactor baseline snapshot of working-tree s,2026-05-20,7,3,2026-06-02,2026-06-02,2142,1201,yes,80,3,no,5da8276aa,4975,273,3,no,1,3,,false,13,1,2026-05-21,2026-07-24,0
/blog/landlord-tax-essentials/are-rent-arrears-skyrocketing-and-squeezing-landlords,https://www.propertytaxpartners.co.uk/blog/landlord-tax-essentials/are-rent-arrears-skyrocketing-and-squeezing-landlords,CRAWLED_NOT_INDEXED,Crawled - currently not indexed,NEUTRAL,2026-07-05T23:05:54Z,MOBILE,SUCCESSFUL,https://www.propertytaxpartners.co.uk/blog/landlord-tax-essentials/are-rent-arrears-skyrocketing-and-squeezing-landlords,https://www.propertytaxpartners.co.uk/blog/landlord-tax-essentials/are-rent-arrears-skyrocketing-and-squeezing-landlords,https://www.propertytaxpartners.co.uk/sitemap.xml,1,https://www.propertytaxpartners.co.uk/sitemap.xml,landlord-tax-essentials,no,2026-07,yes,2026-05-28,2026-07-26,2026-05-28,2026-05-28 | MegaWave 3 RUN C: are-rent-arrears-skyrocketing-and-squ,2026-05-28,4,0,,,2714,2714,no,0,0,yes,cdf893f2b,5908,0,0,no,0,3,,true,76,0,2026-06-02,2026-09-08,0
/blog/landlord-tax-essentials/bare-trusts-and-lbtt-relief-availability,https://www.propertytaxpartners.co.uk/blog/landlord-tax-essentials/bare-trusts-and-lbtt-relief-availability,CRAWLED_NOT_INDEXED,Crawled - currently not indexed,NEUTRAL,2026-07-05T20:15:26Z,MOBILE,SUCCESSFUL,https://www.propertytaxpartners.co.uk/blog/landlord-tax-essentials/bare-trusts-and-lbtt-relief-availability,https://www.propertytaxpartners.co.uk/blog/landlord-tax-essentials/bare-trusts-and-lbtt-relief-availability,https://www.propertytaxpartners.co.uk/sitemap.xml,1,https://www.propertytaxpartners.co.uk/sitemap.xml,landlord-tax-essentials,no,2026-07,yes,2026-05-26,2026-07-26,2026-05-26,2026-05-26 | MegaWave 1 RUN B: bare-trusts-and-lbtt-relief-availabil,2026-05-26,6,0,,,2484,2484,no,0,0,yes,cdf893f2b,6129,0,0,no,2,3,,false,43,0,2026-05-31,2026-07-05,0
/blog/landlord-tax-essentials/benefits-of-participating-in-the-let-property-campaign,https://www.propertytaxpartners.co.uk/blog/landlord-tax-essentials/benefits-of-participating-in-the-let-property-campaign,INDEXED,Submitted and indexed,PASS,2026-09-10T05:59:24Z,MOBILE,SUCCESSFUL,https://www.propertytaxpartners.co.uk/blog/landlord-tax-essentials/benefits-of-participating-in-the-let-property-campaign,https://www.propertytaxpartners.co.uk/blog/landlord-tax-essentials/benefits-of-participating-in-the-let-property-campaign,,1,https://www.propertytaxpartners.co.uk/sitemap.xml,landlord-tax-essentials,no,2026-09,yes,2026-05-28,2026-06-23,2026-05-28,2026-05-28 | MW3 RUN A: benefits-of-participating-in-the-let-propert,2026-05-28,4,0,,,3080,3080,no,0,0,yes,cdf893f2b,6362,0,0,no,1,3,5,false,39,2,2026-06-03,2026-10-07,0
/blog/landlord-tax-essentials/bidding-wars-asking-rent-cap-landlord-marketing-compliance,https://www.propertytaxpartners.co.uk/blog/landlord-tax-essentials/bidding-wars-asking-rent-cap-landlord-marketing-compliance,CRAWLED_NOT_INDEXED,Crawled - currently not indexed,NEUTRAL,2026-07-01T15:02:58Z,MOBILE,SUCCESSFUL,https://www.propertytaxpartners.co.uk/blog/landlord-tax-essentials/bidding-wars-asking-rent-cap-landlord-marketing-compliance,https://www.propertytaxpartners.co.uk/blog/landlord-tax-essentials/bidding-wars-asking-rent-cap-landlord-marketing-compliance,,1,https://www.propertytaxpartners.co.uk/sitemap.xml,landlord-tax-essentials,no,2026-07,yes,2026-05-23,2026-07-26,2026-05-23,2026-05-23 | Wave 3 (RRA): write bidding-wars-asking-rent-cap-landlo,2026-05-23,4,0,,,2505,2505,no,0,0,yes,cdf893f2b,7544,0,0,no,0,3,,true,31,0,2026-06-02,2026-07-02,0
/blog/landlord-tax-essentials/bpr-pure-btl-pawson-test-why-buy-to-let-fails-investment-line,https://www.propertytaxpartners.co.uk/blog/landlord-tax-essentials/bpr-pure-btl-pawson-test-why-buy-to-let-fails-investment-line,CRAWLED_NOT_INDEXED,Crawled - currently not indexed,NEUTRAL,2026-05-27T08:28:35Z,MOBILE,SUCCESSFUL,https://www.propertytaxpartners.co.uk/blog/landlord-tax-essentials/bpr-pure-btl-pawson-test-why-buy-to-let-fails-investment-line,https://www.propertytaxpartners.co.uk/blog/landlord-tax-essentials/bpr-pure-btl-pawson-test-why-buy-to-let-fails-investment-line,https://www.propertytaxpartners.co.uk/sitemap.xml,2,https://www.propertytaxpartners.co.uk/feed.xml;https://www.propertytaxpartners.co.uk/sitemap.xml,landlord-tax-essentials,no,2026-05,yes,2026-05-23,2026-08-03,2026-05-23,2026-05-23 | Wave 4 C1: bpr-pure-btl-pawson-test-why-buy-to-let-fail,2026-05-26,8,1,2026-06-06,2026-06-07,2734,2818,yes,23,1,no,060ec9334,7168,0,0,no,6,2,5,false,28,1,2026-05-27,2026-07-06,0
/blog/landlord-tax-essentials/btl-mortgage,https://www.propertytaxpartners.co.uk/blog/landlord-tax-essentials/btl-mortgage,CRAWLED_NOT_INDEXED,Crawled - currently not indexed,NEUTRAL,2026-05-20T12:47:11Z,MOBILE,SUCCESSFUL,https://www.propertytaxpartners.co.uk/blog/landlord-tax-essentials/btl-mortgage,https://www.propertytaxpartners.co.uk/blog/landlord-tax-essentials/btl-mortgage,https://www.propertytaxpartners.co.uk/sitemap.xml,1,https://www.propertytaxpartners.co.uk/sitemap.xml,landlord-tax-essentials,no,2026-05,yes,'2026-05-19',2026-06-23,2026-05-20,2026-05-20 | property: Create new page /blog/btl-mortgage via consol,2026-05-20,6,2,2026-06-06,2026-06-07,2405,1709,yes,83,2,no,68b35946d,4952,209,24,yes,5,3,5,false,8,0,2026-05-21,2026-07-13,0
/blog/landlord-tax-essentials/business-property-relief-rental-property-iht,https://www.propertytaxpartners.co.uk/blog/landlord-tax-essentials/business-property-relief-rental-property-iht,CRAWLED_NOT_INDEXED,Crawled - currently not indexed,NEUTRAL,2026-05-30T01:01:39Z,MOBILE,SUCCESSFUL,,,https://www.propertytaxpartners.co.uk/sitemap.xml,1,https://www.propertytaxpartners.co.uk/sitemap.xml,landlord-tax-essentials,no,2026-05,yes,2026-04-10,2026-06-23,2026-04-11,"2026-04-11 | Property site: deduplicate 241 blog posts, eliminate he",2026-04-11,8,1,2026-06-01,2026-06-02,1904,1185,yes,206,1,no,f11d80167,4144,0,0,no,11,2,4,false,602,2,2026-06-03,2026-09-14,0
/blog/landlord-tax-essentials/capital-allowances-on-vans,https://www.propertytaxpartners.co.uk/blog/landlord-tax-essentials/capital-allowances-on-vans,INDEXED,Submitted and indexed,PASS,2026-10-01T02:55:40Z,MOBILE,SUCCESSFUL,https://www.propertytaxpartners.co.uk/blog/landlord-tax-essentials/capital-allowances-on-vans,https://www.propertytaxpartners.co.uk/blog/landlord-tax-essentials/capital-allowances-on-vans,https://www.propertytaxpartners.co.uk/sitemap.xml,1,https://www.propertytaxpartners.co.uk/sitemap.xml,landlord-tax-essentials,no,2026-10,yes,'2026-05-20',2026-06-23,2026-05-20,2026-05-20 | chore: pre-refactor baseline snapshot of working-tree s,2026-05-20,7,3,2026-06-06,2026-06-07,3750,3750,no,0,0,yes,b226ff381,7055,759,56,yes,1,3,6,false,4553,48,2026-05-21,2026-10-08,0
/blog/landlord-tax-essentials/capital-allowances-second-hand-vans,https://www.propertytaxpartners.co.uk/blog/landlord-tax-essentials/capital-allowances-second-hand-vans,CRAWLED_NOT_INDEXED,Crawled - currently not indexed,NEUTRAL,2026-07-01T14:44:52Z,MOBILE,SUCCESSFUL,https://www.propertytaxpartners.co.uk/blog/landlord-tax-essentials/capital-allowances-second-hand-vans,https://www.propertytaxpartners.co.uk/blog/landlord-tax-essentials/capital-allowances-second-hand-vans,https://www.propertytaxpartners.co.uk/sitemap.xml,1,https://www.propertytaxpartners.co.uk/sitemap.xml,landlord-tax-essentials,no,2026-07,yes,'2026-05-20',2026-06-23,2026-05-20,2026-05-20 | chore: pre-refactor baseline snapshot of working-tree s,2026-05-20,7,2,2026-06-02,2026-06-02,3725,3725,no,0,0,yes,cdf893f2b,7037,228,9,no,2,3,5,false,66,1,2026-05-21,2026-07-02,0
/blog/landlord-tax-essentials/capital-vs-revenue-expenditure-landlord-uk,https://www.propertytaxpartners.co.uk/blog/landlord-tax-essentials/capital-vs-revenue-expenditure-landlord-uk,DISCOVERED_NOT_INDEXED,Discovered – currently not indexed,NEUTRAL,,CRAWLING_USER_AGENT_UNSPECIFIED,PAGE_FETCH_STATE_UNSPECIFIED,,,https://www.propertytaxpartners.co.uk/sitemap.xml,1,https://www.propertytaxpartners.co.uk/sitemap.xml,landlord-tax-essentials,no,,yes,2026-04-10,2026-06-23,2026-04-10,"2026-04-10 | Property site: add 148 blog posts, 2 new category hubs,",2026-04-10,7,2,2026-05-30,2026-05-31,2778,,,,,,,6623,352,32,yes,8,2,2,false,263,0,2026-04-11,2026-05-31,0
/blog/landlord-tax-essentials/case-laws,https://www.propertytaxpartners.co.uk/blog/landlord-tax-essentials/case-laws,CRAWLED_NOT_INDEXED,Crawled - currently not indexed,NEUTRAL,2026-07-05T07:06:16Z,MOBILE,SUCCESSFUL,https://www.propertytaxpartners.co.uk/blog/landlord-tax-essentials/case-laws,https://www.propertytaxpartners.co.uk/blog/landlord-tax-essentials/case-laws,,1,https://www.propertytaxpartners.co.uk/sitemap.xml,landlord-tax-essentials,no,2026-07,yes,2026-05-28,2026-06-23,2026-05-28,2026-05-28 | MegaWave 3 RUN C: case-laws (M3-C-B3 4/6),2026-05-28,3,0,,,2650,2650,no,0,0,yes,cdf893f2b,5380,0,0,no,0,3,,true,23,0,2026-06-03,2026-07-02,0
/blog/landlord-tax-essentials/civil-partnerships-joint-property-ownership-tax-treatment-form-17-equality,https://www.propertytaxpartners.co.uk/blog/landlord-tax-essentials/civil-partnerships-joint-property-ownership-tax-treatment-form-17-equality,CRAWLED_NOT_INDEXED,Crawled - currently not indexed,NEUTRAL,2026-07-03T09:49:42Z,MOBILE,SUCCESSFUL,https://www.propertytaxpartners.co.uk/blog/landlord-tax-essentials/civil-partnerships-joint-property-ownership-tax-treatment-form-17-equality,https://www.propertytaxpartners.co.uk/blog/landlord-tax-essentials/civil-partnerships-joint-property-ownership-tax-treatment-form-17-equality,https://www.propertytaxpartners.co.uk/sitemap.xml,1,https://www.propertytaxpartners.co.uk/sitemap.xml,landlord-tax-essentials,no,2026-07,yes,2026-05-23,2026-06-23,2026-05-23,"2026-05-23 | Wave 5 C5: Civil partnerships and joint property, Form ",2026-05-26,3,0,,,3181,3181,no,0,0,yes,cdf893f2b,6751,0,0,no,6,3,3,false,34,0,2026-05-30,2026-06-30,0
/blog/landlord-tax-essentials/claim-home-office-deduction-landlords,https://www.propertytaxpartners.co.uk/blog/landlord-tax-essentials/claim-home-office-deduction-landlords,CRAWLED_NOT_INDEXED,Crawled - currently not indexed,NEUTRAL,2026-08-10T07:06:04Z,MOBILE,SUCCESSFUL,https://www.propertytaxpartners.co.uk/blog/landlord-tax-essentials/claim-home-office-deduction-landlords,https://www.propertytaxpartners.co.uk/blog/landlord-tax-essentials/claim-home-office-deduction-landlords,,2,https://www.propertytaxpartners.co.uk/feed.xml;https://www.propertytaxpartners.co.uk/sitemap.xml,landlord-tax-essentials,no,2026-08,yes,2026-05-27,2026-08-21,2026-05-27,2026-05-27 | MW2 RUN B-B1: claim-home-office-deduction-landlords pag,2026-05-28,6,1,2026-08-21,2026-08-21,3151,2561,yes,187,1,no,cdf893f2b,6258,0,0,no,2,3,4,false,76,2,2026-06-03,2026-08-28,0
/blog/landlord-tax-essentials/comparing-online-and-paper-self-assessment-tax-returns,https://www.propertytaxpartners.co.uk/blog/landlord-tax-essentials/comparing-online-and-paper-self-assessment-tax-returns,CRAWLED_NOT_INDEXED,Crawled - currently not indexed,NEUTRAL,2026-05-29T00:21:59Z,MOBILE,SUCCESSFUL,https://www.propertytaxpartners.co.uk/blog/landlord-tax-essentials/comparing-online-and-paper-self-assessment-tax-returns,https://www.propertytaxpartners.co.uk/blog/landlord-tax-essentials/comparing-online-and-paper-self-assessment-tax-returns,https://www.propertytaxpartners.co.uk/sitemap.xml,1,https://www.propertytaxpartners.co.uk/sitemap.xml,landlord-tax-essentials,no,2026-05,yes,2026-05-28,2026-06-23,2026-05-28,2026-05-28 | MW3 RUN A: comparing-online-and-paper-self-assessment-t,2026-05-28,4,0,,,3110,3110,no,0,0,yes,059efd6b5,6643,0,0,no,0,3,,true,31,0,2026-05-30,2026-08-18,0
/blog/landlord-tax-essentials/comparison-of-discretionary-trusts,https://www.propertytaxpartners.co.uk/blog/landlord-tax-essentials/comparison-of-discretionary-trusts,CRAWLED_NOT_INDEXED,Crawled - currently not indexed,NEUTRAL,2026-05-28T23:55:56Z,MOBILE,SUCCESSFUL,https://www.propertytaxpartners.co.uk/blog/landlord-tax-essentials/comparison-of-discretionary-trusts,https://www.propertytaxpartners.co.uk/blog/landlord-tax-essentials/comparison-of-discretionary-trusts,https://www.propertytaxpartners.co.uk/sitemap.xml,1,https://www.propertytaxpartners.co.uk/sitemap.xml,landlord-tax-essentials,no,2026-05,yes,2026-05-27,2026-05-30,2026-05-27,2026-05-27 | MW2 RUN M2-C-B1 C3: comparison-of-discretionary-trusts ,2026-05-28,4,0,,,4219,4219,no,4,0,yes,15fa0399b,7547,0,0,no,3,3,4,false,12,1,2026-06-10,2026-06-28,0
/blog/landlord-tax-essentials/cop9-contractual-disclosure-facility-landlord-tax-fraud-investigation,https://www.propertytaxpartners.co.uk/blog/landlord-tax-essentials/cop9-contractual-disclosure-facility-landlord-tax-fraud-investigation,CRAWLED_NOT_INDEXED,Crawled - currently not indexed,NEUTRAL,2026-05-27T08:27:38Z,MOBILE,SUCCESSFUL,https://www.propertytaxpartners.co.uk/blog/landlord-tax-essentials/cop9-contractual-disclosure-facility-landlord-tax-fraud-investigation,https://www.propertytaxpartners.co.uk/blog/landlord-tax-essentials/cop9-contractual-disclosure-facility-landlord-tax-fraud-investigation,,1,https://www.propertytaxpartners.co.uk/sitemap.xml,landlord-tax-essentials,no,2026-05,yes,2026-05-24,2026-07-26,2026-05-24,2026-05-24 | Wave 7 B3: CoP9 / Contractual Disclosure Facility net-n,2026-05-26,3,0,,,2979,2983,no,4,0,yes,959b38a17,5186,0,0,no,5,3,5,false,68,1,2026-05-27,2026-08-26,0
/blog/landlord-tax-essentials/decent-homes-standard-prs-landlord-compliance-checklist,https://www.propertytaxpartners.co.uk/blog/landlord-tax-essentials/decent-homes-standard-prs-landlord-compliance-checklist,CRAWLED_NOT_INDEXED,Crawled - currently not indexed,NEUTRAL,2026-07-01T04:01:59Z,MOBILE,SUCCESSFUL,https://www.propertytaxpartners.co.uk/blog/landlord-tax-essentials/decent-homes-standard-prs-landlord-compliance-checklist,https://www.propertytaxpartners.co.uk/blog/landlord-tax-essentials/decent-homes-standard-prs-landlord-compliance-checklist,,0,,landlord-tax-essentials,no,2026-07,yes,2026-05-22,2026-08-21,2026-05-22,2026-05-22 | Wave 3 (RRA): write decent-homes-standard-prs-landlord-,2026-05-23,5,0,,,3673,3672,no,1,0,yes,cdf893f2b,9732,0,0,no,4,2,6,false,62,0,2026-05-27,2026-06-29,0
/blog/landlord-tax-essentials/declaration-of-trust,https://www.propertytaxpartners.co.uk/blog/landlord-tax-essentials/declaration-of-trust,CRAWLED_NOT_INDEXED,Crawled - currently not indexed,NEUTRAL,2026-07-05T04:26:02Z,MOBILE,SUCCESSFUL,https://www.propertytaxpartners.co.uk/blog/landlord-tax-essentials/declaration-of-trust,https://www.propertytaxpartners.co.uk/blog/landlord-tax-essentials/declaration-of-trust,https://www.propertytaxpartners.co.uk/sitemap.xml,1,https://www.propertytaxpartners.co.uk/sitemap.xml,landlord-tax-essentials,no,2026-07,yes,2026-05-27,2026-05-29,2026-05-27,2026-05-27 | MW2 RUN M2-C-B1 C4: declaration-of-trust — definitional,2026-05-28,4,0,,,3738,3743,no,1,0,yes,f4f6d9775,7139,0,0,no,4,3,3,false,51,0,2026-05-31,2026-07-07,0
/blog/landlord-tax-essentials/declaration-of-trust-property-beneficial-ownership-mechanics-evidence-form-17,https://www.propertytaxpartners.co.uk/blog/landlord-tax-essentials/declaration-of-trust-property-beneficial-ownership-mechanics-evidence-form-17,CRAWLED_NOT_INDEXED,Crawled - currently not indexed,NEUTRAL,2026-07-05T18:30:11Z,MOBILE,SUCCESSFUL,https://www.propertytaxpartners.co.uk/blog/landlord-tax-essentials/declaration-of-trust-property-beneficial-ownership-mechanics-evidence-form-17,https://www.propertytaxpartners.co.uk/blog/landlord-tax-essentials/declaration-of-trust-property-beneficial-ownership-mechanics-evidence-form-17,https://www.propertytaxpartners.co.uk/sitemap.xml,1,https://www.propertytaxpartners.co.uk/sitemap.xml,landlord-tax-essentials,no,2026-07,yes,2026-05-23,2026-06-23,2026-05-23,"2026-05-23 | Wave 5 C3: Declaration of trust on property, document m",2026-05-26,3,0,,,2647,2647,no,0,0,yes,cdf893f2b,6315,152,5,no,14,3,3,false,137,0,2026-05-27,2026-07-08,0
/blog/landlord-tax-essentials/deed-of-variation-property-estate-redirecting-inheritance-iht-saving,https://www.propertytaxpartners.co.uk/blog/landlord-tax-essentials/deed-of-variation-property-estate-redirecting-inheritance-iht-saving,INDEXED,Submitted and indexed,PASS,2026-09-10T02:46:52Z,MOBILE,SUCCESSFUL,https://www.propertytaxpartners.co.uk/blog/landlord-tax-essentials/deed-of-variation-property-estate-redirecting-inheritance-iht-saving,https://www.propertytaxpartners.co.uk/blog/landlord-tax-essentials/deed-of-variation-property-estate-redirecting-inheritance-iht-saving,https://www.propertytaxpartners.co.uk/sitemap.xml,1,https://www.propertytaxpartners.co.uk/sitemap.xml,landlord-tax-essentials,no,2026-09,yes,2026-05-23,2026-06-23,2026-05-23,2026-05-23 | Wave 4 C5: deed-of-variation-property-estate-redirectin,2026-05-26,3,0,,,2944,2944,no,0,0,yes,cdf893f2b,8498,0,0,no,13,3,4,false,834,6,2026-05-29,2026-10-08,0
/blog/landlord-tax-essentials/deposit-buy-to-let-2026-mortgage-requirements,https://www.propertytaxpartners.co.uk/blog/landlord-tax-essentials/deposit-buy-to-let-2026-mortgage-requirements,CRAWLED_NOT_INDEXED,Crawled - currently not indexed,NEUTRAL,2026-05-15T23:41:05Z,MOBILE,SUCCESSFUL,,,https://www.propertytaxpartners.co.uk/sitemap.xml,1,https://www.propertytaxpartners.co.uk/blog/landlord-tax-essentials/what-repairs-can-landlords-deduct-from-rental-income,landlord-tax-essentials,no,2026-05,yes,2026-04-10,2026-08-21,2026-04-10,"2026-04-10 | Property site: add 148 blog posts, 2 new category hubs,",2026-04-10,8,3,2026-08-21,2026-08-21,2100,1046,yes,144,2,no,80d51206c,4541,0,0,no,2,3,5,false,29,0,2026-05-19,2026-06-30,0
/blog/landlord-tax-essentials/discovery-assessment-time-limits-landlord-tax-enquiries-tma-1970-s29,https://www.propertytaxpartners.co.uk/blog/landlord-tax-essentials/discovery-assessment-time-limits-landlord-tax-enquiries-tma-1970-s29,CRAWLED_NOT_INDEXED,Crawled - currently not indexed,NEUTRAL,2026-07-05T04:06:01Z,MOBILE,SUCCESSFUL,https://www.propertytaxpartners.co.uk/blog/landlord-tax-essentials/discovery-assessment-time-limits-landlord-tax-enquiries-tma-1970-s29,https://www.propertytaxpartners.co.uk/blog/landlord-tax-essentials/discovery-assessment-time-limits-landlord-tax-enquiries-tma-1970-s29,https://www.propertytaxpartners.co.uk/sitemap.xml,1,https://www.propertytaxpartners.co.uk/sitemap.xml,landlord-tax-essentials,no,2026-07,yes,2026-05-24,2026-05-30,2026-05-24,2026-05-24 | Wave 7 B1: Discovery assessment time limits (TMA 1970 s,2026-05-26,3,0,,,3131,3131,no,0,0,yes,2ef24d4a0,5736,234,3,no,11,3,3,false,91,0,2026-05-28,2026-07-03,0
/blog/landlord-tax-essentials/domestic-reverse-charge-construction-vat-landlords,https://www.propertytaxpartners.co.uk/blog/landlord-tax-essentials/domestic-reverse-charge-construction-vat-landlords,CRAWLED_NOT_INDEXED,Crawled - currently not indexed,NEUTRAL,2026-05-24T16:05:21Z,MOBILE,SUCCESSFUL,https://www.propertytaxpartners.co.uk/blog/landlord-tax-essentials/domestic-reverse-charge-construction-vat-landlords,https://www.propertytaxpartners.co.uk/blog/landlord-tax-essentials/domestic-reverse-charge-construction-vat-landlords,https://www.propertytaxpartners.co.uk/sitemap.xml,1,https://www.propertytaxpartners.co.uk/sitemap.xml,landlord-tax-essentials,no,2026-05,yes,2026-05-22,2026-06-23,2026-05-22,2026-05-22 | Track 1 (VAT): write domestic-reverse-charge-constructi,2026-05-23,4,0,,,2167,2174,no,1,0,yes,1654ba07c,5079,0,0,no,9,3,7,false,78,1,2026-05-24,2026-09-01,0
/blog/landlord-tax-essentials/eicr-certificate-cost-landlords,https://www.propertytaxpartners.co.uk/blog/landlord-tax-essentials/eicr-certificate-cost-landlords,INDEXED,Submitted and indexed,PASS,2026-09-18T18:21:04Z,MOBILE,SUCCESSFUL,https://www.propertytaxpartners.co.uk/blog/landlord-tax-essentials/eicr-certificate-cost-landlords,https://www.propertytaxpartners.co.uk/blog/landlord-tax-essentials/eicr-certificate-cost-landlords,https://www.propertytaxpartners.co.uk/sitemap.xml,1,https://www.propertytaxpartners.co.uk/sitemap.xml,landlord-tax-essentials,no,2026-09,yes,2026-08-15,2026-08-21,2026-08-20,2026-08-20 | feat(property): wave11 19 pages + frontmatter completio,2026-08-21,4,1,2026-08-20,2026-08-21,3127,3127,no,0,0,yes,8c915e776,6248,13,0,no,8,2,4,false,167,4,2026-08-22,2026-10-08,0
/blog/landlord-tax-essentials/end-tax-year-checklist-landlords-april-2026,https://www.propertytaxpartners.co.uk/blog/landlord-tax-essentials/end-tax-year-checklist-landlords-april-2026,CRAWLED_NOT_INDEXED,Crawled - currently not indexed,NEUTRAL,2026-05-29T18:39:19Z,MOBILE,SUCCESSFUL,https://www.propertytaxpartners.co.uk/blog/landlord-tax-essentials/end-tax-year-checklist-landlords-april-2026,https://www.propertytaxpartners.co.uk/blog/landlord-tax-essentials/end-tax-year-checklist-landlords-april-2026,https://www.propertytaxpartners.co.uk/sitemap.xml,1,https://www.propertytaxpartners.co.uk/sitemap.xml,landlord-tax-essentials,no,2026-05,yes,2026-05-30,2026-06-23,2026-04-10,"2026-04-10 | Property site: add 148 blog posts, 2 new category hubs,",2026-04-10,7,3,2026-06-02,2026-06-02,3313,1160,yes,154,2,no,e4cecef7d,7682,0,0,no,3,3,4,false,0,0,,,1
/blog/landlord-tax-essentials/energy-performance-certificates-epc,https://www.propertytaxpartners.co.uk/blog/landlord-tax-essentials/energy-performance-certificates-epc,CRAWLED_NOT_INDEXED,Crawled - currently not indexed,NEUTRAL,2026-07-16T01:21:30Z,MOBILE,SUCCESSFUL,https://www.propertytaxpartners.co.uk/blog/landlord-tax-essentials/energy-performance-certificates-epc,https://www.propertytaxpartners.co.uk/blog/landlord-tax-essentials/energy-performance-certificates-epc,https://www.propertytaxpartners.co.uk/sitemap.xml,1,https://www.propertytaxpartners.co.uk/sitemap.xml,landlord-tax-essentials,no,2026-07,yes,2026-05-27,2026-08-21,2026-05-27,2026-05-27 | MW2 RUN B-B3: energy-performance-certificates-epc page ,2026-05-28,9,1,2026-08-21,2026-08-21,2714,2608,yes,12,1,no,cdf893f2b,6970,0,0,no,10,2,6,false,41,0,2026-06-01,2026-09-13,0
/blog/landlord-tax-essentials/epc-c-2030-minimum-energy-efficiency-landlord-spending-cap,https://www.propertytaxpartners.co.uk/blog/landlord-tax-essentials/epc-c-2030-minimum-energy-efficiency-landlord-spending-cap,CRAWLED_NOT_INDEXED,Crawled - currently not indexed,NEUTRAL,2026-06-20T01:47:19Z,MOBILE,SUCCESSFUL,https://www.propertytaxpartners.co.uk/blog/landlord-tax-essentials/epc-c-2030-minimum-energy-efficiency-landlord-spending-cap,https://www.propertytaxpartners.co.uk/blog/landlord-tax-essentials/epc-c-2030-minimum-energy-efficiency-landlord-spending-cap,https://www.propertytaxpartners.co.uk/sitemap.xml,1,https://www.propertytaxpartners.co.uk/sitemap.xml,landlord-tax-essentials,no,2026-06,yes,2026-05-24,2026-08-21,2026-05-24,2026-05-24 | Wave 7 A8: EPC C 2030 vs enacted MEES floor (SI 2015/96,2026-05-26,6,0,,,3094,3048,no,7,0,yes,f3bb45647,6744,0,0,no,8,2,6,false,18,1,2026-05-30,2026-07-01,0
/blog/landlord-tax-essentials/epc-certificate-cost-uk,https://www.propertytaxpartners.co.uk/blog/landlord-tax-essentials/epc-certificate-cost-uk,INDEXED,Submitted and indexed,PASS,2026-08-21T15:55:41Z,MOBILE,SUCCESSFUL,https://www.propertytaxpartners.co.uk/blog/landlord-tax-essentials/epc-certificate-cost-uk,https://www.propertytaxpartners.co.uk/blog/landlord-tax-essentials/epc-certificate-cost-uk,,1,https://www.propertytaxpartners.co.uk/sitemap.xml,landlord-tax-essentials,no,2026-08,yes,2026-08-15,2026-08-21,2026-08-20,2026-08-20 | feat(property): wave11 19 pages + frontmatter completio,2026-08-21,3,1,2026-08-21,2026-08-21,3083,3083,no,0,0,yes,8c915e776,6679,14,2,no,14,2,5,false,304,0,2026-08-21,2026-10-08,0
/blog/landlord-tax-essentials/epc-improvement-grant-schemes-landlords-eco4-bus-gbis,https://www.propertytaxpartners.co.uk/blog/landlord-tax-essentials/epc-improvement-grant-schemes-landlords-eco4-bus-gbis,CRAWLED_NOT_INDEXED,Crawled - currently not indexed,NEUTRAL,2026-05-27T04:34:27Z,MOBILE,SUCCESSFUL,https://www.propertytaxpartners.co.uk/blog/landlord-tax-essentials/epc-improvement-grant-schemes-landlords-eco4-bus-gbis,https://www.propertytaxpartners.co.uk/blog/landlord-tax-essentials/epc-improvement-grant-schemes-landlords-eco4-bus-gbis,https://www.propertytaxpartners.co.uk/sitemap.xml,1,https://www.propertytaxpartners.co.uk/sitemap.xml,landlord-tax-essentials,no,2026-05,yes,2026-05-24,2026-08-21,2026-05-24,2026-05-24 | Wave 7 A9: EPC improvement grant schemes (ECO4/BUS/GBIS,2026-05-26,3,0,,,2536,2535,no,1,0,yes,5b6167003,5860,0,0,no,7,2,6,false,48,0,2026-05-27,2026-07-10,0
/blog/landlord-tax-essentials/essential-guide-for-first-time-homebuyers-in-scotland,https://www.propertytaxpartners.co.uk/blog/landlord-tax-essentials/essential-guide-for-first-time-homebuyers-in-scotland,INDEXED,Submitted and indexed,PASS,2026-09-17T03:41:38Z,MOBILE,SUCCESSFUL,https://www.propertytaxpartners.co.uk/blog/landlord-tax-essentials/essential-guide-for-first-time-homebuyers-in-scotland,https://www.propertytaxpartners.co.uk/blog/landlord-tax-essentials/essential-guide-for-first-time-homebuyers-in-scotland,https://www.propertytaxpartners.co.uk/sitemap.xml,1,https://www.propertytaxpartners.co.uk/sitemap.xml,landlord-tax-essentials,no,2026-09,yes,2026-05-26,2026-07-26,2026-05-26,2026-05-26 | MegaWave 1 RUN B: essential-guide-for-first-time-homebu,2026-05-26,6,1,2026-06-06,2026-06-07,2593,2593,no,0,0,yes,c218d7a69,5746,16,0,no,1,3,,false,3923,20,2026-05-27,2026-10-08,1
/blog/landlord-tax-essentials/excluded-property-trust-long-term-resident-settlor-pivot-landlords,https://www.propertytaxpartners.co.uk/blog/landlord-tax-essentials/excluded-property-trust-long-term-resident-settlor-pivot-landlords,CRAWLED_NOT_INDEXED,Crawled - currently not indexed,NEUTRAL,2026-07-23T21:12:07Z,MOBILE,SUCCESSFUL,https://www.propertytaxpartners.co.uk/blog/landlord-tax-essentials/excluded-property-trust-long-term-resident-settlor-pivot-landlords,https://www.propertytaxpartners.co.uk/blog/landlord-tax-essentials/excluded-property-trust-long-term-resident-settlor-pivot-landlords,https://www.propertytaxpartners.co.uk/sitemap.xml,1,https://www.propertytaxpartners.co.uk/sitemap.xml,landlord-tax-essentials,no,2026-07,yes,2026-05-25,2026-07-26,2026-05-25,2026-05-25 | Wave 8 A8: excluded-property-trust settlor-LTR pivot (s,2026-05-26,4,0,,,3043,3055,no,2,0,yes,cdf893f2b,7472,0,0,no,6,3,5,false,259,2,2026-05-29,2026-10-07,0
/blog/landlord-tax-essentials/farmland-supply-value-drops-is-iht-reform-to-blame,https://www.propertytaxpartners.co.uk/blog/landlord-tax-essentials/farmland-supply-value-drops-is-iht-reform-to-blame,CRAWLED_NOT_INDEXED,Crawled - currently not indexed,NEUTRAL,2026-05-28T23:36:38Z,MOBILE,SUCCESSFUL,https://www.propertytaxpartners.co.uk/blog/landlord-tax-essentials/farmland-supply-value-drops-is-iht-reform-to-blame,https://www.propertytaxpartners.co.uk/blog/landlord-tax-essentials/farmland-supply-value-drops-is-iht-reform-to-blame,,1,https://www.propertytaxpartners.co.uk/sitemap.xml,landlord-tax-essentials,no,2026-05,yes,2026-05-27,2026-07-26,2026-05-27,2026-05-27 | MegaWave 2 C: farmland-supply-value-drops-is-iht-reform,2026-05-28,5,1,2026-05-27,2026-05-28,3295,3295,no,2,0,yes,f6740361d,7146,0,0,no,1,2,5,false,10,0,2026-05-30,2026-07-14,0
/blog/landlord-tax-essentials/fic-estate-planning-landlord-portfolio-value-freezing-iht-mechanics,https://www.propertytaxpartners.co.uk/blog/landlord-tax-essentials/fic-estate-planning-landlord-portfolio-value-freezing-iht-mechanics,CRAWLED_NOT_INDEXED,Crawled - currently not indexed,NEUTRAL,2026-07-01T18:31:39Z,MOBILE,SUCCESSFUL,https://www.propertytaxpartners.co.uk/blog/landlord-tax-essentials/fic-estate-planning-landlord-portfolio-value-freezing-iht-mechanics,https://www.propertytaxpartners.co.uk/blog/landlord-tax-essentials/fic-estate-planning-landlord-portfolio-value-freezing-iht-mechanics,,1,https://www.propertytaxpartners.co.uk/sitemap.xml,landlord-tax-essentials,no,2026-07,yes,2026-05-23,2026-07-26,2026-05-23,2026-05-23 | Wave 4 C7: fic-estate-planning-landlord-portfolio-value,2026-05-26,7,0,,,2584,2561,no,1,0,yes,cdf893f2b,8521,0,0,no,5,2,5,false,39,0,2026-06-04,2026-09-25,0
/blog/landlord-tax-essentials/fire-risk-assessment-cost,https://www.propertytaxpartners.co.uk/blog/landlord-tax-essentials/fire-risk-assessment-cost,INDEXED,Submitted and indexed,PASS,2026-08-22T07:26:08Z,MOBILE,SUCCESSFUL,https://www.propertytaxpartners.co.uk/blog/landlord-tax-essentials/fire-risk-assessment-cost,https://www.propertytaxpartners.co.uk/blog/landlord-tax-essentials/fire-risk-assessment-cost,https://www.propertytaxpartners.co.uk/sitemap.xml,1,https://www.propertytaxpartners.co.uk/sitemap.xml,landlord-tax-essentials,no,2026-08,yes,2026-08-15,2026-08-21,2026-08-20,2026-08-20 | feat(property): wave11 19 pages + frontmatter completio,2026-08-21,4,1,2026-08-20,2026-08-21,2978,2978,no,0,0,yes,8c915e776,6386,0,0,no,5,2,5,false,631,2,2026-08-22,2026-10-08,0
/blog/landlord-tax-essentials/first-time-landlord-tax-guide-everything-you-need-to-know,https://www.propertytaxpartners.co.uk/blog/landlord-tax-essentials/first-time-landlord-tax-guide-everything-you-need-to-know,CRAWLED_NOT_INDEXED,Crawled - currently not indexed,NEUTRAL,2026-05-28T19:37:23Z,MOBILE,SUCCESSFUL,,,https://www.propertytaxpartners.co.uk/sitemap.xml,1,https://www.propertytaxpartners.co.uk/sitemap.xml,landlord-tax-essentials,no,2026-05,yes,2026-04-10,2026-06-23,2026-04-10,"2026-04-10 | Property site: add 148 blog posts, 2 new category hubs,",2026-04-10,9,2,2026-05-31,2026-05-31,2923,1895,yes,197,1,no,195e895eb,6589,1,0,no,7,2,3,false,3,0,2026-05-31,2026-07-16,0
/blog/landlord-tax-essentials/form-17-declaration-beneficial-interest-property-mechanics-filing-revocation,https://www.propertytaxpartners.co.uk/blog/landlord-tax-essentials/form-17-declaration-beneficial-interest-property-mechanics-filing-revocation,CRAWLED_NOT_INDEXED,Crawled - currently not indexed,NEUTRAL,2026-06-30T22:37:27Z,MOBILE,SUCCESSFUL,https://www.propertytaxpartners.co.uk/blog/landlord-tax-essentials/form-17-declaration-beneficial-interest-property-mechanics-filing-revocation,https://www.propertytaxpartners.co.uk/blog/landlord-tax-essentials/form-17-declaration-beneficial-interest-property-mechanics-filing-revocation,https://www.propertytaxpartners.co.uk/sitemap.xml,1,https://www.propertytaxpartners.co.uk/sitemap.xml,landlord-tax-essentials,no,2026-06,yes,2026-05-23,2026-06-23,2026-05-23,"2026-05-23 | Wave 5 C1: Form 17 declaration of beneficial interest, ",2026-05-26,3,0,,,3152,3152,no,0,0,yes,cdf893f2b,7252,633,23,yes,15,3,3,false,75,0,2026-05-27,2026-07-04,0
/blog/landlord-tax-essentials/gas-safety-certificate-cost,https://www.propertytaxpartners.co.uk/blog/landlord-tax-essentials/gas-safety-certificate-cost,INDEXED,Submitted and indexed,PASS,2026-08-21T13:49:14Z,MOBILE,SUCCESSFUL,https://www.propertytaxpartners.co.uk/blog/landlord-tax-essentials/gas-safety-certificate-cost,https://www.propertytaxpartners.co.uk/blog/landlord-tax-essentials/gas-safety-certificate-cost,https://www.propertytaxpartners.co.uk/sitemap.xml,1,https://www.propertytaxpartners.co.uk/sitemap.xml,landlord-tax-essentials,no,2026-08,yes,2026-08-15,2026-08-21,2026-08-20,2026-08-20 | feat(property): wave11 19 pages + frontmatter completio,2026-08-21,3,1,2026-08-21,2026-08-21,3203,3203,no,0,0,yes,8c915e776,5993,0,0,no,6,2,5,false,966,5,2026-08-22,2026-10-08,0
/blog/landlord-tax-essentials/gas-safety-certificates,https://www.propertytaxpartners.co.uk/blog/landlord-tax-essentials/gas-safety-certificates,INDEXED,Submitted and indexed,PASS,2026-10-04T21:19:33Z,MOBILE,SUCCESSFUL,https://www.propertytaxpartners.co.uk/blog/landlord-tax-essentials/gas-safety-certificates,https://www.propertytaxpartners.co.uk/blog/landlord-tax-essentials/gas-safety-certificates,https://www.propertytaxpartners.co.uk/sitemap.xml,1,https://www.propertytaxpartners.co.uk/sitemap.xml,landlord-tax-essentials,no,2026-10,yes,2026-05-27,2026-08-21,2026-05-27,2026-05-27 | MW2 RUN B-B3: gas-safety-certificates page (M2-B-B3 pic,2026-05-28,10,0,,,2697,2697,no,0,0,yes,b226ff381,6754,0,0,no,3,2,6,false,924,5,2026-06-04,2026-10-08,0
/blog/landlord-tax-essentials/gift-with-reservation-of-benefit,https://www.propertytaxpartners.co.uk/blog/landlord-tax-essentials/gift-with-reservation-of-benefit,INDEXED,Submitted and indexed,PASS,2026-09-10T01:22:22Z,MOBILE,SUCCESSFUL,https://www.propertytaxpartners.co.uk/blog/landlord-tax-essentials/gift-with-reservation-of-benefit,https://www.propertytaxpartners.co.uk/blog/landlord-tax-essentials/gift-with-reservation-of-benefit,,1,https://www.propertytaxpartners.co.uk/sitemap.xml,landlord-tax-essentials,no,2026-09,yes,2026-05-27,2026-07-26,2026-05-27,2026-05-27 | MegaWave 2 C: gift-with-reservation-of-benefit (M2-C-B2,2026-05-28,4,0,,,2705,2705,no,0,0,yes,c218d7a69,5885,0,0,no,9,3,3,false,2482,45,2026-06-02,2026-10-08,1
/blog/landlord-tax-essentials/higher-rates-of-land-transaction-tax-a-complete-guide,https://www.propertytaxpartners.co.uk/blog/landlord-tax-essentials/higher-rates-of-land-transaction-tax-a-complete-guide,CRAWLED_NOT_INDEXED,Crawled - currently not indexed,NEUTRAL,2026-07-05T03:48:48Z,MOBILE,SUCCESSFUL,https://www.propertytaxpartners.co.uk/blog/landlord-tax-essentials/higher-rates-of-land-transaction-tax-a-complete-guide,https://www.propertytaxpartners.co.uk/blog/landlord-tax-essentials/higher-rates-of-land-transaction-tax-a-complete-guide,https://www.propertytaxpartners.co.uk/sitemap.xml,1,https://www.propertytaxpartners.co.uk/sitemap.xml,landlord-tax-essentials,no,2026-07,yes,2026-05-26,2026-07-26,2026-05-26,2026-05-26 | MegaWave 1 RUN B: higher-rates-of-land-transaction-tax-,2026-05-26,8,1,2026-06-06,2026-06-07,2582,2582,no,0,0,yes,cdf893f2b,5699,0,0,no,5,3,,false,1120,1,2026-05-27,2026-07-06,0
/blog/landlord-tax-essentials/hmo-landlord-accounting-multi-tenant-property-tax,https://www.propertytaxpartners.co.uk/blog/landlord-tax-essentials/hmo-landlord-accounting-multi-tenant-property-tax,INDEXED,Submitted and indexed,PASS,2026-10-04T15:50:56Z,MOBILE,SUCCESSFUL,https://www.propertytaxpartners.co.uk/blog/landlord-tax-essentials/hmo-landlord-accounting-multi-tenant-property-tax,https://www.propertytaxpartners.co.uk/blog/landlord-tax-essentials/hmo-landlord-accounting-multi-tenant-property-tax,https://www.propertytaxpartners.co.uk/sitemap.xml,1,https://www.propertytaxpartners.co.uk/sitemap.xml,landlord-tax-essentials,no,2026-10,yes,2026-03-29,2026-06-23,2026-03-29,2026-03-29 | Generate 27 new Property blog posts,2026-03-29,12,1,2026-05-31,2026-05-31,2254,2254,no,0,0,yes,b226ff381,5589,0,0,no,3,3,5,false,17,0,2026-05-26,2026-10-06,0
/blog/landlord-tax-essentials/hmrc-closure-notice-mechanics-landlord-enquiries-tma-1970-s28a,https://www.propertytaxpartners.co.uk/blog/landlord-tax-essentials/hmrc-closure-notice-mechanics-landlord-enquiries-tma-1970-s28a,CRAWLED_NOT_INDEXED,Crawled - currently not indexed,NEUTRAL,2026-05-27T08:27:33Z,MOBILE,SUCCESSFUL,https://www.propertytaxpartners.co.uk/blog/landlord-tax-essentials/hmrc-closure-notice-mechanics-landlord-enquiries-tma-1970-s28a,https://www.propertytaxpartners.co.uk/blog/landlord-tax-essentials/hmrc-closure-notice-mechanics-landlord-enquiries-tma-1970-s28a,https://www.propertytaxpartners.co.uk/sitemap.xml,1,https://www.propertytaxpartners.co.uk/sitemap.xml,landlord-tax-essentials,no,2026-05,yes,2026-05-24,2026-07-26,2026-05-24,2026-05-24 | Wave 7 B2: HMRC closure notice mechanics (TMA 1970 s.28,2026-05-26,3,0,,,2927,2927,no,0,0,yes,184aca54c,5264,5,0,no,5,3,5,false,70,0,2026-05-27,2026-08-17,0
/blog/landlord-tax-essentials/hmrc-discovery-assessment-tma-1970-section-29-time-limits-landlords,https://www.propertytaxpartners.co.uk/blog/landlord-tax-essentials/hmrc-discovery-assessment-tma-1970-section-29-time-limits-landlords,CRAWLED_NOT_INDEXED,Crawled - currently not indexed,NEUTRAL,2026-07-04T17:07:27Z,MOBILE,SUCCESSFUL,https://www.propertytaxpartners.co.uk/blog/landlord-tax-essentials/hmrc-discovery-assessment-tma-1970-section-29-time-limits-landlords,https://www.propertytaxpartners.co.uk/blog/landlord-tax-essentials/hmrc-discovery-assessment-tma-1970-section-29-time-limits-landlords,https://www.propertytaxpartners.co.uk/sitemap.xml,1,https://www.propertytaxpartners.co.uk/sitemap.xml,landlord-tax-essentials,no,2026-07,yes,2026-05-25,,2026-05-25,2026-05-25 | Wave 9 C3: hmrc-discovery-assessment-tma-1970-section-2,2026-05-26,1,0,,,3488,3488,no,0,0,yes,d7849efe6,6965,8,0,no,1,2,4,false,14,0,2026-05-28,2026-07-06,0
/blog/landlord-tax-essentials/hmrc-nudge-letter-response-playbook-landlords-property-income,https://www.propertytaxpartners.co.uk/blog/landlord-tax-essentials/hmrc-nudge-letter-response-playbook-landlords-property-income,INDEXED,Submitted and indexed,PASS,2026-09-11T00:43:08Z,MOBILE,SUCCESSFUL,https://www.propertytaxpartners.co.uk/blog/landlord-tax-essentials/hmrc-nudge-letter-response-playbook-landlords-property-income,https://www.propertytaxpartners.co.uk/blog/landlord-tax-essentials/hmrc-nudge-letter-response-playbook-landlords-property-income,https://www.propertytaxpartners.co.uk/sitemap.xml,1,https://www.propertytaxpartners.co.uk/sitemap.xml,landlord-tax-essentials,no,2026-09,yes,2026-05-24,2026-07-26,2026-05-24,2026-05-24 | Wave 7 B5: HMRC nudge letter response playbook net-new,2026-05-26,4,0,,,2978,2978,no,0,0,yes,c218d7a69,5338,0,0,no,1,2,4,false,370,6,2026-05-27,2026-10-08,1
/blog/landlord-tax-essentials/hmrc-penalties-late-landlord-tax-returns-2026,https://www.propertytaxpartners.co.uk/blog/landlord-tax-essentials/hmrc-penalties-late-landlord-tax-returns-2026,CRAWLED_NOT_INDEXED,Crawled - currently not indexed,NEUTRAL,2026-05-17T19:48:35Z,MOBILE,SUCCESSFUL,,,https://www.propertytaxpartners.co.uk/sitemap.xml,1,https://www.propertytaxpartners.co.uk/sitemap.xml,landlord-tax-essentials,no,2026-05,yes,2026-04-10,2026-06-23,2026-04-10,"2026-04-10 | Property site: add 148 blog posts, 2 new category hubs,",2026-04-10,9,4,2026-06-02,2026-06-02,2347,1299,yes,248,3,no,80d51206c,5366,0,0,no,1,2,3,false,58,0,2026-05-19,2026-09-24,0
/blog/landlord-tax-essentials/how-long-does-probate-take-in-the-uk,https://www.propertytaxpartners.co.uk/blog/landlord-tax-essentials/how-long-does-probate-take-in-the-uk,CRAWLED_NOT_INDEXED,Crawled - currently not indexed,NEUTRAL,2026-05-29T00:01:33Z,MOBILE,SUCCESSFUL,https://www.propertytaxpartners.co.uk/blog/landlord-tax-essentials/how-long-does-probate-take-in-the-uk,https://www.propertytaxpartners.co.uk/blog/landlord-tax-essentials/how-long-does-probate-take-in-the-uk,https://www.propertytaxpartners.co.uk/sitemap.xml,1,https://www.propertytaxpartners.co.uk/sitemap.xml,landlord-tax-essentials,no,2026-05,yes,2026-05-27,2026-07-26,2026-05-27,2026-05-27 | MegaWave 2 C: how-long-does-probate-take-in-the-uk (M2-,2026-05-28,4,0,,,2908,2908,no,2,0,yes,859cfaf0e,6378,0,0,no,4,3,4,false,108,0,2026-05-29,2026-08-07,0
/blog/landlord-tax-essentials/how-much-tax-rental-income-uk-complete-guide,https://www.propertytaxpartners.co.uk/blog/landlord-tax-essentials/how-much-tax-rental-income-uk-complete-guide,INDEXED,Submitted and indexed,PASS,2026-08-26T09:23:44Z,MOBILE,SUCCESSFUL,https://www.propertytaxpartners.co.uk/blog/landlord-tax-essentials/how-much-tax-rental-income-uk-complete-guide,https://www.propertytaxpartners.co.uk/blog/landlord-tax-essentials/how-much-tax-rental-income-uk-complete-guide,https://www.propertytaxpartners.co.uk/sitemap.xml,1,https://www.propertytaxpartners.co.uk/blog/portfolio-management/track-rental-property-profitability-per-property-pl-guide,landlord-tax-essentials,no,2026-08,yes,2026-05-21,2026-07-26,2026-04-10,"2026-04-10 | Property site: add 148 blog posts, 2 new category hubs,",2026-04-10,9,3,2026-06-06,2026-06-07,2034,2034,no,0,0,yes,c218d7a69,5395,29,0,no,8,3,3,false,373,2,2026-05-15,2026-10-06,0
/blog/landlord-tax-essentials/how-to-book-an-epc,https://www.propertytaxpartners.co.uk/blog/landlord-tax-essentials/how-to-book-an-epc,INDEXED,Submitted and indexed,PASS,2026-08-22T07:44:45Z,MOBILE,SUCCESSFUL,https://www.propertytaxpartners.co.uk/blog/landlord-tax-essentials/how-to-book-an-epc,https://www.propertytaxpartners.co.uk/blog/landlord-tax-essentials/how-to-book-an-epc,,1,https://www.propertytaxpartners.co.uk/sitemap.xml,landlord-tax-essentials,no,2026-08,yes,2026-08-15,2026-08-21,2026-08-20,2026-08-20 | feat(property): wave11 19 pages + frontmatter completio,2026-08-21,3,1,2026-08-21,2026-08-21,2982,2982,no,0,0,yes,8c915e776,5802,0,0,no,6,2,6,false,165,1,2026-08-22,2026-09-28,0
/blog/landlord-tax-essentials/how-to-calculate-net-rental-income-after-all-costs-uk-guide,https://www.propertytaxpartners.co.uk/blog/landlord-tax-essentials/how-to-calculate-net-rental-income-after-all-costs-uk-guide,CRAWLED_NOT_INDEXED,Crawled - currently not indexed,NEUTRAL,2026-07-12T22:27:54Z,MOBILE,SUCCESSFUL,https://www.propertytaxpartners.co.uk/blog/landlord-tax-essentials/how-to-calculate-net-rental-income-after-all-costs-uk-guide,https://www.propertytaxpartners.co.uk/blog/landlord-tax-essentials/how-to-calculate-net-rental-income-after-all-costs-uk-guide,https://www.propertytaxpartners.co.uk/sitemap.xml,0,,landlord-tax-essentials,no,2026-07,yes,2026-05-21,2026-07-28,2026-04-10,"2026-04-10 | Property site: add 148 blog posts, 2 new category hubs,",2026-04-10,8,2,2026-05-21,2026-05-23,1835,1835,no,0,0,yes,a9ae467a9,5155,53,0,no,2,3,,false,312,4,2026-05-16,2026-09-25,0
/blog/landlord-tax-essentials/how-to-complete-landlord-self-assessment-filing-step-by-step-guide,https://www.propertytaxpartners.co.uk/blog/landlord-tax-essentials/how-to-complete-landlord-self-assessment-filing-step-by-step-guide,CRAWLED_NOT_INDEXED,Crawled - currently not indexed,NEUTRAL,2026-07-07T10:37:03Z,MOBILE,SUCCESSFUL,https://www.propertytaxpartners.co.uk/blog/landlord-tax-essentials/how-to-complete-landlord-self-assessment-filing-step-by-step-guide,https://www.propertytaxpartners.co.uk/blog/landlord-tax-essentials/how-to-complete-landlord-self-assessment-filing-step-by-step-guide,https://www.propertytaxpartners.co.uk/sitemap.xml,1,https://www.propertytaxpartners.co.uk/feed.xml,landlord-tax-essentials,no,2026-07,yes,2026-05-21,2026-07-26,2026-04-10,"2026-04-10 | Property site: add 148 blog posts, 2 new category hubs,",2026-04-10,5,2,2026-05-21,2026-05-23,2386,2381,no,5,0,yes,e4cecef7d,5702,258,5,no,8,2,3,false,185,1,2026-05-15,2026-07-10,1
/blog/landlord-tax-essentials/iht-1m-bpr-apr-cap-mixed-trading-investing-landlord-allocation,https://www.propertytaxpartners.co.uk/blog/landlord-tax-essentials/iht-1m-bpr-apr-cap-mixed-trading-investing-landlord-allocation,CRAWLED_NOT_INDEXED,Crawled - currently not indexed,NEUTRAL,2026-05-27T04:36:30Z,MOBILE,SUCCESSFUL,https://www.propertytaxpartners.co.uk/blog/landlord-tax-essentials/iht-1m-bpr-apr-cap-mixed-trading-investing-landlord-allocation,https://www.propertytaxpartners.co.uk/blog/landlord-tax-essentials/iht-1m-bpr-apr-cap-mixed-trading-investing-landlord-allocation,https://www.propertytaxpartners.co.uk/sitemap.xml,1,https://www.propertytaxpartners.co.uk/sitemap.xml,landlord-tax-essentials,no,2026-05,yes,2026-05-23,2026-08-21,2026-05-23,2026-05-23 | Wave 4 C8: iht-1m-bpr-apr-cap-mixed-trading-investing-l,2026-05-26,6,1,2026-05-27,2026-05-28,2434,2301,yes,26,1,no,17a659451,7640,0,0,no,2,2,6,false,20,0,2026-05-27,2026-08-09,0
/blog/landlord-tax-essentials/iht-7-year-clock-property-gifting-mid-life-landlord-strategy,https://www.propertytaxpartners.co.uk/blog/landlord-tax-essentials/iht-7-year-clock-property-gifting-mid-life-landlord-strategy,CRAWLED_NOT_INDEXED,Crawled - currently not indexed,NEUTRAL,2026-07-01T22:05:25Z,MOBILE,SUCCESSFUL,https://www.propertytaxpartners.co.uk/blog/landlord-tax-essentials/iht-7-year-clock-property-gifting-mid-life-landlord-strategy,https://www.propertytaxpartners.co.uk/blog/landlord-tax-essentials/iht-7-year-clock-property-gifting-mid-life-landlord-strategy,https://www.propertytaxpartners.co.uk/sitemap.xml,1,https://www.propertytaxpartners.co.uk/sitemap.xml,landlord-tax-essentials,no,2026-07,yes,2026-05-23,2026-06-23,2026-05-23,2026-05-23 | Wave 4 C4: iht-7-year-clock-property-gifting-mid-life-l,2026-05-26,4,0,,,3156,3156,no,0,0,yes,cdf893f2b,8707,0,0,no,11,3,3,false,8,0,2026-05-31,2026-06-29,0
/blog/landlord-tax-essentials/iht-april-2026-bpr-apr-cap-property-impact,https://www.propertytaxpartners.co.uk/blog/landlord-tax-essentials/iht-april-2026-bpr-apr-cap-property-impact,CRAWLED_NOT_INDEXED,Crawled - currently not indexed,NEUTRAL,2026-05-24T19:53:34Z,MOBILE,SUCCESSFUL,https://www.propertytaxpartners.co.uk/blog/landlord-tax-essentials/iht-april-2026-bpr-apr-cap-property-impact,https://www.propertytaxpartners.co.uk/blog/landlord-tax-essentials/iht-april-2026-bpr-apr-cap-property-impact,https://www.propertytaxpartners.co.uk/sitemap.xml,1,https://www.propertytaxpartners.co.uk/sitemap.xml,landlord-tax-essentials,no,2026-05,yes,2026-05-22,2026-08-21,2026-05-22,2026-05-22 | Wave 2 (IHT): write iht-april-2026-bpr-apr-cap-property,2026-05-23,7,2,2026-08-21,2026-08-21,3894,2503,yes,61,2,no,90b0f30cf,8177,25,0,no,15,2,5,false,20,0,2026-05-26,2026-08-26,0
/blog/landlord-tax-essentials/iht-charitable-legacy-property-portfolio-36-percent-reduced-rate,https://www.propertytaxpartners.co.uk/blog/landlord-tax-essentials/iht-charitable-legacy-property-portfolio-36-percent-reduced-rate,CRAWLED_NOT_INDEXED,Crawled - currently not indexed,NEUTRAL,2026-06-30T22:21:56Z,MOBILE,SUCCESSFUL,https://www.propertytaxpartners.co.uk/blog/landlord-tax-essentials/iht-charitable-legacy-property-portfolio-36-percent-reduced-rate,https://www.propertytaxpartners.co.uk/blog/landlord-tax-essentials/iht-charitable-legacy-property-portfolio-36-percent-reduced-rate,,2,https://www.propertytaxpartners.co.uk/feed.xml;https://www.propertytaxpartners.co.uk/sitemap.xml,landlord-tax-essentials,no,2026-06,yes,2026-05-23,2026-07-26,2026-05-23,2026-05-23 | Wave 4 C9: iht-charitable-legacy-property-portfolio-36-,2026-05-26,5,0,,,2771,2771,no,0,0,yes,cdf893f2b,8143,0,0,no,2,3,5,false,17,0,2026-05-29,2026-06-29,0
/blog/landlord-tax-essentials/iht-clt-property-discretionary-trust-20-percent-entry-charge,https://www.propertytaxpartners.co.uk/blog/landlord-tax-essentials/iht-clt-property-discretionary-trust-20-percent-entry-charge,CRAWLED_NOT_INDEXED,Crawled - currently not indexed,NEUTRAL,2026-06-30T22:21:56Z,MOBILE,SUCCESSFUL,https://www.propertytaxpartners.co.uk/blog/landlord-tax-essentials/iht-clt-property-discretionary-trust-20-percent-entry-charge,https://www.propertytaxpartners.co.uk/blog/landlord-tax-essentials/iht-clt-property-discretionary-trust-20-percent-entry-charge,https://www.propertytaxpartners.co.uk/sitemap.xml,1,https://www.propertytaxpartners.co.uk/sitemap.xml,landlord-tax-essentials,no,2026-06,yes,2026-05-23,2026-08-03,2026-05-23,2026-05-23 | Wave 4 C10: iht-clt-property-discretionary-trust-20-per,2026-05-26,5,0,,,2869,2869,no,0,0,yes,cdf893f2b,8700,0,0,no,11,3,5,false,53,0,2026-05-31,2026-07-02,0
/blog/landlord-tax-essentials/iht-gift-with-reservation-letting-children-paying-rent-mechanics,https://www.propertytaxpartners.co.uk/blog/landlord-tax-essentials/iht-gift-with-reservation-letting-children-paying-rent-mechanics,CRAWLED_NOT_INDEXED,Crawled - currently not indexed,NEUTRAL,2026-07-04T19:39:41Z,MOBILE,SUCCESSFUL,https://www.propertytaxpartners.co.uk/blog/landlord-tax-essentials/iht-gift-with-reservation-letting-children-paying-rent-mechanics,https://www.propertytaxpartners.co.uk/blog/landlord-tax-essentials/iht-gift-with-reservation-letting-children-paying-rent-mechanics,https://www.propertytaxpartners.co.uk/sitemap.xml,1,https://www.propertytaxpartners.co.uk/sitemap.xml,landlord-tax-essentials,no,2026-07,yes,2026-05-23,2026-07-26,2026-05-23,2026-05-23 | Wave 4 C3: iht-gift-with-reservation-letting-children-p,2026-05-26,4,0,,,3398,3398,no,0,0,yes,cdf893f2b,8860,0,0,no,4,3,4,false,106,0,2026-05-28,2026-07-08,0
/blog/landlord-tax-essentials/iht-gifts-with-reservation-of-benefit-property,https://www.propertytaxpartners.co.uk/blog/landlord-tax-essentials/iht-gifts-with-reservation-of-benefit-property,INDEXED,Submitted and indexed,PASS,2026-10-07T05:03:18Z,MOBILE,SUCCESSFUL,https://www.propertytaxpartners.co.uk/blog/landlord-tax-essentials/iht-gifts-with-reservation-of-benefit-property,https://www.propertytaxpartners.co.uk/blog/landlord-tax-essentials/iht-gifts-with-reservation-of-benefit-property,https://www.propertytaxpartners.co.uk/sitemap.xml,0,,landlord-tax-essentials,no,2026-10,yes,2026-05-22,2026-06-23,2026-05-22,2026-05-22 | Wave 2 (IHT): write iht-gifts-with-reservation-of-benef,2026-05-23,4,1,2026-06-07,2026-06-07,2679,2679,no,0,0,yes,b226ff381,6378,27,0,no,8,3,4,false,2426,48,2026-05-28,2026-10-08,0
/blog/landlord-tax-essentials/iht-joint-ownership-property-spouse-exemption-transferable-allowances-jointly-tic-vs-jt,https://www.propertytaxpartners.co.uk/blog/landlord-tax-essentials/iht-joint-ownership-property-spouse-exemption-transferable-allowances-jointly-tic-vs-jt,INDEXED,Submitted and indexed,PASS,2026-10-10T04:33:38Z,MOBILE,SUCCESSFUL,https://www.propertytaxpartners.co.uk/blog/landlord-tax-essentials/iht-joint-ownership-property-spouse-exemption-transferable-allowances-jointly-tic-vs-jt,https://www.propertytaxpartners.co.uk/blog/landlord-tax-essentials/iht-joint-ownership-property-spouse-exemption-transferable-allowances-jointly-tic-vs-jt,https://www.propertytaxpartners.co.uk/sitemap.xml,1,https://www.propertytaxpartners.co.uk/sitemap.xml,landlord-tax-essentials,no,2026-10,yes,2026-05-23,2026-06-23,2026-05-23,"2026-05-23 | Wave 5 C8: IHT and joint property, JT vs TIC structural",2026-05-26,5,1,2026-06-06,2026-06-07,2564,2564,no,0,0,yes,b226ff381,5933,71,7,no,5,3,3,false,530,4,2026-05-27,2026-10-08,0
/blog/landlord-tax-essentials/iht-lifetime-gifts-7-year-rule-property-taper,https://www.propertytaxpartners.co.uk/blog/landlord-tax-essentials/iht-lifetime-gifts-7-year-rule-property-taper,CRAWLED_NOT_INDEXED,Crawled - currently not indexed,NEUTRAL,2026-07-07T01:29:51Z,MOBILE,SUCCESSFUL,https://www.propertytaxpartners.co.uk/blog/landlord-tax-essentials/iht-lifetime-gifts-7-year-rule-property-taper,https://www.propertytaxpartners.co.uk/blog/landlord-tax-essentials/iht-lifetime-gifts-7-year-rule-property-taper,https://www.propertytaxpartners.co.uk/sitemap.xml,1,https://www.propertytaxpartners.co.uk/sitemap.xml,landlord-tax-essentials,no,2026-07,yes,2026-05-22,2026-06-23,2026-05-22,2026-05-22 | Wave 2 (IHT): write iht-lifetime-gifts-7-year-rule-prop,2026-05-23,3,0,,,2621,2621,no,0,0,yes,cdf893f2b,6478,13,1,no,10,3,4,false,28,0,2026-05-25,2026-07-04,0
/blog/landlord-tax-essentials/iht-long-term-resident-test-section-6a-tail-period-table-landlords,https://www.propertytaxpartners.co.uk/blog/landlord-tax-essentials/iht-long-term-resident-test-section-6a-tail-period-table-landlords,INDEXED,Submitted and indexed,PASS,2026-10-04T12:09:02Z,MOBILE,SUCCESSFUL,https://www.propertytaxpartners.co.uk/blog/landlord-tax-essentials/iht-long-term-resident-test-section-6a-tail-period-table-landlords,https://www.propertytaxpartners.co.uk/blog/landlord-tax-essentials/iht-long-term-resident-test-section-6a-tail-period-table-landlords,https://www.propertytaxpartners.co.uk/sitemap.xml,1,https://www.propertytaxpartners.co.uk/sitemap.xml,landlord-tax-essentials,no,2026-10,yes,2026-05-25,2026-07-26,2026-05-25,2026-05-25 | Wave 8 A7: IHT long-term resident test pillar (s.6A + t,2026-05-26,5,0,,,3562,3562,no,0,0,yes,b226ff381,7837,5,1,no,8,3,6,false,713,4,2026-05-31,2026-10-08,0
/blog/landlord-tax-essentials/iht-property-investors-decision-framework-2026-onwards,https://www.propertytaxpartners.co.uk/blog/landlord-tax-essentials/iht-property-investors-decision-framework-2026-onwards,CRAWLED_NOT_INDEXED,Crawled - currently not indexed,NEUTRAL,2026-05-27T08:05:49Z,MOBILE,SUCCESSFUL,https://www.propertytaxpartners.co.uk/blog/landlord-tax-essentials/iht-property-investors-decision-framework-2026-onwards,https://www.propertytaxpartners.co.uk/blog/landlord-tax-essentials/iht-property-investors-decision-framework-2026-onwards,,1,https://www.propertytaxpartners.co.uk/sitemap.xml,landlord-tax-essentials,no,2026-05,yes,2026-05-22,2026-06-23,2026-05-22,2026-05-22 | Wave 2 (IHT): write iht-property-investors-decision-fra,2026-05-23,7,0,,,3289,3273,no,4,0,yes,94b26a42f,7336,0,0,no,34,2,4,false,30,0,2026-05-29,2026-08-24,0
/blog/landlord-tax-essentials/iht-residence-nil-rate-band-2m-taper-property-portfolios,https://www.propertytaxpartners.co.uk/blog/landlord-tax-essentials/iht-residence-nil-rate-band-2m-taper-property-portfolios,CRAWLED_NOT_INDEXED,Crawled - currently not indexed,NEUTRAL,2026-05-27T04:34:34Z,MOBILE,SUCCESSFUL,https://www.propertytaxpartners.co.uk/blog/landlord-tax-essentials/iht-residence-nil-rate-band-2m-taper-property-portfolios,https://www.propertytaxpartners.co.uk/blog/landlord-tax-essentials/iht-residence-nil-rate-band-2m-taper-property-portfolios,https://www.propertytaxpartners.co.uk/sitemap.xml,1,https://www.propertytaxpartners.co.uk/sitemap.xml,landlord-tax-essentials,no,2026-05,yes,2026-05-22,2026-06-23,2026-05-22,2026-05-22 | Wave 2 (IHT): write iht-residence-nil-rate-band-2m-tape,2026-05-23,6,0,,,2849,2852,no,3,0,yes,5b7cb460b,6896,0,0,no,11,2,4,false,33,0,2026-05-28,2026-08-24,0
/blog/landlord-tax-essentials/iht-spouse-exemption-long-term-resident-section-18-section-267zc-election,https://www.propertytaxpartners.co.uk/blog/landlord-tax-essentials/iht-spouse-exemption-long-term-resident-section-18-section-267zc-election,CRAWLED_NOT_INDEXED,Crawled - currently not indexed,NEUTRAL,2026-07-01T05:33:39Z,MOBILE,SUCCESSFUL,https://www.propertytaxpartners.co.uk/blog/landlord-tax-essentials/iht-spouse-exemption-long-term-resident-section-18-section-267zc-election,https://www.propertytaxpartners.co.uk/blog/landlord-tax-essentials/iht-spouse-exemption-long-term-resident-section-18-section-267zc-election,https://www.propertytaxpartners.co.uk/sitemap.xml,1,https://www.propertytaxpartners.co.uk/sitemap.xml,landlord-tax-essentials,no,2026-07,yes,2026-05-25,2026-08-03,2026-05-25,2026-05-25 | Wave 8 A9: spouse exemption + s.267ZC SPOUSAL election ,2026-05-26,4,0,,,2860,2851,no,1,0,yes,cdf893f2b,7278,0,0,no,3,3,5,false,48,0,2026-05-28,2026-07-02,0
/blog/landlord-tax-essentials/iht-spouse-exemption-second-death-property-portfolio-window-mechanics,https://www.propertytaxpartners.co.uk/blog/landlord-tax-essentials/iht-spouse-exemption-second-death-property-portfolio-window-mechanics,CRAWLED_NOT_INDEXED,Crawled - currently not indexed,NEUTRAL,2026-05-27T06:33:12Z,MOBILE,SUCCESSFUL,https://www.propertytaxpartners.co.uk/blog/landlord-tax-essentials/iht-spouse-exemption-second-death-property-portfolio-window-mechanics,https://www.propertytaxpartners.co.uk/blog/landlord-tax-essentials/iht-spouse-exemption-second-death-property-portfolio-window-mechanics,https://www.propertytaxpartners.co.uk/sitemap.xml,1,https://www.propertytaxpartners.co.uk/sitemap.xml,landlord-tax-essentials,no,2026-05,yes,2026-05-23,2026-07-26,2026-05-23,2026-05-23 | Wave 4 C2: iht-spouse-exemption-second-death-property-p,2026-05-26,7,0,,,3447,3437,no,4,0,yes,a4dcdf96a,8525,0,0,no,5,3,4,false,20,0,2026-05-28,2026-08-14,0
/blog/landlord-tax-essentials/income-tax-rates-landlords-2026-27-complete-guide,https://www.propertytaxpartners.co.uk/blog/landlord-tax-essentials/income-tax-rates-landlords-2026-27-complete-guide,CRAWLED_NOT_INDEXED,Crawled - currently not indexed,NEUTRAL,2026-05-15T13:06:06Z,MOBILE,SUCCESSFUL,,,https://www.propertytaxpartners.co.uk/sitemap.xml,0,,landlord-tax-essentials,no,2026-05,yes,2026-05-21,2026-08-18,2026-04-10,"2026-04-10 | Property site: add 148 blog posts, 2 new category hubs,",2026-04-10,8,3,2026-08-18,2026-08-18,2327,1124,yes,198,2,no,80d51206c,5302,392,47,yes,13,2,4,false,520,1,2026-05-15,2026-09-09,0
/blog/landlord-tax-essentials/inheritance-tax-a-brief-summary,https://www.propertytaxpartners.co.uk/blog/landlord-tax-essentials/inheritance-tax-a-brief-summary,CRAWLED_NOT_INDEXED,Crawled - currently not indexed,NEUTRAL,2026-07-31T01:31:06Z,MOBILE,SUCCESSFUL,https://www.propertytaxpartners.co.uk/blog/landlord-tax-essentials/inheritance-tax-a-brief-summary,https://www.propertytaxpartners.co.uk/blog/landlord-tax-essentials/inheritance-tax-a-brief-summary,,1,https://www.propertytaxpartners.co.uk/sitemap.xml,landlord-tax-essentials,no,2026-07,yes,2026-05-27,2026-05-29,2026-05-27,2026-05-27 | MegaWave 2 C: inheritance-tax-a-brief-summary (M2-C-B2),2026-05-28,4,0,,,1664,1664,no,0,0,yes,f4f6d9775,4531,0,0,no,8,3,4,false,43,0,2026-05-31,2026-09-17,0
/blog/landlord-tax-essentials/inheritance-tax-and-the-family-home,https://www.propertytaxpartners.co.uk/blog/landlord-tax-essentials/inheritance-tax-and-the-family-home,CRAWLED_NOT_INDEXED,Crawled - currently not indexed,NEUTRAL,2026-05-29T00:03:15Z,MOBILE,SUCCESSFUL,https://www.propertytaxpartners.co.uk/blog/landlord-tax-essentials/inheritance-tax-and-the-family-home,https://www.propertytaxpartners.co.uk/blog/landlord-tax-essentials/inheritance-tax-and-the-family-home,https://www.propertytaxpartners.co.uk/sitemap.xml,1,https://www.propertytaxpartners.co.uk/sitemap.xml,landlord-tax-essentials,no,2026-05,yes,2026-05-27,2026-06-07,2026-05-27,2026-05-27 | MegaWave 2 C: inheritance-tax-and-the-family-home (M2-C,2026-05-28,4,1,2026-06-07,2026-06-07,3533,3273,yes,47,1,no,ae50becae,6947,1,0,no,4,3,5,false,29,0,2026-05-30,2026-08-07,0
/blog/landlord-tax-essentials/inheritance-tax-lifetime-gifts-vs-transfer-at-death,https://www.propertytaxpartners.co.uk/blog/landlord-tax-essentials/inheritance-tax-lifetime-gifts-vs-transfer-at-death,CRAWLED_NOT_INDEXED,Crawled - currently not indexed,NEUTRAL,2026-07-05T07:54:07Z,MOBILE,SUCCESSFUL,https://www.propertytaxpartners.co.uk/blog/landlord-tax-essentials/inheritance-tax-lifetime-gifts-vs-transfer-at-death,https://www.propertytaxpartners.co.uk/blog/landlord-tax-essentials/inheritance-tax-lifetime-gifts-vs-transfer-at-death,,1,https://www.propertytaxpartners.co.uk/sitemap.xml,landlord-tax-essentials,no,2026-07,yes,2026-05-27,2026-05-29,2026-05-27,2026-05-27 | MegaWave 2 C: inheritance-tax-lifetime-gifts-vs-transfe,2026-05-28,4,0,,,3093,3093,no,0,0,yes,f4f6d9775,6211,0,0,no,4,3,5,false,16,0,2026-05-30,2026-07-06,0
/blog/landlord-tax-essentials/inheritance-tax-rental-property-uk-guide,https://www.propertytaxpartners.co.uk/blog/landlord-tax-essentials/inheritance-tax-rental-property-uk-guide,INDEXED,Submitted and indexed,PASS,2026-09-23T14:09:18Z,MOBILE,SUCCESSFUL,https://www.propertytaxpartners.co.uk/blog/landlord-tax-essentials/inheritance-tax-rental-property-uk-guide,https://www.propertytaxpartners.co.uk/blog/landlord-tax-essentials/inheritance-tax-rental-property-uk-guide,https://www.propertytaxpartners.co.uk/sitemap.xml,0,,landlord-tax-essentials,no,2026-09,yes,2026-05-21,2026-10-09,2026-04-10,"2026-04-10 | Property site: add 148 blog posts, 2 new category hubs,",2026-04-10,10,3,2026-05-22,2026-05-23,1922,1921,no,1,0,yes,29c184c87,5388,35,3,no,28,1,3,false,2641,34,2026-05-17,2026-10-08,2
/blog/landlord-tax-essentials/inheriting-a-house-in-the-uk,https://www.propertytaxpartners.co.uk/blog/landlord-tax-essentials/inheriting-a-house-in-the-uk,CRAWLED_NOT_INDEXED,Crawled - currently not indexed,NEUTRAL,2026-07-05T07:04:37Z,MOBILE,SUCCESSFUL,https://www.propertytaxpartners.co.uk/blog/landlord-tax-essentials/inheriting-a-house-in-the-uk,https://www.propertytaxpartners.co.uk/blog/landlord-tax-essentials/inheriting-a-house-in-the-uk,https://www.propertytaxpartners.co.uk/sitemap.xml,1,https://www.propertytaxpartners.co.uk/sitemap.xml,landlord-tax-essentials,no,2026-07,yes,2026-05-27,2026-07-26,2026-05-27,2026-05-27 | MegaWave 2 C: inheriting-a-house-in-the-uk (M2-C-B3),2026-05-28,4,0,,,3141,3141,no,0,0,yes,f4f6d9775,6616,0,0,no,5,3,4,false,13,0,2026-06-07,2026-07-02,0
/blog/landlord-tax-essentials/joint-tenants-vs-tenants-in-common-property-tax-consequences-uk-landlords,https://www.propertytaxpartners.co.uk/blog/landlord-tax-essentials/joint-tenants-vs-tenants-in-common-property-tax-consequences-uk-landlords,INDEXED,Submitted and indexed,PASS,2026-09-22T18:35:05Z,MOBILE,SUCCESSFUL,https://www.propertytaxpartners.co.uk/blog/landlord-tax-essentials/joint-tenants-vs-tenants-in-common-property-tax-consequences-uk-landlords,,https://www.propertytaxpartners.co.uk/sitemap.xml,1,https://www.propertytaxpartners.co.uk/sitemap.xml,landlord-tax-essentials,no,2026-09,yes,2026-05-23,2026-06-23,2026-05-23,"2026-05-23 | Wave 5 C2: Joint tenants vs tenants in common, structur",2026-05-26,3,0,,,2787,2787,no,0,0,yes,cdf893f2b,6345,37,1,no,6,3,3,false,198,4,2026-05-27,2026-10-05,0
/blog/landlord-tax-essentials/jointly-owned-property,https://www.propertytaxpartners.co.uk/blog/landlord-tax-essentials/jointly-owned-property,INDEXED,Submitted and indexed,PASS,2026-07-25T16:00:19Z,MOBILE,SUCCESSFUL,https://www.propertytaxpartners.co.uk/blog/landlord-tax-essentials/jointly-owned-property,https://www.propertytaxpartners.co.uk/blog/landlord-tax-essentials/jointly-owned-property,,1,https://www.propertytaxpartners.co.uk/sitemap.xml,landlord-tax-essentials,no,2026-07,yes,2026-05-27,2026-06-07,2026-05-27,2026-05-27 | MegaWave 2 C: jointly-owned-property (M2-C-B3),2026-05-28,4,1,2026-06-07,2026-06-07,2358,2358,no,0,0,yes,db2b839c0,5300,0,0,no,2,2,2,false,353,2,2026-05-29,2026-10-05,0
/blog/landlord-tax-essentials/know-about-let-property-campaign,https://www.propertytaxpartners.co.uk/blog/landlord-tax-essentials/know-about-let-property-campaign,CRAWLED_NOT_INDEXED,Crawled - currently not indexed,NEUTRAL,2026-05-29T00:03:55Z,MOBILE,SUCCESSFUL,https://www.propertytaxpartners.co.uk/blog/landlord-tax-essentials/know-about-let-property-campaign,https://www.propertytaxpartners.co.uk/blog/landlord-tax-essentials/know-about-let-property-campaign,,1,https://www.propertytaxpartners.co.uk/sitemap.xml,landlord-tax-essentials,no,2026-05,yes,2026-05-28,2026-06-23,2026-05-28,2026-05-28 | MW3 RUN A: know-about-let-property-campaign (M3-A-B2 6/,2026-05-28,5,1,2026-06-06,2026-06-07,2767,2788,yes,63,1,no,059efd6b5,5636,0,0,no,2,3,5,false,50,0,2026-05-30,2026-09-22,0
/blog/landlord-tax-essentials/land-transaction-tax-a-complete-guide,https://www.propertytaxpartners.co.uk/blog/landlord-tax-essentials/land-transaction-tax-a-complete-guide,INDEXED,Submitted and indexed,PASS,2026-10-08T07:21:20Z,MOBILE,SUCCESSFUL,https://www.propertytaxpartners.co.uk/blog/landlord-tax-essentials/land-transaction-tax-a-complete-guide,https://www.propertytaxpartners.co.uk/blog/landlord-tax-essentials/land-transaction-tax-a-complete-guide,https://www.propertytaxpartners.co.uk/sitemap.xml,1,https://www.propertytaxpartners.co.uk/sitemap.xml,landlord-tax-essentials,no,2026-10,yes,2026-05-26,2026-07-26,2026-05-26,2026-05-26 | MegaWave 1 RUN B: land-transaction-tax-a-complete-guide,2026-05-26,6,1,2026-06-06,2026-06-07,2191,2191,no,0,0,yes,b226ff381,5342,1045,12,yes,2,3,,false,5886,21,2026-05-27,2026-10-08,0
/blog/landlord-tax-essentials/landlord-accounting-spreadsheet-template-free-excel-guide,https://www.propertytaxpartners.co.uk/blog/landlord-tax-essentials/landlord-accounting-spreadsheet-template-free-excel-guide,INDEXED,Submitted and indexed,PASS,2026-09-29T20:25:27Z,MOBILE,SUCCESSFUL,https://www.propertytaxpartners.co.uk/blog/landlord-tax-essentials/landlord-accounting-spreadsheet-template-free-excel-guide,https://www.propertytaxpartners.co.uk/blog/landlord-tax-essentials/landlord-accounting-spreadsheet-template-free-excel-guide,https://www.propertytaxpartners.co.uk/sitemap.xml,1,https://www.propertytaxpartners.co.uk/feed.xml,landlord-tax-essentials,no,2026-09,yes,2026-04-10,2026-08-21,2026-04-10,"2026-04-10 | Property site: add 148 blog posts, 2 new category hubs,",2026-04-10,6,1,2026-05-31,2026-05-31,2443,2443,no,0,0,yes,b226ff381,6078,14,1,no,1,3,3,false,6763,316,2026-05-16,2026-10-08,0
/blog/landlord-tax-essentials/landlord-electrical-safety-certificate,https://www.propertytaxpartners.co.uk/blog/landlord-tax-essentials/landlord-electrical-safety-certificate,INDEXED,Submitted and indexed,PASS,2026-08-21T15:55:41Z,MOBILE,SUCCESSFUL,https://www.propertytaxpartners.co.uk/blog/landlord-tax-essentials/landlord-electrical-safety-certificate,https://www.propertytaxpartners.co.uk/blog/landlord-tax-essentials/landlord-electrical-safety-certificate,,1,https://www.propertytaxpartners.co.uk/sitemap.xml,landlord-tax-essentials,no,2026-08,yes,2026-08-15,2026-08-21,2026-08-20,2026-08-20 | feat(property): wave11 19 pages + frontmatter completio,2026-08-21,4,1,2026-08-20,2026-08-21,3344,3344,no,0,0,yes,8c915e776,6782,0,0,no,6,2,5,false,1319,3,2026-08-21,2026-10-07,0
/blog/landlord-tax-essentials/landlord-insurance-guide-types-costs-tax-deductible,https://www.propertytaxpartners.co.uk/blog/landlord-tax-essentials/landlord-insurance-guide-types-costs-tax-deductible,CRAWLED_NOT_INDEXED,Crawled - currently not indexed,NEUTRAL,2026-05-30T08:55:43Z,MOBILE,SUCCESSFUL,,,https://www.propertytaxpartners.co.uk/sitemap.xml,2,https://www.propertytaxpartners.co.uk/feed.xml;https://www.propertytaxpartners.co.uk/sitemap.xml,landlord-tax-essentials,no,2026-05,yes,2026-04-10,2026-09-02,2026-04-10,"2026-04-10 | Property site: add 148 blog posts, 2 new category hubs,",2026-04-10,8,3,2026-09-02,2026-09-02,3355,1312,yes,208,2,no,2af62688d,6947,8,0,no,1,3,9,false,27,0,2026-06-09,2026-09-06,0
/blog/landlord-tax-essentials/landlord-licensing-explained,https://www.propertytaxpartners.co.uk/blog/landlord-tax-essentials/landlord-licensing-explained,INDEXED,Submitted and indexed,PASS,2026-08-21T12:57:07Z,MOBILE,SUCCESSFUL,https://www.propertytaxpartners.co.uk/blog/landlord-tax-essentials/landlord-licensing-explained,,https://www.propertytaxpartners.co.uk/sitemap.xml,1,https://www.propertytaxpartners.co.uk/sitemap.xml,landlord-tax-essentials,no,2026-08,yes,2026-08-15,2026-08-21,2026-08-20,2026-08-20 | feat(property): wave11 19 pages + frontmatter completio,2026-08-21,3,1,2026-08-21,2026-08-21,3238,3238,no,0,0,yes,8c915e776,6538,0,0,no,19,2,4,false,121,0,2026-08-22,2026-10-05,0
/blog/landlord-tax-essentials/landlord-tax-calendar-2026-27-key-dates,https://www.propertytaxpartners.co.uk/blog/landlord-tax-essentials/landlord-tax-calendar-2026-27-key-dates,INDEXED,Submitted and indexed,PASS,2026-10-09T08:46:05Z,MOBILE,SUCCESSFUL,https://www.propertytaxpartners.co.uk/blog/landlord-tax-essentials/landlord-tax-calendar-2026-27-key-dates,https://www.propertytaxpartners.co.uk/blog/landlord-tax-essentials/landlord-tax-calendar-2026-27-key-dates,https://www.propertytaxpartners.co.uk/sitemap.xml,0,,landlord-tax-essentials,no,2026-10,yes,2026-05-30,2026-10-09,2026-04-10,"2026-04-10 | Property site: add 148 blog posts, 2 new category hubs,",2026-04-10,10,2,2026-05-30,2026-05-31,2853,2852,no,1,0,yes,b226ff381,6688,0,0,no,2,2,3,false,1269,18,2026-05-16,2026-10-08,0
/blog/landlord-tax-essentials/landlord-tax-changes-2026-complete-guide,https://www.propertytaxpartners.co.uk/blog/landlord-tax-essentials/landlord-tax-changes-2026-complete-guide,CRAWLED_NOT_INDEXED,Crawled - currently not indexed,NEUTRAL,2026-05-28T14:52:33Z,MOBILE,SUCCESSFUL,,,https://www.propertytaxpartners.co.uk/sitemap.xml,1,https://www.propertytaxpartners.co.uk/sitemap.xml,landlord-tax-essentials,no,2026-05,yes,2026-05-30,2026-10-09,2026-04-10,"2026-04-10 | Property site: add 148 blog posts, 2 new category hubs,",2026-04-10,12,3,2026-06-02,2026-06-02,2994,976,yes,118,2,no,195e895eb,7356,48,1,no,21,2,3,false,77,0,2026-05-30,2026-09-29,1
/blog/landlord-tax-essentials/landlord-tax-return-complete-guide-2026,https://www.propertytaxpartners.co.uk/blog/landlord-tax-essentials/landlord-tax-return-complete-guide-2026,INDEXED,Submitted and indexed,PASS,2026-10-06T22:44:22Z,MOBILE,SUCCESSFUL,https://www.propertytaxpartners.co.uk/blog/landlord-tax-essentials/landlord-tax-return-complete-guide-2026,https://www.propertytaxpartners.co.uk/blog/landlord-tax-essentials/landlord-tax-return-complete-guide-2026,,1,https://www.propertytaxpartners.co.uk/sitemap.xml,landlord-tax-essentials,no,2026-10,yes,2026-04-01,2026-10-09,2026-04-01,2026-04-01 | Cleanup: Organize files and fix generation scripts,2026-04-01,18,5,2026-06-02,2026-06-02,2963,2959,no,1,0,yes,b226ff381,6802,1186,17,yes,4,2,3,false,1264,10,2026-05-21,2026-10-08,0
/blog/landlord-tax-essentials/landlord-vat-registration-when-required,https://www.propertytaxpartners.co.uk/blog/landlord-tax-essentials/landlord-vat-registration-when-required,INDEXED,Submitted and indexed,PASS,2026-10-05T15:28:49Z,MOBILE,SUCCESSFUL,https://www.propertytaxpartners.co.uk/blog/landlord-tax-essentials/landlord-vat-registration-when-required,https://www.propertytaxpartners.co.uk/blog/landlord-tax-essentials/landlord-vat-registration-when-required,https://www.propertytaxpartners.co.uk/sitemap.xml,1,https://www.propertytaxpartners.co.uk/sitemap.xml,landlord-tax-essentials,no,2026-10,yes,2026-05-21,2026-09-02,2026-03-29,2026-03-29 | Generate 27 new Property blog posts,2026-03-29,15,5,2026-09-02,2026-09-02,2133,2133,no,0,0,yes,8632321b2,5639,58,8,no,11,1,6,false,6585,59,2026-05-21,2026-10-08,2
/blog/landlord-tax-essentials/landlords-considering-selling-portfolio-rra-2025-tax-implications,https://www.propertytaxpartners.co.uk/blog/landlord-tax-essentials/landlords-considering-selling-portfolio-rra-2025-tax-implications,CRAWLED_NOT_INDEXED,Crawled - currently not indexed,NEUTRAL,2026-07-05T06:41:47Z,MOBILE,SUCCESSFUL,https://www.propertytaxpartners.co.uk/blog/landlord-tax-essentials/landlords-considering-selling-portfolio-rra-2025-tax-implications,https://www.propertytaxpartners.co.uk/blog/landlord-tax-essentials/landlords-considering-selling-portfolio-rra-2025-tax-implications,https://www.propertytaxpartners.co.uk/sitemap.xml,1,https://www.propertytaxpartners.co.uk/sitemap.xml,landlord-tax-essentials,no,2026-07,yes,2026-05-22,2026-06-23,2026-05-22,2026-05-22 | Wave 3 (RRA): write landlords-considering-selling-portf,2026-05-23,4,0,,,2578,2578,no,0,0,yes,cdf893f2b,8740,0,0,no,3,3,6,false,10,0,2026-06-04,2026-06-17,0
/blog/landlord-tax-essentials/late-filing-and-late-payment-penalties,https://www.propertytaxpartners.co.uk/blog/landlord-tax-essentials/late-filing-and-late-payment-penalties,CRAWLED_NOT_INDEXED,Crawled - currently not indexed,NEUTRAL,2026-07-05T07:52:36Z,MOBILE,SUCCESSFUL,https://www.propertytaxpartners.co.uk/blog/landlord-tax-essentials/late-filing-and-late-payment-penalties,https://www.propertytaxpartners.co.uk/blog/landlord-tax-essentials/late-filing-and-late-payment-penalties,https://www.propertytaxpartners.co.uk/sitemap.xml,1,https://www.propertytaxpartners.co.uk/sitemap.xml,landlord-tax-essentials,no,2026-07,yes,2026-05-28,2026-06-23,2026-05-28,2026-05-28 | MW3 RUN A: late-filing-and-late-payment-penalties (M3-A,2026-05-28,5,1,2026-06-06,2026-06-07,4176,4176,no,0,0,yes,cdf893f2b,8014,0,0,no,5,3,4,false,29,0,2026-05-31,2026-07-06,0
/blog/landlord-tax-essentials/lbtt-acquisition-relief-when-corporate-takeovers-reduce-tax,https://www.propertytaxpartners.co.uk/blog/landlord-tax-essentials/lbtt-acquisition-relief-when-corporate-takeovers-reduce-tax,CRAWLED_NOT_INDEXED,Crawled - currently not indexed,NEUTRAL,2026-07-04T22:15:09Z,MOBILE,SUCCESSFUL,https://www.propertytaxpartners.co.uk/blog/landlord-tax-essentials/lbtt-acquisition-relief-when-corporate-takeovers-reduce-tax,https://www.propertytaxpartners.co.uk/blog/landlord-tax-essentials/lbtt-acquisition-relief-when-corporate-takeovers-reduce-tax,,1,https://www.propertytaxpartners.co.uk/sitemap.xml,landlord-tax-essentials,no,2026-07,yes,2026-05-26,2026-06-23,2026-05-26,2026-05-26 | MegaWave 1 RUN B: lbtt-acquisition-relief-when-corporat,2026-05-26,4,0,,,2498,2498,no,0,0,yes,cdf893f2b,5749,0,0,no,3,3,,false,13,0,2026-06-06,2026-07-02,0
/blog/landlord-tax-essentials/lbtt-review-in-scotland,https://www.propertytaxpartners.co.uk/blog/landlord-tax-essentials/lbtt-review-in-scotland,CRAWLED_NOT_INDEXED,Crawled - currently not indexed,NEUTRAL,2026-07-03T09:48:48Z,MOBILE,SUCCESSFUL,https://www.propertytaxpartners.co.uk/blog/landlord-tax-essentials/lbtt-review-in-scotland,https://www.propertytaxpartners.co.uk/blog/landlord-tax-essentials/lbtt-review-in-scotland,https://www.propertytaxpartners.co.uk/sitemap.xml,1,https://www.propertytaxpartners.co.uk/sitemap.xml,landlord-tax-essentials,no,2026-07,yes,2026-05-26,2026-07-26,2026-05-26,2026-05-26 | MegaWave 1 RUN B: lbtt-review-in-scotland page (M1-B-B1,2026-05-26,6,1,2026-06-07,2026-06-07,2854,2854,no,0,0,yes,cdf893f2b,6362,24,1,no,2,3,,false,187,0,2026-05-29,2026-07-06,0
/blog/landlord-tax-essentials/let-property-campaign-disclosure-mechanics-undeclared-rental-income-2026,https://www.propertytaxpartners.co.uk/blog/landlord-tax-essentials/let-property-campaign-disclosure-mechanics-undeclared-rental-income-2026,INDEXED,Submitted and indexed,PASS,2026-09-26T11:49:59Z,MOBILE,SUCCESSFUL,https://www.propertytaxpartners.co.uk/blog/landlord-tax-essentials/let-property-campaign-disclosure-mechanics-undeclared-rental-income-2026,https://www.propertytaxpartners.co.uk/blog/landlord-tax-essentials/let-property-campaign-disclosure-mechanics-undeclared-rental-income-2026,,1,https://www.propertytaxpartners.co.uk/sitemap.xml,landlord-tax-essentials,no,2026-09,yes,2026-05-25,2026-07-26,2026-05-25,2026-05-25 | Wave 9 C1: let-property-campaign-disclosure-mechanics-u,2026-05-26,3,0,,,3387,3387,no,0,0,yes,c218d7a69,6826,0,0,no,3,1,3,false,848,7,2026-05-30,2026-10-08,0
/blog/landlord-tax-essentials/let-property-campaign-formal-disclosure-route-landlords-undisclosed-rental,https://www.propertytaxpartners.co.uk/blog/landlord-tax-essentials/let-property-campaign-formal-disclosure-route-landlords-undisclosed-rental,INDEXED,Submitted and indexed,PASS,2026-08-30T15:27:21Z,MOBILE,SUCCESSFUL,https://www.propertytaxpartners.co.uk/blog/landlord-tax-essentials/let-property-campaign-formal-disclosure-route-landlords-undisclosed-rental,https://www.propertytaxpartners.co.uk/blog/landlord-tax-essentials/let-property-campaign-formal-disclosure-route-landlords-undisclosed-rental,https://www.propertytaxpartners.co.uk/sitemap.xml,1,https://www.propertytaxpartners.co.uk/sitemap.xml,landlord-tax-essentials,no,2026-08,yes,2026-05-24,,2026-05-24,2026-05-24 | Wave 7 B6: Let Property Campaign disclosure route net-n,2026-05-26,1,0,,,2887,2887,no,0,0,yes,187282710,5224,0,0,no,7,2,4,false,60,2,2026-05-31,2026-10-06,0
/blog/landlord-tax-essentials/let-property-campaign-penalty-calculator,https://www.propertytaxpartners.co.uk/blog/landlord-tax-essentials/let-property-campaign-penalty-calculator,INDEXED,Submitted and indexed,PASS,2026-08-24T16:33:37Z,MOBILE,SUCCESSFUL,https://www.propertytaxpartners.co.uk/blog/landlord-tax-essentials/let-property-campaign-penalty-calculator,https://www.propertytaxpartners.co.uk/blog/landlord-tax-essentials/let-property-campaign-penalty-calculator,https://www.propertytaxpartners.co.uk/sitemap.xml,1,https://www.propertytaxpartners.co.uk/sitemap.xml,landlord-tax-essentials,no,2026-08,yes,2026-05-28,2026-06-23,2026-05-28,2026-05-28 | MW3 RUN A: let-property-campaign-penalty-calculator (M3,2026-05-28,4,0,,,4233,4233,no,0,0,yes,cdf893f2b,8160,27,0,no,0,3,,true,92,3,2026-06-08,2026-10-08,0
/blog/landlord-tax-essentials/let-property-campaign-why-voluntary-disclosure-makes-sense,https://www.propertytaxpartners.co.uk/blog/landlord-tax-essentials/let-property-campaign-why-voluntary-disclosure-makes-sense,CRAWLED_NOT_INDEXED,Crawled - currently not indexed,NEUTRAL,2026-05-29T00:03:57Z,MOBILE,SUCCESSFUL,https://www.propertytaxpartners.co.uk/blog/landlord-tax-essentials/let-property-campaign-why-voluntary-disclosure-makes-sense,https://www.propertytaxpartners.co.uk/blog/landlord-tax-essentials/let-property-campaign-why-voluntary-disclosure-makes-sense,https://www.propertytaxpartners.co.uk/sitemap.xml,1,https://www.propertytaxpartners.co.uk/sitemap.xml,landlord-tax-essentials,no,2026-05,yes,2026-05-28,2026-06-23,2026-05-28,2026-05-28 | MW3 RUN A: let-property-campaign-why-voluntary-disclosu,2026-05-28,5,1,2026-06-07,2026-06-07,3578,3827,yes,46,1,no,059efd6b5,7295,0,0,no,0,3,,true,11,0,2026-05-30,2026-07-14,0
/blog/landlord-tax-essentials/limits-on-ads-repayment-ftt-clarifies-disposal-in-replacement-of-main-residence,https://www.propertytaxpartners.co.uk/blog/landlord-tax-essentials/limits-on-ads-repayment-ftt-clarifies-disposal-in-replacement-of-main-residence,CRAWLED_NOT_INDEXED,Crawled - currently not indexed,NEUTRAL,2026-05-27T08:28:34Z,MOBILE,SUCCESSFUL,https://www.propertytaxpartners.co.uk/blog/landlord-tax-essentials/limits-on-ads-repayment-ftt-clarifies-disposal-in-replacement-of-main-residence,https://www.propertytaxpartners.co.uk/blog/landlord-tax-essentials/limits-on-ads-repayment-ftt-clarifies-disposal-in-replacement-of-main-residence,https://www.propertytaxpartners.co.uk/sitemap.xml,1,https://www.propertytaxpartners.co.uk/sitemap.xml,landlord-tax-essentials,no,2026-05,yes,2026-05-26,2026-07-26,2026-05-26,2026-05-26 | MegaWave 1 RUN B: limits-on-ads-repayment-ftt-clarifies,2026-05-26,5,1,2026-06-06,2026-06-07,3876,4041,yes,59,1,no,4a68ff6eb,8082,0,0,no,2,3,,false,560,1,2026-05-28,2026-07-23,0
/blog/landlord-tax-essentials/ltt-calculator,https://www.propertytaxpartners.co.uk/blog/landlord-tax-essentials/ltt-calculator,CRAWLED_NOT_INDEXED,Crawled - currently not indexed,NEUTRAL,2026-07-01T14:19:28Z,MOBILE,SUCCESSFUL,https://www.propertytaxpartners.co.uk/blog/landlord-tax-essentials/ltt-calculator,https://www.propertytaxpartners.co.uk/blog/landlord-tax-essentials/ltt-calculator,https://www.propertytaxpartners.co.uk/sitemap.xml,1,https://www.propertytaxpartners.co.uk/sitemap.xml,landlord-tax-essentials,no,2026-07,yes,2026-05-26,2026-07-26,2026-05-26,2026-05-26 | MegaWave 1 RUN B: ltt-calculator page (M1-B-B2),2026-05-26,4,0,,,2829,2829,no,0,0,yes,cdf893f2b,6083,0,0,no,0,3,,true,41,0,2026-06-01,2026-07-04,0
/blog/landlord-tax-essentials/ltt-higher-rates-for-spouses-minor-children-and-trust-interests,https://www.propertytaxpartners.co.uk/blog/landlord-tax-essentials/ltt-higher-rates-for-spouses-minor-children-and-trust-interests,CRAWLED_NOT_INDEXED,Crawled - currently not indexed,NEUTRAL,2026-05-29T16:26:37Z,MOBILE,SUCCESSFUL,https://www.propertytaxpartners.co.uk/blog/landlord-tax-essentials/ltt-higher-rates-for-spouses-minor-children-and-trust-interests,https://www.propertytaxpartners.co.uk/blog/landlord-tax-essentials/ltt-higher-rates-for-spouses-minor-children-and-trust-interests,https://www.propertytaxpartners.co.uk/sitemap.xml,2,https://www.propertytaxpartners.co.uk/feed.xml;https://www.propertytaxpartners.co.uk/sitemap.xml,landlord-tax-essentials,no,2026-05,yes,2026-05-26,2026-07-28,2026-05-26,2026-05-26 | MegaWave 1 RUN B: ltt-higher-rates-for-spouses-minor-ch,2026-05-26,5,0,,,3269,3269,no,0,0,yes,39e852355,7183,0,0,no,2,3,,false,265,2,2026-06-04,2026-09-30,0
/blog/landlord-tax-essentials/ltt-refunds-for-derelict-or-uninhabitable-properties,https://www.propertytaxpartners.co.uk/blog/landlord-tax-essentials/ltt-refunds-for-derelict-or-uninhabitable-properties,INDEXED,Submitted and indexed,PASS,2026-09-11T15:32:59Z,MOBILE,SUCCESSFUL,https://www.propertytaxpartners.co.uk/blog/landlord-tax-essentials/ltt-refunds-for-derelict-or-uninhabitable-properties,https://www.propertytaxpartners.co.uk/blog/landlord-tax-essentials/ltt-refunds-for-derelict-or-uninhabitable-properties,https://www.propertytaxpartners.co.uk/sitemap.xml,1,https://www.propertytaxpartners.co.uk/sitemap.xml,landlord-tax-essentials,no,2026-09,yes,2026-05-26,2026-07-26,2026-05-26,2026-05-26 | MegaWave 1 RUN B: ltt-refunds-for-derelict-or-uninhabit,2026-05-26,5,0,,,3645,3645,no,0,0,yes,c218d7a69,7162,0,0,no,1,3,,false,302,6,2026-05-31,2026-10-08,0
/blog/landlord-tax-essentials/making-a-disclosure-using-the-worldwide-disclosure-facility,https://www.propertytaxpartners.co.uk/blog/landlord-tax-essentials/making-a-disclosure-using-the-worldwide-disclosure-facility,CRAWLED_NOT_INDEXED,Crawled - currently not indexed,NEUTRAL,2026-07-05T01:03:28Z,MOBILE,SUCCESSFUL,https://www.propertytaxpartners.co.uk/blog/landlord-tax-essentials/making-a-disclosure-using-the-worldwide-disclosure-facility,https://www.propertytaxpartners.co.uk/blog/landlord-tax-essentials/making-a-disclosure-using-the-worldwide-disclosure-facility,https://www.propertytaxpartners.co.uk/sitemap.xml,1,https://www.propertytaxpartners.co.uk/sitemap.xml,landlord-tax-essentials,no,2026-07,yes,2026-05-26,2026-06-23,2026-05-26,2026-05-26 | MegaWave 1 RUN C5: making-a-disclosure-using-the-worldw,2026-05-26,5,1,2026-06-07,2026-06-07,2788,2788,no,0,0,yes,cdf893f2b,5737,7,0,no,0,3,,true,37,0,2026-05-27,2026-07-04,0
/blog/landlord-tax-essentials/maximising-business-relief-to-reduce-inheritance-tax,https://www.propertytaxpartners.co.uk/blog/landlord-tax-essentials/maximising-business-relief-to-reduce-inheritance-tax,CRAWLED_NOT_INDEXED,Crawled - currently not indexed,NEUTRAL,2026-07-05T07:36:17Z,MOBILE,SUCCESSFUL,https://www.propertytaxpartners.co.uk/blog/landlord-tax-essentials/maximising-business-relief-to-reduce-inheritance-tax,https://www.propertytaxpartners.co.uk/blog/landlord-tax-essentials/maximising-business-relief-to-reduce-inheritance-tax,https://www.propertytaxpartners.co.uk/sitemap.xml,1,https://www.propertytaxpartners.co.uk/sitemap.xml,landlord-tax-essentials,no,2026-07,yes,2026-05-27,2026-08-21,2026-05-27,2026-05-27 | MegaWave 2 C: maximising-business-relief-to-reduce-inhe,2026-05-28,5,1,2026-08-21,2026-08-21,2985,3067,yes,171,1,no,f4f6d9775,6387,0,0,no,6,2,5,false,43,0,2026-05-31,2026-07-07,0
/blog/landlord-tax-essentials/mees-epc-rules-what-your-landlords-think,https://www.propertytaxpartners.co.uk/blog/landlord-tax-essentials/mees-epc-rules-what-your-landlords-think,INDEXED,Submitted and indexed,PASS,2026-08-22T08:10:46Z,MOBILE,SUCCESSFUL,https://www.propertytaxpartners.co.uk/blog/landlord-tax-essentials/mees-epc-rules-what-your-landlords-think,https://www.propertytaxpartners.co.uk/blog/landlord-tax-essentials/mees-epc-rules-what-your-landlords-think,,1,https://propertytaxpartners.co.uk/sitemap.xml,landlord-tax-essentials,no,2026-08,yes,2026-08-21,,2026-08-21,2026-08-21 | feat(property): agents1 letting-agents resource surface,2026-08-21,1,0,,,1757,1757,no,0,0,yes,000429c17,3598,0,0,no,0,2,,true,49,2,2026-08-23,2026-10-06,0
/blog/landlord-tax-essentials/mees-regulations-landlords,https://www.propertytaxpartners.co.uk/blog/landlord-tax-essentials/mees-regulations-landlords,INDEXED,Submitted and indexed,PASS,2026-08-21T12:58:52Z,MOBILE,SUCCESSFUL,https://www.propertytaxpartners.co.uk/blog/landlord-tax-essentials/mees-regulations-landlords,https://www.propertytaxpartners.co.uk/blog/landlord-tax-essentials/mees-regulations-landlords,https://www.propertytaxpartners.co.uk/sitemap.xml,1,https://www.propertytaxpartners.co.uk/sitemap.xml,landlord-tax-essentials,no,2026-08,yes,2026-08-15,2026-08-21,2026-08-20,2026-08-20 | feat(property): wave11 19 pages + frontmatter completio,2026-08-21,3,1,2026-08-21,2026-08-21,3239,3239,no,0,0,yes,8c915e776,6492,0,0,no,9,2,6,false,146,1,2026-08-22,2026-10-06,0
/blog/landlord-tax-essentials/missed-taxes-let-property-campaign-to-the-rescue,https://www.propertytaxpartners.co.uk/blog/landlord-tax-essentials/missed-taxes-let-property-campaign-to-the-rescue,CRAWLED_NOT_INDEXED,Crawled - currently not indexed,NEUTRAL,2026-07-04T02:25:38Z,MOBILE,SUCCESSFUL,https://www.propertytaxpartners.co.uk/blog/landlord-tax-essentials/missed-taxes-let-property-campaign-to-the-rescue,https://www.propertytaxpartners.co.uk/blog/landlord-tax-essentials/missed-taxes-let-property-campaign-to-the-rescue,https://www.propertytaxpartners.co.uk/sitemap.xml,2,https://www.propertytaxpartners.co.uk/feed.xml;https://www.propertytaxpartners.co.uk/sitemap.xml,landlord-tax-essentials,no,2026-07,yes,2026-05-28,2026-06-23,2026-05-28,2026-05-28 | MW3 RUN A: missed-taxes-let-property-campaign-to-the-re,2026-05-28,4,0,,,4012,4012,no,0,0,yes,cdf893f2b,7994,0,0,no,1,3,5,false,12,0,2026-05-31,2026-07-02,0
/blog/landlord-tax-essentials/national-insurance-on-rental-income,https://www.propertytaxpartners.co.uk/blog/landlord-tax-essentials/national-insurance-on-rental-income,INDEXED,Submitted and indexed,PASS,2026-08-21T13:48:00Z,MOBILE,SUCCESSFUL,https://www.propertytaxpartners.co.uk/blog/landlord-tax-essentials/national-insurance-on-rental-income,https://www.propertytaxpartners.co.uk/blog/landlord-tax-essentials/national-insurance-on-rental-income,https://www.propertytaxpartners.co.uk/sitemap.xml,1,https://www.propertytaxpartners.co.uk/sitemap.xml,landlord-tax-essentials,no,2026-08,yes,2026-08-21,2026-08-21,2026-08-21,2026-08-21 | feat(property): rental cluster executed (Phase C) + hou,2026-08-21,1,0,,,2981,2981,no,0,0,yes,0c57b7bd9,6960,2,0,no,1,2,6,false,824,5,2026-08-21,2026-10-08,0
/blog/landlord-tax-essentials/paye-penalties-for-late-submission-and-filing,https://www.propertytaxpartners.co.uk/blog/landlord-tax-essentials/paye-penalties-for-late-submission-and-filing,CRAWLED_NOT_INDEXED,Crawled - currently not indexed,NEUTRAL,2026-07-05T07:35:01Z,MOBILE,SUCCESSFUL,https://www.propertytaxpartners.co.uk/blog/landlord-tax-essentials/paye-penalties-for-late-submission-and-filing,https://www.propertytaxpartners.co.uk/blog/landlord-tax-essentials/paye-penalties-for-late-submission-and-filing,https://www.propertytaxpartners.co.uk/sitemap.xml,1,https://www.propertytaxpartners.co.uk/sitemap.xml,landlord-tax-essentials,no,2026-07,yes,2026-05-28,2026-06-23,2026-05-28,2026-05-28 | MW3 RUN A: paye-penalties-for-late-submission-and-filin,2026-05-28,4,0,,,3353,3353,no,0,0,yes,cdf893f2b,7248,0,0,no,0,3,,true,42,0,2026-06-08,2026-07-03,0
/blog/landlord-tax-essentials/penalties-not-declaring-rental-income-hmrc,https://www.propertytaxpartners.co.uk/blog/landlord-tax-essentials/penalties-not-declaring-rental-income-hmrc,INDEXED,Submitted and indexed,PASS,2026-10-08T06:46:52Z,MOBILE,SUCCESSFUL,https://www.propertytaxpartners.co.uk/blog/landlord-tax-essentials/penalties-not-declaring-rental-income-hmrc,https://www.propertytaxpartners.co.uk/blog/landlord-tax-essentials/penalties-not-declaring-rental-income-hmrc,https://www.propertytaxpartners.co.uk/sitemap.xml,1,https://www.propertytaxpartners.co.uk/sitemap.xml,landlord-tax-essentials,no,2026-10,yes,2026-05-30,2026-06-23,2026-04-10,"2026-04-10 | Property site: add 148 blog posts, 2 new category hubs,",2026-04-10,6,3,2026-06-02,2026-06-02,3158,3158,no,0,0,yes,b226ff381,6675,17,4,no,5,3,4,false,2926,52,2026-05-31,2026-10-08,2
/blog/landlord-tax-essentials/pension-decumulation-property-portfolio-iht-2027-cohort-sequence,https://www.propertytaxpartners.co.uk/blog/landlord-tax-essentials/pension-decumulation-property-portfolio-iht-2027-cohort-sequence,CRAWLED_NOT_INDEXED,Crawled - currently not indexed,NEUTRAL,2026-05-27T06:33:21Z,MOBILE,SUCCESSFUL,https://www.propertytaxpartners.co.uk/blog/landlord-tax-essentials/pension-decumulation-property-portfolio-iht-2027-cohort-sequence,https://www.propertytaxpartners.co.uk/blog/landlord-tax-essentials/pension-decumulation-property-portfolio-iht-2027-cohort-sequence,,1,https://www.propertytaxpartners.co.uk/sitemap.xml,landlord-tax-essentials,no,2026-05,yes,2026-05-23,2026-06-23,2026-05-23,2026-05-23 | Wave 4 C6: pension-decumulation-property-portfolio-iht-,2026-05-26,3,0,,,2306,2306,no,0,0,yes,a2042fc72,7573,0,0,no,2,3,4,false,16,0,2026-05-30,2026-07-16,0
/blog/landlord-tax-essentials/pension-iht-april-2027-landlord-estate-planning,https://www.propertytaxpartners.co.uk/blog/landlord-tax-essentials/pension-iht-april-2027-landlord-estate-planning,CRAWLED_NOT_INDEXED,Crawled - currently not indexed,NEUTRAL,2026-05-27T04:36:41Z,MOBILE,SUCCESSFUL,https://www.propertytaxpartners.co.uk/blog/landlord-tax-essentials/pension-iht-april-2027-landlord-estate-planning,https://www.propertytaxpartners.co.uk/blog/landlord-tax-essentials/pension-iht-april-2027-landlord-estate-planning,https://www.propertytaxpartners.co.uk/sitemap.xml,1,https://www.propertytaxpartners.co.uk/sitemap.xml,landlord-tax-essentials,no,2026-05,yes,2026-05-22,2026-06-23,2026-05-22,2026-05-22 | Wave 2 (IHT): write pension-iht-april-2027-landlord-est,2026-05-23,5,0,,,3005,2992,no,1,0,yes,5a218f511,7354,0,0,no,11,2,4,false,23,0,2026-05-27,2026-08-14,0
/blog/landlord-tax-essentials/periodic-tenancy-default-ast-conversion-mechanics,https://www.propertytaxpartners.co.uk/blog/landlord-tax-essentials/periodic-tenancy-default-ast-conversion-mechanics,CRAWLED_NOT_INDEXED,Crawled - currently not indexed,NEUTRAL,2026-07-01T03:43:22Z,MOBILE,SUCCESSFUL,https://www.propertytaxpartners.co.uk/blog/landlord-tax-essentials/periodic-tenancy-default-ast-conversion-mechanics,https://www.propertytaxpartners.co.uk/blog/landlord-tax-essentials/periodic-tenancy-default-ast-conversion-mechanics,https://www.propertytaxpartners.co.uk/sitemap.xml,2,https://www.propertytaxpartners.co.uk/feed.xml;https://www.propertytaxpartners.co.uk/sitemap.xml,landlord-tax-essentials,no,2026-07,yes,2026-05-22,2026-08-21,2026-05-22,2026-05-22 | Wave 3 (RRA): write periodic-tenancy-default-ast-conver,2026-05-23,7,0,,,2340,2339,no,1,0,yes,cdf893f2b,7160,18,0,no,5,3,8,false,51,0,2026-05-27,2026-07-03,0
/blog/landlord-tax-essentials/pet-rights-tenancy-landlord-refusal-reasonable-grounds,https://www.propertytaxpartners.co.uk/blog/landlord-tax-essentials/pet-rights-tenancy-landlord-refusal-reasonable-grounds,INDEXED,Submitted and indexed,PASS,2026-06-30T22:22:49Z,MOBILE,SUCCESSFUL,https://www.propertytaxpartners.co.uk/blog/landlord-tax-essentials/pet-rights-tenancy-landlord-refusal-reasonable-grounds,https://www.propertytaxpartners.co.uk/blog/landlord-tax-essentials/pet-rights-tenancy-landlord-refusal-reasonable-grounds,https://www.propertytaxpartners.co.uk/sitemap.xml,1,https://www.propertytaxpartners.co.uk/sitemap.xml,landlord-tax-essentials,no,2026-06,yes,2026-05-22,2026-07-26,2026-05-22,2026-05-22 | Wave 3 (RRA): write pet-rights-tenancy-landlord-refusal,2026-05-23,5,0,,,3111,3111,no,0,0,yes,cdf893f2b,8313,24,1,no,2,3,8,false,629,3,2026-05-29,2026-10-08,0
/blog/landlord-tax-essentials/pre-letting-expenses-landlord-claim-before-first-tenant,https://www.propertytaxpartners.co.uk/blog/landlord-tax-essentials/pre-letting-expenses-landlord-claim-before-first-tenant,INDEXED,Submitted and indexed,PASS,2026-10-06T11:13:32Z,MOBILE,SUCCESSFUL,https://www.propertytaxpartners.co.uk/blog/landlord-tax-essentials/pre-letting-expenses-landlord-claim-before-first-tenant,https://www.propertytaxpartners.co.uk/blog/landlord-tax-essentials/pre-letting-expenses-landlord-claim-before-first-tenant,https://www.propertytaxpartners.co.uk/sitemap.xml,1,https://www.propertytaxpartners.co.uk/sitemap.xml,landlord-tax-essentials,no,2026-10,yes,2026-04-10,2026-08-21,2026-04-10,"2026-04-10 | Property site: add 148 blog posts, 2 new category hubs,",2026-04-10,8,2,2026-05-30,2026-05-31,2940,2940,no,0,0,yes,b226ff381,5899,37,4,no,4,3,4,false,39,0,2026-05-25,2026-05-31,0
/blog/landlord-tax-essentials/property-business-rates-council-tax-landlords,https://www.propertytaxpartners.co.uk/blog/landlord-tax-essentials/property-business-rates-council-tax-landlords,INDEXED,Submitted and indexed,PASS,2026-10-02T18:22:54Z,MOBILE,SUCCESSFUL,https://www.propertytaxpartners.co.uk/blog/landlord-tax-essentials/property-business-rates-council-tax-landlords,https://www.propertytaxpartners.co.uk/blog/landlord-tax-essentials/property-business-rates-council-tax-landlords,,1,https://www.propertytaxpartners.co.uk/sitemap.xml,landlord-tax-essentials,no,2026-10,yes,2026-03-31,2026-06-23,2026-04-01,2026-04-01 | Add Phase 1 and Phase 2 content generation: 67 new blog,2026-03-31,11,1,2026-05-31,2026-05-31,2688,2688,no,0,0,yes,b226ff381,5986,689,64,yes,5,3,5,false,204,2,2026-05-16,2026-10-08,2
/blog/landlord-tax-essentials/property-income-allowance-1000-exemption-vs-expenses,https://www.propertytaxpartners.co.uk/blog/landlord-tax-essentials/property-income-allowance-1000-exemption-vs-expenses,INDEXED,Submitted and indexed,PASS,2026-09-27T07:29:20Z,MOBILE,SUCCESSFUL,https://www.propertytaxpartners.co.uk/blog/landlord-tax-essentials/property-income-allowance-1000-exemption-vs-expenses,https://www.propertytaxpartners.co.uk/blog/landlord-tax-essentials/property-income-allowance-1000-exemption-vs-expenses,,1,https://propertytaxpartners.co.uk/sitemap.xml,landlord-tax-essentials,no,2026-09,yes,2026-07-09,,2026-07-09,2026-07-09 | Wave 10 A5: property-income-allowance-1000-exemption-vs,2026-07-09,7,2,2026-07-09,2026-07-09,2561,2561,no,0,0,yes,a956dd0b0,5490,162,20,yes,2,3,4,false,726,3,2026-07-09,2026-10-08,0
/blog/landlord-tax-essentials/property-investment-tax-uk-complete-guide-2026,https://www.propertytaxpartners.co.uk/blog/landlord-tax-essentials/property-investment-tax-uk-complete-guide-2026,CRAWLED_NOT_INDEXED,Crawled - currently not indexed,NEUTRAL,2026-05-30T04:08:34Z,MOBILE,SUCCESSFUL,https://www.propertytaxpartners.co.uk/blog/landlord-tax-essentials/property-investment-tax-uk-complete-guide-2026,https://www.propertytaxpartners.co.uk/blog/landlord-tax-essentials/property-investment-tax-uk-complete-guide-2026,https://www.propertytaxpartners.co.uk/sitemap.xml,1,https://www.propertytaxpartners.co.uk/sitemap.xml,landlord-tax-essentials,no,2026-05,yes,2026-04-01,2026-10-09,2026-04-01,2026-04-01 | content: add 52 Property blog posts (Phase 2 complete),2026-04-01,18,3,2026-05-31,2026-05-31,2575,783,yes,205,1,no,195e895eb,5496,57,1,no,29,3,4,false,1,0,2026-08-28,2026-08-28,0
/blog/landlord-tax-essentials/property-investment-vs-stocks-shares-tax-comparison,https://www.propertytaxpartners.co.uk/blog/landlord-tax-essentials/property-investment-vs-stocks-shares-tax-comparison,CRAWLED_NOT_INDEXED,Crawled - currently not indexed,NEUTRAL,2026-07-22T17:27:55Z,MOBILE,SUCCESSFUL,https://www.propertytaxpartners.co.uk/blog/landlord-tax-essentials/property-investment-vs-stocks-shares-tax-comparison,https://www.propertytaxpartners.co.uk/blog/landlord-tax-essentials/property-investment-vs-stocks-shares-tax-comparison,https://www.propertytaxpartners.co.uk/sitemap.xml,2,https://www.propertytaxpartners.co.uk/feed.xml;https://www.propertytaxpartners.co.uk/sitemap.xml,landlord-tax-essentials,no,2026-07,yes,'2026-05-19',2026-08-21,2026-05-19,2026-05-19 | blog_generator: pass banned_phrases to prompt + enforce,2026-05-20,9,2,2026-08-21,2026-08-21,2790,2790,yes,14,1,no,cdf893f2b,6902,0,0,no,0,3,,true,45,0,2026-05-22,2026-08-14,0
/blog/landlord-tax-essentials/prs-database-landlord-ombudsman-registration-requirements,https://www.propertytaxpartners.co.uk/blog/landlord-tax-essentials/prs-database-landlord-ombudsman-registration-requirements,CRAWLED_NOT_INDEXED,Crawled - currently not indexed,NEUTRAL,2026-07-06T21:23:22Z,MOBILE,SUCCESSFUL,https://www.propertytaxpartners.co.uk/blog/landlord-tax-essentials/prs-database-landlord-ombudsman-registration-requirements,https://www.propertytaxpartners.co.uk/blog/landlord-tax-essentials/prs-database-landlord-ombudsman-registration-requirements,,1,https://www.propertytaxpartners.co.uk/sitemap.xml,landlord-tax-essentials,no,2026-07,yes,2026-08-21,2026-08-21,2026-05-22,2026-05-22 | Wave 3 (RRA): write prs-database-landlord-ombudsman-reg,2026-05-23,5,1,2026-08-21,2026-08-21,2193,3110,yes,228,1,no,cdf893f2b,4591,0,0,no,5,2,6,false,38,0,2026-05-26,2026-07-07,0
/blog/landlord-tax-essentials/public-access-to-trust-data-on-the-uk-register-of-overseas-entities-expanded,https://www.propertytaxpartners.co.uk/blog/landlord-tax-essentials/public-access-to-trust-data-on-the-uk-register-of-overseas-entities-expanded,CRAWLED_NOT_INDEXED,Crawled - currently not indexed,NEUTRAL,2026-07-04T23:59:38Z,MOBILE,SUCCESSFUL,https://www.propertytaxpartners.co.uk/blog/landlord-tax-essentials/public-access-to-trust-data-on-the-uk-register-of-overseas-entities-expanded,https://www.propertytaxpartners.co.uk/blog/landlord-tax-essentials/public-access-to-trust-data-on-the-uk-register-of-overseas-entities-expanded,https://www.propertytaxpartners.co.uk/sitemap.xml,1,https://www.propertytaxpartners.co.uk/sitemap.xml,landlord-tax-essentials,no,2026-07,yes,2026-05-27,2026-05-29,2026-05-27,2026-05-27 | MegaWave 2 C: public-access-to-trust-data-on-the-uk-reg,2026-05-28,3,0,,,2737,2737,no,0,0,yes,f4f6d9775,6077,0,0,no,2,3,5,false,11,0,2026-05-30,2026-07-07,0
/blog/landlord-tax-essentials/putting-a-rental-property-into-a-trust,https://www.propertytaxpartners.co.uk/blog/landlord-tax-essentials/putting-a-rental-property-into-a-trust,CRAWLED_NOT_INDEXED,Crawled - currently not indexed,NEUTRAL,2026-07-05T07:14:47Z,MOBILE,SUCCESSFUL,https://www.propertytaxpartners.co.uk/blog/landlord-tax-essentials/putting-a-rental-property-into-a-trust,https://www.propertytaxpartners.co.uk/blog/landlord-tax-essentials/putting-a-rental-property-into-a-trust,https://www.propertytaxpartners.co.uk/sitemap.xml,1,https://www.propertytaxpartners.co.uk/sitemap.xml,landlord-tax-essentials,no,2026-07,yes,2026-05-27,2026-05-29,2026-05-27,2026-05-27 | MegaWave 2 C: putting-a-rental-property-into-a-trust (M,2026-05-28,3,0,,,3641,3641,no,0,0,yes,f4f6d9775,7520,1,1,no,2,3,4,false,80,0,2026-06-05,2026-07-06,0
/blog/landlord-tax-essentials/reasonable-excuse-case-law-landlord-penalties-perrin-martland,https://www.propertytaxpartners.co.uk/blog/landlord-tax-essentials/reasonable-excuse-case-law-landlord-penalties-perrin-martland,CRAWLED_NOT_INDEXED,Crawled - currently not indexed,NEUTRAL,2026-07-24T04:53:41Z,MOBILE,SUCCESSFUL,https://www.propertytaxpartners.co.uk/blog/landlord-tax-essentials/reasonable-excuse-case-law-landlord-penalties-perrin-martland,https://www.propertytaxpartners.co.uk/blog/landlord-tax-essentials/reasonable-excuse-case-law-landlord-penalties-perrin-martland,https://www.propertytaxpartners.co.uk/sitemap.xml,1,https://www.propertytaxpartners.co.uk/sitemap.xml,landlord-tax-essentials,no,2026-07,yes,2026-05-24,2026-07-26,2026-05-24,2026-05-24 | Wave 7 B9: Reasonable excuse case law (Perrin + Martlan,2026-05-26,3,0,,,2807,2807,no,1,0,yes,71a25b336,5346,0,0,no,2,3,5,false,315,0,2026-05-27,2026-09-26,0
/blog/landlord-tax-essentials/record-keeping-landlords-what-track-how-long-keep,https://www.propertytaxpartners.co.uk/blog/landlord-tax-essentials/record-keeping-landlords-what-track-how-long-keep,INDEXED,Submitted and indexed,PASS,2026-07-16T16:58:45Z,MOBILE,SUCCESSFUL,https://www.propertytaxpartners.co.uk/blog/landlord-tax-essentials/record-keeping-landlords-what-track-how-long-keep,https://www.propertytaxpartners.co.uk/blog/landlord-tax-essentials/record-keeping-landlords-what-track-how-long-keep,,0,,landlord-tax-essentials,no,2026-07,yes,2026-04-10,2026-10-09,2026-04-10,"2026-04-10 | Property site: add 148 blog posts, 2 new category hubs,",2026-04-10,11,3,2026-06-02,2026-06-02,2603,2600,no,2,0,yes,cdf893f2b,5437,71,4,no,2,3,4,false,727,16,2026-05-16,2026-10-08,0
/blog/landlord-tax-essentials/record-retention-discipline-voluntary-disclosure-failure-to-notify-landlords,https://www.propertytaxpartners.co.uk/blog/landlord-tax-essentials/record-retention-discipline-voluntary-disclosure-failure-to-notify-landlords,CRAWLED_NOT_INDEXED,Crawled - currently not indexed,NEUTRAL,2026-05-27T08:29:55Z,MOBILE,SUCCESSFUL,https://www.propertytaxpartners.co.uk/blog/landlord-tax-essentials/record-retention-discipline-voluntary-disclosure-failure-to-notify-landlords,https://www.propertytaxpartners.co.uk/blog/landlord-tax-essentials/record-retention-discipline-voluntary-disclosure-failure-to-notify-landlords,https://www.propertytaxpartners.co.uk/sitemap.xml,1,https://www.propertytaxpartners.co.uk/sitemap.xml,landlord-tax-essentials,no,2026-05,yes,2026-05-24,2026-07-26,2026-05-24,2026-05-24 | Wave 7 B10: Record retention + disclosure decision tree,2026-05-26,4,0,,,2788,2788,no,2,0,yes,a45e12e3d,5263,2,0,no,2,2,4,false,53,0,2026-05-27,2026-08-29,0
/blog/landlord-tax-essentials/rental-yield-calculator-guide-uk-landlords,https://www.propertytaxpartners.co.uk/blog/landlord-tax-essentials/rental-yield-calculator-guide-uk-landlords,INDEXED,Submitted and indexed,PASS,2026-10-02T18:18:45Z,MOBILE,SUCCESSFUL,https://www.propertytaxpartners.co.uk/blog/landlord-tax-essentials/rental-yield-calculator-guide-uk-landlords,https://www.propertytaxpartners.co.uk/blog/landlord-tax-essentials/rental-yield-calculator-guide-uk-landlords,https://www.propertytaxpartners.co.uk/sitemap.xml,1,https://www.propertytaxpartners.co.uk/sitemap.xml,landlord-tax-essentials,no,2026-10,yes,2026-04-01,2026-08-18,2026-04-01,2026-04-01 | content: add 52 Property blog posts (Phase 2 complete),2026-04-01,15,5,2026-08-18,2026-08-18,2169,2169,no,0,0,yes,b226ff381,4929,18,1,no,4,3,3,false,6,0,2026-05-17,2026-05-31,0
/blog/landlord-tax-essentials/renters-rights-act-2026-tax-implications-landlords,https://www.propertytaxpartners.co.uk/blog/landlord-tax-essentials/renters-rights-act-2026-tax-implications-landlords,CRAWLED_NOT_INDEXED,Crawled - currently not indexed,NEUTRAL,2026-05-15T16:15:54Z,MOBILE,SUCCESSFUL,https://www.propertytaxpartners.co.uk/blog/landlord-tax-essentials/renters-rights-act-2026-tax-implications-landlords,https://www.propertytaxpartners.co.uk/blog/landlord-tax-essentials/renters-rights-act-2026-tax-implications-landlords,https://www.propertytaxpartners.co.uk/sitemap.xml,0,,landlord-tax-essentials,no,2026-05,yes,2026-05-24,2026-08-21,2026-04-10,"2026-04-10 | Property site: add 148 blog posts, 2 new category hubs,",2026-04-10,9,2,2026-05-24,2026-05-26,2808,1237,yes,203,1,no,80d51206c,6465,1,0,no,12,3,5,false,29,0,2026-05-17,2026-09-10,0
/blog/landlord-tax-essentials/renters-rights-act-periodic-tenancy-switch-landlord-obligations,https://www.propertytaxpartners.co.uk/blog/landlord-tax-essentials/renters-rights-act-periodic-tenancy-switch-landlord-obligations,CRAWLED_NOT_INDEXED,Crawled - currently not indexed,NEUTRAL,2026-07-04T23:47:33Z,MOBILE,SUCCESSFUL,https://www.propertytaxpartners.co.uk/blog/landlord-tax-essentials/renters-rights-act-periodic-tenancy-switch-landlord-obligations,https://www.propertytaxpartners.co.uk/blog/landlord-tax-essentials/renters-rights-act-periodic-tenancy-switch-landlord-obligations,https://www.propertytaxpartners.co.uk/sitemap.xml,1,https://www.propertytaxpartners.co.uk/sitemap.xml,landlord-tax-essentials,no,2026-07,yes,2026-05-24,2026-07-26,2026-05-24,2026-05-24 | Wave 7 A3: AST-periodic tenancy conversion obligations ,2026-05-26,3,0,,,3027,3027,no,0,0,yes,e0e644db6,6456,0,0,no,4,2,6,false,32,0,2026-05-28,2026-07-06,0
/blog/landlord-tax-essentials/renters-rights-act-possession-grounds-reform-section-8-landlords,https://www.propertytaxpartners.co.uk/blog/landlord-tax-essentials/renters-rights-act-possession-grounds-reform-section-8-landlords,CRAWLED_NOT_INDEXED,Crawled - currently not indexed,NEUTRAL,2026-05-27T04:34:29Z,MOBILE,SUCCESSFUL,https://www.propertytaxpartners.co.uk/blog/landlord-tax-essentials/renters-rights-act-possession-grounds-reform-section-8-landlords,https://www.propertytaxpartners.co.uk/blog/landlord-tax-essentials/renters-rights-act-possession-grounds-reform-section-8-landlords,https://www.propertytaxpartners.co.uk/sitemap.xml,1,https://www.propertytaxpartners.co.uk/sitemap.xml,landlord-tax-essentials,no,2026-05,yes,2026-05-24,,2026-05-24,2026-05-24 | Wave 7 A5: Schedule 1 reformed Section 8 grounds walk-t,2026-05-26,1,0,,,2887,2887,no,0,0,yes,2b0cd6b0f,6475,7,0,no,4,3,6,false,119,2,2026-05-29,2026-08-25,0
/blog/landlord-tax-essentials/renters-rights-act-property-redress-scheme-mandatory-enrolment-landlords,https://www.propertytaxpartners.co.uk/blog/landlord-tax-essentials/renters-rights-act-property-redress-scheme-mandatory-enrolment-landlords,CRAWLED_NOT_INDEXED,Crawled - currently not indexed,NEUTRAL,2026-07-10T03:08:46Z,MOBILE,SUCCESSFUL,https://www.propertytaxpartners.co.uk/blog/landlord-tax-essentials/renters-rights-act-property-redress-scheme-mandatory-enrolment-landlords,https://www.propertytaxpartners.co.uk/blog/landlord-tax-essentials/renters-rights-act-property-redress-scheme-mandatory-enrolment-landlords,https://www.propertytaxpartners.co.uk/sitemap.xml,1,https://www.propertytaxpartners.co.uk/sitemap.xml,landlord-tax-essentials,no,2026-07,yes,2026-05-24,2026-08-21,2026-05-24,2026-05-24 | Wave 7 A6: Landlord redress scheme mandatory enrolment ,2026-05-26,3,0,,,3145,3143,no,1,0,yes,8425f810b,6555,38,0,no,5,2,5,false,58,1,2026-06-01,2026-07-09,0
/blog/landlord-tax-essentials/renters-rights-act-rent-increase-section-13-tribunal-route,https://www.propertytaxpartners.co.uk/blog/landlord-tax-essentials/renters-rights-act-rent-increase-section-13-tribunal-route,CRAWLED_NOT_INDEXED,Crawled - currently not indexed,NEUTRAL,2026-07-01T07:04:50Z,MOBILE,SUCCESSFUL,https://www.propertytaxpartners.co.uk/blog/landlord-tax-essentials/renters-rights-act-rent-increase-section-13-tribunal-route,https://www.propertytaxpartners.co.uk/blog/landlord-tax-essentials/renters-rights-act-rent-increase-section-13-tribunal-route,https://www.propertytaxpartners.co.uk/sitemap.xml,0,,landlord-tax-essentials,no,2026-07,yes,2026-05-22,2026-07-26,2026-05-22,2026-05-22 | Wave 3 (RRA): write renters-rights-act-rent-increase-se,2026-05-23,4,0,,,2579,2579,no,0,0,yes,cdf893f2b,7095,57,3,no,5,3,7,false,432,0,2026-05-28,2026-07-03,0
/blog/landlord-tax-essentials/renters-rights-act-section-21-abolition-landlord-operational-mechanics,https://www.propertytaxpartners.co.uk/blog/landlord-tax-essentials/renters-rights-act-section-21-abolition-landlord-operational-mechanics,CRAWLED_NOT_INDEXED,Crawled - currently not indexed,NEUTRAL,2026-07-03T09:47:48Z,MOBILE,SUCCESSFUL,https://www.propertytaxpartners.co.uk/blog/landlord-tax-essentials/renters-rights-act-section-21-abolition-landlord-operational-mechanics,https://www.propertytaxpartners.co.uk/blog/landlord-tax-essentials/renters-rights-act-section-21-abolition-landlord-operational-mechanics,https://www.propertytaxpartners.co.uk/sitemap.xml,1,https://www.propertytaxpartners.co.uk/sitemap.xml,landlord-tax-essentials,no,2026-07,yes,2026-05-24,2026-07-28,2026-05-24,2026-05-24 | Wave 7 A2: s.21 abolition operational mechanics for lan,2026-05-26,4,0,,,2921,2921,no,0,0,yes,db2c61192,6825,0,0,no,4,3,6,false,14,0,2026-06-06,2026-07-02,0
/blog/landlord-tax-essentials/residence-nil-rate-band-frozen,https://www.propertytaxpartners.co.uk/blog/landlord-tax-essentials/residence-nil-rate-band-frozen,CRAWLED_NOT_INDEXED,Crawled - currently not indexed,NEUTRAL,2026-07-04T11:04:10Z,MOBILE,SUCCESSFUL,https://www.propertytaxpartners.co.uk/blog/landlord-tax-essentials/residence-nil-rate-band-frozen,https://www.propertytaxpartners.co.uk/blog/landlord-tax-essentials/residence-nil-rate-band-frozen,https://www.propertytaxpartners.co.uk/sitemap.xml,1,https://www.propertytaxpartners.co.uk/sitemap.xml,landlord-tax-essentials,no,2026-07,yes,2026-05-27,2026-05-30,2026-05-27,2026-05-27 | MegaWave 2 C: residence-nil-rate-band-frozen (M2-C-B4),2026-05-28,4,0,,,3140,3140,no,0,0,yes,554e71732,6567,0,0,no,1,3,5,false,18,0,2026-06-04,2026-07-05,0
/blog/landlord-tax-essentials/rra-2025-landlord-enforcement-civil-penalties-banning-orders-defence,https://www.propertytaxpartners.co.uk/blog/landlord-tax-essentials/rra-2025-landlord-enforcement-civil-penalties-banning-orders-defence,CRAWLED_NOT_INDEXED,Crawled - currently not indexed,NEUTRAL,2026-07-01T09:18:09Z,MOBILE,SUCCESSFUL,https://www.propertytaxpartners.co.uk/blog/landlord-tax-essentials/rra-2025-landlord-enforcement-civil-penalties-banning-orders-defence,https://www.propertytaxpartners.co.uk/blog/landlord-tax-essentials/rra-2025-landlord-enforcement-civil-penalties-banning-orders-defence,https://www.propertytaxpartners.co.uk/sitemap.xml,1,https://www.propertytaxpartners.co.uk/sitemap.xml,landlord-tax-essentials,no,2026-07,yes,2026-05-22,2026-08-21,2026-05-22,2026-05-22 | Wave 3 (RRA): write rra-2025-landlord-enforcement-civil,2026-05-23,6,0,,,3837,3835,no,1,0,yes,cdf893f2b,8806,0,0,no,7,3,5,false,17,0,2026-05-26,2026-07-01,0
/blog/landlord-tax-essentials/rra-2026-whats-in-force-letting-agents,https://www.propertytaxpartners.co.uk/blog/landlord-tax-essentials/rra-2026-whats-in-force-letting-agents,INDEXED,Submitted and indexed,PASS,2026-08-23T13:39:50Z,MOBILE,SUCCESSFUL,https://www.propertytaxpartners.co.uk/blog/landlord-tax-essentials/rra-2026-whats-in-force-letting-agents,https://www.propertytaxpartners.co.uk/blog/landlord-tax-essentials/rra-2026-whats-in-force-letting-agents,,2,https://propertytaxpartners.co.uk/sitemap.xml;https://www.propertytaxpartners.co.uk/for-letting-agents,landlord-tax-essentials,no,2026-08,yes,2026-08-21,,2026-08-21,2026-08-21 | feat(property): agents1 letting-agents resource surface,2026-08-21,1,0,,,2186,2186,no,0,0,yes,000429c17,4255,0,0,no,0,2,,true,87,0,2026-08-22,2026-10-08,0
/blog/landlord-tax-essentials/sa105-property-income-form-2026-complete-guide,https://www.propertytaxpartners.co.uk/blog/landlord-tax-essentials/sa105-property-income-form-2026-complete-guide,INDEXED,Submitted and indexed,PASS,2026-10-09T10:10:09Z,MOBILE,SUCCESSFUL,https://www.propertytaxpartners.co.uk/blog/landlord-tax-essentials/sa105-property-income-form-2026-complete-guide,https://www.propertytaxpartners.co.uk/blog/landlord-tax-essentials/sa105-property-income-form-2026-complete-guide,https://www.propertytaxpartners.co.uk/sitemap.xml,0,,landlord-tax-essentials,no,2026-10,yes,2026-04-10,2026-06-23,2026-04-10,"2026-04-10 | Property site: add 148 blog posts, 2 new category hubs,",2026-04-10,7,3,2026-06-02,2026-06-02,3007,3007,no,0,0,yes,b226ff381,6646,2976,237,yes,4,1,4,false,18537,315,2026-05-27,2026-10-08,2
/blog/landlord-tax-essentials/schedule-24-fa-2007-careless-deliberate-penalty-mitigation-landlords,https://www.propertytaxpartners.co.uk/blog/landlord-tax-essentials/schedule-24-fa-2007-careless-deliberate-penalty-mitigation-landlords,INDEXED,Submitted and indexed,PASS,2026-09-10T01:50:43Z,MOBILE,SUCCESSFUL,https://www.propertytaxpartners.co.uk/blog/landlord-tax-essentials/schedule-24-fa-2007-careless-deliberate-penalty-mitigation-landlords,https://www.propertytaxpartners.co.uk/blog/landlord-tax-essentials/schedule-24-fa-2007-careless-deliberate-penalty-mitigation-landlords,https://www.propertytaxpartners.co.uk/sitemap.xml,1,https://www.propertytaxpartners.co.uk/sitemap.xml,landlord-tax-essentials,no,2026-09,yes,2026-05-25,2026-08-18,2026-05-25,2026-05-25 | Wave 9 C2: schedule-24-fa-2007-careless-deliberate-pena,2026-05-26,4,1,2026-08-18,2026-08-18,4429,4429,no,0,0,yes,06195d7de,8057,34,0,no,1,2,4,false,371,2,2026-05-28,2026-10-08,0
/blog/landlord-tax-essentials/schedule-24-fa-2007-penalty-behaviour-categories-landlord-enquiries,https://www.propertytaxpartners.co.uk/blog/landlord-tax-essentials/schedule-24-fa-2007-penalty-behaviour-categories-landlord-enquiries,INDEXED,Submitted and indexed,PASS,2026-10-02T22:27:47Z,MOBILE,SUCCESSFUL,https://www.propertytaxpartners.co.uk/blog/landlord-tax-essentials/schedule-24-fa-2007-penalty-behaviour-categories-landlord-enquiries,https://www.propertytaxpartners.co.uk/blog/landlord-tax-essentials/schedule-24-fa-2007-penalty-behaviour-categories-landlord-enquiries,https://www.propertytaxpartners.co.uk/sitemap.xml,1,https://www.propertytaxpartners.co.uk/sitemap.xml,landlord-tax-essentials,no,2026-10,yes,2026-05-24,2026-06-06,2026-05-24,2026-05-24 | Wave 7 B8: Schedule 24 FA 2007 penalty behaviour catego,2026-05-26,5,1,2026-06-06,2026-06-07,3237,3237,no,0,0,yes,b226ff381,5524,191,0,no,12,3,4,false,780,2,2026-05-27,2026-10-08,0
/blog/landlord-tax-essentials/scottish-lbtt-additional-dwelling-supplement-ads-mechanics-second-home-buyers,https://www.propertytaxpartners.co.uk/blog/landlord-tax-essentials/scottish-lbtt-additional-dwelling-supplement-ads-mechanics-second-home-buyers,CRAWLED_NOT_INDEXED,Crawled - currently not indexed,NEUTRAL,2026-07-03T09:50:41Z,MOBILE,SUCCESSFUL,https://www.propertytaxpartners.co.uk/blog/landlord-tax-essentials/scottish-lbtt-additional-dwelling-supplement-ads-mechanics-second-home-buyers,https://www.propertytaxpartners.co.uk/blog/landlord-tax-essentials/scottish-lbtt-additional-dwelling-supplement-ads-mechanics-second-home-buyers,,1,https://www.propertytaxpartners.co.uk/sitemap.xml,landlord-tax-essentials,no,2026-07,yes,2026-05-23,2026-07-26,2026-05-23,2026-05-23 | Wave 5 B7: Scottish ADS 8% mechanics (Section 16.32 cri,2026-05-26,4,0,,,2869,2869,no,0,0,yes,cdf893f2b,7191,8,0,no,14,3,4,false,2135,2,2026-05-31,2026-07-06,0
/blog/landlord-tax-essentials/scottish-lbtt-first-time-buyer-relief-eligibility-mechanics,https://www.propertytaxpartners.co.uk/blog/landlord-tax-essentials/scottish-lbtt-first-time-buyer-relief-eligibility-mechanics,CRAWLED_NOT_INDEXED,Crawled - currently not indexed,NEUTRAL,2026-05-27T04:34:31Z,MOBILE,SUCCESSFUL,https://www.propertytaxpartners.co.uk/blog/landlord-tax-essentials/scottish-lbtt-first-time-buyer-relief-eligibility-mechanics,https://www.propertytaxpartners.co.uk/blog/landlord-tax-essentials/scottish-lbtt-first-time-buyer-relief-eligibility-mechanics,,1,https://www.propertytaxpartners.co.uk/sitemap.xml,landlord-tax-essentials,no,2026-05,yes,2026-05-23,2026-07-26,2026-05-23,2026-05-23 | Wave 5 B8: Scottish LBTT first-time buyer relief depth,2026-05-26,5,1,2026-06-06,2026-06-07,2676,2655,yes,53,1,no,4454414cb,6364,0,0,no,9,3,7,false,148,0,2026-05-27,2026-08-19,0
/blog/landlord-tax-essentials/scottish-lbtt-rates-bands-2026-27-residential-buyers-complete-guide,https://www.propertytaxpartners.co.uk/blog/landlord-tax-essentials/scottish-lbtt-rates-bands-2026-27-residential-buyers-complete-guide,INDEXED,Submitted and indexed,PASS,2026-09-24T19:45:56Z,MOBILE,SUCCESSFUL,https://www.propertytaxpartners.co.uk/blog/landlord-tax-essentials/scottish-lbtt-rates-bands-2026-27-residential-buyers-complete-guide,https://www.propertytaxpartners.co.uk/blog/landlord-tax-essentials/scottish-lbtt-rates-bands-2026-27-residential-buyers-complete-guide,https://www.propertytaxpartners.co.uk/sitemap.xml,1,https://www.propertytaxpartners.co.uk/sitemap.xml,landlord-tax-essentials,no,2026-09,yes,2026-05-23,2026-07-26,2026-05-23,2026-05-23 | Wave 5 B6: Scottish LBTT 2026/27 main residential rates,2026-05-26,5,1,2026-06-06,2026-06-07,2915,2915,no,0,0,yes,c218d7a69,6836,166,4,no,10,3,5,false,24022,36,2026-05-27,2026-10-08,0
/blog/landlord-tax-essentials/sdlt-5-percent-surcharge-refund-claim-process,https://www.propertytaxpartners.co.uk/blog/landlord-tax-essentials/sdlt-5-percent-surcharge-refund-claim-process,CRAWLED_NOT_INDEXED,Crawled - currently not indexed,NEUTRAL,2026-07-04T14:32:25Z,MOBILE,SUCCESSFUL,https://www.propertytaxpartners.co.uk/blog/landlord-tax-essentials/sdlt-5-percent-surcharge-refund-claim-process,https://www.propertytaxpartners.co.uk/blog/landlord-tax-essentials/sdlt-5-percent-surcharge-refund-claim-process,https://www.propertytaxpartners.co.uk/sitemap.xml,1,https://www.propertytaxpartners.co.uk/sitemap.xml,landlord-tax-essentials,no,2026-07,yes,2026-05-22,2026-07-26,2026-05-22,2026-05-22 | Track 1 (SDLT): write sdlt-5-percent-surcharge-refund-c,2026-05-23,4,0,,,2682,2682,no,1,0,yes,cdf893f2b,5780,104,5,no,13,3,4,false,60,1,2026-05-26,2026-07-05,0
/blog/landlord-tax-essentials/sdlt-buy-to-let-rates-surcharge-guide-2025,https://www.propertytaxpartners.co.uk/blog/landlord-tax-essentials/sdlt-buy-to-let-rates-surcharge-guide-2025,DISCOVERED_NOT_INDEXED,Discovered – currently not indexed,NEUTRAL,,CRAWLING_USER_AGENT_UNSPECIFIED,PAGE_FETCH_STATE_UNSPECIFIED,,,https://www.propertytaxpartners.co.uk/sitemap.xml,2,https://www.propertytaxpartners.co.uk/blog/incorporation-and-company-structures/welsh-ltt-multiple-dwellings-relief-bulk-purchases-mechanics-survives-vs-sdlt-abolition;https://www.propertytaxpartners.co.uk/sitemap.xml,landlord-tax-essentials,no,,yes,2026-05-21,2026-05-29,2026-04-10,"2026-04-10 | Property site: add 148 blog posts, 2 new category hubs,",2026-04-10,8,2,2026-05-21,2026-05-23,2305,,,,,,,4942,59,1,no,24,1,3,false,2071,0,2026-04-11,2026-06-02,0
/blog/landlord-tax-essentials/sdlt-leasehold-extension-vs-fresh-purchase,https://www.propertytaxpartners.co.uk/blog/landlord-tax-essentials/sdlt-leasehold-extension-vs-fresh-purchase,INDEXED,Submitted and indexed,PASS,2026-10-08T06:46:02Z,MOBILE,SUCCESSFUL,https://www.propertytaxpartners.co.uk/blog/landlord-tax-essentials/sdlt-leasehold-extension-vs-fresh-purchase,https://www.propertytaxpartners.co.uk/blog/landlord-tax-essentials/sdlt-leasehold-extension-vs-fresh-purchase,https://www.propertytaxpartners.co.uk/sitemap.xml,1,https://www.propertytaxpartners.co.uk/sitemap.xml,landlord-tax-essentials,no,2026-10,yes,2026-05-22,2026-08-15,2026-05-22,2026-05-22 | Track 1 (SDLT): write sdlt-leasehold-extension-vs-fresh,2026-05-23,4,1,2026-08-15,2026-08-15,2570,2570,no,0,0,yes,ff42ea37e,5741,40,7,no,6,3,8,false,2610,25,2026-05-24,2026-10-08,0
/blog/landlord-tax-essentials/sdlt-mixed-use-property-classification,https://www.propertytaxpartners.co.uk/blog/landlord-tax-essentials/sdlt-mixed-use-property-classification,CRAWLED_NOT_INDEXED,Crawled - currently not indexed,NEUTRAL,2026-07-01T04:26:45Z,MOBILE,SUCCESSFUL,https://www.propertytaxpartners.co.uk/blog/landlord-tax-essentials/sdlt-mixed-use-property-classification,https://www.propertytaxpartners.co.uk/blog/landlord-tax-essentials/sdlt-mixed-use-property-classification,,1,https://www.propertytaxpartners.co.uk/sitemap.xml,landlord-tax-essentials,no,2026-07,yes,2026-05-22,2026-07-26,2026-05-22,2026-05-22 | Track 1 (SDLT): write sdlt-mixed-use-property-classific,2026-05-23,4,0,,,2360,2360,no,0,0,yes,cdf893f2b,5230,0,0,no,9,3,7,false,52,1,2026-05-27,2026-07-01,0
/blog/landlord-tax-essentials/sdlt-on-probate-property-transfers,https://www.propertytaxpartners.co.uk/blog/landlord-tax-essentials/sdlt-on-probate-property-transfers,CRAWLED_NOT_INDEXED,Crawled - currently not indexed,NEUTRAL,2026-07-22T23:35:44Z,MOBILE,SUCCESSFUL,https://www.propertytaxpartners.co.uk/blog/landlord-tax-essentials/sdlt-on-probate-property-transfers,https://www.propertytaxpartners.co.uk/blog/landlord-tax-essentials/sdlt-on-probate-property-transfers,https://www.propertytaxpartners.co.uk/sitemap.xml,1,https://www.propertytaxpartners.co.uk/sitemap.xml,landlord-tax-essentials,no,2026-07,yes,2026-05-22,2026-06-23,2026-05-22,2026-05-22 | Track 1 (SDLT): write sdlt-on-probate-property-transfer,2026-05-23,3,0,,,2727,2727,no,0,0,yes,cdf893f2b,5746,19,1,no,5,3,4,false,373,3,2026-05-27,2026-09-25,0
/blog/landlord-tax-essentials/sdlt-refund-scams-how-to-avoid,https://www.propertytaxpartners.co.uk/blog/landlord-tax-essentials/sdlt-refund-scams-how-to-avoid,CRAWLED_NOT_INDEXED,Crawled - currently not indexed,NEUTRAL,2026-07-04T15:17:33Z,MOBILE,SUCCESSFUL,https://www.propertytaxpartners.co.uk/blog/landlord-tax-essentials/sdlt-refund-scams-how-to-avoid,https://www.propertytaxpartners.co.uk/blog/landlord-tax-essentials/sdlt-refund-scams-how-to-avoid,https://www.propertytaxpartners.co.uk/sitemap.xml,2,https://www.propertytaxpartners.co.uk/feed.xml;https://www.propertytaxpartners.co.uk/sitemap.xml,landlord-tax-essentials,no,2026-07,yes,2026-05-22,2026-08-21,2026-05-22,2026-05-22 | Track 1 (SDLT): write sdlt-refund-scams-how-to-avoid,2026-05-23,6,0,,,2455,2430,no,2,0,yes,cdf893f2b,5602,0,0,no,9,3,5,false,0,0,,,0
/blog/landlord-tax-essentials/sdlt-shared-ownership-staircasing,https://www.propertytaxpartners.co.uk/blog/landlord-tax-essentials/sdlt-shared-ownership-staircasing,CRAWLED_NOT_INDEXED,Crawled - currently not indexed,NEUTRAL,2026-07-26T07:32:06Z,MOBILE,SUCCESSFUL,https://www.propertytaxpartners.co.uk/blog/landlord-tax-essentials/sdlt-shared-ownership-staircasing,https://www.propertytaxpartners.co.uk/blog/landlord-tax-essentials/sdlt-shared-ownership-staircasing,https://www.propertytaxpartners.co.uk/sitemap.xml,0,,landlord-tax-essentials,no,2026-07,yes,2026-05-22,2026-07-28,2026-05-22,2026-05-22 | Track 1 (SDLT): write sdlt-shared-ownership-staircasing,2026-05-23,5,0,,,2202,2202,no,1,0,yes,cdf893f2b,4904,14,1,no,1,3,9,false,405,2,2026-05-28,2026-10-07,0
/blog/landlord-tax-essentials/second-home-sdlt-additional-dwellings-surcharge-joint-owners-spouse-aggregation-rules,https://www.propertytaxpartners.co.uk/blog/landlord-tax-essentials/second-home-sdlt-additional-dwellings-surcharge-joint-owners-spouse-aggregation-rules,CRAWLED_NOT_INDEXED,Crawled - currently not indexed,NEUTRAL,2026-05-27T08:30:00Z,MOBILE,SUCCESSFUL,https://www.propertytaxpartners.co.uk/blog/landlord-tax-essentials/second-home-sdlt-additional-dwellings-surcharge-joint-owners-spouse-aggregation-rules,https://www.propertytaxpartners.co.uk/blog/landlord-tax-essentials/second-home-sdlt-additional-dwellings-surcharge-joint-owners-spouse-aggregation-rules,https://www.propertytaxpartners.co.uk/sitemap.xml,1,https://www.propertytaxpartners.co.uk/sitemap.xml,landlord-tax-essentials,no,2026-05,yes,2026-05-23,2026-06-23,2026-05-23,2026-05-23 | Wave 5 C9: SDLT joint-buyer + spousal aggregation appli,2026-05-26,5,0,,,2653,2653,no,1,0,yes,14c15bed0,5756,3,0,no,6,3,3,false,164,0,2026-05-28,2026-08-30,0
/blog/landlord-tax-essentials/section-21-abolition-uk-landlord-possession-guide-2026,https://www.propertytaxpartners.co.uk/blog/landlord-tax-essentials/section-21-abolition-uk-landlord-possession-guide-2026,CRAWLED_NOT_INDEXED,Crawled - currently not indexed,NEUTRAL,2026-07-03T10:33:20Z,MOBILE,SUCCESSFUL,https://www.propertytaxpartners.co.uk/blog/landlord-tax-essentials/section-21-abolition-uk-landlord-possession-guide-2026,https://www.propertytaxpartners.co.uk/blog/landlord-tax-essentials/section-21-abolition-uk-landlord-possession-guide-2026,https://www.propertytaxpartners.co.uk/sitemap.xml,1,https://www.propertytaxpartners.co.uk/sitemap.xml,landlord-tax-essentials,no,2026-07,yes,2026-05-22,2026-08-21,2026-05-22,2026-05-22 | Wave 3 (RRA): write section-21-abolition-uk-landlord-po,2026-05-23,6,0,,,2767,2765,no,1,0,yes,cdf893f2b,8120,20,0,no,11,3,4,false,89,0,2026-05-29,2026-09-25,0
/blog/landlord-tax-essentials/stamp-duty-buy-to-let-surcharge,https://www.propertytaxpartners.co.uk/blog/landlord-tax-essentials/stamp-duty-buy-to-let-surcharge,INDEXED,Submitted and indexed,PASS,2026-10-10T06:09:19Z,MOBILE,SUCCESSFUL,https://www.propertytaxpartners.co.uk/blog/landlord-tax-essentials/stamp-duty-buy-to-let-surcharge,https://www.propertytaxpartners.co.uk/blog/landlord-tax-essentials/stamp-duty-buy-to-let-surcharge,,1,https://www.propertytaxpartners.co.uk/sitemap.xml,landlord-tax-essentials,no,2026-10,yes,2026-04-01,2026-06-23,2026-04-01,2026-04-01 | content: add 52 Property blog posts (Phase 2 complete),2026-04-01,14,3,2026-06-01,2026-06-02,2053,2053,no,0,0,yes,b226ff381,4733,0,0,no,4,3,5,false,3682,5,2026-05-23,2026-10-08,0
/blog/landlord-tax-essentials/tenancy-agreement-template-rra-2025-compliant-clauses,https://www.propertytaxpartners.co.uk/blog/landlord-tax-essentials/tenancy-agreement-template-rra-2025-compliant-clauses,CRAWLED_NOT_INDEXED,Crawled - currently not indexed,NEUTRAL,2026-07-08T09:32:50Z,MOBILE,SUCCESSFUL,https://www.propertytaxpartners.co.uk/blog/landlord-tax-essentials/tenancy-agreement-template-rra-2025-compliant-clauses,https://www.propertytaxpartners.co.uk/blog/landlord-tax-essentials/tenancy-agreement-template-rra-2025-compliant-clauses,,1,https://www.propertytaxpartners.co.uk/sitemap.xml,landlord-tax-essentials,no,2026-07,yes,2026-05-22,2026-08-21,2026-05-22,2026-05-22 | Wave 3 (RRA): write tenancy-agreement-template-rra-2025,2026-05-23,4,0,,,3212,3211,no,1,0,yes,cdf893f2b,8842,0,0,no,2,3,7,false,131,0,2026-05-24,2026-09-02,0
/blog/landlord-tax-essentials/tenancy-deposits-landlord-tax-position,https://www.propertytaxpartners.co.uk/blog/landlord-tax-essentials/tenancy-deposits-landlord-tax-position,INDEXED,Submitted and indexed,PASS,2026-08-22T10:02:31Z,MOBILE,SUCCESSFUL,https://www.propertytaxpartners.co.uk/blog/landlord-tax-essentials/tenancy-deposits-landlord-tax-position,https://www.propertytaxpartners.co.uk/blog/landlord-tax-essentials/tenancy-deposits-landlord-tax-position,,2,https://propertytaxpartners.co.uk/sitemap.xml;https://www.propertytaxpartners.co.uk/for-letting-agents,landlord-tax-essentials,no,2026-08,yes,2026-08-21,,2026-08-21,2026-08-21 | feat(property): agents1 letting-agents resource surface,2026-08-21,2,0,,,1385,1385,no,0,0,yes,dc10f15ab,3235,0,0,no,0,2,,true,172,2,2026-08-22,2026-10-08,0
/blog/landlord-tax-essentials/tribunal-appeal-process-landlords-first-tier-tribunal-tax-chamber,https://www.propertytaxpartners.co.uk/blog/landlord-tax-essentials/tribunal-appeal-process-landlords-first-tier-tribunal-tax-chamber,CRAWLED_NOT_INDEXED,Crawled - currently not indexed,NEUTRAL,2026-05-27T01:29:00Z,MOBILE,SUCCESSFUL,https://www.propertytaxpartners.co.uk/blog/landlord-tax-essentials/tribunal-appeal-process-landlords-first-tier-tribunal-tax-chamber,https://www.propertytaxpartners.co.uk/blog/landlord-tax-essentials/tribunal-appeal-process-landlords-first-tier-tribunal-tax-chamber,https://www.propertytaxpartners.co.uk/sitemap.xml,1,https://www.propertytaxpartners.co.uk/sitemap.xml,landlord-tax-essentials,no,2026-05,yes,2026-05-24,,2026-05-24,2026-05-24 | Wave 7 B4: FTT Tax Chamber appeal process net-new,2026-05-26,1,0,,,2846,2846,no,0,0,yes,1d2cb41b7,5130,0,0,no,0,3,,true,59,0,2026-05-27,2026-07-20,0
/blog/landlord-tax-essentials/understanding-alternative-finance-arrangements-under-lbtt,https://www.propertytaxpartners.co.uk/blog/landlord-tax-essentials/understanding-alternative-finance-arrangements-under-lbtt,CRAWLED_NOT_INDEXED,Crawled - currently not indexed,NEUTRAL,2026-07-06T06:41:06Z,MOBILE,SUCCESSFUL,https://www.propertytaxpartners.co.uk/blog/landlord-tax-essentials/understanding-alternative-finance-arrangements-under-lbtt,https://www.propertytaxpartners.co.uk/blog/landlord-tax-essentials/understanding-alternative-finance-arrangements-under-lbtt,https://www.propertytaxpartners.co.uk/sitemap.xml,2,https://www.propertytaxpartners.co.uk/feed.xml;https://www.propertytaxpartners.co.uk/sitemap.xml,landlord-tax-essentials,no,2026-07,yes,2026-05-26,2026-07-26,2026-05-26,2026-05-26 | MegaWave 1 RUN B: understanding-alternative-finance-arr,2026-05-26,4,0,,,3596,3596,no,0,0,yes,cdf893f2b,7479,0,0,no,0,3,,true,180,0,2026-05-30,2026-09-20,0
/blog/landlord-tax-essentials/unmarried-co-owners-property-tax-rental-income-split-actual-beneficial-share,https://www.propertytaxpartners.co.uk/blog/landlord-tax-essentials/unmarried-co-owners-property-tax-rental-income-split-actual-beneficial-share,INDEXED,Submitted and indexed,PASS,2026-09-18T07:44:54Z,MOBILE,SUCCESSFUL,https://www.propertytaxpartners.co.uk/blog/landlord-tax-essentials/unmarried-co-owners-property-tax-rental-income-split-actual-beneficial-share,https://www.propertytaxpartners.co.uk/blog/landlord-tax-essentials/unmarried-co-owners-property-tax-rental-income-split-actual-beneficial-share,,1,https://www.propertytaxpartners.co.uk/sitemap.xml,landlord-tax-essentials,no,2026-09,yes,2026-05-23,2026-06-23,2026-05-23,2026-05-23 | Wave 5 C6: Unmarried co-owners and the actual beneficia,2026-05-26,3,0,,,2837,2837,no,0,0,yes,cdf893f2b,6218,0,0,no,4,3,4,false,326,5,2026-05-27,2026-10-08,0
/blog/landlord-tax-essentials/vat-dilapidations-payments-tenant-landlord-vat-treatment-supply-or-damages,https://www.propertytaxpartners.co.uk/blog/landlord-tax-essentials/vat-dilapidations-payments-tenant-landlord-vat-treatment-supply-or-damages,INDEXED,Submitted and indexed,PASS,2026-10-04T13:05:17Z,MOBILE,SUCCESSFUL,https://www.propertytaxpartners.co.uk/blog/landlord-tax-essentials/vat-dilapidations-payments-tenant-landlord-vat-treatment-supply-or-damages,https://www.propertytaxpartners.co.uk/blog/landlord-tax-essentials/vat-dilapidations-payments-tenant-landlord-vat-treatment-supply-or-damages,,1,https://www.propertytaxpartners.co.uk/sitemap.xml,landlord-tax-essentials,no,2026-10,yes,2026-05-23,2026-10-09,2026-05-23,2026-05-23 | Wave 5 A5: VAT dilapidations (supply-or-damages diagnos,2026-05-26,8,1,2026-06-06,2026-06-07,2828,2824,no,1,0,yes,b226ff381,6302,68,4,no,2,3,6,false,1273,11,2026-05-27,2026-10-08,0
/blog/landlord-tax-essentials/vat-on-rental-income-residential-vs-commercial-landlord-vat-status-decision-framework,https://www.propertytaxpartners.co.uk/blog/landlord-tax-essentials/vat-on-rental-income-residential-vs-commercial-landlord-vat-status-decision-framework,INDEXED,Submitted and indexed,PASS,2026-09-20T19:37:42Z,MOBILE,SUCCESSFUL,https://www.propertytaxpartners.co.uk/blog/landlord-tax-essentials/vat-on-rental-income-residential-vs-commercial-landlord-vat-status-decision-framework,https://www.propertytaxpartners.co.uk/blog/landlord-tax-essentials/vat-on-rental-income-residential-vs-commercial-landlord-vat-status-decision-framework,,1,https://www.propertytaxpartners.co.uk/sitemap.xml,landlord-tax-essentials,no,2026-09,yes,2026-05-23,2026-07-26,2026-05-23,2026-05-23 | Wave 5 A10: VAT-on-rental-income decision framework (bu,2026-05-26,6,1,2026-06-06,2026-06-07,3160,3160,no,0,0,yes,c218d7a69,6790,362,16,yes,2,3,5,false,4725,27,2026-05-27,2026-10-08,0
/blog/landlord-tax-essentials/vat-partial-exemption-landlords-mixed-residential-commercial-portfolios-standard-method,https://www.propertytaxpartners.co.uk/blog/landlord-tax-essentials/vat-partial-exemption-landlords-mixed-residential-commercial-portfolios-standard-method,CRAWLED_NOT_INDEXED,Crawled - currently not indexed,NEUTRAL,2026-07-05T09:28:25Z,MOBILE,SUCCESSFUL,https://www.propertytaxpartners.co.uk/blog/landlord-tax-essentials/vat-partial-exemption-landlords-mixed-residential-commercial-portfolios-standard-method,https://www.propertytaxpartners.co.uk/blog/landlord-tax-essentials/vat-partial-exemption-landlords-mixed-residential-commercial-portfolios-standard-method,,1,https://www.propertytaxpartners.co.uk/sitemap.xml,landlord-tax-essentials,no,2026-07,yes,2026-05-23,2026-07-26,2026-05-23,2026-05-23 | Wave 5 A3: VAT partial exemption for mixed-portfolio la,2026-05-26,4,0,,,2851,2843,no,8,0,yes,cdf893f2b,5874,0,0,no,7,3,6,false,35,0,2026-06-01,2026-07-08,0
/blog/landlord-tax-essentials/welsh-land-transaction-tax-ltt-rates-bands-2026-27-residential-buyers,https://www.propertytaxpartners.co.uk/blog/landlord-tax-essentials/welsh-land-transaction-tax-ltt-rates-bands-2026-27-residential-buyers,CRAWLED_NOT_INDEXED,Crawled - currently not indexed,NEUTRAL,2026-07-06T02:03:23Z,MOBILE,SUCCESSFUL,https://www.propertytaxpartners.co.uk/blog/landlord-tax-essentials/welsh-land-transaction-tax-ltt-rates-bands-2026-27-residential-buyers,https://www.propertytaxpartners.co.uk/blog/landlord-tax-essentials/welsh-land-transaction-tax-ltt-rates-bands-2026-27-residential-buyers,https://www.propertytaxpartners.co.uk/sitemap.xml,1,https://www.propertytaxpartners.co.uk/sitemap.xml,landlord-tax-essentials,no,2026-07,yes,'2026-05-23',2026-07-26,2026-05-23,2026-05-23 | Wave 5 B1: Welsh LTT 2026/27 rates and bands,2026-05-26,6,1,2026-06-06,2026-06-07,2687,2687,no,1,0,yes,cdf893f2b,6621,273,6,no,5,3,6,false,1478,0,2026-05-27,2026-07-09,0
/blog/landlord-tax-essentials/welsh-ltt-first-time-buyer-relief-mechanics-eligibility-comparison-england-scotland,https://www.propertytaxpartners.co.uk/blog/landlord-tax-essentials/welsh-ltt-first-time-buyer-relief-mechanics-eligibility-comparison-england-scotland,CRAWLED_NOT_INDEXED,Crawled - currently not indexed,NEUTRAL,2026-07-05T07:23:22Z,MOBILE,SUCCESSFUL,https://www.propertytaxpartners.co.uk/blog/landlord-tax-essentials/welsh-ltt-first-time-buyer-relief-mechanics-eligibility-comparison-england-scotland,https://www.propertytaxpartners.co.uk/blog/landlord-tax-essentials/welsh-ltt-first-time-buyer-relief-mechanics-eligibility-comparison-england-scotland,https://www.propertytaxpartners.co.uk/sitemap.xml,1,https://www.propertytaxpartners.co.uk/sitemap.xml,landlord-tax-essentials,no,2026-07,yes,2026-05-23,2026-06-23,2026-05-23,2026-05-23 | Wave 5 B4: Welsh LTT first-time buyers (no separate rel,2026-05-26,4,0,,,2976,2976,no,0,0,yes,cdf893f2b,6993,0,0,no,9,3,7,false,70,0,2026-05-29,2026-07-07,0
/blog/landlord-tax-essentials/welsh-ltt-higher-rates-residential-second-homes-additional-properties-surcharge-mechanics,https://www.propertytaxpartners.co.uk/blog/landlord-tax-essentials/welsh-ltt-higher-rates-residential-second-homes-additional-properties-surcharge-mechanics,CRAWLED_NOT_INDEXED,Crawled - currently not indexed,NEUTRAL,2026-05-27T06:33:20Z,MOBILE,SUCCESSFUL,https://www.propertytaxpartners.co.uk/blog/landlord-tax-essentials/welsh-ltt-higher-rates-residential-second-homes-additional-properties-surcharge-mechanics,https://www.propertytaxpartners.co.uk/blog/landlord-tax-essentials/welsh-ltt-higher-rates-residential-second-homes-additional-properties-surcharge-mechanics,,1,https://www.propertytaxpartners.co.uk/sitemap.xml,landlord-tax-essentials,no,2026-05,yes,2026-05-23,2026-07-26,2026-05-23,2026-05-23 | Wave 5 B2: Welsh LTT higher rates mechanics (early ship,2026-05-26,5,1,2026-06-06,2026-06-07,3210,3228,yes,22,1,no,2a63a1a84,7132,4,0,no,6,3,4,false,1654,2,2026-05-27,2026-08-08,0
/blog/landlord-tax-essentials/what-repairs-can-landlords-deduct-from-rental-income,https://www.propertytaxpartners.co.uk/blog/landlord-tax-essentials/what-repairs-can-landlords-deduct-from-rental-income,CRAWLED_NOT_INDEXED,Crawled - currently not indexed,NEUTRAL,2026-05-30T10:13:56Z,MOBILE,SUCCESSFUL,,,https://www.propertytaxpartners.co.uk/sitemap.xml,1,https://www.propertytaxpartners.co.uk/sitemap.xml,landlord-tax-essentials,no,2026-05,yes,2026-04-10,2026-10-09,2026-04-10,"2026-04-10 | Property site: add 148 blog posts, 2 new category hubs,",2026-04-10,8,3,2026-06-02,2026-06-02,3534,1137,yes,225,2,no,80d51206c,7103,579,76,yes,5,3,3,false,227,1,2026-06-01,2026-10-06,0
/blog/landlord-tax-essentials/worldwide-disclosure-facility-offshore-landlord-catch-up-fa-2017-ftc,https://www.propertytaxpartners.co.uk/blog/landlord-tax-essentials/worldwide-disclosure-facility-offshore-landlord-catch-up-fa-2017-ftc,INDEXED,Submitted and indexed,PASS,2026-09-26T23:25:20Z,MOBILE,SUCCESSFUL,https://www.propertytaxpartners.co.uk/blog/landlord-tax-essentials/worldwide-disclosure-facility-offshore-landlord-catch-up-fa-2017-ftc,https://www.propertytaxpartners.co.uk/blog/landlord-tax-essentials/worldwide-disclosure-facility-offshore-landlord-catch-up-fa-2017-ftc,https://www.propertytaxpartners.co.uk/sitemap.xml,1,https://www.propertytaxpartners.co.uk/sitemap.xml,landlord-tax-essentials,no,2026-09,yes,2026-05-24,,2026-05-24,2026-05-24 | Wave 7 B7: Worldwide Disclosure Facility + FtC overlay ,2026-05-26,1,0,,,2828,2828,no,0,0,yes,bf1f7836b,5249,0,0,no,3,3,5,false,213,2,2026-05-31,2026-10-02,0
/blog/making-tax-digital-mtd,https://www.propertytaxpartners.co.uk/blog/making-tax-digital-mtd,CRAWLED_NOT_INDEXED,Crawled - currently not indexed,NEUTRAL,2026-05-28T05:48:27Z,MOBILE,SUCCESSFUL,https://www.propertytaxpartners.co.uk/blog/making-tax-digital-mtd,https://www.propertytaxpartners.co.uk/blog/making-tax-digital-mtd,https://www.propertytaxpartners.co.uk/sitemap.xml,1,https://www.propertytaxpartners.co.uk/sitemap.xml,blog-cat,no,2026-05,no,,,,,,,,,,5779,,,,,,,5779,0,0,no,1,2,3,false,0,0,,,0
/blog/making-tax-digital-mtd/best-mtd-software-landlords-2026,https://www.propertytaxpartners.co.uk/blog/making-tax-digital-mtd/best-mtd-software-landlords-2026,CRAWLED_NOT_INDEXED,Crawled - currently not indexed,NEUTRAL,2026-08-10T09:49:25Z,MOBILE,SUCCESSFUL,https://www.propertytaxpartners.co.uk/blog/making-tax-digital-mtd/best-mtd-software-landlords-2026,https://www.propertytaxpartners.co.uk/blog/making-tax-digital-mtd/best-mtd-software-landlords-2026,https://www.propertytaxpartners.co.uk/sitemap.xml,1,https://www.propertytaxpartners.co.uk/sitemap.xml,making-tax-digital-mtd,no,2026-08,yes,2026-05-21,2026-10-09,2026-03-29,2026-03-29 | Launch Property Tax Partners with 17 blog articles and ,2026-03-29,15,4,2026-05-21,2026-05-23,1597,1593,no,1,0,yes,c218d7a69,4259,130,3,no,21,2,2,false,702,8,2026-04-22,2026-10-08,2
/blog/making-tax-digital-mtd/government-to-implement-mtd-for-it-with-lower-threshold,https://www.propertytaxpartners.co.uk/blog/making-tax-digital-mtd/government-to-implement-mtd-for-it-with-lower-threshold,CRAWLED_NOT_INDEXED,Crawled - currently not indexed,NEUTRAL,2026-05-29T00:04:02Z,MOBILE,SUCCESSFUL,https://www.propertytaxpartners.co.uk/blog/making-tax-digital-mtd/government-to-implement-mtd-for-it-with-lower-threshold,https://www.propertytaxpartners.co.uk/blog/making-tax-digital-mtd/government-to-implement-mtd-for-it-with-lower-threshold,https://www.propertytaxpartners.co.uk/sitemap.xml,2,https://www.propertytaxpartners.co.uk/feed.xml;https://www.propertytaxpartners.co.uk/sitemap.xml,making-tax-digital-mtd,no,2026-05,yes,2026-05-28,2026-07-26,2026-05-28,2026-05-28 | MW3 RUN A: government-to-implement-mtd-for-it-with-lowe,2026-05-28,8,1,2026-06-06,2026-06-07,3271,3307,yes,59,1,no,d504d3841,6788,0,0,no,1,2,6,false,55,0,2026-05-29,2026-08-16,0
/blog/making-tax-digital-mtd/heres-how-you-can-exit-mtd-if-your-income-falls,https://www.propertytaxpartners.co.uk/blog/making-tax-digital-mtd/heres-how-you-can-exit-mtd-if-your-income-falls,CRAWLED_NOT_INDEXED,Crawled - currently not indexed,NEUTRAL,2026-05-29T00:04:18Z,MOBILE,SUCCESSFUL,https://www.propertytaxpartners.co.uk/blog/making-tax-digital-mtd/heres-how-you-can-exit-mtd-if-your-income-falls,https://www.propertytaxpartners.co.uk/blog/making-tax-digital-mtd/heres-how-you-can-exit-mtd-if-your-income-falls,https://www.propertytaxpartners.co.uk/sitemap.xml,2,https://www.propertytaxpartners.co.uk/feed.xml;https://www.propertytaxpartners.co.uk/sitemap.xml,making-tax-digital-mtd,no,2026-05,yes,2026-05-28,2026-06-23,2026-05-28,2026-05-28 | MW3 RUN A: heres-how-you-can-exit-mtd-if-your-income-fa,2026-05-28,5,1,2026-05-28,2026-05-28,2748,2748,no,0,0,yes,d504d3841,5798,0,0,no,2,2,2,false,145,3,2026-05-30,2026-10-05,0
/blog/making-tax-digital-mtd/how-making-tax-digital-affects-limited-companies,https://www.propertytaxpartners.co.uk/blog/making-tax-digital-mtd/how-making-tax-digital-affects-limited-companies,CRAWLED_NOT_INDEXED,Crawled - currently not indexed,NEUTRAL,2026-07-05T07:52:16Z,MOBILE,SUCCESSFUL,https://www.propertytaxpartners.co.uk/blog/making-tax-digital-mtd/how-making-tax-digital-affects-limited-companies,https://www.propertytaxpartners.co.uk/blog/making-tax-digital-mtd/how-making-tax-digital-affects-limited-companies,https://www.propertytaxpartners.co.uk/sitemap.xml,1,https://www.propertytaxpartners.co.uk/sitemap.xml,making-tax-digital-mtd,no,2026-07,yes,2026-05-28,2026-06-23,2026-05-28,2026-05-28 | MW3 RUN A: how-making-tax-digital-affects-limited-compa,2026-05-28,6,0,,,2861,2861,no,0,0,yes,cdf893f2b,5782,0,0,no,2,3,5,false,11,0,2026-06-04,2026-07-06,0
/blog/making-tax-digital-mtd/how-to-register-mtd-landlord-step-by-step-guide,https://www.propertytaxpartners.co.uk/blog/making-tax-digital-mtd/how-to-register-mtd-landlord-step-by-step-guide,CRAWLED_NOT_INDEXED,Crawled - currently not indexed,NEUTRAL,2026-05-15T18:58:08Z,MOBILE,SUCCESSFUL,,,https://www.propertytaxpartners.co.uk/sitemap.xml,1,https://www.propertytaxpartners.co.uk/blog/making-tax-digital-mtd/mtd-record-keeping-landlords-digital-requirements,making-tax-digital-mtd,no,2026-05,yes,2026-04-10,2026-06-23,2026-04-10,"2026-04-10 | Property site: add 148 blog posts, 2 new category hubs,",2026-04-10,6,2,2026-05-31,2026-05-31,2230,1639,yes,180,1,no,80d51206c,5715,186,6,no,15,2,2,false,19,0,2026-05-28,2026-07-03,0
/blog/making-tax-digital-mtd/how-to-switch-self-assessment-mtd-property-income,https://www.propertytaxpartners.co.uk/blog/making-tax-digital-mtd/how-to-switch-self-assessment-mtd-property-income,CRAWLED_NOT_INDEXED,Crawled - currently not indexed,NEUTRAL,2026-05-29T10:32:21Z,MOBILE,SUCCESSFUL,,,https://www.propertytaxpartners.co.uk/sitemap.xml,2,https://www.propertytaxpartners.co.uk/feed.xml;https://www.propertytaxpartners.co.uk/sitemap.xml,making-tax-digital-mtd,no,2026-05,yes,2026-04-10,2026-06-23,2026-04-10,"2026-04-10 | Property site: add 148 blog posts, 2 new category hubs,",2026-04-10,8,2,2026-05-31,2026-05-31,2643,1387,yes,224,1,no,e4cecef7d,5697,0,0,no,4,3,3,false,10,0,2026-07-15,2026-09-13,0
/blog/making-tax-digital-mtd/landlord-accounting-software-uk-best-options-2026,https://www.propertytaxpartners.co.uk/blog/making-tax-digital-mtd/landlord-accounting-software-uk-best-options-2026,INDEXED,Submitted and indexed,PASS,2026-08-22T14:08:51Z,MOBILE,SUCCESSFUL,https://www.propertytaxpartners.co.uk/blog/making-tax-digital-mtd/landlord-accounting-software-uk-best-options-2026,https://www.propertytaxpartners.co.uk/blog/making-tax-digital-mtd/landlord-accounting-software-uk-best-options-2026,,3,https://www.propertytaxpartners.co.uk/feed.xml;https://www.propertytaxpartners.co.uk/blog/landlord-accounting-software-uk-2026;https://www.propertytaxpartners.co.uk/sitemap.xml,making-tax-digital-mtd,no,2026-08,yes,'2026-05-21',,2026-03-29,2026-03-29 | Generate 27 new Property blog posts,2026-03-29,19,6,2026-05-21,2026-05-23,1574,1574,no,0,0,yes,e4cecef7d,4403,32,1,no,5,3,4,false,1520,9,2026-05-03,2026-10-07,0
/blog/making-tax-digital-mtd/landlord-tax-return-deadline-2026,https://www.propertytaxpartners.co.uk/blog/making-tax-digital-mtd/landlord-tax-return-deadline-2026,UNKNOWN_TO_GOOGLE,URL is unknown to Google,NEUTRAL,,,PAGE_FETCH_STATE_UNSPECIFIED,,,,0,,making-tax-digital-mtd,no,,yes,2026-03-31,2026-06-23,2026-04-01,2026-04-01 | Add Phase 1 and Phase 2 content generation: 67 new blog,2026-03-31,14,2,2026-06-01,2026-06-02,1498,,,,,,,4021,0,0,no,3,3,4,false,51,0,2026-04-02,2026-05-26,0
/blog/making-tax-digital-mtd/making-tax-digital-landlords-april-2026-deadline,https://www.propertytaxpartners.co.uk/blog/making-tax-digital-mtd/making-tax-digital-landlords-april-2026-deadline,CRAWLED_NOT_INDEXED,Crawled - currently not indexed,NEUTRAL,2026-05-29T19:52:56Z,MOBILE,SUCCESSFUL,,,https://www.propertytaxpartners.co.uk/sitemap.xml,1,https://www.propertytaxpartners.co.uk/sitemap.xml,making-tax-digital-mtd,no,2026-05,yes,2026-03-29,2026-06-23,2026-03-29,2026-03-29 | Generate 27 new Property blog posts,2026-03-29,13,4,2026-05-31,2026-05-31,2417,1544,yes,231,1,no,e4cecef7d,5298,0,0,no,131,2,3,false,3,0,2026-05-30,2026-05-31,0
/blog/making-tax-digital-mtd/making-tax-digital-major-self-assessment-overhaul-ahead,https://www.propertytaxpartners.co.uk/blog/making-tax-digital-mtd/making-tax-digital-major-self-assessment-overhaul-ahead,CRAWLED_NOT_INDEXED,Crawled - currently not indexed,NEUTRAL,2026-05-29T00:01:59Z,MOBILE,SUCCESSFUL,https://www.propertytaxpartners.co.uk/blog/making-tax-digital-mtd/making-tax-digital-major-self-assessment-overhaul-ahead,https://www.propertytaxpartners.co.uk/blog/making-tax-digital-mtd/making-tax-digital-major-self-assessment-overhaul-ahead,,2,https://www.propertytaxpartners.co.uk/feed.xml;https://www.propertytaxpartners.co.uk/sitemap.xml,making-tax-digital-mtd,no,2026-05,yes,2026-05-28,2026-06-23,2026-05-28,2026-05-28 | MW3 RUN A: making-tax-digital-major-self-assessment-ove,2026-05-28,5,0,,,4502,4502,no,0,0,yes,d504d3841,8534,0,0,no,0,3,,true,57,0,2026-05-29,2026-08-27,0
/blog/making-tax-digital-mtd/making-tax-digital-property-income-2026-complete-guide,https://www.propertytaxpartners.co.uk/blog/making-tax-digital-mtd/making-tax-digital-property-income-2026-complete-guide,INDEXED,Submitted and indexed,PASS,2026-09-28T18:14:35Z,MOBILE,SUCCESSFUL,https://www.propertytaxpartners.co.uk/blog/making-tax-digital-mtd/making-tax-digital-property-income-2026-complete-guide,https://www.propertytaxpartners.co.uk/blog/making-tax-digital-mtd/making-tax-digital-property-income-2026-complete-guide,https://www.propertytaxpartners.co.uk/sitemap.xml,2,https://www.propertytaxpartners.co.uk/blog/making-tax-digital-mtd/mtd-record-keeping-landlords-digital-requirements;https://www.propertytaxpartners.co.uk/sitemap.xml,making-tax-digital-mtd,no,2026-09,yes,2026-04-10,2026-10-09,2026-04-10,"2026-04-10 | Property site: add 148 blog posts, 2 new category hubs,",2026-04-10,9,2,2026-05-31,2026-05-31,2673,2670,no,1,0,yes,b226ff381,5594,345,47,yes,28,1,1,false,507,3,2026-04-11,2026-10-06,0
/blog/making-tax-digital-mtd/mtd-itsa-accidental-landlords-do-i-need-to-file-digitally,https://www.propertytaxpartners.co.uk/blog/making-tax-digital-mtd/mtd-itsa-accidental-landlords-do-i-need-to-file-digitally,CRAWLED_NOT_INDEXED,Crawled - currently not indexed,NEUTRAL,2026-05-24T03:04:41Z,MOBILE,SUCCESSFUL,https://www.propertytaxpartners.co.uk/blog/making-tax-digital-mtd/mtd-itsa-accidental-landlords-do-i-need-to-file-digitally,https://www.propertytaxpartners.co.uk/blog/making-tax-digital-mtd/mtd-itsa-accidental-landlords-do-i-need-to-file-digitally,https://www.propertytaxpartners.co.uk/sitemap.xml,1,https://www.propertytaxpartners.co.uk/sitemap.xml,making-tax-digital-mtd,no,2026-05,yes,2026-05-22,2026-06-23,2026-05-22,2026-05-22 | Wave 3 B2: MTD ITSA accidental-landlord persona page,2026-05-23,4,0,,,2671,2671,no,1,0,yes,ed595dbf8,5611,0,0,no,3,3,3,false,23,1,2026-05-24,2026-08-09,0
/blog/making-tax-digital-mtd/mtd-itsa-agent-services-account-asa-authorisation-walkthrough,https://www.propertytaxpartners.co.uk/blog/making-tax-digital-mtd/mtd-itsa-agent-services-account-asa-authorisation-walkthrough,CRAWLED_NOT_INDEXED,Crawled - currently not indexed,NEUTRAL,2026-07-09T12:54:51Z,MOBILE,SUCCESSFUL,https://www.propertytaxpartners.co.uk/blog/making-tax-digital-mtd/mtd-itsa-agent-services-account-asa-authorisation-walkthrough,https://www.propertytaxpartners.co.uk/blog/making-tax-digital-mtd/mtd-itsa-agent-services-account-asa-authorisation-walkthrough,,2,https://www.propertytaxpartners.co.uk/feed.xml;https://www.propertytaxpartners.co.uk/sitemap.xml,making-tax-digital-mtd,no,2026-07,yes,2026-05-23,2026-06-23,2026-05-23,2026-05-23 | Wave 4 (MTD ITSA): write B3 mtd-itsa-agent-services-acc,2026-05-26,3,0,,,2554,2554,no,0,0,yes,cdf893f2b,5824,87,0,no,6,2,2,false,146,1,2026-05-27,2026-09-22,0
/blog/making-tax-digital-mtd/mtd-itsa-choosing-software-by-landlord-scenario-decision-tree,https://www.propertytaxpartners.co.uk/blog/making-tax-digital-mtd/mtd-itsa-choosing-software-by-landlord-scenario-decision-tree,CRAWLED_NOT_INDEXED,Crawled - currently not indexed,NEUTRAL,2026-07-05T09:51:59Z,MOBILE,SUCCESSFUL,https://www.propertytaxpartners.co.uk/blog/making-tax-digital-mtd/mtd-itsa-choosing-software-by-landlord-scenario-decision-tree,https://www.propertytaxpartners.co.uk/blog/making-tax-digital-mtd/mtd-itsa-choosing-software-by-landlord-scenario-decision-tree,https://www.propertytaxpartners.co.uk/sitemap.xml,1,https://www.propertytaxpartners.co.uk/sitemap.xml,making-tax-digital-mtd,no,2026-07,yes,2026-05-23,2026-06-23,2026-05-23,2026-05-23 | Wave 4 (MTD ITSA): write B2 mtd-itsa-choosing-software-,2026-05-26,4,0,,,2621,2626,no,1,0,yes,cdf893f2b,5892,0,0,no,5,3,3,false,14,0,2026-05-27,2026-07-01,0
/blog/making-tax-digital-mtd/mtd-itsa-comparison-current-self-assessment-vs-mtd-cycle,https://www.propertytaxpartners.co.uk/blog/making-tax-digital-mtd/mtd-itsa-comparison-current-self-assessment-vs-mtd-cycle,CRAWLED_NOT_INDEXED,Crawled - currently not indexed,NEUTRAL,2026-07-01T00:29:59Z,MOBILE,SUCCESSFUL,https://www.propertytaxpartners.co.uk/blog/making-tax-digital-mtd/mtd-itsa-comparison-current-self-assessment-vs-mtd-cycle,https://www.propertytaxpartners.co.uk/blog/making-tax-digital-mtd/mtd-itsa-comparison-current-self-assessment-vs-mtd-cycle,https://www.propertytaxpartners.co.uk/sitemap.xml,2,https://www.propertytaxpartners.co.uk/feed.xml;https://www.propertytaxpartners.co.uk/sitemap.xml,making-tax-digital-mtd,no,2026-07,yes,2026-05-23,2026-06-23,2026-05-22,2026-05-22 | Wave 3 B7: SA-cycle vs MTD-cycle side-by-side compariso,2026-05-23,6,0,,,2473,2473,no,0,0,yes,cdf893f2b,6151,0,0,no,6,2,2,false,19,0,2026-05-29,2026-07-03,0
/blog/making-tax-digital-mtd/mtd-itsa-digital-records-receipts-bank-feeds-what-counts-evidence,https://www.propertytaxpartners.co.uk/blog/making-tax-digital-mtd/mtd-itsa-digital-records-receipts-bank-feeds-what-counts-evidence,CRAWLED_NOT_INDEXED,Crawled - currently not indexed,NEUTRAL,2026-07-23T22:59:02Z,MOBILE,SUCCESSFUL,https://www.propertytaxpartners.co.uk/blog/making-tax-digital-mtd/mtd-itsa-digital-records-receipts-bank-feeds-what-counts-evidence,https://www.propertytaxpartners.co.uk/blog/making-tax-digital-mtd/mtd-itsa-digital-records-receipts-bank-feeds-what-counts-evidence,https://www.propertytaxpartners.co.uk/sitemap.xml,1,https://www.propertytaxpartners.co.uk/sitemap.xml,making-tax-digital-mtd,no,2026-07,yes,2026-05-23,2026-06-23,2026-05-23,2026-05-23 | Wave 4 (MTD ITSA): write B10 mtd-itsa-digital-records-r,2026-05-26,5,1,2026-05-24,2026-05-26,2061,2108,no,4,0,yes,a9ae467a9,5441,0,0,no,4,2,3,false,45,0,2026-05-27,2026-09-29,0
/blog/making-tax-digital-mtd/mtd-itsa-exit-rule-income-drops-three-year-test,https://www.propertytaxpartners.co.uk/blog/making-tax-digital-mtd/mtd-itsa-exit-rule-income-drops-three-year-test,CRAWLED_NOT_INDEXED,Crawled - currently not indexed,NEUTRAL,2026-07-08T09:51:22Z,MOBILE,SUCCESSFUL,https://www.propertytaxpartners.co.uk/blog/making-tax-digital-mtd/mtd-itsa-exit-rule-income-drops-three-year-test,https://www.propertytaxpartners.co.uk/blog/making-tax-digital-mtd/mtd-itsa-exit-rule-income-drops-three-year-test,https://www.propertytaxpartners.co.uk/sitemap.xml,2,https://www.propertytaxpartners.co.uk/feed.xml;https://www.propertytaxpartners.co.uk/sitemap.xml,making-tax-digital-mtd,no,2026-07,yes,2026-05-22,2026-07-26,2026-05-22,2026-05-22 | Wave 3 B4: MTD ITSA exit rule (3-year low-income test),2026-05-23,6,0,,,2246,2246,no,0,0,yes,cdf893f2b,5908,0,0,no,5,3,3,false,44,0,2026-05-25,2026-09-23,0
/blog/making-tax-digital-mtd/mtd-itsa-foreign-property-income-quarterly-reporting-rules,https://www.propertytaxpartners.co.uk/blog/making-tax-digital-mtd/mtd-itsa-foreign-property-income-quarterly-reporting-rules,INDEXED,Submitted and indexed,PASS,2026-09-11T12:27:22Z,MOBILE,SUCCESSFUL,https://www.propertytaxpartners.co.uk/blog/making-tax-digital-mtd/mtd-itsa-foreign-property-income-quarterly-reporting-rules,https://www.propertytaxpartners.co.uk/blog/making-tax-digital-mtd/mtd-itsa-foreign-property-income-quarterly-reporting-rules,,2,https://www.propertytaxpartners.co.uk/feed.xml;https://www.propertytaxpartners.co.uk/sitemap.xml,making-tax-digital-mtd,no,2026-09,yes,2026-05-23,2026-07-26,2026-05-23,2026-05-23 | Wave 4 (MTD ITSA): write B4 mtd-itsa-foreign-property-i,2026-05-26,5,1,2026-06-07,2026-06-07,2330,2330,no,0,0,yes,c218d7a69,5987,200,36,yes,2,3,3,false,407,8,2026-05-27,2026-10-08,0
/blog/making-tax-digital-mtd/mtd-itsa-joint-property-owners-quarterly-filing-mechanics-each-spouse,https://www.propertytaxpartners.co.uk/blog/making-tax-digital-mtd/mtd-itsa-joint-property-owners-quarterly-filing-mechanics-each-spouse,CRAWLED_NOT_INDEXED,Crawled - currently not indexed,NEUTRAL,2026-07-04T03:03:32Z,MOBILE,SUCCESSFUL,https://www.propertytaxpartners.co.uk/blog/making-tax-digital-mtd/mtd-itsa-joint-property-owners-quarterly-filing-mechanics-each-spouse,https://www.propertytaxpartners.co.uk/blog/making-tax-digital-mtd/mtd-itsa-joint-property-owners-quarterly-filing-mechanics-each-spouse,https://www.propertytaxpartners.co.uk/sitemap.xml,2,https://www.propertytaxpartners.co.uk/feed.xml;https://www.propertytaxpartners.co.uk/sitemap.xml,making-tax-digital-mtd,no,2026-07,yes,2026-05-23,2026-06-23,2026-05-23,2026-05-23 | Wave 4 (MTD ITSA): write B1 mtd-itsa-joint-property-own,2026-05-26,4,0,,,3397,3402,no,1,0,yes,cdf893f2b,7197,0,0,no,14,2,2,false,7,0,2026-05-27,2026-06-30,0
/blog/making-tax-digital-mtd/mtd-itsa-jointly-owned-property-threshold-split,https://www.propertytaxpartners.co.uk/blog/making-tax-digital-mtd/mtd-itsa-jointly-owned-property-threshold-split,INDEXED,Submitted and indexed,PASS,2026-07-05T04:16:40Z,MOBILE,SUCCESSFUL,https://www.propertytaxpartners.co.uk/blog/making-tax-digital-mtd/mtd-itsa-jointly-owned-property-threshold-split,https://www.propertytaxpartners.co.uk/blog/making-tax-digital-mtd/mtd-itsa-jointly-owned-property-threshold-split,https://www.propertytaxpartners.co.uk/sitemap.xml,1,https://www.propertytaxpartners.co.uk/sitemap.xml,making-tax-digital-mtd,no,2026-07,yes,2026-05-22,2026-07-26,2026-05-22,2026-05-22 | Wave 3 B3: MTD ITSA jointly-owned property threshold-sp,2026-05-23,4,0,,,2553,2553,no,1,0,yes,cdf893f2b,5697,0,0,no,11,2,2,false,95,0,2026-05-27,2026-10-07,0
/blog/making-tax-digital-mtd/mtd-itsa-late-submission-points-late-payment-15-30-31-worked,https://www.propertytaxpartners.co.uk/blog/making-tax-digital-mtd/mtd-itsa-late-submission-points-late-payment-15-30-31-worked,CRAWLED_NOT_INDEXED,Crawled - currently not indexed,NEUTRAL,2026-05-27T08:27:37Z,MOBILE,SUCCESSFUL,https://www.propertytaxpartners.co.uk/blog/making-tax-digital-mtd/mtd-itsa-late-submission-points-late-payment-15-30-31-worked,https://www.propertytaxpartners.co.uk/blog/making-tax-digital-mtd/mtd-itsa-late-submission-points-late-payment-15-30-31-worked,https://www.propertytaxpartners.co.uk/sitemap.xml,1,https://www.propertytaxpartners.co.uk/sitemap.xml,making-tax-digital-mtd,no,2026-05,yes,2026-05-23,2026-06-23,2026-05-23,2026-05-23 | Wave 4 (MTD ITSA): write B5 mtd-itsa-late-submission-po,2026-05-26,3,0,,,2517,2517,no,0,0,yes,70cbd0eef,6190,0,0,no,7,2,3,false,57,0,2026-05-28,2026-09-30,0
/blog/making-tax-digital-mtd/mtd-itsa-letter-from-hmrc-what-to-do-next,https://www.propertytaxpartners.co.uk/blog/making-tax-digital-mtd/mtd-itsa-letter-from-hmrc-what-to-do-next,CRAWLED_NOT_INDEXED,Crawled - currently not indexed,NEUTRAL,2026-05-27T01:29:04Z,MOBILE,SUCCESSFUL,,,https://www.propertytaxpartners.co.uk/sitemap.xml,2,https://www.propertytaxpartners.co.uk/feed.xml;https://www.propertytaxpartners.co.uk/sitemap.xml,making-tax-digital-mtd,no,2026-05,yes,2026-05-22,2026-06-23,2026-05-22,2026-05-22 | Wave 3 B6: HMRC pre-mandate MTD ITSA letter action page,2026-05-23,5,0,,,1971,1973,no,3,0,yes,9bba70270,5813,0,0,no,8,2,2,false,49,0,2026-05-28,2026-07-24,0
/blog/making-tax-digital-mtd/mtd-itsa-letting-agent-managed-portfolio-who-files-quarterly,https://www.propertytaxpartners.co.uk/blog/making-tax-digital-mtd/mtd-itsa-letting-agent-managed-portfolio-who-files-quarterly,CRAWLED_NOT_INDEXED,Crawled - currently not indexed,NEUTRAL,2026-05-26T22:21:26Z,MOBILE,SUCCESSFUL,https://www.propertytaxpartners.co.uk/blog/making-tax-digital-mtd/mtd-itsa-letting-agent-managed-portfolio-who-files-quarterly,https://www.propertytaxpartners.co.uk/blog/making-tax-digital-mtd/mtd-itsa-letting-agent-managed-portfolio-who-files-quarterly,https://www.propertytaxpartners.co.uk/sitemap.xml,2,https://www.propertytaxpartners.co.uk/feed.xml;https://www.propertytaxpartners.co.uk/sitemap.xml,making-tax-digital-mtd,no,2026-05,yes,2026-05-23,2026-08-21,2026-05-23,2026-05-23 | Wave 4 (MTD ITSA): write B6 mtd-itsa-letting-agent-mana,2026-05-26,4,3,2026-08-21,2026-08-21,2107,2551,yes,146,2,no,195e895eb,4258,0,0,no,3,2,2,false,35,0,2026-05-28,2026-07-22,0
/blog/making-tax-digital-mtd/mtd-itsa-major-tax-reform-context-policy-history,https://www.propertytaxpartners.co.uk/blog/making-tax-digital-mtd/mtd-itsa-major-tax-reform-context-policy-history,CRAWLED_NOT_INDEXED,Crawled - currently not indexed,NEUTRAL,2026-05-24T03:38:42Z,MOBILE,SUCCESSFUL,https://www.propertytaxpartners.co.uk/blog/making-tax-digital-mtd/mtd-itsa-major-tax-reform-context-policy-history,https://www.propertytaxpartners.co.uk/blog/making-tax-digital-mtd/mtd-itsa-major-tax-reform-context-policy-history,https://www.propertytaxpartners.co.uk/sitemap.xml,1,https://www.propertytaxpartners.co.uk/sitemap.xml,making-tax-digital-mtd,no,2026-05,yes,2026-05-23,2026-06-23,2026-05-23,2026-05-23 | Wave 3 B10: MTD ITSA policy history 2015-2028 + redirec,2026-05-23,5,1,2026-06-06,2026-06-07,2617,2508,yes,26,1,no,54acb4ba6,6781,0,0,no,0,3,,true,63,1,2026-05-24,2026-09-09,0
/blog/making-tax-digital-mtd/mtd-itsa-overview-six-changes-residential-landlords,https://www.propertytaxpartners.co.uk/blog/making-tax-digital-mtd/mtd-itsa-overview-six-changes-residential-landlords,CRAWLED_NOT_INDEXED,Crawled - currently not indexed,NEUTRAL,2026-05-23T15:21:07Z,MOBILE,SUCCESSFUL,https://www.propertytaxpartners.co.uk/blog/making-tax-digital-mtd/mtd-itsa-overview-six-changes-residential-landlords,https://www.propertytaxpartners.co.uk/blog/making-tax-digital-mtd/mtd-itsa-overview-six-changes-residential-landlords,https://www.propertytaxpartners.co.uk/sitemap.xml,1,https://www.propertytaxpartners.co.uk/sitemap.xml,making-tax-digital-mtd,no,2026-05,yes,2026-05-22,2026-06-23,2026-05-22,2026-05-22 | Wave 3 B8: MTD ITSA bucket pillar (six headline changes,2026-05-23,5,1,2026-06-07,2026-06-07,2166,2233,yes,34,1,no,053af20b6,4921,0,0,no,21,2,2,false,31,1,2026-05-23,2026-06-10,0
/blog/making-tax-digital-mtd/mtd-itsa-pension-funds-sipp-ssas-holding-rental-property-treatment,https://www.propertytaxpartners.co.uk/blog/making-tax-digital-mtd/mtd-itsa-pension-funds-sipp-ssas-holding-rental-property-treatment,CRAWLED_NOT_INDEXED,Crawled - currently not indexed,NEUTRAL,2026-07-07T03:02:18Z,MOBILE,SUCCESSFUL,https://www.propertytaxpartners.co.uk/blog/making-tax-digital-mtd/mtd-itsa-pension-funds-sipp-ssas-holding-rental-property-treatment,https://www.propertytaxpartners.co.uk/blog/making-tax-digital-mtd/mtd-itsa-pension-funds-sipp-ssas-holding-rental-property-treatment,https://www.propertytaxpartners.co.uk/sitemap.xml,1,https://www.propertytaxpartners.co.uk/sitemap.xml,making-tax-digital-mtd,no,2026-07,yes,2026-05-23,2026-05-24,2026-05-23,2026-05-23 | Wave 4 (MTD ITSA): write B7 mtd-itsa-pension-funds-sipp,2026-05-26,5,1,2026-05-24,2026-05-26,2187,2216,no,4,0,yes,195e895eb,5894,0,0,no,1,3,5,false,26,1,2026-06-03,2026-07-09,0
/blog/making-tax-digital-mtd/mtd-itsa-pilot-trial-volunteer-2025-26-experience,https://www.propertytaxpartners.co.uk/blog/making-tax-digital-mtd/mtd-itsa-pilot-trial-volunteer-2025-26-experience,CRAWLED_NOT_INDEXED,Crawled - currently not indexed,NEUTRAL,2026-07-01T03:45:00Z,MOBILE,SUCCESSFUL,https://www.propertytaxpartners.co.uk/blog/making-tax-digital-mtd/mtd-itsa-pilot-trial-volunteer-2025-26-experience,https://www.propertytaxpartners.co.uk/blog/making-tax-digital-mtd/mtd-itsa-pilot-trial-volunteer-2025-26-experience,,1,https://www.propertytaxpartners.co.uk/sitemap.xml,making-tax-digital-mtd,no,2026-07,yes,2026-05-23,2026-06-23,2026-05-22,2026-05-22 | Wave 3 B9: MTD ITSA voluntary pilot 2025/26 opt-in page,2026-05-23,6,0,,,2345,2349,no,1,0,yes,cdf893f2b,6505,0,0,no,0,3,,true,4,0,2026-06-09,2026-06-22,0
/blog/making-tax-digital-mtd/mtd-itsa-qualifying-income-test-gross-vs-net,https://www.propertytaxpartners.co.uk/blog/making-tax-digital-mtd/mtd-itsa-qualifying-income-test-gross-vs-net,CRAWLED_NOT_INDEXED,Crawled - currently not indexed,NEUTRAL,2026-05-27T08:30:16Z,MOBILE,SUCCESSFUL,https://www.propertytaxpartners.co.uk/blog/making-tax-digital-mtd/mtd-itsa-qualifying-income-test-gross-vs-net,https://www.propertytaxpartners.co.uk/blog/making-tax-digital-mtd/mtd-itsa-qualifying-income-test-gross-vs-net,https://www.propertytaxpartners.co.uk/sitemap.xml,1,https://www.propertytaxpartners.co.uk/sitemap.xml,making-tax-digital-mtd,no,2026-05,yes,2026-05-22,2026-07-26,2026-05-22,2026-05-22 | Wave 3 B1: MTD ITSA qualifying-income gross-vs-net page,2026-05-23,4,0,,,3233,3233,no,2,0,yes,70a303e16,5977,0,0,no,39,2,2,false,114,0,2026-05-28,2026-08-25,0
/blog/making-tax-digital-mtd/mtd-itsa-spreadsheets-with-bridging-software-allowed-mechanics,https://www.propertytaxpartners.co.uk/blog/making-tax-digital-mtd/mtd-itsa-spreadsheets-with-bridging-software-allowed-mechanics,CRAWLED_NOT_INDEXED,Crawled - currently not indexed,NEUTRAL,2026-07-25T06:40:24Z,MOBILE,SUCCESSFUL,https://www.propertytaxpartners.co.uk/blog/making-tax-digital-mtd/mtd-itsa-spreadsheets-with-bridging-software-allowed-mechanics,https://www.propertytaxpartners.co.uk/blog/making-tax-digital-mtd/mtd-itsa-spreadsheets-with-bridging-software-allowed-mechanics,https://www.propertytaxpartners.co.uk/sitemap.xml,1,https://www.propertytaxpartners.co.uk/sitemap.xml,making-tax-digital-mtd,no,2026-07,yes,2026-05-23,2026-05-24,2026-05-23,2026-05-23 | Wave 4 (MTD ITSA): write B8 mtd-itsa-spreadsheets-with-,2026-05-26,5,1,2026-05-24,2026-05-26,2138,2173,no,6,0,yes,195e895eb,5416,0,0,no,6,2,2,false,62,1,2026-06-09,2026-10-01,0
/blog/making-tax-digital-mtd/mtd-itsa-stopping-letting-mid-year-cessation-quarterly-mechanics,https://www.propertytaxpartners.co.uk/blog/making-tax-digital-mtd/mtd-itsa-stopping-letting-mid-year-cessation-quarterly-mechanics,CRAWLED_NOT_INDEXED,Crawled - currently not indexed,NEUTRAL,2026-07-24T08:34:41Z,MOBILE,SUCCESSFUL,https://www.propertytaxpartners.co.uk/blog/making-tax-digital-mtd/mtd-itsa-stopping-letting-mid-year-cessation-quarterly-mechanics,https://www.propertytaxpartners.co.uk/blog/making-tax-digital-mtd/mtd-itsa-stopping-letting-mid-year-cessation-quarterly-mechanics,https://www.propertytaxpartners.co.uk/sitemap.xml,1,https://www.propertytaxpartners.co.uk/sitemap.xml,making-tax-digital-mtd,no,2026-07,yes,2026-05-23,2026-05-24,2026-05-23,2026-05-23 | Wave 4 (MTD ITSA): write B9 mtd-itsa-stopping-letting-m,2026-05-26,4,1,2026-05-24,2026-05-26,2299,2327,no,3,0,yes,195e895eb,5968,3,0,no,2,2,2,false,48,1,2026-05-28,2026-09-27,0
/blog/making-tax-digital-mtd/mtd-itsa-vs-limited-company-cohort-different-rules,https://www.propertytaxpartners.co.uk/blog/making-tax-digital-mtd/mtd-itsa-vs-limited-company-cohort-different-rules,CRAWLED_NOT_INDEXED,Crawled - currently not indexed,NEUTRAL,2026-07-07T02:26:28Z,MOBILE,SUCCESSFUL,https://www.propertytaxpartners.co.uk/blog/making-tax-digital-mtd/mtd-itsa-vs-limited-company-cohort-different-rules,https://www.propertytaxpartners.co.uk/blog/making-tax-digital-mtd/mtd-itsa-vs-limited-company-cohort-different-rules,https://www.propertytaxpartners.co.uk/sitemap.xml,1,https://www.propertytaxpartners.co.uk/sitemap.xml,making-tax-digital-mtd,no,2026-07,yes,2026-05-22,2026-07-26,2026-05-22,2026-05-22 | Wave 3 B5: MTD ITSA vs Ltd Co cohort comparison,2026-05-23,5,0,,,1991,1991,no,0,0,yes,cdf893f2b,5833,1,0,no,7,3,3,false,5,0,2026-05-30,2026-06-10,0
/blog/making-tax-digital-mtd/mtd-made-simple-for-landlords-with-jointly-owned-properties,https://www.propertytaxpartners.co.uk/blog/making-tax-digital-mtd/mtd-made-simple-for-landlords-with-jointly-owned-properties,CRAWLED_NOT_INDEXED,Crawled - currently not indexed,NEUTRAL,2026-07-05T07:13:51Z,MOBILE,SUCCESSFUL,https://www.propertytaxpartners.co.uk/blog/making-tax-digital-mtd/mtd-made-simple-for-landlords-with-jointly-owned-properties,https://www.propertytaxpartners.co.uk/blog/making-tax-digital-mtd/mtd-made-simple-for-landlords-with-jointly-owned-properties,https://www.propertytaxpartners.co.uk/sitemap.xml,2,https://www.propertytaxpartners.co.uk/feed.xml;https://www.propertytaxpartners.co.uk/sitemap.xml,making-tax-digital-mtd,no,2026-07,yes,2026-05-28,2026-06-23,2026-05-28,2026-05-28 | MW3 RUN A: mtd-made-simple-for-landlords-with-jointly-o,2026-05-28,4,0,,,4335,4335,no,0,0,yes,cdf893f2b,8014,0,0,no,0,3,,true,7,0,2026-06-28,2026-07-06,0
/blog/making-tax-digital-mtd/mtd-penalties-exemptions-and-what-to-watch,https://www.propertytaxpartners.co.uk/blog/making-tax-digital-mtd/mtd-penalties-exemptions-and-what-to-watch,CRAWLED_NOT_INDEXED,Crawled - currently not indexed,NEUTRAL,2026-07-09T15:16:11Z,MOBILE,SUCCESSFUL,https://www.propertytaxpartners.co.uk/blog/making-tax-digital-mtd/mtd-penalties-exemptions-and-what-to-watch,https://www.propertytaxpartners.co.uk/blog/making-tax-digital-mtd/mtd-penalties-exemptions-and-what-to-watch,,1,https://www.propertytaxpartners.co.uk/sitemap.xml,making-tax-digital-mtd,no,2026-07,yes,2026-05-28,2026-06-23,2026-05-28,2026-05-28 | MW3 RUN A: mtd-penalties-exemptions-and-what-to-watch (,2026-05-28,5,0,,,4712,4698,no,5,0,yes,cdf893f2b,8487,0,0,no,6,2,2,false,9,0,2026-06-13,2026-07-02,0
/blog/making-tax-digital-mtd/mtd-penalties-landlords-miss-deadline,https://www.propertytaxpartners.co.uk/blog/making-tax-digital-mtd/mtd-penalties-landlords-miss-deadline,CRAWLED_NOT_INDEXED,Crawled - currently not indexed,NEUTRAL,2026-05-29T04:40:34Z,MOBILE,SUCCESSFUL,,,https://www.propertytaxpartners.co.uk/sitemap.xml,0,,making-tax-digital-mtd,no,2026-05,yes,2026-04-10,2026-10-09,2026-04-10,"2026-04-10 | Property site: add 148 blog posts, 2 new category hubs,",2026-04-10,11,4,2026-05-31,2026-05-31,2114,1239,yes,173,3,no,2b1832175,5322,0,0,no,4,2,2,false,21,0,2026-06-15,2026-09-15,0
/blog/making-tax-digital-mtd/mtd-quarterly-deadlines-2026-2027-landlords,https://www.propertytaxpartners.co.uk/blog/making-tax-digital-mtd/mtd-quarterly-deadlines-2026-2027-landlords,INDEXED,Submitted and indexed,PASS,2026-07-13T18:39:25Z,MOBILE,SUCCESSFUL,https://www.propertytaxpartners.co.uk/blog/making-tax-digital-mtd/mtd-quarterly-deadlines-2026-2027-landlords,https://www.propertytaxpartners.co.uk/blog/making-tax-digital-mtd/mtd-quarterly-deadlines-2026-2027-landlords,https://www.propertytaxpartners.co.uk/sitemap.xml,0,,making-tax-digital-mtd,no,2026-07,yes,2026-05-21,2026-05-30,2026-04-10,"2026-04-10 | Property site: add 148 blog posts, 2 new category hubs,",2026-04-10,6,2,2026-05-21,2026-05-23,1843,1843,no,0,0,yes,aa1348902,5270,0,0,no,20,2,2,false,61,1,2026-05-15,2026-10-06,0
/blog/making-tax-digital-mtd/mtd-quarterly-reporting-landlords-step-by-step-guide,https://www.propertytaxpartners.co.uk/blog/making-tax-digital-mtd/mtd-quarterly-reporting-landlords-step-by-step-guide,INDEXED,Submitted and indexed,PASS,2026-09-11T13:08:53Z,MOBILE,SUCCESSFUL,https://www.propertytaxpartners.co.uk/blog/making-tax-digital-mtd/mtd-quarterly-reporting-landlords-step-by-step-guide,https://www.propertytaxpartners.co.uk/blog/making-tax-digital-mtd/mtd-quarterly-reporting-landlords-step-by-step-guide,https://www.propertytaxpartners.co.uk/sitemap.xml,1,https://www.propertytaxpartners.co.uk/feed.xml,making-tax-digital-mtd,no,2026-09,yes,2026-04-10,2026-10-09,2026-04-10,"2026-04-10 | Property site: add 148 blog posts, 2 new category hubs,",2026-04-10,12,4,2026-05-31,2026-05-31,2146,2142,no,1,0,yes,cdf893f2b,5002,422,55,yes,5,2,2,false,64,2,2026-05-29,2026-10-07,2
/blog/making-tax-digital-mtd/mtd-record-keeping-landlords-digital-requirements,https://www.propertytaxpartners.co.uk/blog/making-tax-digital-mtd/mtd-record-keeping-landlords-digital-requirements,INDEXED,Submitted and indexed,PASS,2026-10-06T10:53:22Z,MOBILE,SUCCESSFUL,https://www.propertytaxpartners.co.uk/blog/making-tax-digital-mtd/mtd-record-keeping-landlords-digital-requirements,https://www.propertytaxpartners.co.uk/blog/making-tax-digital-mtd/mtd-record-keeping-landlords-digital-requirements,,1,https://www.propertytaxpartners.co.uk/sitemap.xml,making-tax-digital-mtd,no,2026-10,yes,2026-04-10,2026-05-31,2026-04-10,"2026-04-10 | Property site: add 148 blog posts, 2 new category hubs,",2026-04-10,6,2,2026-05-31,2026-05-31,2945,2945,no,0,0,yes,581faa64c,6321,51,5,no,8,3,3,false,17,0,2026-06-05,2026-10-07,1
/blog/making-tax-digital-mtd/mtd-rental-income-threshold-exemptions,https://www.propertytaxpartners.co.uk/blog/making-tax-digital-mtd/mtd-rental-income-threshold-exemptions,INDEXED,Submitted and indexed,PASS,2026-08-14T01:20:25Z,MOBILE,SUCCESSFUL,https://www.propertytaxpartners.co.uk/blog/making-tax-digital-mtd/mtd-rental-income-threshold-exemptions,https://www.propertytaxpartners.co.uk/blog/making-tax-digital-mtd/mtd-rental-income-threshold-exemptions,https://www.propertytaxpartners.co.uk/sitemap.xml,1,https://www.propertytaxpartners.co.uk/sitemap.xml,making-tax-digital-mtd,no,2026-08,yes,2026-05-21,2026-05-23,2026-03-29,2026-03-29 | Launch Property Tax Partners with 17 blog articles and ,2026-03-29,12,4,2026-05-21,2026-05-23,1611,1611,no,0,0,yes,2b1832175,4674,1192,82,yes,16,2,2,false,1066,6,2026-04-02,2026-10-08,0
/blog/making-tax-digital-mtd/mtd-software-landlords-free-vs-paid-options-compared,https://www.propertytaxpartners.co.uk/blog/making-tax-digital-mtd/mtd-software-landlords-free-vs-paid-options-compared,INDEXED,Submitted and indexed,PASS,2026-10-09T04:21:16Z,MOBILE,SUCCESSFUL,https://www.propertytaxpartners.co.uk/blog/making-tax-digital-mtd/mtd-software-landlords-free-vs-paid-options-compared,https://www.propertytaxpartners.co.uk/blog/making-tax-digital-mtd/mtd-software-landlords-free-vs-paid-options-compared,https://www.propertytaxpartners.co.uk/sitemap.xml,1,https://www.propertytaxpartners.co.uk/sitemap.xml,making-tax-digital-mtd,no,2026-10,yes,2026-05-31,2026-06-23,2026-04-10,"2026-04-10 | Property site: add 148 blog posts, 2 new category hubs,",2026-04-10,7,2,2026-05-31,2026-05-31,2658,2658,no,0,0,yes,b226ff381,6211,0,0,no,9,2,2,false,1089,3,2026-05-16,2026-10-08,0
/blog/making-tax-digital-mtd/property-accounting-software-uk-2026,https://www.propertytaxpartners.co.uk/blog/making-tax-digital-mtd/property-accounting-software-uk-2026,CRAWLED_NOT_INDEXED,Crawled - currently not indexed,NEUTRAL,2026-06-17T19:35:59Z,MOBILE,SUCCESSFUL,https://www.propertytaxpartners.co.uk/blog/making-tax-digital-mtd/property-accounting-software-uk-2026,https://www.propertytaxpartners.co.uk/blog/making-tax-digital-mtd/property-accounting-software-uk-2026,https://www.propertytaxpartners.co.uk/sitemap.xml,1,https://www.propertytaxpartners.co.uk/sitemap.xml,making-tax-digital-mtd,no,2026-06,yes,2026-05-18,2026-06-23,2026-05-18,"2026-05-18 | Property: 7 new posts targeting GSC keyword gaps (1,025",2026-05-18,5,1,2026-05-31,2026-05-31,2208,2208,no,0,0,yes,5f2969f16,5510,0,0,no,0,3,,true,66,0,2026-05-21,2026-08-06,0
/blog/making-tax-digital-mtd/what-is-qualifying-income-for-mtd,https://www.propertytaxpartners.co.uk/blog/making-tax-digital-mtd/what-is-qualifying-income-for-mtd,CRAWLED_NOT_INDEXED,Crawled - currently not indexed,NEUTRAL,2026-07-05T07:58:53Z,MOBILE,SUCCESSFUL,https://www.propertytaxpartners.co.uk/blog/making-tax-digital-mtd/what-is-qualifying-income-for-mtd,https://www.propertytaxpartners.co.uk/blog/making-tax-digital-mtd/what-is-qualifying-income-for-mtd,https://www.propertytaxpartners.co.uk/sitemap.xml,1,https://www.propertytaxpartners.co.uk/sitemap.xml,making-tax-digital-mtd,no,2026-07,yes,2026-05-28,2026-06-23,2026-05-28,2026-05-28 | MW3 RUN A: what-is-qualifying-income-for-mtd (M3-A-B3 6,2026-05-28,5,1,2026-05-28,2026-05-28,4342,4342,no,0,0,yes,cdf893f2b,8012,4,0,no,2,2,3,false,9,0,2026-06-02,2026-07-03,0
/blog/non-resident-landlord-tax,https://www.propertytaxpartners.co.uk/blog/non-resident-landlord-tax,CRAWLED_NOT_INDEXED,Crawled - currently not indexed,NEUTRAL,2026-05-15T10:46:35Z,MOBILE,SUCCESSFUL,https://www.propertytaxpartners.co.uk/blog/non-resident-landlord-tax,https://www.propertytaxpartners.co.uk/blog/non-resident-landlord-tax,,0,,blog-cat,no,2026-05,no,,,,,,,,,,8393,,,,,,,8393,0,0,no,2,2,3,false,134,0,2026-05-16,2026-09-06,0
/blog/non-resident-landlord-tax/are-you-leaving-the-uk-permanently,https://www.propertytaxpartners.co.uk/blog/non-resident-landlord-tax/are-you-leaving-the-uk-permanently,CRAWLED_NOT_INDEXED,Crawled - currently not indexed,NEUTRAL,2026-05-29T00:01:17Z,MOBILE,SUCCESSFUL,https://www.propertytaxpartners.co.uk/blog/non-resident-landlord-tax/are-you-leaving-the-uk-permanently,https://www.propertytaxpartners.co.uk/blog/non-resident-landlord-tax/are-you-leaving-the-uk-permanently,https://www.propertytaxpartners.co.uk/sitemap.xml,1,https://www.propertytaxpartners.co.uk/sitemap.xml,non-resident-landlord-tax,no,2026-05,yes,2026-05-28,2026-06-23,2026-05-28,2026-05-28 | MW3 RUN B6: are-you-leaving-the-uk-permanently (M3-B-B1,2026-05-28,4,0,,,2828,2828,no,0,0,yes,18072e1cd,6922,0,0,no,4,2,4,false,18,0,2026-06-07,2026-08-19,0
/blog/non-resident-landlord-tax/arriving-in-the-uk,https://www.propertytaxpartners.co.uk/blog/non-resident-landlord-tax/arriving-in-the-uk,INDEXED,Submitted and indexed,PASS,2026-10-03T08:23:11Z,MOBILE,SUCCESSFUL,https://www.propertytaxpartners.co.uk/blog/non-resident-landlord-tax/arriving-in-the-uk,https://www.propertytaxpartners.co.uk/blog/non-resident-landlord-tax/arriving-in-the-uk,https://www.propertytaxpartners.co.uk/sitemap.xml,1,https://www.propertytaxpartners.co.uk/sitemap.xml,non-resident-landlord-tax,no,2026-10,yes,2026-05-28,2026-06-23,2026-05-28,2026-05-28 | MegaWave 3 RUN B: arriving-in-the-uk (M3-B-B2),2026-05-28,5,0,,,6086,6086,no,0,0,yes,b226ff381,10356,0,0,no,3,3,4,false,137,4,2026-06-07,2026-10-08,0
/blog/non-resident-landlord-tax/automatic-exchange-of-information,https://www.propertytaxpartners.co.uk/blog/non-resident-landlord-tax/automatic-exchange-of-information,INDEXED,Submitted and indexed,PASS,2026-09-08T12:56:04Z,MOBILE,SUCCESSFUL,https://www.propertytaxpartners.co.uk/blog/non-resident-landlord-tax/automatic-exchange-of-information,https://www.propertytaxpartners.co.uk/blog/non-resident-landlord-tax/automatic-exchange-of-information,https://www.propertytaxpartners.co.uk/sitemap.xml,1,https://www.propertytaxpartners.co.uk/sitemap.xml,non-resident-landlord-tax,no,2026-09,yes,2026-05-28,2026-07-26,2026-05-28,2026-05-28 | MegaWave 3 RUN B: automatic-exchange-of-information (M3,2026-05-28,5,0,,,4538,4538,no,0,0,yes,c218d7a69,8507,0,0,no,3,3,4,false,715,1,2026-05-30,2026-10-07,0
/blog/non-resident-landlord-tax/cgt-rebasing-election-fa-2025-schedule-11-narrow-eligibility-non-doms,https://www.propertytaxpartners.co.uk/blog/non-resident-landlord-tax/cgt-rebasing-election-fa-2025-schedule-11-narrow-eligibility-non-doms,CRAWLED_NOT_INDEXED,Crawled - currently not indexed,NEUTRAL,2026-05-27T06:33:12Z,MOBILE,SUCCESSFUL,https://www.propertytaxpartners.co.uk/blog/non-resident-landlord-tax/cgt-rebasing-election-fa-2025-schedule-11-narrow-eligibility-non-doms,https://www.propertytaxpartners.co.uk/blog/non-resident-landlord-tax/cgt-rebasing-election-fa-2025-schedule-11-narrow-eligibility-non-doms,,1,https://www.propertytaxpartners.co.uk/sitemap.xml,non-resident-landlord-tax,no,2026-05,yes,2026-05-25,2026-07-26,2026-05-25,2026-05-25 | Wave 8 A6: CGT rebasing FA 2025 Sch 11 (5 conditions + ,2026-05-26,5,1,2026-06-07,2026-06-07,2872,2898,yes,48,1,no,91211dfa9,7137,0,0,no,2,3,5,false,99,0,2026-05-28,2026-08-20,0
/blog/non-resident-landlord-tax/changes-nrl-companies,https://www.propertytaxpartners.co.uk/blog/non-resident-landlord-tax/changes-nrl-companies,CRAWLED_NOT_INDEXED,Crawled - currently not indexed,NEUTRAL,2026-07-05T06:43:19Z,MOBILE,SUCCESSFUL,https://www.propertytaxpartners.co.uk/blog/non-resident-landlord-tax/changes-nrl-companies,https://www.propertytaxpartners.co.uk/blog/non-resident-landlord-tax/changes-nrl-companies,,1,https://www.propertytaxpartners.co.uk/sitemap.xml,non-resident-landlord-tax,no,2026-07,yes,2026-05-28,2026-06-23,2026-05-28,2026-05-28 | MegaWave 3 RUN B: changes-nrl-companies (M3-B-B3),2026-05-28,4,0,,,3278,3278,no,0,0,yes,cdf893f2b,6639,5,0,no,4,2,3,false,17,0,2026-05-31,2026-07-03,0
/blog/non-resident-landlord-tax/consequences-for-roe-non-compliance,https://www.propertytaxpartners.co.uk/blog/non-resident-landlord-tax/consequences-for-roe-non-compliance,CRAWLED_NOT_INDEXED,Crawled - currently not indexed,NEUTRAL,2026-07-05T06:50:25Z,MOBILE,SUCCESSFUL,https://www.propertytaxpartners.co.uk/blog/non-resident-landlord-tax/consequences-for-roe-non-compliance,https://www.propertytaxpartners.co.uk/blog/non-resident-landlord-tax/consequences-for-roe-non-compliance,https://www.propertytaxpartners.co.uk/sitemap.xml,1,https://www.propertytaxpartners.co.uk/sitemap.xml,non-resident-landlord-tax,no,2026-07,yes,2026-05-27,2026-07-28,2026-05-27,2026-05-27 | MW2 RUN B-B3: consequences-for-roe-non-compliance page ,2026-05-28,5,0,,,3530,3530,no,1,0,yes,cdf893f2b,7847,0,0,no,3,3,7,false,1,0,2026-06-03,2026-06-03,0
/blog/non-resident-landlord-tax/do-i-have-to-pay-uk-tax,https://www.propertytaxpartners.co.uk/blog/non-resident-landlord-tax/do-i-have-to-pay-uk-tax,CRAWLED_NOT_INDEXED,Crawled - currently not indexed,NEUTRAL,2026-07-16T09:03:22Z,MOBILE,SUCCESSFUL,https://www.propertytaxpartners.co.uk/blog/non-resident-landlord-tax/do-i-have-to-pay-uk-tax,https://www.propertytaxpartners.co.uk/blog/non-resident-landlord-tax/do-i-have-to-pay-uk-tax,https://www.propertytaxpartners.co.uk/sitemap.xml,1,https://www.propertytaxpartners.co.uk/sitemap.xml,non-resident-landlord-tax,no,2026-07,yes,2026-05-28,2026-06-23,2026-05-28,2026-05-28 | MegaWave 3 RUN B: do-i-have-to-pay-uk-tax (M3-B-B4),2026-05-28,4,0,,,5449,5449,no,0,0,yes,cdf893f2b,9871,0,0,no,2,3,4,false,35,0,2026-06-01,2026-09-06,0
/blog/non-resident-landlord-tax/dont-pay-twice-an-introduction-to-tax-treaties,https://www.propertytaxpartners.co.uk/blog/non-resident-landlord-tax/dont-pay-twice-an-introduction-to-tax-treaties,CRAWLED_NOT_INDEXED,Crawled - currently not indexed,NEUTRAL,2026-07-05T07:14:55Z,MOBILE,SUCCESSFUL,https://www.propertytaxpartners.co.uk/blog/non-resident-landlord-tax/dont-pay-twice-an-introduction-to-tax-treaties,https://www.propertytaxpartners.co.uk/blog/non-resident-landlord-tax/dont-pay-twice-an-introduction-to-tax-treaties,https://www.propertytaxpartners.co.uk/sitemap.xml,1,https://www.propertytaxpartners.co.uk/sitemap.xml,non-resident-landlord-tax,no,2026-07,yes,2026-05-28,2026-06-23,2026-05-28,2026-05-28 | MegaWave 3 RUN B: dont-pay-twice-an-introduction-to-tax,2026-05-28,4,0,,,5780,5780,no,0,0,yes,cdf893f2b,9938,0,0,no,3,2,3,false,29,0,2026-06-01,2026-07-06,0
/blog/non-resident-landlord-tax/double-taxation-agreement-uk-and-isle-of-man,https://www.propertytaxpartners.co.uk/blog/non-resident-landlord-tax/double-taxation-agreement-uk-and-isle-of-man,INDEXED,Submitted and indexed,PASS,2026-08-29T07:43:16Z,MOBILE,SUCCESSFUL,https://www.propertytaxpartners.co.uk/blog/non-resident-landlord-tax/double-taxation-agreement-uk-and-isle-of-man,https://www.propertytaxpartners.co.uk/blog/non-resident-landlord-tax/double-taxation-agreement-uk-and-isle-of-man,https://www.propertytaxpartners.co.uk/sitemap.xml,1,https://www.propertytaxpartners.co.uk/sitemap.xml,non-resident-landlord-tax,no,2026-08,yes,2026-05-28,2026-06-23,2026-05-28,2026-05-28 | MW3 RUN B1: double-taxation-agreement-uk-and-isle-of-ma,2026-05-28,6,1,2026-06-06,2026-06-07,3159,3159,no,0,0,yes,cdf893f2b,7263,2,0,no,2,3,4,false,1416,37,2026-05-30,2026-10-08,0
/blog/non-resident-landlord-tax/double-taxation-convention-dta-uk-and-spain,https://www.propertytaxpartners.co.uk/blog/non-resident-landlord-tax/double-taxation-convention-dta-uk-and-spain,CRAWLED_NOT_INDEXED,Crawled - currently not indexed,NEUTRAL,2026-07-05T01:13:55Z,MOBILE,SUCCESSFUL,https://www.propertytaxpartners.co.uk/blog/non-resident-landlord-tax/double-taxation-convention-dta-uk-and-spain,https://www.propertytaxpartners.co.uk/blog/non-resident-landlord-tax/double-taxation-convention-dta-uk-and-spain,https://www.propertytaxpartners.co.uk/sitemap.xml,1,https://www.propertytaxpartners.co.uk/sitemap.xml,non-resident-landlord-tax,no,2026-07,yes,2026-05-28,2026-07-26,2026-05-28,2026-05-28 | MW3 RUN B2: double-taxation-convention-dta-uk-and-spain,2026-05-28,5,0,,,3547,3547,no,0,0,yes,cdf893f2b,7487,0,0,no,3,3,4,false,77,0,2026-05-31,2026-07-07,0
/blog/non-resident-landlord-tax/double-taxation-convention-uk-and-india,https://www.propertytaxpartners.co.uk/blog/non-resident-landlord-tax/double-taxation-convention-uk-and-india,CRAWLED_NOT_INDEXED,Crawled - currently not indexed,NEUTRAL,2026-07-05T01:12:07Z,MOBILE,SUCCESSFUL,https://www.propertytaxpartners.co.uk/blog/non-resident-landlord-tax/double-taxation-convention-uk-and-india,https://www.propertytaxpartners.co.uk/blog/non-resident-landlord-tax/double-taxation-convention-uk-and-india,https://www.propertytaxpartners.co.uk/sitemap.xml,1,https://www.propertytaxpartners.co.uk/sitemap.xml,non-resident-landlord-tax,no,2026-07,yes,2026-05-28,2026-06-23,2026-05-28,2026-05-28 | MW3 RUN B3: double-taxation-convention-uk-and-india (M3,2026-05-28,4,0,,,2908,2908,no,0,0,yes,cdf893f2b,7010,0,0,no,3,3,4,false,26,0,2026-06-02,2026-07-06,0
/blog/non-resident-landlord-tax/dta-tie-breaker-test-dual-residence-property-owners,https://www.propertytaxpartners.co.uk/blog/non-resident-landlord-tax/dta-tie-breaker-test-dual-residence-property-owners,INDEXED,Submitted and indexed,PASS,2026-08-18T13:53:00Z,MOBILE,SUCCESSFUL,https://www.propertytaxpartners.co.uk/blog/non-resident-landlord-tax/dta-tie-breaker-test-dual-residence-property-owners,https://www.propertytaxpartners.co.uk/blog/non-resident-landlord-tax/dta-tie-breaker-test-dual-residence-property-owners,https://www.propertytaxpartners.co.uk/sitemap.xml,1,https://www.propertytaxpartners.co.uk/sitemap.xml,non-resident-landlord-tax,no,2026-08,yes,2026-05-22,2026-06-23,2026-05-22,2026-05-22 | Wave 2 (DTAs): write dta-tie-breaker-test-dual-residenc,2026-05-23,5,2,2026-06-06,2026-06-07,4452,4452,no,0,0,yes,cdf893f2b,7894,0,0,no,3,2,3,false,1962,25,2026-05-27,2026-10-08,0
/blog/non-resident-landlord-tax/fig-election-mechanics-per-year-claim-personal-allowance-cgt-aea-cost,https://www.propertytaxpartners.co.uk/blog/non-resident-landlord-tax/fig-election-mechanics-per-year-claim-personal-allowance-cgt-aea-cost,CRAWLED_NOT_INDEXED,Crawled - currently not indexed,NEUTRAL,2026-05-27T06:11:16Z,MOBILE,SUCCESSFUL,https://www.propertytaxpartners.co.uk/blog/non-resident-landlord-tax/fig-election-mechanics-per-year-claim-personal-allowance-cgt-aea-cost,https://www.propertytaxpartners.co.uk/blog/non-resident-landlord-tax/fig-election-mechanics-per-year-claim-personal-allowance-cgt-aea-cost,https://www.propertytaxpartners.co.uk/sitemap.xml,1,https://www.propertytaxpartners.co.uk/sitemap.xml,non-resident-landlord-tax,no,2026-05,yes,2026-05-25,2026-06-23,2026-05-25,2026-05-25 | Wave 8 A2: FIG election mechanics (s.845A per-year clai,2026-05-26,5,0,,,2933,2945,no,3,0,yes,1df9cb3af,7226,0,0,no,3,3,6,false,37,0,2026-05-29,2026-08-28,0
/blog/non-resident-landlord-tax/fig-regime-qualifying-new-resident-10-year-non-residence-test-landlords,https://www.propertytaxpartners.co.uk/blog/non-resident-landlord-tax/fig-regime-qualifying-new-resident-10-year-non-residence-test-landlords,CRAWLED_NOT_INDEXED,Crawled - currently not indexed,NEUTRAL,2026-05-27T06:33:16Z,MOBILE,SUCCESSFUL,https://www.propertytaxpartners.co.uk/blog/non-resident-landlord-tax/fig-regime-qualifying-new-resident-10-year-non-residence-test-landlords,https://www.propertytaxpartners.co.uk/blog/non-resident-landlord-tax/fig-regime-qualifying-new-resident-10-year-non-residence-test-landlords,https://www.propertytaxpartners.co.uk/sitemap.xml,2,https://www.propertytaxpartners.co.uk/blog/non-resident-landlord-tax/non-dom-reform-april-2025-fig-regime-property-investors;https://www.propertytaxpartners.co.uk/sitemap.xml,non-resident-landlord-tax,no,2026-05,yes,2026-05-25,2026-07-26,2026-05-25,2026-05-25 | Wave 8 A1: FIG regime eligibility pillar (ITTOIA 2005 s,2026-05-26,5,0,,,2899,2910,no,3,0,yes,ffd6c625f,7258,0,0,no,6,3,6,false,50,0,2026-05-27,2026-08-28,0
/blog/non-resident-landlord-tax/fig-year-5-cliff-post-fig-arising-basis-planning-non-doms-landlords,https://www.propertytaxpartners.co.uk/blog/non-resident-landlord-tax/fig-year-5-cliff-post-fig-arising-basis-planning-non-doms-landlords,CRAWLED_NOT_INDEXED,Crawled - currently not indexed,NEUTRAL,2026-07-03T09:51:31Z,MOBILE,SUCCESSFUL,https://www.propertytaxpartners.co.uk/blog/non-resident-landlord-tax/fig-year-5-cliff-post-fig-arising-basis-planning-non-doms-landlords,https://www.propertytaxpartners.co.uk/blog/non-resident-landlord-tax/fig-year-5-cliff-post-fig-arising-basis-planning-non-doms-landlords,https://www.propertytaxpartners.co.uk/sitemap.xml,1,https://www.propertytaxpartners.co.uk/sitemap.xml,non-resident-landlord-tax,no,2026-07,yes,2026-05-25,2026-07-20,2026-05-25,2026-05-25 | Wave 8 A3: FIG year-5 cliff and pre-cliff planning play,2026-05-26,4,0,,,3022,3022,no,1,0,yes,cdf893f2b,8217,0,0,no,3,3,5,false,26,0,2026-05-28,2026-07-01,0
/blog/non-resident-landlord-tax/foreign-tax-credit-uk-property-overseas-landlords,https://www.propertytaxpartners.co.uk/blog/non-resident-landlord-tax/foreign-tax-credit-uk-property-overseas-landlords,CRAWLED_NOT_INDEXED,Crawled - currently not indexed,NEUTRAL,2026-05-23T09:22:47Z,MOBILE,SUCCESSFUL,https://www.propertytaxpartners.co.uk/blog/non-resident-landlord-tax/foreign-tax-credit-uk-property-overseas-landlords,https://www.propertytaxpartners.co.uk/blog/non-resident-landlord-tax/foreign-tax-credit-uk-property-overseas-landlords,https://www.propertytaxpartners.co.uk/sitemap.xml,1,https://www.propertytaxpartners.co.uk/sitemap.xml,non-resident-landlord-tax,no,2026-05,yes,2026-05-22,2026-06-23,2026-05-22,2026-05-22 | Wave 2 (DTAs): write foreign-tax-credit-uk-property-ove,2026-05-23,5,2,2026-06-07,2026-06-07,4185,4007,yes,306,2,no,3a5cd6423,8324,0,0,no,4,3,4,false,312,0,2026-05-23,2026-08-09,0
/blog/non-resident-landlord-tax/iht-non-resident-uk-property-april-2025-residence-test,https://www.propertytaxpartners.co.uk/blog/non-resident-landlord-tax/iht-non-resident-uk-property-april-2025-residence-test,CRAWLED_NOT_INDEXED,Crawled - currently not indexed,NEUTRAL,2026-05-23T11:19:31Z,MOBILE,SUCCESSFUL,https://www.propertytaxpartners.co.uk/blog/non-resident-landlord-tax/iht-non-resident-uk-property-april-2025-residence-test,https://www.propertytaxpartners.co.uk/blog/non-resident-landlord-tax/iht-non-resident-uk-property-april-2025-residence-test,https://www.propertytaxpartners.co.uk/sitemap.xml,1,https://www.propertytaxpartners.co.uk/sitemap.xml,non-resident-landlord-tax,no,2026-05,yes,2026-05-22,2026-07-09,2026-05-22,2026-05-22 | Wave 2 (IHT): write iht-non-resident-uk-property-april-,2026-05-23,6,0,,,4048,4027,no,3,0,yes,8272c33c0,8277,10,1,no,11,3,4,false,13,0,2026-05-25,2026-06-26,0
/blog/non-resident-landlord-tax/leaving-uk-landlord-12-month-pre-departure-checklist,https://www.propertytaxpartners.co.uk/blog/non-resident-landlord-tax/leaving-uk-landlord-12-month-pre-departure-checklist,CRAWLED_NOT_INDEXED,Crawled - currently not indexed,NEUTRAL,2026-07-01T08:41:12Z,MOBILE,SUCCESSFUL,https://www.propertytaxpartners.co.uk/blog/non-resident-landlord-tax/leaving-uk-landlord-12-month-pre-departure-checklist,https://www.propertytaxpartners.co.uk/blog/non-resident-landlord-tax/leaving-uk-landlord-12-month-pre-departure-checklist,https://www.propertytaxpartners.co.uk/sitemap.xml,1,https://www.propertytaxpartners.co.uk/sitemap.xml,non-resident-landlord-tax,no,2026-07,yes,2026-05-22,2026-08-21,2026-05-22,2026-05-22 | Wave 2 (Expat C1): write leaving-uk-landlord-12-month-p,2026-05-23,7,0,,,3698,3697,no,1,0,yes,cdf893f2b,7728,0,0,no,13,2,3,false,17,0,2026-05-29,2026-07-01,0
/blog/non-resident-landlord-tax/moving-to-australia-uk-rental-property-tax-pathway,https://www.propertytaxpartners.co.uk/blog/non-resident-landlord-tax/moving-to-australia-uk-rental-property-tax-pathway,INDEXED,Submitted and indexed,PASS,2026-10-08T19:26:28Z,MOBILE,SUCCESSFUL,https://www.propertytaxpartners.co.uk/blog/non-resident-landlord-tax/moving-to-australia-uk-rental-property-tax-pathway,https://www.propertytaxpartners.co.uk/blog/non-resident-landlord-tax/moving-to-australia-uk-rental-property-tax-pathway,https://www.propertytaxpartners.co.uk/sitemap.xml,1,https://www.propertytaxpartners.co.uk/sitemap.xml,non-resident-landlord-tax,no,2026-10,yes,2026-05-22,2026-06-23,2026-05-22,2026-05-22 | Wave 2 (Expat C7): write moving-to-australia-uk-rental-,2026-05-23,3,0,,,3889,3889,no,0,0,yes,b226ff381,7503,0,0,no,2,2,3,false,1908,33,2026-05-26,2026-10-08,1
/blog/non-resident-landlord-tax/moving-to-dubai-uk-rental-property-tax-pathway,https://www.propertytaxpartners.co.uk/blog/non-resident-landlord-tax/moving-to-dubai-uk-rental-property-tax-pathway,INDEXED,Submitted and indexed,PASS,2026-10-07T06:01:20Z,MOBILE,SUCCESSFUL,https://www.propertytaxpartners.co.uk/blog/non-resident-landlord-tax/moving-to-dubai-uk-rental-property-tax-pathway,https://www.propertytaxpartners.co.uk/blog/non-resident-landlord-tax/moving-to-dubai-uk-rental-property-tax-pathway,https://www.propertytaxpartners.co.uk/sitemap.xml,1,https://www.propertytaxpartners.co.uk/sitemap.xml,non-resident-landlord-tax,no,2026-10,yes,2026-05-22,2026-06-23,2026-05-22,2026-05-22 | Wave 2 (Expat C6): write moving-to-dubai-uk-rental-prop,2026-05-23,4,0,,,2628,2628,no,0,0,yes,b226ff381,5860,0,0,no,3,2,3,false,39,1,2026-05-25,2026-10-08,0
/blog/non-resident-landlord-tax/non-dom-reform-april-2025-fig-regime-property-investors,https://www.propertytaxpartners.co.uk/blog/non-resident-landlord-tax/non-dom-reform-april-2025-fig-regime-property-investors,CRAWLED_NOT_INDEXED,Crawled - currently not indexed,NEUTRAL,2026-07-08T09:52:34Z,MOBILE,SUCCESSFUL,https://www.propertytaxpartners.co.uk/blog/non-resident-landlord-tax/non-dom-reform-april-2025-fig-regime-property-investors,https://www.propertytaxpartners.co.uk/blog/non-resident-landlord-tax/non-dom-reform-april-2025-fig-regime-property-investors,,2,https://www.propertytaxpartners.co.uk/feed.xml;https://www.propertytaxpartners.co.uk/sitemap.xml,non-resident-landlord-tax,no,2026-07,yes,2026-05-22,2026-07-26,2026-05-22,2026-05-22 | Wave 2 (Expat C8): write non-dom-reform-april-2025-fig-,2026-05-23,5,0,,,3192,3192,no,0,0,yes,cdf893f2b,6735,0,0,no,5,3,5,false,59,1,2026-05-25,2026-09-16,0
/blog/non-resident-landlord-tax/non-resident-cgt-selling-uk-property-overseas-guide,https://www.propertytaxpartners.co.uk/blog/non-resident-landlord-tax/non-resident-cgt-selling-uk-property-overseas-guide,CRAWLED_NOT_INDEXED,Crawled - currently not indexed,NEUTRAL,2026-07-03T13:28:15Z,MOBILE,SUCCESSFUL,https://www.propertytaxpartners.co.uk/blog/non-resident-landlord-tax/non-resident-cgt-selling-uk-property-overseas-guide,https://www.propertytaxpartners.co.uk/blog/non-resident-landlord-tax/non-resident-cgt-selling-uk-property-overseas-guide,https://www.propertytaxpartners.co.uk/sitemap.xml,2,https://www.propertytaxpartners.co.uk/feed.xml;https://29kadvisers.co.uk/insights/direct-ownership-private-syndicate-or-real-estate-funds-a-practical-guide-for-serious-investors/,non-resident-landlord-tax,no,2026-07,yes,2026-04-10,2026-06-23,2026-04-10,"2026-04-10 | Property site: add 148 blog posts, 2 new category hubs,",2026-04-10,9,4,2026-06-02,2026-06-02,2383,2383,no,0,0,yes,cdf893f2b,6500,727,19,yes,4,2,3,false,14,0,2026-06-08,2026-07-06,1
/blog/non-resident-landlord-tax/non-resident-cgt-uk-property-rates-reporting,https://www.propertytaxpartners.co.uk/blog/non-resident-landlord-tax/non-resident-cgt-uk-property-rates-reporting,CRAWLED_NOT_INDEXED,Crawled - currently not indexed,NEUTRAL,2026-07-05T06:51:57Z,MOBILE,SUCCESSFUL,https://www.propertytaxpartners.co.uk/blog/non-resident-landlord-tax/non-resident-cgt-uk-property-rates-reporting,https://www.propertytaxpartners.co.uk/blog/non-resident-landlord-tax/non-resident-cgt-uk-property-rates-reporting,https://www.propertytaxpartners.co.uk/sitemap.xml,0,,non-resident-landlord-tax,no,2026-07,yes,2026-04-10,2026-06-23,2026-04-10,"2026-04-10 | Property site: add 148 blog posts, 2 new category hubs,",2026-04-10,7,3,2026-05-29,2026-05-29,3989,3989,no,0,0,yes,cdf893f2b,8661,427,15,yes,34,2,3,false,77,0,2026-05-31,2026-07-08,0
/blog/non-resident-landlord-tax/non-resident-landlord-scheme-uk-complete-guide,https://www.propertytaxpartners.co.uk/blog/non-resident-landlord-tax/non-resident-landlord-scheme-uk-complete-guide,INDEXED,Submitted and indexed,PASS,2026-10-09T15:43:00Z,MOBILE,SUCCESSFUL,https://www.propertytaxpartners.co.uk/blog/non-resident-landlord-tax/non-resident-landlord-scheme-uk-complete-guide,https://www.propertytaxpartners.co.uk/blog/non-resident-landlord-tax/non-resident-landlord-scheme-uk-complete-guide,https://www.propertytaxpartners.co.uk/sitemap.xml,0,,non-resident-landlord-tax,no,2026-10,yes,2026-04-10,2026-09-02,2026-04-10,"2026-04-10 | Property site: add 148 blog posts, 2 new category hubs,",2026-04-10,11,5,2026-09-02,2026-09-02,4176,4176,no,0,0,yes,b226ff381,9648,2981,47,yes,38,1,3,false,6090,50,2026-05-16,2026-10-08,1
/blog/non-resident-landlord-tax/non-resident-landlord-self-assessment-filing-requirements,https://www.propertytaxpartners.co.uk/blog/non-resident-landlord-tax/non-resident-landlord-self-assessment-filing-requirements,INDEXED,Submitted and indexed,PASS,2026-10-10T03:03:07Z,MOBILE,SUCCESSFUL,https://www.propertytaxpartners.co.uk/blog/non-resident-landlord-tax/non-resident-landlord-self-assessment-filing-requirements,https://www.propertytaxpartners.co.uk/blog/non-resident-landlord-tax/non-resident-landlord-self-assessment-filing-requirements,https://www.propertytaxpartners.co.uk/sitemap.xml,0,,non-resident-landlord-tax,no,2026-10,yes,2026-05-21,2026-08-15,2026-04-10,"2026-04-10 | Property site: add 148 blog posts, 2 new category hubs,",2026-04-10,9,2,2026-05-21,2026-05-23,2118,2118,no,0,0,yes,b226ff381,5513,736,17,yes,14,2,3,false,2482,53,2026-05-15,2026-10-08,0
/blog/non-resident-landlord-tax/non-resident-landlords-uk-inheritance-tax-exposure,https://www.propertytaxpartners.co.uk/blog/non-resident-landlord-tax/non-resident-landlords-uk-inheritance-tax-exposure,INDEXED,Submitted and indexed,PASS,2026-07-24T12:25:06Z,MOBILE,SUCCESSFUL,https://www.propertytaxpartners.co.uk/blog/non-resident-landlord-tax/non-resident-landlords-uk-inheritance-tax-exposure,https://www.propertytaxpartners.co.uk/blog/non-resident-landlord-tax/non-resident-landlords-uk-inheritance-tax-exposure,https://www.propertytaxpartners.co.uk/sitemap.xml,0,,non-resident-landlord-tax,no,2026-07,yes,2026-07-09,2026-10-09,2026-07-09,2026-07-09 | Wave 10 A3: non-resident-landlords-uk-inheritance-tax-e,2026-07-09,8,0,,,3221,3219,no,2,0,yes,214ebddfc,6497,0,0,no,2,2,3,false,224,4,2026-07-25,2026-10-08,0
/blog/non-resident-landlord-tax/nrcgt-indirect-disposal-property-rich-companies-shares,https://www.propertytaxpartners.co.uk/blog/non-resident-landlord-tax/nrcgt-indirect-disposal-property-rich-companies-shares,CRAWLED_NOT_INDEXED,Crawled - currently not indexed,NEUTRAL,2026-05-24T16:05:22Z,MOBILE,SUCCESSFUL,https://www.propertytaxpartners.co.uk/blog/non-resident-landlord-tax/nrcgt-indirect-disposal-property-rich-companies-shares,https://www.propertytaxpartners.co.uk/blog/non-resident-landlord-tax/nrcgt-indirect-disposal-property-rich-companies-shares,https://www.propertytaxpartners.co.uk/sitemap.xml,1,https://www.propertytaxpartners.co.uk/sitemap.xml,non-resident-landlord-tax,no,2026-05,yes,2026-05-22,2026-07-26,2026-05-22,2026-05-22 | Wave 2 (Expat C10): write nrcgt-indirect-disposal-prope,2026-05-23,4,0,,,3214,3214,no,0,0,yes,2ea8f73c1,6850,61,1,no,4,3,4,false,185,2,2026-05-25,2026-07-06,0
/blog/non-resident-landlord-tax/nrl-approval-receive-rent-gross-hmrc-guide,https://www.propertytaxpartners.co.uk/blog/non-resident-landlord-tax/nrl-approval-receive-rent-gross-hmrc-guide,CRAWLED_NOT_INDEXED,Crawled - currently not indexed,NEUTRAL,2026-09-23T18:20:59Z,MOBILE,SUCCESSFUL,https://www.propertytaxpartners.co.uk/blog/non-resident-landlord-tax/nrl-approval-receive-rent-gross-hmrc-guide,https://www.propertytaxpartners.co.uk/blog/non-resident-landlord-tax/nrl-approval-receive-rent-gross-hmrc-guide,https://www.propertytaxpartners.co.uk/sitemap.xml,0,,non-resident-landlord-tax,no,2026-09,yes,2026-04-10,2026-06-23,2026-04-10,"2026-04-10 | Property site: add 148 blog posts, 2 new category hubs,",2026-04-10,7,2,2026-06-02,2026-06-02,3132,3132,no,0,0,yes,cdf893f2b,6834,3326,142,yes,10,2,3,false,681,4,2026-05-16,2026-09-22,0
/blog/non-resident-landlord-tax/nrl-scheme-letting-agents-quarterly-returns-mechanics,https://www.propertytaxpartners.co.uk/blog/non-resident-landlord-tax/nrl-scheme-letting-agents-quarterly-returns-mechanics,INDEXED,Submitted and indexed,PASS,2026-09-20T20:25:27Z,MOBILE,SUCCESSFUL,https://www.propertytaxpartners.co.uk/blog/non-resident-landlord-tax/nrl-scheme-letting-agents-quarterly-returns-mechanics,https://www.propertytaxpartners.co.uk/blog/non-resident-landlord-tax/nrl-scheme-letting-agents-quarterly-returns-mechanics,https://www.propertytaxpartners.co.uk/sitemap.xml,1,https://www.propertytaxpartners.co.uk/sitemap.xml,non-resident-landlord-tax,no,2026-09,yes,2026-05-22,2026-07-26,2026-05-22,2026-05-22 | Wave 2 (Expat C5): write nrl-scheme-letting-agents-quar,2026-05-23,5,1,2026-06-06,2026-06-07,2793,2793,no,0,0,yes,c218d7a69,5927,121,1,no,7,2,3,false,3730,33,2026-05-27,2026-10-08,0
/blog/non-resident-landlord-tax/nrl-withholding-tax-20-percent-basic-rate-deduction,https://www.propertytaxpartners.co.uk/blog/non-resident-landlord-tax/nrl-withholding-tax-20-percent-basic-rate-deduction,CRAWLED_NOT_INDEXED,Crawled - currently not indexed,NEUTRAL,2026-05-15T16:18:35Z,MOBILE,SUCCESSFUL,,,https://www.propertytaxpartners.co.uk/sitemap.xml,0,,non-resident-landlord-tax,no,2026-05,yes,2026-05-21,,2026-04-10,"2026-04-10 | Property site: add 148 blog posts, 2 new category hubs,",2026-04-10,4,2,2026-05-21,2026-05-23,1951,1355,yes,210,1,no,80d51206c,5154,94,4,no,12,2,3,false,99,0,2026-05-16,2026-09-22,0
/blog/non-resident-landlord-tax/offshore-company-owning-uk-property,https://www.propertytaxpartners.co.uk/blog/non-resident-landlord-tax/offshore-company-owning-uk-property,DISCOVERED_NOT_INDEXED,Discovered – currently not indexed,NEUTRAL,,CRAWLING_USER_AGENT_UNSPECIFIED,PAGE_FETCH_STATE_UNSPECIFIED,,,https://www.propertytaxpartners.co.uk/sitemap.xml,1,https://www.propertytaxpartners.co.uk/blog/non-resident-landlord-tax/non-resident-landlord-scheme-uk-complete-guide,non-resident-landlord-tax,no,,yes,2026-09-01,2026-09-02,2026-09-02,"2026-09-02 | feat(property): SPV programme Wave 2 - 9 new pages, NRL",2026-09-02,2,0,,,1652,,,,,,,4912,0,0,no,1,2,5,false,0,0,,,0
/blog/non-resident-landlord-tax/register-of-overseas-entities-roe-annual-update-statement-non-resident-landlords,https://www.propertytaxpartners.co.uk/blog/non-resident-landlord-tax/register-of-overseas-entities-roe-annual-update-statement-non-resident-landlords,CRAWLED_NOT_INDEXED,Crawled - currently not indexed,NEUTRAL,2026-07-03T09:50:44Z,MOBILE,SUCCESSFUL,https://www.propertytaxpartners.co.uk/blog/non-resident-landlord-tax/register-of-overseas-entities-roe-annual-update-statement-non-resident-landlords,https://www.propertytaxpartners.co.uk/blog/non-resident-landlord-tax/register-of-overseas-entities-roe-annual-update-statement-non-resident-landlords,,1,https://www.propertytaxpartners.co.uk/sitemap.xml,non-resident-landlord-tax,no,2026-07,yes,2026-05-25,2026-07-26,2026-05-25,2026-05-25 | Wave 9 B2: Register of Overseas Entities annual update ,2026-05-26,6,0,,,3055,3055,no,0,0,yes,cdf893f2b,7337,0,0,no,10,2,4,false,9,0,2026-05-31,2026-06-23,0
/blog/non-resident-landlord-tax/returning-to-uk-after-non-residence-property-portfolio,https://www.propertytaxpartners.co.uk/blog/non-resident-landlord-tax/returning-to-uk-after-non-residence-property-portfolio,INDEXED,Submitted and indexed,PASS,2026-07-22T15:20:18Z,MOBILE,SUCCESSFUL,https://www.propertytaxpartners.co.uk/blog/non-resident-landlord-tax/returning-to-uk-after-non-residence-property-portfolio,https://www.propertytaxpartners.co.uk/blog/non-resident-landlord-tax/returning-to-uk-after-non-residence-property-portfolio,https://www.propertytaxpartners.co.uk/sitemap.xml,2,https://www.propertytaxpartners.co.uk/blog/non-resident-landlord-tax/non-dom-reform-april-2025-fig-regime-property-investors;https://www.propertytaxpartners.co.uk/sitemap.xml,non-resident-landlord-tax,no,2026-07,yes,2026-05-22,2026-06-23,2026-05-22,2026-05-22 | Wave 2 (Expat C9): write returning-to-uk-after-non-resi,2026-05-23,3,0,,,3722,3722,no,0,0,yes,cdf893f2b,7320,0,0,no,3,3,4,false,212,11,2026-05-25,2026-10-08,0
/blog/non-resident-landlord-tax/returning-to-uk-after-non-residence-section-10a-recapture-fig-eligibility,https://www.propertytaxpartners.co.uk/blog/non-resident-landlord-tax/returning-to-uk-after-non-residence-section-10a-recapture-fig-eligibility,CRAWLED_NOT_INDEXED,Crawled - currently not indexed,NEUTRAL,2026-07-05T06:36:43Z,MOBILE,SUCCESSFUL,https://www.propertytaxpartners.co.uk/blog/non-resident-landlord-tax/returning-to-uk-after-non-residence-section-10a-recapture-fig-eligibility,https://www.propertytaxpartners.co.uk/blog/non-resident-landlord-tax/returning-to-uk-after-non-residence-section-10a-recapture-fig-eligibility,https://www.propertytaxpartners.co.uk/sitemap.xml,1,https://www.propertytaxpartners.co.uk/sitemap.xml,non-resident-landlord-tax,no,2026-07,yes,2026-05-25,2026-06-23,2026-05-25,2026-05-25 | Wave 8 A10 FINAL: returning to UK (s.10A + FIG eligibil,2026-05-26,3,0,,,3175,3175,no,0,0,yes,cdf893f2b,7592,0,0,no,1,3,7,false,7,0,2026-05-29,2026-06-09,0
/blog/non-resident-landlord-tax/sdlt-non-resident-2-percent-surcharge,https://www.propertytaxpartners.co.uk/blog/non-resident-landlord-tax/sdlt-non-resident-2-percent-surcharge,CRAWLED_NOT_INDEXED,Crawled - currently not indexed,NEUTRAL,2026-07-01T07:01:37Z,MOBILE,SUCCESSFUL,https://www.propertytaxpartners.co.uk/blog/non-resident-landlord-tax/sdlt-non-resident-2-percent-surcharge,https://www.propertytaxpartners.co.uk/blog/non-resident-landlord-tax/sdlt-non-resident-2-percent-surcharge,https://www.propertytaxpartners.co.uk/sitemap.xml,1,https://www.propertytaxpartners.co.uk/sitemap.xml,non-resident-landlord-tax,no,2026-07,yes,2026-05-22,2026-08-04,2026-05-22,2026-05-22 | Track 1 (SDLT): write sdlt-non-resident-2-percent-surch,2026-05-23,6,0,,,2301,2286,no,6,0,yes,cdf893f2b,5153,12,0,no,14,3,4,false,59,1,2026-05-26,2026-06-29,0
/blog/non-resident-landlord-tax/split-year-treatment-cases-1-8-landlord-departure-arrival,https://www.propertytaxpartners.co.uk/blog/non-resident-landlord-tax/split-year-treatment-cases-1-8-landlord-departure-arrival,CRAWLED_NOT_INDEXED,Crawled - currently not indexed,NEUTRAL,2026-07-07T10:38:58Z,MOBILE,SUCCESSFUL,https://www.propertytaxpartners.co.uk/blog/non-resident-landlord-tax/split-year-treatment-cases-1-8-landlord-departure-arrival,https://www.propertytaxpartners.co.uk/blog/non-resident-landlord-tax/split-year-treatment-cases-1-8-landlord-departure-arrival,https://www.propertytaxpartners.co.uk/sitemap.xml,3,https://www.propertytaxpartners.co.uk/feed.xml;https://www.propertytaxpartners.co.uk/blog/non-resident-landlord-tax/returning-to-uk-after-non-residence-property-portfolio;https://www.propertytaxpartners.co.uk/sitemap.xml,non-resident-landlord-tax,no,2026-07,yes,2026-05-22,2026-06-23,2026-05-22,2026-05-22 | Wave 2 (Expat C3): write split-year-treatment-cases-1-8,2026-05-23,3,0,,,3859,3859,no,0,0,yes,cdf893f2b,7402,0,0,no,4,3,4,false,73,0,2026-05-28,2026-07-08,0
/blog/non-resident-landlord-tax/srt-statutory-residence-test-landlord-decision-tree,https://www.propertytaxpartners.co.uk/blog/non-resident-landlord-tax/srt-statutory-residence-test-landlord-decision-tree,CRAWLED_NOT_INDEXED,Crawled - currently not indexed,NEUTRAL,2026-05-23T22:56:09Z,MOBILE,SUCCESSFUL,https://www.propertytaxpartners.co.uk/blog/non-resident-landlord-tax/srt-statutory-residence-test-landlord-decision-tree,https://www.propertytaxpartners.co.uk/blog/non-resident-landlord-tax/srt-statutory-residence-test-landlord-decision-tree,https://www.propertytaxpartners.co.uk/sitemap.xml,2,https://www.propertytaxpartners.co.uk/blog/non-resident-landlord-tax/non-dom-reform-april-2025-fig-regime-property-investors;https://www.propertytaxpartners.co.uk/sitemap.xml,non-resident-landlord-tax,no,2026-05,yes,2026-05-22,2026-06-23,2026-05-22,2026-05-22 | Wave 2 (Expat C2): write srt-statutory-residence-test-l,2026-05-23,3,0,,,3261,3261,no,0,0,yes,66c51a9eb,6994,0,0,no,13,3,4,false,299,2,2026-05-24,2026-09-29,0
/blog/non-resident-landlord-tax/tax-treaties-property-investors-treaty-framework-guide,https://www.propertytaxpartners.co.uk/blog/non-resident-landlord-tax/tax-treaties-property-investors-treaty-framework-guide,CRAWLED_NOT_INDEXED,Crawled - currently not indexed,NEUTRAL,2026-05-24T17:56:43Z,MOBILE,SUCCESSFUL,,,https://www.propertytaxpartners.co.uk/sitemap.xml,1,https://www.propertytaxpartners.co.uk/sitemap.xml,non-resident-landlord-tax,no,2026-05,yes,2026-05-22,2026-06-23,2026-05-22,2026-05-22 | Wave 2 (DTAs): write tax-treaties-property-investors-tr,2026-05-23,4,1,2026-05-24,2026-05-26,3927,3939,yes,173,1,no,ade47119e,7042,0,0,no,13,2,4,false,60,0,2026-05-28,2026-09-02,0
/blog/non-resident-landlord-tax/temporary-repatriation-facility-trf-designation-mechanics-12-15-percent-rates,https://www.propertytaxpartners.co.uk/blog/non-resident-landlord-tax/temporary-repatriation-facility-trf-designation-mechanics-12-15-percent-rates,CRAWLED_NOT_INDEXED,Crawled - currently not indexed,NEUTRAL,2026-05-27T08:30:03Z,MOBILE,SUCCESSFUL,https://www.propertytaxpartners.co.uk/blog/non-resident-landlord-tax/temporary-repatriation-facility-trf-designation-mechanics-12-15-percent-rates,https://www.propertytaxpartners.co.uk/blog/non-resident-landlord-tax/temporary-repatriation-facility-trf-designation-mechanics-12-15-percent-rates,https://www.propertytaxpartners.co.uk/sitemap.xml,1,https://www.propertytaxpartners.co.uk/sitemap.xml,non-resident-landlord-tax,no,2026-05,yes,2026-05-25,2026-06-23,2026-05-25,2026-05-25 | Wave 8 A4: TRF pillar (FA 2025 s.41 + Sch 10) — 12/12/1,2026-05-26,4,1,2026-06-06,2026-06-07,2739,2867,yes,36,1,no,2e7f3d148,6910,2,0,no,2,3,6,false,119,1,2026-05-27,2026-08-30,0
/blog/non-resident-landlord-tax/trf-qualifying-overseas-capital-what-can-be-designated-non-doms,https://www.propertytaxpartners.co.uk/blog/non-resident-landlord-tax/trf-qualifying-overseas-capital-what-can-be-designated-non-doms,CRAWLED_NOT_INDEXED,Crawled - currently not indexed,NEUTRAL,2026-05-27T04:36:31Z,MOBILE,SUCCESSFUL,https://www.propertytaxpartners.co.uk/blog/non-resident-landlord-tax/trf-qualifying-overseas-capital-what-can-be-designated-non-doms,https://www.propertytaxpartners.co.uk/blog/non-resident-landlord-tax/trf-qualifying-overseas-capital-what-can-be-designated-non-doms,,1,https://www.propertytaxpartners.co.uk/sitemap.xml,non-resident-landlord-tax,no,2026-05,yes,2026-05-25,2026-07-26,2026-05-25,2026-05-25 | Wave 8 A5: TRF qualifying overseas capital (3 scenarios,2026-05-26,4,0,,,2898,2898,no,0,0,yes,970de5736,7602,0,0,no,2,3,5,false,112,4,2026-05-27,2026-09-14,0
/blog/non-resident-landlord-tax/uk-france-dta-property-rental-income-cgt,https://www.propertytaxpartners.co.uk/blog/non-resident-landlord-tax/uk-france-dta-property-rental-income-cgt,CRAWLED_NOT_INDEXED,Crawled - currently not indexed,NEUTRAL,2026-07-01T08:33:03Z,MOBILE,SUCCESSFUL,https://www.propertytaxpartners.co.uk/blog/non-resident-landlord-tax/uk-france-dta-property-rental-income-cgt,https://www.propertytaxpartners.co.uk/blog/non-resident-landlord-tax/uk-france-dta-property-rental-income-cgt,https://www.propertytaxpartners.co.uk/sitemap.xml,1,https://www.propertytaxpartners.co.uk/sitemap.xml,non-resident-landlord-tax,no,2026-07,yes,2026-05-22,2026-06-23,2026-05-22,2026-05-22 | Wave 2 (DTAs): write uk-france-dta-property-rental-inco,2026-05-23,5,1,2026-05-24,2026-05-26,3029,3029,no,0,0,yes,cdf893f2b,6229,0,0,no,1,3,5,false,774,0,2026-05-24,2026-07-03,0
/blog/non-resident-landlord-tax/uk-india-dta-property-rental-income-treatment,https://www.propertytaxpartners.co.uk/blog/non-resident-landlord-tax/uk-india-dta-property-rental-income-treatment,CRAWLED_NOT_INDEXED,Crawled - currently not indexed,NEUTRAL,2026-08-17T01:45:49Z,MOBILE,SUCCESSFUL,https://www.propertytaxpartners.co.uk/blog/non-resident-landlord-tax/uk-india-dta-property-rental-income-treatment,https://www.propertytaxpartners.co.uk/blog/non-resident-landlord-tax/uk-india-dta-property-rental-income-treatment,https://www.propertytaxpartners.co.uk/sitemap.xml,1,https://www.propertytaxpartners.co.uk/blog/non-resident-landlord-tax/non-dom-reform-april-2025-fig-regime-property-investors,non-resident-landlord-tax,no,2026-08,yes,2026-05-22,2026-06-23,2026-05-22,2026-05-22 | Wave 2 (DTAs): write uk-india-dta-property-rental-incom,2026-05-23,4,1,2026-05-24,2026-05-26,2934,2934,no,0,0,yes,cdf893f2b,6900,0,0,no,1,3,6,false,318,4,2026-05-27,2026-10-08,0
/blog/non-resident-landlord-tax/uk-italy-dta-tie-breaker-property-residence-disputes,https://www.propertytaxpartners.co.uk/blog/non-resident-landlord-tax/uk-italy-dta-tie-breaker-property-residence-disputes,CRAWLED_NOT_INDEXED,Crawled - currently not indexed,NEUTRAL,2026-07-07T02:58:03Z,MOBILE,SUCCESSFUL,https://www.propertytaxpartners.co.uk/blog/non-resident-landlord-tax/uk-italy-dta-tie-breaker-property-residence-disputes,https://www.propertytaxpartners.co.uk/blog/non-resident-landlord-tax/uk-italy-dta-tie-breaker-property-residence-disputes,https://www.propertytaxpartners.co.uk/sitemap.xml,1,https://www.propertytaxpartners.co.uk/sitemap.xml,non-resident-landlord-tax,no,2026-07,yes,2026-05-22,2026-07-26,2026-05-22,2026-05-22 | Wave 2 (DTAs): write uk-italy-dta-tie-breaker-property-,2026-05-23,6,1,2026-05-24,2026-05-26,2674,2674,no,0,0,yes,cdf893f2b,6603,5,0,no,2,3,4,false,196,1,2026-05-24,2026-07-09,0
/blog/non-resident-landlord-tax/uk-jersey-guernsey-isle-of-man-dtas-property-investors,https://www.propertytaxpartners.co.uk/blog/non-resident-landlord-tax/uk-jersey-guernsey-isle-of-man-dtas-property-investors,CRAWLED_NOT_INDEXED,Crawled - currently not indexed,NEUTRAL,2026-07-08T10:16:49Z,MOBILE,SUCCESSFUL,https://www.propertytaxpartners.co.uk/blog/non-resident-landlord-tax/uk-jersey-guernsey-isle-of-man-dtas-property-investors,https://www.propertytaxpartners.co.uk/blog/non-resident-landlord-tax/uk-jersey-guernsey-isle-of-man-dtas-property-investors,https://www.propertytaxpartners.co.uk/sitemap.xml,1,https://www.propertytaxpartners.co.uk/sitemap.xml,non-resident-landlord-tax,no,2026-07,yes,2026-05-22,2026-07-26,2026-05-22,2026-05-22 | Wave 2 (DTAs): write uk-jersey-guernsey-isle-of-man-dta,2026-05-23,6,1,2026-05-24,2026-05-26,4699,4703,no,1,0,yes,cdf893f2b,9496,8,1,no,4,3,5,false,97,2,2026-05-25,2026-07-07,0
/blog/non-resident-landlord-tax/uk-property-income-expats-tax-obligations-explained,https://www.propertytaxpartners.co.uk/blog/non-resident-landlord-tax/uk-property-income-expats-tax-obligations-explained,CRAWLED_NOT_INDEXED,Crawled - currently not indexed,NEUTRAL,2026-05-29T06:41:59Z,MOBILE,SUCCESSFUL,,,https://www.propertytaxpartners.co.uk/sitemap.xml,1,https://www.propertytaxpartners.co.uk/sitemap.xml,non-resident-landlord-tax,no,2026-05,yes,2026-04-10,2026-08-21,2026-04-10,"2026-04-10 | Property site: add 148 blog posts, 2 new category hubs,",2026-04-10,10,3,2026-08-21,2026-08-21,3386,1364,yes,161,2,no,8272c33c0,6614,67,2,no,17,3,3,false,37,0,2026-06-04,2026-09-07,0
/blog/non-resident-landlord-tax/uk-spain-dta-property-uk-resident-spanish-holiday-home,https://www.propertytaxpartners.co.uk/blog/non-resident-landlord-tax/uk-spain-dta-property-uk-resident-spanish-holiday-home,CRAWLED_NOT_INDEXED,Crawled - currently not indexed,NEUTRAL,2026-07-21T17:39:28Z,MOBILE,SUCCESSFUL,https://www.propertytaxpartners.co.uk/blog/non-resident-landlord-tax/uk-spain-dta-property-uk-resident-spanish-holiday-home,https://www.propertytaxpartners.co.uk/blog/non-resident-landlord-tax/uk-spain-dta-property-uk-resident-spanish-holiday-home,https://www.propertytaxpartners.co.uk/sitemap.xml,2,https://www.propertytaxpartners.co.uk/feed.xml;https://www.propertytaxpartners.co.uk/sitemap.xml,non-resident-landlord-tax,no,2026-07,yes,2026-05-22,2026-07-26,2026-05-22,2026-05-22 | Wave 2 (DTAs): write uk-spain-dta-property-uk-resident-,2026-05-23,6,1,2026-05-24,2026-05-26,2311,2311,no,0,0,yes,cdf893f2b,5337,1,0,no,2,3,4,false,325,1,2026-05-28,2026-07-23,0
/blog/non-resident-landlord-tax/uk-uae-dta-property-no-tax-jurisdiction-asymmetry,https://www.propertytaxpartners.co.uk/blog/non-resident-landlord-tax/uk-uae-dta-property-no-tax-jurisdiction-asymmetry,CRAWLED_NOT_INDEXED,Crawled - currently not indexed,NEUTRAL,2026-07-01T08:30:11Z,MOBILE,SUCCESSFUL,https://www.propertytaxpartners.co.uk/blog/non-resident-landlord-tax/uk-uae-dta-property-no-tax-jurisdiction-asymmetry,https://www.propertytaxpartners.co.uk/blog/non-resident-landlord-tax/uk-uae-dta-property-no-tax-jurisdiction-asymmetry,https://www.propertytaxpartners.co.uk/sitemap.xml,1,https://www.propertytaxpartners.co.uk/sitemap.xml,non-resident-landlord-tax,no,2026-07,yes,2026-05-22,2026-07-26,2026-05-22,2026-05-22 | Wave 2 (DTAs): write uk-uae-dta-property-no-tax-jurisdi,2026-05-23,7,1,2026-05-24,2026-05-26,2545,2545,no,0,0,yes,cdf893f2b,6306,0,0,no,1,3,4,false,43,0,2026-05-29,2026-06-30,0
/blog/non-resident-landlord-tax/uk-us-dta-property-tax-implications-landlords,https://www.propertytaxpartners.co.uk/blog/non-resident-landlord-tax/uk-us-dta-property-tax-implications-landlords,CRAWLED_NOT_INDEXED,Crawled - currently not indexed,NEUTRAL,2026-05-23T22:56:09Z,MOBILE,SUCCESSFUL,https://www.propertytaxpartners.co.uk/blog/non-resident-landlord-tax/uk-us-dta-property-tax-implications-landlords,https://www.propertytaxpartners.co.uk/blog/non-resident-landlord-tax/uk-us-dta-property-tax-implications-landlords,https://www.propertytaxpartners.co.uk/sitemap.xml,1,https://www.propertytaxpartners.co.uk/sitemap.xml,non-resident-landlord-tax,no,2026-05,yes,2026-05-22,2026-07-26,2026-05-22,2026-05-22 | Wave 2 (DTAs): write uk-us-dta-property-tax-implication,2026-05-23,5,1,2026-05-24,2026-05-26,2851,2850,yes,110,1,no,ab164a61b,5754,0,0,no,0,3,,true,47,0,2026-05-26,2026-07-22,0
/blog/portfolio-management,https://www.propertytaxpartners.co.uk/blog/portfolio-management,CRAWLED_NOT_INDEXED,Crawled - currently not indexed,NEUTRAL,2026-05-29T02:49:12Z,MOBILE,SUCCESSFUL,,,,2,https://www.propertytaxpartners.co.uk/blog/portfolio-management/what-is-good-gross-yield-buy-to-let-property-2026;https://www.propertytaxpartners.co.uk/sitemap.xml,blog-cat,no,2026-05,no,,,,,,,,,,2502,,,,,,,2502,0,0,no,0,2,,true,62,0,2026-05-31,2026-09-01,0
/blog/portfolio-management/btl-investment-plymouth-cardiff-landlord-hotspots,https://www.propertytaxpartners.co.uk/blog/portfolio-management/btl-investment-plymouth-cardiff-landlord-hotspots,INDEXED,Submitted and indexed,PASS,2026-09-06T02:21:16Z,MOBILE,SUCCESSFUL,https://www.propertytaxpartners.co.uk/blog/portfolio-management/btl-investment-plymouth-cardiff-landlord-hotspots,https://www.propertytaxpartners.co.uk/blog/portfolio-management/btl-investment-plymouth-cardiff-landlord-hotspots,https://www.propertytaxpartners.co.uk/sitemap.xml,1,https://www.propertytaxpartners.co.uk/sitemap.xml,portfolio-management,no,2026-09,yes,2026-05-28,2026-08-21,2026-05-28,2026-05-28 | MegaWave 3 RUN C: btl-investment-plymouth-cardiff-landl,2026-05-28,6,1,2026-06-06,2026-06-07,2929,2929,no,0,0,yes,8c915e776,6118,0,0,no,0,3,,true,267,1,2026-05-30,2026-10-07,0
/blog/portfolio-management/budgeting-voids-repairs-rental-cash-flow,https://www.propertytaxpartners.co.uk/blog/portfolio-management/budgeting-voids-repairs-rental-cash-flow,CRAWLED_NOT_INDEXED,Crawled - currently not indexed,NEUTRAL,2026-05-20T17:01:44Z,MOBILE,SUCCESSFUL,https://www.propertytaxpartners.co.uk/blog/portfolio-management/budgeting-voids-repairs-rental-cash-flow,https://www.propertytaxpartners.co.uk/blog/portfolio-management/budgeting-voids-repairs-rental-cash-flow,,1,https://www.propertytaxpartners.co.uk/sitemap.xml,portfolio-management,no,2026-05,yes,'2026-05-19',2026-10-09,2026-05-19,2026-05-19 | blog_generator: add Property site config + fix sys.modu,2026-05-20,9,1,2026-06-01,2026-06-02,2214,1361,yes,105,1,no,1bb03ec35,5507,0,0,no,1,3,,false,147,1,2026-05-20,2026-09-27,0
/blog/portfolio-management/buy-to-let-market-sees-record-high-returns,https://www.propertytaxpartners.co.uk/blog/portfolio-management/buy-to-let-market-sees-record-high-returns,CRAWLED_NOT_INDEXED,Crawled - currently not indexed,NEUTRAL,2026-05-29T00:22:21Z,MOBILE,SUCCESSFUL,https://www.propertytaxpartners.co.uk/blog/portfolio-management/buy-to-let-market-sees-record-high-returns,https://www.propertytaxpartners.co.uk/blog/portfolio-management/buy-to-let-market-sees-record-high-returns,,2,https://www.propertytaxpartners.co.uk/blog/portfolio-management;https://www.propertytaxpartners.co.uk/sitemap.xml,portfolio-management,no,2026-05,yes,2026-05-28,2026-06-23,2026-05-28,2026-05-28 | MegaWave 3 RUN C: buy-to-let-market-sees-record-high-re,2026-05-28,4,0,,,2178,2178,no,0,0,yes,d504d3841,5262,0,0,no,0,3,,true,36,0,2026-05-29,2026-07-20,0
/blog/portfolio-management/buying-commercial-property-through-a-sipp,https://www.propertytaxpartners.co.uk/blog/portfolio-management/buying-commercial-property-through-a-sipp,INDEXED,Submitted and indexed,PASS,2026-09-24T12:55:16Z,MOBILE,SUCCESSFUL,https://www.propertytaxpartners.co.uk/blog/portfolio-management/buying-commercial-property-through-a-sipp,https://www.propertytaxpartners.co.uk/blog/portfolio-management/buying-commercial-property-through-a-sipp,,0,,portfolio-management,no,2026-09,yes,2026-07-09,,2026-07-09,2026-07-09 | Wave 10 A12: buying-commercial-property-through-a-sipp,2026-07-09,8,1,2026-07-09,2026-07-09,4053,4053,no,0,0,yes,3d49bdc68,7028,4,0,no,2,3,8,false,5171,33,2026-07-24,2026-10-08,0
/blog/portfolio-management/how-to-scale-buy-to-let-portfolio-1-to-10-properties,https://www.propertytaxpartners.co.uk/blog/portfolio-management/how-to-scale-buy-to-let-portfolio-1-to-10-properties,CRAWLED_NOT_INDEXED,Crawled - currently not indexed,NEUTRAL,2026-07-01T04:54:37Z,MOBILE,SUCCESSFUL,https://www.propertytaxpartners.co.uk/blog/portfolio-management/how-to-scale-buy-to-let-portfolio-1-to-10-properties,https://www.propertytaxpartners.co.uk/blog/portfolio-management/how-to-scale-buy-to-let-portfolio-1-to-10-properties,https://www.propertytaxpartners.co.uk/sitemap.xml,1,https://www.propertytaxpartners.co.uk/feed.xml,portfolio-management,no,2026-07,yes,2026-05-21,2026-08-21,2026-04-10,"2026-04-10 | Property site: add 148 blog posts, 2 new category hubs,",2026-04-10,10,2,2026-05-21,2026-05-23,2013,2012,no,1,0,yes,f4f6d9775,5295,0,0,no,4,3,5,false,90,1,2026-05-16,2026-07-04,0
/blog/portfolio-management/how-to-value-rental-property-portfolio-tax-purposes,https://www.propertytaxpartners.co.uk/blog/portfolio-management/how-to-value-rental-property-portfolio-tax-purposes,INDEXED,Submitted and indexed,PASS,2026-08-31T15:35:22Z,MOBILE,SUCCESSFUL,https://www.propertytaxpartners.co.uk/blog/portfolio-management/how-to-value-rental-property-portfolio-tax-purposes,https://www.propertytaxpartners.co.uk/blog/portfolio-management/how-to-value-rental-property-portfolio-tax-purposes,https://www.propertytaxpartners.co.uk/sitemap.xml,2,https://www.propertytaxpartners.co.uk/blog/portfolio-management;https://www.propertytaxpartners.co.uk/sitemap.xml,portfolio-management,no,2026-08,yes,'2026-05-19',2026-06-23,2026-05-19,2026-05-19 | 3 fresh blogs verify the source-level prompt + validato,2026-05-20,4,1,2026-05-31,2026-05-31,2808,2808,no,0,0,yes,cdf893f2b,6296,0,0,no,1,3,5,false,616,1,2026-05-21,2026-10-08,0
/blog/portfolio-management/multi-property-landlord-tax-planning-strategies-5-plus-properties,https://www.propertytaxpartners.co.uk/blog/portfolio-management/multi-property-landlord-tax-planning-strategies-5-plus-properties,INDEXED,Submitted and indexed,PASS,2026-08-31T14:00:22Z,MOBILE,SUCCESSFUL,https://www.propertytaxpartners.co.uk/blog/portfolio-management/multi-property-landlord-tax-planning-strategies-5-plus-properties,https://www.propertytaxpartners.co.uk/blog/portfolio-management/multi-property-landlord-tax-planning-strategies-5-plus-properties,https://www.propertytaxpartners.co.uk/sitemap.xml,1,https://www.propertytaxpartners.co.uk/blog/portfolio-management/how-to-scale-buy-to-let-portfolio-1-to-10-properties,portfolio-management,no,2026-08,yes,2026-05-21,2026-07-26,2026-04-10,"2026-04-10 | Property site: add 148 blog posts, 2 new category hubs,",2026-04-10,6,2,2026-05-21,2026-05-23,2011,2011,no,0,0,yes,c218d7a69,5185,0,0,no,6,3,5,false,402,0,2026-05-16,2026-10-08,0
/blog/portfolio-management/portfolio-landlord-tax-planning-strategy-guide,https://www.propertytaxpartners.co.uk/blog/portfolio-management/portfolio-landlord-tax-planning-strategy-guide,INDEXED,Submitted and indexed,PASS,2026-07-25T13:33:21Z,MOBILE,SUCCESSFUL,https://www.propertytaxpartners.co.uk/blog/portfolio-management/portfolio-landlord-tax-planning-strategy-guide,https://www.propertytaxpartners.co.uk/blog/portfolio-management/portfolio-landlord-tax-planning-strategy-guide,https://www.propertytaxpartners.co.uk/sitemap.xml,0,,portfolio-management,no,2026-07,yes,2026-07-09,2026-07-20,2026-07-09,2026-07-09 | Wave 10 A1: portfolio-landlord-tax-planning-strategy-gu,2026-07-09,10,0,,,5453,5453,no,0,0,yes,60a54e228,8831,0,0,no,5,3,4,false,185,1,2026-07-25,2026-10-07,0
/blog/portfolio-management/property-investment-benchmarks-uk-2026-good-yield,https://www.propertytaxpartners.co.uk/blog/portfolio-management/property-investment-benchmarks-uk-2026-good-yield,INDEXED,Submitted and indexed,PASS,2026-08-20T18:39:29Z,MOBILE,SUCCESSFUL,https://www.propertytaxpartners.co.uk/blog/portfolio-management/property-investment-benchmarks-uk-2026-good-yield,https://www.propertytaxpartners.co.uk/blog/portfolio-management/property-investment-benchmarks-uk-2026-good-yield,,2,https://www.propertytaxpartners.co.uk/feed.xml;https://www.propertytaxpartners.co.uk/blog/portfolio-management/property-portfolio-review-checklist-landlords-2026,portfolio-management,no,2026-08,yes,2026-04-10,2026-08-18,2026-04-10,"2026-04-10 | Property site: add 148 blog posts, 2 new category hubs,",2026-04-10,9,2,2026-06-01,2026-06-02,2791,2791,no,0,0,yes,06195d7de,6028,189,13,yes,1,2,,false,179,0,2026-05-20,2026-10-07,0
/blog/portfolio-management/property-investment-exit-strategy-planning-guide,https://www.propertytaxpartners.co.uk/blog/portfolio-management/property-investment-exit-strategy-planning-guide,CRAWLED_NOT_INDEXED,Crawled - currently not indexed,NEUTRAL,2026-05-15T14:05:28Z,MOBILE,SUCCESSFUL,https://www.propertytaxpartners.co.uk/blog/portfolio-management/property-investment-exit-strategy-planning-guide,https://www.propertytaxpartners.co.uk/blog/portfolio-management/property-investment-exit-strategy-planning-guide,https://www.propertytaxpartners.co.uk/sitemap.xml,0,,portfolio-management,no,2026-05,yes,2026-05-21,2026-06-06,2026-04-10,"2026-04-10 | Property site: add 148 blog posts, 2 new category hubs,",2026-04-10,6,3,2026-06-06,2026-06-07,2338,1483,yes,198,2,no,80d51206c,5997,2,1,no,8,3,4,false,44,1,2026-05-16,2026-09-16,0
/blog/portfolio-management/property-portfolio-accounting-tracking-profitability,https://www.propertytaxpartners.co.uk/blog/portfolio-management/property-portfolio-accounting-tracking-profitability,INDEXED,Submitted and indexed,PASS,2026-10-06T06:50:38Z,MOBILE,SUCCESSFUL,https://www.propertytaxpartners.co.uk/blog/portfolio-management/property-portfolio-accounting-tracking-profitability,https://www.propertytaxpartners.co.uk/blog/portfolio-management/property-portfolio-accounting-tracking-profitability,,1,https://www.propertytaxpartners.co.uk/sitemap.xml,portfolio-management,no,2026-10,yes,2026-03-29,2026-06-23,2026-03-29,2026-03-29 | Generate 27 new Property blog posts,2026-03-29,14,4,2026-06-01,2026-06-02,2651,2651,no,0,0,yes,b226ff381,6155,0,0,no,5,2,2,false,50,1,2026-05-20,2026-10-08,0
/blog/portfolio-management/property-portfolio-review-checklist-landlords-2026,https://www.propertytaxpartners.co.uk/blog/portfolio-management/property-portfolio-review-checklist-landlords-2026,CRAWLED_NOT_INDEXED,Crawled - currently not indexed,NEUTRAL,2026-05-15T15:16:51Z,MOBILE,SUCCESSFUL,,,https://www.propertytaxpartners.co.uk/sitemap.xml,1,https://www.propertytaxpartners.co.uk/sitemap.xml,portfolio-management,no,2026-05,yes,2026-04-10,2026-08-21,2026-04-10,"2026-04-10 | Property site: add 148 blog posts, 2 new category hubs,",2026-04-10,10,2,2026-06-01,2026-06-02,2116,1619,yes,165,1,no,80d51206c,5597,0,0,no,1,3,5,false,10,0,2026-06-02,2026-08-03,0
/blog/portfolio-management/reduce-void-periods-rental-properties-uk-landlords,https://www.propertytaxpartners.co.uk/blog/portfolio-management/reduce-void-periods-rental-properties-uk-landlords,CRAWLED_NOT_INDEXED,Crawled - currently not indexed,NEUTRAL,2026-05-29T02:52:44Z,MOBILE,SUCCESSFUL,,,https://www.propertytaxpartners.co.uk/sitemap.xml,2,https://www.propertytaxpartners.co.uk/blog/portfolio-management;https://www.propertytaxpartners.co.uk/sitemap.xml,portfolio-management,no,2026-05,yes,2026-04-10,2026-06-23,2026-04-10,"2026-04-10 | Property site: add 148 blog posts, 2 new category hubs,",2026-04-10,5,2,2026-06-01,2026-06-02,2277,1448,yes,67,1,no,80d51206c,5861,0,0,no,0,3,,true,103,0,2026-06-04,2026-09-10,0
/blog/portfolio-management/refinancing-rental-property-when-does-it-make-financial-sense,https://www.propertytaxpartners.co.uk/blog/portfolio-management/refinancing-rental-property-when-does-it-make-financial-sense,INDEXED,Submitted and indexed,PASS,2026-08-18T01:56:52Z,MOBILE,SUCCESSFUL,https://www.propertytaxpartners.co.uk/blog/portfolio-management/refinancing-rental-property-when-does-it-make-financial-sense,https://www.propertytaxpartners.co.uk/blog/portfolio-management/refinancing-rental-property-when-does-it-make-financial-sense,https://www.propertytaxpartners.co.uk/sitemap.xml,1,https://www.propertytaxpartners.co.uk/sitemap.xml,portfolio-management,no,2026-08,yes,2026-04-10,2026-10-09,2026-04-10,"2026-04-10 | Property site: add 148 blog posts, 2 new category hubs,",2026-04-10,7,2,2026-06-02,2026-06-02,2353,2353,no,1,0,yes,cdf893f2b,5163,1,0,no,0,3,,true,278,2,2026-05-22,2026-10-08,0
/blog/portfolio-management/rental-yield-vs-roi-property-investors-uk,https://www.propertytaxpartners.co.uk/blog/portfolio-management/rental-yield-vs-roi-property-investors-uk,CRAWLED_NOT_INDEXED,Crawled - currently not indexed,NEUTRAL,2026-07-05T16:09:58Z,MOBILE,SUCCESSFUL,https://www.propertytaxpartners.co.uk/blog/portfolio-management/rental-yield-vs-roi-property-investors-uk,https://www.propertytaxpartners.co.uk/blog/portfolio-management/rental-yield-vs-roi-property-investors-uk,https://www.propertytaxpartners.co.uk/sitemap.xml,1,https://www.propertytaxpartners.co.uk/feed.xml,portfolio-management,no,2026-07,yes,2026-04-10,2026-06-06,2026-04-10,"2026-04-10 | Property site: add 148 blog posts, 2 new category hubs,",2026-04-10,8,2,2026-05-30,2026-05-29,2404,2404,no,0,0,yes,95b3b5585,5650,0,0,no,2,3,,false,114,0,2026-05-15,2026-06-30,0
/blog/portfolio-management/retirement-planning-spousal-rental-income-shift-form-17-marginal-rate-restructure,https://www.propertytaxpartners.co.uk/blog/portfolio-management/retirement-planning-spousal-rental-income-shift-form-17-marginal-rate-restructure,CRAWLED_NOT_INDEXED,Crawled - currently not indexed,NEUTRAL,2026-07-03T10:31:41Z,MOBILE,SUCCESSFUL,https://www.propertytaxpartners.co.uk/blog/portfolio-management/retirement-planning-spousal-rental-income-shift-form-17-marginal-rate-restructure,https://www.propertytaxpartners.co.uk/blog/portfolio-management/retirement-planning-spousal-rental-income-shift-form-17-marginal-rate-restructure,https://www.propertytaxpartners.co.uk/sitemap.xml,1,https://www.propertytaxpartners.co.uk/sitemap.xml,portfolio-management,no,2026-07,yes,2026-05-23,2026-06-23,2026-05-23,"2026-05-23 | Wave 5 C10: Retirement Form 17 income shift, personal-o",2026-05-26,4,0,,,2735,2735,no,0,0,yes,cdf893f2b,6188,0,0,no,2,3,3,false,4,0,2026-05-28,2026-07-02,0
/blog/portfolio-management/track-rental-property-profitability-per-property-pl-guide,https://www.propertytaxpartners.co.uk/blog/portfolio-management/track-rental-property-profitability-per-property-pl-guide,CRAWLED_NOT_INDEXED,Crawled - currently not indexed,NEUTRAL,2026-07-05T10:31:58Z,MOBILE,SUCCESSFUL,https://www.propertytaxpartners.co.uk/blog/portfolio-management/track-rental-property-profitability-per-property-pl-guide,https://www.propertytaxpartners.co.uk/blog/portfolio-management/track-rental-property-profitability-per-property-pl-guide,https://www.propertytaxpartners.co.uk/sitemap.xml,1,https://www.propertytaxpartners.co.uk/blog/portfolio-management,portfolio-management,no,2026-07,yes,2026-04-10,2026-08-21,2026-04-10,"2026-04-10 | Property site: add 148 blog posts, 2 new category hubs,",2026-04-10,8,3,2026-08-21,2026-08-21,2327,2327,yes,18,1,no,cdf893f2b,4944,0,0,no,3,3,4,false,19,0,2026-06-07,2026-07-07,0
/blog/portfolio-management/what-is-good-gross-yield-buy-to-let-property-2026,https://www.propertytaxpartners.co.uk/blog/portfolio-management/what-is-good-gross-yield-buy-to-let-property-2026,CRAWLED_NOT_INDEXED,Crawled - currently not indexed,NEUTRAL,2026-07-04T14:20:41Z,MOBILE,SUCCESSFUL,https://www.propertytaxpartners.co.uk/blog/portfolio-management/what-is-good-gross-yield-buy-to-let-property-2026,https://www.propertytaxpartners.co.uk/blog/portfolio-management/what-is-good-gross-yield-buy-to-let-property-2026,https://www.propertytaxpartners.co.uk/sitemap.xml,1,https://www.propertytaxpartners.co.uk/feed.xml,portfolio-management,no,2026-07,yes,2026-04-10,2026-06-23,2026-04-10,"2026-04-10 | Property site: add 148 blog posts, 2 new category hubs,",2026-04-10,9,2,2026-06-01,2026-06-02,2206,2206,no,0,0,yes,cdf893f2b,5406,0,0,no,1,3,,false,83,0,2026-05-16,2026-07-06,0
/blog/portfolio-management/when-to-sell-rental-property-key-indicators-landlords,https://www.propertytaxpartners.co.uk/blog/portfolio-management/when-to-sell-rental-property-key-indicators-landlords,INDEXED,Submitted and indexed,PASS,2026-09-04T19:55:07Z,MOBILE,SUCCESSFUL,https://www.propertytaxpartners.co.uk/blog/portfolio-management/when-to-sell-rental-property-key-indicators-landlords,https://www.propertytaxpartners.co.uk/blog/portfolio-management/when-to-sell-rental-property-key-indicators-landlords,https://www.propertytaxpartners.co.uk/sitemap.xml,1,https://www.propertytaxpartners.co.uk/sitemap.xml,portfolio-management,no,2026-09,yes,2026-04-10,2026-08-21,2026-04-10,"2026-04-10 | Property site: add 148 blog posts, 2 new category hubs,",2026-04-10,7,2,2026-05-30,2026-05-31,3340,3340,no,0,0,yes,8c915e776,6558,0,0,no,1,3,7,false,2057,7,2026-06-09,2026-10-08,0
/blog/property-accountant-services,https://www.propertytaxpartners.co.uk/blog/property-accountant-services,OTHER,Page with redirect,NEUTRAL,2026-05-29T13:20:46Z,MOBILE,SUCCESSFUL,https://www.propertytaxpartners.co.uk/blog/property-accountant-services/what-does-a-property-accountant-do,https://www.propertytaxpartners.co.uk/blog/property-accountant-services/what-does-a-property-accountant-do,https://www.propertytaxpartners.co.uk/sitemap.xml,1,https://www.propertytaxpartners.co.uk/sitemap.xml,blog-cat,yes,2026-05,no,,,,,,,,,,5601,,,,,,,5601,0,0,no,0,2,,true,6,0,2026-06-16,2026-07-10,0
/blog/property-accountant-services/3m-mortgage-fraud-convicts-accountant-and-financial-adviser,https://www.propertytaxpartners.co.uk/blog/property-accountant-services/3m-mortgage-fraud-convicts-accountant-and-financial-adviser,CRAWLED_NOT_INDEXED,Crawled - currently not indexed,NEUTRAL,2026-07-03T13:45:28Z,MOBILE,SUCCESSFUL,https://www.propertytaxpartners.co.uk/blog/property-accountant-services/3m-mortgage-fraud-convicts-accountant-and-financial-adviser,https://www.propertytaxpartners.co.uk/blog/property-accountant-services/3m-mortgage-fraud-convicts-accountant-and-financial-adviser,,1,https://www.propertytaxpartners.co.uk/feed.xml,property-accountant-services,no,2026-07,yes,2026-05-28,2026-08-03,2026-05-28,2026-05-28 | MegaWave 3 RUN C: 3m-mortgage-fraud-convicts-accountant,2026-05-28,6,0,,,2716,2707,no,1,0,yes,cdf893f2b,6135,0,0,no,0,3,,true,49,1,2026-07-13,2026-09-04,0
/blog/property-accountant-services/a-complete-guide-to-uk-payroll-taxes-and-deductions-for-employers,https://www.propertytaxpartners.co.uk/blog/property-accountant-services/a-complete-guide-to-uk-payroll-taxes-and-deductions-for-employers,CRAWLED_NOT_INDEXED,Crawled - currently not indexed,NEUTRAL,2026-07-04T02:24:45Z,MOBILE,SUCCESSFUL,https://www.propertytaxpartners.co.uk/blog/property-accountant-services/a-complete-guide-to-uk-payroll-taxes-and-deductions-for-employers,https://www.propertytaxpartners.co.uk/blog/property-accountant-services/a-complete-guide-to-uk-payroll-taxes-and-deductions-for-employers,,2,https://www.propertytaxpartners.co.uk/feed.xml;https://www.propertytaxpartners.co.uk/sitemap.xml,property-accountant-services,no,2026-07,yes,2026-05-27,2026-06-23,2026-05-27,2026-05-27 | MW2 RUN M2-C-B1 C1: a-complete-guide-to-uk-payroll-taxe,2026-05-28,4,0,,,3579,3579,no,0,0,yes,a9ae467a9,6630,0,0,no,3,3,6,false,17,0,2026-06-06,2026-07-04,0
/blog/property-accountant-services/accounting-services-for-property-owners,https://www.propertytaxpartners.co.uk/blog/property-accountant-services/accounting-services-for-property-owners,CRAWLED_NOT_INDEXED,Crawled - currently not indexed,NEUTRAL,2026-07-22T17:41:18Z,MOBILE,SUCCESSFUL,https://www.propertytaxpartners.co.uk/blog/property-accountant-services/accounting-services-for-property-owners,https://www.propertytaxpartners.co.uk/blog/property-accountant-services/accounting-services-for-property-owners,,1,https://www.propertytaxpartners.co.uk/sitemap.xml,property-accountant-services,no,2026-07,yes,'2026-05-20',2026-08-05,2026-05-20,2026-05-20 | chore: pre-refactor baseline snapshot of working-tree s,2026-05-20,7,1,2026-05-30,2026-05-31,2808,2808,no,0,0,yes,cdf893f2b,6091,4,0,no,0,3,,true,203,0,2026-05-21,2026-09-08,0
/blog/property-accountant-services/beginners-guide-to-cis-verification-in-the-uk,https://www.propertytaxpartners.co.uk/blog/property-accountant-services/beginners-guide-to-cis-verification-in-the-uk,CRAWLED_NOT_INDEXED,Crawled - currently not indexed,NEUTRAL,2026-05-29T00:01:25Z,MOBILE,SUCCESSFUL,https://www.propertytaxpartners.co.uk/blog/property-accountant-services/beginners-guide-to-cis-verification-in-the-uk,https://www.propertytaxpartners.co.uk/blog/property-accountant-services/beginners-guide-to-cis-verification-in-the-uk,https://www.propertytaxpartners.co.uk/sitemap.xml,1,https://www.propertytaxpartners.co.uk/sitemap.xml,property-accountant-services,no,2026-05,yes,2026-05-27,2026-06-23,2026-05-27,2026-05-27 | MW2 RUN B-B1: beginners-guide-to-cis-verification-in-th,2026-05-28,5,0,,,2483,2483,no,1,0,yes,bc48d9f12,6088,0,0,no,3,3,7,false,79,0,2026-05-30,2026-09-21,0
/blog/property-accountant-services/belfast-property-accountant-specialist-tax-services,https://www.propertytaxpartners.co.uk/blog/property-accountant-services/belfast-property-accountant-specialist-tax-services,INDEXED,Submitted and indexed,PASS,2026-09-16T15:15:35Z,MOBILE,SUCCESSFUL,https://www.propertytaxpartners.co.uk/blog/property-accountant-services/belfast-property-accountant-specialist-tax-services,https://www.propertytaxpartners.co.uk/blog/property-accountant-services/belfast-property-accountant-specialist-tax-services,https://www.propertytaxpartners.co.uk/sitemap.xml,2,https://www.propertytaxpartners.co.uk/feed.xml;https://www.propertytaxpartners.co.uk/sitemap.xml,property-accountant-services,no,2026-09,yes,2026-04-10,2026-07-26,2026-04-10,"2026-04-10 | Property site: add 148 blog posts, 2 new category hubs,",2026-04-10,7,2,2026-05-29,2026-05-29,1493,1493,no,0,0,yes,c218d7a69,3855,0,0,no,0,3,,true,1050,7,2026-05-27,2026-10-08,0
/blog/property-accountant-services/brighton-property-accountant-specialist-tax-services,https://www.propertytaxpartners.co.uk/blog/property-accountant-services/brighton-property-accountant-specialist-tax-services,CRAWLED_NOT_INDEXED,Crawled - currently not indexed,NEUTRAL,2026-04-11T14:23:18Z,MOBILE,SUCCESSFUL,https://www.propertytaxpartners.co.uk/blog/property-accountant-services/brighton-property-accountant-specialist-tax-services,https://www.propertytaxpartners.co.uk/blog/property-accountant-services/brighton-property-accountant-specialist-tax-services,https://www.propertytaxpartners.co.uk/sitemap.xml,1,https://www.propertytaxpartners.co.uk/blog/property-accountant-services/property-accountant-norwich-landlords-2026,property-accountant-services,no,2026-04,yes,2026-04-10,2026-07-26,2026-04-10,"2026-04-10 | Property site: add 148 blog posts, 2 new category hubs,",2026-04-10,8,2,2026-05-29,2026-05-29,1479,1437,yes,107,2,no,5422c5e88,3543,0,0,no,0,3,,true,24,0,2026-04-12,2026-08-10,0
/blog/property-accountant-services/buy-to-let-accountants-near-me-guide,https://www.propertytaxpartners.co.uk/blog/property-accountant-services/buy-to-let-accountants-near-me-guide,CRAWLED_NOT_INDEXED,Crawled - currently not indexed,NEUTRAL,2026-05-20T12:01:29Z,MOBILE,SUCCESSFUL,https://www.propertytaxpartners.co.uk/blog/property-accountant-services/buy-to-let-accountants-near-me-guide,https://www.propertytaxpartners.co.uk/blog/property-accountant-services/buy-to-let-accountants-near-me-guide,https://www.propertytaxpartners.co.uk/sitemap.xml,2,https://www.propertytaxpartners.co.uk/feed.xml;https://www.propertytaxpartners.co.uk/sitemap.xml,property-accountant-services,no,2026-05,yes,2026-05-18,2026-06-23,2026-05-18,"2026-05-18 | Property: 7 new posts targeting GSC keyword gaps (1,025",2026-05-18,7,3,2026-06-02,2026-06-02,2063,1364,yes,108,3,no,e25afa910,5404,0,0,no,1,3,,false,32,0,2026-05-23,2026-09-24,0
/blog/property-accountant-services/cambridge-property-accountant-landlord-tax-services,https://www.propertytaxpartners.co.uk/blog/property-accountant-services/cambridge-property-accountant-landlord-tax-services,CRAWLED_NOT_INDEXED,Crawled - currently not indexed,NEUTRAL,2026-05-15T14:41:52Z,MOBILE,SUCCESSFUL,,,https://www.propertytaxpartners.co.uk/sitemap.xml,1,https://www.propertytaxpartners.co.uk/blog/property-accountant-services/property-accountant-norwich-landlords-2026,property-accountant-services,no,2026-05,yes,2026-04-10,2026-07-26,2026-04-10,"2026-04-10 | Property site: add 148 blog posts, 2 new category hubs,",2026-04-10,8,2,2026-05-29,2026-05-29,1369,1253,yes,76,1,no,80d51206c,3266,0,0,no,0,3,,true,35,0,2026-05-26,2026-08-31,0
/blog/property-accountant-services/can-you-claim-aia-on-second-hand-assets,https://www.propertytaxpartners.co.uk/blog/property-accountant-services/can-you-claim-aia-on-second-hand-assets,INDEXED,Submitted and indexed,PASS,2026-10-03T00:10:03Z,MOBILE,SUCCESSFUL,https://www.propertytaxpartners.co.uk/blog/property-accountant-services/can-you-claim-aia-on-second-hand-assets,https://www.propertytaxpartners.co.uk/blog/property-accountant-services/can-you-claim-aia-on-second-hand-assets,https://www.propertytaxpartners.co.uk/sitemap.xml,2,https://www.propertytaxpartners.co.uk/feed.xml;https://www.propertytaxpartners.co.uk/sitemap.xml,property-accountant-services,no,2026-10,yes,'2026-05-20',2026-07-26,2026-05-20,2026-05-20 | chore: pre-refactor baseline snapshot of working-tree s,2026-05-20,6,2,2026-06-02,2026-06-02,3473,3473,no,0,0,yes,b226ff381,7231,366,37,yes,5,3,4,false,6415,91,2026-05-21,2026-10-08,0
/blog/property-accountant-services/change-landlord-accountants,https://www.propertytaxpartners.co.uk/blog/property-accountant-services/change-landlord-accountants,CRAWLED_NOT_INDEXED,Crawled - currently not indexed,NEUTRAL,2026-07-03T14:53:16Z,MOBILE,SUCCESSFUL,https://www.propertytaxpartners.co.uk/blog/property-accountant-services/change-landlord-accountants,https://www.propertytaxpartners.co.uk/blog/property-accountant-services/change-landlord-accountants,https://www.propertytaxpartners.co.uk/sitemap.xml,1,https://www.propertytaxpartners.co.uk/feed.xml,property-accountant-services,no,2026-07,yes,2026-05-28,2026-07-26,2026-05-28,2026-05-28 | MegaWave 3 RUN C: change-landlord-accountants (M3-C-B3 ,2026-05-28,5,0,,,2146,2146,no,0,0,yes,cdf893f2b,4969,0,0,no,1,2,2,false,36,0,2026-07-06,2026-09-30,0
/blog/property-accountant-services/cheltenham-property-accountant-landlord-tax-services,https://www.propertytaxpartners.co.uk/blog/property-accountant-services/cheltenham-property-accountant-landlord-tax-services,CRAWLED_NOT_INDEXED,Crawled - currently not indexed,NEUTRAL,2026-05-29T08:24:35Z,MOBILE,SUCCESSFUL,,,https://www.propertytaxpartners.co.uk/sitemap.xml,1,https://www.propertytaxpartners.co.uk/blog/property-accountant-services/brighton-property-accountant-specialist-tax-services,property-accountant-services,no,2026-05,yes,2026-05-29,2026-07-26,2026-04-10,"2026-04-10 | Property site: add 148 blog posts, 2 new category hubs,",2026-04-10,9,2,2026-05-29,2026-05-29,1326,1692,yes,100,1,no,195e895eb,3539,0,0,no,0,3,,true,10,0,2026-06-08,2026-09-07,0
/blog/property-accountant-services/coventry-property-accountant,https://www.propertytaxpartners.co.uk/blog/property-accountant-services/coventry-property-accountant,INDEXED,Submitted and indexed,PASS,2026-10-05T06:42:04Z,MOBILE,SUCCESSFUL,https://www.propertytaxpartners.co.uk/blog/property-accountant-services/coventry-property-accountant,https://www.propertytaxpartners.co.uk/blog/property-accountant-services/coventry-property-accountant,,1,https://www.propertytaxpartners.co.uk/sitemap.xml,property-accountant-services,no,2026-10,yes,2026-04-01,2026-10-09,2026-04-01,2026-04-01 | content: add 52 Property blog posts (Phase 2 complete),2026-04-01,17,2,2026-05-29,2026-05-29,1459,1457,no,1,0,yes,b226ff381,3616,0,0,no,0,3,,true,165,3,2026-05-21,2026-10-07,0
/blog/property-accountant-services/derby-property-accountant-specialist-tax-services-local-landlords,https://www.propertytaxpartners.co.uk/blog/property-accountant-services/derby-property-accountant-specialist-tax-services-local-landlords,CRAWLED_NOT_INDEXED,Crawled - currently not indexed,NEUTRAL,2026-07-22T14:03:02Z,MOBILE,SUCCESSFUL,https://www.propertytaxpartners.co.uk/blog/property-accountant-services/derby-property-accountant-specialist-tax-services-local-landlords,https://www.propertytaxpartners.co.uk/blog/property-accountant-services/derby-property-accountant-specialist-tax-services-local-landlords,https://www.propertytaxpartners.co.uk/sitemap.xml,1,https://www.propertytaxpartners.co.uk/sitemap.xml,property-accountant-services,no,2026-07,yes,2026-04-10,2026-05-29,2026-04-10,"2026-04-10 | Property site: add 148 blog posts, 2 new category hubs,",2026-04-10,7,2,2026-05-29,2026-05-29,2427,2427,no,0,0,yes,22b82a407,5464,0,0,no,0,3,,true,50,1,2026-05-23,2026-09-08,0
/blog/property-accountant-services/ensuring-compliance-with-uk-payroll-reporting-regulations,https://www.propertytaxpartners.co.uk/blog/property-accountant-services/ensuring-compliance-with-uk-payroll-reporting-regulations,CRAWLED_NOT_INDEXED,Crawled - currently not indexed,NEUTRAL,2026-07-04T03:33:19Z,MOBILE,SUCCESSFUL,https://www.propertytaxpartners.co.uk/blog/property-accountant-services/ensuring-compliance-with-uk-payroll-reporting-regulations,https://www.propertytaxpartners.co.uk/blog/property-accountant-services/ensuring-compliance-with-uk-payroll-reporting-regulations,https://www.propertytaxpartners.co.uk/sitemap.xml,2,https://www.propertytaxpartners.co.uk/feed.xml;https://www.propertytaxpartners.co.uk/sitemap.xml,property-accountant-services,no,2026-07,yes,2026-05-27,,2026-05-27,2026-05-27 | MW2 RUN M2-C-B1 C5: ensuring-compliance-with-uk-payroll,2026-05-28,1,0,,,4076,4076,no,0,0,yes,4f9d895e2,7497,0,0,no,3,3,6,false,73,0,2026-06-02,2026-07-04,0
/blog/property-accountant-services/essential-bookkeeping-tips-for-sole-traders,https://www.propertytaxpartners.co.uk/blog/property-accountant-services/essential-bookkeeping-tips-for-sole-traders,CRAWLED_NOT_INDEXED,Crawled - currently not indexed,NEUTRAL,2026-07-04T14:29:37Z,MOBILE,SUCCESSFUL,https://www.propertytaxpartners.co.uk/blog/property-accountant-services/essential-bookkeeping-tips-for-sole-traders,https://www.propertytaxpartners.co.uk/blog/property-accountant-services/essential-bookkeeping-tips-for-sole-traders,https://www.propertytaxpartners.co.uk/sitemap.xml,2,https://www.propertytaxpartners.co.uk/feed.xml;https://www.propertytaxpartners.co.uk/sitemap.xml,property-accountant-services,no,2026-07,yes,2026-05-27,2026-05-29,2026-05-27,2026-05-27 | MW2 RUN M2-C-B1 C6: essential-bookkeeping-tips-for-sole,2026-05-28,5,0,,,3969,3972,no,1,0,yes,f4f6d9775,7242,0,0,no,3,3,5,false,8,0,2026-06-08,2026-07-03,0
/blog/property-accountant-services/essential-guidelines-for-running-payroll-effectively,https://www.propertytaxpartners.co.uk/blog/property-accountant-services/essential-guidelines-for-running-payroll-effectively,CRAWLED_NOT_INDEXED,Crawled - currently not indexed,NEUTRAL,2026-07-04T14:30:02Z,MOBILE,SUCCESSFUL,https://www.propertytaxpartners.co.uk/blog/property-accountant-services/essential-guidelines-for-running-payroll-effectively,https://www.propertytaxpartners.co.uk/blog/property-accountant-services/essential-guidelines-for-running-payroll-effectively,https://www.propertytaxpartners.co.uk/sitemap.xml,2,https://www.propertytaxpartners.co.uk/feed.xml;https://www.propertytaxpartners.co.uk/sitemap.xml,property-accountant-services,no,2026-07,yes,2026-05-27,2026-05-29,2026-05-27,2026-05-27 | MegaWave 2 C: essential-guidelines-for-running-payroll-,2026-05-28,3,0,,,3436,3436,no,0,0,yes,f4f6d9775,7609,0,0,no,1,3,5,false,8,0,2026-06-01,2026-07-02,0
/blog/property-accountant-services/exeter-property-accountant-specialist-tax-services,https://www.propertytaxpartners.co.uk/blog/property-accountant-services/exeter-property-accountant-specialist-tax-services,CRAWLED_NOT_INDEXED,Crawled - currently not indexed,NEUTRAL,2026-07-25T11:36:35Z,MOBILE,SUCCESSFUL,https://www.propertytaxpartners.co.uk/blog/property-accountant-services/exeter-property-accountant-specialist-tax-services,https://www.propertytaxpartners.co.uk/blog/property-accountant-services/exeter-property-accountant-specialist-tax-services,,0,,property-accountant-services,no,2026-07,yes,2026-04-10,2026-05-29,2026-04-10,"2026-04-10 | Property site: add 148 blog posts, 2 new category hubs,",2026-04-10,7,2,2026-05-29,2026-05-29,1467,1467,no,0,0,yes,27ec789ea,3528,0,0,no,0,3,,true,41,0,2026-05-30,2026-09-02,0
/blog/property-accountant-services/file-dormant-accounts-a-complete-guide,https://www.propertytaxpartners.co.uk/blog/property-accountant-services/file-dormant-accounts-a-complete-guide,CRAWLED_NOT_INDEXED,Crawled - currently not indexed,NEUTRAL,2026-05-29T00:01:48Z,MOBILE,SUCCESSFUL,https://www.propertytaxpartners.co.uk/blog/property-accountant-services/file-dormant-accounts-a-complete-guide,https://www.propertytaxpartners.co.uk/blog/property-accountant-services/file-dormant-accounts-a-complete-guide,https://www.propertytaxpartners.co.uk/sitemap.xml,1,https://www.propertytaxpartners.co.uk/sitemap.xml,property-accountant-services,no,2026-05,yes,2026-05-27,2026-07-20,2026-05-27,2026-05-27 | MegaWave 2 C: file-dormant-accounts-a-complete-guide (M,2026-05-28,4,0,,,3426,3426,no,9,0,yes,3407619ef,6937,0,0,no,3,3,4,false,82,0,2026-05-30,2026-08-23,0
/blog/property-accountant-services/hmrcs-loan-charge-settling-disguised-remuneration-schemes,https://www.propertytaxpartners.co.uk/blog/property-accountant-services/hmrcs-loan-charge-settling-disguised-remuneration-schemes,CRAWLED_NOT_INDEXED,Crawled - currently not indexed,NEUTRAL,2026-07-03T13:29:39Z,MOBILE,SUCCESSFUL,https://www.propertytaxpartners.co.uk/blog/property-accountant-services/hmrcs-loan-charge-settling-disguised-remuneration-schemes,https://www.propertytaxpartners.co.uk/blog/property-accountant-services/hmrcs-loan-charge-settling-disguised-remuneration-schemes,,2,https://www.propertytaxpartners.co.uk/feed.xml;https://www.propertytaxpartners.co.uk/blog/property-accountant-services/how-to-choose-a-property-accountant,property-accountant-services,no,2026-07,yes,2026-05-28,2026-06-23,2026-05-28,2026-05-28 | MW3 RUN A: hmrcs-loan-charge-settling-disguised-remuner,2026-05-28,4,0,,,2256,2256,no,0,0,yes,cdf893f2b,5301,0,0,no,0,3,,true,93,3,2026-07-11,2026-10-07,0
/blog/property-accountant-services/how-much-does-a-property-accountant-cost,https://www.propertytaxpartners.co.uk/blog/property-accountant-services/how-much-does-a-property-accountant-cost,INDEXED,Submitted and indexed,PASS,2026-10-09T22:34:16Z,MOBILE,SUCCESSFUL,https://www.propertytaxpartners.co.uk/blog/property-accountant-services/how-much-does-a-property-accountant-cost,https://www.propertytaxpartners.co.uk/blog/property-accountant-services/how-much-does-a-property-accountant-cost,https://www.propertytaxpartners.co.uk/sitemap.xml,2,https://www.propertytaxpartners.co.uk/feed.xml;https://www.propertytaxpartners.co.uk/sitemap.xml,property-accountant-services,no,2026-10,yes,2026-05-21,2026-05-30,2026-04-01,2026-04-01 | Cleanup: Organize files and fix generation scripts,2026-04-01,14,2,2026-04-11,2026-04-11,1392,1392,no,0,0,yes,b226ff381,3666,5,0,no,26,2,2,false,5758,89,2026-05-18,2026-10-08,1
/blog/property-accountant-services/how-to-choose-a-property-accountant,https://www.propertytaxpartners.co.uk/blog/property-accountant-services/how-to-choose-a-property-accountant,INDEXED,Submitted and indexed,PASS,2026-10-07T06:33:47Z,MOBILE,SUCCESSFUL,https://www.propertytaxpartners.co.uk/blog/property-accountant-services/how-to-choose-a-property-accountant,https://www.propertytaxpartners.co.uk/blog/property-accountant-services/how-to-choose-a-property-accountant,https://www.propertytaxpartners.co.uk/sitemap.xml,2,https://www.propertytaxpartners.co.uk/feed.xml;https://www.propertytaxpartners.co.uk/sitemap.xml,property-accountant-services,no,2026-10,yes,2026-03-31,2026-10-09,2026-04-01,2026-04-01 | Add Phase 1 and Phase 2 content generation: 67 new blog,2026-03-31,16,4,2026-05-29,2026-05-29,2303,2303,no,1,0,yes,b226ff381,5305,0,0,no,38,2,3,false,20,0,2026-05-04,2026-10-08,0
/blog/property-accountant-services/ipswich-property-accountant-tax-services-local-landlords,https://www.propertytaxpartners.co.uk/blog/property-accountant-services/ipswich-property-accountant-tax-services-local-landlords,CRAWLED_NOT_INDEXED,Crawled - currently not indexed,NEUTRAL,2026-07-07T05:23:49Z,MOBILE,SUCCESSFUL,https://www.propertytaxpartners.co.uk/blog/property-accountant-services/ipswich-property-accountant-tax-services-local-landlords,https://www.propertytaxpartners.co.uk/blog/property-accountant-services/ipswich-property-accountant-tax-services-local-landlords,https://www.propertytaxpartners.co.uk/sitemap.xml,0,,property-accountant-services,no,2026-07,yes,2026-04-10,2026-05-29,2026-04-10,"2026-04-10 | Property site: add 148 blog posts, 2 new category hubs,",2026-04-10,7,2,2026-05-29,2026-05-29,2205,2205,no,0,0,yes,dfb3d277d,5456,0,0,no,0,3,,true,18,0,2026-05-25,2026-06-24,0
/blog/property-accountant-services/liverpool-property-accountant-tax-services-landlords,https://www.propertytaxpartners.co.uk/blog/property-accountant-services/liverpool-property-accountant-tax-services-landlords,INDEXED,Submitted and indexed,PASS,2026-10-06T01:25:29Z,MOBILE,SUCCESSFUL,https://www.propertytaxpartners.co.uk/blog/property-accountant-services/liverpool-property-accountant-tax-services-landlords,https://www.propertytaxpartners.co.uk/blog/property-accountant-services/liverpool-property-accountant-tax-services-landlords,https://www.propertytaxpartners.co.uk/sitemap.xml,0,,property-accountant-services,no,2026-10,yes,2026-05-21,2026-10-09,2026-04-10,"2026-04-10 | Property site: add 148 blog posts, 2 new category hubs,",2026-04-10,14,3,2026-06-06,2026-06-07,2444,2443,no,1,0,yes,b226ff381,5848,0,0,no,0,3,,true,254,1,2026-05-16,2026-10-08,0
/blog/property-accountant-services/newcastle-property-accountant-landlord-tax-services,https://www.propertytaxpartners.co.uk/blog/property-accountant-services/newcastle-property-accountant-landlord-tax-services,CRAWLED_NOT_INDEXED,Crawled - currently not indexed,NEUTRAL,2026-08-23T14:52:23Z,MOBILE,SUCCESSFUL,https://www.propertytaxpartners.co.uk/blog/property-accountant-services/newcastle-property-accountant-landlord-tax-services,https://www.propertytaxpartners.co.uk/blog/property-accountant-services/newcastle-property-accountant-landlord-tax-services,,1,https://www.propertytaxpartners.co.uk/feed.xml,property-accountant-services,no,2026-08,yes,2026-04-10,2026-05-29,2026-04-10,"2026-04-10 | Property site: add 148 blog posts, 2 new category hubs,",2026-04-10,5,2,2026-05-29,2026-05-29,1552,1552,no,0,0,yes,7eb620c80,3766,0,0,no,0,3,,true,41,0,2026-05-17,2026-08-22,0
/blog/property-accountant-services/peterborough-property-accountant-specialist-tax-services,https://www.propertytaxpartners.co.uk/blog/property-accountant-services/peterborough-property-accountant-specialist-tax-services,CRAWLED_NOT_INDEXED,Crawled - currently not indexed,NEUTRAL,2026-04-10T23:25:29Z,MOBILE,SUCCESSFUL,https://www.propertytaxpartners.co.uk/blog/property-accountant-services/peterborough-property-accountant-specialist-tax-services,https://www.propertytaxpartners.co.uk/blog/property-accountant-services/peterborough-property-accountant-specialist-tax-services,https://www.propertytaxpartners.co.uk/sitemap.xml,1,https://www.propertytaxpartners.co.uk/sitemap.xml,property-accountant-services,no,2026-04,yes,2026-04-10,2026-07-28,2026-04-10,"2026-04-10 | Property site: add 148 blog posts, 2 new category hubs,",2026-04-10,9,2,2026-05-21,2026-05-23,2391,1304,yes,216,2,no,5422c5e88,6025,0,0,no,1,3,3,false,109,0,2026-04-11,2026-08-08,0
/blog/property-accountant-services/plymouth-property-accountant-local-landlord-tax-services,https://www.propertytaxpartners.co.uk/blog/property-accountant-services/plymouth-property-accountant-local-landlord-tax-services,CRAWLED_NOT_INDEXED,Crawled - currently not indexed,NEUTRAL,2026-05-28T18:50:40Z,MOBILE,SUCCESSFUL,https://www.propertytaxpartners.co.uk/blog/property-accountant-services/plymouth-property-accountant-local-landlord-tax-services,https://www.propertytaxpartners.co.uk/blog/property-accountant-services/plymouth-property-accountant-local-landlord-tax-services,,1,https://www.propertytaxpartners.co.uk/sitemap.xml,property-accountant-services,no,2026-05,yes,2026-04-10,2026-05-29,2026-04-10,"2026-04-10 | Property site: add 148 blog posts, 2 new category hubs,",2026-04-10,5,2,2026-05-29,2026-05-29,1361,1201,yes,72,1,no,195e895eb,3632,0,0,no,0,3,,true,46,0,2026-06-11,2026-09-07,0
/blog/property-accountant-services/portsmouth-property-accountant-landlord-tax-services,https://www.propertytaxpartners.co.uk/blog/property-accountant-services/portsmouth-property-accountant-landlord-tax-services,INDEXED,Submitted and indexed,PASS,2026-07-24T07:33:28Z,MOBILE,SUCCESSFUL,https://www.propertytaxpartners.co.uk/blog/property-accountant-services/portsmouth-property-accountant-landlord-tax-services,https://www.propertytaxpartners.co.uk/blog/property-accountant-services/portsmouth-property-accountant-landlord-tax-services,https://www.propertytaxpartners.co.uk/sitemap.xml,0,,property-accountant-services,no,2026-07,yes,2026-05-29,2026-10-09,2026-04-10,"2026-04-10 | Property site: add 148 blog posts, 2 new category hubs,",2026-04-10,6,2,2026-05-29,2026-05-29,1465,1464,no,1,0,yes,27ec789ea,3546,0,0,no,0,3,,true,87,1,2026-06-18,2026-10-04,1
/blog/property-accountant-services/property-accountant-aberdeen-landlords-tax-services,https://www.propertytaxpartners.co.uk/blog/property-accountant-services/property-accountant-aberdeen-landlords-tax-services,CRAWLED_NOT_INDEXED,Crawled - currently not indexed,NEUTRAL,2026-05-29T01:49:04Z,MOBILE,SUCCESSFUL,https://www.propertytaxpartners.co.uk/blog/property-accountant-services/property-accountant-aberdeen-landlords-tax-services,https://www.propertytaxpartners.co.uk/blog/property-accountant-services/property-accountant-aberdeen-landlords-tax-services,https://www.propertytaxpartners.co.uk/sitemap.xml,0,,property-accountant-services,no,2026-05,yes,2026-04-10,2026-05-29,2026-04-10,"2026-04-10 | Property site: add 148 blog posts, 2 new category hubs,",2026-04-10,6,2,2026-05-29,2026-05-29,1509,1256,yes,120,1,no,195e895eb,3508,0,0,no,1,3,,false,19,1,2026-05-30,2026-08-21,1
/blog/property-accountant-services/property-accountant-bath-expert-tax-services-local-landlords,https://www.propertytaxpartners.co.uk/blog/property-accountant-services/property-accountant-bath-expert-tax-services-local-landlords,CRAWLED_NOT_INDEXED,Crawled - currently not indexed,NEUTRAL,2026-05-29T14:27:20Z,MOBILE,SUCCESSFUL,https://www.propertytaxpartners.co.uk/blog/property-accountant-services/property-accountant-bath-expert-tax-services-local-landlords,https://www.propertytaxpartners.co.uk/blog/property-accountant-services/property-accountant-bath-expert-tax-services-local-landlords,,0,,property-accountant-services,no,2026-05,yes,2026-04-10,2026-07-26,2026-04-10,"2026-04-10 | Property site: add 148 blog posts, 2 new category hubs,",2026-04-10,7,2,2026-05-29,2026-05-29,1564,1564,no,0,0,yes,27ec789ea,3765,0,0,no,0,3,,true,97,1,2026-05-30,2026-09-10,0
/blog/property-accountant-services/property-accountant-bournemouth-landlords-tax-services,https://www.propertytaxpartners.co.uk/blog/property-accountant-services/property-accountant-bournemouth-landlords-tax-services,INDEXED,Submitted and indexed,PASS,2026-07-17T12:22:49Z,MOBILE,SUCCESSFUL,https://www.propertytaxpartners.co.uk/blog/property-accountant-services/property-accountant-bournemouth-landlords-tax-services,https://www.propertytaxpartners.co.uk/blog/property-accountant-services/property-accountant-bournemouth-landlords-tax-services,https://www.propertytaxpartners.co.uk/sitemap.xml,0,,property-accountant-services,no,2026-07,yes,2026-05-21,2026-08-21,2026-04-10,"2026-04-10 | Property site: add 148 blog posts, 2 new category hubs,",2026-04-10,8,2,2026-05-21,2026-05-23,2002,1987,no,6,0,yes,5a497670d,5132,0,0,no,1,3,3,false,161,0,2026-05-16,2026-10-06,0
/blog/property-accountant-services/property-accountant-dundee-landlord-tax-services,https://www.propertytaxpartners.co.uk/blog/property-accountant-services/property-accountant-dundee-landlord-tax-services,INDEXED,Submitted and indexed,PASS,2026-10-07T10:29:57Z,MOBILE,SUCCESSFUL,https://www.propertytaxpartners.co.uk/blog/property-accountant-services/property-accountant-dundee-landlord-tax-services,https://www.propertytaxpartners.co.uk/blog/property-accountant-services/property-accountant-dundee-landlord-tax-services,https://www.propertytaxpartners.co.uk/sitemap.xml,1,https://www.propertytaxpartners.co.uk/sitemap.xml,property-accountant-services,no,2026-10,yes,2026-04-10,2026-05-29,2026-04-10,"2026-04-10 | Property site: add 148 blog posts, 2 new category hubs,",2026-04-10,7,2,2026-05-29,2026-05-29,1671,1671,no,0,0,yes,b226ff381,4237,0,0,no,1,3,,false,3,0,2026-07-07,2026-08-04,0
/blog/property-accountant-services/property-accountant-edinburgh-landlord-tax-services,https://www.propertytaxpartners.co.uk/blog/property-accountant-services/property-accountant-edinburgh-landlord-tax-services,CRAWLED_NOT_INDEXED,Crawled - currently not indexed,NEUTRAL,2026-08-23T22:33:35Z,MOBILE,SUCCESSFUL,https://www.propertytaxpartners.co.uk/blog/property-accountant-services/property-accountant-edinburgh-landlord-tax-services,https://www.propertytaxpartners.co.uk/blog/property-accountant-services/property-accountant-edinburgh-landlord-tax-services,https://www.propertytaxpartners.co.uk/sitemap.xml,0,,property-accountant-services,no,2026-08,yes,2026-04-10,2026-06-07,2026-04-10,"2026-04-10 | Property site: add 148 blog posts, 2 new category hubs,",2026-04-10,8,2,2026-05-29,2026-05-29,1743,1742,no,1,0,yes,8787f7fbe,4604,0,0,no,2,3,,false,101,1,2026-05-30,2026-08-27,2
/blog/property-accountant-services/property-accountant-glasgow,https://www.propertytaxpartners.co.uk/blog/property-accountant-services/property-accountant-glasgow,INDEXED,Submitted and indexed,PASS,2026-10-01T04:38:09Z,MOBILE,SUCCESSFUL,https://www.propertytaxpartners.co.uk/blog/property-accountant-services/property-accountant-glasgow,https://www.propertytaxpartners.co.uk/blog/property-accountant-services/property-accountant-glasgow,,2,https://www.propertytaxpartners.co.uk/feed.xml;https://www.propertytaxpartners.co.uk/sitemap.xml,property-accountant-services,no,2026-10,yes,2026-04-01,2026-10-09,2026-04-01,2026-04-01 | content: add 52 Property blog posts (Phase 2 complete),2026-04-01,16,3,2026-05-29,2026-05-29,2433,2432,no,1,0,yes,b226ff381,5131,0,0,no,2,3,,false,172,0,2026-05-18,2026-10-08,1
/blog/property-accountant-services/property-accountant-leicester,https://www.propertytaxpartners.co.uk/blog/property-accountant-services/property-accountant-leicester,INDEXED,Submitted and indexed,PASS,2026-08-30T06:23:42Z,MOBILE,SUCCESSFUL,https://www.propertytaxpartners.co.uk/blog/property-accountant-services/property-accountant-leicester,https://www.propertytaxpartners.co.uk/blog/property-accountant-services/property-accountant-leicester,https://www.propertytaxpartners.co.uk/sitemap.xml,2,https://www.propertytaxpartners.co.uk/feed.xml;https://www.propertytaxpartners.co.uk/sitemap.xml,property-accountant-services,no,2026-08,yes,2026-05-21,2026-10-09,2026-04-01,2026-04-01 | Cleanup: Organize files and fix generation scripts,2026-04-01,18,2,2026-05-21,2026-05-23,1404,1401,no,1,0,yes,8c915e776,4142,0,0,no,1,3,3,false,437,5,2026-05-17,2026-10-08,1
/blog/property-accountant-services/property-accountant-middlesbrough-specialist-tax-services,https://www.propertytaxpartners.co.uk/blog/property-accountant-services/property-accountant-middlesbrough-specialist-tax-services,CRAWLED_NOT_INDEXED,Crawled - currently not indexed,NEUTRAL,2026-07-17T14:16:30Z,MOBILE,SUCCESSFUL,https://www.propertytaxpartners.co.uk/blog/property-accountant-services/property-accountant-middlesbrough-specialist-tax-services,https://www.propertytaxpartners.co.uk/blog/property-accountant-services/property-accountant-middlesbrough-specialist-tax-services,,0,,property-accountant-services,no,2026-07,yes,2026-04-10,2026-07-26,2026-04-10,"2026-04-10 | Property site: add 148 blog posts, 2 new category hubs,",2026-04-10,8,2,2026-05-29,2026-05-29,1496,1496,no,0,0,yes,27ec789ea,3923,0,0,no,0,3,,true,98,1,2026-05-16,2026-08-21,0
/blog/property-accountant-services/property-accountant-milton-keynes-landlord-guide,https://www.propertytaxpartners.co.uk/blog/property-accountant-services/property-accountant-milton-keynes-landlord-guide,CRAWLED_NOT_INDEXED,Crawled - currently not indexed,NEUTRAL,2026-05-15T15:16:51Z,MOBILE,SUCCESSFUL,,,https://www.propertytaxpartners.co.uk/sitemap.xml,1,https://www.propertytaxpartners.co.uk/sitemap.xml,property-accountant-services,no,2026-05,yes,2026-04-10,2026-06-23,2026-04-10,"2026-04-10 | Property site: add 148 blog posts, 2 new category hubs,",2026-04-10,10,3,2026-05-29,2026-05-29,3402,1025,yes,215,2,no,80d51206c,7162,0,0,no,0,3,,true,113,0,2026-05-20,2026-07-08,0
/blog/property-accountant-services/property-accountant-near-me,https://www.propertytaxpartners.co.uk/blog/property-accountant-services/property-accountant-near-me,CRAWLED_NOT_INDEXED,Crawled - currently not indexed,NEUTRAL,2026-05-30T01:33:28Z,MOBILE,SUCCESSFUL,https://www.propertytaxpartners.co.uk/blog/property-accountant-services/property-accountant-near-me,https://www.propertytaxpartners.co.uk/blog/property-accountant-services/property-accountant-near-me,https://www.propertytaxpartners.co.uk/sitemap.xml,2,https://www.propertytaxpartners.co.uk/feed.xml;https://www.propertytaxpartners.co.uk/sitemap.xml,property-accountant-services,no,2026-05,yes,2026-03-31,2026-07-26,2026-04-01,2026-04-01 | Add Phase 1 and Phase 2 content generation: 67 new blog,2026-03-31,13,3,2026-05-29,2026-05-29,2381,2381,no,0,0,yes,22b82a407,5775,0,0,no,3,3,,false,37,0,2026-04-03,2026-09-08,0
/blog/property-accountant-services/property-accountant-northampton-expert-services,https://www.propertytaxpartners.co.uk/blog/property-accountant-services/property-accountant-northampton-expert-services,CRAWLED_NOT_INDEXED,Crawled - currently not indexed,NEUTRAL,2026-07-04T14:01:25Z,MOBILE,SUCCESSFUL,https://www.propertytaxpartners.co.uk/blog/property-accountant-services/property-accountant-northampton-expert-services,https://www.propertytaxpartners.co.uk/blog/property-accountant-services/property-accountant-northampton-expert-services,https://www.propertytaxpartners.co.uk/sitemap.xml,1,https://www.propertytaxpartners.co.uk/feed.xml,property-accountant-services,no,2026-07,yes,2026-04-10,2026-07-26,2026-04-10,"2026-04-10 | Property site: add 148 blog posts, 2 new category hubs,",2026-04-10,6,2,2026-05-29,2026-05-29,1408,1408,no,0,0,yes,7eb620c80,3602,0,0,no,0,3,,true,101,0,2026-05-29,2026-07-05,0
/blog/property-accountant-services/property-accountant-norwich-landlords-2026,https://www.propertytaxpartners.co.uk/blog/property-accountant-services/property-accountant-norwich-landlords-2026,CRAWLED_NOT_INDEXED,Crawled - currently not indexed,NEUTRAL,2026-05-29T17:06:14Z,MOBILE,SUCCESSFUL,,,https://www.propertytaxpartners.co.uk/sitemap.xml,1,https://www.propertytaxpartners.co.uk/sitemap.xml,property-accountant-services,no,2026-05,yes,2026-04-10,2026-07-26,2026-04-10,"2026-04-10 | Property site: add 148 blog posts, 2 new category hubs,",2026-04-10,7,2,2026-05-29,2026-05-29,1444,1444,no,0,0,yes,7eb620c80,3314,0,0,no,0,3,,true,5,0,2026-06-11,2026-07-01,0
/blog/property-accountant-services/property-accountant-nottingham-landlords,https://www.propertytaxpartners.co.uk/blog/property-accountant-services/property-accountant-nottingham-landlords,CRAWLED_NOT_INDEXED,Crawled - currently not indexed,NEUTRAL,2026-07-15T05:05:30Z,MOBILE,SUCCESSFUL,https://www.propertytaxpartners.co.uk/blog/property-accountant-services/property-accountant-nottingham-landlords,https://www.propertytaxpartners.co.uk/blog/property-accountant-services/property-accountant-nottingham-landlords,,1,https://www.propertytaxpartners.co.uk/feed.xml,property-accountant-services,no,2026-07,yes,'2026-05-21',2026-08-21,2026-04-10,"2026-04-10 | Property site: add 148 blog posts, 2 new category hubs,",2026-04-10,10,2,2026-05-21,2026-05-23,2232,2227,no,5,0,yes,0b7df7dc2,5366,0,0,no,0,3,,true,529,0,2026-05-16,2026-07-16,0
/blog/property-accountant-services/property-accountant-oxford-guide-local-landlords,https://www.propertytaxpartners.co.uk/blog/property-accountant-services/property-accountant-oxford-guide-local-landlords,CRAWLED_NOT_INDEXED,Crawled - currently not indexed,NEUTRAL,2026-05-29T02:53:31Z,MOBILE,SUCCESSFUL,https://www.propertytaxpartners.co.uk/blog/property-accountant-services/property-accountant-oxford-guide-local-landlords,https://www.propertytaxpartners.co.uk/blog/property-accountant-services/property-accountant-oxford-guide-local-landlords,https://www.propertytaxpartners.co.uk/sitemap.xml,1,https://www.propertytaxpartners.co.uk/feed.xml,property-accountant-services,no,2026-05,yes,2026-04-10,2026-06-06,2026-04-10,"2026-04-10 | Property site: add 148 blog posts, 2 new category hubs,",2026-04-10,7,2,2026-05-29,2026-05-29,1551,1414,yes,150,1,no,e4cecef7d,3704,0,0,no,0,3,,true,290,0,2026-05-29,2026-09-15,0
/blog/property-accountant-services/property-accountant-preston-expert-tax-services-local-landlords,https://www.propertytaxpartners.co.uk/blog/property-accountant-services/property-accountant-preston-expert-tax-services-local-landlords,CRAWLED_NOT_INDEXED,Crawled - currently not indexed,NEUTRAL,2026-05-29T10:00:25Z,MOBILE,SUCCESSFUL,,,https://www.propertytaxpartners.co.uk/sitemap.xml,1,https://www.propertytaxpartners.co.uk/sitemap.xml,property-accountant-services,no,2026-05,yes,2026-04-10,2026-07-26,2026-04-10,"2026-04-10 | Property site: add 148 blog posts, 2 new category hubs,",2026-04-10,7,2,2026-05-29,2026-05-29,1204,1156,yes,80,1,no,e4cecef7d,3549,0,0,no,0,3,,true,78,0,2026-06-05,2026-08-07,0
/blog/property-accountant-services/property-accountant-reading-specialist-tax-services,https://www.propertytaxpartners.co.uk/blog/property-accountant-services/property-accountant-reading-specialist-tax-services,CRAWLED_NOT_INDEXED,Crawled - currently not indexed,NEUTRAL,2026-07-25T20:11:22Z,MOBILE,SUCCESSFUL,https://www.propertytaxpartners.co.uk/blog/property-accountant-services/property-accountant-reading-specialist-tax-services,https://www.propertytaxpartners.co.uk/blog/property-accountant-services/property-accountant-reading-specialist-tax-services,https://www.propertytaxpartners.co.uk/sitemap.xml,1,https://www.propertytaxpartners.co.uk/feed.xml,property-accountant-services,no,2026-07,yes,2026-04-10,2026-07-26,2026-04-10,"2026-04-10 | Property site: add 148 blog posts, 2 new category hubs,",2026-04-10,7,2,2026-05-29,2026-05-29,1404,1404,no,0,0,yes,7eb620c80,3706,0,0,no,0,3,,true,14,0,2026-05-30,2026-09-24,0
/blog/property-accountant-services/property-accountant-stockport-landlords,https://www.propertytaxpartners.co.uk/blog/property-accountant-services/property-accountant-stockport-landlords,CRAWLED_NOT_INDEXED,Crawled - currently not indexed,NEUTRAL,2026-10-06T07:43:04Z,MOBILE,SUCCESSFUL,https://www.propertytaxpartners.co.uk/blog/property-accountant-services/property-accountant-stockport-landlords,https://www.propertytaxpartners.co.uk/blog/property-accountant-services/property-accountant-stockport-landlords,https://www.propertytaxpartners.co.uk/sitemap.xml,1,https://www.propertytaxpartners.co.uk/sitemap.xml,property-accountant-services,no,2026-10,yes,2026-04-10,2026-08-05,2026-04-10,"2026-04-10 | Property site: add 148 blog posts, 2 new category hubs,",2026-04-10,10,3,2026-05-29,2026-05-29,2273,2273,no,0,0,yes,b226ff381,5547,0,0,no,0,3,,true,9,0,2026-05-21,2026-06-01,0
/blog/property-accountant-services/property-accountant-swansea-landlord-tax-services,https://www.propertytaxpartners.co.uk/blog/property-accountant-services/property-accountant-swansea-landlord-tax-services,CRAWLED_NOT_INDEXED,Crawled - currently not indexed,NEUTRAL,2026-07-18T00:33:34Z,MOBILE,SUCCESSFUL,https://www.propertytaxpartners.co.uk/blog/property-accountant-services/property-accountant-swansea-landlord-tax-services,https://www.propertytaxpartners.co.uk/blog/property-accountant-services/property-accountant-swansea-landlord-tax-services,,0,,property-accountant-services,no,2026-07,yes,2026-05-21,2026-07-28,2026-04-10,"2026-04-10 | Property site: add 148 blog posts, 2 new category hubs,",2026-04-10,6,2,2026-05-21,2026-05-23,1188,1188,no,0,0,yes,e4cecef7d,3899,0,0,no,1,3,3,false,127,1,2026-05-17,2026-10-03,0
/blog/property-accountant-services/property-accountant-warrington-landlord-services-2026,https://www.propertytaxpartners.co.uk/blog/property-accountant-services/property-accountant-warrington-landlord-services-2026,CRAWLED_NOT_INDEXED,Crawled - currently not indexed,NEUTRAL,2026-05-29T00:59:17Z,MOBILE,SUCCESSFUL,https://www.propertytaxpartners.co.uk/blog/property-accountant-services/property-accountant-warrington-landlord-services-2026,https://www.propertytaxpartners.co.uk/blog/property-accountant-services/property-accountant-warrington-landlord-services-2026,https://www.propertytaxpartners.co.uk/sitemap.xml,0,,property-accountant-services,no,2026-05,yes,2026-04-10,2026-05-29,2026-04-10,"2026-04-10 | Property site: add 148 blog posts, 2 new category hubs,",2026-04-10,5,2,2026-05-29,2026-05-29,1438,1239,yes,78,1,no,e4cecef7d,3630,0,0,no,0,3,,true,90,0,2026-05-30,2026-09-08,0
/blog/property-accountant-services/property-accountant-wolverhampton-specialist-tax-services,https://www.propertytaxpartners.co.uk/blog/property-accountant-services/property-accountant-wolverhampton-specialist-tax-services,CRAWLED_NOT_INDEXED,Crawled - currently not indexed,NEUTRAL,2026-06-20T15:48:09Z,MOBILE,SUCCESSFUL,https://www.propertytaxpartners.co.uk/blog/property-accountant-services/property-accountant-wolverhampton-specialist-tax-services,https://www.propertytaxpartners.co.uk/blog/property-accountant-services/property-accountant-wolverhampton-specialist-tax-services,,0,,property-accountant-services,no,2026-06,yes,2026-05-21,2026-08-21,2026-04-10,"2026-04-10 | Property site: add 148 blog posts, 2 new category hubs,",2026-04-10,7,2,2026-05-21,2026-05-23,1457,1456,no,2,0,yes,e4cecef7d,4274,0,0,no,1,3,3,false,136,1,2026-05-17,2026-08-29,0
/blog/property-accountant-services/property-management-accounting-services,https://www.propertytaxpartners.co.uk/blog/property-accountant-services/property-management-accounting-services,DISCOVERED_NOT_INDEXED,Discovered – currently not indexed,NEUTRAL,,CRAWLING_USER_AGENT_UNSPECIFIED,PAGE_FETCH_STATE_UNSPECIFIED,,,https://www.propertytaxpartners.co.uk/sitemap.xml,1,https://www.propertytaxpartners.co.uk/sitemap.xml,property-accountant-services,no,,yes,2026-04-01,2026-06-23,2026-04-01,2026-04-01 | content: add 52 Property blog posts (Phase 2 complete),2026-04-01,16,2,2026-06-01,2026-06-02,2324,,,,,,,6307,0,0,no,1,3,3,false,41,1,2026-05-13,2026-09-03,0
/blog/property-accountant-services/slough-property-accountant-landlord-tax-services,https://www.propertytaxpartners.co.uk/blog/property-accountant-services/slough-property-accountant-landlord-tax-services,INDEXED,Submitted and indexed,PASS,2026-10-06T11:21:36Z,MOBILE,SUCCESSFUL,https://www.propertytaxpartners.co.uk/blog/property-accountant-services/slough-property-accountant-landlord-tax-services,https://www.propertytaxpartners.co.uk/blog/property-accountant-services/slough-property-accountant-landlord-tax-services,https://www.propertytaxpartners.co.uk/sitemap.xml,1,https://www.propertytaxpartners.co.uk/sitemap.xml,property-accountant-services,no,2026-10,yes,2026-04-10,2026-07-26,2026-04-10,"2026-04-10 | Property site: add 148 blog posts, 2 new category hubs,",2026-04-10,7,2,2026-05-29,2026-05-29,1231,1231,no,0,0,yes,b226ff381,3405,0,0,no,0,3,,true,56,0,2026-05-21,2026-10-08,0
/blog/property-accountant-services/sunderland-property-accountant-specialist-tax-services,https://www.propertytaxpartners.co.uk/blog/property-accountant-services/sunderland-property-accountant-specialist-tax-services,CRAWLED_NOT_INDEXED,Crawled - currently not indexed,NEUTRAL,2026-05-28T17:48:04Z,MOBILE,SUCCESSFUL,https://www.propertytaxpartners.co.uk/blog/property-accountant-services/sunderland-property-accountant-specialist-tax-services,https://www.propertytaxpartners.co.uk/blog/property-accountant-services/sunderland-property-accountant-specialist-tax-services,,0,,property-accountant-services,no,2026-05,yes,2026-04-10,2026-07-26,2026-04-10,"2026-04-10 | Property site: add 148 blog posts, 2 new category hubs,",2026-04-10,7,2,2026-05-29,2026-05-29,1505,1264,yes,52,1,no,195e895eb,4044,0,0,no,0,3,,true,66,1,2026-05-29,2026-09-24,1
/blog/property-accountant-services/swindon-property-accountant-specialist-tax-services,https://www.propertytaxpartners.co.uk/blog/property-accountant-services/swindon-property-accountant-specialist-tax-services,CRAWLED_NOT_INDEXED,Crawled - currently not indexed,NEUTRAL,2026-07-04T21:50:42Z,MOBILE,SUCCESSFUL,https://www.propertytaxpartners.co.uk/blog/property-accountant-services/swindon-property-accountant-specialist-tax-services,https://www.propertytaxpartners.co.uk/blog/property-accountant-services/swindon-property-accountant-specialist-tax-services,https://www.propertytaxpartners.co.uk/sitemap.xml,1,https://www.propertytaxpartners.co.uk/sitemap.xml,property-accountant-services,no,2026-07,yes,2026-04-10,2026-05-29,2026-04-10,"2026-04-10 | Property site: add 148 blog posts, 2 new category hubs,",2026-04-10,5,2,2026-05-29,2026-05-29,2366,2366,no,0,0,yes,22b82a407,5357,0,0,no,0,3,,true,34,0,2026-04-12,2026-07-03,0
/blog/property-accountant-services/vat-calculation-calculator,https://www.propertytaxpartners.co.uk/blog/property-accountant-services/vat-calculation-calculator,INDEXED,Submitted and indexed,PASS,2026-09-10T08:35:30Z,MOBILE,SUCCESSFUL,https://www.propertytaxpartners.co.uk/blog/property-accountant-services/vat-calculation-calculator,https://www.propertytaxpartners.co.uk/blog/property-accountant-services/vat-calculation-calculator,https://www.propertytaxpartners.co.uk/sitemap.xml,1,https://www.propertytaxpartners.co.uk/sitemap.xml,property-accountant-services,no,2026-09,yes,'2026-05-19',2026-10-09,2026-05-20,2026-05-20 | chore: pre-refactor baseline snapshot of working-tree s,2026-05-20,6,0,,,1422,1425,no,1,0,yes,c218d7a69,2615,0,0,no,0,3,,true,317,1,2026-05-20,2026-10-08,0
/blog/property-accountant-services/vat-how-to-calculate,https://www.propertytaxpartners.co.uk/blog/property-accountant-services/vat-how-to-calculate,INDEXED,Submitted and indexed,PASS,2026-09-29T23:33:39Z,MOBILE,SUCCESSFUL,https://www.propertytaxpartners.co.uk/blog/property-accountant-services/vat-how-to-calculate,https://www.propertytaxpartners.co.uk/blog/property-accountant-services/vat-how-to-calculate,https://www.propertytaxpartners.co.uk/sitemap.xml,2,https://www.propertytaxpartners.co.uk/feed.xml;https://www.propertytaxpartners.co.uk/sitemap.xml,property-accountant-services,no,2026-09,yes,'2026-05-19',2026-10-09,2026-05-20,2026-05-20 | chore: pre-refactor baseline snapshot of working-tree s,2026-05-20,7,2,2026-06-06,2026-06-07,2431,2430,no,1,0,yes,b226ff381,5206,0,0,no,1,3,,false,207,1,2026-05-21,2026-10-08,0
/blog/property-accountant-services/vat-tax-calculator,https://www.propertytaxpartners.co.uk/blog/property-accountant-services/vat-tax-calculator,CRAWLED_NOT_INDEXED,Crawled - currently not indexed,NEUTRAL,2026-07-24T00:31:27Z,MOBILE,SUCCESSFUL,https://www.propertytaxpartners.co.uk/blog/property-accountant-services/vat-tax-calculator,https://www.propertytaxpartners.co.uk/blog/property-accountant-services/vat-tax-calculator,https://www.propertytaxpartners.co.uk/sitemap.xml,1,https://www.propertytaxpartners.co.uk/sitemap.xml,property-accountant-services,no,2026-07,yes,'2026-05-19',2026-06-23,2026-05-20,2026-05-20 | property: Create new page /blog/vat-tax-calculator via ,2026-05-20,4,1,2026-06-02,2026-06-02,1802,1802,no,0,0,yes,cdf893f2b,5003,0,0,no,0,3,,true,31,1,2026-05-21,2026-08-20,0
/blog/property-accountant-services/what-does-a-property-accountant-do,https://www.propertytaxpartners.co.uk/blog/property-accountant-services/what-does-a-property-accountant-do,INDEXED,Submitted and indexed,PASS,2026-10-05T22:11:10Z,MOBILE,SUCCESSFUL,https://www.propertytaxpartners.co.uk/blog/property-accountant-services/what-does-a-property-accountant-do,https://www.propertytaxpartners.co.uk/blog/property-accountant-services/what-does-a-property-accountant-do,,2,https://www.propertytaxpartners.co.uk/blog/non-resident-landlord-tax/non-resident-cgt-selling-uk-property-overseas-guide;https://www.propertytaxpartners.co.uk/sitemap.xml,property-accountant-services,no,2026-10,yes,2026-05-21,2026-10-09,2026-04-01,2026-04-01 | Add Phase 1 and Phase 2 content generation: 67 new blog,2026-03-31,19,5,2026-05-29,2026-05-29,2680,2680,no,1,0,yes,b226ff381,7186,0,0,no,85,2,2,false,313,1,2026-04-03,2026-10-08,0
/blog/property-accountant-services/why-cardiff-landlords-need-specialist-property-accountant-2026,https://www.propertytaxpartners.co.uk/blog/property-accountant-services/why-cardiff-landlords-need-specialist-property-accountant-2026,INDEXED,Submitted and indexed,PASS,2026-07-04T01:01:22Z,MOBILE,SUCCESSFUL,https://www.propertytaxpartners.co.uk/blog/property-accountant-services/why-cardiff-landlords-need-specialist-property-accountant-2026,https://www.propertytaxpartners.co.uk/blog/property-accountant-services/why-cardiff-landlords-need-specialist-property-accountant-2026,,1,https://www.propertytaxpartners.co.uk/feed.xml,property-accountant-services,no,2026-07,yes,2026-05-29,2026-10-09,2026-04-10,"2026-04-10 | Property site: add 148 blog posts, 2 new category hubs,",2026-04-10,8,2,2026-05-29,2026-05-29,1587,1584,no,1,0,yes,7eb620c80,4348,0,0,no,0,3,,true,93,0,2026-05-30,2026-10-07,1
/blog/property-accountant-services/why-luton-landlords-need-specialist-property-accountant-2026,https://www.propertytaxpartners.co.uk/blog/property-accountant-services/why-luton-landlords-need-specialist-property-accountant-2026,INDEXED,Submitted and indexed,PASS,2026-09-18T21:49:56Z,MOBILE,SUCCESSFUL,https://www.propertytaxpartners.co.uk/blog/property-accountant-services/why-luton-landlords-need-specialist-property-accountant-2026,https://www.propertytaxpartners.co.uk/blog/property-accountant-services/why-luton-landlords-need-specialist-property-accountant-2026,https://www.propertytaxpartners.co.uk/sitemap.xml,2,https://www.propertytaxpartners.co.uk/feed.xml;https://www.propertytaxpartners.co.uk/sitemap.xml,property-accountant-services,no,2026-09,yes,2026-04-10,2026-10-09,2026-04-10,"2026-04-10 | Property site: add 148 blog posts, 2 new category hubs,",2026-04-10,10,2,2026-05-29,2026-05-29,1582,1580,no,1,0,yes,4ca1f97e2,3983,0,0,no,0,3,,true,119,0,2026-07-10,2026-10-08,0
/blog/property-accountant-services/why-sheffield-landlords-need-property-accountant,https://www.propertytaxpartners.co.uk/blog/property-accountant-services/why-sheffield-landlords-need-property-accountant,CRAWLED_NOT_INDEXED,Crawled - currently not indexed,NEUTRAL,2026-05-29T07:37:09Z,MOBILE,SUCCESSFUL,https://www.propertytaxpartners.co.uk/blog/property-accountant-services/why-sheffield-landlords-need-property-accountant,https://www.propertytaxpartners.co.uk/blog/property-accountant-services/why-sheffield-landlords-need-property-accountant,,1,https://www.propertytaxpartners.co.uk/feed.xml,property-accountant-services,no,2026-05,yes,2026-04-10,2026-07-26,2026-04-10,"2026-04-10 | Property site: add 148 blog posts, 2 new category hubs,",2026-04-10,8,2,2026-05-29,2026-05-29,1392,1344,yes,47,1,no,195e895eb,3700,0,0,no,0,3,,true,10,0,2026-05-30,2026-06-27,0
/blog/property-accountant-services/why-southampton-landlords-need-property-accountant,https://www.propertytaxpartners.co.uk/blog/property-accountant-services/why-southampton-landlords-need-property-accountant,CRAWLED_NOT_INDEXED,Crawled - currently not indexed,NEUTRAL,2026-07-16T18:59:42Z,MOBILE,SUCCESSFUL,https://www.propertytaxpartners.co.uk/blog/property-accountant-services/why-southampton-landlords-need-property-accountant,https://www.propertytaxpartners.co.uk/blog/property-accountant-services/why-southampton-landlords-need-property-accountant,,1,https://www.propertytaxpartners.co.uk/feed.xml,property-accountant-services,no,2026-07,yes,2026-05-21,2026-07-28,2026-04-10,"2026-04-10 | Property site: add 148 blog posts, 2 new category hubs,",2026-04-10,9,3,2026-06-06,2026-06-07,1387,1387,no,0,0,yes,39e3dfd1d,4133,0,0,no,0,3,,true,92,0,2026-05-16,2026-09-02,0
/blog/property-accountant-services/york-property-accountant-landlord-tax-services,https://www.propertytaxpartners.co.uk/blog/property-accountant-services/york-property-accountant-landlord-tax-services,CRAWLED_NOT_INDEXED,Crawled - currently not indexed,NEUTRAL,2026-05-29T06:43:56Z,MOBILE,SUCCESSFUL,https://www.propertytaxpartners.co.uk/blog/property-accountant-services/york-property-accountant-landlord-tax-services,https://www.propertytaxpartners.co.uk/blog/property-accountant-services/york-property-accountant-landlord-tax-services,https://www.propertytaxpartners.co.uk/sitemap.xml,0,,property-accountant-services,no,2026-05,yes,2026-04-10,2026-05-29,2026-04-10,"2026-04-10 | Property site: add 148 blog posts, 2 new category hubs,",2026-04-10,7,2,2026-05-29,2026-05-29,1522,1102,yes,34,1,no,e4cecef7d,3898,0,0,no,0,3,,true,17,0,2026-05-29,2026-09-17,0
/blog/property-finance,https://www.propertytaxpartners.co.uk/blog/property-finance,INDEXED,Submitted and indexed,PASS,2026-08-04T22:38:01Z,MOBILE,SUCCESSFUL,https://www.propertytaxpartners.co.uk/blog/property-finance,https://www.propertytaxpartners.co.uk/blog/property-finance,https://www.propertytaxpartners.co.uk/sitemap.xml,2,https://www.propertytaxpartners.co.uk/blog/property-finance/bridging-loan-rates;https://www.propertytaxpartners.co.uk/sitemap.xml,blog-cat,no,2026-08,no,,,,,,,,,,4184,,,,,,,4184,0,0,no,0,2,,true,21,0,2026-08-05,2026-10-01,0
/blog/property-finance/bridging-finance-for-auction-purchases,https://www.propertytaxpartners.co.uk/blog/property-finance/bridging-finance-for-auction-purchases,INDEXED,Submitted and indexed,PASS,2026-08-04T17:16:53Z,MOBILE,SUCCESSFUL,https://www.propertytaxpartners.co.uk/blog/property-finance/bridging-finance-for-auction-purchases,https://www.propertytaxpartners.co.uk/blog/property-finance/bridging-finance-for-auction-purchases,https://www.propertytaxpartners.co.uk/sitemap.xml,2,https://www.propertytaxpartners.co.uk/blog/property-finance/bridging-loan-rates;https://www.propertytaxpartners.co.uk/sitemap.xml,property-finance,no,2026-08,yes,2026-07-30,2026-08-03,2026-08-03,2026-08-03 | content(property): Track B Tier 1 landlord finance clus,2026-08-03,2,0,,,2405,2405,no,0,0,yes,747e1008c,5455,0,0,no,4,3,9,false,41,0,2026-08-05,2026-10-07,0
/blog/property-finance/bridging-finance-for-below-market-value,https://www.propertytaxpartners.co.uk/blog/property-finance/bridging-finance-for-below-market-value,INDEXED,Submitted and indexed,PASS,2026-09-25T02:35:41Z,MOBILE,SUCCESSFUL,https://www.propertytaxpartners.co.uk/blog/property-finance/bridging-finance-for-below-market-value,https://www.propertytaxpartners.co.uk/blog/property-finance/bridging-finance-for-below-market-value,,1,https://www.propertytaxpartners.co.uk/sitemap.xml,property-finance,no,2026-09,yes,2026-07-30,2026-08-03,2026-08-03,2026-08-03 | content(property): Track B Tier 1 landlord finance clus,2026-08-03,2,0,,,2359,2359,no,0,0,yes,747e1008c,5596,0,0,no,3,3,9,false,70,2,2026-08-06,2026-10-07,0
/blog/property-finance/bridging-finance-for-buy-to-let,https://www.propertytaxpartners.co.uk/blog/property-finance/bridging-finance-for-buy-to-let,INDEXED,Submitted and indexed,PASS,2026-08-04T14:54:42Z,MOBILE,SUCCESSFUL,https://www.propertytaxpartners.co.uk/blog/property-finance/bridging-finance-for-buy-to-let,https://www.propertytaxpartners.co.uk/blog/property-finance/bridging-finance-for-buy-to-let,https://www.propertytaxpartners.co.uk/sitemap.xml,2,https://www.propertytaxpartners.co.uk/blog/property-finance/bridging-loan-rates;https://www.propertytaxpartners.co.uk/sitemap.xml,property-finance,no,2026-08,yes,2026-07-30,2026-08-03,2026-08-03,2026-08-03 | content(property): Track B Tier 1 landlord finance clus,2026-08-03,2,0,,,2800,2800,no,0,0,yes,747e1008c,5960,0,0,no,3,3,9,false,116,0,2026-08-04,2026-10-06,0
/blog/property-finance/bridging-finance-for-chain-breaks,https://www.propertytaxpartners.co.uk/blog/property-finance/bridging-finance-for-chain-breaks,INDEXED,Submitted and indexed,PASS,2026-08-04T13:44:29Z,MOBILE,SUCCESSFUL,https://www.propertytaxpartners.co.uk/blog/property-finance/bridging-finance-for-chain-breaks,,,1,https://www.propertytaxpartners.co.uk/sitemap.xml,property-finance,no,2026-08,yes,2026-07-30,2026-08-03,2026-08-03,2026-08-03 | content(property): Track B Tier 1 landlord finance clus,2026-08-03,2,0,,,2293,2293,no,0,0,yes,747e1008c,5125,0,0,no,1,3,9,false,19,0,2026-08-09,2026-08-21,0
/blog/property-finance/bridging-finance-for-commercial-property,https://www.propertytaxpartners.co.uk/blog/property-finance/bridging-finance-for-commercial-property,INDEXED,Submitted and indexed,PASS,2026-08-04T13:19:16Z,MOBILE,SUCCESSFUL,https://www.propertytaxpartners.co.uk/blog/property-finance/bridging-finance-for-commercial-property,https://www.propertytaxpartners.co.uk/blog/property-finance/bridging-finance-for-commercial-property,https://www.propertytaxpartners.co.uk/sitemap.xml,1,https://www.propertytaxpartners.co.uk/sitemap.xml,property-finance,no,2026-08,yes,2026-07-30,2026-08-03,2026-08-03,2026-08-03 | content(property): Track B Tier 1 landlord finance clus,2026-08-03,2,0,,,2523,2523,no,0,0,yes,747e1008c,6148,0,0,no,3,3,8,false,61,0,2026-08-05,2026-10-07,0
/blog/property-finance/bridging-finance-for-hmo-conversions,https://www.propertytaxpartners.co.uk/blog/property-finance/bridging-finance-for-hmo-conversions,INDEXED,Submitted and indexed,PASS,2026-08-05T00:11:50Z,MOBILE,SUCCESSFUL,https://www.propertytaxpartners.co.uk/blog/property-finance/bridging-finance-for-hmo-conversions,https://www.propertytaxpartners.co.uk/blog/property-finance/bridging-finance-for-hmo-conversions,https://www.propertytaxpartners.co.uk/sitemap.xml,1,https://www.propertytaxpartners.co.uk/sitemap.xml,property-finance,no,2026-08,yes,2026-07-30,2026-08-21,2026-08-03,2026-08-03 | content(property): Track B Tier 1 landlord finance clus,2026-08-03,3,0,,,2555,2554,no,1,0,yes,747e1008c,5785,0,0,no,2,3,9,false,59,1,2026-08-05,2026-10-07,0
/blog/property-finance/bridging-finance-for-land-purchase,https://www.propertytaxpartners.co.uk/blog/property-finance/bridging-finance-for-land-purchase,INDEXED,Submitted and indexed,PASS,2026-08-04T15:10:53Z,MOBILE,SUCCESSFUL,https://www.propertytaxpartners.co.uk/blog/property-finance/bridging-finance-for-land-purchase,https://www.propertytaxpartners.co.uk/blog/property-finance/bridging-finance-for-land-purchase,https://www.propertytaxpartners.co.uk/sitemap.xml,1,https://www.propertytaxpartners.co.uk/sitemap.xml,property-finance,no,2026-08,yes,2026-07-30,2026-08-03,2026-08-03,2026-08-03 | content(property): Track B Tier 1 landlord finance clus,2026-08-03,2,0,,,1963,1963,no,0,0,yes,747e1008c,5085,0,0,no,2,3,9,false,25,0,2026-08-04,2026-09-30,0
/blog/property-finance/bridging-finance-for-refurbishment,https://www.propertytaxpartners.co.uk/blog/property-finance/bridging-finance-for-refurbishment,INDEXED,Submitted and indexed,PASS,2026-08-04T22:56:41Z,MOBILE,SUCCESSFUL,https://www.propertytaxpartners.co.uk/blog/property-finance/bridging-finance-for-refurbishment,https://www.propertytaxpartners.co.uk/blog/property-finance/bridging-finance-for-refurbishment,https://www.propertytaxpartners.co.uk/sitemap.xml,1,https://www.propertytaxpartners.co.uk/sitemap.xml,property-finance,no,2026-08,yes,2026-07-30,2026-08-03,2026-08-03,2026-08-03 | content(property): Track B Tier 1 landlord finance clus,2026-08-03,2,0,,,2350,2350,no,0,0,yes,747e1008c,5436,0,0,no,5,3,9,false,33,0,2026-08-05,2026-10-01,0
/blog/property-finance/bridging-loan-lenders,https://www.propertytaxpartners.co.uk/blog/property-finance/bridging-loan-lenders,INDEXED,Submitted and indexed,PASS,2026-08-04T13:18:48Z,MOBILE,SUCCESSFUL,https://www.propertytaxpartners.co.uk/blog/property-finance/bridging-loan-lenders,https://www.propertytaxpartners.co.uk/blog/property-finance/bridging-loan-lenders,https://www.propertytaxpartners.co.uk/sitemap.xml,2,https://www.propertytaxpartners.co.uk/blog/property-finance/bridging-loan-rates;https://www.propertytaxpartners.co.uk/sitemap.xml,property-finance,no,2026-08,yes,2026-07-30,2026-08-03,2026-08-03,2026-08-03 | content(property): Track B Tier 1 landlord finance clus,2026-08-03,2,0,,,2263,2263,no,0,0,yes,747e1008c,5452,0,0,no,2,3,9,false,24,0,2026-08-05,2026-10-01,0
/blog/property-finance/bridging-loan-rates,https://www.propertytaxpartners.co.uk/blog/property-finance/bridging-loan-rates,INDEXED,Submitted and indexed,PASS,2026-08-04T13:38:07Z,MOBILE,SUCCESSFUL,https://www.propertytaxpartners.co.uk/blog/property-finance/bridging-loan-rates,https://www.propertytaxpartners.co.uk/blog/property-finance/bridging-loan-rates,https://www.propertytaxpartners.co.uk/sitemap.xml,2,https://www.propertytaxpartners.co.uk/blog/property-finance/bridging-loan-lenders;https://www.propertytaxpartners.co.uk/sitemap.xml,property-finance,no,2026-08,yes,2026-07-30,2026-08-03,2026-08-03,2026-08-03 | content(property): Track B Tier 1 landlord finance clus,2026-08-03,2,0,,,2377,2377,no,0,0,yes,747e1008c,5610,3,0,no,9,3,9,false,1823,2,2026-08-05,2026-09-26,0
/blog/property-finance/bridging-loans-guide,https://www.propertytaxpartners.co.uk/blog/property-finance/bridging-loans-guide,INDEXED,Submitted and indexed,PASS,2026-08-04T14:18:40Z,MOBILE,SUCCESSFUL,https://www.propertytaxpartners.co.uk/blog/property-finance/bridging-loans-guide,https://www.propertytaxpartners.co.uk/blog/property-finance/bridging-loans-guide,,1,https://www.propertytaxpartners.co.uk/sitemap.xml,property-finance,no,2026-08,yes,2026-07-30,2026-08-03,2026-08-03,2026-08-03 | content(property): Track B Tier 1 landlord finance clus,2026-08-03,2,0,,,3860,3860,no,0,0,yes,747e1008c,7203,0,0,no,14,3,8,false,43,0,2026-08-04,2026-09-30,0
/blog/property-finance/buy-to-let-mortgage-lenders,https://www.propertytaxpartners.co.uk/blog/property-finance/buy-to-let-mortgage-lenders,INDEXED,Submitted and indexed,PASS,2026-08-04T17:12:30Z,MOBILE,SUCCESSFUL,https://www.propertytaxpartners.co.uk/blog/property-finance/buy-to-let-mortgage-lenders,https://www.propertytaxpartners.co.uk/blog/property-finance/buy-to-let-mortgage-lenders,https://www.propertytaxpartners.co.uk/sitemap.xml,1,https://www.propertytaxpartners.co.uk/sitemap.xml,property-finance,no,2026-08,yes,2026-07-30,2026-08-03,2026-08-03,2026-08-03 | content(property): Track B Tier 1 landlord finance clus,2026-08-03,2,0,,,2140,2140,no,0,0,yes,747e1008c,5057,0,0,no,5,3,5,false,270,0,2026-08-04,2026-10-08,0
/blog/property-finance/buy-to-let-mortgage-rates,https://www.propertytaxpartners.co.uk/blog/property-finance/buy-to-let-mortgage-rates,INDEXED,Submitted and indexed,PASS,2026-08-05T12:59:18Z,MOBILE,SUCCESSFUL,https://www.propertytaxpartners.co.uk/blog/property-finance/buy-to-let-mortgage-rates,https://www.propertytaxpartners.co.uk/blog/property-finance/buy-to-let-mortgage-rates,https://www.propertytaxpartners.co.uk/sitemap.xml,1,https://www.propertytaxpartners.co.uk/sitemap.xml,property-finance,no,2026-08,yes,2026-07-30,2026-08-03,2026-08-03,2026-08-03 | content(property): Track B Tier 1 landlord finance clus,2026-08-03,2,0,,,2507,2507,no,0,0,yes,747e1008c,5838,0,0,no,3,3,5,false,602,0,2026-08-05,2026-10-06,0
/blog/property-finance/buy-to-let-mortgages-guide,https://www.propertytaxpartners.co.uk/blog/property-finance/buy-to-let-mortgages-guide,INDEXED,Submitted and indexed,PASS,2026-08-05T00:36:21Z,MOBILE,SUCCESSFUL,https://www.propertytaxpartners.co.uk/blog/property-finance/buy-to-let-mortgages-guide,https://www.propertytaxpartners.co.uk/blog/property-finance/buy-to-let-mortgages-guide,https://www.propertytaxpartners.co.uk/sitemap.xml,1,https://www.propertytaxpartners.co.uk/sitemap.xml,property-finance,no,2026-08,yes,2026-07-30,2026-08-03,2026-08-03,2026-08-03 | content(property): Track B Tier 1 landlord finance clus,2026-08-03,2,0,,,3068,3068,no,0,0,yes,747e1008c,5986,0,0,no,15,3,4,false,127,0,2026-08-05,2026-10-06,0
/blog/property-finance/capital-raising-btl-remortgage-equity-release,https://www.propertytaxpartners.co.uk/blog/property-finance/capital-raising-btl-remortgage-equity-release,INDEXED,Submitted and indexed,PASS,2026-08-04T18:29:17Z,MOBILE,SUCCESSFUL,https://www.propertytaxpartners.co.uk/blog/property-finance/capital-raising-btl-remortgage-equity-release,https://www.propertytaxpartners.co.uk/blog/property-finance/capital-raising-btl-remortgage-equity-release,https://www.propertytaxpartners.co.uk/sitemap.xml,1,https://www.propertytaxpartners.co.uk/sitemap.xml,property-finance,no,2026-08,yes,2026-07-30,2026-08-03,2026-08-03,2026-08-03 | content(property): Track B Tier 1 landlord finance clus,2026-08-03,2,0,,,2293,2293,no,0,0,yes,747e1008c,5240,0,0,no,4,3,5,false,46,0,2026-08-05,2026-10-04,1
/blog/property-finance/commercial-mortgage-rates,https://www.propertytaxpartners.co.uk/blog/property-finance/commercial-mortgage-rates,INDEXED,Submitted and indexed,PASS,2026-08-05T13:06:57Z,MOBILE,SUCCESSFUL,https://www.propertytaxpartners.co.uk/blog/property-finance/commercial-mortgage-rates,https://www.propertytaxpartners.co.uk/blog/property-finance/commercial-mortgage-rates,,1,https://www.propertytaxpartners.co.uk/sitemap.xml,property-finance,no,2026-08,yes,2026-07-30,2026-08-03,2026-08-03,2026-08-03 | content(property): Track B Tier 1 landlord finance clus,2026-08-03,2,0,,,2453,2453,no,0,0,yes,747e1008c,5564,0,0,no,2,3,8,false,310,0,2026-08-06,2026-10-06,0
/blog/property-finance/commercial-mortgages-guide,https://www.propertytaxpartners.co.uk/blog/property-finance/commercial-mortgages-guide,INDEXED,Submitted and indexed,PASS,2026-08-05T02:40:55Z,MOBILE,SUCCESSFUL,https://www.propertytaxpartners.co.uk/blog/property-finance/commercial-mortgages-guide,https://www.propertytaxpartners.co.uk/blog/property-finance/commercial-mortgages-guide,https://www.propertytaxpartners.co.uk/sitemap.xml,1,https://www.propertytaxpartners.co.uk/sitemap.xml,property-finance,no,2026-08,yes,2026-07-30,2026-08-03,2026-08-03,2026-08-03 | content(property): Track B Tier 1 landlord finance clus,2026-08-03,2,0,,,3537,3537,no,0,0,yes,747e1008c,7075,0,0,no,6,3,7,false,421,4,2026-08-05,2026-10-08,0
/blog/property-finance/day-one-remortgage-limited-company,https://www.propertytaxpartners.co.uk/blog/property-finance/day-one-remortgage-limited-company,INDEXED,Submitted and indexed,PASS,2026-08-05T00:39:14Z,MOBILE,SUCCESSFUL,https://www.propertytaxpartners.co.uk/blog/property-finance/day-one-remortgage-limited-company,https://www.propertytaxpartners.co.uk/blog/property-finance/day-one-remortgage-limited-company,https://www.propertytaxpartners.co.uk/sitemap.xml,1,https://www.propertytaxpartners.co.uk/sitemap.xml,property-finance,no,2026-08,yes,2026-07-30,2026-08-03,2026-08-03,2026-08-03 | content(property): Track B Tier 1 landlord finance clus,2026-08-03,2,0,,,2485,2485,no,0,0,yes,747e1008c,5743,0,0,no,3,3,5,false,138,2,2026-08-05,2026-10-06,0
/blog/property-finance/development-exit-finance,https://www.propertytaxpartners.co.uk/blog/property-finance/development-exit-finance,INDEXED,Submitted and indexed,PASS,2026-08-05T12:21:25Z,MOBILE,SUCCESSFUL,https://www.propertytaxpartners.co.uk/blog/property-finance/development-exit-finance,https://www.propertytaxpartners.co.uk/blog/property-finance/development-exit-finance,,1,https://www.propertytaxpartners.co.uk/sitemap.xml,property-finance,no,2026-08,yes,2026-07-30,2026-08-03,2026-08-03,2026-08-03 | content(property): Track B Tier 1 landlord finance clus,2026-08-03,2,0,,,2202,2202,no,0,0,yes,747e1008c,5435,0,0,no,3,3,7,false,17,0,2026-08-19,2026-10-08,0
/blog/property-finance/development-finance-guide,https://www.propertytaxpartners.co.uk/blog/property-finance/development-finance-guide,INDEXED,Submitted and indexed,PASS,2026-08-04T16:37:06Z,MOBILE,SUCCESSFUL,https://www.propertytaxpartners.co.uk/blog/property-finance/development-finance-guide,https://www.propertytaxpartners.co.uk/blog/property-finance/development-finance-guide,https://www.propertytaxpartners.co.uk/sitemap.xml,1,https://www.propertytaxpartners.co.uk/sitemap.xml,property-finance,no,2026-08,yes,2026-07-30,2026-08-03,2026-08-03,2026-08-03 | content(property): Track B Tier 1 landlord finance clus,2026-08-03,2,0,,,3926,3926,no,0,0,yes,747e1008c,7934,0,0,no,6,3,7,false,49,0,2026-08-04,2026-10-05,0
/blog/property-finance/expat-non-resident-landlord-mortgages,https://www.propertytaxpartners.co.uk/blog/property-finance/expat-non-resident-landlord-mortgages,INDEXED,Submitted and indexed,PASS,2026-08-04T14:32:16Z,MOBILE,SUCCESSFUL,https://www.propertytaxpartners.co.uk/blog/property-finance/expat-non-resident-landlord-mortgages,https://www.propertytaxpartners.co.uk/blog/property-finance/expat-non-resident-landlord-mortgages,https://www.propertytaxpartners.co.uk/sitemap.xml,1,https://www.propertytaxpartners.co.uk/sitemap.xml,property-finance,no,2026-08,yes,2026-07-30,2026-08-03,2026-08-03,2026-08-03 | content(property): Track B Tier 1 landlord finance clus,2026-08-03,2,0,,,2066,2066,no,0,0,yes,747e1008c,5419,0,0,no,4,2,3,false,123,2,2026-08-05,2026-10-06,0
/blog/property-finance/financing-a-property-development-tax,https://www.propertytaxpartners.co.uk/blog/property-finance/financing-a-property-development-tax,INDEXED,Submitted and indexed,PASS,2026-08-04T14:50:24Z,MOBILE,SUCCESSFUL,https://www.propertytaxpartners.co.uk/blog/property-finance/financing-a-property-development-tax,https://www.propertytaxpartners.co.uk/blog/property-finance/financing-a-property-development-tax,,1,https://www.propertytaxpartners.co.uk/sitemap.xml,property-finance,no,2026-08,yes,2026-07-30,2026-08-03,2026-08-03,2026-08-03 | content(property): Track B Tier 1 landlord finance clus,2026-08-03,2,0,,,2346,2346,no,0,0,yes,747e1008c,5443,0,0,no,3,3,7,false,138,1,2026-08-05,2026-10-08,0
/blog/property-finance/first-time-landlord-mortgage,https://www.propertytaxpartners.co.uk/blog/property-finance/first-time-landlord-mortgage,INDEXED,Submitted and indexed,PASS,2026-08-05T02:45:21Z,MOBILE,SUCCESSFUL,https://www.propertytaxpartners.co.uk/blog/property-finance/first-time-landlord-mortgage,https://www.propertytaxpartners.co.uk/blog/property-finance/first-time-landlord-mortgage,,1,https://www.propertytaxpartners.co.uk/sitemap.xml,property-finance,no,2026-08,yes,2026-07-30,2026-08-03,2026-08-03,2026-08-03 | content(property): Track B Tier 1 landlord finance clus,2026-08-03,2,0,,,2233,2233,no,0,0,yes,747e1008c,4951,0,0,no,3,3,5,false,192,0,2026-08-05,2026-10-08,0
/blog/property-finance/hmo-mortgages,https://www.propertytaxpartners.co.uk/blog/property-finance/hmo-mortgages,INDEXED,Submitted and indexed,PASS,2026-08-04T17:26:15Z,MOBILE,SUCCESSFUL,https://www.propertytaxpartners.co.uk/blog/property-finance/hmo-mortgages,https://www.propertytaxpartners.co.uk/blog/property-finance/hmo-mortgages,https://www.propertytaxpartners.co.uk/sitemap.xml,1,https://www.propertytaxpartners.co.uk/sitemap.xml,property-finance,no,2026-08,yes,2026-07-30,2026-08-21,2026-08-03,2026-08-03 | content(property): Track B Tier 1 landlord finance clus,2026-08-03,3,0,,,2361,2360,no,1,0,yes,747e1008c,5737,0,0,no,3,3,5,false,88,0,2026-08-05,2026-09-28,0
/blog/property-finance/holiday-let-mortgages,https://www.propertytaxpartners.co.uk/blog/property-finance/holiday-let-mortgages,INDEXED,Submitted and indexed,PASS,2026-08-04T17:15:36Z,MOBILE,SUCCESSFUL,https://www.propertytaxpartners.co.uk/blog/property-finance/holiday-let-mortgages,https://www.propertytaxpartners.co.uk/blog/property-finance/holiday-let-mortgages,https://www.propertytaxpartners.co.uk/sitemap.xml,1,https://www.propertytaxpartners.co.uk/sitemap.xml,property-finance,no,2026-08,yes,2026-07-30,2026-08-03,2026-08-03,2026-08-03 | content(property): Track B Tier 1 landlord finance clus,2026-08-03,2,0,,,2208,2208,no,0,0,yes,747e1008c,5405,0,0,no,2,3,5,false,169,0,2026-08-04,2026-10-07,0
/blog/property-finance/is-bridging-loan-interest-tax-deductible,https://www.propertytaxpartners.co.uk/blog/property-finance/is-bridging-loan-interest-tax-deductible,INDEXED,Submitted and indexed,PASS,2026-08-04T15:14:19Z,MOBILE,SUCCESSFUL,https://www.propertytaxpartners.co.uk/blog/property-finance/is-bridging-loan-interest-tax-deductible,https://www.propertytaxpartners.co.uk/blog/property-finance/is-bridging-loan-interest-tax-deductible,https://www.propertytaxpartners.co.uk/sitemap.xml,2,https://www.propertytaxpartners.co.uk/blog/property-finance/bridging-loan-rates;https://www.propertytaxpartners.co.uk/sitemap.xml,property-finance,no,2026-08,yes,2026-07-30,2026-08-03,2026-08-03,2026-08-03 | content(property): Track B Tier 1 landlord finance clus,2026-08-03,2,0,,,2620,2620,no,0,0,yes,747e1008c,5826,0,0,no,12,3,8,false,169,8,2026-08-05,2026-10-08,0
/blog/property-finance/let-to-buy-mortgages,https://www.propertytaxpartners.co.uk/blog/property-finance/let-to-buy-mortgages,INDEXED,Submitted and indexed,PASS,2026-08-04T23:55:01Z,MOBILE,SUCCESSFUL,https://www.propertytaxpartners.co.uk/blog/property-finance/let-to-buy-mortgages,https://www.propertytaxpartners.co.uk/blog/property-finance/let-to-buy-mortgages,https://www.propertytaxpartners.co.uk/sitemap.xml,1,https://www.propertytaxpartners.co.uk/sitemap.xml,property-finance,no,2026-08,yes,2026-07-30,2026-08-03,2026-08-03,2026-08-03 | content(property): Track B Tier 1 landlord finance clus,2026-08-03,2,0,,,2285,2285,no,0,0,yes,747e1008c,5459,0,0,no,2,3,5,false,27,0,2026-08-05,2026-10-05,0
/blog/property-finance/mezzanine-and-jv-finance,https://www.propertytaxpartners.co.uk/blog/property-finance/mezzanine-and-jv-finance,INDEXED,Submitted and indexed,PASS,2026-08-05T00:02:09Z,MOBILE,SUCCESSFUL,https://www.propertytaxpartners.co.uk/blog/property-finance/mezzanine-and-jv-finance,https://www.propertytaxpartners.co.uk/blog/property-finance/mezzanine-and-jv-finance,https://www.propertytaxpartners.co.uk/sitemap.xml,1,https://www.propertytaxpartners.co.uk/sitemap.xml,property-finance,no,2026-08,yes,2026-07-30,2026-08-03,2026-08-03,2026-08-03 | content(property): Track B Tier 1 landlord finance clus,2026-08-03,2,0,,,2370,2370,no,0,0,yes,747e1008c,5923,0,0,no,4,3,6,false,27,0,2026-08-05,2026-10-07,0
/blog/property-finance/portfolio-landlord-mortgages-guide,https://www.propertytaxpartners.co.uk/blog/property-finance/portfolio-landlord-mortgages-guide,INDEXED,Submitted and indexed,PASS,2026-08-05T09:23:51Z,MOBILE,SUCCESSFUL,https://www.propertytaxpartners.co.uk/blog/property-finance/portfolio-landlord-mortgages-guide,https://www.propertytaxpartners.co.uk/blog/property-finance/portfolio-landlord-mortgages-guide,https://www.propertytaxpartners.co.uk/sitemap.xml,1,https://www.propertytaxpartners.co.uk/sitemap.xml,property-finance,no,2026-08,yes,2026-07-30,2026-10-09,2026-08-03,2026-08-03 | content(property): Track B Tier 1 landlord finance clus,2026-08-03,4,0,,,2111,2110,no,1,0,yes,747e1008c,5046,0,0,no,4,3,4,false,79,0,2026-08-04,2026-10-01,0
/blog/property-finance/self-employed-buy-to-let-mortgage,https://www.propertytaxpartners.co.uk/blog/property-finance/self-employed-buy-to-let-mortgage,INDEXED,Submitted and indexed,PASS,2026-08-05T17:42:42Z,MOBILE,SUCCESSFUL,https://www.propertytaxpartners.co.uk/blog/property-finance/self-employed-buy-to-let-mortgage,,https://www.propertytaxpartners.co.uk/sitemap.xml,1,https://www.propertytaxpartners.co.uk/sitemap.xml,property-finance,no,2026-08,yes,2026-07-30,2026-08-03,2026-08-03,2026-08-03 | content(property): Track B Tier 1 landlord finance clus,2026-08-03,2,0,,,2017,2017,no,0,0,yes,747e1008c,4899,0,0,no,3,3,5,false,128,0,2026-08-06,2026-10-06,0
/blog/property-finance/semi-commercial-mortgages,https://www.propertytaxpartners.co.uk/blog/property-finance/semi-commercial-mortgages,INDEXED,Submitted and indexed,PASS,2026-08-05T02:31:12Z,MOBILE,SUCCESSFUL,https://www.propertytaxpartners.co.uk/blog/property-finance/semi-commercial-mortgages,https://www.propertytaxpartners.co.uk/blog/property-finance/semi-commercial-mortgages,https://www.propertytaxpartners.co.uk/sitemap.xml,1,https://www.propertytaxpartners.co.uk/sitemap.xml,property-finance,no,2026-08,yes,2026-07-30,2026-08-03,2026-08-03,2026-08-03 | content(property): Track B Tier 1 landlord finance clus,2026-08-03,2,0,,,2580,2580,no,0,0,yes,747e1008c,5967,0,0,no,2,3,8,false,97,2,2026-08-05,2026-10-06,0
/blog/property-finance/sic-code-for-an-spv-property-company,https://www.propertytaxpartners.co.uk/blog/property-finance/sic-code-for-an-spv-property-company,INDEXED,Submitted and indexed,PASS,2026-10-06T08:36:37Z,MOBILE,SUCCESSFUL,https://www.propertytaxpartners.co.uk/blog/property-finance/sic-code-for-an-spv-property-company,https://www.propertytaxpartners.co.uk/blog/property-finance/sic-code-for-an-spv-property-company,,1,https://www.propertytaxpartners.co.uk/sitemap.xml,property-finance,no,2026-10,yes,2026-07-30,2026-09-02,2026-08-03,2026-08-03 | content(property): Track B Tier 1 landlord finance clus,2026-08-03,2,1,2026-09-02,2026-09-02,2380,2380,no,0,0,yes,e5338e999,5143,0,0,no,12,2,3,false,198,2,2026-08-07,2026-10-07,0
/blog/property-finance/spv-mortgage-no-income-newly-formed,https://www.propertytaxpartners.co.uk/blog/property-finance/spv-mortgage-no-income-newly-formed,INDEXED,Submitted and indexed,PASS,2026-10-10T01:57:54Z,MOBILE,SUCCESSFUL,https://www.propertytaxpartners.co.uk/blog/property-finance/spv-mortgage-no-income-newly-formed,https://www.propertytaxpartners.co.uk/blog/property-finance/spv-mortgage-no-income-newly-formed,https://www.propertytaxpartners.co.uk/sitemap.xml,1,https://www.propertytaxpartners.co.uk/sitemap.xml,property-finance,no,2026-10,yes,2026-07-30,2026-08-03,2026-08-03,2026-08-03 | content(property): Track B Tier 1 landlord finance clus,2026-08-03,2,0,,,2382,2382,no,0,0,yes,b226ff381,5598,0,0,no,7,3,4,false,106,1,2026-08-05,2026-10-07,0
/blog/property-finance/spv-mortgages-explained,https://www.propertytaxpartners.co.uk/blog/property-finance/spv-mortgages-explained,INDEXED,Submitted and indexed,PASS,2026-08-04T14:30:53Z,MOBILE,SUCCESSFUL,https://www.propertytaxpartners.co.uk/blog/property-finance/spv-mortgages-explained,https://www.propertytaxpartners.co.uk/blog/property-finance/spv-mortgages-explained,,1,https://www.propertytaxpartners.co.uk/sitemap.xml,property-finance,no,2026-08,yes,2026-07-30,2026-08-03,2026-08-03,2026-08-03 | content(property): Track B Tier 1 landlord finance clus,2026-08-03,2,0,,,2165,2165,no,0,0,yes,747e1008c,5189,0,0,no,9,3,4,false,644,7,2026-08-05,2026-10-08,0
/blog/property-types-and-specialist-tax,https://www.propertytaxpartners.co.uk/blog/property-types-and-specialist-tax,CRAWLED_NOT_INDEXED,Crawled - currently not indexed,NEUTRAL,2026-05-29T13:39:35Z,MOBILE,SUCCESSFUL,https://www.propertytaxpartners.co.uk/blog/property-types-and-specialist-tax,https://www.propertytaxpartners.co.uk/blog/property-types-and-specialist-tax,https://www.propertytaxpartners.co.uk/sitemap.xml,1,https://www.propertytaxpartners.co.uk/blog/property-types-and-specialist-tax/holiday-let-tax-calculator-fhl-changes,blog-cat,no,2026-05,no,,,,,,,,,,24790,,,,,,,24790,0,0,no,0,2,,true,0,0,,,0
/blog/property-types-and-specialist-tax/a-complete-guide-on-community-infrastructure-levy-cil,https://www.propertytaxpartners.co.uk/blog/property-types-and-specialist-tax/a-complete-guide-on-community-infrastructure-levy-cil,INDEXED,Submitted and indexed,PASS,2026-08-30T11:08:09Z,MOBILE,SUCCESSFUL,https://www.propertytaxpartners.co.uk/blog/property-types-and-specialist-tax/a-complete-guide-on-community-infrastructure-levy-cil,https://www.propertytaxpartners.co.uk/blog/property-types-and-specialist-tax/a-complete-guide-on-community-infrastructure-levy-cil,,1,https://www.propertytaxpartners.co.uk/sitemap.xml,property-types-and-specialist-tax,no,2026-08,yes,2026-05-26,2026-08-18,2026-05-26,2026-05-26 | MegaWave 1 RUN C1: a-complete-guide-on-community-infras,2026-05-26,6,1,2026-08-18,2026-08-18,3078,3078,no,0,0,yes,06195d7de,6513,1518,30,yes,2,3,8,false,2017,17,2026-05-27,2026-10-08,0
/blog/property-types-and-specialist-tax/a-complete-guide-on-multiple-dwellings-relief-eligibility-and-benefits,https://www.propertytaxpartners.co.uk/blog/property-types-and-specialist-tax/a-complete-guide-on-multiple-dwellings-relief-eligibility-and-benefits,CRAWLED_NOT_INDEXED,Crawled - currently not indexed,NEUTRAL,2026-05-27T08:28:43Z,MOBILE,SUCCESSFUL,https://www.propertytaxpartners.co.uk/blog/property-types-and-specialist-tax/a-complete-guide-on-multiple-dwellings-relief-eligibility-and-benefits,https://www.propertytaxpartners.co.uk/blog/property-types-and-specialist-tax/a-complete-guide-on-multiple-dwellings-relief-eligibility-and-benefits,https://www.propertytaxpartners.co.uk/sitemap.xml,1,https://www.propertytaxpartners.co.uk/sitemap.xml,property-types-and-specialist-tax,no,2026-05,yes,2026-05-26,2026-07-26,2026-05-26,2026-05-26 | MegaWave 1 RUN A: write a-complete-guide-on-multiple-dw,2026-05-26,6,1,2026-06-06,2026-06-07,2805,2916,yes,22,1,no,a9defb970,7589,0,0,no,6,3,5,false,67,1,2026-05-27,2026-08-28,0
/blog/property-types-and-specialist-tax/a-complete-guide-to-5-sdlt-surcharge-refund-claims,https://www.propertytaxpartners.co.uk/blog/property-types-and-specialist-tax/a-complete-guide-to-5-sdlt-surcharge-refund-claims,CRAWLED_NOT_INDEXED,Crawled - currently not indexed,NEUTRAL,2026-05-27T04:34:30Z,MOBILE,SUCCESSFUL,https://www.propertytaxpartners.co.uk/blog/property-types-and-specialist-tax/a-complete-guide-to-5-sdlt-surcharge-refund-claims,https://www.propertytaxpartners.co.uk/blog/property-types-and-specialist-tax/a-complete-guide-to-5-sdlt-surcharge-refund-claims,https://www.propertytaxpartners.co.uk/sitemap.xml,1,https://www.propertytaxpartners.co.uk/sitemap.xml,property-types-and-specialist-tax,no,2026-05,yes,2026-05-26,2026-07-26,2026-05-26,2026-05-26 | MegaWave 1 RUN A: write a-complete-guide-to-5-sdlt-surc,2026-05-26,5,0,,,2877,2877,no,1,0,yes,d8a9c5a23,8520,0,0,no,4,3,4,false,32,0,2026-05-27,2026-08-22,0
/blog/property-types-and-specialist-tax/a-complete-guide-to-stamp-duty-refund,https://www.propertytaxpartners.co.uk/blog/property-types-and-specialist-tax/a-complete-guide-to-stamp-duty-refund,CRAWLED_NOT_INDEXED,Crawled - currently not indexed,NEUTRAL,2026-07-07T09:08:18Z,MOBILE,SUCCESSFUL,https://www.propertytaxpartners.co.uk/blog/property-types-and-specialist-tax/a-complete-guide-to-stamp-duty-refund,https://www.propertytaxpartners.co.uk/blog/property-types-and-specialist-tax/a-complete-guide-to-stamp-duty-refund,,2,https://www.propertytaxpartners.co.uk/feed.xml;https://www.propertytaxpartners.co.uk/sitemap.xml,property-types-and-specialist-tax,no,2026-07,yes,2026-05-26,2026-08-17,2026-05-26,2026-05-26 | MegaWave 1 RUN A: write a-complete-guide-to-stamp-duty-,2026-05-26,4,2,2026-08-17,2026-08-17,3660,3104,yes,20,1,no,cdf893f2b,10146,57,1,no,2,3,5,false,314,1,2026-05-27,2026-07-09,0
/blog/property-types-and-specialist-tax/a-complete-guide-to-stamp-duty-relief-for-probate-properties,https://www.propertytaxpartners.co.uk/blog/property-types-and-specialist-tax/a-complete-guide-to-stamp-duty-relief-for-probate-properties,INDEXED,Submitted and indexed,PASS,2026-10-04T17:29:19Z,MOBILE,SUCCESSFUL,https://www.propertytaxpartners.co.uk/blog/property-types-and-specialist-tax/a-complete-guide-to-stamp-duty-relief-for-probate-properties,https://www.propertytaxpartners.co.uk/blog/property-types-and-specialist-tax/a-complete-guide-to-stamp-duty-relief-for-probate-properties,https://www.propertytaxpartners.co.uk/sitemap.xml,2,https://www.propertytaxpartners.co.uk/feed.xml;https://www.propertytaxpartners.co.uk/sitemap.xml,property-types-and-specialist-tax,no,2026-10,yes,2026-05-26,2026-06-23,2026-05-26,2026-05-26 | MegaWave 1 RUN A: write a-complete-guide-to-stamp-duty-,2026-05-26,3,0,,,2872,2872,no,0,0,yes,b226ff381,8191,6,0,no,3,3,5,false,249,3,2026-05-29,2026-10-08,0
/blog/property-types-and-specialist-tax/a-short-guide-planning-permission-in-uk,https://www.propertytaxpartners.co.uk/blog/property-types-and-specialist-tax/a-short-guide-planning-permission-in-uk,INDEXED,Submitted and indexed,PASS,2026-10-06T12:51:44Z,MOBILE,SUCCESSFUL,https://www.propertytaxpartners.co.uk/blog/property-types-and-specialist-tax/a-short-guide-planning-permission-in-uk,https://www.propertytaxpartners.co.uk/blog/property-types-and-specialist-tax/a-short-guide-planning-permission-in-uk,https://www.propertytaxpartners.co.uk/sitemap.xml,2,https://www.propertytaxpartners.co.uk/feed.xml;https://www.propertytaxpartners.co.uk/sitemap.xml,property-types-and-specialist-tax,no,2026-10,yes,2026-05-28,2026-07-26,2026-05-28,2026-05-28 | MegaWave 3 RUN C: a-short-guide-planning-permission-in-,2026-05-28,4,0,,,2554,2554,no,0,0,yes,b226ff381,5602,0,0,no,0,3,,true,64,1,2026-06-04,2026-10-06,0
/blog/property-types-and-specialist-tax/abolishment-of-multiple-dwelling-relief,https://www.propertytaxpartners.co.uk/blog/property-types-and-specialist-tax/abolishment-of-multiple-dwelling-relief,CRAWLED_NOT_INDEXED,Crawled - currently not indexed,NEUTRAL,2026-06-30T19:31:08Z,MOBILE,SUCCESSFUL,https://www.propertytaxpartners.co.uk/blog/property-types-and-specialist-tax/abolishment-of-multiple-dwelling-relief,https://www.propertytaxpartners.co.uk/blog/property-types-and-specialist-tax/abolishment-of-multiple-dwelling-relief,https://www.propertytaxpartners.co.uk/sitemap.xml,1,https://www.propertytaxpartners.co.uk/sitemap.xml,property-types-and-specialist-tax,no,2026-06,yes,2026-05-26,2026-06-23,2026-05-26,2026-05-26 | MegaWave 1 RUN A: write abolishment-of-multiple-dwellin,2026-05-26,5,1,2026-06-07,2026-06-07,2523,2523,no,0,0,yes,cdf893f2b,6796,0,0,no,5,3,6,false,53,0,2026-05-29,2026-06-30,0
/blog/property-types-and-specialist-tax/abolition-of-multiple-dwellings-relief-mdr-raises-concerns,https://www.propertytaxpartners.co.uk/blog/property-types-and-specialist-tax/abolition-of-multiple-dwellings-relief-mdr-raises-concerns,CRAWLED_NOT_INDEXED,Crawled - currently not indexed,NEUTRAL,2026-05-27T04:34:32Z,MOBILE,SUCCESSFUL,https://www.propertytaxpartners.co.uk/blog/property-types-and-specialist-tax/abolition-of-multiple-dwellings-relief-mdr-raises-concerns,https://www.propertytaxpartners.co.uk/blog/property-types-and-specialist-tax/abolition-of-multiple-dwellings-relief-mdr-raises-concerns,https://www.propertytaxpartners.co.uk/sitemap.xml,1,https://www.propertytaxpartners.co.uk/sitemap.xml,property-types-and-specialist-tax,no,2026-05,yes,2026-05-26,2026-07-26,2026-05-26,2026-05-26 | MegaWave 1 RUN A: write abolition-of-multiple-dwellings,2026-05-26,5,0,,,2467,2467,no,2,0,yes,fa5760854,6775,0,0,no,4,3,6,false,44,0,2026-05-27,2026-09-13,0
/blog/property-types-and-specialist-tax/agricultural-property-relief-mixed-estate-1m-cap,https://www.propertytaxpartners.co.uk/blog/property-types-and-specialist-tax/agricultural-property-relief-mixed-estate-1m-cap,CRAWLED_NOT_INDEXED,Crawled - currently not indexed,NEUTRAL,2026-07-01T08:51:36Z,MOBILE,SUCCESSFUL,https://www.propertytaxpartners.co.uk/blog/property-types-and-specialist-tax/agricultural-property-relief-mixed-estate-1m-cap,https://www.propertytaxpartners.co.uk/blog/property-types-and-specialist-tax/agricultural-property-relief-mixed-estate-1m-cap,,1,https://www.propertytaxpartners.co.uk/sitemap.xml,property-types-and-specialist-tax,no,2026-07,yes,2026-05-22,2026-08-21,2026-05-22,2026-05-22 | Wave 2 (IHT): write agricultural-property-relief-mixed-,2026-05-23,8,1,2026-05-27,2026-05-28,3210,3119,no,2,0,yes,cdf893f2b,7951,0,0,no,6,2,4,false,16,0,2026-05-28,2026-07-02,0
/blog/property-types-and-specialist-tax/aia-1m-cap-property-investors-allocation-strategy-and-association-rules-cta-2010,https://www.propertytaxpartners.co.uk/blog/property-types-and-specialist-tax/aia-1m-cap-property-investors-allocation-strategy-and-association-rules-cta-2010,INDEXED,Submitted and indexed,PASS,2026-09-10T04:01:05Z,MOBILE,SUCCESSFUL,https://www.propertytaxpartners.co.uk/blog/property-types-and-specialist-tax/aia-1m-cap-property-investors-allocation-strategy-and-association-rules-cta-2010,https://www.propertytaxpartners.co.uk/blog/property-types-and-specialist-tax/aia-1m-cap-property-investors-allocation-strategy-and-association-rules-cta-2010,,2,https://www.propertytaxpartners.co.uk/blog/property-types-and-specialist-tax/super-deduction-130-percent-transitional-disposal-balancing-charge-mechanics-fa-2021;https://www.propertytaxpartners.co.uk/sitemap.xml,property-types-and-specialist-tax,no,2026-09,yes,2026-05-23,2026-07-26,2026-05-23,2026-05-23 | Wave 6 C4: AIA + associated-companies sharing rules (CA,2026-05-26,7,0,,,3214,3214,no,0,0,yes,c218d7a69,7711,0,0,no,15,2,3,false,51,1,2026-05-29,2026-10-07,0
/blog/property-types-and-specialist-tax/aia-allowance-uk-property-investors,https://www.propertytaxpartners.co.uk/blog/property-types-and-specialist-tax/aia-allowance-uk-property-investors,CRAWLED_NOT_INDEXED,Crawled - currently not indexed,NEUTRAL,2026-07-16T18:26:50Z,MOBILE,SUCCESSFUL,https://www.propertytaxpartners.co.uk/blog/property-types-and-specialist-tax/aia-allowance-uk-property-investors,https://www.propertytaxpartners.co.uk/blog/property-types-and-specialist-tax/aia-allowance-uk-property-investors,,1,https://www.propertytaxpartners.co.uk/sitemap.xml,property-types-and-specialist-tax,no,2026-07,yes,'2026-05-20',2026-06-23,2026-05-20,2026-05-20 | chore: pre-refactor baseline snapshot of working-tree s,2026-05-20,6,2,2026-06-06,2026-06-07,2942,2942,no,0,0,yes,cdf893f2b,6299,27,0,no,1,3,6,false,301,0,2026-05-21,2026-09-21,0
/blog/property-types-and-specialist-tax/aia-capital-allowances,https://www.propertytaxpartners.co.uk/blog/property-types-and-specialist-tax/aia-capital-allowances,CRAWLED_NOT_INDEXED,Crawled - currently not indexed,NEUTRAL,2026-05-21T08:39:13Z,MOBILE,SUCCESSFUL,,,https://www.propertytaxpartners.co.uk/sitemap.xml,1,https://www.propertytaxpartners.co.uk/sitemap.xml,property-types-and-specialist-tax,no,2026-05,yes,'2026-05-20',2026-06-23,2026-05-20,2026-05-20 | chore: pre-refactor baseline snapshot of working-tree s,2026-05-20,6,3,2026-06-02,2026-06-02,2458,1489,yes,99,3,no,5da8276aa,5838,11,0,no,0,3,,true,134,3,2026-05-27,2026-09-24,0
/blog/property-types-and-specialist-tax/air-bnb-and-post-covid,https://www.propertytaxpartners.co.uk/blog/property-types-and-specialist-tax/air-bnb-and-post-covid,CRAWLED_NOT_INDEXED,Crawled - currently not indexed,NEUTRAL,2026-07-07T05:58:53Z,MOBILE,SUCCESSFUL,https://www.propertytaxpartners.co.uk/blog/property-types-and-specialist-tax/air-bnb-and-post-covid,https://www.propertytaxpartners.co.uk/blog/property-types-and-specialist-tax/air-bnb-and-post-covid,https://www.propertytaxpartners.co.uk/sitemap.xml,1,https://www.propertytaxpartners.co.uk/sitemap.xml,property-types-and-specialist-tax,no,2026-07,yes,2026-05-28,2026-06-23,2026-05-28,2026-05-28 | MegaWave 3 RUN C: air-bnb-and-post-covid (M3-C-B1),2026-05-28,3,0,,,2227,2227,no,0,0,yes,cdf893f2b,5920,0,0,no,1,3,,false,24,0,2026-05-31,2026-07-05,0
/blog/property-types-and-specialist-tax/airbnb-landlords,https://www.propertytaxpartners.co.uk/blog/property-types-and-specialist-tax/airbnb-landlords,CRAWLED_NOT_INDEXED,Crawled - currently not indexed,NEUTRAL,2026-05-29T00:01:56Z,MOBILE,SUCCESSFUL,https://www.propertytaxpartners.co.uk/blog/property-types-and-specialist-tax/airbnb-landlords,https://www.propertytaxpartners.co.uk/blog/property-types-and-specialist-tax/airbnb-landlords,https://www.propertytaxpartners.co.uk/sitemap.xml,1,https://www.propertytaxpartners.co.uk/sitemap.xml,property-types-and-specialist-tax,no,2026-05,yes,2026-05-28,2026-06-23,2026-05-28,2026-05-28 | MegaWave 3 RUN C: airbnb-landlords (M3-C-B1),2026-05-28,4,1,2026-06-06,2026-06-07,2537,2524,yes,36,1,no,96a386070,6111,0,0,no,1,3,,false,34,0,2026-05-30,2026-08-24,0
/blog/property-types-and-specialist-tax/airbnb-tax-uk-short-term-rental-income-taxed,https://www.propertytaxpartners.co.uk/blog/property-types-and-specialist-tax/airbnb-tax-uk-short-term-rental-income-taxed,CRAWLED_NOT_INDEXED,Crawled - currently not indexed,NEUTRAL,2026-05-30T10:12:56Z,MOBILE,SUCCESSFUL,https://www.propertytaxpartners.co.uk/blog/property-types-and-specialist-tax/airbnb-tax-uk-short-term-rental-income-taxed,https://www.propertytaxpartners.co.uk/blog/property-types-and-specialist-tax/airbnb-tax-uk-short-term-rental-income-taxed,https://www.propertytaxpartners.co.uk/sitemap.xml,1,https://www.propertytaxpartners.co.uk/blog/property-types-and-specialist-tax/holiday-let-tax-calculator-fhl-changes,property-types-and-specialist-tax,no,2026-05,yes,2026-04-10,2026-08-21,2026-04-10,"2026-04-10 | Property site: add 148 blog posts, 2 new category hubs,",2026-04-10,10,2,2026-05-24,2026-05-26,3840,3839,no,1,0,yes,f4f6d9775,7966,802,37,yes,3,3,6,false,0,0,,,0
/blog/property-types-and-specialist-tax/annual-tax-on-enveloped-dwellings-pro-and-cons,https://www.propertytaxpartners.co.uk/blog/property-types-and-specialist-tax/annual-tax-on-enveloped-dwellings-pro-and-cons,INDEXED,Submitted and indexed,PASS,2026-10-06T17:44:10Z,MOBILE,SUCCESSFUL,https://www.propertytaxpartners.co.uk/blog/property-types-and-specialist-tax/annual-tax-on-enveloped-dwellings-pro-and-cons,https://www.propertytaxpartners.co.uk/blog/property-types-and-specialist-tax/annual-tax-on-enveloped-dwellings-pro-and-cons,https://www.propertytaxpartners.co.uk/sitemap.xml,1,https://www.propertytaxpartners.co.uk/sitemap.xml,property-types-and-specialist-tax,no,2026-10,yes,2026-05-28,2026-07-26,2026-05-28,2026-05-28 | MW3 RUN B5: annual-tax-on-enveloped-dwellings-pro-and-c,2026-05-28,7,0,,,2877,2877,no,0,0,yes,b226ff381,7025,0,0,no,4,3,7,false,335,5,2026-06-02,2026-10-08,0
/blog/property-types-and-specialist-tax/anti-fragmentation-rule-section-356oh-section-517h-multi-entity-developer-scheme-defeat,https://www.propertytaxpartners.co.uk/blog/property-types-and-specialist-tax/anti-fragmentation-rule-section-356oh-section-517h-multi-entity-developer-scheme-defeat,CRAWLED_NOT_INDEXED,Crawled - currently not indexed,NEUTRAL,2026-07-04T04:03:38Z,MOBILE,SUCCESSFUL,https://www.propertytaxpartners.co.uk/blog/property-types-and-specialist-tax/anti-fragmentation-rule-section-356oh-section-517h-multi-entity-developer-scheme-defeat,https://www.propertytaxpartners.co.uk/blog/property-types-and-specialist-tax/anti-fragmentation-rule-section-356oh-section-517h-multi-entity-developer-scheme-defeat,https://www.propertytaxpartners.co.uk/sitemap.xml,2,https://www.propertytaxpartners.co.uk/feed.xml;https://www.propertytaxpartners.co.uk/sitemap.xml,property-types-and-specialist-tax,no,2026-07,yes,2026-05-25,,2026-05-25,2026-05-25 | Wave 8 Bucket B B6: anti-fragmentation s.356OH / s.517H,2026-05-26,1,0,,,2808,2808,no,0,0,yes,225d85278,5288,0,0,no,6,3,7,false,43,0,2026-05-27,2026-09-22,0
/blog/property-types-and-specialist-tax/applicable-sdlt-rates-for-first-time-buyers,https://www.propertytaxpartners.co.uk/blog/property-types-and-specialist-tax/applicable-sdlt-rates-for-first-time-buyers,CRAWLED_NOT_INDEXED,Crawled - currently not indexed,NEUTRAL,2026-05-27T08:27:43Z,MOBILE,SUCCESSFUL,https://www.propertytaxpartners.co.uk/blog/property-types-and-specialist-tax/applicable-sdlt-rates-for-first-time-buyers,https://www.propertytaxpartners.co.uk/blog/property-types-and-specialist-tax/applicable-sdlt-rates-for-first-time-buyers,https://www.propertytaxpartners.co.uk/sitemap.xml,1,https://www.propertytaxpartners.co.uk/sitemap.xml,property-types-and-specialist-tax,no,2026-05,yes,2026-05-26,2026-08-17,2026-05-26,2026-05-26 | MegaWave 1 RUN A: write applicable-sdlt-rates-for-first,2026-05-26,5,0,,,2177,2187,no,4,0,yes,0630da971,6528,73,1,no,4,3,6,false,116,1,2026-05-27,2026-08-22,0
/blog/property-types-and-specialist-tax/archer-uk-limited-vs-revenue-scotland-ftt-rules-no-lbtt-charge-for-lease-extension-granted-under-sdlt,https://www.propertytaxpartners.co.uk/blog/property-types-and-specialist-tax/archer-uk-limited-vs-revenue-scotland-ftt-rules-no-lbtt-charge-for-lease-extension-granted-under-sdlt,CRAWLED_NOT_INDEXED,Crawled - currently not indexed,NEUTRAL,2026-07-24T12:41:54Z,MOBILE,SUCCESSFUL,https://www.propertytaxpartners.co.uk/blog/property-types-and-specialist-tax/archer-uk-limited-vs-revenue-scotland-ftt-rules-no-lbtt-charge-for-lease-extension-granted-under-sdlt,https://www.propertytaxpartners.co.uk/blog/property-types-and-specialist-tax/archer-uk-limited-vs-revenue-scotland-ftt-rules-no-lbtt-charge-for-lease-extension-granted-under-sdlt,https://www.propertytaxpartners.co.uk/sitemap.xml,2,https://www.propertytaxpartners.co.uk/feed.xml;https://www.propertytaxpartners.co.uk/sitemap.xml,property-types-and-specialist-tax,no,2026-07,yes,2026-05-26,2026-08-16,2026-05-26,2026-05-26 | MegaWave 1 RUN A: write archer-uk-limited-vs-revenue-sc,2026-05-26,5,0,,,2214,2214,no,0,0,yes,cdf893f2b,6429,0,0,no,4,2,8,false,96,1,2026-05-29,2026-09-25,0
/blog/property-types-and-specialist-tax/are-you-a-property-investor-or-developer,https://www.propertytaxpartners.co.uk/blog/property-types-and-specialist-tax/are-you-a-property-investor-or-developer,CRAWLED_NOT_INDEXED,Crawled - currently not indexed,NEUTRAL,2026-07-04T14:06:08Z,MOBILE,SUCCESSFUL,https://www.propertytaxpartners.co.uk/blog/property-types-and-specialist-tax/are-you-a-property-investor-or-developer,https://www.propertytaxpartners.co.uk/blog/property-types-and-specialist-tax/are-you-a-property-investor-or-developer,,2,https://www.propertytaxpartners.co.uk/feed.xml;https://www.propertytaxpartners.co.uk/sitemap.xml,property-types-and-specialist-tax,no,2026-07,yes,2026-05-28,2026-07-26,2026-05-28,2026-05-28 | MegaWave 3 RUN C: are-you-a-property-investor-or-develo,2026-05-28,5,0,,,2528,2528,no,0,0,yes,cdf893f2b,5945,0,0,no,12,3,7,false,16,0,2026-06-01,2026-06-28,0
/blog/property-types-and-specialist-tax/artificial-separation-and-vat-key-insights-from-cases,https://www.propertytaxpartners.co.uk/blog/property-types-and-specialist-tax/artificial-separation-and-vat-key-insights-from-cases,INDEXED,Submitted and indexed,PASS,2026-07-08T13:18:53Z,MOBILE,SUCCESSFUL,https://www.propertytaxpartners.co.uk/blog/property-types-and-specialist-tax/artificial-separation-and-vat-key-insights-from-cases,https://www.propertytaxpartners.co.uk/blog/property-types-and-specialist-tax/artificial-separation-and-vat-key-insights-from-cases,https://www.propertytaxpartners.co.uk/sitemap.xml,1,https://www.propertytaxpartners.co.uk/sitemap.xml,property-types-and-specialist-tax,no,2026-07,yes,2026-05-27,2026-07-26,2026-05-27,2026-05-27 | MW2 RUN B-B1: artificial-separation-and-vat-key-insight,2026-05-28,5,0,,,2926,2926,no,1,0,yes,cdf893f2b,6613,0,0,no,2,2,7,false,463,2,2026-06-03,2026-10-08,1
/blog/property-types-and-specialist-tax/ated-late-filing-penalty-failed-reasonable-excuse-or-special-circumstances-appeal,https://www.propertytaxpartners.co.uk/blog/property-types-and-specialist-tax/ated-late-filing-penalty-failed-reasonable-excuse-or-special-circumstances-appeal,CRAWLED_NOT_INDEXED,Crawled - currently not indexed,NEUTRAL,2026-05-28T23:36:03Z,MOBILE,SUCCESSFUL,https://www.propertytaxpartners.co.uk/blog/property-types-and-specialist-tax/ated-late-filing-penalty-failed-reasonable-excuse-or-special-circumstances-appeal,https://www.propertytaxpartners.co.uk/blog/property-types-and-specialist-tax/ated-late-filing-penalty-failed-reasonable-excuse-or-special-circumstances-appeal,https://www.propertytaxpartners.co.uk/sitemap.xml,1,https://www.propertytaxpartners.co.uk/sitemap.xml,property-types-and-specialist-tax,no,2026-05,yes,2026-05-28,2026-07-26,2026-05-28,2026-05-28 | MegaWave 3 RUN B: ated-late-filing-penalty-failed-reaso,2026-05-28,4,0,,,4220,4220,no,0,0,yes,9906ae8ad,8196,0,0,no,1,3,8,false,45,0,2026-05-30,2026-08-25,0
/blog/property-types-and-specialist-tax/ated-penalties-and-appeals,https://www.propertytaxpartners.co.uk/blog/property-types-and-specialist-tax/ated-penalties-and-appeals,CRAWLED_NOT_INDEXED,Crawled - currently not indexed,NEUTRAL,2026-05-29T00:03:39Z,MOBILE,SUCCESSFUL,https://www.propertytaxpartners.co.uk/blog/property-types-and-specialist-tax/ated-penalties-and-appeals,https://www.propertytaxpartners.co.uk/blog/property-types-and-specialist-tax/ated-penalties-and-appeals,https://www.propertytaxpartners.co.uk/sitemap.xml,1,https://www.propertytaxpartners.co.uk/sitemap.xml,property-types-and-specialist-tax,no,2026-05,yes,2026-05-28,2026-07-26,2026-05-28,2026-05-28 | MegaWave 3 RUN B: ated-penalties-and-appeals (M3-B-B2),2026-05-28,4,0,,,3737,3737,no,0,0,yes,5eae3698a,7512,5,0,no,6,3,7,false,39,0,2026-05-29,2026-08-25,0
/blog/property-types-and-specialist-tax/ated-rates,https://www.propertytaxpartners.co.uk/blog/property-types-and-specialist-tax/ated-rates,CRAWLED_NOT_INDEXED,Crawled - currently not indexed,NEUTRAL,2026-08-19T04:22:17Z,MOBILE,SUCCESSFUL,https://www.propertytaxpartners.co.uk/blog/property-types-and-specialist-tax/ated-rates,https://www.propertytaxpartners.co.uk/blog/property-types-and-specialist-tax/ated-rates,https://www.propertytaxpartners.co.uk/sitemap.xml,1,https://www.propertytaxpartners.co.uk/sitemap.xml,property-types-and-specialist-tax,no,2026-08,yes,2026-05-28,2026-06-23,2026-05-28,2026-05-28 | MegaWave 3 RUN B: ated-rates (M3-B-B2),2026-05-28,4,0,,,3224,3224,no,0,0,yes,cdf893f2b,6536,64,1,no,3,3,7,false,154,2,2026-05-29,2026-09-10,0
/blog/property-types-and-specialist-tax/ated-relief-clawback-occupation-by-a-non-qualifying-occupation,https://www.propertytaxpartners.co.uk/blog/property-types-and-specialist-tax/ated-relief-clawback-occupation-by-a-non-qualifying-occupation,CRAWLED_NOT_INDEXED,Crawled - currently not indexed,NEUTRAL,2026-07-05T07:08:36Z,MOBILE,SUCCESSFUL,https://www.propertytaxpartners.co.uk/blog/property-types-and-specialist-tax/ated-relief-clawback-occupation-by-a-non-qualifying-occupation,https://www.propertytaxpartners.co.uk/blog/property-types-and-specialist-tax/ated-relief-clawback-occupation-by-a-non-qualifying-occupation,,1,https://www.propertytaxpartners.co.uk/sitemap.xml,property-types-and-specialist-tax,no,2026-07,yes,2026-05-28,2026-06-23,2026-05-28,2026-05-28 | MegaWave 3 RUN B: ated-relief-clawback-occupation-by-a-,2026-05-28,3,0,,,3590,3590,no,0,0,yes,cdf893f2b,7494,0,0,no,3,3,6,false,10,0,2026-06-09,2026-07-04,0
/blog/property-types-and-specialist-tax/ated-relief-for-related-persons-and-market-rent-a-complete-guide,https://www.propertytaxpartners.co.uk/blog/property-types-and-specialist-tax/ated-relief-for-related-persons-and-market-rent-a-complete-guide,CRAWLED_NOT_INDEXED,Crawled - currently not indexed,NEUTRAL,2026-07-05T07:28:33Z,MOBILE,SUCCESSFUL,https://www.propertytaxpartners.co.uk/blog/property-types-and-specialist-tax/ated-relief-for-related-persons-and-market-rent-a-complete-guide,https://www.propertytaxpartners.co.uk/blog/property-types-and-specialist-tax/ated-relief-for-related-persons-and-market-rent-a-complete-guide,https://www.propertytaxpartners.co.uk/sitemap.xml,1,https://www.propertytaxpartners.co.uk/sitemap.xml,property-types-and-specialist-tax,no,2026-07,yes,2026-05-28,2026-06-23,2026-05-28,2026-05-28 | MegaWave 3 RUN B: ated-relief-for-related-persons-and-m,2026-05-28,3,0,,,3593,3593,no,0,0,yes,cdf893f2b,7527,0,0,no,3,3,6,false,45,0,2026-06-03,2026-07-07,0
/blog/property-types-and-specialist-tax/ated-return-amendment-guide-when-how-tax-tips,https://www.propertytaxpartners.co.uk/blog/property-types-and-specialist-tax/ated-return-amendment-guide-when-how-tax-tips,CRAWLED_NOT_INDEXED,Crawled - currently not indexed,NEUTRAL,2026-05-29T00:01:50Z,MOBILE,SUCCESSFUL,https://www.propertytaxpartners.co.uk/blog/property-types-and-specialist-tax/ated-return-amendment-guide-when-how-tax-tips,https://www.propertytaxpartners.co.uk/blog/property-types-and-specialist-tax/ated-return-amendment-guide-when-how-tax-tips,https://www.propertytaxpartners.co.uk/sitemap.xml,2,https://www.propertytaxpartners.co.uk/feed.xml;https://www.propertytaxpartners.co.uk/sitemap.xml,property-types-and-specialist-tax,no,2026-05,yes,2026-05-28,2026-06-23,2026-05-28,2026-05-28 | MegaWave 3 RUN B: ated-return-amendment-guide-when-how-,2026-05-28,3,0,,,4618,4618,no,0,0,yes,ace922b92,8635,0,0,no,2,3,7,false,38,0,2026-05-30,2026-08-26,0
/blog/property-types-and-specialist-tax/ated-valuation-date,https://www.propertytaxpartners.co.uk/blog/property-types-and-specialist-tax/ated-valuation-date,CRAWLED_NOT_INDEXED,Crawled - currently not indexed,NEUTRAL,2026-07-05T07:26:45Z,MOBILE,SUCCESSFUL,https://www.propertytaxpartners.co.uk/blog/property-types-and-specialist-tax/ated-valuation-date,https://www.propertytaxpartners.co.uk/blog/property-types-and-specialist-tax/ated-valuation-date,,1,https://www.propertytaxpartners.co.uk/sitemap.xml,property-types-and-specialist-tax,no,2026-07,yes,2026-05-28,2026-07-26,2026-05-28,2026-05-28 | MegaWave 3 RUN B: ated-valuation-date (M3-B-B3),2026-05-28,4,0,,,3861,3861,no,0,0,yes,cdf893f2b,7851,0,0,no,3,3,6,false,2,0,2026-06-10,2026-06-23,0
/blog/property-types-and-specialist-tax/averdieck-case-analysis-navigating-sdlt-and-public-rights-of-way,https://www.propertytaxpartners.co.uk/blog/property-types-and-specialist-tax/averdieck-case-analysis-navigating-sdlt-and-public-rights-of-way,CRAWLED_NOT_INDEXED,Crawled - currently not indexed,NEUTRAL,2026-05-27T06:33:14Z,MOBILE,SUCCESSFUL,https://www.propertytaxpartners.co.uk/blog/property-types-and-specialist-tax/averdieck-case-analysis-navigating-sdlt-and-public-rights-of-way,https://www.propertytaxpartners.co.uk/blog/property-types-and-specialist-tax/averdieck-case-analysis-navigating-sdlt-and-public-rights-of-way,https://www.propertytaxpartners.co.uk/sitemap.xml,1,https://www.propertytaxpartners.co.uk/sitemap.xml,property-types-and-specialist-tax,no,2026-05,yes,2026-05-26,2026-07-26,2026-05-26,2026-05-26 | MegaWave 1 RUN A: write averdieck-case-analysis-navigat,2026-05-26,6,1,2026-06-07,2026-06-07,2192,2160,yes,16,1,no,5fd14a7f7,6547,0,0,no,2,3,,false,24,0,2026-05-27,2026-08-24,0
/blog/property-types-and-specialist-tax/avoiding-common-mistakes-with-enveloped-dwelling-tax,https://www.propertytaxpartners.co.uk/blog/property-types-and-specialist-tax/avoiding-common-mistakes-with-enveloped-dwelling-tax,CRAWLED_NOT_INDEXED,Crawled - currently not indexed,NEUTRAL,2026-07-20T22:04:46Z,MOBILE,SUCCESSFUL,https://www.propertytaxpartners.co.uk/blog/property-types-and-specialist-tax/avoiding-common-mistakes-with-enveloped-dwelling-tax,https://www.propertytaxpartners.co.uk/blog/property-types-and-specialist-tax/avoiding-common-mistakes-with-enveloped-dwelling-tax,https://www.propertytaxpartners.co.uk/sitemap.xml,1,https://www.propertytaxpartners.co.uk/sitemap.xml,property-types-and-specialist-tax,no,2026-07,yes,2026-05-28,2026-07-26,2026-05-28,2026-05-28 | MegaWave 3 RUN B: avoiding-common-mistakes-with-envelop,2026-05-28,4,0,,,3431,3431,no,0,0,yes,cdf893f2b,7368,0,0,no,4,3,7,false,73,1,2026-06-01,2026-09-24,0
/blog/property-types-and-specialist-tax/badges-of-trade-marson-morton-property-flipping-investment-distinction-landlords,https://www.propertytaxpartners.co.uk/blog/property-types-and-specialist-tax/badges-of-trade-marson-morton-property-flipping-investment-distinction-landlords,CRAWLED_NOT_INDEXED,Crawled - currently not indexed,NEUTRAL,2026-05-27T06:33:22Z,MOBILE,SUCCESSFUL,https://www.propertytaxpartners.co.uk/blog/property-types-and-specialist-tax/badges-of-trade-marson-morton-property-flipping-investment-distinction-landlords,https://www.propertytaxpartners.co.uk/blog/property-types-and-specialist-tax/badges-of-trade-marson-morton-property-flipping-investment-distinction-landlords,https://www.propertytaxpartners.co.uk/sitemap.xml,1,https://www.propertytaxpartners.co.uk/sitemap.xml,property-types-and-specialist-tax,no,2026-05,yes,2026-05-25,2026-06-06,2026-05-25,2026-05-25 | Wave 8 Bucket B B7: badges of trade — Marson v Morton d,2026-05-26,3,1,2026-06-06,2026-06-07,2896,2839,yes,36,1,no,670eaea9c,5360,11,3,no,5,3,7,false,539,4,2026-05-27,2026-10-02,0
/blog/property-types-and-specialist-tax/balancing-allowance-balancing-charge-on-disposal-property-capital-allowances-mechanics,https://www.propertytaxpartners.co.uk/blog/property-types-and-specialist-tax/balancing-allowance-balancing-charge-on-disposal-property-capital-allowances-mechanics,CRAWLED_NOT_INDEXED,Crawled - currently not indexed,NEUTRAL,2026-06-24T20:32:43Z,MOBILE,SUCCESSFUL,https://www.propertytaxpartners.co.uk/blog/property-types-and-specialist-tax/balancing-allowance-balancing-charge-on-disposal-property-capital-allowances-mechanics,https://www.propertytaxpartners.co.uk/blog/property-types-and-specialist-tax/balancing-allowance-balancing-charge-on-disposal-property-capital-allowances-mechanics,,1,https://www.propertytaxpartners.co.uk/sitemap.xml,property-types-and-specialist-tax,no,2026-06,yes,2026-05-23,2026-07-26,2026-05-23,2026-05-23 | Wave 6 C2: balancing allowance/charge on disposal mecha,2026-05-26,5,0,,,3480,3480,no,0,0,yes,cdf893f2b,7948,99,4,no,16,2,3,false,283,0,2026-05-28,2026-07-10,0
/blog/property-types-and-specialist-tax/big-tax-changes-ahead-for-furnished-holiday-lettings,https://www.propertytaxpartners.co.uk/blog/property-types-and-specialist-tax/big-tax-changes-ahead-for-furnished-holiday-lettings,CRAWLED_NOT_INDEXED,Crawled - currently not indexed,NEUTRAL,2026-07-04T19:38:55Z,MOBILE,SUCCESSFUL,https://www.propertytaxpartners.co.uk/blog/property-types-and-specialist-tax/big-tax-changes-ahead-for-furnished-holiday-lettings,https://www.propertytaxpartners.co.uk/blog/property-types-and-specialist-tax/big-tax-changes-ahead-for-furnished-holiday-lettings,https://www.propertytaxpartners.co.uk/sitemap.xml,1,https://www.propertytaxpartners.co.uk/sitemap.xml,property-types-and-specialist-tax,no,2026-07,yes,2026-05-26,2026-07-26,2026-05-26,2026-05-26 | MegaWave 1 RUN B: big-tax-changes-ahead-for-furnished-h,2026-05-26,8,0,,,3072,3072,no,0,0,yes,cdf893f2b,6728,0,0,no,1,3,5,false,42,0,2026-05-30,2026-09-15,0
/blog/property-types-and-specialist-tax/booking-com-a-complete-guide-for-the-hosts,https://www.propertytaxpartners.co.uk/blog/property-types-and-specialist-tax/booking-com-a-complete-guide-for-the-hosts,INDEXED,Submitted and indexed,PASS,2026-09-29T09:48:06Z,MOBILE,SUCCESSFUL,https://www.propertytaxpartners.co.uk/blog/property-types-and-specialist-tax/booking-com-a-complete-guide-for-the-hosts,https://www.propertytaxpartners.co.uk/blog/property-types-and-specialist-tax/booking-com-a-complete-guide-for-the-hosts,https://www.propertytaxpartners.co.uk/sitemap.xml,1,https://www.propertytaxpartners.co.uk/sitemap.xml,property-types-and-specialist-tax,no,2026-09,yes,2026-05-28,2026-07-26,2026-05-28,2026-05-28 | MegaWave 3 RUN C: booking-com-a-complete-guide-for-the-,2026-05-28,5,0,,,2181,2181,no,0,0,yes,b226ff381,5212,265,20,yes,0,3,,true,900,7,2026-05-29,2026-10-08,0
/blog/property-types-and-specialist-tax/brief-introduction-to-commercial-property-service-charge-accounts,https://www.propertytaxpartners.co.uk/blog/property-types-and-specialist-tax/brief-introduction-to-commercial-property-service-charge-accounts,CRAWLED_NOT_INDEXED,Crawled - currently not indexed,NEUTRAL,2026-07-05T07:16:25Z,MOBILE,SUCCESSFUL,https://www.propertytaxpartners.co.uk/blog/property-types-and-specialist-tax/brief-introduction-to-commercial-property-service-charge-accounts,https://www.propertytaxpartners.co.uk/blog/property-types-and-specialist-tax/brief-introduction-to-commercial-property-service-charge-accounts,,1,https://www.propertytaxpartners.co.uk/sitemap.xml,property-types-and-specialist-tax,no,2026-07,yes,2026-05-28,2026-08-21,2026-05-28,2026-05-28 | MegaWave 3 RUN C: brief-introduction-to-commercial-prop,2026-05-28,6,0,,,2376,2373,no,1,0,yes,cdf893f2b,5413,0,0,no,1,3,7,false,64,0,2026-06-01,2026-07-06,0
/blog/property-types-and-specialist-tax/building-safety-act-2022-cladding-cost-recovery-leaseholder-protections-landlords,https://www.propertytaxpartners.co.uk/blog/property-types-and-specialist-tax/building-safety-act-2022-cladding-cost-recovery-leaseholder-protections-landlords,CRAWLED_NOT_INDEXED,Crawled - currently not indexed,NEUTRAL,2026-07-05T06:38:36Z,MOBILE,SUCCESSFUL,https://www.propertytaxpartners.co.uk/blog/property-types-and-specialist-tax/building-safety-act-2022-cladding-cost-recovery-leaseholder-protections-landlords,https://www.propertytaxpartners.co.uk/blog/property-types-and-specialist-tax/building-safety-act-2022-cladding-cost-recovery-leaseholder-protections-landlords,https://www.propertytaxpartners.co.uk/sitemap.xml,1,https://www.propertytaxpartners.co.uk/sitemap.xml,property-types-and-specialist-tax,no,2026-07,yes,2026-05-24,2026-08-21,2026-05-24,2026-05-24 | Wave 7 A10: BSA 2022 cladding cost recovery + leasehold,2026-05-26,3,0,,,3158,3157,no,1,0,yes,b67a0ea13,6878,18,0,no,6,2,6,false,344,0,2026-05-30,2026-07-08,0
/blog/property-types-and-specialist-tax/capital-allowance-aia-property-landlords,https://www.propertytaxpartners.co.uk/blog/property-types-and-specialist-tax/capital-allowance-aia-property-landlords,INDEXED,Submitted and indexed,PASS,2026-10-10T05:58:55Z,MOBILE,SUCCESSFUL,https://www.propertytaxpartners.co.uk/blog/property-types-and-specialist-tax/capital-allowance-aia-property-landlords,https://www.propertytaxpartners.co.uk/blog/property-types-and-specialist-tax/capital-allowance-aia-property-landlords,https://www.propertytaxpartners.co.uk/sitemap.xml,1,https://www.propertytaxpartners.co.uk/sitemap.xml,property-types-and-specialist-tax,no,2026-10,yes,'2026-05-20',2026-06-23,2026-05-20,2026-05-20 | chore: pre-refactor baseline snapshot of working-tree s,2026-05-20,7,4,2026-06-06,2026-06-07,2317,2317,no,0,0,yes,b226ff381,5433,4,0,no,0,3,,true,437,6,2026-05-21,2026-10-08,0
/blog/property-types-and-specialist-tax/capital-allowances-commercial-property-what-can-claim,https://www.propertytaxpartners.co.uk/blog/property-types-and-specialist-tax/capital-allowances-commercial-property-what-can-claim,CRAWLED_NOT_INDEXED,Crawled - currently not indexed,NEUTRAL,2026-05-30T07:27:09Z,MOBILE,SUCCESSFUL,https://www.propertytaxpartners.co.uk/blog/property-types-and-specialist-tax/capital-allowances-commercial-property-what-can-claim,https://www.propertytaxpartners.co.uk/blog/property-types-and-specialist-tax/capital-allowances-commercial-property-what-can-claim,https://www.propertytaxpartners.co.uk/sitemap.xml,2,https://www.propertytaxpartners.co.uk/blog/property-types-and-specialist-tax/vat-commercial-to-residential-conversion-5-percent-reduced-rate-developer-recovery-mechanics;https://www.propertytaxpartners.co.uk/blog/property-types-and-specialist-tax/holiday-let-tax-calculator-fhl-changes,property-types-and-specialist-tax,no,2026-05,yes,2026-05-30,2026-06-23,2026-04-10,"2026-04-10 | Property site: add 148 blog posts, 2 new category hubs,",2026-04-10,6,1,2026-05-30,2026-05-31,3152,1142,yes,214,1,no,5422c5e88,6527,158,11,yes,17,2,3,false,0,0,,,0
/blog/property-types-and-specialist-tax/capital-allowances-examples,https://www.propertytaxpartners.co.uk/blog/property-types-and-specialist-tax/capital-allowances-examples,CRAWLED_NOT_INDEXED,Crawled - currently not indexed,NEUTRAL,2026-07-16T07:48:35Z,MOBILE,SUCCESSFUL,https://www.propertytaxpartners.co.uk/blog/property-types-and-specialist-tax/capital-allowances-examples,https://www.propertytaxpartners.co.uk/blog/property-types-and-specialist-tax/capital-allowances-examples,https://www.propertytaxpartners.co.uk/sitemap.xml,2,https://www.propertytaxpartners.co.uk/feed.xml;https://www.propertytaxpartners.co.uk/sitemap.xml,property-types-and-specialist-tax,no,2026-07,yes,'2026-05-20',2026-08-18,2026-05-20,2026-05-20 | chore: pre-refactor baseline snapshot of working-tree s,2026-05-20,7,4,2026-08-18,2026-08-18,4351,3701,yes,14,1,no,cdf893f2b,7981,94,3,no,0,3,,true,46,0,2026-05-21,2026-07-15,0
/blog/property-types-and-specialist-tax/capital-allowances-for-care-homes,https://www.propertytaxpartners.co.uk/blog/property-types-and-specialist-tax/capital-allowances-for-care-homes,INDEXED,Submitted and indexed,PASS,2026-10-09T21:40:37Z,MOBILE,SUCCESSFUL,https://www.propertytaxpartners.co.uk/blog/property-types-and-specialist-tax/capital-allowances-for-care-homes,https://www.propertytaxpartners.co.uk/blog/property-types-and-specialist-tax/capital-allowances-for-care-homes,https://www.propertytaxpartners.co.uk/sitemap.xml,1,https://www.propertytaxpartners.co.uk/sitemap.xml,property-types-and-specialist-tax,no,2026-10,yes,2026-07-30,2026-08-17,2026-07-30,2026-07-30 | content(property): specialist-tax cluster - 15 A* pages,2026-08-03,4,0,,,2229,2229,no,0,0,yes,52740564d,5304,0,0,no,3,3,10,false,113,2,2026-08-05,2026-10-08,0
/blog/property-types-and-specialist-tax/capital-allowances-for-dental-practices,https://www.propertytaxpartners.co.uk/blog/property-types-and-specialist-tax/capital-allowances-for-dental-practices,INDEXED,Submitted and indexed,PASS,2026-08-05T02:31:32Z,MOBILE,SUCCESSFUL,https://www.propertytaxpartners.co.uk/blog/property-types-and-specialist-tax/capital-allowances-for-dental-practices,https://www.propertytaxpartners.co.uk/blog/property-types-and-specialist-tax/capital-allowances-for-dental-practices,,1,https://www.propertytaxpartners.co.uk/sitemap.xml,property-types-and-specialist-tax,no,2026-08,yes,'2026-07-30',2026-08-17,2026-07-30,2026-07-30 | content(property): specialist-tax cluster - 15 A* pages,2026-08-03,3,0,,,1979,1981,no,1,0,yes,3879b002c,5275,0,0,no,3,3,10,false,39,0,2026-08-05,2026-10-07,0
/blog/property-types-and-specialist-tax/capital-allowances-for-gp-surgeries,https://www.propertytaxpartners.co.uk/blog/property-types-and-specialist-tax/capital-allowances-for-gp-surgeries,INDEXED,Submitted and indexed,PASS,2026-08-05T08:50:18Z,MOBILE,SUCCESSFUL,https://www.propertytaxpartners.co.uk/blog/property-types-and-specialist-tax/capital-allowances-for-gp-surgeries,https://www.propertytaxpartners.co.uk/blog/property-types-and-specialist-tax/capital-allowances-for-gp-surgeries,https://www.propertytaxpartners.co.uk/sitemap.xml,1,https://www.propertytaxpartners.co.uk/sitemap.xml,property-types-and-specialist-tax,no,2026-08,yes,'2026-07-30',,2026-07-30,2026-07-30 | content(property): specialist-tax cluster - 15 A* pages,2026-08-03,2,0,,,1999,1993,no,1,0,yes,3879b002c,5465,0,0,no,3,3,10,false,53,3,2026-08-13,2026-10-08,0
/blog/property-types-and-specialist-tax/capital-allowances-for-hospitality,https://www.propertytaxpartners.co.uk/blog/property-types-and-specialist-tax/capital-allowances-for-hospitality,INDEXED,Submitted and indexed,PASS,2026-08-05T03:46:39Z,MOBILE,SUCCESSFUL,https://www.propertytaxpartners.co.uk/blog/property-types-and-specialist-tax/capital-allowances-for-hospitality,https://www.propertytaxpartners.co.uk/blog/property-types-and-specialist-tax/capital-allowances-for-hospitality,,1,https://www.propertytaxpartners.co.uk/sitemap.xml,property-types-and-specialist-tax,no,2026-08,yes,'2026-07-30',,2026-07-30,2026-07-30 | content(property): specialist-tax cluster - 15 A* pages,2026-08-03,1,0,,,1960,1960,no,0,0,yes,3879b002c,5230,0,0,no,3,3,10,false,174,3,2026-08-05,2026-10-07,0
/blog/property-types-and-specialist-tax/capital-allowances-for-hotels,https://www.propertytaxpartners.co.uk/blog/property-types-and-specialist-tax/capital-allowances-for-hotels,INDEXED,Submitted and indexed,PASS,2026-08-04T07:49:41Z,MOBILE,SUCCESSFUL,https://www.propertytaxpartners.co.uk/blog/property-types-and-specialist-tax/capital-allowances-for-hotels,https://www.propertytaxpartners.co.uk/blog/property-types-and-specialist-tax/capital-allowances-for-hotels,https://www.propertytaxpartners.co.uk/sitemap.xml,1,https://www.propertytaxpartners.co.uk/sitemap.xml,property-types-and-specialist-tax,no,2026-08,yes,'2026-07-30',,2026-07-30,2026-07-30 | content(property): specialist-tax cluster - 15 A* pages,2026-08-03,1,0,,,1838,1838,no,0,0,yes,3879b002c,4721,0,0,no,3,3,10,false,219,4,2026-08-05,2026-10-08,0
/blog/property-types-and-specialist-tax/capital-allowances-for-industrial-units,https://www.propertytaxpartners.co.uk/blog/property-types-and-specialist-tax/capital-allowances-for-industrial-units,INDEXED,Submitted and indexed,PASS,2026-08-04T17:39:24Z,MOBILE,SUCCESSFUL,https://www.propertytaxpartners.co.uk/blog/property-types-and-specialist-tax/capital-allowances-for-industrial-units,https://www.propertytaxpartners.co.uk/blog/property-types-and-specialist-tax/capital-allowances-for-industrial-units,https://www.propertytaxpartners.co.uk/sitemap.xml,1,https://www.propertytaxpartners.co.uk/sitemap.xml,property-types-and-specialist-tax,no,2026-08,yes,'2026-07-30',,2026-07-30,2026-07-30 | content(property): specialist-tax cluster - 15 A* pages,2026-08-03,1,0,,,2011,2011,no,0,0,yes,3879b002c,5196,0,0,no,2,3,9,false,265,7,2026-08-05,2026-10-08,0
/blog/property-types-and-specialist-tax/capital-allowances-for-offices,https://www.propertytaxpartners.co.uk/blog/property-types-and-specialist-tax/capital-allowances-for-offices,INDEXED,Submitted and indexed,PASS,2026-09-08T07:41:02Z,MOBILE,SUCCESSFUL,https://www.propertytaxpartners.co.uk/blog/property-types-and-specialist-tax/capital-allowances-for-offices,https://www.propertytaxpartners.co.uk/blog/property-types-and-specialist-tax/capital-allowances-for-offices,https://www.propertytaxpartners.co.uk/sitemap.xml,1,https://www.propertytaxpartners.co.uk/sitemap.xml,property-types-and-specialist-tax,no,2026-09,yes,'2026-07-30',,2026-07-30,2026-07-30 | content(property): specialist-tax cluster - 15 A* pages,2026-08-03,1,0,,,2255,2255,no,0,0,yes,3879b002c,5576,0,0,no,4,3,8,false,132,2,2026-08-06,2026-10-07,0
/blog/property-types-and-specialist-tax/capital-allowances-for-pubs-and-restaurants,https://www.propertytaxpartners.co.uk/blog/property-types-and-specialist-tax/capital-allowances-for-pubs-and-restaurants,INDEXED,Submitted and indexed,PASS,2026-08-05T13:04:10Z,MOBILE,SUCCESSFUL,https://www.propertytaxpartners.co.uk/blog/property-types-and-specialist-tax/capital-allowances-for-pubs-and-restaurants,https://www.propertytaxpartners.co.uk/blog/property-types-and-specialist-tax/capital-allowances-for-pubs-and-restaurants,https://www.propertytaxpartners.co.uk/sitemap.xml,1,https://www.propertytaxpartners.co.uk/sitemap.xml,property-types-and-specialist-tax,no,2026-08,yes,'2026-07-30',,2026-07-30,2026-07-30 | content(property): specialist-tax cluster - 15 A* pages,2026-08-03,1,0,,,2176,2176,no,0,0,yes,3879b002c,5420,0,0,no,3,3,10,false,73,1,2026-08-12,2026-10-06,0
/blog/property-types-and-specialist-tax/capital-allowances-for-student-accommodation,https://www.propertytaxpartners.co.uk/blog/property-types-and-specialist-tax/capital-allowances-for-student-accommodation,INDEXED,Submitted and indexed,PASS,2026-08-05T15:44:59Z,MOBILE,SUCCESSFUL,https://www.propertytaxpartners.co.uk/blog/property-types-and-specialist-tax/capital-allowances-for-student-accommodation,https://www.propertytaxpartners.co.uk/blog/property-types-and-specialist-tax/capital-allowances-for-student-accommodation,https://www.propertytaxpartners.co.uk/sitemap.xml,2,https://www.propertytaxpartners.co.uk/blog/property-types-and-specialist-tax/embedded-capital-allowances-commercial-property;https://www.propertytaxpartners.co.uk/sitemap.xml,property-types-and-specialist-tax,no,2026-08,yes,'2026-07-30',,2026-07-30,2026-07-30 | content(property): specialist-tax cluster - 15 A* pages,2026-08-03,2,0,,,1953,1958,no,1,0,yes,3879b002c,5008,0,0,no,1,3,10,false,39,1,2026-08-12,2026-10-06,0
/blog/property-types-and-specialist-tax/capital-allowances-furnished-holiday-lets,https://www.propertytaxpartners.co.uk/blog/property-types-and-specialist-tax/capital-allowances-furnished-holiday-lets,INDEXED,Submitted and indexed,PASS,2026-08-04T14:12:58Z,MOBILE,SUCCESSFUL,https://www.propertytaxpartners.co.uk/blog/property-types-and-specialist-tax/capital-allowances-furnished-holiday-lets,https://www.propertytaxpartners.co.uk/blog/property-types-and-specialist-tax/capital-allowances-furnished-holiday-lets,https://www.propertytaxpartners.co.uk/sitemap.xml,1,https://www.propertytaxpartners.co.uk/sitemap.xml,property-types-and-specialist-tax,no,2026-08,yes,2026-07-30,,2026-07-30,2026-07-30 | content(property): specialist-tax cluster - 15 A* pages,2026-08-03,1,0,,,2185,2185,no,0,0,yes,3879b002c,5232,0,0,no,0,3,,true,390,8,2026-08-04,2026-10-08,0
/blog/property-types-and-specialist-tax/capital-allowances-on-cars-and-vehicles,https://www.propertytaxpartners.co.uk/blog/property-types-and-specialist-tax/capital-allowances-on-cars-and-vehicles,INDEXED,Submitted and indexed,PASS,2026-08-04T14:04:52Z,MOBILE,SUCCESSFUL,https://www.propertytaxpartners.co.uk/blog/property-types-and-specialist-tax/capital-allowances-on-cars-and-vehicles,https://www.propertytaxpartners.co.uk/blog/property-types-and-specialist-tax/capital-allowances-on-cars-and-vehicles,https://www.propertytaxpartners.co.uk/sitemap.xml,1,https://www.propertytaxpartners.co.uk/sitemap.xml,property-types-and-specialist-tax,no,2026-08,yes,2026-07-30,,2026-07-30,2026-07-30 | content(property): specialist-tax cluster - 15 A* pages,2026-08-03,1,0,,,1954,1954,no,0,0,yes,3879b002c,5432,35,1,no,1,3,,false,1437,8,2026-08-04,2026-10-06,0
/blog/property-types-and-specialist-tax/capital-allowances-on-property,https://www.propertytaxpartners.co.uk/blog/property-types-and-specialist-tax/capital-allowances-on-property,INDEXED,Submitted and indexed,PASS,2026-10-04T11:43:22Z,MOBILE,SUCCESSFUL,https://www.propertytaxpartners.co.uk/blog/property-types-and-specialist-tax/capital-allowances-on-property,https://www.propertytaxpartners.co.uk/blog/property-types-and-specialist-tax/capital-allowances-on-property,https://www.propertytaxpartners.co.uk/sitemap.xml,1,https://www.propertytaxpartners.co.uk/sitemap.xml,property-types-and-specialist-tax,no,2026-10,yes,'2026-05-20',2026-06-23,2026-05-20,2026-05-20 | chore: pre-refactor baseline snapshot of working-tree s,2026-05-20,8,2,2026-06-02,2026-06-02,3850,3855,no,2,0,yes,b226ff381,7403,547,28,yes,15,1,2,false,3675,19,2026-05-21,2026-10-08,0
/blog/property-types-and-specialist-tax/capital-allowances-property-investors-complete-pillar-2026-27-caa-2001-decision-framework,https://www.propertytaxpartners.co.uk/blog/property-types-and-specialist-tax/capital-allowances-property-investors-complete-pillar-2026-27-caa-2001-decision-framework,CRAWLED_NOT_INDEXED,Crawled - currently not indexed,NEUTRAL,2026-05-29T19:09:23Z,MOBILE,SUCCESSFUL,https://www.propertytaxpartners.co.uk/blog/property-types-and-specialist-tax/capital-allowances-property-investors-complete-pillar-2026-27-caa-2001-decision-framework,https://www.propertytaxpartners.co.uk/blog/property-types-and-specialist-tax/capital-allowances-property-investors-complete-pillar-2026-27-caa-2001-decision-framework,https://www.propertytaxpartners.co.uk/sitemap.xml,2,https://www.propertytaxpartners.co.uk/feed.xml;https://www.propertytaxpartners.co.uk/sitemap.xml,property-types-and-specialist-tax,no,2026-05,yes,2026-05-23,2026-08-03,2026-05-23,2026-05-23 | Wave 6 C1: CAA 2001 capital-allowances pillar (four-axi,2026-05-26,4,1,2026-06-06,2026-06-07,5060,4948,yes,34,1,no,c7340f61d,10555,47,1,no,29,2,3,false,31,1,2026-05-29,2026-08-29,0
/blog/property-types-and-specialist-tax/cis-deduction-by-contractors-in-the-uk,https://www.propertytaxpartners.co.uk/blog/property-types-and-specialist-tax/cis-deduction-by-contractors-in-the-uk,CRAWLED_NOT_INDEXED,Crawled - currently not indexed,NEUTRAL,2026-05-28T23:37:50Z,MOBILE,SUCCESSFUL,https://www.propertytaxpartners.co.uk/blog/property-types-and-specialist-tax/cis-deduction-by-contractors-in-the-uk,https://www.propertytaxpartners.co.uk/blog/property-types-and-specialist-tax/cis-deduction-by-contractors-in-the-uk,,2,https://www.propertytaxpartners.co.uk/feed.xml;https://www.propertytaxpartners.co.uk/sitemap.xml,property-types-and-specialist-tax,no,2026-05,yes,2026-05-28,2026-07-26,2026-05-28,2026-05-28 | MegaWave 3 RUN C: cis-deduction-by-contractors-in-the-u,2026-05-28,4,0,,,2411,2411,no,0,0,yes,eefd0e29a,5237,0,0,no,1,3,8,false,39,0,2026-05-29,2026-09-23,0
/blog/property-types-and-specialist-tax/cis-templates,https://www.propertytaxpartners.co.uk/blog/property-types-and-specialist-tax/cis-templates,INDEXED,Submitted and indexed,PASS,2026-09-04T13:27:43Z,MOBILE,SUCCESSFUL,https://www.propertytaxpartners.co.uk/blog/property-types-and-specialist-tax/cis-templates,https://www.propertytaxpartners.co.uk/blog/property-types-and-specialist-tax/cis-templates,https://www.propertytaxpartners.co.uk/sitemap.xml,2,https://www.propertytaxpartners.co.uk/feed.xml;https://www.propertytaxpartners.co.uk/sitemap.xml,property-types-and-specialist-tax,no,2026-09,yes,2026-05-28,2026-07-26,2026-05-28,2026-05-28 | MegaWave 3 RUN C: cis-templates (M3-C-B4 1/2),2026-05-28,4,0,,,3331,3331,no,0,0,yes,c218d7a69,6343,0,0,no,0,3,,true,588,6,2026-05-29,2026-10-08,0
/blog/property-types-and-specialist-tax/commercial-energy-performance-certificate-cost,https://www.propertytaxpartners.co.uk/blog/property-types-and-specialist-tax/commercial-energy-performance-certificate-cost,INDEXED,Submitted and indexed,PASS,2026-08-21T15:54:38Z,MOBILE,SUCCESSFUL,https://www.propertytaxpartners.co.uk/blog/property-types-and-specialist-tax/commercial-energy-performance-certificate-cost,https://www.propertytaxpartners.co.uk/blog/property-types-and-specialist-tax/commercial-energy-performance-certificate-cost,https://www.propertytaxpartners.co.uk/sitemap.xml,1,https://www.propertytaxpartners.co.uk/sitemap.xml,property-types-and-specialist-tax,no,2026-08,yes,2026-08-15,2026-08-21,2026-08-20,2026-08-20 | feat(property): wave11 19 pages + frontmatter completio,2026-08-21,3,1,2026-08-21,2026-08-21,3190,3190,no,0,0,yes,8c915e776,6354,0,0,no,5,2,6,false,73,0,2026-08-21,2026-10-05,0
/blog/property-types-and-specialist-tax/commercial-epc-requirements,https://www.propertytaxpartners.co.uk/blog/property-types-and-specialist-tax/commercial-epc-requirements,INDEXED,Submitted and indexed,PASS,2026-09-26T08:39:06Z,MOBILE,SUCCESSFUL,https://www.propertytaxpartners.co.uk/blog/property-types-and-specialist-tax/commercial-epc-requirements,https://www.propertytaxpartners.co.uk/blog/property-types-and-specialist-tax/commercial-epc-requirements,https://www.propertytaxpartners.co.uk/sitemap.xml,1,https://www.propertytaxpartners.co.uk/sitemap.xml,property-types-and-specialist-tax,no,2026-09,yes,2026-08-15,2026-08-21,2026-08-20,2026-08-20 | feat(property): wave11 19 pages + frontmatter completio,2026-08-21,3,1,2026-08-21,2026-08-21,3394,3394,no,0,0,yes,8c915e776,7128,18,2,no,4,2,7,false,107,3,2026-08-22,2026-10-07,0
/blog/property-types-and-specialist-tax/commercial-property-fixtures-claim-s198-election-purchase-mechanics,https://www.propertytaxpartners.co.uk/blog/property-types-and-specialist-tax/commercial-property-fixtures-claim-s198-election-purchase-mechanics,INDEXED,Submitted and indexed,PASS,2026-09-24T06:54:26Z,MOBILE,SUCCESSFUL,https://www.propertytaxpartners.co.uk/blog/property-types-and-specialist-tax/commercial-property-fixtures-claim-s198-election-purchase-mechanics,https://www.propertytaxpartners.co.uk/blog/property-types-and-specialist-tax/commercial-property-fixtures-claim-s198-election-purchase-mechanics,https://www.propertytaxpartners.co.uk/sitemap.xml,1,https://www.propertytaxpartners.co.uk/sitemap.xml,property-types-and-specialist-tax,no,2026-09,yes,2026-05-23,2026-06-23,2026-05-23,2026-05-23 | Wave 6 C6: commercial fixtures + s.198 election (acquis,2026-05-26,4,1,2026-06-06,2026-06-07,3188,3188,no,0,0,yes,cdf893f2b,8083,784,34,yes,10,3,4,false,1620,17,2026-05-28,2026-10-08,1
/blog/property-types-and-specialist-tax/commercial-property-mees-compliance,https://www.propertytaxpartners.co.uk/blog/property-types-and-specialist-tax/commercial-property-mees-compliance,INDEXED,Submitted and indexed,PASS,2026-08-22T07:33:17Z,MOBILE,SUCCESSFUL,https://www.propertytaxpartners.co.uk/blog/property-types-and-specialist-tax/commercial-property-mees-compliance,https://www.propertytaxpartners.co.uk/blog/property-types-and-specialist-tax/commercial-property-mees-compliance,https://www.propertytaxpartners.co.uk/sitemap.xml,1,https://www.propertytaxpartners.co.uk/sitemap.xml,property-types-and-specialist-tax,no,2026-08,yes,2026-08-15,2026-08-21,2026-08-20,2026-08-20 | feat(property): wave11 19 pages + frontmatter completio,2026-08-21,3,1,2026-08-21,2026-08-21,3595,3595,no,0,0,yes,8c915e776,7229,0,0,no,4,2,7,false,38,0,2026-08-22,2026-10-06,0
/blog/property-types-and-specialist-tax/commercial-property-tax-landlords-rates-reliefs-allowances,https://www.propertytaxpartners.co.uk/blog/property-types-and-specialist-tax/commercial-property-tax-landlords-rates-reliefs-allowances,INDEXED,Submitted and indexed,PASS,2026-10-07T19:29:57Z,MOBILE,SUCCESSFUL,https://www.propertytaxpartners.co.uk/blog/property-types-and-specialist-tax/commercial-property-tax-landlords-rates-reliefs-allowances,https://www.propertytaxpartners.co.uk/blog/property-types-and-specialist-tax/commercial-property-tax-landlords-rates-reliefs-allowances,https://www.propertytaxpartners.co.uk/sitemap.xml,2,https://www.propertytaxpartners.co.uk/feed.xml;https://www.propertytaxpartners.co.uk/sitemap.xml,property-types-and-specialist-tax,no,2026-10,yes,2026-04-10,2026-10-09,2026-04-10,"2026-04-10 | Property site: add 148 blog posts, 2 new category hubs,",2026-04-10,9,2,2026-05-31,2026-05-31,2828,2823,no,1,0,yes,b226ff381,6104,12,3,no,11,3,4,false,3225,35,2026-06-09,2026-10-08,0
/blog/property-types-and-specialist-tax/commonhold-and-leasehold-reform-bill,https://www.propertytaxpartners.co.uk/blog/property-types-and-specialist-tax/commonhold-and-leasehold-reform-bill,CRAWLED_NOT_INDEXED,Crawled - currently not indexed,NEUTRAL,2026-05-29T00:01:34Z,MOBILE,SUCCESSFUL,https://www.propertytaxpartners.co.uk/blog/property-types-and-specialist-tax/commonhold-and-leasehold-reform-bill,https://www.propertytaxpartners.co.uk/blog/property-types-and-specialist-tax/commonhold-and-leasehold-reform-bill,https://www.propertytaxpartners.co.uk/sitemap.xml,1,https://www.propertytaxpartners.co.uk/sitemap.xml,property-types-and-specialist-tax,no,2026-05,yes,2026-05-28,2026-08-21,2026-05-28,2026-05-28 | MegaWave 3 RUN C: commonhold-and-leasehold-reform-bill ,2026-05-28,7,2,2026-08-15,2026-08-15,3762,3489,yes,67,2,no,80828cece,6915,1,0,no,4,2,8,false,96,1,2026-05-29,2026-09-09,0
/blog/property-types-and-specialist-tax/condition-a-acquisition-main-purpose-test-trader-by-stealth-landlord-trap,https://www.propertytaxpartners.co.uk/blog/property-types-and-specialist-tax/condition-a-acquisition-main-purpose-test-trader-by-stealth-landlord-trap,CRAWLED_NOT_INDEXED,Crawled - currently not indexed,NEUTRAL,2026-07-04T14:11:26Z,MOBILE,SUCCESSFUL,https://www.propertytaxpartners.co.uk/blog/property-types-and-specialist-tax/condition-a-acquisition-main-purpose-test-trader-by-stealth-landlord-trap,https://www.propertytaxpartners.co.uk/blog/property-types-and-specialist-tax/condition-a-acquisition-main-purpose-test-trader-by-stealth-landlord-trap,https://www.propertytaxpartners.co.uk/sitemap.xml,2,https://www.propertytaxpartners.co.uk/feed.xml;https://www.propertytaxpartners.co.uk/sitemap.xml,property-types-and-specialist-tax,no,2026-07,yes,2026-05-25,2026-07-26,2026-05-25,2026-05-25 | Wave 8 Bucket B B2: Condition A acquisition main-purpos,2026-05-26,3,0,,,2912,2912,no,0,0,yes,5815a83eb,5429,0,0,no,4,3,8,false,65,0,2026-06-04,2026-09-24,0
/blog/property-types-and-specialist-tax/condition-d-development-main-purpose-convert-and-flip-trap-landlord-developers,https://www.propertytaxpartners.co.uk/blog/property-types-and-specialist-tax/condition-d-development-main-purpose-convert-and-flip-trap-landlord-developers,INDEXED,Submitted and indexed,PASS,2026-08-31T14:30:37Z,MOBILE,SUCCESSFUL,https://www.propertytaxpartners.co.uk/blog/property-types-and-specialist-tax/condition-d-development-main-purpose-convert-and-flip-trap-landlord-developers,https://www.propertytaxpartners.co.uk/blog/property-types-and-specialist-tax/condition-d-development-main-purpose-convert-and-flip-trap-landlord-developers,https://www.propertytaxpartners.co.uk/sitemap.xml,1,https://www.propertytaxpartners.co.uk/sitemap.xml,property-types-and-specialist-tax,no,2026-08,yes,2026-05-25,,2026-05-25,2026-05-25 | Wave 8 Bucket B B3: Condition D development main-purpos,2026-05-26,1,0,,,2957,2957,no,0,0,yes,49dd9505c,5370,0,0,no,8,3,8,false,20,0,2026-05-28,2026-10-06,0
/blog/property-types-and-specialist-tax/contaminated-land-remediation-and-risk-assessment,https://www.propertytaxpartners.co.uk/blog/property-types-and-specialist-tax/contaminated-land-remediation-and-risk-assessment,CRAWLED_NOT_INDEXED,Crawled - currently not indexed,NEUTRAL,2026-07-08T06:10:15Z,MOBILE,SUCCESSFUL,https://www.propertytaxpartners.co.uk/blog/property-types-and-specialist-tax/contaminated-land-remediation-and-risk-assessment,https://www.propertytaxpartners.co.uk/blog/property-types-and-specialist-tax/contaminated-land-remediation-and-risk-assessment,,1,https://www.propertytaxpartners.co.uk/sitemap.xml,property-types-and-specialist-tax,no,2026-07,yes,2026-05-28,2026-06-23,2026-05-28,2026-05-28 | MegaWave 3 RUN B: contaminated-land-remediation-and-ris,2026-05-28,4,0,,,3829,3833,no,1,0,yes,cdf893f2b,7530,0,0,no,0,3,,true,45,0,2026-06-15,2026-09-06,0
/blog/property-types-and-specialist-tax/council-tax-for-new-builds,https://www.propertytaxpartners.co.uk/blog/property-types-and-specialist-tax/council-tax-for-new-builds,INDEXED,Submitted and indexed,PASS,2026-10-01T09:34:21Z,MOBILE,SUCCESSFUL,https://www.propertytaxpartners.co.uk/blog/property-types-and-specialist-tax/council-tax-for-new-builds,https://www.propertytaxpartners.co.uk/blog/property-types-and-specialist-tax/council-tax-for-new-builds,,1,https://www.propertytaxpartners.co.uk/sitemap.xml,property-types-and-specialist-tax,no,2026-10,yes,2026-05-26,2026-06-23,2026-05-26,2026-05-26 | MegaWave 1 RUN C2: council-tax-for-new-builds published,2026-05-26,5,0,,,2749,2749,no,0,0,yes,b226ff381,5683,467,91,yes,3,3,7,false,1138,19,2026-05-27,2026-10-08,2
/blog/property-types-and-specialist-tax/disapplication-option-to-tax-schedule-10-paragraph-12-residential-conversion,https://www.propertytaxpartners.co.uk/blog/property-types-and-specialist-tax/disapplication-option-to-tax-schedule-10-paragraph-12-residential-conversion,CRAWLED_NOT_INDEXED,Crawled - currently not indexed,NEUTRAL,2026-07-04T19:40:29Z,MOBILE,SUCCESSFUL,https://www.propertytaxpartners.co.uk/blog/property-types-and-specialist-tax/disapplication-option-to-tax-schedule-10-paragraph-12-residential-conversion,https://www.propertytaxpartners.co.uk/blog/property-types-and-specialist-tax/disapplication-option-to-tax-schedule-10-paragraph-12-residential-conversion,,1,https://www.propertytaxpartners.co.uk/sitemap.xml,property-types-and-specialist-tax,no,2026-07,yes,2026-05-25,2026-07-26,2026-05-25,2026-05-25 | C7 (Wave 8 Bucket C): disapplication-option-to-tax-sche,2026-05-26,4,0,,,2901,2893,no,8,0,yes,cdf893f2b,8203,0,0,no,2,3,6,false,78,0,2026-06-04,2026-09-16,0
/blog/property-types-and-specialist-tax/diy-housebuilders-vat-refund-scheme,https://www.propertytaxpartners.co.uk/blog/property-types-and-specialist-tax/diy-housebuilders-vat-refund-scheme,INDEXED,Submitted and indexed,PASS,2026-08-30T09:19:57Z,MOBILE,SUCCESSFUL,https://www.propertytaxpartners.co.uk/blog/property-types-and-specialist-tax/diy-housebuilders-vat-refund-scheme,https://www.propertytaxpartners.co.uk/blog/property-types-and-specialist-tax/diy-housebuilders-vat-refund-scheme,https://www.propertytaxpartners.co.uk/sitemap.xml,1,https://www.propertytaxpartners.co.uk/sitemap.xml,property-types-and-specialist-tax,no,2026-08,yes,2026-05-22,2026-07-26,2026-05-22,2026-05-22 | Track 1 (VAT): write diy-housebuilders-vat-refund-schem,2026-05-23,4,0,,,1796,1796,no,0,0,yes,c218d7a69,4148,689,14,yes,2,3,7,false,889,9,2026-05-28,2026-10-08,0
/blog/property-types-and-specialist-tax/embedded-capital-allowances-commercial-property,https://www.propertytaxpartners.co.uk/blog/property-types-and-specialist-tax/embedded-capital-allowances-commercial-property,INDEXED,Submitted and indexed,PASS,2026-09-26T13:26:31Z,MOBILE,SUCCESSFUL,https://www.propertytaxpartners.co.uk/blog/property-types-and-specialist-tax/embedded-capital-allowances-commercial-property,https://www.propertytaxpartners.co.uk/blog/property-types-and-specialist-tax/embedded-capital-allowances-commercial-property,https://www.propertytaxpartners.co.uk/sitemap.xml,1,https://www.propertytaxpartners.co.uk/sitemap.xml,property-types-and-specialist-tax,no,2026-09,yes,'2026-07-30',,2026-07-30,2026-07-30 | content(property): specialist-tax cluster - 15 A* pages,2026-08-03,1,0,,,2498,2498,no,0,0,yes,3879b002c,6257,0,0,no,13,3,9,false,231,7,2026-08-04,2026-10-08,0
/blog/property-types-and-specialist-tax/end-of-the-furnished-holiday-letting-regime,https://www.propertytaxpartners.co.uk/blog/property-types-and-specialist-tax/end-of-the-furnished-holiday-letting-regime,CRAWLED_NOT_INDEXED,Crawled - currently not indexed,NEUTRAL,2026-07-08T18:12:11Z,MOBILE,SUCCESSFUL,https://www.propertytaxpartners.co.uk/blog/property-types-and-specialist-tax/end-of-the-furnished-holiday-letting-regime,https://www.propertytaxpartners.co.uk/blog/property-types-and-specialist-tax/end-of-the-furnished-holiday-letting-regime,https://www.propertytaxpartners.co.uk/sitemap.xml,1,https://www.propertytaxpartners.co.uk/sitemap.xml,property-types-and-specialist-tax,no,2026-07,yes,2026-05-26,2026-07-26,2026-05-26,2026-05-26 | MegaWave 1 RUN B: end-of-the-furnished-holiday-letting-,2026-05-26,4,0,,,2350,2350,no,0,0,yes,cdf893f2b,5611,0,0,no,3,3,4,false,195,2,2026-05-30,2026-09-14,0
/blog/property-types-and-specialist-tax/farm-tax-uk-guide,https://www.propertytaxpartners.co.uk/blog/property-types-and-specialist-tax/farm-tax-uk-guide,INDEXED,Submitted and indexed,PASS,2026-08-21T17:43:54Z,MOBILE,SUCCESSFUL,https://www.propertytaxpartners.co.uk/blog/property-types-and-specialist-tax/farm-tax-uk-guide,https://www.propertytaxpartners.co.uk/blog/property-types-and-specialist-tax/farm-tax-uk-guide,,1,https://www.propertytaxpartners.co.uk/sitemap.xml,property-types-and-specialist-tax,no,2026-08,yes,2026-08-21,2026-08-21,2026-08-21,2026-08-21 | feat(property): rural/landed-estates cluster executed (,2026-08-21,2,0,,,1952,1958,no,1,0,yes,631d71ef2,4147,16,0,no,0,2,,true,1791,13,2026-08-22,2026-10-08,0
/blog/property-types-and-specialist-tax/fhl-capital-allowances-post-april-2025-grandfathered-claims-mechanics,https://www.propertytaxpartners.co.uk/blog/property-types-and-specialist-tax/fhl-capital-allowances-post-april-2025-grandfathered-claims-mechanics,CRAWLED_NOT_INDEXED,Crawled - currently not indexed,NEUTRAL,2026-05-27T08:27:37Z,MOBILE,SUCCESSFUL,https://www.propertytaxpartners.co.uk/blog/property-types-and-specialist-tax/fhl-capital-allowances-post-april-2025-grandfathered-claims-mechanics,https://www.propertytaxpartners.co.uk/blog/property-types-and-specialist-tax/fhl-capital-allowances-post-april-2025-grandfathered-claims-mechanics,,1,https://www.propertytaxpartners.co.uk/sitemap.xml,property-types-and-specialist-tax,no,2026-05,yes,2026-05-23,2026-08-03,2026-05-23,2026-05-23 | Wave 6 C8: FHL capital allowances post-April-2025 grand,2026-05-26,3,0,,,3041,2920,no,4,0,yes,f803b4eaf,8200,0,0,no,18,2,3,false,36,0,2026-05-28,2026-08-03,0
/blog/property-types-and-specialist-tax/first-time-buyer-relief-benefits-and-eligibility-requirements,https://www.propertytaxpartners.co.uk/blog/property-types-and-specialist-tax/first-time-buyer-relief-benefits-and-eligibility-requirements,CRAWLED_NOT_INDEXED,Crawled - currently not indexed,NEUTRAL,2026-05-27T08:27:35Z,MOBILE,SUCCESSFUL,https://www.propertytaxpartners.co.uk/blog/property-types-and-specialist-tax/first-time-buyer-relief-benefits-and-eligibility-requirements,https://www.propertytaxpartners.co.uk/blog/property-types-and-specialist-tax/first-time-buyer-relief-benefits-and-eligibility-requirements,https://www.propertytaxpartners.co.uk/sitemap.xml,1,https://www.propertytaxpartners.co.uk/sitemap.xml,property-types-and-specialist-tax,no,2026-05,yes,2026-05-26,2026-06-23,2026-05-26,2026-05-26 | MegaWave 1 RUN A: write first-time-buyer-relief-benefit,2026-05-26,5,0,,,2314,2316,no,2,0,yes,0d956ba82,7595,58,1,no,3,3,6,false,352,1,2026-05-29,2026-10-02,0
/blog/property-types-and-specialist-tax/first-time-buyer-relief-calculator,https://www.propertytaxpartners.co.uk/blog/property-types-and-specialist-tax/first-time-buyer-relief-calculator,CRAWLED_NOT_INDEXED,Crawled - currently not indexed,NEUTRAL,2026-07-06T18:45:01Z,MOBILE,SUCCESSFUL,https://www.propertytaxpartners.co.uk/blog/property-types-and-specialist-tax/first-time-buyer-relief-calculator,https://www.propertytaxpartners.co.uk/blog/property-types-and-specialist-tax/first-time-buyer-relief-calculator,,2,https://www.propertytaxpartners.co.uk/blog/property-types-and-specialist-tax/first-time-buyer-relief-understanding-tax-credits-and-deductions;https://www.propertytaxpartners.co.uk/sitemap.xml,property-types-and-specialist-tax,no,2026-07,yes,2026-05-26,2026-06-23,2026-05-26,2026-05-26 | MegaWave 1 RUN A: write first-time-buyer-relief-calcula,2026-05-26,4,0,,,1895,1895,no,0,0,yes,cdf893f2b,6191,0,0,no,1,3,7,false,9,0,2026-06-09,2026-07-02,0
/blog/property-types-and-specialist-tax/first-time-buyer-relief-overcome-down-payment,https://www.propertytaxpartners.co.uk/blog/property-types-and-specialist-tax/first-time-buyer-relief-overcome-down-payment,CRAWLED_NOT_INDEXED,Crawled - currently not indexed,NEUTRAL,2026-05-27T08:29:59Z,MOBILE,SUCCESSFUL,https://www.propertytaxpartners.co.uk/blog/property-types-and-specialist-tax/first-time-buyer-relief-overcome-down-payment,https://www.propertytaxpartners.co.uk/blog/property-types-and-specialist-tax/first-time-buyer-relief-overcome-down-payment,https://www.propertytaxpartners.co.uk/sitemap.xml,1,https://www.propertytaxpartners.co.uk/sitemap.xml,property-types-and-specialist-tax,no,2026-05,yes,2026-05-26,2026-07-26,2026-05-26,2026-05-26 | MegaWave 1 RUN A: write first-time-buyer-relief-overcom,2026-05-26,6,1,2026-06-06,2026-06-07,2354,2340,yes,25,1,no,230b8daee,6575,0,0,no,1,3,7,false,154,0,2026-05-27,2026-08-25,0
/blog/property-types-and-specialist-tax/first-time-buyer-relief-understanding-tax-credits-and-deductions,https://www.propertytaxpartners.co.uk/blog/property-types-and-specialist-tax/first-time-buyer-relief-understanding-tax-credits-and-deductions,CRAWLED_NOT_INDEXED,Crawled - currently not indexed,NEUTRAL,2026-06-30T22:00:23Z,MOBILE,SUCCESSFUL,https://www.propertytaxpartners.co.uk/blog/property-types-and-specialist-tax/first-time-buyer-relief-understanding-tax-credits-and-deductions,https://www.propertytaxpartners.co.uk/blog/property-types-and-specialist-tax/first-time-buyer-relief-understanding-tax-credits-and-deductions,https://www.propertytaxpartners.co.uk/sitemap.xml,2,https://www.propertytaxpartners.co.uk/feed.xml;https://www.propertytaxpartners.co.uk/sitemap.xml,property-types-and-specialist-tax,no,2026-06,yes,2026-05-26,2026-06-23,2026-05-26,2026-05-26 | MegaWave 1 RUN A: write first-time-buyer-relief-underst,2026-05-26,5,0,,,2956,2956,no,0,0,yes,cdf893f2b,7262,0,0,no,2,3,6,false,443,0,2026-05-31,2026-07-03,0
/blog/property-types-and-specialist-tax/free-rental-valuation,https://www.propertytaxpartners.co.uk/blog/property-types-and-specialist-tax/free-rental-valuation,CRAWLED_NOT_INDEXED,Crawled - currently not indexed,NEUTRAL,2026-05-27T08:27:42Z,MOBILE,SUCCESSFUL,https://www.propertytaxpartners.co.uk/blog/property-types-and-specialist-tax/free-rental-valuation,https://www.propertytaxpartners.co.uk/blog/property-types-and-specialist-tax/free-rental-valuation,https://www.propertytaxpartners.co.uk/sitemap.xml,1,https://www.propertytaxpartners.co.uk/sitemap.xml,property-types-and-specialist-tax,no,2026-05,yes,2026-05-26,2026-08-21,2026-05-26,2026-05-26 | MegaWave 1 RUN C11: free-rental-valuation published (M1,2026-05-26,7,0,,,1931,1924,no,2,0,yes,cef8b9505,4469,0,0,no,2,3,6,false,89,0,2026-05-27,2026-09-24,0
/blog/property-types-and-specialist-tax/ftt-confirms-residential-sdlt-rates-for-leasehold-with-garden-easement,https://www.propertytaxpartners.co.uk/blog/property-types-and-specialist-tax/ftt-confirms-residential-sdlt-rates-for-leasehold-with-garden-easement,CRAWLED_NOT_INDEXED,Crawled - currently not indexed,NEUTRAL,2026-07-04T14:23:55Z,MOBILE,SUCCESSFUL,https://www.propertytaxpartners.co.uk/blog/property-types-and-specialist-tax/ftt-confirms-residential-sdlt-rates-for-leasehold-with-garden-easement,https://www.propertytaxpartners.co.uk/blog/property-types-and-specialist-tax/ftt-confirms-residential-sdlt-rates-for-leasehold-with-garden-easement,,2,https://www.propertytaxpartners.co.uk/feed.xml;https://www.propertytaxpartners.co.uk/sitemap.xml,property-types-and-specialist-tax,no,2026-07,yes,2026-05-26,2026-07-26,2026-05-26,2026-05-26 | MegaWave 1 RUN A: write ftt-confirms-residential-sdlt-r,2026-05-26,6,0,,,2456,2456,no,2,0,yes,cdf893f2b,6674,0,0,no,1,3,,false,22,0,2026-05-27,2026-07-06,0
/blog/property-types-and-specialist-tax/ftt-refuses-late-sdlt-appeal-where-appellants-chose-not-to-seek-professional-advice,https://www.propertytaxpartners.co.uk/blog/property-types-and-specialist-tax/ftt-refuses-late-sdlt-appeal-where-appellants-chose-not-to-seek-professional-advice,INDEXED,Submitted and indexed,PASS,2026-07-09T20:21:23Z,MOBILE,SUCCESSFUL,https://www.propertytaxpartners.co.uk/blog/property-types-and-specialist-tax/ftt-refuses-late-sdlt-appeal-where-appellants-chose-not-to-seek-professional-advice,https://www.propertytaxpartners.co.uk/blog/property-types-and-specialist-tax/ftt-refuses-late-sdlt-appeal-where-appellants-chose-not-to-seek-professional-advice,https://www.propertytaxpartners.co.uk/sitemap.xml,1,https://www.propertytaxpartners.co.uk/sitemap.xml,property-types-and-specialist-tax,no,2026-07,yes,2026-05-26,2026-07-26,2026-05-26,2026-05-26 | MegaWave 1 RUN A: write ftt-refuses-late-sdlt-appeal-wh,2026-05-26,6,0,,,2832,2832,no,1,0,yes,cdf893f2b,7269,0,0,no,0,3,,true,37,1,2026-06-01,2026-10-05,0
/blog/property-types-and-specialist-tax/full-expensing-50-percent-fya-commercial-property-spvs-mechanics-fa-2023,https://www.propertytaxpartners.co.uk/blog/property-types-and-specialist-tax/full-expensing-50-percent-fya-commercial-property-spvs-mechanics-fa-2023,CRAWLED_NOT_INDEXED,Crawled - currently not indexed,NEUTRAL,2026-07-03T09:51:32Z,MOBILE,SUCCESSFUL,https://www.propertytaxpartners.co.uk/blog/property-types-and-specialist-tax/full-expensing-50-percent-fya-commercial-property-spvs-mechanics-fa-2023,https://www.propertytaxpartners.co.uk/blog/property-types-and-specialist-tax/full-expensing-50-percent-fya-commercial-property-spvs-mechanics-fa-2023,https://www.propertytaxpartners.co.uk/sitemap.xml,2,https://www.propertytaxpartners.co.uk/blog/property-types-and-specialist-tax/super-deduction-130-percent-transitional-disposal-balancing-charge-mechanics-fa-2021;https://www.propertytaxpartners.co.uk/sitemap.xml,property-types-and-specialist-tax,no,2026-07,yes,2026-05-23,2026-07-26,2026-05-23,2026-05-23 | Wave 6 C5: full expensing + 50% special-rate FYA (CAA 2,2026-05-26,5,0,,,3252,3252,no,0,0,yes,cdf893f2b,8617,0,0,no,15,2,3,false,7,0,2026-05-30,2026-06-29,0
/blog/property-types-and-specialist-tax/full-expensing-and-first-year-allowances,https://www.propertytaxpartners.co.uk/blog/property-types-and-specialist-tax/full-expensing-and-first-year-allowances,INDEXED,Submitted and indexed,PASS,2026-08-05T02:44:44Z,MOBILE,SUCCESSFUL,https://www.propertytaxpartners.co.uk/blog/property-types-and-specialist-tax/full-expensing-and-first-year-allowances,https://www.propertytaxpartners.co.uk/blog/property-types-and-specialist-tax/full-expensing-and-first-year-allowances,https://www.propertytaxpartners.co.uk/sitemap.xml,1,https://www.propertytaxpartners.co.uk/sitemap.xml,property-types-and-specialist-tax,no,2026-08,yes,2026-07-30,,2026-07-30,2026-07-30 | content(property): specialist-tax cluster - 15 A* pages,2026-08-03,1,0,,,1974,1974,no,0,0,yes,3879b002c,4882,42,3,no,1,3,,false,75,1,2026-08-05,2026-10-07,0
/blog/property-types-and-specialist-tax/full-expensing-capital-allowances,https://www.propertytaxpartners.co.uk/blog/property-types-and-specialist-tax/full-expensing-capital-allowances,INDEXED,Submitted and indexed,PASS,2026-08-31T15:11:58Z,MOBILE,SUCCESSFUL,https://www.propertytaxpartners.co.uk/blog/property-types-and-specialist-tax/full-expensing-capital-allowances,https://www.propertytaxpartners.co.uk/blog/property-types-and-specialist-tax/full-expensing-capital-allowances,,1,https://www.propertytaxpartners.co.uk/sitemap.xml,property-types-and-specialist-tax,no,2026-08,yes,'2026-05-20',2026-06-06,2026-05-20,2026-05-20 | chore: pre-refactor baseline snapshot of working-tree s,2026-05-20,5,2,2026-06-06,2026-06-07,2536,2536,no,0,0,yes,f8b51d533,5523,0,0,no,8,3,4,false,53,1,2026-05-21,2026-10-07,0
/blog/property-types-and-specialist-tax/government-to-end-council-tax-on-hmo-rooms,https://www.propertytaxpartners.co.uk/blog/property-types-and-specialist-tax/government-to-end-council-tax-on-hmo-rooms,CRAWLED_NOT_INDEXED,Crawled - currently not indexed,NEUTRAL,2026-05-27T08:29:55Z,MOBILE,SUCCESSFUL,https://www.propertytaxpartners.co.uk/blog/property-types-and-specialist-tax/government-to-end-council-tax-on-hmo-rooms,https://www.propertytaxpartners.co.uk/blog/property-types-and-specialist-tax/government-to-end-council-tax-on-hmo-rooms,https://www.propertytaxpartners.co.uk/sitemap.xml,1,https://www.propertytaxpartners.co.uk/sitemap.xml,property-types-and-specialist-tax,no,2026-05,yes,2026-05-26,2026-06-23,2026-05-26,2026-05-26 | MegaWave 1 RUN C3: government-to-end-council-tax-on-hmo,2026-05-26,5,0,,,2129,2129,no,1,0,yes,cef8b9505,4920,24,1,no,6,3,5,false,476,3,2026-05-28,2026-10-04,0
/blog/property-types-and-specialist-tax/ground-rent-rules-uk,https://www.propertytaxpartners.co.uk/blog/property-types-and-specialist-tax/ground-rent-rules-uk,INDEXED,Submitted and indexed,PASS,2026-08-21T13:08:29Z,MOBILE,SUCCESSFUL,https://www.propertytaxpartners.co.uk/blog/property-types-and-specialist-tax/ground-rent-rules-uk,https://www.propertytaxpartners.co.uk/blog/property-types-and-specialist-tax/ground-rent-rules-uk,https://www.propertytaxpartners.co.uk/sitemap.xml,1,https://www.propertytaxpartners.co.uk/sitemap.xml,property-types-and-specialist-tax,no,2026-08,yes,2026-08-15,2026-08-21,2026-08-20,2026-08-20 | feat(property): wave11 19 pages + frontmatter completio,2026-08-21,4,1,2026-08-20,2026-08-21,3440,3440,no,0,0,yes,8c915e776,6528,0,0,no,6,2,7,false,873,8,2026-08-21,2026-10-08,0
/blog/property-types-and-specialist-tax/hmo-common-parts-capital-allowances-s35-claim-mechanics-multi-tenant-property,https://www.propertytaxpartners.co.uk/blog/property-types-and-specialist-tax/hmo-common-parts-capital-allowances-s35-claim-mechanics-multi-tenant-property,CRAWLED_NOT_INDEXED,Crawled - currently not indexed,NEUTRAL,2026-06-28T14:01:53Z,MOBILE,SUCCESSFUL,https://www.propertytaxpartners.co.uk/blog/property-types-and-specialist-tax/hmo-common-parts-capital-allowances-s35-claim-mechanics-multi-tenant-property,https://www.propertytaxpartners.co.uk/blog/property-types-and-specialist-tax/hmo-common-parts-capital-allowances-s35-claim-mechanics-multi-tenant-property,,1,https://www.propertytaxpartners.co.uk/sitemap.xml,property-types-and-specialist-tax,no,2026-06,yes,2026-05-23,2026-06-23,2026-05-23,2026-05-23 | Wave 6 C7: HMO + multi-let common-parts s.35 carve-out ,2026-05-26,4,0,,,3386,3386,no,0,0,yes,cdf893f2b,8462,0,0,no,21,2,3,false,27,1,2026-05-31,2026-06-30,0
/blog/property-types-and-specialist-tax/hmo-licensing-fees-tax-deductible-uk-landlords,https://www.propertytaxpartners.co.uk/blog/property-types-and-specialist-tax/hmo-licensing-fees-tax-deductible-uk-landlords,INDEXED,Submitted and indexed,PASS,2026-07-13T07:15:07Z,MOBILE,SUCCESSFUL,https://www.propertytaxpartners.co.uk/blog/property-types-and-specialist-tax/hmo-licensing-fees-tax-deductible-uk-landlords,https://www.propertytaxpartners.co.uk/blog/property-types-and-specialist-tax/hmo-licensing-fees-tax-deductible-uk-landlords,https://www.propertytaxpartners.co.uk/sitemap.xml,1,https://www.propertytaxpartners.co.uk/sitemap.xml,property-types-and-specialist-tax,no,2026-07,yes,2026-05-21,2026-08-21,2026-04-10,"2026-04-10 | Property site: add 148 blog posts, 2 new category hubs,",2026-04-10,10,3,2026-05-21,2026-05-23,1589,1572,no,1,0,yes,8f6ac8e97,4233,9,1,no,26,2,5,false,1452,24,2026-04-26,2026-10-08,0
/blog/property-types-and-specialist-tax/hmo-selective-licensing-compliance-housing-act-2004-landlord-licensing-mechanics,https://www.propertytaxpartners.co.uk/blog/property-types-and-specialist-tax/hmo-selective-licensing-compliance-housing-act-2004-landlord-licensing-mechanics,CRAWLED_NOT_INDEXED,Crawled - currently not indexed,NEUTRAL,2026-05-27T01:29:00Z,MOBILE,SUCCESSFUL,https://www.propertytaxpartners.co.uk/blog/property-types-and-specialist-tax/hmo-selective-licensing-compliance-housing-act-2004-landlord-licensing-mechanics,https://www.propertytaxpartners.co.uk/blog/property-types-and-specialist-tax/hmo-selective-licensing-compliance-housing-act-2004-landlord-licensing-mechanics,,1,https://www.propertytaxpartners.co.uk/sitemap.xml,property-types-and-specialist-tax,no,2026-05,yes,2026-05-24,2026-08-21,2026-05-24,2026-05-24 | Wave 7 A4: HMO and selective licensing compliance (HA 2,2026-05-26,6,0,,,3700,3686,no,1,0,yes,4588ea744,7100,172,6,no,8,2,5,false,55,0,2026-05-28,2026-08-25,0
/blog/property-types-and-specialist-tax/hmo-tax-guide-rental-income-deductions-multi-tenant,https://www.propertytaxpartners.co.uk/blog/property-types-and-specialist-tax/hmo-tax-guide-rental-income-deductions-multi-tenant,INDEXED,Submitted and indexed,PASS,2026-09-29T20:51:18Z,MOBILE,SUCCESSFUL,https://www.propertytaxpartners.co.uk/blog/property-types-and-specialist-tax/hmo-tax-guide-rental-income-deductions-multi-tenant,https://www.propertytaxpartners.co.uk/blog/property-types-and-specialist-tax/hmo-tax-guide-rental-income-deductions-multi-tenant,https://www.propertytaxpartners.co.uk/sitemap.xml,0,,property-types-and-specialist-tax,no,2026-09,yes,2026-04-10,2026-10-09,2026-04-10,"2026-04-10 | Property site: add 148 blog posts, 2 new category hubs,",2026-04-10,12,2,2026-05-31,2026-05-31,2761,2755,no,1,0,yes,b226ff381,5996,4,0,no,11,3,4,false,1805,17,2026-05-16,2026-10-08,0
/blog/property-types-and-specialist-tax/hmo-vs-standard-buy-to-let-tax-comparison,https://www.propertytaxpartners.co.uk/blog/property-types-and-specialist-tax/hmo-vs-standard-buy-to-let-tax-comparison,INDEXED,Submitted and indexed,PASS,2026-10-02T15:46:21Z,MOBILE,SUCCESSFUL,https://www.propertytaxpartners.co.uk/blog/property-types-and-specialist-tax/hmo-vs-standard-buy-to-let-tax-comparison,https://www.propertytaxpartners.co.uk/blog/property-types-and-specialist-tax/hmo-vs-standard-buy-to-let-tax-comparison,https://www.propertytaxpartners.co.uk/sitemap.xml,0,,property-types-and-specialist-tax,no,2026-10,yes,2026-04-10,2026-08-21,2026-04-10,"2026-04-10 | Property site: add 148 blog posts, 2 new category hubs,",2026-04-10,9,2,2026-05-21,2026-05-23,2062,2062,no,0,0,yes,b226ff381,5155,0,0,no,21,3,4,false,811,7,2026-05-16,2026-10-08,0
/blog/property-types-and-specialist-tax/hmrcs-otm-letters-campaign-directed-at-ated-avoidance,https://www.propertytaxpartners.co.uk/blog/property-types-and-specialist-tax/hmrcs-otm-letters-campaign-directed-at-ated-avoidance,CRAWLED_NOT_INDEXED,Crawled - currently not indexed,NEUTRAL,2026-07-19T08:44:22Z,MOBILE,SUCCESSFUL,https://www.propertytaxpartners.co.uk/blog/property-types-and-specialist-tax/hmrcs-otm-letters-campaign-directed-at-ated-avoidance,https://www.propertytaxpartners.co.uk/blog/property-types-and-specialist-tax/hmrcs-otm-letters-campaign-directed-at-ated-avoidance,https://www.propertytaxpartners.co.uk/sitemap.xml,1,https://www.propertytaxpartners.co.uk/sitemap.xml,property-types-and-specialist-tax,no,2026-07,yes,2026-05-28,2026-07-26,2026-05-28,2026-05-28 | MW3 RUN B4: hmrcs-otm-letters-campaign-directed-at-ated,2026-05-28,4,0,,,2988,2988,no,0,0,yes,cdf893f2b,6758,0,0,no,5,3,8,false,8,0,2026-06-01,2026-07-12,0
/blog/property-types-and-specialist-tax/holiday-let-tax-calculator-fhl-changes,https://www.propertytaxpartners.co.uk/blog/property-types-and-specialist-tax/holiday-let-tax-calculator-fhl-changes,CRAWLED_NOT_INDEXED,Crawled - currently not indexed,NEUTRAL,2026-05-29T14:25:17Z,MOBILE,SUCCESSFUL,,,https://www.propertytaxpartners.co.uk/sitemap.xml,1,https://www.propertytaxpartners.co.uk/sitemap.xml,property-types-and-specialist-tax,no,2026-05,yes,2026-04-10,2026-06-23,2026-04-10,"2026-04-10 | Property site: add 148 blog posts, 2 new category hubs,",2026-04-10,6,2,2026-05-31,2026-05-31,1906,1143,yes,190,1,no,e4cecef7d,4913,3,1,no,0,3,,true,269,1,2026-06-04,2026-09-11,0
/blog/property-types-and-specialist-tax/horton-hall-sdlt-case-residential-vs-non-residential-dispute,https://www.propertytaxpartners.co.uk/blog/property-types-and-specialist-tax/horton-hall-sdlt-case-residential-vs-non-residential-dispute,CRAWLED_NOT_INDEXED,Crawled - currently not indexed,NEUTRAL,2026-05-27T07:02:30Z,MOBILE,SUCCESSFUL,https://www.propertytaxpartners.co.uk/blog/property-types-and-specialist-tax/horton-hall-sdlt-case-residential-vs-non-residential-dispute,https://www.propertytaxpartners.co.uk/blog/property-types-and-specialist-tax/horton-hall-sdlt-case-residential-vs-non-residential-dispute,,2,https://www.propertytaxpartners.co.uk/feed.xml;https://www.propertytaxpartners.co.uk/sitemap.xml,property-types-and-specialist-tax,no,2026-05,yes,2026-05-26,2026-07-26,2026-05-26,2026-05-26 | MegaWave 1 RUN A: write horton-hall-sdlt-case-residenti,2026-05-26,6,0,,,2950,2950,no,6,0,yes,0d956ba82,7858,0,0,no,1,3,,false,37,4,2026-05-28,2026-08-10,0
/blog/property-types-and-specialist-tax/housing-development-finance,https://www.propertytaxpartners.co.uk/blog/property-types-and-specialist-tax/housing-development-finance,CRAWLED_NOT_INDEXED,Crawled - currently not indexed,NEUTRAL,2026-07-07T02:36:27Z,MOBILE,SUCCESSFUL,https://www.propertytaxpartners.co.uk/blog/property-types-and-specialist-tax/housing-development-finance,https://www.propertytaxpartners.co.uk/blog/property-types-and-specialist-tax/housing-development-finance,https://www.propertytaxpartners.co.uk/sitemap.xml,2,https://www.propertytaxpartners.co.uk/blog/property-finance/development-finance-guide;https://www.propertytaxpartners.co.uk/sitemap.xml,property-types-and-specialist-tax,no,2026-07,yes,'2026-05-19',2026-07-26,2026-05-20,2026-05-20 | property: Create new page /blog/housing-development-fin,2026-05-20,6,1,2026-06-01,2026-06-02,3121,3121,no,1,0,yes,cdf893f2b,6617,0,0,no,2,3,8,false,12,0,2026-05-21,2026-06-30,0
/blog/property-types-and-specialist-tax/how-much-tax-holiday-let-property-uk,https://www.propertytaxpartners.co.uk/blog/property-types-and-specialist-tax/how-much-tax-holiday-let-property-uk,INDEXED,Submitted and indexed,PASS,2026-08-18T13:51:36Z,MOBILE,SUCCESSFUL,https://www.propertytaxpartners.co.uk/blog/property-types-and-specialist-tax/how-much-tax-holiday-let-property-uk,https://www.propertytaxpartners.co.uk/blog/property-types-and-specialist-tax/how-much-tax-holiday-let-property-uk,https://www.propertytaxpartners.co.uk/sitemap.xml,0,,property-types-and-specialist-tax,no,2026-08,yes,2026-04-10,2026-06-23,2026-04-10,"2026-04-10 | Property site: add 148 blog posts, 2 new category hubs,",2026-04-10,7,2,2026-05-31,2026-05-31,2342,2342,no,0,0,yes,cdf893f2b,5015,511,56,yes,3,3,6,false,3814,6,2026-05-29,2026-10-08,0
/blog/property-types-and-specialist-tax/how-owning-property-abroad-leads-higher-stamp-duty-rates,https://www.propertytaxpartners.co.uk/blog/property-types-and-specialist-tax/how-owning-property-abroad-leads-higher-stamp-duty-rates,INDEXED,Submitted and indexed,PASS,2026-10-09T16:33:23Z,MOBILE,SUCCESSFUL,https://www.propertytaxpartners.co.uk/blog/property-types-and-specialist-tax/how-owning-property-abroad-leads-higher-stamp-duty-rates,https://www.propertytaxpartners.co.uk/blog/property-types-and-specialist-tax/how-owning-property-abroad-leads-higher-stamp-duty-rates,https://www.propertytaxpartners.co.uk/sitemap.xml,1,https://www.propertytaxpartners.co.uk/sitemap.xml,property-types-and-specialist-tax,no,2026-10,yes,2026-05-26,2026-08-18,2026-05-26,2026-05-26 | MegaWave 1 RUN A: write how-owning-property-abroad-lead,2026-05-26,7,1,2026-08-18,2026-08-18,2933,2933,no,0,0,yes,b226ff381,7446,113,13,yes,2,3,5,false,1980,18,2026-05-31,2026-10-08,0
/blog/property-types-and-specialist-tax/how-to-avoid-inheritance-tax-on-a-farm,https://www.propertytaxpartners.co.uk/blog/property-types-and-specialist-tax/how-to-avoid-inheritance-tax-on-a-farm,INDEXED,Submitted and indexed,PASS,2026-08-21T15:09:26Z,MOBILE,SUCCESSFUL,https://www.propertytaxpartners.co.uk/blog/property-types-and-specialist-tax/how-to-avoid-inheritance-tax-on-a-farm,https://www.propertytaxpartners.co.uk/blog/property-types-and-specialist-tax/how-to-avoid-inheritance-tax-on-a-farm,https://www.propertytaxpartners.co.uk/sitemap.xml,1,https://www.propertytaxpartners.co.uk/sitemap.xml,property-types-and-specialist-tax,no,2026-08,yes,2026-08-21,2026-08-21,2026-08-21,2026-08-21 | feat(property): rural/landed-estates cluster executed (,2026-08-21,1,0,,,1771,1771,no,0,0,yes,631d71ef2,4082,0,0,no,0,2,,true,155,2,2026-08-22,2026-10-08,0
/blog/property-types-and-specialist-tax/impact-of-fhl-tax-abolition-on-pension-contributions-key-insights-strategies,https://www.propertytaxpartners.co.uk/blog/property-types-and-specialist-tax/impact-of-fhl-tax-abolition-on-pension-contributions-key-insights-strategies,CRAWLED_NOT_INDEXED,Crawled - currently not indexed,NEUTRAL,2026-07-23T22:48:39Z,MOBILE,SUCCESSFUL,https://www.propertytaxpartners.co.uk/blog/property-types-and-specialist-tax/impact-of-fhl-tax-abolition-on-pension-contributions-key-insights-strategies,https://www.propertytaxpartners.co.uk/blog/property-types-and-specialist-tax/impact-of-fhl-tax-abolition-on-pension-contributions-key-insights-strategies,https://www.propertytaxpartners.co.uk/sitemap.xml,1,https://www.propertytaxpartners.co.uk/sitemap.xml,property-types-and-specialist-tax,no,2026-07,yes,2026-05-26,2026-07-26,2026-05-26,2026-05-26 | MegaWave 1 RUN B: impact-of-fhl-tax-abolition-on-pensio,2026-05-26,5,0,,,2802,2802,no,0,0,yes,cdf893f2b,6650,0,0,no,5,3,4,false,63,0,2026-05-27,2026-09-15,0
/blog/property-types-and-specialist-tax/indirect-disposals-property-rich-entities-section-356od-section-517d-slice-action,https://www.propertytaxpartners.co.uk/blog/property-types-and-specialist-tax/indirect-disposals-property-rich-entities-section-356od-section-517d-slice-action,CRAWLED_NOT_INDEXED,Crawled - currently not indexed,NEUTRAL,2026-07-04T11:49:55Z,MOBILE,SUCCESSFUL,https://www.propertytaxpartners.co.uk/blog/property-types-and-specialist-tax/indirect-disposals-property-rich-entities-section-356od-section-517d-slice-action,https://www.propertytaxpartners.co.uk/blog/property-types-and-specialist-tax/indirect-disposals-property-rich-entities-section-356od-section-517d-slice-action,,1,https://www.propertytaxpartners.co.uk/sitemap.xml,property-types-and-specialist-tax,no,2026-07,yes,2026-05-25,,2026-05-25,2026-05-25 | Wave 8 Bucket B B5: indirect disposals via property-ric,2026-05-26,1,0,,,2867,2867,no,0,0,yes,b7e3d1ca6,5498,0,0,no,5,3,6,false,45,0,2026-05-28,2026-07-06,0
/blog/property-types-and-specialist-tax/inheritance-tax-on-farms,https://www.propertytaxpartners.co.uk/blog/property-types-and-specialist-tax/inheritance-tax-on-farms,INDEXED,Submitted and indexed,PASS,2026-08-21T17:41:10Z,MOBILE,SUCCESSFUL,https://www.propertytaxpartners.co.uk/blog/property-types-and-specialist-tax/inheritance-tax-on-farms,https://www.propertytaxpartners.co.uk/blog/property-types-and-specialist-tax/inheritance-tax-on-farms,https://www.propertytaxpartners.co.uk/sitemap.xml,1,https://www.propertytaxpartners.co.uk/sitemap.xml,property-types-and-specialist-tax,no,2026-08,yes,2026-08-21,2026-08-21,2026-08-21,2026-08-21 | feat(property): rural/landed-estates cluster executed (,2026-08-21,1,0,,,1556,1556,no,0,0,yes,631d71ef2,4163,0,0,no,3,2,6,false,175,2,2026-08-22,2026-10-08,0
/blog/property-types-and-specialist-tax/integral-features-capital-allowances,https://www.propertytaxpartners.co.uk/blog/property-types-and-specialist-tax/integral-features-capital-allowances,INDEXED,Submitted and indexed,PASS,2026-10-08T21:45:54Z,MOBILE,SUCCESSFUL,https://www.propertytaxpartners.co.uk/blog/property-types-and-specialist-tax/integral-features-capital-allowances,https://www.propertytaxpartners.co.uk/blog/property-types-and-specialist-tax/integral-features-capital-allowances,https://www.propertytaxpartners.co.uk/sitemap.xml,1,https://www.propertytaxpartners.co.uk/sitemap.xml,property-types-and-specialist-tax,no,2026-10,yes,'2026-05-20',2026-10-09,2026-05-20,2026-05-20 | chore: pre-refactor baseline snapshot of working-tree s,2026-05-20,9,3,2026-06-06,2026-06-07,4085,4084,no,1,0,yes,b226ff381,7953,1016,76,yes,18,2,3,false,4635,28,2026-05-21,2026-10-08,0
/blog/property-types-and-specialist-tax/is-increasing-council-tax-damaging-the-housing-market,https://www.propertytaxpartners.co.uk/blog/property-types-and-specialist-tax/is-increasing-council-tax-damaging-the-housing-market,CRAWLED_NOT_INDEXED,Crawled - currently not indexed,NEUTRAL,2026-05-28T00:33:07Z,MOBILE,SUCCESSFUL,https://www.propertytaxpartners.co.uk/blog/property-types-and-specialist-tax/is-increasing-council-tax-damaging-the-housing-market,https://www.propertytaxpartners.co.uk/blog/property-types-and-specialist-tax/is-increasing-council-tax-damaging-the-housing-market,https://www.propertytaxpartners.co.uk/sitemap.xml,1,https://www.propertytaxpartners.co.uk/sitemap.xml,property-types-and-specialist-tax,no,2026-05,yes,2026-05-26,2026-06-23,2026-05-26,2026-05-26 | MegaWave 1 RUN C4: is-increasing-council-tax-damaging-t,2026-05-26,4,0,,,2751,2751,no,0,0,yes,cef8b9505,6039,2,0,no,1,3,7,false,48,2,2026-05-28,2026-07-08,0
/blog/property-types-and-specialist-tax/labour-plans-stamp-duty-hike-for-overseas-buyers,https://www.propertytaxpartners.co.uk/blog/property-types-and-specialist-tax/labour-plans-stamp-duty-hike-for-overseas-buyers,CRAWLED_NOT_INDEXED,Crawled - currently not indexed,NEUTRAL,2026-05-27T05:31:15Z,MOBILE,SUCCESSFUL,https://www.propertytaxpartners.co.uk/blog/property-types-and-specialist-tax/labour-plans-stamp-duty-hike-for-overseas-buyers,https://www.propertytaxpartners.co.uk/blog/property-types-and-specialist-tax/labour-plans-stamp-duty-hike-for-overseas-buyers,https://www.propertytaxpartners.co.uk/sitemap.xml,1,https://www.propertytaxpartners.co.uk/sitemap.xml,property-types-and-specialist-tax,no,2026-05,yes,2026-05-26,2026-07-26,2026-05-26,2026-05-26 | MegaWave 1 RUN A: write labour-plans-stamp-duty-hike-fo,2026-05-26,7,1,2026-06-06,2026-06-07,2701,2780,yes,29,1,no,0d956ba82,6601,2,2,no,1,3,6,false,406,0,2026-05-27,2026-08-06,0
/blog/property-types-and-specialist-tax/land-and-buildings-transaction-tax-multiple-dwellings-relief,https://www.propertytaxpartners.co.uk/blog/property-types-and-specialist-tax/land-and-buildings-transaction-tax-multiple-dwellings-relief,CRAWLED_NOT_INDEXED,Crawled - currently not indexed,NEUTRAL,2026-05-27T04:28:24Z,MOBILE,SUCCESSFUL,https://www.propertytaxpartners.co.uk/blog/property-types-and-specialist-tax/land-and-buildings-transaction-tax-multiple-dwellings-relief,https://www.propertytaxpartners.co.uk/blog/property-types-and-specialist-tax/land-and-buildings-transaction-tax-multiple-dwellings-relief,https://www.propertytaxpartners.co.uk/sitemap.xml,1,https://www.propertytaxpartners.co.uk/sitemap.xml,property-types-and-specialist-tax,no,2026-05,yes,2026-05-26,2026-07-26,2026-05-26,2026-05-26 | MegaWave 1 RUN A: write land-and-buildings-transaction-,2026-05-26,5,0,,,3534,3534,no,1,0,yes,e11c9ab4e,7570,0,0,no,1,3,,false,498,0,2026-05-31,2026-07-19,0
/blog/property-types-and-specialist-tax/land-remediation-relief-150-percent-claim-mechanics-ltdco-developer-investor,https://www.propertytaxpartners.co.uk/blog/property-types-and-specialist-tax/land-remediation-relief-150-percent-claim-mechanics-ltdco-developer-investor,INDEXED,Submitted and indexed,PASS,2026-10-09T15:37:10Z,MOBILE,SUCCESSFUL,https://www.propertytaxpartners.co.uk/blog/property-types-and-specialist-tax/land-remediation-relief-150-percent-claim-mechanics-ltdco-developer-investor,https://www.propertytaxpartners.co.uk/blog/property-types-and-specialist-tax/land-remediation-relief-150-percent-claim-mechanics-ltdco-developer-investor,https://www.propertytaxpartners.co.uk/sitemap.xml,1,https://www.propertytaxpartners.co.uk/sitemap.xml,property-types-and-specialist-tax,no,2026-10,yes,2026-05-23,2026-07-26,2026-05-23,2026-05-23 | Wave 6 C9: Land Remediation Relief 150% (CTA 2009 Part ,2026-05-26,5,0,,,3044,3044,no,0,0,yes,b226ff381,8369,0,0,no,3,3,9,false,563,4,2026-06-03,2026-10-08,0
/blog/property-types-and-specialist-tax/land-remediation-relief-cta-2009-part-14-100-50-percent-deduction-polluter-exclusion,https://www.propertytaxpartners.co.uk/blog/property-types-and-specialist-tax/land-remediation-relief-cta-2009-part-14-100-50-percent-deduction-polluter-exclusion,CRAWLED_NOT_INDEXED,Crawled - currently not indexed,NEUTRAL,2026-07-04T14:11:35Z,MOBILE,SUCCESSFUL,https://www.propertytaxpartners.co.uk/blog/property-types-and-specialist-tax/land-remediation-relief-cta-2009-part-14-100-50-percent-deduction-polluter-exclusion,https://www.propertytaxpartners.co.uk/blog/property-types-and-specialist-tax/land-remediation-relief-cta-2009-part-14-100-50-percent-deduction-polluter-exclusion,https://www.propertytaxpartners.co.uk/sitemap.xml,2,https://www.propertytaxpartners.co.uk/feed.xml;https://www.propertytaxpartners.co.uk/sitemap.xml,property-types-and-specialist-tax,no,2026-07,yes,2026-05-25,,2026-05-25,2026-05-25 | Wave 8 Bucket B B9: Land Remediation Relief — additive ,2026-05-26,3,0,,,2872,2905,no,4,0,yes,fa8f23cd7,5630,0,0,no,3,3,8,false,25,0,2026-05-27,2026-06-24,0
/blog/property-types-and-specialist-tax/land-remediation-relief-guide,https://www.propertytaxpartners.co.uk/blog/property-types-and-specialist-tax/land-remediation-relief-guide,INDEXED,Submitted and indexed,PASS,2026-08-04T17:19:28Z,MOBILE,SUCCESSFUL,https://www.propertytaxpartners.co.uk/blog/property-types-and-specialist-tax/land-remediation-relief-guide,https://www.propertytaxpartners.co.uk/blog/property-types-and-specialist-tax/land-remediation-relief-guide,https://www.propertytaxpartners.co.uk/sitemap.xml,1,https://www.propertytaxpartners.co.uk/sitemap.xml,property-types-and-specialist-tax,no,2026-08,yes,2026-07-30,,2026-07-30,2026-07-30 | content(property): specialist-tax cluster - 15 A* pages,2026-08-03,1,0,,,3589,3589,no,0,0,yes,3879b002c,6847,0,0,no,1,3,11,false,46,2,2026-08-05,2026-10-02,0
/blog/property-types-and-specialist-tax/landlord-vat-recovery-professional-fees-capital-costs-commercial-property,https://www.propertytaxpartners.co.uk/blog/property-types-and-specialist-tax/landlord-vat-recovery-professional-fees-capital-costs-commercial-property,CRAWLED_NOT_INDEXED,Crawled - currently not indexed,NEUTRAL,2026-07-10T10:28:46Z,MOBILE,SUCCESSFUL,https://www.propertytaxpartners.co.uk/blog/property-types-and-specialist-tax/landlord-vat-recovery-professional-fees-capital-costs-commercial-property,https://www.propertytaxpartners.co.uk/blog/property-types-and-specialist-tax/landlord-vat-recovery-professional-fees-capital-costs-commercial-property,https://www.propertytaxpartners.co.uk/sitemap.xml,1,https://www.propertytaxpartners.co.uk/feed.xml,property-types-and-specialist-tax,no,2026-07,yes,2026-05-25,2026-07-26,2026-05-25,2026-05-25 | C10 (Wave 8 Bucket C): landlord-vat-recovery-profession,2026-05-26,4,0,,,2881,2873,no,8,0,yes,cdf893f2b,7916,0,0,no,2,3,5,false,248,1,2026-07-07,2026-10-08,0
/blog/property-types-and-specialist-tax/lease-extension-cost-uk,https://www.propertytaxpartners.co.uk/blog/property-types-and-specialist-tax/lease-extension-cost-uk,INDEXED,Submitted and indexed,PASS,2026-08-21T13:04:11Z,MOBILE,SUCCESSFUL,https://www.propertytaxpartners.co.uk/blog/property-types-and-specialist-tax/lease-extension-cost-uk,https://www.propertytaxpartners.co.uk/blog/property-types-and-specialist-tax/lease-extension-cost-uk,https://www.propertytaxpartners.co.uk/sitemap.xml,1,https://www.propertytaxpartners.co.uk/sitemap.xml,property-types-and-specialist-tax,no,2026-08,yes,2026-08-15,2026-08-21,2026-08-20,2026-08-20 | feat(property): wave11 19 pages + frontmatter completio,2026-08-21,2,1,2026-08-21,2026-08-21,3240,3240,no,0,0,yes,8c915e776,6383,40,5,no,4,2,8,false,341,0,2026-08-21,2026-10-07,0
/blog/property-types-and-specialist-tax/lease-extension-solicitor-what-they-do,https://www.propertytaxpartners.co.uk/blog/property-types-and-specialist-tax/lease-extension-solicitor-what-they-do,INDEXED,Submitted and indexed,PASS,2026-08-21T13:06:05Z,MOBILE,SUCCESSFUL,https://www.propertytaxpartners.co.uk/blog/property-types-and-specialist-tax/lease-extension-solicitor-what-they-do,https://www.propertytaxpartners.co.uk/blog/property-types-and-specialist-tax/lease-extension-solicitor-what-they-do,https://www.propertytaxpartners.co.uk/sitemap.xml,1,https://www.propertytaxpartners.co.uk/sitemap.xml,property-types-and-specialist-tax,no,2026-08,yes,2026-08-15,2026-08-21,2026-08-20,2026-08-20 | feat(property): wave11 19 pages + frontmatter completio,2026-08-21,2,1,2026-08-21,2026-08-21,3232,3232,no,0,0,yes,8c915e776,6597,0,0,no,3,2,8,false,65,2,2026-08-22,2026-10-06,0
/blog/property-types-and-specialist-tax/lease-extension-vs-freehold-purchase,https://www.propertytaxpartners.co.uk/blog/property-types-and-specialist-tax/lease-extension-vs-freehold-purchase,CRAWLED_NOT_INDEXED,Crawled - currently not indexed,NEUTRAL,2026-07-03T09:32:13Z,MOBILE,SUCCESSFUL,https://www.propertytaxpartners.co.uk/blog/property-types-and-specialist-tax/lease-extension-vs-freehold-purchase,https://www.propertytaxpartners.co.uk/blog/property-types-and-specialist-tax/lease-extension-vs-freehold-purchase,https://www.propertytaxpartners.co.uk/sitemap.xml,1,https://www.propertytaxpartners.co.uk/sitemap.xml,property-types-and-specialist-tax,no,2026-07,yes,2026-05-26,2026-08-21,2026-05-26,2026-05-26 | Property M1-C-B3: lease-extension-vs-freehold-purchase ,2026-05-26,7,1,2026-08-15,2026-08-15,3212,2957,yes,23,1,no,cdf893f2b,7025,0,0,no,7,2,7,false,74,0,2026-05-28,2026-07-03,0
/blog/property-types-and-specialist-tax/lease-extensions-in-the-uk-surrender-and-regrant,https://www.propertytaxpartners.co.uk/blog/property-types-and-specialist-tax/lease-extensions-in-the-uk-surrender-and-regrant,INDEXED,Submitted and indexed,PASS,2026-10-08T06:03:43Z,MOBILE,SUCCESSFUL,https://www.propertytaxpartners.co.uk/blog/property-types-and-specialist-tax/lease-extensions-in-the-uk-surrender-and-regrant,,https://www.propertytaxpartners.co.uk/sitemap.xml,1,https://www.propertytaxpartners.co.uk/sitemap.xml,property-types-and-specialist-tax,no,2026-10,yes,2026-05-26,2026-08-21,2026-05-26,2026-05-26 | Property M1-C-B3: lease-extensions-in-the-uk-surrender-,2026-05-26,7,0,,,3304,3304,no,0,0,yes,b226ff381,7024,147,2,no,6,2,8,false,3446,20,2026-05-28,2026-10-08,0
/blog/property-types-and-specialist-tax/lease-variation-and-lease-surrender,https://www.propertytaxpartners.co.uk/blog/property-types-and-specialist-tax/lease-variation-and-lease-surrender,INDEXED,Submitted and indexed,PASS,2026-10-06T03:15:56Z,MOBILE,SUCCESSFUL,https://www.propertytaxpartners.co.uk/blog/property-types-and-specialist-tax/lease-variation-and-lease-surrender,https://www.propertytaxpartners.co.uk/blog/property-types-and-specialist-tax/lease-variation-and-lease-surrender,https://www.propertytaxpartners.co.uk/sitemap.xml,1,https://www.propertytaxpartners.co.uk/sitemap.xml,property-types-and-specialist-tax,no,2026-10,yes,2026-05-26,2026-06-23,2026-05-26,2026-05-26 | Property M1-C-B3: lease-variation-and-lease-surrender (,2026-05-26,5,0,,,3477,3477,no,0,0,yes,b226ff381,6950,160,7,no,3,3,8,false,2776,44,2026-05-31,2026-10-08,0
/blog/property-types-and-specialist-tax/leasehold-reform-act-2024-what-is-in-force,https://www.propertytaxpartners.co.uk/blog/property-types-and-specialist-tax/leasehold-reform-act-2024-what-is-in-force,INDEXED,Submitted and indexed,PASS,2026-08-22T12:17:45Z,MOBILE,SUCCESSFUL,https://www.propertytaxpartners.co.uk/blog/property-types-and-specialist-tax/leasehold-reform-act-2024-what-is-in-force,https://www.propertytaxpartners.co.uk/blog/property-types-and-specialist-tax/leasehold-reform-act-2024-what-is-in-force,https://www.propertytaxpartners.co.uk/sitemap.xml,1,https://www.propertytaxpartners.co.uk/sitemap.xml,property-types-and-specialist-tax,no,2026-08,yes,2026-08-15,2026-10-09,2026-08-20,2026-08-20 | feat(property): wave11 19 pages + frontmatter completio,2026-08-21,4,1,2026-08-21,2026-08-21,3395,3394,no,1,0,yes,8c915e776,6657,8,1,no,9,2,7,false,578,4,2026-08-21,2026-10-08,0
/blog/property-types-and-specialist-tax/multiple-dwellings-relief,https://www.propertytaxpartners.co.uk/blog/property-types-and-specialist-tax/multiple-dwellings-relief,CRAWLED_NOT_INDEXED,Crawled - currently not indexed,NEUTRAL,2026-05-27T02:57:12Z,MOBILE,SUCCESSFUL,https://www.propertytaxpartners.co.uk/blog/property-types-and-specialist-tax/multiple-dwellings-relief,https://www.propertytaxpartners.co.uk/blog/property-types-and-specialist-tax/multiple-dwellings-relief,https://www.propertytaxpartners.co.uk/sitemap.xml,1,https://www.propertytaxpartners.co.uk/sitemap.xml,property-types-and-specialist-tax,no,2026-05,yes,2026-05-26,2026-08-18,2026-05-26,2026-05-26 | MegaWave 1 RUN A: write multiple-dwellings-relief (M1-A,2026-05-26,6,1,2026-08-18,2026-08-18,4928,4211,yes,19,1,no,a58980e22,9737,28,0,no,1,3,,false,70,0,2026-05-27,2026-08-15,0
/blog/property-types-and-specialist-tax/multiple-dwellings-relief-abolition-fa-2024-transitional-rules-landlords,https://www.propertytaxpartners.co.uk/blog/property-types-and-specialist-tax/multiple-dwellings-relief-abolition-fa-2024-transitional-rules-landlords,CRAWLED_NOT_INDEXED,Crawled - currently not indexed,NEUTRAL,2026-05-27T06:33:18Z,MOBILE,SUCCESSFUL,https://www.propertytaxpartners.co.uk/blog/property-types-and-specialist-tax/multiple-dwellings-relief-abolition-fa-2024-transitional-rules-landlords,https://www.propertytaxpartners.co.uk/blog/property-types-and-specialist-tax/multiple-dwellings-relief-abolition-fa-2024-transitional-rules-landlords,https://www.propertytaxpartners.co.uk/sitemap.xml,1,https://www.propertytaxpartners.co.uk/sitemap.xml,property-types-and-specialist-tax,no,2026-05,yes,2026-05-25,2026-07-26,2026-05-25,2026-05-25 | Wave 9 A1: MDR abolition F(No.2)A 2024 s.7 (net-new),2026-05-26,4,0,,,3386,3386,no,1,0,yes,494d37e13,7648,0,0,no,6,3,6,false,231,0,2026-05-27,2026-08-26,0
/blog/property-types-and-specialist-tax/non-resident-developer-uk-tax-scope-fa-2016-offshore-developer-planning-closure,https://www.propertytaxpartners.co.uk/blog/property-types-and-specialist-tax/non-resident-developer-uk-tax-scope-fa-2016-offshore-developer-planning-closure,CRAWLED_NOT_INDEXED,Crawled - currently not indexed,NEUTRAL,2026-07-05T04:04:26Z,MOBILE,SUCCESSFUL,https://www.propertytaxpartners.co.uk/blog/property-types-and-specialist-tax/non-resident-developer-uk-tax-scope-fa-2016-offshore-developer-planning-closure,https://www.propertytaxpartners.co.uk/blog/property-types-and-specialist-tax/non-resident-developer-uk-tax-scope-fa-2016-offshore-developer-planning-closure,https://www.propertytaxpartners.co.uk/sitemap.xml,1,https://www.propertytaxpartners.co.uk/sitemap.xml,property-types-and-specialist-tax,no,2026-07,yes,2026-05-25,2026-07-26,2026-05-25,2026-05-25 | Wave 8 Bucket B B8: non-resident developer UK tax scope,2026-05-26,3,0,,,2882,2882,no,0,0,yes,1e3c62fde,5465,0,0,no,4,3,7,false,61,1,2026-05-27,2026-10-08,0
/blog/property-types-and-specialist-tax/option-to-tax-revocation-routes-6-month-cooling-off-20-year-exit-landlords,https://www.propertytaxpartners.co.uk/blog/property-types-and-specialist-tax/option-to-tax-revocation-routes-6-month-cooling-off-20-year-exit-landlords,CRAWLED_NOT_INDEXED,Crawled - currently not indexed,NEUTRAL,2026-07-03T09:48:23Z,MOBILE,SUCCESSFUL,https://www.propertytaxpartners.co.uk/blog/property-types-and-specialist-tax/option-to-tax-revocation-routes-6-month-cooling-off-20-year-exit-landlords,https://www.propertytaxpartners.co.uk/blog/property-types-and-specialist-tax/option-to-tax-revocation-routes-6-month-cooling-off-20-year-exit-landlords,https://www.propertytaxpartners.co.uk/sitemap.xml,1,https://www.propertytaxpartners.co.uk/sitemap.xml,property-types-and-specialist-tax,no,2026-07,yes,2026-05-25,2026-07-26,2026-05-25,2026-05-25 | C2 (Wave 8 Bucket C): option-to-tax-revocation-routes-6,2026-05-26,5,0,,,2921,2913,no,8,0,yes,cdf893f2b,7821,0,0,no,5,3,6,false,24,0,2026-05-29,2026-07-04,0
/blog/property-types-and-specialist-tax/option-to-tax-vata-1994-schedule-10-commercial-property-20-year-lock,https://www.propertytaxpartners.co.uk/blog/property-types-and-specialist-tax/option-to-tax-vata-1994-schedule-10-commercial-property-20-year-lock,CRAWLED_NOT_INDEXED,Crawled - currently not indexed,NEUTRAL,2026-07-04T14:17:39Z,MOBILE,SUCCESSFUL,https://www.propertytaxpartners.co.uk/blog/property-types-and-specialist-tax/option-to-tax-vata-1994-schedule-10-commercial-property-20-year-lock,https://www.propertytaxpartners.co.uk/blog/property-types-and-specialist-tax/option-to-tax-vata-1994-schedule-10-commercial-property-20-year-lock,,2,https://www.propertytaxpartners.co.uk/feed.xml;https://www.propertytaxpartners.co.uk/sitemap.xml,property-types-and-specialist-tax,no,2026-07,yes,2026-05-25,2026-07-26,2026-05-25,2026-05-25 | C1 (Wave 8 Bucket C): option-to-tax-vata-1994-schedule-,2026-05-26,6,0,,,4609,4601,no,8,0,yes,cdf893f2b,9518,12,0,no,10,3,5,false,102,0,2026-05-31,2026-07-07,0
/blog/property-types-and-specialist-tax/property-development-tax-trading-vs-investment-income,https://www.propertytaxpartners.co.uk/blog/property-types-and-specialist-tax/property-development-tax-trading-vs-investment-income,INDEXED,Submitted and indexed,PASS,2026-09-26T04:34:50Z,MOBILE,SUCCESSFUL,https://www.propertytaxpartners.co.uk/blog/property-types-and-specialist-tax/property-development-tax-trading-vs-investment-income,https://www.propertytaxpartners.co.uk/blog/property-types-and-specialist-tax/property-development-tax-trading-vs-investment-income,https://www.propertytaxpartners.co.uk/sitemap.xml,1,https://www.propertytaxpartners.co.uk/blog/property-finance/bridging-finance-for-refurbishment,property-types-and-specialist-tax,no,2026-09,yes,2026-05-21,2026-05-29,2026-04-10,"2026-04-10 | Property site: add 148 blog posts, 2 new category hubs,",2026-04-10,6,2,2026-05-21,2026-05-23,1774,1774,no,0,0,yes,f4f6d9775,4926,24,1,no,15,3,5,false,975,2,2026-05-16,2026-10-08,0
/blog/property-types-and-specialist-tax/property-joint-venture-spv-structure-uk,https://www.propertytaxpartners.co.uk/blog/property-types-and-specialist-tax/property-joint-venture-spv-structure-uk,DISCOVERED_NOT_INDEXED,Discovered – currently not indexed,NEUTRAL,,CRAWLING_USER_AGENT_UNSPECIFIED,PAGE_FETCH_STATE_UNSPECIFIED,,,https://www.propertytaxpartners.co.uk/sitemap.xml,0,,property-types-and-specialist-tax,no,,yes,2026-09-01,2026-09-02,2026-09-02,"2026-09-02 | feat(property): SPV programme Wave 2 - 9 new pages, NRL",2026-09-02,2,0,,,3281,,,,,,,6745,0,0,no,2,2,5,false,0,0,,,0
/blog/property-types-and-specialist-tax/reduce-your-council-tax-bill-in-the-uk,https://www.propertytaxpartners.co.uk/blog/property-types-and-specialist-tax/reduce-your-council-tax-bill-in-the-uk,CRAWLED_NOT_INDEXED,Crawled - currently not indexed,NEUTRAL,2026-07-04T19:46:33Z,MOBILE,SUCCESSFUL,https://www.propertytaxpartners.co.uk/blog/property-types-and-specialist-tax/reduce-your-council-tax-bill-in-the-uk,https://www.propertytaxpartners.co.uk/blog/property-types-and-specialist-tax/reduce-your-council-tax-bill-in-the-uk,,1,https://www.propertytaxpartners.co.uk/sitemap.xml,property-types-and-specialist-tax,no,2026-07,yes,2026-05-26,2026-06-23,2026-05-26,2026-05-26 | MegaWave 1 RUN C6: reduce-your-council-tax-bill-in-the-,2026-05-26,5,0,,,3422,3422,no,0,0,yes,cdf893f2b,7025,0,0,no,4,3,6,false,239,0,2026-05-28,2026-07-07,0
/blog/property-types-and-specialist-tax/remittance-basis-tax-insights-for-non-domiciled-individuals,https://www.propertytaxpartners.co.uk/blog/property-types-and-specialist-tax/remittance-basis-tax-insights-for-non-domiciled-individuals,INDEXED,Submitted and indexed,PASS,2026-09-23T06:45:22Z,MOBILE,SUCCESSFUL,https://www.propertytaxpartners.co.uk/blog/property-types-and-specialist-tax/remittance-basis-tax-insights-for-non-domiciled-individuals,https://www.propertytaxpartners.co.uk/blog/property-types-and-specialist-tax/remittance-basis-tax-insights-for-non-domiciled-individuals,https://www.propertytaxpartners.co.uk/sitemap.xml,1,https://www.propertytaxpartners.co.uk/sitemap.xml,property-types-and-specialist-tax,no,2026-09,yes,2026-05-26,2026-06-23,2026-05-26,2026-05-26 | MegaWave 1 RUN C7: remittance-basis-tax-insights-for-no,2026-05-26,5,0,,,2340,2340,no,0,0,yes,cdf893f2b,5138,56,2,no,1,3,5,false,96,0,2026-05-30,2026-10-08,0
/blog/property-types-and-specialist-tax/residency-and-domicile,https://www.propertytaxpartners.co.uk/blog/property-types-and-specialist-tax/residency-and-domicile,CRAWLED_NOT_INDEXED,Crawled - currently not indexed,NEUTRAL,2026-05-26T23:59:03Z,MOBILE,SUCCESSFUL,https://www.propertytaxpartners.co.uk/blog/property-types-and-specialist-tax/residency-and-domicile,https://www.propertytaxpartners.co.uk/blog/property-types-and-specialist-tax/residency-and-domicile,,1,https://www.propertytaxpartners.co.uk/sitemap.xml,property-types-and-specialist-tax,no,2026-05,yes,2026-05-26,2026-06-23,2026-05-26,2026-05-26 | MegaWave 1 RUN C10: residency-and-domicile published (M,2026-05-26,7,1,2026-06-06,2026-06-07,2759,2694,yes,52,1,no,cef8b9505,5761,0,0,no,2,3,4,false,68,0,2026-05-27,2026-07-22,0
/blog/property-types-and-specialist-tax/right-to-manage-company-setup,https://www.propertytaxpartners.co.uk/blog/property-types-and-specialist-tax/right-to-manage-company-setup,INDEXED,Submitted and indexed,PASS,2026-08-22T12:19:02Z,MOBILE,SUCCESSFUL,https://www.propertytaxpartners.co.uk/blog/property-types-and-specialist-tax/right-to-manage-company-setup,https://www.propertytaxpartners.co.uk/blog/property-types-and-specialist-tax/right-to-manage-company-setup,https://www.propertytaxpartners.co.uk/sitemap.xml,1,https://www.propertytaxpartners.co.uk/sitemap.xml,property-types-and-specialist-tax,no,2026-08,yes,2026-08-15,2026-08-21,2026-08-20,2026-08-20 | feat(property): wave11 19 pages + frontmatter completio,2026-08-21,3,1,2026-08-21,2026-08-21,3587,3587,no,0,0,yes,8c915e776,6728,0,0,no,4,2,7,false,228,2,2026-08-21,2026-10-08,0
/blog/property-types-and-specialist-tax/right-to-manage-explained,https://www.propertytaxpartners.co.uk/blog/property-types-and-specialist-tax/right-to-manage-explained,INDEXED,Submitted and indexed,PASS,2026-08-21T14:24:20Z,MOBILE,SUCCESSFUL,https://www.propertytaxpartners.co.uk/blog/property-types-and-specialist-tax/right-to-manage-explained,https://www.propertytaxpartners.co.uk/blog/property-types-and-specialist-tax/right-to-manage-explained,,1,https://www.propertytaxpartners.co.uk/sitemap.xml,property-types-and-specialist-tax,no,2026-08,yes,2026-08-15,2026-08-21,2026-08-20,2026-08-20 | feat(property): wave11 19 pages + frontmatter completio,2026-08-21,3,1,2026-08-21,2026-08-21,2971,2971,no,0,0,yes,8c915e776,6507,0,0,no,7,2,6,false,263,1,2026-08-21,2026-10-08,0
/blog/property-types-and-specialist-tax/right-to-manage-process-steps,https://www.propertytaxpartners.co.uk/blog/property-types-and-specialist-tax/right-to-manage-process-steps,INDEXED,Submitted and indexed,PASS,2026-08-21T13:49:01Z,MOBILE,SUCCESSFUL,https://www.propertytaxpartners.co.uk/blog/property-types-and-specialist-tax/right-to-manage-process-steps,https://www.propertytaxpartners.co.uk/blog/property-types-and-specialist-tax/right-to-manage-process-steps,https://www.propertytaxpartners.co.uk/sitemap.xml,1,https://www.propertytaxpartners.co.uk/sitemap.xml,property-types-and-specialist-tax,no,2026-08,yes,2026-08-15,2026-08-21,2026-08-20,2026-08-20 | feat(property): wave11 19 pages + frontmatter completio,2026-08-21,3,1,2026-08-21,2026-08-21,3202,3202,no,0,0,yes,8c915e776,6516,0,0,no,3,2,7,false,297,5,2026-08-21,2026-10-08,0
/blog/property-types-and-specialist-tax/sdlt-additional-property-surcharge-refund-routes-3-year-replacement-claim,https://www.propertytaxpartners.co.uk/blog/property-types-and-specialist-tax/sdlt-additional-property-surcharge-refund-routes-3-year-replacement-claim,CRAWLED_NOT_INDEXED,Crawled - currently not indexed,NEUTRAL,2026-07-03T09:54:50Z,MOBILE,SUCCESSFUL,https://www.propertytaxpartners.co.uk/blog/property-types-and-specialist-tax/sdlt-additional-property-surcharge-refund-routes-3-year-replacement-claim,https://www.propertytaxpartners.co.uk/blog/property-types-and-specialist-tax/sdlt-additional-property-surcharge-refund-routes-3-year-replacement-claim,https://www.propertytaxpartners.co.uk/sitemap.xml,1,https://www.propertytaxpartners.co.uk/sitemap.xml,property-types-and-specialist-tax,no,2026-07,yes,2026-05-25,2026-07-26,2026-05-25,2026-05-25 | Wave 9 A2: SDLT 5% surcharge refund routes architecture,2026-05-26,4,0,,,3282,3282,no,0,0,yes,cdf893f2b,7884,0,0,no,0,3,,true,29,0,2026-05-31,2026-07-03,0
/blog/property-types-and-specialist-tax/sdlt-furnished-holiday-let-2025-abolition,https://www.propertytaxpartners.co.uk/blog/property-types-and-specialist-tax/sdlt-furnished-holiday-let-2025-abolition,CRAWLED_NOT_INDEXED,Crawled - currently not indexed,NEUTRAL,2026-07-03T14:56:45Z,MOBILE,SUCCESSFUL,https://www.propertytaxpartners.co.uk/blog/property-types-and-specialist-tax/sdlt-furnished-holiday-let-2025-abolition,https://www.propertytaxpartners.co.uk/blog/property-types-and-specialist-tax/sdlt-furnished-holiday-let-2025-abolition,,2,https://www.propertytaxpartners.co.uk/feed.xml;https://www.propertytaxpartners.co.uk/sitemap.xml,property-types-and-specialist-tax,no,2026-07,yes,2026-05-18,2026-08-17,2026-05-18,"2026-05-18 | Property: 7 new posts targeting GSC keyword gaps (1,025",2026-05-18,6,2,2026-08-17,2026-08-17,2962,2389,yes,125,1,no,cdf893f2b,5485,3,0,no,1,3,6,false,0,0,,,0
/blog/property-types-and-specialist-tax/sdlt-mixed-use-rates-vs-residential-property-tribunal-tests-landlords,https://www.propertytaxpartners.co.uk/blog/property-types-and-specialist-tax/sdlt-mixed-use-rates-vs-residential-property-tribunal-tests-landlords,INDEXED,Submitted and indexed,PASS,2026-09-22T16:58:53Z,MOBILE,SUCCESSFUL,https://www.propertytaxpartners.co.uk/blog/property-types-and-specialist-tax/sdlt-mixed-use-rates-vs-residential-property-tribunal-tests-landlords,https://www.propertytaxpartners.co.uk/blog/property-types-and-specialist-tax/sdlt-mixed-use-rates-vs-residential-property-tribunal-tests-landlords,,2,https://www.propertytaxpartners.co.uk/feed.xml;https://www.propertytaxpartners.co.uk/sitemap.xml,property-types-and-specialist-tax,no,2026-09,yes,2026-05-25,2026-07-26,2026-05-25,2026-05-25 | Wave 9 A3: SDLT mixed-use case-law trilogy (net-new),2026-05-26,4,0,,,3215,3215,no,0,0,yes,c218d7a69,7681,0,0,no,2,3,,false,838,22,2026-05-27,2026-10-08,0
/blog/property-types-and-specialist-tax/section-24-commercial-property-complete-guide,https://www.propertytaxpartners.co.uk/blog/property-types-and-specialist-tax/section-24-commercial-property-complete-guide,INDEXED,Submitted and indexed,PASS,2026-07-26T01:37:20Z,MOBILE,SUCCESSFUL,https://www.propertytaxpartners.co.uk/blog/property-types-and-specialist-tax/section-24-commercial-property-complete-guide,https://www.propertytaxpartners.co.uk/blog/property-types-and-specialist-tax/section-24-commercial-property-complete-guide,https://www.propertytaxpartners.co.uk/sitemap.xml,1,https://www.propertytaxpartners.co.uk/blog/property-types-and-specialist-tax,property-types-and-specialist-tax,no,2026-07,yes,2026-04-10,2026-10-09,2026-04-10,"2026-04-10 | Property site: add 148 blog posts, 2 new category hubs,",2026-04-10,7,2,2026-05-31,2026-05-31,2383,2380,no,1,0,yes,cdf893f2b,5759,0,0,no,6,3,5,false,75,2,2026-05-22,2026-10-07,0
/blog/property-types-and-specialist-tax/selling-house-below-market-value,https://www.propertytaxpartners.co.uk/blog/property-types-and-specialist-tax/selling-house-below-market-value,INDEXED,Submitted and indexed,PASS,2026-10-07T17:04:45Z,MOBILE,SUCCESSFUL,https://www.propertytaxpartners.co.uk/blog/property-types-and-specialist-tax/selling-house-below-market-value,https://www.propertytaxpartners.co.uk/blog/property-types-and-specialist-tax/selling-house-below-market-value,https://www.propertytaxpartners.co.uk/sitemap.xml,1,https://www.propertytaxpartners.co.uk/sitemap.xml,property-types-and-specialist-tax,no,2026-10,yes,2026-05-26,2026-06-23,2026-05-26,2026-05-26 | MegaWave 1 RUN C12: selling-house-below-market-value pu,2026-05-26,6,0,,,2768,2768,no,0,0,yes,b226ff381,5735,0,0,no,3,3,6,false,968,6,2026-05-27,2026-10-08,0
/blog/property-types-and-specialist-tax/service-charge-disputes-leaseholders,https://www.propertytaxpartners.co.uk/blog/property-types-and-specialist-tax/service-charge-disputes-leaseholders,INDEXED,Submitted and indexed,PASS,2026-08-22T07:46:23Z,MOBILE,SUCCESSFUL,https://www.propertytaxpartners.co.uk/blog/property-types-and-specialist-tax/service-charge-disputes-leaseholders,https://www.propertytaxpartners.co.uk/blog/property-types-and-specialist-tax/service-charge-disputes-leaseholders,https://www.propertytaxpartners.co.uk/sitemap.xml,1,https://www.propertytaxpartners.co.uk/sitemap.xml,property-types-and-specialist-tax,no,2026-08,yes,2026-08-15,2026-08-21,2026-08-20,2026-08-20 | feat(property): wave11 19 pages + frontmatter completio,2026-08-21,4,1,2026-08-20,2026-08-21,3598,3598,no,0,0,yes,8c915e776,7222,13,1,no,10,2,6,false,434,1,2026-08-22,2026-10-08,0
/blog/property-types-and-specialist-tax/serviced-accommodation-bpr-eligibility-pawson-test,https://www.propertytaxpartners.co.uk/blog/property-types-and-specialist-tax/serviced-accommodation-bpr-eligibility-pawson-test,CRAWLED_NOT_INDEXED,Crawled - currently not indexed,NEUTRAL,2026-07-05T07:58:21Z,MOBILE,SUCCESSFUL,https://www.propertytaxpartners.co.uk/blog/property-types-and-specialist-tax/serviced-accommodation-bpr-eligibility-pawson-test,https://www.propertytaxpartners.co.uk/blog/property-types-and-specialist-tax/serviced-accommodation-bpr-eligibility-pawson-test,https://www.propertytaxpartners.co.uk/sitemap.xml,1,https://www.propertytaxpartners.co.uk/sitemap.xml,property-types-and-specialist-tax,no,2026-07,yes,2026-05-22,2026-06-23,2026-05-22,2026-05-22 | Wave 2 (IHT): write serviced-accommodation-bpr-eligibil,2026-05-23,4,0,,,3243,3243,no,0,0,yes,cdf893f2b,7847,0,0,no,9,2,5,false,19,0,2026-05-30,2026-07-06,0
/blog/property-types-and-specialist-tax/serviced-accommodation-tax-fhl-abolition-april-2025,https://www.propertytaxpartners.co.uk/blog/property-types-and-specialist-tax/serviced-accommodation-tax-fhl-abolition-april-2025,CRAWLED_NOT_INDEXED,Crawled - currently not indexed,NEUTRAL,2026-05-28T12:01:23Z,MOBILE,SUCCESSFUL,,,https://www.propertytaxpartners.co.uk/sitemap.xml,1,https://www.propertytaxpartners.co.uk/sitemap.xml,property-types-and-specialist-tax,no,2026-05,yes,2026-04-10,2026-06-23,2026-04-10,"2026-04-10 | Property site: add 148 blog posts, 2 new category hubs,",2026-04-10,6,2,2026-05-31,2026-05-31,2133,1311,yes,204,1,no,e4cecef7d,4922,1,0,no,10,2,6,false,17,0,2026-05-31,2026-07-20,0
/blog/property-types-and-specialist-tax/serviced-accommodation-vs-buy-to-let-tax-comparison-2026,https://www.propertytaxpartners.co.uk/blog/property-types-and-specialist-tax/serviced-accommodation-vs-buy-to-let-tax-comparison-2026,CRAWLED_NOT_INDEXED,Crawled - currently not indexed,NEUTRAL,2026-05-15T14:10:30Z,MOBILE,SUCCESSFUL,,,https://www.propertytaxpartners.co.uk/sitemap.xml,1,https://www.propertytaxpartners.co.uk/blog/property-types-and-specialist-tax,property-types-and-specialist-tax,no,2026-05,yes,2026-04-10,2026-06-23,2026-04-10,"2026-04-10 | Property site: add 148 blog posts, 2 new category hubs,",2026-04-10,7,2,2026-05-31,2026-05-31,2392,1138,yes,220,1,no,80d51206c,5591,0,0,no,7,3,6,false,2,0,2026-07-24,2026-08-06,0
/blog/property-types-and-specialist-tax/single-person-council-tax-discount,https://www.propertytaxpartners.co.uk/blog/property-types-and-specialist-tax/single-person-council-tax-discount,CRAWLED_NOT_INDEXED,Crawled - currently not indexed,NEUTRAL,2026-07-26T07:20:04Z,MOBILE,SUCCESSFUL,https://www.propertytaxpartners.co.uk/blog/property-types-and-specialist-tax/single-person-council-tax-discount,https://www.propertytaxpartners.co.uk/blog/property-types-and-specialist-tax/single-person-council-tax-discount,https://www.propertytaxpartners.co.uk/sitemap.xml,1,https://www.propertytaxpartners.co.uk/sitemap.xml,property-types-and-specialist-tax,no,2026-07,yes,2026-05-26,2026-06-23,2026-05-26,2026-05-26 | MegaWave 1 RUN C8: single-person-council-tax-discount p,2026-05-26,4,0,,,2343,2343,no,0,0,yes,cdf893f2b,4982,764,11,yes,2,3,8,false,820,1,2026-05-27,2026-09-30,0
/blog/property-types-and-specialist-tax/single-person-council-tax-discounts-a-complete-guide,https://www.propertytaxpartners.co.uk/blog/property-types-and-specialist-tax/single-person-council-tax-discounts-a-complete-guide,INDEXED,Submitted and indexed,PASS,2026-09-14T00:47:51Z,MOBILE,SUCCESSFUL,https://www.propertytaxpartners.co.uk/blog/property-types-and-specialist-tax/single-person-council-tax-discounts-a-complete-guide,https://www.propertytaxpartners.co.uk/blog/property-types-and-specialist-tax/single-person-council-tax-discounts-a-complete-guide,https://www.propertytaxpartners.co.uk/sitemap.xml,1,https://www.propertytaxpartners.co.uk/sitemap.xml,property-types-and-specialist-tax,no,2026-09,yes,2026-05-26,2026-06-23,2026-05-26,2026-05-26 | MegaWave 1 RUN C9: single-person-council-tax-discounts-,2026-05-26,4,0,,,3219,3219,no,0,0,yes,cdf893f2b,6164,345,18,yes,1,3,9,false,5439,28,2026-05-29,2026-10-08,0
/blog/property-types-and-specialist-tax/structures-and-buildings-allowance-sba,https://www.propertytaxpartners.co.uk/blog/property-types-and-specialist-tax/structures-and-buildings-allowance-sba,INDEXED,Submitted and indexed,PASS,2026-08-04T23:51:15Z,MOBILE,SUCCESSFUL,https://www.propertytaxpartners.co.uk/blog/property-types-and-specialist-tax/structures-and-buildings-allowance-sba,https://www.propertytaxpartners.co.uk/blog/property-types-and-specialist-tax/structures-and-buildings-allowance-sba,https://www.propertytaxpartners.co.uk/sitemap.xml,1,https://www.propertytaxpartners.co.uk/sitemap.xml,property-types-and-specialist-tax,no,2026-08,yes,2026-07-30,,2026-07-30,2026-07-30 | content(property): specialist-tax cluster - 15 A* pages,2026-08-03,1,0,,,1833,1833,no,0,0,yes,3879b002c,5149,0,0,no,4,3,10,false,139,2,2026-08-05,2026-10-08,0
/blog/property-types-and-specialist-tax/structures-and-buildings-allowance-sba-3-percent-claim-mechanics-fa-2018-onward,https://www.propertytaxpartners.co.uk/blog/property-types-and-specialist-tax/structures-and-buildings-allowance-sba-3-percent-claim-mechanics-fa-2018-onward,CRAWLED_NOT_INDEXED,Crawled - currently not indexed,NEUTRAL,2026-07-08T08:17:32Z,MOBILE,SUCCESSFUL,https://www.propertytaxpartners.co.uk/blog/property-types-and-specialist-tax/structures-and-buildings-allowance-sba-3-percent-claim-mechanics-fa-2018-onward,https://www.propertytaxpartners.co.uk/blog/property-types-and-specialist-tax/structures-and-buildings-allowance-sba-3-percent-claim-mechanics-fa-2018-onward,https://www.propertytaxpartners.co.uk/sitemap.xml,1,https://www.propertytaxpartners.co.uk/sitemap.xml,property-types-and-specialist-tax,no,2026-07,yes,2026-05-23,2026-07-26,2026-05-23,"2026-05-23 | Wave 6 C3: SBA depth (CAA 2001 Part 2A, 3% over 33⅓ yea",2026-05-26,4,0,,,3290,3290,no,0,0,yes,cdf893f2b,7848,106,7,no,14,2,3,false,115,0,2026-05-29,2026-09-17,0
/blog/property-types-and-specialist-tax/super-deduction-130-percent-transitional-disposal-balancing-charge-mechanics-fa-2021,https://www.propertytaxpartners.co.uk/blog/property-types-and-specialist-tax/super-deduction-130-percent-transitional-disposal-balancing-charge-mechanics-fa-2021,CRAWLED_NOT_INDEXED,Crawled - currently not indexed,NEUTRAL,2026-07-03T09:29:40Z,MOBILE,SUCCESSFUL,https://www.propertytaxpartners.co.uk/blog/property-types-and-specialist-tax/super-deduction-130-percent-transitional-disposal-balancing-charge-mechanics-fa-2021,https://www.propertytaxpartners.co.uk/blog/property-types-and-specialist-tax/super-deduction-130-percent-transitional-disposal-balancing-charge-mechanics-fa-2021,https://www.propertytaxpartners.co.uk/sitemap.xml,2,https://www.propertytaxpartners.co.uk/feed.xml;https://www.propertytaxpartners.co.uk/sitemap.xml,property-types-and-specialist-tax,no,2026-07,yes,2026-05-23,2026-06-23,2026-05-23,2026-05-23 | Wave 6 C10: Super-deduction disposal clawback FA 2021 s,2026-05-26,3,0,,,2561,2561,no,0,0,yes,cdf893f2b,7887,0,0,no,0,3,,true,27,1,2026-05-27,2026-07-03,0
/blog/property-types-and-specialist-tax/toms-vat-serviced-accommodation,https://www.propertytaxpartners.co.uk/blog/property-types-and-specialist-tax/toms-vat-serviced-accommodation,INDEXED,Submitted and indexed,PASS,2026-09-17T03:53:17Z,MOBILE,SUCCESSFUL,https://www.propertytaxpartners.co.uk/blog/property-types-and-specialist-tax/toms-vat-serviced-accommodation,https://www.propertytaxpartners.co.uk/blog/property-types-and-specialist-tax/toms-vat-serviced-accommodation,https://www.propertytaxpartners.co.uk/sitemap.xml,1,https://www.propertytaxpartners.co.uk/sitemap.xml,property-types-and-specialist-tax,no,2026-09,yes,2026-05-22,2026-07-26,2026-05-22,2026-05-22 | Track 1 (VAT): write toms-vat-serviced-accommodation (C,2026-05-23,5,1,2026-06-07,2026-06-07,1773,1773,no,0,0,yes,c218d7a69,4677,0,0,no,6,3,6,false,1299,51,2026-05-25,2026-10-08,2
/blog/property-types-and-specialist-tax/transactions-in-uk-land-cta-2010-part-8zb-ita-2007-part-9a-four-conditions-test,https://www.propertytaxpartners.co.uk/blog/property-types-and-specialist-tax/transactions-in-uk-land-cta-2010-part-8zb-ita-2007-part-9a-four-conditions-test,CRAWLED_NOT_INDEXED,Crawled - currently not indexed,NEUTRAL,2026-07-20T03:07:28Z,MOBILE,SUCCESSFUL,https://www.propertytaxpartners.co.uk/blog/property-types-and-specialist-tax/transactions-in-uk-land-cta-2010-part-8zb-ita-2007-part-9a-four-conditions-test,https://www.propertytaxpartners.co.uk/blog/property-types-and-specialist-tax/transactions-in-uk-land-cta-2010-part-8zb-ita-2007-part-9a-four-conditions-test,,2,https://www.propertytaxpartners.co.uk/feed.xml;https://www.propertytaxpartners.co.uk/sitemap.xml,property-types-and-specialist-tax,no,2026-07,yes,2026-05-25,,2026-05-25,2026-05-25 | Wave 8 Bucket B PILLAR: B1 transactions-in-uk-land four,2026-05-26,1,0,,,3578,3578,no,0,0,yes,814147bb9,6549,0,0,no,10,3,7,false,130,0,2026-05-28,2026-09-17,0
/blog/property-types-and-specialist-tax/vat-calculator,https://www.propertytaxpartners.co.uk/blog/property-types-and-specialist-tax/vat-calculator,INDEXED,Submitted and indexed,PASS,2026-09-24T13:53:11Z,MOBILE,SUCCESSFUL,https://www.propertytaxpartners.co.uk/blog/property-types-and-specialist-tax/vat-calculator,https://www.propertytaxpartners.co.uk/blog/property-types-and-specialist-tax/vat-calculator,,1,https://www.propertytaxpartners.co.uk/sitemap.xml,property-types-and-specialist-tax,no,2026-09,yes,'2026-05-20',2026-06-23,2026-05-20,2026-05-20 | chore: pre-refactor baseline snapshot of working-tree s,2026-05-20,5,1,2026-06-02,2026-06-02,2190,2190,no,0,0,yes,cdf893f2b,5647,1,0,no,2,3,,false,241,2,2026-05-21,2026-10-08,0
/blog/property-types-and-specialist-tax/vat-capital-goods-scheme-property-businesses-10-year-adjustment-mechanics,https://www.propertytaxpartners.co.uk/blog/property-types-and-specialist-tax/vat-capital-goods-scheme-property-businesses-10-year-adjustment-mechanics,INDEXED,Submitted and indexed,PASS,2026-10-07T18:38:49Z,MOBILE,SUCCESSFUL,https://www.propertytaxpartners.co.uk/blog/property-types-and-specialist-tax/vat-capital-goods-scheme-property-businesses-10-year-adjustment-mechanics,https://www.propertytaxpartners.co.uk/blog/property-types-and-specialist-tax/vat-capital-goods-scheme-property-businesses-10-year-adjustment-mechanics,https://www.propertytaxpartners.co.uk/sitemap.xml,1,https://www.propertytaxpartners.co.uk/sitemap.xml,property-types-and-specialist-tax,no,2026-10,yes,2026-05-23,2026-07-26,2026-05-23,2026-05-23 | Wave 5 A2: VAT Capital Goods Scheme on property (10-int,2026-05-26,4,0,,,2934,2934,no,0,0,yes,b226ff381,6065,138,12,yes,10,3,6,false,2462,7,2026-05-27,2026-10-08,0
/blog/property-types-and-specialist-tax/vat-cladding-remediation-relief-residential-building-safety-act-section-30a-mechanics,https://www.propertytaxpartners.co.uk/blog/property-types-and-specialist-tax/vat-cladding-remediation-relief-residential-building-safety-act-section-30a-mechanics,CRAWLED_NOT_INDEXED,Crawled - currently not indexed,NEUTRAL,2026-07-08T21:54:32Z,MOBILE,SUCCESSFUL,https://www.propertytaxpartners.co.uk/blog/property-types-and-specialist-tax/vat-cladding-remediation-relief-residential-building-safety-act-section-30a-mechanics,https://www.propertytaxpartners.co.uk/blog/property-types-and-specialist-tax/vat-cladding-remediation-relief-residential-building-safety-act-section-30a-mechanics,https://www.propertytaxpartners.co.uk/sitemap.xml,1,https://www.propertytaxpartners.co.uk/sitemap.xml,property-types-and-specialist-tax,no,2026-07,yes,2026-05-23,2026-08-21,2026-05-23,2026-05-23 | Wave 5 A9: Cladding remediation VAT (no general relief ,2026-05-26,6,0,,,2607,2606,no,3,0,yes,cdf893f2b,6231,0,0,no,2,3,6,false,114,0,2026-06-01,2026-10-06,0
/blog/property-types-and-specialist-tax/vat-commercial-to-residential-conversion-5-percent-reduced-rate-developer-recovery-mechanics,https://www.propertytaxpartners.co.uk/blog/property-types-and-specialist-tax/vat-commercial-to-residential-conversion-5-percent-reduced-rate-developer-recovery-mechanics,CRAWLED_NOT_INDEXED,Crawled - currently not indexed,NEUTRAL,2026-07-04T14:23:55Z,MOBILE,SUCCESSFUL,https://www.propertytaxpartners.co.uk/blog/property-types-and-specialist-tax/vat-commercial-to-residential-conversion-5-percent-reduced-rate-developer-recovery-mechanics,https://www.propertytaxpartners.co.uk/blog/property-types-and-specialist-tax/vat-commercial-to-residential-conversion-5-percent-reduced-rate-developer-recovery-mechanics,https://www.propertytaxpartners.co.uk/sitemap.xml,2,https://www.propertytaxpartners.co.uk/feed.xml;https://www.propertytaxpartners.co.uk/sitemap.xml,property-types-and-specialist-tax,no,2026-07,yes,2026-05-25,2026-07-26,2026-05-25,2026-05-25 | C6 (Wave 8 Bucket C): vat-commercial-to-residential-con,2026-05-26,4,0,,,3021,3014,no,7,0,yes,cdf893f2b,7923,5,0,no,2,3,7,false,75,0,2026-05-28,2026-07-06,0
/blog/property-types-and-specialist-tax/vat-developer-pre-registration-input-tax-recovery-property-development-projects,https://www.propertytaxpartners.co.uk/blog/property-types-and-specialist-tax/vat-developer-pre-registration-input-tax-recovery-property-development-projects,CRAWLED_NOT_INDEXED,Crawled - currently not indexed,NEUTRAL,2026-07-04T12:56:54Z,MOBILE,SUCCESSFUL,https://www.propertytaxpartners.co.uk/blog/property-types-and-specialist-tax/vat-developer-pre-registration-input-tax-recovery-property-development-projects,https://www.propertytaxpartners.co.uk/blog/property-types-and-specialist-tax/vat-developer-pre-registration-input-tax-recovery-property-development-projects,https://www.propertytaxpartners.co.uk/sitemap.xml,2,https://www.propertytaxpartners.co.uk/feed.xml;https://www.propertytaxpartners.co.uk/sitemap.xml,property-types-and-specialist-tax,no,2026-07,yes,2026-05-23,2026-07-26,2026-05-23,2026-05-23 | Wave 5 A7: VAT developer pre-registration input tax (re,2026-05-26,6,1,2026-06-06,2026-06-07,2676,2676,no,1,0,yes,cdf893f2b,6516,0,0,no,4,3,6,false,62,0,2026-05-27,2026-07-05,0
/blog/property-types-and-specialist-tax/vat-mixed-use-property-purchase-residential-commercial-element-apportionment,https://www.propertytaxpartners.co.uk/blog/property-types-and-specialist-tax/vat-mixed-use-property-purchase-residential-commercial-element-apportionment,INDEXED,Submitted and indexed,PASS,2026-10-09T16:55:48Z,MOBILE,SUCCESSFUL,https://www.propertytaxpartners.co.uk/blog/property-types-and-specialist-tax/vat-mixed-use-property-purchase-residential-commercial-element-apportionment,https://www.propertytaxpartners.co.uk/blog/property-types-and-specialist-tax/vat-mixed-use-property-purchase-residential-commercial-element-apportionment,,2,https://www.propertytaxpartners.co.uk/feed.xml;https://www.propertytaxpartners.co.uk/sitemap.xml,property-types-and-specialist-tax,no,2026-10,yes,2026-05-23,2026-07-26,2026-05-23,2026-05-23 | Wave 5 A4: VAT on mixed-use property apportionment,2026-05-26,4,0,,,2524,2524,no,0,0,yes,b226ff381,5406,4,0,no,6,3,6,false,1681,33,2026-05-27,2026-10-08,0
/blog/property-types-and-specialist-tax/vat-on-furnished-holiday-lettings-fhl,https://www.propertytaxpartners.co.uk/blog/property-types-and-specialist-tax/vat-on-furnished-holiday-lettings-fhl,CRAWLED_NOT_INDEXED,Crawled - currently not indexed,NEUTRAL,2026-07-05T07:58:08Z,MOBILE,SUCCESSFUL,https://www.propertytaxpartners.co.uk/blog/property-types-and-specialist-tax/vat-on-furnished-holiday-lettings-fhl,https://www.propertytaxpartners.co.uk/blog/property-types-and-specialist-tax/vat-on-furnished-holiday-lettings-fhl,https://www.propertytaxpartners.co.uk/sitemap.xml,1,https://www.propertytaxpartners.co.uk/sitemap.xml,property-types-and-specialist-tax,no,2026-07,yes,2026-05-26,2026-07-26,2026-05-26,2026-05-26 | MegaWave 1 RUN B: vat-on-furnished-holiday-lettings-fhl,2026-05-26,4,0,,,2409,2409,no,0,0,yes,cdf893f2b,5881,5,0,no,2,3,5,false,165,0,2026-05-30,2026-09-22,0
/blog/property-types-and-specialist-tax/vat-on-new-builds-residential-property,https://www.propertytaxpartners.co.uk/blog/property-types-and-specialist-tax/vat-on-new-builds-residential-property,INDEXED,Submitted and indexed,PASS,2026-09-24T07:36:46Z,MOBILE,SUCCESSFUL,https://www.propertytaxpartners.co.uk/blog/property-types-and-specialist-tax/vat-on-new-builds-residential-property,https://www.propertytaxpartners.co.uk/blog/property-types-and-specialist-tax/vat-on-new-builds-residential-property,,2,https://www.propertytaxpartners.co.uk/feed.xml;https://www.propertytaxpartners.co.uk/sitemap.xml,property-types-and-specialist-tax,no,2026-09,yes,2026-05-22,2026-07-26,2026-05-22,2026-05-22 | Track 1 (VAT): write vat-on-new-builds-residential-prop,2026-05-23,4,0,,,1779,1779,no,0,0,yes,c218d7a69,4518,343,8,no,10,3,6,false,684,3,2026-05-25,2026-10-08,0
/blog/property-types-and-specialist-tax/vat-option-to-tax-commercial-property-mechanics-election-revocation,https://www.propertytaxpartners.co.uk/blog/property-types-and-specialist-tax/vat-option-to-tax-commercial-property-mechanics-election-revocation,CRAWLED_NOT_INDEXED,Crawled - currently not indexed,NEUTRAL,2026-07-06T21:51:02Z,MOBILE,SUCCESSFUL,https://www.propertytaxpartners.co.uk/blog/property-types-and-specialist-tax/vat-option-to-tax-commercial-property-mechanics-election-revocation,https://www.propertytaxpartners.co.uk/blog/property-types-and-specialist-tax/vat-option-to-tax-commercial-property-mechanics-election-revocation,https://www.propertytaxpartners.co.uk/sitemap.xml,2,https://www.propertytaxpartners.co.uk/feed.xml;https://www.propertytaxpartners.co.uk/sitemap.xml,property-types-and-specialist-tax,no,2026-07,yes,2026-05-23,2026-07-26,2026-05-23,2026-05-23 | Wave 5 A1: VAT option-to-tax commercial property (OTT m,2026-05-26,4,0,,,3166,3158,no,8,0,yes,cdf893f2b,6697,426,4,no,20,3,5,false,73,0,2026-05-28,2026-07-08,0
/blog/property-types-and-specialist-tax/vat-partial-exemption-special-method-approval-landlords-standard-method-override-mechanics,https://www.propertytaxpartners.co.uk/blog/property-types-and-specialist-tax/vat-partial-exemption-special-method-approval-landlords-standard-method-override-mechanics,INDEXED,Submitted and indexed,PASS,2026-10-07T04:39:15Z,MOBILE,SUCCESSFUL,https://www.propertytaxpartners.co.uk/blog/property-types-and-specialist-tax/vat-partial-exemption-special-method-approval-landlords-standard-method-override-mechanics,https://www.propertytaxpartners.co.uk/blog/property-types-and-specialist-tax/vat-partial-exemption-special-method-approval-landlords-standard-method-override-mechanics,,1,https://www.propertytaxpartners.co.uk/sitemap.xml,property-types-and-specialist-tax,no,2026-10,yes,2026-05-25,2026-07-26,2026-05-25,2026-05-25 | C5 (Wave 8 Bucket C): vat-partial-exemption-special-met,2026-05-26,6,0,,,2894,2929,no,3,0,yes,b226ff381,8054,4,0,no,4,3,6,false,865,14,2026-05-31,2026-10-08,0
/blog/property-types-and-specialist-tax/vat-property-conversion-residential-to-commercial-or-commercial-to-residential-zero-rate-reduced-rate,https://www.propertytaxpartners.co.uk/blog/property-types-and-specialist-tax/vat-property-conversion-residential-to-commercial-or-commercial-to-residential-zero-rate-reduced-rate,INDEXED,Submitted and indexed,PASS,2026-10-09T14:29:44Z,MOBILE,SUCCESSFUL,https://www.propertytaxpartners.co.uk/blog/property-types-and-specialist-tax/vat-property-conversion-residential-to-commercial-or-commercial-to-residential-zero-rate-reduced-rate,https://www.propertytaxpartners.co.uk/blog/property-types-and-specialist-tax/vat-property-conversion-residential-to-commercial-or-commercial-to-residential-zero-rate-reduced-rate,,1,https://www.propertytaxpartners.co.uk/sitemap.xml,property-types-and-specialist-tax,no,2026-10,yes,2026-05-23,2026-07-26,2026-05-23,2026-05-23 | Wave 5 A6: VAT property conversion (three reliefs + cer,2026-05-26,5,0,,,2842,2842,no,0,0,yes,b226ff381,6804,170,8,no,4,3,6,false,4975,41,2026-05-28,2026-10-08,0
/blog/property-types-and-specialist-tax/vat-property-conversions-residential-reduced-rate-opted-to-tax,https://www.propertytaxpartners.co.uk/blog/property-types-and-specialist-tax/vat-property-conversions-residential-reduced-rate-opted-to-tax,INDEXED,Submitted and indexed,PASS,2026-09-07T09:10:09Z,MOBILE,SUCCESSFUL,https://www.propertytaxpartners.co.uk/blog/property-types-and-specialist-tax/vat-property-conversions-residential-reduced-rate-opted-to-tax,https://www.propertytaxpartners.co.uk/blog/property-types-and-specialist-tax/vat-property-conversions-residential-reduced-rate-opted-to-tax,,1,https://propertytaxpartners.co.uk/sitemap.xml,property-types-and-specialist-tax,no,2026-09,yes,2026-07-09,,2026-07-09,2026-07-09 | Wave 10 A4: vat-property-conversions-residential-reduce,2026-07-09,7,1,2026-07-09,2026-07-09,3058,3058,no,0,0,yes,96d797e4a,6459,0,0,no,0,3,,true,2038,27,2026-07-10,2026-10-08,1
/blog/property-types-and-specialist-tax/vat-registration-threshold-90k-landlords-april-2024-group-registration,https://www.propertytaxpartners.co.uk/blog/property-types-and-specialist-tax/vat-registration-threshold-90k-landlords-april-2024-group-registration,CRAWLED_NOT_INDEXED,Crawled - currently not indexed,NEUTRAL,2026-05-27T08:29:57Z,MOBILE,SUCCESSFUL,https://www.propertytaxpartners.co.uk/blog/property-types-and-specialist-tax/vat-registration-threshold-90k-landlords-april-2024-group-registration,https://www.propertytaxpartners.co.uk/blog/property-types-and-specialist-tax/vat-registration-threshold-90k-landlords-april-2024-group-registration,https://www.propertytaxpartners.co.uk/sitemap.xml,1,https://www.propertytaxpartners.co.uk/sitemap.xml,property-types-and-specialist-tax,no,2026-05,yes,2026-05-25,2026-07-26,2026-05-25,2026-05-25 | C9 (Wave 8 Bucket C): vat-registration-threshold-90k-la,2026-05-26,4,0,,,2899,2891,no,8,0,yes,eaca878a5,7793,0,0,no,3,3,6,false,103,0,2026-05-28,2026-08-27,0
/blog/property-types-and-specialist-tax/vat-storage-facility-lettings-schedule-9-group-1-supply-categorisation-landlords,https://www.propertytaxpartners.co.uk/blog/property-types-and-specialist-tax/vat-storage-facility-lettings-schedule-9-group-1-supply-categorisation-landlords,CRAWLED_NOT_INDEXED,Crawled - currently not indexed,NEUTRAL,2026-07-04T19:46:39Z,MOBILE,SUCCESSFUL,https://www.propertytaxpartners.co.uk/blog/property-types-and-specialist-tax/vat-storage-facility-lettings-schedule-9-group-1-supply-categorisation-landlords,https://www.propertytaxpartners.co.uk/blog/property-types-and-specialist-tax/vat-storage-facility-lettings-schedule-9-group-1-supply-categorisation-landlords,https://www.propertytaxpartners.co.uk/sitemap.xml,1,https://www.propertytaxpartners.co.uk/sitemap.xml,property-types-and-specialist-tax,no,2026-07,yes,2026-05-25,2026-07-26,2026-05-25,2026-05-25 | C8 (Wave 8 Bucket C): vat-storage-facility-lettings-sch,2026-05-26,5,0,,,2900,2898,no,7,0,yes,cdf893f2b,7511,0,0,no,1,3,7,false,52,0,2026-06-04,2026-07-05,0
/blog/property-types-and-specialist-tax/vat-toms-long-term-stays-hotel-aparthotel-28-day-rule-mechanics,https://www.propertytaxpartners.co.uk/blog/property-types-and-specialist-tax/vat-toms-long-term-stays-hotel-aparthotel-28-day-rule-mechanics,CRAWLED_NOT_INDEXED,Crawled - currently not indexed,NEUTRAL,2026-10-09T15:39:01Z,MOBILE,SUCCESSFUL,https://www.propertytaxpartners.co.uk/blog/property-types-and-specialist-tax/vat-toms-long-term-stays-hotel-aparthotel-28-day-rule-mechanics,https://www.propertytaxpartners.co.uk/blog/property-types-and-specialist-tax/vat-toms-long-term-stays-hotel-aparthotel-28-day-rule-mechanics,https://www.propertytaxpartners.co.uk/sitemap.xml,2,https://www.propertytaxpartners.co.uk/feed.xml;https://www.propertytaxpartners.co.uk/sitemap.xml,property-types-and-specialist-tax,no,2026-10,yes,2026-05-23,2026-07-26,2026-05-23,2026-05-23 | Wave 5 A8: VAT long-stay hotel/aparthotel 28-day rule,2026-05-26,4,0,,,2671,2671,no,0,0,yes,b226ff381,6475,302,21,yes,1,3,6,false,1242,8,2026-05-27,2026-10-08,0
/blog/property-types-and-specialist-tax/welsh-ltt-derelict-uninhabitable-property-refund-relief-claim-mechanics,https://www.propertytaxpartners.co.uk/blog/property-types-and-specialist-tax/welsh-ltt-derelict-uninhabitable-property-refund-relief-claim-mechanics,CRAWLED_NOT_INDEXED,Crawled - currently not indexed,NEUTRAL,2026-05-27T08:27:34Z,MOBILE,SUCCESSFUL,https://www.propertytaxpartners.co.uk/blog/property-types-and-specialist-tax/welsh-ltt-derelict-uninhabitable-property-refund-relief-claim-mechanics,https://www.propertytaxpartners.co.uk/blog/property-types-and-specialist-tax/welsh-ltt-derelict-uninhabitable-property-refund-relief-claim-mechanics,https://www.propertytaxpartners.co.uk/sitemap.xml,1,https://www.propertytaxpartners.co.uk/sitemap.xml,property-types-and-specialist-tax,no,2026-05,yes,2026-05-23,2026-07-26,2026-05-23,2026-05-23 | Wave 5 B5: Welsh LTT refund pathway for derelict proper,2026-05-26,6,1,2026-06-06,2026-06-07,2839,2930,yes,29,1,no,8d753d262,7215,0,0,no,2,3,,false,148,0,2026-05-27,2026-08-25,0
/blog/property-types-and-specialist-tax/writing-down-allowance-rates,https://www.propertytaxpartners.co.uk/blog/property-types-and-specialist-tax/writing-down-allowance-rates,CRAWLED_NOT_INDEXED,Crawled - currently not indexed,NEUTRAL,2026-07-16T19:21:12Z,MOBILE,SUCCESSFUL,https://www.propertytaxpartners.co.uk/blog/property-types-and-specialist-tax/writing-down-allowance-rates,https://www.propertytaxpartners.co.uk/blog/property-types-and-specialist-tax/writing-down-allowance-rates,https://www.propertytaxpartners.co.uk/sitemap.xml,1,https://www.propertytaxpartners.co.uk/sitemap.xml,property-types-and-specialist-tax,no,2026-07,yes,'2026-05-20',2026-05-30,2026-05-20,2026-05-20 | chore: pre-refactor baseline snapshot of working-tree s,2026-05-20,4,1,2026-05-30,2026-05-30,3166,3166,no,0,0,yes,26ee0342a,6377,404,15,yes,13,2,3,false,411,1,2026-05-21,2026-09-25,0
/blog/section-24-and-tax-relief,https://www.propertytaxpartners.co.uk/blog/section-24-and-tax-relief,INDEXED,Submitted and indexed,PASS,2026-10-02T09:58:02Z,MOBILE,SUCCESSFUL,https://www.propertytaxpartners.co.uk/blog/section-24-and-tax-relief,https://www.propertytaxpartners.co.uk/blog/section-24-and-tax-relief,https://www.propertytaxpartners.co.uk/sitemap.xml,1,https://www.propertytaxpartners.co.uk/sitemap.xml,blog-cat,no,2026-10,no,,,,,,,,,,4795,,,,,,,4795,0,0,no,2,2,3,false,55,0,2026-05-17,2026-08-07,0
/blog/section-24-and-tax-relief/2027-property-tax-rates-section-24-relief-uk-landlords,https://www.propertytaxpartners.co.uk/blog/section-24-and-tax-relief/2027-property-tax-rates-section-24-relief-uk-landlords,CRAWLED_NOT_INDEXED,Crawled - currently not indexed,NEUTRAL,2026-05-29T17:01:16Z,MOBILE,SUCCESSFUL,https://www.propertytaxpartners.co.uk/blog/section-24-and-tax-relief/2027-property-tax-rates-section-24-relief-uk-landlords,https://www.propertytaxpartners.co.uk/blog/section-24-and-tax-relief/2027-property-tax-rates-section-24-relief-uk-landlords,,1,https://www.propertytaxpartners.co.uk/blog/section-24-and-tax-relief/section-24-higher-rate-threshold-landlords,section-24-and-tax-relief,no,2026-05,yes,2026-04-10,2026-07-26,2026-04-10,"2026-04-10 | Property site: add 148 blog posts, 2 new category hubs,",2026-04-10,10,3,2026-05-29,2026-05-29,2770,2505,yes,39,1,no,dfb3d277d,6657,0,0,no,22,2,2,false,0,0,,,0
/blog/section-24-and-tax-relief/aia-capital-allowance-property-landlords,https://www.propertytaxpartners.co.uk/blog/section-24-and-tax-relief/aia-capital-allowance-property-landlords,CRAWLED_NOT_INDEXED,Crawled - currently not indexed,NEUTRAL,2026-07-16T22:09:35Z,MOBILE,SUCCESSFUL,https://www.propertytaxpartners.co.uk/blog/section-24-and-tax-relief/aia-capital-allowance-property-landlords,https://www.propertytaxpartners.co.uk/blog/section-24-and-tax-relief/aia-capital-allowance-property-landlords,https://www.propertytaxpartners.co.uk/sitemap.xml,1,https://www.propertytaxpartners.co.uk/sitemap.xml,section-24-and-tax-relief,no,2026-07,yes,'2026-05-20',2026-06-23,2026-05-20,2026-05-20 | chore: pre-refactor baseline snapshot of working-tree s,2026-05-20,6,3,2026-06-02,2026-06-02,3048,3048,no,0,0,yes,cdf893f2b,6622,0,0,no,0,3,,true,328,1,2026-05-22,2026-09-25,0
/blog/section-24-and-tax-relief/annual-investment-allowance-2024-25,https://www.propertytaxpartners.co.uk/blog/section-24-and-tax-relief/annual-investment-allowance-2024-25,CRAWLED_NOT_INDEXED,Crawled - currently not indexed,NEUTRAL,2026-09-24T18:03:44Z,MOBILE,SUCCESSFUL,https://www.propertytaxpartners.co.uk/blog/section-24-and-tax-relief/annual-investment-allowance-2024-25,https://www.propertytaxpartners.co.uk/blog/section-24-and-tax-relief/annual-investment-allowance-2024-25,https://www.propertytaxpartners.co.uk/sitemap.xml,1,https://www.propertytaxpartners.co.uk/sitemap.xml,section-24-and-tax-relief,no,2026-09,yes,'2026-05-20',2026-06-23,2026-05-20,2026-05-20 | chore: pre-refactor baseline snapshot of working-tree s,2026-05-20,7,3,2026-06-06,2026-06-07,3406,3406,no,0,0,yes,cdf893f2b,7079,0,0,no,1,3,,false,210,2,2026-05-21,2026-09-25,0
/blog/section-24-and-tax-relief/annual-investment-allowance-landlords-uk,https://www.propertytaxpartners.co.uk/blog/section-24-and-tax-relief/annual-investment-allowance-landlords-uk,CRAWLED_NOT_INDEXED,Crawled - currently not indexed,NEUTRAL,2026-05-20T14:01:29Z,MOBILE,SUCCESSFUL,,,https://www.propertytaxpartners.co.uk/sitemap.xml,1,https://www.propertytaxpartners.co.uk/sitemap.xml,section-24-and-tax-relief,no,2026-05,yes,'2026-05-20',2026-07-26,2026-05-20,2026-05-20 | chore: pre-refactor baseline snapshot of working-tree s,2026-05-20,5,2,2026-06-06,2026-06-07,3235,1674,yes,147,2,no,5da8276aa,6920,0,0,no,9,3,4,false,52,1,2026-05-21,2026-09-26,0
/blog/section-24-and-tax-relief/annual-investment-allowance-uk,https://www.propertytaxpartners.co.uk/blog/section-24-and-tax-relief/annual-investment-allowance-uk,CRAWLED_NOT_INDEXED,Crawled - currently not indexed,NEUTRAL,2026-05-20T17:08:16Z,MOBILE,SUCCESSFUL,,,https://www.propertytaxpartners.co.uk/sitemap.xml,1,https://www.propertytaxpartners.co.uk/sitemap.xml,section-24-and-tax-relief,no,2026-05,yes,'2026-05-20',2026-10-09,2026-05-20,2026-05-20 | chore: pre-refactor baseline snapshot of working-tree s,2026-05-20,6,1,2026-05-30,2026-05-30,3456,1498,yes,131,1,no,5da8276aa,6870,25,0,no,14,2,3,false,184,3,2026-05-21,2026-09-27,0
/blog/section-24-and-tax-relief/buy-to-let-refinancing-when-does-it-make-sense,https://www.propertytaxpartners.co.uk/blog/section-24-and-tax-relief/buy-to-let-refinancing-when-does-it-make-sense,CRAWLED_NOT_INDEXED,Crawled - currently not indexed,NEUTRAL,2026-05-29T07:09:06Z,MOBILE,SUCCESSFUL,,,https://www.propertytaxpartners.co.uk/sitemap.xml,1,https://www.propertytaxpartners.co.uk/sitemap.xml,section-24-and-tax-relief,no,2026-05,yes,2026-03-31,2026-06-23,2026-04-01,2026-04-01 | Add Phase 1 and Phase 2 content generation: 67 new blog,2026-03-31,9,2,2026-06-02,2026-06-02,2504,768,yes,87,1,no,7a43cf152,5201,0,0,no,6,3,6,false,64,4,2026-06-01,2026-10-04,0
/blog/section-24-and-tax-relief/can-section-24-push-higher-rate-tax,https://www.propertytaxpartners.co.uk/blog/section-24-and-tax-relief/can-section-24-push-higher-rate-tax,CRAWLED_NOT_INDEXED,Crawled - currently not indexed,NEUTRAL,2026-05-30T10:55:09Z,MOBILE,SUCCESSFUL,,,https://www.propertytaxpartners.co.uk/sitemap.xml,1,https://www.propertytaxpartners.co.uk/blog/section-24-and-tax-relief/section-24-higher-rate-threshold-landlords,section-24-and-tax-relief,no,2026-05,yes,2026-04-10,2026-06-23,2026-04-10,"2026-04-10 | Property site: add 148 blog posts, 2 new category hubs,",2026-04-10,5,2,2026-06-01,2026-06-02,1832,1180,yes,132,1,no,80d51206c,4400,0,0,no,12,2,2,false,0,0,,,0
/blog/section-24-and-tax-relief/claim-mortgage-interest-rental-property-uk-section-24,https://www.propertytaxpartners.co.uk/blog/section-24-and-tax-relief/claim-mortgage-interest-rental-property-uk-section-24,INDEXED,Submitted and indexed,PASS,2026-10-04T16:54:26Z,MOBILE,SUCCESSFUL,https://www.propertytaxpartners.co.uk/blog/section-24-and-tax-relief/claim-mortgage-interest-rental-property-uk-section-24,https://www.propertytaxpartners.co.uk/blog/section-24-and-tax-relief/claim-mortgage-interest-rental-property-uk-section-24,https://www.propertytaxpartners.co.uk/sitemap.xml,1,https://www.propertytaxpartners.co.uk/blog/section-24-and-tax-relief/section-24-higher-rate-threshold-landlords,section-24-and-tax-relief,no,2026-10,yes,2026-05-21,2026-07-26,2026-04-10,"2026-04-10 | Property site: add 148 blog posts, 2 new category hubs,",2026-04-10,6,2,2026-05-21,2026-05-23,1888,1888,no,0,0,yes,b226ff381,5202,1914,348,yes,47,2,3,false,387,2,2026-05-18,2026-10-08,2
/blog/section-24-and-tax-relief/finance-costs-section-24-complete-guide,https://www.propertytaxpartners.co.uk/blog/section-24-and-tax-relief/finance-costs-section-24-complete-guide,CRAWLED_NOT_INDEXED,Crawled - currently not indexed,NEUTRAL,2026-05-29T06:43:54Z,MOBILE,SUCCESSFUL,,,,1,https://www.propertytaxpartners.co.uk/blog/section-24-and-tax-relief/can-section-24-push-higher-rate-tax,section-24-and-tax-relief,no,2026-05,yes,2026-04-10,2026-10-09,2026-04-10,"2026-04-10 | Property site: add 148 blog posts, 2 new category hubs,",2026-04-10,7,2,2026-05-31,2026-05-31,2148,1135,yes,181,1,no,80d51206c,5087,1714,117,yes,20,2,3,false,7,0,2026-06-02,2026-09-27,2
/blog/section-24-and-tax-relief/furnished-holiday-let-tax-rules-exemptions,https://www.propertytaxpartners.co.uk/blog/section-24-and-tax-relief/furnished-holiday-let-tax-rules-exemptions,INDEXED,Submitted and indexed,PASS,2026-10-05T15:12:56Z,MOBILE,SUCCESSFUL,https://www.propertytaxpartners.co.uk/blog/section-24-and-tax-relief/furnished-holiday-let-tax-rules-exemptions,https://www.propertytaxpartners.co.uk/blog/section-24-and-tax-relief/furnished-holiday-let-tax-rules-exemptions,https://www.propertytaxpartners.co.uk/sitemap.xml,1,https://www.propertytaxpartners.co.uk/sitemap.xml,section-24-and-tax-relief,no,2026-10,yes,'2026-05-21',2026-08-18,2026-04-01,2026-04-01 | content: add 52 Property blog posts (Phase 2 complete),2026-04-01,16,3,2026-08-18,2026-08-18,2152,2152,no,0,0,yes,b226ff381,5516,410,16,yes,9,2,5,false,2422,8,2026-04-02,2026-10-08,0
/blog/section-24-and-tax-relief/how-to-calculate-section-24-tax-credit-step-by-step,https://www.propertytaxpartners.co.uk/blog/section-24-and-tax-relief/how-to-calculate-section-24-tax-credit-step-by-step,INDEXED,Submitted and indexed,PASS,2026-07-11T09:28:57Z,MOBILE,SUCCESSFUL,https://www.propertytaxpartners.co.uk/blog/section-24-and-tax-relief/how-to-calculate-section-24-tax-credit-step-by-step,https://www.propertytaxpartners.co.uk/blog/section-24-and-tax-relief/how-to-calculate-section-24-tax-credit-step-by-step,https://www.propertytaxpartners.co.uk/sitemap.xml,0,,section-24-and-tax-relief,no,2026-07,yes,2026-04-10,2026-10-09,2026-04-10,"2026-04-10 | Property site: add 148 blog posts, 2 new category hubs,",2026-04-10,8,2,2026-05-31,2026-05-31,1930,1930,no,1,0,yes,cdf893f2b,5614,0,0,no,21,2,2,false,62,0,2026-05-16,2026-10-06,0
/blog/section-24-and-tax-relief/landlord-insurance-tax-deductible,https://www.propertytaxpartners.co.uk/blog/section-24-and-tax-relief/landlord-insurance-tax-deductible,INDEXED,Submitted and indexed,PASS,2026-09-22T14:08:46Z,MOBILE,SUCCESSFUL,https://www.propertytaxpartners.co.uk/blog/section-24-and-tax-relief/landlord-insurance-tax-deductible,https://www.propertytaxpartners.co.uk/blog/section-24-and-tax-relief/landlord-insurance-tax-deductible,,1,https://www.propertytaxpartners.co.uk/sitemap.xml,section-24-and-tax-relief,no,2026-09,yes,'2026-05-21',2026-06-23,2026-03-29,2026-03-29 | Generate 27 new Property blog posts,2026-03-29,15,4,2026-05-31,2026-05-31,2959,2959,no,0,0,yes,cdf893f2b,6494,29,2,no,3,3,4,false,2989,28,2026-05-10,2026-10-08,0
/blog/section-24-and-tax-relief/landlord-tax-deductions-uk-2026-complete-list,https://www.propertytaxpartners.co.uk/blog/section-24-and-tax-relief/landlord-tax-deductions-uk-2026-complete-list,INDEXED,Submitted and indexed,PASS,2026-10-07T07:30:34Z,MOBILE,SUCCESSFUL,https://www.propertytaxpartners.co.uk/blog/section-24-and-tax-relief/landlord-tax-deductions-uk-2026-complete-list,https://www.propertytaxpartners.co.uk/blog/section-24-and-tax-relief/landlord-tax-deductions-uk-2026-complete-list,https://www.propertytaxpartners.co.uk/sitemap.xml,1,https://www.propertytaxpartners.co.uk/sitemap.xml,section-24-and-tax-relief,no,2026-10,yes,2026-03-31,2026-10-09,2026-03-29,2026-03-29 | Generate 27 new Property blog posts,2026-03-29,22,5,2026-08-21,2026-08-21,4898,4895,no,1,0,yes,0c57b7bd9,8085,1240,190,yes,64,2,3,false,6094,77,2026-04-02,2026-10-08,3
/blog/section-24-and-tax-relief/mortgage-arrangement-fees-deductible-landlord,https://www.propertytaxpartners.co.uk/blog/section-24-and-tax-relief/mortgage-arrangement-fees-deductible-landlord,INDEXED,Submitted and indexed,PASS,2026-10-02T19:48:44Z,MOBILE,SUCCESSFUL,https://www.propertytaxpartners.co.uk/blog/section-24-and-tax-relief/mortgage-arrangement-fees-deductible-landlord,https://www.propertytaxpartners.co.uk/blog/section-24-and-tax-relief/mortgage-arrangement-fees-deductible-landlord,https://www.propertytaxpartners.co.uk/sitemap.xml,1,https://www.propertytaxpartners.co.uk/sitemap.xml,section-24-and-tax-relief,no,2026-10,yes,2026-04-10,2026-08-21,2026-04-10,"2026-04-10 | Property site: add 148 blog posts, 2 new category hubs,",2026-04-10,6,2,2026-06-01,2026-06-02,2105,2105,no,0,0,yes,b226ff381,5030,388,95,yes,5,3,4,false,8804,330,2026-05-17,2026-10-08,1
/blog/section-24-and-tax-relief/mortgage-interest-deductible-landlords-uk-2026,https://www.propertytaxpartners.co.uk/blog/section-24-and-tax-relief/mortgage-interest-deductible-landlords-uk-2026,CRAWLED_NOT_INDEXED,Crawled - currently not indexed,NEUTRAL,2026-05-29T20:01:07Z,MOBILE,SUCCESSFUL,https://www.propertytaxpartners.co.uk/blog/section-24-and-tax-relief/mortgage-interest-deductible-landlords-uk-2026,https://www.propertytaxpartners.co.uk/blog/section-24-and-tax-relief/mortgage-interest-deductible-landlords-uk-2026,https://www.propertytaxpartners.co.uk/sitemap.xml,0,,section-24-and-tax-relief,no,2026-05,yes,2026-04-10,2026-10-09,2026-04-10,"2026-04-10 | Property site: add 148 blog posts, 2 new category hubs,",2026-04-10,9,2,2026-06-02,2026-06-02,2414,1009,yes,157,1,no,4ca1f97e2,4979,731,105,yes,5,3,6,false,221,0,2026-05-30,2026-09-28,0
/blog/section-24-and-tax-relief/rent-a-room-relief-uk-landlords-lodgers-guide,https://www.propertytaxpartners.co.uk/blog/section-24-and-tax-relief/rent-a-room-relief-uk-landlords-lodgers-guide,CRAWLED_NOT_INDEXED,Crawled - currently not indexed,NEUTRAL,2026-07-13T11:25:16Z,MOBILE,SUCCESSFUL,https://www.propertytaxpartners.co.uk/blog/section-24-and-tax-relief/rent-a-room-relief-uk-landlords-lodgers-guide,https://www.propertytaxpartners.co.uk/blog/section-24-and-tax-relief/rent-a-room-relief-uk-landlords-lodgers-guide,,0,,section-24-and-tax-relief,no,2026-07,yes,2026-05-21,2026-08-18,2026-04-10,"2026-04-10 | Property site: add 148 blog posts, 2 new category hubs,",2026-04-10,7,3,2026-08-18,2026-08-18,3357,2813,yes,23,1,no,e4cecef7d,6745,730,34,yes,2,2,5,false,647,0,2026-05-15,2026-09-15,0
/blog/section-24-and-tax-relief/rental-income-tax-calculator,https://www.propertytaxpartners.co.uk/blog/section-24-and-tax-relief/rental-income-tax-calculator,INDEXED,Submitted and indexed,PASS,2026-10-07T20:14:08Z,MOBILE,SUCCESSFUL,https://www.propertytaxpartners.co.uk/blog/section-24-and-tax-relief/rental-income-tax-calculator,https://www.propertytaxpartners.co.uk/blog/section-24-and-tax-relief/rental-income-tax-calculator,https://www.propertytaxpartners.co.uk/sitemap.xml,1,https://www.propertytaxpartners.co.uk/sitemap.xml,section-24-and-tax-relief,no,2026-10,yes,2026-04-01,2026-08-21,2026-04-01,2026-04-01 | content: add 52 Property blog posts (Phase 2 complete),2026-04-01,14,3,2026-06-01,2026-06-02,1872,1872,no,0,0,yes,b226ff381,4721,0,0,no,3,3,3,false,7,0,2026-07-08,2026-09-03,0
/blog/section-24-and-tax-relief/rental-income-tax-uk-complete-guide-landlords,https://www.propertytaxpartners.co.uk/blog/section-24-and-tax-relief/rental-income-tax-uk-complete-guide-landlords,CRAWLED_NOT_INDEXED,Crawled - currently not indexed,NEUTRAL,2026-05-29T13:27:47Z,MOBILE,SUCCESSFUL,,,https://www.propertytaxpartners.co.uk/sitemap.xml,1,https://www.propertytaxpartners.co.uk/sitemap.xml,section-24-and-tax-relief,no,2026-05,yes,2026-03-29,2026-10-09,2026-03-29,2026-03-29 | Generate 27 new Property blog posts,2026-03-29,17,5,2026-08-21,2026-08-21,3283,768,yes,196,4,no,e4cecef7d,7290,738,19,yes,3,3,5,false,20,0,2026-06-07,2026-08-30,0
/blog/section-24-and-tax-relief/replacement-domestic-items-relief-uk-landlords-guide,https://www.propertytaxpartners.co.uk/blog/section-24-and-tax-relief/replacement-domestic-items-relief-uk-landlords-guide,INDEXED,Submitted and indexed,PASS,2026-09-19T08:26:46Z,MOBILE,SUCCESSFUL,https://www.propertytaxpartners.co.uk/blog/section-24-and-tax-relief/replacement-domestic-items-relief-uk-landlords-guide,https://www.propertytaxpartners.co.uk/blog/section-24-and-tax-relief/replacement-domestic-items-relief-uk-landlords-guide,https://www.propertytaxpartners.co.uk/sitemap.xml,2,https://www.propertytaxpartners.co.uk/blog/section-24-and-tax-relief/landlord-tax-deductions-uk-2026-complete-list;https://www.propertytaxpartners.co.uk/sitemap.xml,section-24-and-tax-relief,no,2026-09,yes,2026-04-10,2026-10-09,2026-04-10,"2026-04-10 | Property site: add 148 blog posts, 2 new category hubs,",2026-04-10,9,3,2026-06-02,2026-06-02,3064,3064,no,1,0,yes,cdf893f2b,6568,804,32,yes,10,2,3,false,2593,27,2026-07-08,2026-10-08,0
/blog/section-24-and-tax-relief/section-24-2027-tax-year-planning-landlords,https://www.propertytaxpartners.co.uk/blog/section-24-and-tax-relief/section-24-2027-tax-year-planning-landlords,INDEXED,Submitted and indexed,PASS,2026-07-11T09:21:19Z,MOBILE,SUCCESSFUL,https://www.propertytaxpartners.co.uk/blog/section-24-and-tax-relief/section-24-2027-tax-year-planning-landlords,https://www.propertytaxpartners.co.uk/blog/section-24-and-tax-relief/section-24-2027-tax-year-planning-landlords,https://www.propertytaxpartners.co.uk/sitemap.xml,0,,section-24-and-tax-relief,no,2026-07,yes,2026-04-10,2026-06-23,2026-04-10,"2026-04-10 | Property site: add 148 blog posts, 2 new category hubs,",2026-04-10,8,3,2026-06-02,2026-06-02,2566,2566,no,0,0,yes,cdf893f2b,6057,0,0,no,7,2,3,false,79,0,2026-05-16,2026-10-01,0
/blog/section-24-and-tax-relief/section-24-2027-tax-year-planning-uk-landlords,https://www.propertytaxpartners.co.uk/blog/section-24-and-tax-relief/section-24-2027-tax-year-planning-uk-landlords,INDEXED,Submitted and indexed,PASS,2026-07-13T15:55:13Z,MOBILE,SUCCESSFUL,https://www.propertytaxpartners.co.uk/blog/section-24-and-tax-relief/section-24-2027-tax-year-planning-uk-landlords,https://www.propertytaxpartners.co.uk/blog/section-24-and-tax-relief/section-24-2027-tax-year-planning-uk-landlords,,1,https://www.propertytaxpartners.co.uk/feed.xml,section-24-and-tax-relief,no,2026-07,yes,2026-04-10,2026-06-23,2026-04-10,"2026-04-10 | Property site: add 148 blog posts, 2 new category hubs,",2026-04-10,9,2,2026-06-02,2026-06-02,1813,1813,no,0,0,yes,cdf893f2b,4425,0,0,no,2,3,5,false,72,2,2026-05-16,2026-10-06,0
/blog/section-24-and-tax-relief/section-24-basic-rate-taxpayers,https://www.propertytaxpartners.co.uk/blog/section-24-and-tax-relief/section-24-basic-rate-taxpayers,CRAWLED_NOT_INDEXED,Crawled - currently not indexed,NEUTRAL,2026-07-19T08:57:31Z,MOBILE,SUCCESSFUL,https://www.propertytaxpartners.co.uk/blog/section-24-and-tax-relief/section-24-basic-rate-taxpayers,https://www.propertytaxpartners.co.uk/blog/section-24-and-tax-relief/section-24-basic-rate-taxpayers,https://www.propertytaxpartners.co.uk/sitemap.xml,1,https://www.propertytaxpartners.co.uk/sitemap.xml,section-24-and-tax-relief,no,2026-07,yes,2026-03-29,2026-06-23,2026-03-29,2026-03-29 | Launch Property Tax Partners with 17 blog articles and ,2026-03-29,11,2,2026-05-31,2026-05-31,2680,2680,no,0,0,yes,cdf893f2b,5750,0,0,no,4,2,3,false,38,0,2026-05-04,2026-09-21,0
/blog/section-24-and-tax-relief/section-24-calculator,https://www.propertytaxpartners.co.uk/blog/section-24-and-tax-relief/section-24-calculator,DISCOVERED_NOT_INDEXED,Discovered – currently not indexed,NEUTRAL,,CRAWLING_USER_AGENT_UNSPECIFIED,PAGE_FETCH_STATE_UNSPECIFIED,,,https://www.propertytaxpartners.co.uk/sitemap.xml,1,https://www.propertytaxpartners.co.uk/sitemap.xml,section-24-and-tax-relief,no,,yes,2026-04-01,2026-06-23,2026-04-01,2026-04-01 | content: add 52 Property blog posts (Phase 2 complete),2026-04-01,13,4,2026-06-01,2026-06-02,2172,,,,,,,6269,0,0,no,12,2,2,false,17,0,2026-05-29,2026-08-26,0
/blog/section-24-and-tax-relief/section-24-case-study-100k-rental-income-portfolio,https://www.propertytaxpartners.co.uk/blog/section-24-and-tax-relief/section-24-case-study-100k-rental-income-portfolio,INDEXED,Submitted and indexed,PASS,2026-10-04T16:21:41Z,MOBILE,SUCCESSFUL,https://www.propertytaxpartners.co.uk/blog/section-24-and-tax-relief/section-24-case-study-100k-rental-income-portfolio,https://www.propertytaxpartners.co.uk/blog/section-24-and-tax-relief/section-24-case-study-100k-rental-income-portfolio,https://www.propertytaxpartners.co.uk/sitemap.xml,1,https://www.propertytaxpartners.co.uk/sitemap.xml,section-24-and-tax-relief,no,2026-10,yes,2026-03-29,2026-06-23,2026-03-29,2026-03-29 | Launch Property Tax Partners with 17 blog articles and ,2026-03-29,11,2,2026-06-02,2026-06-02,1943,1943,no,0,0,yes,b226ff381,4685,0,0,no,4,3,3,false,2,0,2026-06-15,2026-06-15,0
/blog/section-24-and-tax-relief/section-24-child-benefit-high-income-charge-landlords,https://www.propertytaxpartners.co.uk/blog/section-24-and-tax-relief/section-24-child-benefit-high-income-charge-landlords,INDEXED,Submitted and indexed,PASS,2026-10-03T14:41:53Z,MOBILE,SUCCESSFUL,https://www.propertytaxpartners.co.uk/blog/section-24-and-tax-relief/section-24-child-benefit-high-income-charge-landlords,https://www.propertytaxpartners.co.uk/blog/section-24-and-tax-relief/section-24-child-benefit-high-income-charge-landlords,,0,,section-24-and-tax-relief,no,2026-10,yes,2026-04-10,2026-10-09,2026-04-10,"2026-04-10 | Property site: add 148 blog posts, 2 new category hubs,",2026-04-10,9,2,2026-05-31,2026-05-31,1925,1922,no,1,0,yes,b226ff381,4280,0,0,no,2,2,3,false,257,7,2026-05-18,2026-10-08,0
/blog/section-24-and-tax-relief/section-24-employment-income-paye-landlords,https://www.propertytaxpartners.co.uk/blog/section-24-and-tax-relief/section-24-employment-income-paye-landlords,CRAWLED_NOT_INDEXED,Crawled - currently not indexed,NEUTRAL,2026-07-05T19:16:19Z,MOBILE,SUCCESSFUL,https://www.propertytaxpartners.co.uk/blog/section-24-and-tax-relief/section-24-employment-income-paye-landlords,https://www.propertytaxpartners.co.uk/blog/section-24-and-tax-relief/section-24-employment-income-paye-landlords,https://www.propertytaxpartners.co.uk/sitemap.xml,0,,section-24-and-tax-relief,no,2026-07,yes,2026-04-10,2026-06-23,2026-04-10,"2026-04-10 | Property site: add 148 blog posts, 2 new category hubs,",2026-04-10,9,2,2026-05-31,2026-05-31,2339,2339,no,0,0,yes,cdf893f2b,6173,0,0,no,1,3,7,false,2,0,2026-05-24,2026-05-29,0
/blog/section-24-and-tax-relief/section-24-higher-rate-taxpayers-2026,https://www.propertytaxpartners.co.uk/blog/section-24-and-tax-relief/section-24-higher-rate-taxpayers-2026,INDEXED,Submitted and indexed,PASS,2026-10-06T11:24:03Z,MOBILE,SUCCESSFUL,https://www.propertytaxpartners.co.uk/blog/section-24-and-tax-relief/section-24-higher-rate-taxpayers-2026,https://www.propertytaxpartners.co.uk/blog/section-24-and-tax-relief/section-24-higher-rate-taxpayers-2026,https://www.propertytaxpartners.co.uk/sitemap.xml,2,https://www.propertytaxpartners.co.uk/feed.xml;https://www.propertytaxpartners.co.uk/sitemap.xml,section-24-and-tax-relief,no,2026-10,yes,2026-03-29,2026-06-23,2026-03-29,2026-03-29 | Generate 27 new Property blog posts,2026-03-29,13,3,2026-05-31,2026-05-31,2216,2216,no,0,0,yes,b226ff381,5083,0,0,no,6,3,4,false,26,0,2026-05-21,2026-10-08,0
/blog/section-24-and-tax-relief/section-24-higher-rate-taxpayers-changes-2027,https://www.propertytaxpartners.co.uk/blog/section-24-and-tax-relief/section-24-higher-rate-taxpayers-changes-2027,CRAWLED_NOT_INDEXED,Crawled - currently not indexed,NEUTRAL,2026-08-26T23:23:23Z,MOBILE,SUCCESSFUL,https://www.propertytaxpartners.co.uk/blog/section-24-and-tax-relief/section-24-higher-rate-taxpayers-changes-2027,https://www.propertytaxpartners.co.uk/blog/section-24-and-tax-relief/section-24-higher-rate-taxpayers-changes-2027,https://www.propertytaxpartners.co.uk/sitemap.xml,1,https://www.propertytaxpartners.co.uk/sitemap.xml,section-24-and-tax-relief,no,2026-08,yes,2026-04-10,2026-06-23,2026-04-10,"2026-04-10 | Property site: add 148 blog posts, 2 new category hubs,",2026-04-10,8,3,2026-06-02,2026-06-02,2561,2561,no,0,0,yes,cdf893f2b,5721,0,0,no,3,3,5,false,18,1,2026-05-29,2026-08-18,0
/blog/section-24-and-tax-relief/section-24-higher-rate-threshold-landlords,https://www.propertytaxpartners.co.uk/blog/section-24-and-tax-relief/section-24-higher-rate-threshold-landlords,INDEXED,Submitted and indexed,PASS,2026-10-02T10:34:43Z,MOBILE,SUCCESSFUL,https://www.propertytaxpartners.co.uk/blog/section-24-and-tax-relief/section-24-higher-rate-threshold-landlords,https://www.propertytaxpartners.co.uk/blog/section-24-and-tax-relief/section-24-higher-rate-threshold-landlords,https://www.propertytaxpartners.co.uk/sitemap.xml,1,https://www.propertytaxpartners.co.uk/sitemap.xml,section-24-and-tax-relief,no,2026-10,yes,2026-04-10,2026-06-23,2026-04-10,"2026-04-10 | Property site: add 148 blog posts, 2 new category hubs,",2026-04-10,8,2,2026-06-02,2026-06-02,2254,2254,no,0,0,yes,b226ff381,5389,0,0,no,2,3,5,false,0,0,,,0
/blog/section-24-and-tax-relief/section-24-interest-only-mortgage-tax-planning,https://www.propertytaxpartners.co.uk/blog/section-24-and-tax-relief/section-24-interest-only-mortgage-tax-planning,CRAWLED_NOT_INDEXED,Crawled - currently not indexed,NEUTRAL,2026-05-28T16:40:46Z,MOBILE,SUCCESSFUL,https://www.propertytaxpartners.co.uk/blog/section-24-and-tax-relief/section-24-interest-only-mortgage-tax-planning,https://www.propertytaxpartners.co.uk/blog/section-24-and-tax-relief/section-24-interest-only-mortgage-tax-planning,,0,,section-24-and-tax-relief,no,2026-05,yes,2026-04-10,2026-10-09,2026-04-10,"2026-04-10 | Property site: add 148 blog posts, 2 new category hubs,",2026-04-10,8,3,2026-08-21,2026-08-21,2212,967,yes,284,2,no,80d51206c,5573,0,0,no,5,2,3,false,15,0,2026-05-30,2026-09-20,0
/blog/section-24-and-tax-relief/section-24-joint-property-ownership-tax-split,https://www.propertytaxpartners.co.uk/blog/section-24-and-tax-relief/section-24-joint-property-ownership-tax-split,CRAWLED_NOT_INDEXED,Crawled - currently not indexed,NEUTRAL,2026-05-15T18:58:41Z,MOBILE,SUCCESSFUL,,,https://www.propertytaxpartners.co.uk/sitemap.xml,1,https://www.propertytaxpartners.co.uk/sitemap.xml,section-24-and-tax-relief,no,2026-05,yes,2026-04-10,2026-08-21,2026-04-10,"2026-04-10 | Property site: add 148 blog posts, 2 new category hubs,",2026-04-10,9,4,2026-08-21,2026-08-21,2765,1238,yes,110,3,no,18a41cb40,5846,0,0,no,8,2,3,false,14,0,2026-05-16,2026-08-01,0
/blog/section-24-and-tax-relief/section-24-mortgage-interest-restriction-uk-landlords,https://www.propertytaxpartners.co.uk/blog/section-24-and-tax-relief/section-24-mortgage-interest-restriction-uk-landlords,CRAWLED_NOT_INDEXED,Crawled - currently not indexed,NEUTRAL,2026-05-29T00:02:52Z,MOBILE,SUCCESSFUL,https://www.propertytaxpartners.co.uk/blog/section-24-and-tax-relief/section-24-mortgage-interest-restriction-uk-landlords,https://www.propertytaxpartners.co.uk/blog/section-24-and-tax-relief/section-24-mortgage-interest-restriction-uk-landlords,https://www.propertytaxpartners.co.uk/sitemap.xml,1,https://www.propertytaxpartners.co.uk/sitemap.xml,section-24-and-tax-relief,no,2026-05,yes,2026-03-29,2026-06-23,2026-03-29,2026-03-29 | Generate 27 new Property blog posts,2026-03-29,13,4,2026-06-02,2026-06-02,2653,1475,yes,107,1,no,195e895eb,5278,326,4,no,42,3,3,false,2,0,2026-06-30,2026-08-30,0
/blog/section-24-and-tax-relief/section-24-multiple-properties-cumulative-impact,https://www.propertytaxpartners.co.uk/blog/section-24-and-tax-relief/section-24-multiple-properties-cumulative-impact,CRAWLED_NOT_INDEXED,Crawled - currently not indexed,NEUTRAL,2026-05-15T18:57:13Z,MOBILE,SUCCESSFUL,https://www.propertytaxpartners.co.uk/blog/section-24-and-tax-relief/section-24-multiple-properties-cumulative-impact,https://www.propertytaxpartners.co.uk/blog/section-24-and-tax-relief/section-24-multiple-properties-cumulative-impact,https://www.propertytaxpartners.co.uk/sitemap.xml,0,,section-24-and-tax-relief,no,2026-05,yes,2026-04-10,2026-08-21,2026-04-10,"2026-04-10 | Property site: add 148 blog posts, 2 new category hubs,",2026-04-10,7,3,2026-08-21,2026-08-21,1984,1128,yes,156,2,no,80d51206c,4747,0,0,no,1,3,3,false,8,0,2026-05-18,2026-07-30,0
/blog/section-24-and-tax-relief/section-24-pension-contributions-tax-planning,https://www.propertytaxpartners.co.uk/blog/section-24-and-tax-relief/section-24-pension-contributions-tax-planning,CRAWLED_NOT_INDEXED,Crawled - currently not indexed,NEUTRAL,2026-05-15T18:15:16Z,MOBILE,SUCCESSFUL,,,https://www.propertytaxpartners.co.uk/sitemap.xml,1,https://www.propertytaxpartners.co.uk/sitemap.xml,section-24-and-tax-relief,no,2026-05,yes,2026-04-01,2026-06-23,2026-04-01,2026-04-01 | content: add 52 Property blog posts (Phase 2 complete),2026-04-01,11,2,2026-05-31,2026-05-31,2388,826,yes,82,1,no,80d51206c,6133,0,0,no,11,2,3,false,5,1,2026-05-29,2026-06-08,1
/blog/section-24-and-tax-relief/section-24-personal-allowance-60-percent-tax-rate-landlords,https://www.propertytaxpartners.co.uk/blog/section-24-and-tax-relief/section-24-personal-allowance-60-percent-tax-rate-landlords,INDEXED,Submitted and indexed,PASS,2026-07-13T18:49:18Z,MOBILE,SUCCESSFUL,https://www.propertytaxpartners.co.uk/blog/section-24-and-tax-relief/section-24-personal-allowance-60-percent-tax-rate-landlords,https://www.propertytaxpartners.co.uk/blog/section-24-and-tax-relief/section-24-personal-allowance-60-percent-tax-rate-landlords,https://www.propertytaxpartners.co.uk/sitemap.xml,0,,section-24-and-tax-relief,no,2026-07,yes,2026-04-10,2026-10-09,2026-04-10,"2026-04-10 | Property site: add 148 blog posts, 2 new category hubs,",2026-04-10,7,2,2026-06-02,2026-06-02,2279,2274,no,1,0,yes,cdf893f2b,5602,0,0,no,5,3,5,false,30,1,2026-05-17,2026-10-06,0
/blog/section-24-and-tax-relief/section-24-remortgaging-btl-property-tax-implications,https://www.propertytaxpartners.co.uk/blog/section-24-and-tax-relief/section-24-remortgaging-btl-property-tax-implications,CRAWLED_NOT_INDEXED,Crawled - currently not indexed,NEUTRAL,2026-07-03T11:47:40Z,MOBILE,SUCCESSFUL,https://www.propertytaxpartners.co.uk/blog/section-24-and-tax-relief/section-24-remortgaging-btl-property-tax-implications,https://www.propertytaxpartners.co.uk/blog/section-24-and-tax-relief/section-24-remortgaging-btl-property-tax-implications,https://www.propertytaxpartners.co.uk/sitemap.xml,1,https://www.propertytaxpartners.co.uk/feed.xml,section-24-and-tax-relief,no,2026-07,yes,2026-04-10,2026-06-23,2026-04-10,"2026-04-10 | Property site: add 148 blog posts, 2 new category hubs,",2026-04-10,5,2,2026-06-02,2026-06-02,2263,2263,no,0,0,yes,cdf893f2b,5105,12,2,no,7,2,3,false,23,0,2026-05-17,2026-07-06,0
/blog/section-24-and-tax-relief/section-24-repeal-future-reversed,https://www.propertytaxpartners.co.uk/blog/section-24-and-tax-relief/section-24-repeal-future-reversed,INDEXED,Submitted and indexed,PASS,2026-09-25T00:35:51Z,MOBILE,SUCCESSFUL,https://www.propertytaxpartners.co.uk/blog/section-24-and-tax-relief/section-24-repeal-future-reversed,https://www.propertytaxpartners.co.uk/blog/section-24-and-tax-relief/section-24-repeal-future-reversed,https://www.propertytaxpartners.co.uk/sitemap.xml,1,https://www.propertytaxpartners.co.uk/sitemap.xml,section-24-and-tax-relief,no,2026-09,yes,2026-04-01,2026-10-09,2026-04-01,2026-04-01 | content: add 52 Property blog posts (Phase 2 complete),2026-04-01,14,2,2026-06-02,2026-06-02,1729,1727,no,1,0,yes,cdf893f2b,4758,0,0,no,2,3,4,false,975,43,2026-05-27,2026-10-08,1
/blog/section-24-and-tax-relief/section-24-self-assessment-tax-return,https://www.propertytaxpartners.co.uk/blog/section-24-and-tax-relief/section-24-self-assessment-tax-return,INDEXED,Submitted and indexed,PASS,2026-09-11T16:11:15Z,MOBILE,SUCCESSFUL,https://www.propertytaxpartners.co.uk/blog/section-24-and-tax-relief/section-24-self-assessment-tax-return,https://www.propertytaxpartners.co.uk/blog/section-24-and-tax-relief/section-24-self-assessment-tax-return,,0,,section-24-and-tax-relief,no,2026-09,yes,2026-04-10,2026-10-09,2026-04-10,"2026-04-10 | Property site: add 148 blog posts, 2 new category hubs,",2026-04-10,9,3,2026-08-18,2026-08-18,2403,2400,no,1,0,yes,06195d7de,5283,470,54,yes,1,3,5,false,84,1,2026-06-01,2026-10-08,0
/blog/section-24-and-tax-relief/section-24-tax-credit-20-percent-basic-rate-relief,https://www.propertytaxpartners.co.uk/blog/section-24-and-tax-relief/section-24-tax-credit-20-percent-basic-rate-relief,CRAWLED_NOT_INDEXED,Crawled - currently not indexed,NEUTRAL,2026-05-28T14:50:36Z,MOBILE,SUCCESSFUL,,,https://www.propertytaxpartners.co.uk/sitemap.xml,1,https://www.propertytaxpartners.co.uk/sitemap.xml,section-24-and-tax-relief,no,2026-05,yes,2026-04-10,2026-10-09,2026-04-10,"2026-04-10 | Property site: add 148 blog posts, 2 new category hubs,",2026-04-10,8,2,2026-06-02,2026-06-02,2067,1108,yes,157,1,no,80d51206c,5098,9,0,no,1,3,7,false,59,0,2026-05-31,2026-09-20,0
/blog/section-24-and-tax-relief/section-24-tax-relief-complete-guide,https://www.propertytaxpartners.co.uk/blog/section-24-and-tax-relief/section-24-tax-relief-complete-guide,CRAWLED_NOT_INDEXED,Crawled - currently not indexed,NEUTRAL,2026-05-29T19:14:17Z,MOBILE,SUCCESSFUL,,,https://www.propertytaxpartners.co.uk/sitemap.xml,1,https://www.propertytaxpartners.co.uk/sitemap.xml,section-24-and-tax-relief,no,2026-05,yes,2026-04-01,2026-06-23,2026-04-01,2026-04-01 | content: add 52 Property blog posts (Phase 2 complete),2026-04-01,14,3,2026-06-01,2026-06-02,2233,767,yes,124,1,no,195e895eb,5410,10,0,no,124,1,1,false,5,0,2026-07-14,2026-10-02,0
/blog/section-24-and-tax-relief/section-24-vs-incorporation-which-saves-more-tax,https://www.propertytaxpartners.co.uk/blog/section-24-and-tax-relief/section-24-vs-incorporation-which-saves-more-tax,CRAWLED_NOT_INDEXED,Crawled - currently not indexed,NEUTRAL,2026-09-03T19:20:30Z,MOBILE,SUCCESSFUL,https://www.propertytaxpartners.co.uk/blog/section-24-and-tax-relief/section-24-vs-incorporation-which-saves-more-tax,https://www.propertytaxpartners.co.uk/blog/section-24-and-tax-relief/section-24-vs-incorporation-which-saves-more-tax,https://www.propertytaxpartners.co.uk/sitemap.xml,1,https://www.propertytaxpartners.co.uk/sitemap.xml,section-24-and-tax-relief,no,2026-09,yes,'2026-03-29',2026-10-09,2026-03-29,2026-03-29 | Generate 27 new Property blog posts,2026-03-29,15,3,2026-05-31,2026-05-31,2686,2685,no,1,0,yes,cdf893f2b,5741,0,0,no,25,2,2,false,72,0,2026-07-25,2026-10-04,0
/blog/section-24-and-tax-relief/section-24-worked-example-50k-rental-income-portfolio,https://www.propertytaxpartners.co.uk/blog/section-24-and-tax-relief/section-24-worked-example-50k-rental-income-portfolio,CRAWLED_NOT_INDEXED,Crawled - currently not indexed,NEUTRAL,2026-09-18T00:51:44Z,MOBILE,SUCCESSFUL,https://www.propertytaxpartners.co.uk/blog/section-24-and-tax-relief/section-24-worked-example-50k-rental-income-portfolio,https://www.propertytaxpartners.co.uk/blog/section-24-and-tax-relief/section-24-worked-example-50k-rental-income-portfolio,,1,https://www.propertytaxpartners.co.uk/sitemap.xml,section-24-and-tax-relief,no,2026-09,yes,2026-04-10,2026-06-23,2026-04-10,"2026-04-10 | Property site: add 148 blog posts, 2 new category hubs,",2026-04-10,8,2,2026-06-02,2026-06-02,2291,2291,no,0,0,yes,cdf893f2b,5189,0,0,no,3,2,3,false,1,0,2026-08-18,2026-08-18,0
/blog/section-24-and-tax-relief/tax-relief-mortgage-interest-rented-property-guide,https://www.propertytaxpartners.co.uk/blog/section-24-and-tax-relief/tax-relief-mortgage-interest-rented-property-guide,CRAWLED_NOT_INDEXED,Crawled - currently not indexed,NEUTRAL,2026-05-29T21:56:58Z,MOBILE,SUCCESSFUL,https://www.propertytaxpartners.co.uk/blog/section-24-and-tax-relief/tax-relief-mortgage-interest-rented-property-guide,https://www.propertytaxpartners.co.uk/blog/section-24-and-tax-relief/tax-relief-mortgage-interest-rented-property-guide,https://www.propertytaxpartners.co.uk/sitemap.xml,0,,section-24-and-tax-relief,no,2026-05,yes,2026-04-10,2026-10-09,2026-04-10,"2026-04-10 | Property site: add 148 blog posts, 2 new category hubs,",2026-04-10,11,2,2026-06-02,2026-06-02,1565,1222,yes,106,1,no,4ca1f97e2,3855,519,62,yes,1,3,7,false,186,0,2026-05-30,2026-10-03,1
/blog/section-24-and-tax-relief/unequal-rental-income-split-spouses-tax-planning-form-17-vs-default-50-50-decision,https://www.propertytaxpartners.co.uk/blog/section-24-and-tax-relief/unequal-rental-income-split-spouses-tax-planning-form-17-vs-default-50-50-decision,CRAWLED_NOT_INDEXED,Crawled - currently not indexed,NEUTRAL,2026-07-06T16:54:04Z,MOBILE,SUCCESSFUL,https://www.propertytaxpartners.co.uk/blog/section-24-and-tax-relief/unequal-rental-income-split-spouses-tax-planning-form-17-vs-default-50-50-decision,https://www.propertytaxpartners.co.uk/blog/section-24-and-tax-relief/unequal-rental-income-split-spouses-tax-planning-form-17-vs-default-50-50-decision,https://www.propertytaxpartners.co.uk/sitemap.xml,1,https://www.propertytaxpartners.co.uk/sitemap.xml,section-24-and-tax-relief,no,2026-07,yes,2026-05-23,2026-06-23,2026-05-23,"2026-05-23 | Wave 5 C4: Unequal rental income split, Form 17 vs 50/5",2026-05-26,4,0,,,2529,2529,no,0,0,yes,cdf893f2b,6471,0,0,no,7,2,3,false,104,1,2026-06-02,2026-09-23,0
/blog/section-24-and-tax-relief/what-is-aia-in-tax,https://www.propertytaxpartners.co.uk/blog/section-24-and-tax-relief/what-is-aia-in-tax,CRAWLED_NOT_INDEXED,Crawled - currently not indexed,NEUTRAL,2026-07-07T01:24:52Z,MOBILE,SUCCESSFUL,https://www.propertytaxpartners.co.uk/blog/section-24-and-tax-relief/what-is-aia-in-tax,https://www.propertytaxpartners.co.uk/blog/section-24-and-tax-relief/what-is-aia-in-tax,https://www.propertytaxpartners.co.uk/sitemap.xml,1,https://www.propertytaxpartners.co.uk/sitemap.xml,section-24-and-tax-relief,no,2026-07,yes,'2026-05-20',2026-06-23,2026-05-20,2026-05-20 | chore: pre-refactor baseline snapshot of working-tree s,2026-05-20,5,1,2026-05-30,2026-05-31,3207,3207,no,0,0,yes,cdf893f2b,6373,100,1,no,2,3,5,false,47,0,2026-05-20,2026-07-10,0
/blog/section-24-and-tax-relief/writing-down-allowance-cars,https://www.propertytaxpartners.co.uk/blog/section-24-and-tax-relief/writing-down-allowance-cars,INDEXED,Submitted and indexed,PASS,2026-07-11T16:10:59Z,MOBILE,SUCCESSFUL,https://www.propertytaxpartners.co.uk/blog/section-24-and-tax-relief/writing-down-allowance-cars,https://www.propertytaxpartners.co.uk/blog/section-24-and-tax-relief/writing-down-allowance-cars,https://www.propertytaxpartners.co.uk/sitemap.xml,1,https://www.propertytaxpartners.co.uk/sitemap.xml,section-24-and-tax-relief,no,2026-07,yes,'2026-05-20',2026-08-18,2026-05-20,2026-05-20 | chore: pre-refactor baseline snapshot of working-tree s,2026-05-20,7,2,2026-08-18,2026-08-18,2641,2165,yes,12,1,no,a9ae467a9,6296,515,34,yes,7,2,3,false,728,2,2026-05-21,2026-10-08,0
/calculators,https://www.propertytaxpartners.co.uk/calculators,INDEXED,Submitted and indexed,PASS,2026-08-08T01:10:17Z,MOBILE,SUCCESSFUL,https://www.propertytaxpartners.co.uk/calculators,https://www.propertytaxpartners.co.uk/calculators,https://www.propertytaxpartners.co.uk/sitemap.xml,2,https://www.propertytaxpartners.co.uk/sitemap.xml;https://www.propertytaxpartners.co.uk/blog/incorporation-existing-portfolios-phased-approach,calculators,no,2026-08,no,,,,,,,,,,746,,,,,,,746,0,0,no,11,1,1,false,1374,1,2026-08-08,2026-10-08,0
/calculators/bpr-apr-allowance-calculator,https://www.propertytaxpartners.co.uk/calculators/bpr-apr-allowance-calculator,INDEXED,Submitted and indexed,PASS,2026-08-23T15:19:48Z,MOBILE,SUCCESSFUL,https://www.propertytaxpartners.co.uk/calculators/bpr-apr-allowance-calculator,https://www.propertytaxpartners.co.uk/calculators/bpr-apr-allowance-calculator,https://www.propertytaxpartners.co.uk/sitemap.xml,1,https://www.propertytaxpartners.co.uk/sitemap.xml,calculators,no,2026-08,no,,,,,,,,,,3190,,,,,,,3190,0,0,no,4,1,3,false,63,2,2026-08-24,2026-10-08,0
/calculators/bridging-loan-calculator,https://www.propertytaxpartners.co.uk/calculators/bridging-loan-calculator,INDEXED,Submitted and indexed,PASS,2026-10-06T10:04:31Z,MOBILE,SUCCESSFUL,https://www.propertytaxpartners.co.uk/calculators/bridging-loan-calculator,https://www.propertytaxpartners.co.uk/calculators/bridging-loan-calculator,https://www.propertytaxpartners.co.uk/sitemap.xml,3,https://www.propertytaxpartners.co.uk/blog/section-24-and-tax-relief;https://www.propertytaxpartners.co.uk/locations/birmingham;https://www.propertytaxpartners.co.uk/blog/property-finance/bridging-finance-for-commercial-property,calculators,no,2026-10,no,,,,,,,,,,917,,,,,,,917,0,0,no,12,1,9,false,0,0,,,0
/calculators/buy-to-let-cashflow-calculator,https://www.propertytaxpartners.co.uk/calculators/buy-to-let-cashflow-calculator,INDEXED,Submitted and indexed,PASS,2026-07-25T04:54:11Z,MOBILE,SUCCESSFUL,https://www.propertytaxpartners.co.uk/calculators/buy-to-let-cashflow-calculator,https://www.propertytaxpartners.co.uk/calculators/buy-to-let-cashflow-calculator,https://www.propertytaxpartners.co.uk/sitemap.xml,0,,calculators,no,2026-07,no,,,,,,,,,,1866,,,,,,,1866,0,0,no,1,1,3,false,242,0,2026-07-25,2026-10-06,0
/calculators/buy-to-let-mortgage-calculator,https://www.propertytaxpartners.co.uk/calculators/buy-to-let-mortgage-calculator,INDEXED,Submitted and indexed,PASS,2026-08-04T14:00:24Z,MOBILE,SUCCESSFUL,https://www.propertytaxpartners.co.uk/calculators/buy-to-let-mortgage-calculator,https://www.propertytaxpartners.co.uk/calculators/buy-to-let-mortgage-calculator,https://www.propertytaxpartners.co.uk/sitemap.xml,1,https://www.propertytaxpartners.co.uk/sitemap.xml,calculators,no,2026-08,no,,,,,,,,,,2774,,,,,,,2774,0,0,no,15,1,4,false,376,1,2026-08-04,2026-10-08,0
/calculators/buy-to-let-rental-stress-test-calculator,https://www.propertytaxpartners.co.uk/calculators/buy-to-let-rental-stress-test-calculator,INDEXED,Submitted and indexed,PASS,2026-08-04T14:36:34Z,MOBILE,SUCCESSFUL,https://www.propertytaxpartners.co.uk/calculators/buy-to-let-rental-stress-test-calculator,https://www.propertytaxpartners.co.uk/calculators/buy-to-let-rental-stress-test-calculator,,1,https://www.propertytaxpartners.co.uk/sitemap.xml,calculators,no,2026-08,no,,,,,,,,,,913,,,,,,,913,0,0,no,17,1,4,false,113,0,2026-08-05,2026-10-08,0
/calculators/capital-allowances-calculator,https://www.propertytaxpartners.co.uk/calculators/capital-allowances-calculator,INDEXED,Submitted and indexed,PASS,2026-08-04T22:58:56Z,MOBILE,SUCCESSFUL,https://www.propertytaxpartners.co.uk/calculators/capital-allowances-calculator,https://www.propertytaxpartners.co.uk/calculators/capital-allowances-calculator,https://www.propertytaxpartners.co.uk/sitemap.xml,1,https://www.propertytaxpartners.co.uk/sitemap.xml,calculators,no,2026-08,no,,,,,,,,,,1699,,,,,,,1699,0,0,no,17,1,9,false,54,1,2026-08-05,2026-10-07,0
/calculators/capital-gains-tax-calculator,https://www.propertytaxpartners.co.uk/calculators/capital-gains-tax-calculator,INDEXED,Submitted and indexed,PASS,2026-07-24T12:01:22Z,MOBILE,SUCCESSFUL,https://www.propertytaxpartners.co.uk/calculators/capital-gains-tax-calculator,https://www.propertytaxpartners.co.uk/calculators/capital-gains-tax-calculator,,1,https://www.propertytaxpartners.co.uk/blog/incorporation-and-company-structures/how-many-buy-to-let-limited-companies-uk,calculators,no,2026-07,no,,,,,,,,,,2508,,,,,,,2508,45,2,no,11,1,3,false,178,0,2026-08-02,2026-10-06,0
/calculators/commercial-mortgage-calculator,https://www.propertytaxpartners.co.uk/calculators/commercial-mortgage-calculator,INDEXED,Submitted and indexed,PASS,2026-08-04T14:07:46Z,MOBILE,SUCCESSFUL,https://www.propertytaxpartners.co.uk/calculators/commercial-mortgage-calculator,https://www.propertytaxpartners.co.uk/calculators/commercial-mortgage-calculator,,1,https://www.propertytaxpartners.co.uk/sitemap.xml,calculators,no,2026-08,no,,,,,,,,,,824,,,,,,,824,0,0,no,3,1,8,false,7400,1,2026-08-04,2026-10-08,0
/calculators/corporation-tax-calculator,https://www.propertytaxpartners.co.uk/calculators/corporation-tax-calculator,INDEXED,Submitted and indexed,PASS,2026-07-24T14:44:12Z,MOBILE,SUCCESSFUL,https://www.propertytaxpartners.co.uk/calculators/corporation-tax-calculator,https://www.propertytaxpartners.co.uk/calculators/corporation-tax-calculator,https://www.propertytaxpartners.co.uk/sitemap.xml,1,https://propertytaxpartners.co.uk/sitemap.xml,calculators,no,2026-07,no,,,,,,,,,,982,,,,,,,982,0,0,no,3,1,3,false,233,3,2026-08-01,2026-10-08,1
/calculators/cost-of-selling-calculator,https://www.propertytaxpartners.co.uk/calculators/cost-of-selling-calculator,INDEXED,Submitted and indexed,PASS,2026-08-22T09:22:31Z,MOBILE,SUCCESSFUL,https://www.propertytaxpartners.co.uk/calculators/cost-of-selling-calculator,https://www.propertytaxpartners.co.uk/calculators/cost-of-selling-calculator,,2,https://propertytaxpartners.co.uk/sitemap.xml;https://www.propertytaxpartners.co.uk/blog/capital-gains-tax/modern-method-of-auction-explained,calculators,no,2026-08,no,,,,,,,,,,2824,,,,,,,2824,0,0,no,14,1,3,false,3395,8,2026-08-22,2026-10-08,0
/calculators/development-finance-calculator,https://www.propertytaxpartners.co.uk/calculators/development-finance-calculator,INDEXED,Submitted and indexed,PASS,2026-08-04T21:10:36Z,MOBILE,SUCCESSFUL,https://www.propertytaxpartners.co.uk/calculators/development-finance-calculator,https://www.propertytaxpartners.co.uk/calculators/development-finance-calculator,,1,https://www.propertytaxpartners.co.uk/sitemap.xml,calculators,no,2026-08,no,,,,,,,,,,928,,,,,,,928,0,0,no,5,1,7,false,106,1,2026-08-05,2026-09-17,0
/calculators/dividend-tax-calculator,https://www.propertytaxpartners.co.uk/calculators/dividend-tax-calculator,INDEXED,Submitted and indexed,PASS,2026-08-05T06:03:18Z,MOBILE,SUCCESSFUL,https://www.propertytaxpartners.co.uk/calculators/dividend-tax-calculator,https://www.propertytaxpartners.co.uk/calculators/dividend-tax-calculator,,2,https://www.propertytaxpartners.co.uk/blog/incorporation-and-company-structures/spv-first-year-accounts-and-filing-timeline;https://propertytaxpartners.co.uk/sitemap.xml,calculators,no,2026-08,no,,,,,,,,,,959,,,,,,,959,0,0,no,0,1,,true,35,1,2026-08-16,2026-10-06,0
/calculators/first-time-buyer-stamp-duty-calculator,https://www.propertytaxpartners.co.uk/calculators/first-time-buyer-stamp-duty-calculator,INDEXED,Submitted and indexed,PASS,2026-07-24T17:43:02Z,MOBILE,SUCCESSFUL,https://www.propertytaxpartners.co.uk/calculators/first-time-buyer-stamp-duty-calculator,https://www.propertytaxpartners.co.uk/calculators/first-time-buyer-stamp-duty-calculator,https://www.propertytaxpartners.co.uk/sitemap.xml,0,,calculators,no,2026-07,no,,,,,,,,,,1692,,,,,,,1692,0,0,no,1,1,3,false,1318,0,2026-07-25,2026-09-27,0
/calculators/incorporation-cost-calculator,https://www.propertytaxpartners.co.uk/calculators/incorporation-cost-calculator,INDEXED,Submitted and indexed,PASS,2026-06-06T10:09:26Z,MOBILE,SUCCESSFUL,https://www.propertytaxpartners.co.uk/calculators/incorporation-cost-calculator,https://www.propertytaxpartners.co.uk/calculators/incorporation-cost-calculator,https://www.propertytaxpartners.co.uk/sitemap.xml,1,https://propertytaxpartners.co.uk/sitemap.xml,calculators,no,2026-06,no,,,,,,,,,,857,,,,,,,857,0,0,no,7,1,2,false,22,1,2026-06-19,2026-10-05,0
/calculators/lbtt-calculator-scotland,https://www.propertytaxpartners.co.uk/calculators/lbtt-calculator-scotland,INDEXED,Submitted and indexed,PASS,2026-09-30T23:10:57Z,MOBILE,SUCCESSFUL,https://www.propertytaxpartners.co.uk/calculators/lbtt-calculator-scotland,https://www.propertytaxpartners.co.uk/calculators/lbtt-calculator-scotland,https://www.propertytaxpartners.co.uk/sitemap.xml,1,https://www.propertytaxpartners.co.uk/blog/incorporation-and-company-structures/spv-first-year-accounts-and-filing-timeline,calculators,no,2026-09,no,,,,,,,,,,923,,,,,,,923,2838,22,yes,2,1,3,false,144,0,2026-07-29,2026-10-07,0
/calculators/lease-extension-premium-calculator,https://www.propertytaxpartners.co.uk/calculators/lease-extension-premium-calculator,INDEXED,Submitted and indexed,PASS,2026-08-21T13:18:41Z,MOBILE,SUCCESSFUL,https://www.propertytaxpartners.co.uk/calculators/lease-extension-premium-calculator,https://www.propertytaxpartners.co.uk/calculators/lease-extension-premium-calculator,https://www.propertytaxpartners.co.uk/sitemap.xml,1,https://www.propertytaxpartners.co.uk/sitemap.xml,calculators,no,2026-08,no,,,,,,,,,,3115,,,,,,,3115,0,0,no,2,1,8,false,609,2,2026-08-22,2026-10-08,0
/calculators/ltt-calculator-wales,https://www.propertytaxpartners.co.uk/calculators/ltt-calculator-wales,INDEXED,Submitted and indexed,PASS,2026-07-24T23:52:44Z,MOBILE,SUCCESSFUL,https://www.propertytaxpartners.co.uk/calculators/ltt-calculator-wales,https://www.propertytaxpartners.co.uk/calculators/ltt-calculator-wales,https://www.propertytaxpartners.co.uk/sitemap.xml,1,https://www.propertytaxpartners.co.uk/property-tax-rates,calculators,no,2026-07,no,,,,,,,,,,886,,,,,,,886,470,1,no,2,1,3,false,34,0,2026-08-05,2026-10-01,0
/calculators/mtd-checker,https://www.propertytaxpartners.co.uk/calculators/mtd-checker,INDEXED,Submitted and indexed,PASS,2026-07-24T12:05:02Z,MOBILE,SUCCESSFUL,https://www.propertytaxpartners.co.uk/calculators/mtd-checker,https://www.propertytaxpartners.co.uk/calculators/mtd-checker,https://www.propertytaxpartners.co.uk/sitemap.xml,1,https://propertytaxpartners.co.uk/sitemap.xml,calculators,no,2026-07,no,,,,,,,,,,613,,,,,,,613,0,0,no,6,1,2,false,0,0,,,0
/calculators/portfolio-profitability-calculator,https://www.propertytaxpartners.co.uk/calculators/portfolio-profitability-calculator,INDEXED,Submitted and indexed,PASS,2026-09-18T09:37:50Z,MOBILE,SUCCESSFUL,https://www.propertytaxpartners.co.uk/calculators/portfolio-profitability-calculator,https://www.propertytaxpartners.co.uk/calculators/portfolio-profitability-calculator,https://www.propertytaxpartners.co.uk/sitemap.xml,1,https://www.propertytaxpartners.co.uk/blog/portfolio-management/how-to-scale-buy-to-let-portfolio-1-to-10-properties,calculators,no,2026-09,no,,,,,,,,,,543,,,,,,,543,0,0,no,6,1,2,false,1139,7,2026-07-15,2026-10-08,0
/calculators/property-allowance-checker,https://www.propertytaxpartners.co.uk/calculators/property-allowance-checker,INDEXED,Submitted and indexed,PASS,2026-07-25T06:19:02Z,MOBILE,SUCCESSFUL,https://www.propertytaxpartners.co.uk/calculators/property-allowance-checker,https://www.propertytaxpartners.co.uk/calculators/property-allowance-checker,https://www.propertytaxpartners.co.uk/sitemap.xml,1,https://propertytaxpartners.co.uk/sitemap.xml,calculators,no,2026-07,no,,,,,,,,,,940,,,,,,,940,0,0,no,0,1,,true,29,0,2026-08-03,2026-10-07,0
/calculators/property-company-extraction-calculator,https://www.propertytaxpartners.co.uk/calculators/property-company-extraction-calculator,DISCOVERED_NOT_INDEXED,Discovered – currently not indexed,NEUTRAL,,CRAWLING_USER_AGENT_UNSPECIFIED,PAGE_FETCH_STATE_UNSPECIFIED,,,https://www.propertytaxpartners.co.uk/sitemap.xml,1,https://www.propertytaxpartners.co.uk/calculators/capital-gains-tax-calculator,calculators,no,,no,,,,,,,,,,1144,,,,,,,1144,0,0,no,4,1,3,false,0,0,,,0
/calculators/rd-tax-credit-calculator,https://www.propertytaxpartners.co.uk/calculators/rd-tax-credit-calculator,INDEXED,Submitted and indexed,PASS,2026-08-05T12:13:42Z,MOBILE,SUCCESSFUL,https://www.propertytaxpartners.co.uk/calculators/rd-tax-credit-calculator,https://www.propertytaxpartners.co.uk/calculators/rd-tax-credit-calculator,https://www.propertytaxpartners.co.uk/sitemap.xml,1,https://www.propertytaxpartners.co.uk/sitemap.xml,calculators,no,2026-08,no,,,,,,,,,,1320,,,,,,,1320,0,0,no,0,1,,true,400,0,2026-08-06,2026-10-07,0
/calculators/rent-a-room-relief-calculator,https://www.propertytaxpartners.co.uk/calculators/rent-a-room-relief-calculator,INDEXED,Submitted and indexed,PASS,2026-09-25T12:19:45Z,MOBILE,SUCCESSFUL,https://www.propertytaxpartners.co.uk/calculators/rent-a-room-relief-calculator,https://www.propertytaxpartners.co.uk/calculators/rent-a-room-relief-calculator,https://www.propertytaxpartners.co.uk/sitemap.xml,0,,calculators,no,2026-09,no,,,,,,,,,,928,,,,,,,928,0,0,no,0,1,,true,455,11,2026-07-24,2026-10-08,0
/calculators/rental-income-tax-calculator,https://www.propertytaxpartners.co.uk/calculators/rental-income-tax-calculator,INDEXED,Submitted and indexed,PASS,2026-07-29T18:44:10Z,MOBILE,SUCCESSFUL,https://www.propertytaxpartners.co.uk/calculators/rental-income-tax-calculator,https://www.propertytaxpartners.co.uk/calculators/rental-income-tax-calculator,https://www.propertytaxpartners.co.uk/sitemap.xml,0,,calculators,no,2026-07,no,,,,,,,,,,2185,,,,,,,2185,2,0,no,17,1,3,false,61,0,2026-07-30,2026-10-08,0
/calculators/rental-yield-calculator,https://www.propertytaxpartners.co.uk/calculators/rental-yield-calculator,INDEXED,Submitted and indexed,PASS,2026-07-25T08:34:10Z,MOBILE,SUCCESSFUL,https://www.propertytaxpartners.co.uk/calculators/rental-yield-calculator,https://www.propertytaxpartners.co.uk/calculators/rental-yield-calculator,https://www.propertytaxpartners.co.uk/sitemap.xml,0,,calculators,no,2026-07,no,,,,,,,,,,2455,,,,,,,2455,0,0,no,0,1,,true,316,0,2026-07-26,2026-10-04,0
/calculators/section-24-calculator,https://www.propertytaxpartners.co.uk/calculators/section-24-calculator,INDEXED,Submitted and indexed,PASS,2026-10-02T17:40:41Z,MOBILE,SUCCESSFUL,https://www.propertytaxpartners.co.uk/calculators/section-24-calculator,https://www.propertytaxpartners.co.uk/calculators/section-24-calculator,,2,https://www.propertytaxpartners.co.uk/landlord-tax;https://propertytaxpartners.co.uk/sitemap.xml,calculators,no,2026-10,no,,,,,,,,,,708,,,,,,,708,0,0,no,9,1,2,false,376,5,2026-07-12,2026-10-08,0
/calculators/stamp-duty-calculator,https://www.propertytaxpartners.co.uk/calculators/stamp-duty-calculator,INDEXED,Submitted and indexed,PASS,2026-07-04T03:32:14Z,MOBILE,SUCCESSFUL,https://www.propertytaxpartners.co.uk/calculators/stamp-duty-calculator,https://www.propertytaxpartners.co.uk/calculators/stamp-duty-calculator,https://www.propertytaxpartners.co.uk/sitemap.xml,1,https://www.propertytaxpartners.co.uk/blog/property-types-and-specialist-tax/option-to-tax-vata-1994-schedule-10-commercial-property-20-year-lock,calculators,no,2026-07,no,,,,,,,,,,2165,,,,,,,2165,0,0,no,19,1,2,false,4,0,2026-08-17,2026-10-02,0
/contact,https://www.propertytaxpartners.co.uk/contact,INDEXED,Submitted and indexed,PASS,2026-10-06T08:49:28Z,MOBILE,SUCCESSFUL,https://www.propertytaxpartners.co.uk/contact,https://www.propertytaxpartners.co.uk/contact,https://www.propertytaxpartners.co.uk/sitemap.xml,2,https://www.propertytaxpartners.co.uk/sitemap.xml;https://www.propertytaxpartners.co.uk/blog/property-company-dividend-tax,contact,no,2026-10,no,,,,,,,,,,616,,,,,,,616,0,0,no,56,1,1,false,165,3,2026-08-09,2026-10-08,9
/cookie-policy,https://www.propertytaxpartners.co.uk/cookie-policy,DISCOVERED_NOT_INDEXED,Discovered – currently not indexed,NEUTRAL,,CRAWLING_USER_AGENT_UNSPECIFIED,PAGE_FETCH_STATE_UNSPECIFIED,,,https://www.propertytaxpartners.co.uk/sitemap.xml,1,https://www.propertytaxpartners.co.uk/sitemap.xml,cookie-policy,no,,no,,,,,,,,,,473,,,,,,,473,0,0,no,1,1,,false,0,0,,,0
/cost-of-selling-a-property,https://www.propertytaxpartners.co.uk/cost-of-selling-a-property,INDEXED,Submitted and indexed,PASS,2026-08-21T23:34:06Z,MOBILE,SUCCESSFUL,https://www.propertytaxpartners.co.uk/cost-of-selling-a-property,https://www.propertytaxpartners.co.uk/cost-of-selling-a-property,https://www.propertytaxpartners.co.uk/sitemap.xml,1,https://www.propertytaxpartners.co.uk/blog/capital-gains-tax/capital-gains-tax-second-home-sale,cost-of-selling-a-property,no,2026-08,no,,,,,,,,,,6401,,,,,,,6401,0,0,no,14,1,2,false,115,2,2026-08-22,2026-10-04,0
/for-letting-agents,https://www.propertytaxpartners.co.uk/for-letting-agents,INDEXED,Submitted and indexed,PASS,2026-08-21T21:38:39Z,MOBILE,SUCCESSFUL,https://www.propertytaxpartners.co.uk/for-letting-agents,https://www.propertytaxpartners.co.uk/for-letting-agents,https://www.propertytaxpartners.co.uk/sitemap.xml,1,https://www.propertytaxpartners.co.uk/blog/capital-gains-tax/capital-gains-tax-second-home-sale,for-letting-agents,no,2026-08,no,,,,,,,,,,2373,,,,,,,2373,0,0,no,6,1,2,false,1,0,2026-09-14,2026-09-14,0
/for/couples-splitting-rental-income,https://www.propertytaxpartners.co.uk/for/couples-splitting-rental-income,INDEXED,Submitted and indexed,PASS,2026-10-05T11:24:52Z,MOBILE,SUCCESSFUL,https://www.propertytaxpartners.co.uk/for/couples-splitting-rental-income,https://www.propertytaxpartners.co.uk/for/couples-splitting-rental-income,https://www.propertytaxpartners.co.uk/sitemap.xml,1,https://www.propertytaxpartners.co.uk/sitemap.xml,for,no,2026-10,no,,,,,,,,,,1831,,,,,,,1831,0,0,no,0,2,,true,10,0,2026-10-05,2026-10-07,0
/for/first-time-and-accidental-landlords,https://www.propertytaxpartners.co.uk/for/first-time-and-accidental-landlords,INDEXED,Submitted and indexed,PASS,2026-09-29T14:17:53Z,MOBILE,SUCCESSFUL,https://www.propertytaxpartners.co.uk/for/first-time-and-accidental-landlords,https://www.propertytaxpartners.co.uk/for/first-time-and-accidental-landlords,https://www.propertytaxpartners.co.uk/sitemap.xml,1,https://www.propertytaxpartners.co.uk/sitemap.xml,for,no,2026-09,no,,,,,,,,,,1759,,,,,,,1759,0,0,no,2,2,2,false,2,0,2026-10-04,2026-10-06,0
/for/gifting-property-to-family,https://www.propertytaxpartners.co.uk/for/gifting-property-to-family,INDEXED,Submitted and indexed,PASS,2026-09-29T05:40:07Z,MOBILE,SUCCESSFUL,https://www.propertytaxpartners.co.uk/for/gifting-property-to-family,https://www.propertytaxpartners.co.uk/for/gifting-property-to-family,https://www.propertytaxpartners.co.uk/sitemap.xml,1,https://www.propertytaxpartners.co.uk/sitemap.xml,for,no,2026-09,no,,,,,,,,,,1913,,,,,,,1913,0,0,no,1,2,2,false,42,0,2026-09-30,2026-10-07,0
/for/hmo-and-multi-let-landlords,https://www.propertytaxpartners.co.uk/for/hmo-and-multi-let-landlords,INDEXED,Submitted and indexed,PASS,2026-09-29T14:04:55Z,MOBILE,SUCCESSFUL,https://www.propertytaxpartners.co.uk/for/hmo-and-multi-let-landlords,https://www.propertytaxpartners.co.uk/for/hmo-and-multi-let-landlords,https://www.propertytaxpartners.co.uk/sitemap.xml,1,https://www.propertytaxpartners.co.uk/sitemap.xml,for,no,2026-09,no,,,,,,,,,,1782,,,,,,,1782,0,0,no,0,2,,true,8,0,2026-10-01,2026-10-04,0
/for/holiday-let-and-serviced-accommodation,https://www.propertytaxpartners.co.uk/for/holiday-let-and-serviced-accommodation,INDEXED,Submitted and indexed,PASS,2026-09-29T12:48:26Z,MOBILE,SUCCESSFUL,https://www.propertytaxpartners.co.uk/for/holiday-let-and-serviced-accommodation,https://www.propertytaxpartners.co.uk/for/holiday-let-and-serviced-accommodation,https://www.propertytaxpartners.co.uk/sitemap.xml,1,https://www.propertytaxpartners.co.uk/sitemap.xml,for,no,2026-09,no,,,,,,,,,,1834,,,,,,,1834,0,0,no,0,,,true,34,0,2026-09-30,2026-10-07,0
/for/inherited-property,https://www.propertytaxpartners.co.uk/for/inherited-property,INDEXED,Submitted and indexed,PASS,2026-09-29T05:38:30Z,MOBILE,SUCCESSFUL,https://www.propertytaxpartners.co.uk/for/inherited-property,https://www.propertytaxpartners.co.uk/for/inherited-property,https://www.propertytaxpartners.co.uk/sitemap.xml,1,https://www.propertytaxpartners.co.uk/sitemap.xml,for,no,2026-09,no,,,,,,,,,,1867,,,,,,,1867,0,0,no,1,2,2,false,8,0,2026-09-30,2026-10-07,0
/for/landlord-retirement-and-succession,https://www.propertytaxpartners.co.uk/for/landlord-retirement-and-succession,INDEXED,Submitted and indexed,PASS,2026-09-29T11:13:11Z,MOBILE,SUCCESSFUL,https://www.propertytaxpartners.co.uk/for/landlord-retirement-and-succession,https://www.propertytaxpartners.co.uk/for/landlord-retirement-and-succession,https://www.propertytaxpartners.co.uk/sitemap.xml,1,https://www.propertytaxpartners.co.uk/sitemap.xml,for,no,2026-09,no,,,,,,,,,,1805,,,,,,,1805,0,0,no,1,2,2,false,38,0,2026-09-29,2026-10-07,0
/for/landlord-self-assessment-and-mtd,https://www.propertytaxpartners.co.uk/for/landlord-self-assessment-and-mtd,INDEXED,Submitted and indexed,PASS,2026-09-29T05:35:08Z,MOBILE,SUCCESSFUL,https://www.propertytaxpartners.co.uk/for/landlord-self-assessment-and-mtd,https://www.propertytaxpartners.co.uk/for/landlord-self-assessment-and-mtd,https://www.propertytaxpartners.co.uk/sitemap.xml,1,https://www.propertytaxpartners.co.uk/sitemap.xml,for,no,2026-09,no,,,,,,,,,,1766,,,,,,,1766,0,0,no,0,,,true,27,0,2026-09-29,2026-10-07,0
/for/moving-property-into-a-limited-company,https://www.propertytaxpartners.co.uk/for/moving-property-into-a-limited-company,INDEXED,Submitted and indexed,PASS,2026-09-29T05:29:47Z,MOBILE,SUCCESSFUL,https://www.propertytaxpartners.co.uk/for/moving-property-into-a-limited-company,https://www.propertytaxpartners.co.uk/for/moving-property-into-a-limited-company,,1,https://www.propertytaxpartners.co.uk/sitemap.xml,for,no,2026-09,no,,,,,,,,,,1836,,,,,,,1836,0,0,no,3,2,2,false,39,0,2026-09-29,2026-10-07,0
/for/non-resident-landlords,https://www.propertytaxpartners.co.uk/for/non-resident-landlords,INDEXED,Submitted and indexed,PASS,2026-09-29T06:02:59Z,MOBILE,SUCCESSFUL,https://www.propertytaxpartners.co.uk/for/non-resident-landlords,https://www.propertytaxpartners.co.uk/for/non-resident-landlords,https://www.propertytaxpartners.co.uk/sitemap.xml,1,https://www.propertytaxpartners.co.uk/sitemap.xml,for,no,2026-09,no,,,,,,,,,,1815,,,,,,,1815,0,0,no,1,2,2,false,41,1,2026-09-29,2026-10-07,0
/for/portfolio-landlords-incorporating-a-partnership,https://www.propertytaxpartners.co.uk/for/portfolio-landlords-incorporating-a-partnership,INDEXED,Submitted and indexed,PASS,2026-09-29T05:56:57Z,MOBILE,SUCCESSFUL,https://www.propertytaxpartners.co.uk/for/portfolio-landlords-incorporating-a-partnership,https://www.propertytaxpartners.co.uk/for/portfolio-landlords-incorporating-a-partnership,https://www.propertytaxpartners.co.uk/sitemap.xml,1,https://www.propertytaxpartners.co.uk/sitemap.xml,for,no,2026-09,no,,,,,,,,,,1788,,,,,,,1788,0,0,no,0,,,true,16,0,2026-09-29,2026-10-07,0
/for/property-company-profit-extraction,https://www.propertytaxpartners.co.uk/for/property-company-profit-extraction,INDEXED,Submitted and indexed,PASS,2026-10-05T11:30:42Z,MOBILE,SUCCESSFUL,https://www.propertytaxpartners.co.uk/for/property-company-profit-extraction,https://www.propertytaxpartners.co.uk/for/property-company-profit-extraction,,1,https://www.propertytaxpartners.co.uk/sitemap.xml,for,no,2026-10,no,,,,,,,,,,1887,,,,,,,1887,0,0,no,1,2,2,false,1,0,2026-10-06,2026-10-06,0
/for/property-spv-set-up,https://www.propertytaxpartners.co.uk/for/property-spv-set-up,INDEXED,Submitted and indexed,PASS,2026-09-29T09:56:33Z,MOBILE,SUCCESSFUL,https://www.propertytaxpartners.co.uk/for/property-spv-set-up,https://www.propertytaxpartners.co.uk/for/property-spv-set-up,https://www.propertytaxpartners.co.uk/sitemap.xml,1,https://www.propertytaxpartners.co.uk/sitemap.xml,for,no,2026-09,no,,,,,,,,,,1835,,,,,,,1835,0,0,no,1,2,2,false,41,0,2026-09-29,2026-10-08,0
/for/rental-income-disclosure,https://www.propertytaxpartners.co.uk/for/rental-income-disclosure,INDEXED,Submitted and indexed,PASS,2026-09-29T05:48:09Z,MOBILE,SUCCESSFUL,https://www.propertytaxpartners.co.uk/for/rental-income-disclosure,https://www.propertytaxpartners.co.uk/for/rental-income-disclosure,,1,https://www.propertytaxpartners.co.uk/sitemap.xml,for,no,2026-09,no,,,,,,,,,,1831,,,,,,,1831,0,0,no,2,2,2,false,16,0,2026-09-29,2026-10-03,0
/for/selling-a-buy-to-let,https://www.propertytaxpartners.co.uk/for/selling-a-buy-to-let,INDEXED,Submitted and indexed,PASS,2026-09-29T09:36:26Z,MOBILE,SUCCESSFUL,https://www.propertytaxpartners.co.uk/for/selling-a-buy-to-let,https://www.propertytaxpartners.co.uk/for/selling-a-buy-to-let,https://www.propertytaxpartners.co.uk/sitemap.xml,1,https://www.propertytaxpartners.co.uk/sitemap.xml,for,no,2026-09,no,,,,,,,,,,1822,,,,,,,1822,0,0,no,3,2,2,false,20,0,2026-09-29,2026-10-07,0
/incorporation,https://www.propertytaxpartners.co.uk/incorporation,INDEXED,Submitted and indexed,PASS,2026-09-25T18:58:27Z,MOBILE,SUCCESSFUL,https://www.propertytaxpartners.co.uk/incorporation,https://www.propertytaxpartners.co.uk/incorporation,https://www.propertytaxpartners.co.uk/sitemap.xml,2,https://www.propertytaxpartners.co.uk/blog/property-accountant-services/london-property-accountant;https://www.propertytaxpartners.co.uk/blog/landlord-vat-registration-when-required,incorporation,no,2026-09,no,,,,,,,,,,3130,,,,,,,3130,0,0,no,22,1,1,false,15,0,2026-09-27,2026-10-08,0
/landed-estates,https://www.propertytaxpartners.co.uk/landed-estates,INDEXED,Submitted and indexed,PASS,2026-08-21T16:54:47Z,MOBILE,SUCCESSFUL,https://www.propertytaxpartners.co.uk/landed-estates,https://www.propertytaxpartners.co.uk/landed-estates,https://www.propertytaxpartners.co.uk/sitemap.xml,0,,landed-estates,no,2026-08,no,,,,,,,,,,3295,,,,,,,3295,0,0,no,5,1,6,false,121,1,2026-08-22,2026-10-07,0
/landlord-compliance,https://www.propertytaxpartners.co.uk/landlord-compliance,INDEXED,Submitted and indexed,PASS,2026-08-21T13:03:27Z,MOBILE,SUCCESSFUL,https://www.propertytaxpartners.co.uk/landlord-compliance,https://www.propertytaxpartners.co.uk/landlord-compliance,https://www.propertytaxpartners.co.uk/sitemap.xml,1,https://www.propertytaxpartners.co.uk/sitemap.xml,landlord-compliance,no,2026-08,no,,,,,,,,,,6429,,,,,,,6429,0,0,no,2,1,3,false,130,1,2026-08-21,2026-10-07,0
/landlord-tax,https://www.propertytaxpartners.co.uk/landlord-tax,INDEXED,Submitted and indexed,PASS,2026-08-05T21:30:09Z,MOBILE,SUCCESSFUL,https://www.propertytaxpartners.co.uk/landlord-tax,,https://www.propertytaxpartners.co.uk/sitemap.xml,1,https://www.propertytaxpartners.co.uk/sitemap.xml,landlord-tax,no,2026-08,no,,,,,,,,,,6209,,,,,,,6209,9,0,no,9,1,2,false,472,0,2026-08-06,2026-10-04,0
/leasehold,https://www.propertytaxpartners.co.uk/leasehold,INDEXED,Submitted and indexed,PASS,2026-08-21T13:11:45Z,MOBILE,SUCCESSFUL,https://www.propertytaxpartners.co.uk/leasehold,https://www.propertytaxpartners.co.uk/leasehold,https://www.propertytaxpartners.co.uk/sitemap.xml,1,https://www.propertytaxpartners.co.uk/sitemap.xml,leasehold,no,2026-08,no,,,,,,,,,,4595,,,,,,,4595,0,0,no,1,1,,false,216,3,2026-08-21,2026-10-04,0
/locations,https://www.propertytaxpartners.co.uk/locations,DISCOVERED_NOT_INDEXED,Discovered – currently not indexed,NEUTRAL,,CRAWLING_USER_AGENT_UNSPECIFIED,PAGE_FETCH_STATE_UNSPECIFIED,,,https://www.propertytaxpartners.co.uk/sitemap.xml,2,https://www.propertytaxpartners.co.uk/blog/portfolio-management/what-is-good-gross-yield-buy-to-let-property-2026;https://www.propertytaxpartners.co.uk/blog/making-tax-digital-landlords-april-2026,locations,no,,no,,,,,,,,,,233,,,,,,,233,0,0,no,0,1,,true,0,0,,,1
/locations/birmingham,https://www.propertytaxpartners.co.uk/locations/birmingham,INDEXED,Submitted and indexed,PASS,2026-09-28T19:09:25Z,MOBILE,SUCCESSFUL,https://www.propertytaxpartners.co.uk/locations/birmingham,https://www.propertytaxpartners.co.uk/locations/birmingham,,3,https://www.propertytaxpartners.co.uk/blog/property-accountant-services/birmingham-property-accountant;https://propertytaxpartners.co.uk/sitemap.xml;https://www.propertytaxpartners.co.uk/locations,locations,no,2026-09,no,,,,,,,,,,3367,,,,,,,3367,0,0,no,3,1,2,false,1955,15,2026-07-25,2026-10-08,2
/locations/bristol,https://www.propertytaxpartners.co.uk/locations/bristol,INDEXED,Submitted and indexed,PASS,2026-08-30T00:08:16Z,MOBILE,SUCCESSFUL,https://www.propertytaxpartners.co.uk/locations/bristol,https://www.propertytaxpartners.co.uk/locations/bristol,https://www.propertytaxpartners.co.uk/sitemap.xml,3,https://www.propertytaxpartners.co.uk/blog/property-accountant-services/bristol-property-accountant;https://www.propertytaxpartners.co.uk/sitemap.xml;https://www.propertytaxpartners.co.uk/locations,locations,no,2026-08,no,,,,,,,,,,3475,,,,,,,3475,0,0,no,3,1,2,false,899,1,2026-08-29,2026-10-08,0
/locations/leeds,https://www.propertytaxpartners.co.uk/locations/leeds,INDEXED,Submitted and indexed,PASS,2026-09-14T22:23:55Z,MOBILE,SUCCESSFUL,https://www.propertytaxpartners.co.uk/locations/leeds,https://www.propertytaxpartners.co.uk/locations/leeds,,2,https://propertytaxpartners.co.uk/locations/leeds;https://www.propertytaxpartners.co.uk/locations,locations,no,2026-09,no,,,,,,,,,,2965,,,,,,,2965,0,0,no,4,1,2,false,2025,8,2026-07-03,2026-10-08,0
/locations/london,https://www.propertytaxpartners.co.uk/locations/london,INDEXED,Submitted and indexed,PASS,2026-10-02T18:35:38Z,MOBILE,SUCCESSFUL,https://www.propertytaxpartners.co.uk/locations/london,https://www.propertytaxpartners.co.uk/locations/london,https://www.propertytaxpartners.co.uk/sitemap.xml,2,https://www.propertytaxpartners.co.uk/blog/property-accountant-services/london-property-accountant;https://www.propertytaxpartners.co.uk/locations,locations,no,2026-10,no,,,,,,,,,,3110,,,,,,,3110,0,0,no,3,1,2,false,575,2,2026-08-17,2026-10-08,0
/locations/manchester,https://www.propertytaxpartners.co.uk/locations/manchester,INDEXED,Submitted and indexed,PASS,2026-09-24T01:43:13Z,MOBILE,SUCCESSFUL,https://www.propertytaxpartners.co.uk/locations/manchester,https://www.propertytaxpartners.co.uk/locations/manchester,https://www.propertytaxpartners.co.uk/sitemap.xml,2,https://www.propertytaxpartners.co.uk/blog/property-accountant-services/manchester-property-accountant;https://www.propertytaxpartners.co.uk/locations,locations,no,2026-09,no,,,,,,,,,,3086,,,,,,,3086,0,0,no,4,1,2,false,1214,2,2026-08-15,2026-10-08,2
/making-tax-digital-landlords,https://www.propertytaxpartners.co.uk/making-tax-digital-landlords,INDEXED,Submitted and indexed,PASS,2026-10-06T05:40:08Z,MOBILE,SUCCESSFUL,https://www.propertytaxpartners.co.uk/making-tax-digital-landlords,https://www.propertytaxpartners.co.uk/making-tax-digital-landlords,https://www.propertytaxpartners.co.uk/sitemap.xml,2,https://www.propertytaxpartners.co.uk/landlord-tax;https://www.propertytaxpartners.co.uk/sitemap.xml,making-tax-digital-landlords,no,2026-10,no,,,,,,,,,,5175,,,,,,,5175,0,0,no,6,1,2,false,240,0,2026-08-06,2026-10-08,0
/privacy-policy,https://www.propertytaxpartners.co.uk/privacy-policy,INDEXED,Submitted and indexed,PASS,2026-09-11T22:20:19Z,MOBILE,SUCCESSFUL,https://www.propertytaxpartners.co.uk/privacy-policy,https://www.propertytaxpartners.co.uk/privacy-policy,https://www.propertytaxpartners.co.uk/sitemap.xml,1,https://www.propertytaxpartners.co.uk/sitemap.xml,privacy-policy,no,2026-09,no,,,,,,,,,,1643,,,,,,,1643,0,0,no,0,1,,true,101,1,2026-04-17,2026-10-06,0
/property-tax-rates,https://www.propertytaxpartners.co.uk/property-tax-rates,INDEXED,Submitted and indexed,PASS,2026-07-24T12:30:29Z,MOBILE,SUCCESSFUL,https://www.propertytaxpartners.co.uk/property-tax-rates,https://www.propertytaxpartners.co.uk/property-tax-rates,,1,https://propertytaxpartners.co.uk/sitemap.xml,property-tax-rates,no,2026-07,no,,,,,,,,,,1617,,,,,,,1617,162,5,no,7,1,2,false,244,0,2026-07-31,2026-10-08,0
/research,https://www.propertytaxpartners.co.uk/research,INDEXED,Submitted and indexed,PASS,2026-07-25T05:57:59Z,MOBILE,SUCCESSFUL,https://www.propertytaxpartners.co.uk/research,https://www.propertytaxpartners.co.uk/research,https://www.propertytaxpartners.co.uk/sitemap.xml,0,,research,no,2026-07,no,,,,,,,,,,53,,,,,,,53,0,0,no,0,2,,true,6,0,2026-07-26,2026-08-07,0
/research/landlord-tax-index,https://www.propertytaxpartners.co.uk/research/landlord-tax-index,INDEXED,Submitted and indexed,PASS,2026-07-24T14:21:00Z,MOBILE,SUCCESSFUL,https://www.propertytaxpartners.co.uk/research/landlord-tax-index,https://www.propertytaxpartners.co.uk/research/landlord-tax-index,https://www.propertytaxpartners.co.uk/sitemap.xml,1,https://www.propertytaxpartners.co.uk/sitemap.xml,research,no,2026-07,no,,,,,,,,,,2223,,,,,,,2223,0,0,no,12,1,3,false,19,0,2026-07-27,2026-10-02,0
/section-24,https://www.propertytaxpartners.co.uk/section-24,INDEXED,Submitted and indexed,PASS,2026-08-05T15:48:52Z,MOBILE,SUCCESSFUL,https://www.propertytaxpartners.co.uk/section-24,https://www.propertytaxpartners.co.uk/section-24,https://www.propertytaxpartners.co.uk/sitemap.xml,1,https://www.propertytaxpartners.co.uk/sitemap.xml,section-24,no,2026-08,no,,,,,,,,,,4668,,,,,,,4668,2,0,no,10,1,2,false,169,3,2026-08-06,2026-10-07,0
/services,https://www.propertytaxpartners.co.uk/services,INDEXED,Submitted and indexed,PASS,2026-08-29T10:58:37Z,MOBILE,SUCCESSFUL,https://www.propertytaxpartners.co.uk/services,https://www.propertytaxpartners.co.uk/services,,2,https://propertytaxpartners.co.uk/services;https://www.propertytaxpartners.co.uk/blog/property-accountant-vs-general-accountant,services,no,2026-08,no,,,,,,,,,,784,,,,,,,784,0,0,no,14,1,3,false,137,3,2026-07-05,2026-10-06,0
/services/landlord-accountant,https://www.propertytaxpartners.co.uk/services/landlord-accountant,INDEXED,Submitted and indexed,PASS,2026-08-05T16:59:47Z,MOBILE,SUCCESSFUL,https://www.propertytaxpartners.co.uk/services/landlord-accountant,https://www.propertytaxpartners.co.uk/services/landlord-accountant,,1,https://www.propertytaxpartners.co.uk/sitemap.xml,services,no,2026-08,no,,,,,,,,,,4217,,,,,,,4217,0,0,no,35,1,1,false,172,0,2026-08-05,2026-10-04,0
/services/non-resident-landlord,https://www.propertytaxpartners.co.uk/services/non-resident-landlord,INDEXED,Submitted and indexed,PASS,2026-08-05T17:29:41Z,MOBILE,SUCCESSFUL,https://www.propertytaxpartners.co.uk/services/non-resident-landlord,https://www.propertytaxpartners.co.uk/services/non-resident-landlord,,1,https://www.propertytaxpartners.co.uk/sitemap.xml,services,no,2026-08,no,,,,,,,,,,5637,,,,,,,5637,0,0,no,5,1,2,false,36,0,2026-08-06,2026-10-07,2
/services/property-accountant,https://www.propertytaxpartners.co.uk/services/property-accountant,INDEXED,Submitted and indexed,PASS,2026-08-06T04:42:22Z,MOBILE,SUCCESSFUL,https://www.propertytaxpartners.co.uk/services/property-accountant,https://www.propertytaxpartners.co.uk/services/property-accountant,https://www.propertytaxpartners.co.uk/sitemap.xml,1,https://www.propertytaxpartners.co.uk/sitemap.xml,services,no,2026-08,no,,,,,,,,,,3990,,,,,,,3990,0,0,no,38,1,1,false,10,0,2026-08-08,2026-09-27,0
/services/property-tax-advice,https://www.propertytaxpartners.co.uk/services/property-tax-advice,INDEXED,Submitted and indexed,PASS,2026-08-06T18:11:33Z,MOBILE,SUCCESSFUL,https://www.propertytaxpartners.co.uk/services/property-tax-advice,https://www.propertytaxpartners.co.uk/services/property-tax-advice,https://www.propertytaxpartners.co.uk/sitemap.xml,1,https://www.propertytaxpartners.co.uk/sitemap.xml,services,no,2026-08,no,,,,,,,,,,4166,,,,,,,4166,0,0,no,36,1,1,false,261,0,2026-08-06,2026-10-07,7
/spv-company,https://www.propertytaxpartners.co.uk/spv-company,INDEXED,Submitted and indexed,PASS,2026-10-05T11:27:36Z,MOBILE,SUCCESSFUL,https://www.propertytaxpartners.co.uk/spv-company,https://www.propertytaxpartners.co.uk/spv-company,https://www.propertytaxpartners.co.uk/sitemap.xml,1,https://www.propertytaxpartners.co.uk/blog/landlord-tax-essentials/landlord-vat-registration-when-required,spv-company,no,2026-10,no,,,,,,,,,,2285,,,,,,,2285,0,0,no,28,2,4,false,18,0,2026-10-05,2026-10-08,0
/terms,https://www.propertytaxpartners.co.uk/terms,INDEXED,Submitted and indexed,PASS,2026-09-11T00:58:30Z,MOBILE,SUCCESSFUL,https://www.propertytaxpartners.co.uk/terms,https://www.propertytaxpartners.co.uk/terms,https://www.propertytaxpartners.co.uk/sitemap.xml,1,https://www.propertytaxpartners.co.uk/blog/section-24-mortgage-interest-restriction-explained,terms,no,2026-09,no,,,,,,,,,,700,,,,,,,700,0,0,no,0,1,,true,171,3,2026-04-29,2026-10-06,0
