keyword,bucket,owner_or_reason,volume,best_peer_pos,best_peer_domain,our_gsc_imp,our_gsc_clicks,our_bing_imp,our_bing_clicks
salary calculator,excluded,off-niche:salary/employment,368000,26,taxd.co.uk,,,,
bring home pay calculator,excluded,off-niche:salary/employment,301000,34,taxd.co.uk,,,,
pay calculator take home,excluded,off-niche:salary/employment,301000,6,taxd.co.uk,,,,
paycheck calculator take home,excluded,off-niche:salary/employment,301000,28,taxd.co.uk,,,,
take home pay calculator,excluded,off-niche:salary/employment,301000,9,taxd.co.uk,,,,
take home pay salary calculator,excluded,off-niche:salary/employment,301000,31,taxd.co.uk,,,,
wage take home calculator,excluded,off-niche:salary/employment,301000,26,ukpropertyaccountants.co.uk,,,,
stamp duty calculator,already-covered,"sdlt-cluster (deployed 08-18, window armed)",246000,43,uklandlordtax.co.uk,,,,
earning calculator uk,excluded,off-niche:salary/employment,165000,35,taxd.co.uk,,,,
earnings calculator uk,excluded,off-niche:salary/employment,165000,32,taxd.co.uk,,,,
income calculator uk,excluded,off-niche:salary/employment,165000,43,taxd.co.uk,,,,
pay calculator uk,excluded,off-niche:salary/employment,165000,7,taxd.co.uk,,,,
paycheck calculator uk,excluded,off-niche:salary/employment,165000,13,taxd.co.uk,,,,
payroll calculator uk,excluded,off-niche:salary/employment,165000,33,taxd.co.uk,,,,
salary calculator england,excluded,off-niche:salary/employment,165000,28,taxd.co.uk,,,,
salary uk calculator,excluded,off-niche:salary/employment,165000,19,taxd.co.uk,,,,
uk pay calculator,excluded,off-niche:salary/employment,165000,4,taxd.co.uk,,,,
uk payroll calculator,excluded,off-niche:salary/employment,165000,35,taxd.co.uk,,,,
uk salary calculator,excluded,off-niche:salary/employment,165000,29,taxd.co.uk,,,,
uk wage calculator,excluded,off-niche:salary/employment,165000,18,taxd.co.uk,,,,
wage calculator uk,excluded,off-niche:salary/employment,165000,35,taxd.co.uk,,,,
wages calculator uk,excluded,off-niche:salary/employment,165000,25,taxd.co.uk,,,,
home loan calculator repayment,excluded,"generic-mortgage: bank/MSE-owned, no landlord intent",90500,52,ukpropertyaccountants.co.uk,,,,
housing loan repayment calculator,excluded,"generic-mortgage: bank/MSE-owned, no landlord intent",90500,48,uklandlordtax.co.uk,,,,
mortgage loan repayment calculator,excluded,"generic-mortgage: bank/MSE-owned, no landlord intent",90500,51,ukpropertyaccountants.co.uk,,,,
mortgage repayment calculator,excluded,"generic-mortgage: bank/MSE-owned, no landlord intent",90500,46,ukpropertyaccountants.co.uk,,,,
repayment calculator for home loan,excluded,"generic-mortgage: bank/MSE-owned, no landlord intent",90500,51,ukpropertyaccountants.co.uk,,,,
salary calculator take home uk,excluded,off-niche:salary/employment,74000,6,taxd.co.uk,,,,
salary calculator uk take home pay,excluded,off-niche:salary/employment,74000,15,taxd.co.uk,,,,
salary take home calculator uk,excluded,off-niche:salary/employment,74000,6,taxd.co.uk,,,,
take home pay calculator uk,excluded,off-niche:salary/employment,74000,6,taxd.co.uk,,,,
take-home pay calculator uk,excluded,off-niche:salary/employment,74000,6,taxd.co.uk,,,,
uk take home pay calculator,excluded,off-niche:salary/employment,74000,6,taxd.co.uk,,,,
england stamp duty calculator,already-covered,"sdlt-cluster (deployed 08-18, window armed)",60500,56,landlordstudio.com,,,,
stamp duty calculator england,already-covered,"sdlt-cluster (deployed 08-18, window armed)",60500,31,uklandlordtax.co.uk,,,,
stamp duty calculator uk,already-covered,"sdlt-cluster (deployed 08-18, window armed)",60500,33,uklandlordtax.co.uk,,,,
stamp tax calculator uk,already-covered,"sdlt-cluster (deployed 08-18, window armed)",60500,30,uklandlordtax.co.uk,,,,
tax in the uk calculator,excluded,off-niche:salary/employment,60500,39,taxd.co.uk,,,,
uk stamp duty calculator,already-covered,"sdlt-cluster (deployed 08-18, window armed)",60500,33,uklandlordtax.co.uk,,,,
sdlt calculator,already-covered,"sdlt-cluster (deployed 08-18, window armed)",40500,26,ukpropertyaccountants.co.uk,70,0,,
stamp duty land tax calculator,already-covered,"sdlt-cluster (deployed 08-18, window armed)",40500,28,ukpropertyaccountants.co.uk,,,,
earnings tax calculator uk,excluded,off-niche:general-tax-calc (no property qualifier),27100,25,taxd.co.uk,,,,
salary and take home pay calculator,excluded,off-niche:salary/employment,27100,5,taxd.co.uk,,,,
salary tax calculator uk,excluded,off-niche:salary/employment,27100,32,ukpropertyaccountants.co.uk,,,,
take home calculator,excluded,off-niche:salary/employment,27100,36,taxd.co.uk,,,,
take home salary calculator,excluded,off-niche:salary/employment,27100,25,taxd.co.uk,,,,
take-home salary calculator,excluded,off-niche:salary/employment,27100,20,taxd.co.uk,,,,
tax on earnings calculator uk,excluded,off-niche:salary/employment,27100,50,ukpropertyaccountants.co.uk,,,,
uk vat calculator,excluded,off-niche:vat-general,27100,30,cruseburke.co.uk,,,,
united kingdom vat calculator,excluded,off-niche:vat-general,27100,30,cruseburke.co.uk,,,,
vat calculator uk,excluded,off-niche:vat-general,27100,24,cruseburke.co.uk,,,,
wage calculator,excluded,off-niche:salary/employment,27100,43,taxd.co.uk,,,,
wages calculator,excluded,off-niche:salary/employment,27100,39,taxd.co.uk,,,,
buy let mortgage calculator,assigned,calculators/buy-to-let-mortgage-calculator,22200,2,uklandlordtax.co.uk,,,,
buy to let mortgage calculator,assigned,calculators/buy-to-let-mortgage-calculator,22200,4,uklandlordtax.co.uk,27,0,,
buy to let mortgage repayment calculator,assigned,calculators/buy-to-let-mortgage-calculator,22200,1,uklandlordtax.co.uk,3,0,,
buy to let mortgage repayments calculator,assigned,calculators/buy-to-let-mortgage-calculator,22200,2,uklandlordtax.co.uk,,,,
buy to let mortgage uk calculator,assigned,calculators/buy-to-let-mortgage-calculator,22200,4,uklandlordtax.co.uk,,,,
buy to rent mortgage calculator,assigned,calculators/buy-to-let-mortgage-calculator,22200,2,uklandlordtax.co.uk,,,,
buy-to let repayment mortgage calculator,assigned,calculators/buy-to-let-mortgage-calculator,22200,3,uklandlordtax.co.uk,,,,
after tax earnings calculator,excluded,off-niche:salary/employment,18100,48,taxd.co.uk,,,,
after tax income calculator,excluded,off-niche:salary/employment,18100,35,taxd.co.uk,,,,
after tax salary calculator,excluded,off-niche:salary/employment,18100,14,taxd.co.uk,,,,
calculator salary after tax,excluded,off-niche:salary/employment,18100,23,taxd.co.uk,,,,
home loan repayment calculator uk,excluded,"generic-mortgage: bank/MSE-owned, no landlord intent",18100,50,ukpropertyaccountants.co.uk,,,,
mortgage pay calculator,excluded,off-niche:salary/employment,18100,74,ukpropertyaccountants.co.uk,,,,
national insurance and tax calculator,excluded,off-niche:general-accountancy-calc,18100,14,taxd.co.uk,,,,
net income calculator,excluded,off-niche:salary/employment,18100,49,taxd.co.uk,,,,
net pay calculator,excluded,off-niche:salary/employment,18100,36,taxd.co.uk,,,,
net wages calculator,excluded,off-niche:salary/employment,18100,20,taxd.co.uk,,,,
paying mortgage calculator,excluded,"generic-mortgage: bank/MSE-owned, no landlord intent",18100,74,ukpropertyaccountants.co.uk,,,,
payment after tax calculator,excluded,off-niche:salary/employment,18100,37,taxd.co.uk,,,,
post tax income calculator,excluded,off-niche:salary/employment,18100,31,taxd.co.uk,,,,
post tax salary calculator,excluded,off-niche:salary/employment,18100,38,taxd.co.uk,,,,
repayment calculator mortgage uk,excluded,"generic-mortgage: bank/MSE-owned, no landlord intent",18100,47,ukpropertyaccountants.co.uk,,,,
salary after tax calculator,excluded,off-niche:salary/employment,18100,38,taxd.co.uk,,,,
salary calculator after tax,excluded,off-niche:salary/employment,18100,15,taxd.co.uk,,,,
take home pay calculator taxes,excluded,off-niche:salary/employment,18100,35,taxd.co.uk,,,,
uk home loan repayment calculator,excluded,"generic-mortgage: bank/MSE-owned, no landlord intent",18100,62,ukpropertyaccountants.co.uk,,,,
after tax calculator,excluded,off-niche:salary/employment,14800,48,taxd.co.uk,,,,
capital gains tax calculator,already-covered,"cgt-cluster (batch cgt1, deploy parked)",14800,9,ukpropertyaccountants.co.uk,,,,
employed and self employed tax calculator,excluded,off-niche:general-accountancy-calc,14800,35,taxd.co.uk,,,,
employed and self-employed tax calculator,excluded,off-niche:general-accountancy-calc,14800,39,optimiseaccountants.co.uk,,,,
gain tax calculator,already-covered,"cgt-cluster (batch cgt1, deploy parked)",14800,18,ukpropertyaccountants.co.uk,,,,
gross to net income calculator uk,excluded,off-niche:salary/employment,14800,13,taxd.co.uk,,,,
gross to net pay calculator uk,excluded,off-niche:salary/employment,14800,12,taxd.co.uk,,,,
net income calculator uk,excluded,off-niche:salary/employment,14800,10,taxd.co.uk,,,,
net income uk calculator,excluded,off-niche:salary/employment,14800,36,taxd.co.uk,,,,
net pay calculator uk,excluded,off-niche:salary/employment,14800,5,taxd.co.uk,,,,
net salary calculator uk,excluded,off-niche:salary/employment,14800,9,taxd.co.uk,,,,
net wage calculator uk,excluded,off-niche:salary/employment,14800,11,taxd.co.uk,,,,
paye calculator,excluded,off-niche:salary/employment,14800,65,taxd.co.uk,,,,
property gains tax calculator,already-covered,"cgt-cluster (batch cgt1, deploy parked)",14800,20,taxd.co.uk,,,,
self employed and employed tax calculator,excluded,off-niche:general-accountancy-calc,14800,21,taxd.co.uk,,,,
self employed tax calculator,excluded,off-niche:general-accountancy-calc,14800,17,taxd.co.uk,,,,
tax calculator employed and self employed,excluded,off-niche:general-accountancy-calc,14800,41,optimiseaccountants.co.uk,,,,
tax calculator self employed,excluded,off-niche:general-accountancy-calc,14800,25,taxd.co.uk,,,,
uk net salary calculator,excluded,off-niche:salary/employment,14800,16,taxd.co.uk,,,,
calculator wage,excluded,off-niche:salary/employment,12100,61,taxd.co.uk,,,,
calculator wages,excluded,off-niche:salary/employment,12100,32,taxd.co.uk,,,,
hsbc mortgage payment calculator,excluded,brand-navigational,12100,50,ukpropertyaccountants.co.uk,,,,
interest only loans mortgage calculator,excluded,"generic-mortgage: bank/MSE-owned, no landlord intent",12100,25,uklandlordtax.co.uk,,,,
interest only mortgage calculator,excluded,"generic-mortgage: bank/MSE-owned, no landlord intent",12100,14,uklandlordtax.co.uk,,,,
mortgage calculator for interest only loan,excluded,"generic-mortgage: bank/MSE-owned, no landlord intent",12100,24,uklandlordtax.co.uk,,,,
net income salary calculator,excluded,off-niche:salary/employment,12100,20,taxd.co.uk,,,,
net salary income calculator,excluded,off-niche:salary/employment,12100,43,taxd.co.uk,,,,
pay calculator,excluded,off-niche:salary/employment,12100,27,taxd.co.uk,,,,
salary calculator net pay,excluded,off-niche:salary/employment,12100,20,taxd.co.uk,,,,
capital gains calculator uk,already-covered,"cgt-cluster (batch cgt1, deploy parked)",9900,19,taxd.co.uk,,,,
capital gains tax calculator uk,already-covered,"cgt-cluster (batch cgt1, deploy parked)",9900,20,taxd.co.uk,,,,
capital gains tax uk calculator,already-covered,"cgt-cluster (batch cgt1, deploy parked)",9900,20,taxd.co.uk,,,,
cgt calculator uk,already-covered,"cgt-cluster (batch cgt1, deploy parked)",9900,18,ukpropertyaccountants.co.uk,,,,
iht calculator,excluded,off-niche:general-accountancy-calc,9900,31,optimiseaccountants.co.uk,,,,
income tax from salary calculator,excluded,off-niche:salary/employment,9900,29,taxd.co.uk,,,,
inheritance tax calculator,excluded,off-niche:general-accountancy-calc,9900,24,cruseburke.co.uk,,,,
lbtt calculator,already-covered,"sdlt-cluster (deployed 08-18, window armed)",9900,25,ukpropertyaccountants.co.uk,3,0,332,0
salary and tax calculator,excluded,off-niche:salary/employment,9900,25,ukpropertyaccountants.co.uk,,,,
salary calculator tax,excluded,off-niche:salary/employment,9900,18,taxd.co.uk,,,,
salary income tax calculator,excluded,off-niche:salary/employment,9900,18,ukpropertyaccountants.co.uk,,,,
salary tax calculator,excluded,off-niche:salary/employment,9900,33,ukpropertyaccountants.co.uk,,,,
tax calculator on salary,excluded,off-niche:salary/employment,9900,28,ukpropertyaccountants.co.uk,,,,
the salary calculator,excluded,off-niche:salary/employment,9900,29,taxd.co.uk,,,,
uk capital gains tax calculator,already-covered,"cgt-cluster (batch cgt1, deploy parked)",9900,16,taxd.co.uk,,,,
family allowance calculator,excluded,off-niche:salary/employment,8100,28,ukpropertyaccountants.co.uk,,,,
dividend tax calculator,excluded,off-niche:general-accountancy-calc,6600,47,cruseburke.co.uk,,,,
dividend yield,excluded,off-niche:general-accountancy-calc,6600,24,cruseburke.co.uk,,,,
home loan calculator rate,excluded,"generic-mortgage: bank/MSE-owned, no landlord intent",6600,52,uklandlordtax.co.uk,,,,
home loan rate calculators,excluded,"generic-mortgage: bank/MSE-owned, no landlord intent",6600,46,uklandlordtax.co.uk,,,,
home loans rates calculator,excluded,"generic-mortgage: bank/MSE-owned, no landlord intent",6600,49,uklandlordtax.co.uk,,,,
home mortgage rates calculator,excluded,"generic-mortgage: bank/MSE-owned, no landlord intent",6600,57,uklandlordtax.co.uk,,,,
housing loan monthly payment calculator,excluded,off-niche:salary/employment,6600,37,uklandlordtax.co.uk,,,,
housing loan rate calculator,excluded,"generic-mortgage: bank/MSE-owned, no landlord intent",6600,41,uklandlordtax.co.uk,,,,
income calculator,excluded,off-niche:salary/employment,6600,43,taxd.co.uk,,,,
land registration fees calculator,deferred,"candidate-tool:hmlr-fee-calculator (6.6k, weak brand fit)",6600,63,uklandlordtax.co.uk,,,,
loan calculator for student loans,excluded,off-niche:general-accountancy-calc,6600,45,cruseburke.co.uk,,,,
monthly calculator salary,excluded,off-niche:salary/employment,6600,23,taxd.co.uk,,,,
monthly income calculator,excluded,off-niche:salary/employment,6600,51,taxd.co.uk,,,,
monthly pay calculator,excluded,off-niche:salary/employment,6600,29,taxd.co.uk,,,,
monthly salary calculator uk,excluded,off-niche:salary/employment,6600,40,taxd.co.uk,,,,
mortgage rate payment calculator,excluded,"generic-mortgage: bank/MSE-owned, no landlord intent",6600,63,ukpropertyaccountants.co.uk,,,,
national insurance calculator,excluded,off-niche:general-accountancy-calc,6600,26,ukpropertyaccountants.co.uk,,,,
rd tax calculator,assigned,calculators/rd-tax-credit-calculator,6600,62,taxd.co.uk,,,,
salary calculator month,excluded,off-niche:salary/employment,6600,53,taxd.co.uk,,,,
salary calculator monthly,excluded,off-niche:salary/employment,6600,46,taxd.co.uk,,,,
scotland take home pay calculator,excluded,off-niche:salary/employment,6600,10,taxd.co.uk,,,,
tax on dividends calculator,excluded,off-niche:general-accountancy-calc,6600,51,cruseburke.co.uk,,,,
taxes on dividends calculator,excluded,off-niche:general-accountancy-calc,6600,48,cruseburke.co.uk,,,,
wage calculator monthly,excluded,off-niche:salary/employment,6600,35,taxd.co.uk,,,,
corporation tax calculator,excluded,off-niche:general-accountancy-calc,5400,47,optimiseaccountants.co.uk,,,,
ltv calculator,assigned,calculators/buy-to-let-mortgage-calculator,5400,31,ukpropertyaccountants.co.uk,,,,
mortgage repayments calculator,excluded,"generic-mortgage: bank/MSE-owned, no landlord intent",5400,61,ukpropertyaccountants.co.uk,,,,
salary calculator scotland,excluded,off-niche:salary/employment,5400,40,taxd.co.uk,,,,
scotland salary calculator,excluded,off-niche:salary/employment,5400,38,taxd.co.uk,,,,
uk salary and tax calculator,excluded,off-niche:salary/employment,5400,51,taxd.co.uk,,,,
uk salary tax calculator,excluded,off-niche:salary/employment,5400,33,taxd.co.uk,,,,
uk tax calculator salary,excluded,off-niche:salary/employment,5400,43,ukpropertyaccountants.co.uk,,,,
uk tax salary calculator,excluded,off-niche:salary/employment,5400,30,ukpropertyaccountants.co.uk,,,,
uk wage calculator tax,excluded,off-niche:salary/employment,5400,24,ukpropertyaccountants.co.uk,,,,
lbtt calculator scotland,already-covered,"sdlt-cluster (deployed 08-18, window armed)",4400,26,ukpropertyaccountants.co.uk,1,0,519,0
money saving expert tax calculator,excluded,brand-navigational,4400,42,taxd.co.uk,,,,
mortgage loan interest calculator,excluded,"generic-mortgage: bank/MSE-owned, no landlord intent",4400,35,uklandlordtax.co.uk,,,,
mse tax calculator,excluded,brand-navigational,4400,37,taxd.co.uk,,,,
my salary calculator,excluded,off-niche:salary/employment,4400,36,taxd.co.uk,,,,
national insurance tax calculator,excluded,off-niche:general-accountancy-calc,4400,15,taxd.co.uk,,,,
paye calculator uk,excluded,off-niche:salary/employment,4400,43,taxd.co.uk,,,,
paye tax calculator uk,excluded,off-niche:salary/employment,4400,37,taxd.co.uk,,,,
scotland lbtt calculator,already-covered,"sdlt-cluster (deployed 08-18, window armed)",4400,27,ukpropertyaccountants.co.uk,,,28,0
second home stamp duty calculator,already-covered,"sdlt-cluster (deployed 08-18, window armed)",4400,27,uklandlordtax.co.uk,,,,
stamp duty 2nd home calculator,already-covered,"sdlt-cluster (deployed 08-18, window armed)",4400,37,optimiseaccountants.co.uk,,,,
stamp duty calculator 2nd home,already-covered,"sdlt-cluster (deployed 08-18, window armed)",4400,23,uklandlordtax.co.uk,,,,
stamp duty calculator wales,already-covered,"sdlt-cluster (deployed 08-18, window armed)",4400,15,uklandlordtax.co.uk,,,,
tax national insurance calculator,excluded,off-niche:general-accountancy-calc,4400,18,taxd.co.uk,,,,
tax rebate calculator,excluded,off-niche:refund/expat-employment,4400,4,taxd.co.uk,,,,
tax return calculator,excluded,off-niche:refund/expat-employment,4400,53,taxd.co.uk,,,,
wales stamp duty calculator,already-covered,"sdlt-cluster (deployed 08-18, window armed)",4400,14,uklandlordtax.co.uk,,,,
after tax calculator uk,excluded,off-niche:salary/employment,3600,24,taxd.co.uk,,,,
cgt calculator,already-covered,"cgt-cluster (batch cgt1, deploy parked)",3600,15,ukpropertyaccountants.co.uk,,,,
commercial stamp duty calculator,already-covered,"sdlt-cluster (deployed 08-18, window armed)",3600,42,optimiseaccountants.co.uk,,,,
post tax calculator uk,excluded,off-niche:salary/employment,3600,28,taxd.co.uk,,,,
stamp duty calculator commercial,already-covered,"sdlt-cluster (deployed 08-18, window armed)",3600,25,uklandlordtax.co.uk,,,,
stamp duty calculator for commercial property,already-covered,"sdlt-cluster (deployed 08-18, window armed)",3600,32,optimiseaccountants.co.uk,,,,
str calculator,deferred,candidate-tool:fhl-str (post-FHL-abolition angle),3600,50,taxd.co.uk,,,,
take home tax calculator,excluded,off-niche:salary/employment,3600,31,taxd.co.uk,,,,
tax take home calculator,excluded,off-niche:salary/employment,3600,27,taxd.co.uk,,,,
uk after tax calculator,excluded,off-niche:salary/employment,3600,23,taxd.co.uk,,,,
vat calculator online,excluded,off-niche:vat-general,3600,25,cruseburke.co.uk,,,,
capital gain tax calculator,already-covered,"cgt-cluster (batch cgt1, deploy parked)",2900,22,taxd.co.uk,,,,
capital gains calculator,already-covered,"cgt-cluster (batch cgt1, deploy parked)",2900,15,ukpropertyaccountants.co.uk,,,,
earnings after tax calculator uk,excluded,off-niche:salary/employment,2900,43,taxd.co.uk,,,,
ebay fee calculator uk,excluded,off-niche:marketplace/crypto,2900,37,cruseburke.co.uk,,,,
ebay uk fee calculator,excluded,off-niche:marketplace/crypto,2900,43,cruseburke.co.uk,,,,
employee ni calculator,excluded,off-niche:general-accountancy-calc,2900,32,ukpropertyaccountants.co.uk,,,,
employer ni calculator,excluded,off-niche:general-accountancy-calc,2900,36,ukpropertyaccountants.co.uk,,,,
employer ni contribution calculator,excluded,off-niche:general-accountancy-calc,2900,44,ukpropertyaccountants.co.uk,,,,
employer nic calculator,excluded,off-niche:salary/employment,2900,18,ukpropertyaccountants.co.uk,,,,
employers ni calculator,excluded,off-niche:general-accountancy-calc,2900,39,ukpropertyaccountants.co.uk,,,,
hmrc income tax calculator,excluded,off-niche:salary/employment,2900,18,ukpropertyaccountants.co.uk,,,,
hmrc salary calculator,excluded,off-niche:salary/employment,2900,41,taxd.co.uk,,,,
hmrc sdlt calculator,already-covered,"sdlt-cluster (deployed 08-18, window armed)",2900,35,uklandlordtax.co.uk,,,,
income yearly calculator,excluded,off-niche:long-tail (class-reviewed pass 3),2900,51,taxd.co.uk,,,,
inheritance tax calculator uk,excluded,off-niche:general-accountancy-calc,2900,42,optimiseaccountants.co.uk,,,,
loan ltv calculator,assigned,calculators/buy-to-let-mortgage-calculator,2900,18,ukpropertyaccountants.co.uk,,,,
loan to value calculator,assigned,calculators/buy-to-let-mortgage-calculator,2900,31,ukpropertyaccountants.co.uk,,,,
ltt calculator,already-covered,"sdlt-cluster (deployed 08-18, window armed)",2900,19,uklandlordtax.co.uk,,,83,0
non domestic rates calculator,excluded,off-niche:local-tax-generic,2900,45,cruseburke.co.uk,,,,
pay as you earn tax calculator,excluded,off-niche:salary/employment,2900,73,taxd.co.uk,,,,
salary after tax calculator uk,excluded,off-niche:salary/employment,2900,29,taxd.co.uk,,,,
salary calculator hmrc,excluded,off-niche:salary/employment,2900,32,ukpropertyaccountants.co.uk,,,,
sdlt calculator hmrc,already-covered,"sdlt-cluster (deployed 08-18, window armed)",2900,25,uklandlordtax.co.uk,,,,
stamp duty calculator 2025,already-covered,"sdlt-cluster (deployed 08-18, window armed)",2900,20,uklandlordtax.co.uk,,,,
take home salary calculator uk,excluded,off-niche:salary/employment,2900,7,taxd.co.uk,,,,
tax and paye calculator,excluded,off-niche:salary/employment,2900,40,taxd.co.uk,,,,
uk ebay fee calculator,excluded,off-niche:marketplace/crypto,2900,37,cruseburke.co.uk,,,,
uk income after tax calculator,excluded,off-niche:salary/employment,2900,36,taxd.co.uk,,,,
uk salary after taxes calculator,excluded,off-niche:salary/employment,2900,31,taxd.co.uk,,,,
wages after tax calculator uk,excluded,off-niche:salary/employment,2900,37,taxd.co.uk,,,,
yield calculator,assigned,calculators/rental-yield-calculator,2900,46,landlordstudio.com,,,,
after income tax calculator,excluded,off-niche:salary/employment,2400,28,taxd.co.uk,,,,
bonus tax calculator,excluded,off-niche:salary/employment,2400,10,taxd.co.uk,,,,
calculate rent yield,assigned,calculators/rental-yield-calculator,2400,11,landlordstudio.com,,,,
calculate rental yields,assigned,calculators/rental-yield-calculator,2400,13,landlordstudio.com,,,,
calculator for after tax income,excluded,off-niche:salary/employment,2400,24,taxd.co.uk,,,,
gross and net calculator,excluded,off-niche:salary/employment,2400,78,taxd.co.uk,,,,
hmrc stamp duty calculator,already-covered,"sdlt-cluster (deployed 08-18, window armed)",2400,31,uklandlordtax.co.uk,,,,
hmrc tax paye calculator,excluded,off-niche:salary/employment,2400,51,ukpropertyaccountants.co.uk,,,,
income after tax calculator,excluded,off-niche:salary/employment,2400,40,taxd.co.uk,,,,
ni calculator,excluded,off-niche:salary/employment,2400,21,ukpropertyaccountants.co.uk,,,,
paycheck calculator,excluded,off-niche:salary/employment,2400,26,taxd.co.uk,,,,
payroll calculator,excluded,off-niche:salary/employment,2400,85,taxd.co.uk,,,,
pension calculator tax relief,excluded,off-niche:general-accountancy-calc,2400,43,cruseburke.co.uk,,,,
pension tax relief calculator,excluded,off-niche:general-accountancy-calc,2400,39,cruseburke.co.uk,,,,
rental yield calculator,assigned,calculators/rental-yield-calculator,2400,9,landlordstudio.com,78,0,,
tax calculator bonus payment,excluded,off-niche:salary/employment,2400,10,taxd.co.uk,,,,
tax calculator monthly,excluded,off-niche:general-tax-calc (no property qualifier),2400,36,taxd.co.uk,,,,
tax calculator on bonus payment,excluded,off-niche:salary/employment,2400,13,taxd.co.uk,,,,
tax on bonus calculator,excluded,off-niche:salary/employment,2400,9,taxd.co.uk,,,,
tax on bonus payments calculator,excluded,off-niche:salary/employment,2400,13,taxd.co.uk,,,,
tax relief pension calculator,excluded,off-niche:general-accountancy-calc,2400,43,cruseburke.co.uk,,,,
adjusted net income calculator,excluded,off-niche:salary/employment,1900,70,taxd.co.uk,,,,
btl mortgage calculator,assigned,calculators/buy-to-let-mortgage-calculator,1900,3,uklandlordtax.co.uk,25,0,,
capital gains calculator property,already-covered,"cgt-cluster (batch cgt1, deploy parked)",1900,11,provestor.co.uk,,,3,1
capital gains on property calculator,already-covered,"cgt-cluster (batch cgt1, deploy parked)",1900,11,provestor.co.uk,,,4,0
capital gains tax calculator on property,already-covered,"cgt-cluster (batch cgt1, deploy parked)",1900,11,provestor.co.uk,,,3,0
cgt calculator for property,already-covered,"cgt-cluster (batch cgt1, deploy parked)",1900,9,provestor.co.uk,,,,
cgt calculator property,already-covered,"cgt-cluster (batch cgt1, deploy parked)",1900,11,provestor.co.uk,,,,
cgt on property calculator,already-covered,"cgt-cluster (batch cgt1, deploy parked)",1900,16,provestor.co.uk,,,,
employed and self employed tax calculator uk,excluded,off-niche:general-accountancy-calc,1900,26,optimiseaccountants.co.uk,,,,
first time buyer stamp duty calculator,already-covered,"sdlt-cluster (deployed 08-18, window armed)",1900,40,ukpropertyaccountants.co.uk,28,0,,
gov stamp duty calculator,already-covered,"sdlt-cluster (deployed 08-18, window armed)",1900,19,uklandlordtax.co.uk,,,,
gov.uk stamp duty calculator,already-covered,"sdlt-cluster (deployed 08-18, window armed)",1900,35,uklandlordtax.co.uk,,,,
gross profit calculator,excluded,off-niche:salary/employment,1900,43,cruseburke.co.uk,,,,
interest only mortgage calculator uk,excluded,"generic-mortgage: bank/MSE-owned, no landlord intent",1900,28,uklandlordtax.co.uk,,,,
mortgage calculator interest only uk,excluded,"generic-mortgage: bank/MSE-owned, no landlord intent",1900,18,uklandlordtax.co.uk,,,,
mortgage calculator uk interest only,excluded,"generic-mortgage: bank/MSE-owned, no landlord intent",1900,17,uklandlordtax.co.uk,,,,
mortgage cost calculator uk,excluded,"generic-mortgage: bank/MSE-owned, no landlord intent",1900,73,ukpropertyaccountants.co.uk,,,,
mortgage monthly repayment calculator,excluded,"generic-mortgage: bank/MSE-owned, no landlord intent",1900,42,ukpropertyaccountants.co.uk,,,,
pension and tax calculator,excluded,off-niche:general-accountancy-calc,1900,59,taxd.co.uk,,,,
pension tax calculator hmrc,excluded,off-niche:general-accountancy-calc,1900,32,cruseburke.co.uk,,,,
property capital gains tax calculator,already-covered,"cgt-cluster (batch cgt1, deploy parked)",1900,10,provestor.co.uk,,,,
property cgt calculator,already-covered,"cgt-cluster (batch cgt1, deploy parked)",1900,10,provestor.co.uk,,,,
rebate tax calculator,excluded,off-niche:refund/expat-employment,1900,5,taxd.co.uk,,,,
salary sacrifice calculator car,excluded,off-niche:salary/employment,1900,61,taxd.co.uk,,,,
self assessment tax calculator,excluded,off-niche:general-accountancy-calc,1900,40,optimiseaccountants.co.uk,,,,
self employed tax calculator uk,excluded,off-niche:general-accountancy-calc,1900,38,optimiseaccountants.co.uk,,,,
self employment uk tax calculator,excluded,off-niche:general-accountancy-calc,1900,37,optimiseaccountants.co.uk,,,,
stamp duty calculator first time buyer,already-covered,"sdlt-cluster (deployed 08-18, window armed)",1900,44,ukpropertyaccountants.co.uk,25,0,,
stamp duty calculator gov,already-covered,"sdlt-cluster (deployed 08-18, window armed)",1900,36,uklandlordtax.co.uk,,,,
stamp duty tax calculator,already-covered,"sdlt-cluster (deployed 08-18, window armed)",1900,7,uklandlordtax.co.uk,,,,
take home pay calculator 2025,excluded,off-niche:salary/employment,1900,27,taxd.co.uk,,,,
take-home pay calculator 2025,excluded,off-niche:salary/employment,1900,30,taxd.co.uk,,,,
tax and refund calculator,excluded,off-niche:refund/expat-employment,1900,16,taxd.co.uk,,,,
tax back calculator,excluded,off-niche:refund/expat-employment,1900,7,taxd.co.uk,,,,
tax refund calculator,excluded,off-niche:refund/expat-employment,1900,9,taxd.co.uk,,,,
tax salary calculator,excluded,off-niche:salary/employment,1900,30,taxd.co.uk,,,,
tax self assessment calculator,excluded,off-niche:general-accountancy-calc,1900,36,optimiseaccountants.co.uk,,,,
tax wage calculator,excluded,off-niche:salary/employment,1900,48,ukpropertyaccountants.co.uk,,,,
the salary calculator uk,excluded,off-niche:salary/employment,1900,19,taxd.co.uk,,,,
uk self employed tax calculator,excluded,off-niche:general-accountancy-calc,1900,39,optimiseaccountants.co.uk,,,,
bonus calculator,excluded,off-niche:salary/employment,1600,7,taxd.co.uk,,,,
bonus payment calculator,excluded,off-niche:salary/employment,1600,9,taxd.co.uk,,,,
buy to let calculator,assigned,calculators/buy-to-let-mortgage-calculator,1600,3,uklandlordtax.co.uk,81,0,,
buy to let mortgage calculator uk,assigned,calculators/buy-to-let-mortgage-calculator,1600,4,uklandlordtax.co.uk,14,0,,
calculator house loan,excluded,"generic-mortgage: bank/MSE-owned, no landlord intent",1600,51,uklandlordtax.co.uk,,,,
capital gains tax on property calculator uk,already-covered,"cgt-cluster (batch cgt1, deploy parked)",1600,16,ukpropertyaccountants.co.uk,,,,
capital gains tax uk property calculator,already-covered,"cgt-cluster (batch cgt1, deploy parked)",1600,10,ukpropertyaccountants.co.uk,,,,
cgt calculator property uk,already-covered,"cgt-cluster (batch cgt1, deploy parked)",1600,16,ukpropertyaccountants.co.uk,,,,
cis calculator,deferred,trade-site:cis,1600,3,taxd.co.uk,,,,
corp tax calculator,excluded,off-niche:general-tax-calc (no property qualifier),1600,42,optimiseaccountants.co.uk,,,,
corporate tax calculator,excluded,off-niche:general-tax-calc (no property qualifier),1600,39,optimiseaccountants.co.uk,,,,
corporation tax calculator uk,excluded,off-niche:general-accountancy-calc,1600,41,optimiseaccountants.co.uk,,,,
corporation tax rate calculator,excluded,off-niche:general-accountancy-calc,1600,51,optimiseaccountants.co.uk,,,,
corporation tax rates calculator,excluded,off-niche:general-accountancy-calc,1600,45,optimiseaccountants.co.uk,,,,
corporation tax uk calculator,excluded,off-niche:general-accountancy-calc,1600,51,optimiseaccountants.co.uk,,,,
ebay calculator uk,excluded,off-niche:marketplace/crypto,1600,41,cruseburke.co.uk,,,,
limited company tax calculator,excluded,off-niche:general-tax-calc (no property qualifier),1600,31,optimiseaccountants.co.uk,,,,
loan calculator for house,excluded,"generic-mortgage: bank/MSE-owned, no landlord intent",1600,48,uklandlordtax.co.uk,,,,
ltd company tax calculator,excluded,off-niche:general-tax-calc (no property qualifier),1600,24,optimiseaccountants.co.uk,,,,
money saving expert salary calculator,excluded,off-niche:salary/employment,1600,36,taxd.co.uk,,,,
mse salary calculator,excluded,off-niche:salary/employment,1600,24,taxd.co.uk,,,,
national insurance and tax calculator uk,excluded,off-niche:general-accountancy-calc,1600,17,taxd.co.uk,,,,
pay tax calculator,excluded,off-niche:general-tax-calc (no property qualifier),1600,34,taxd.co.uk,,,,
property cgt calculator uk,already-covered,"cgt-cluster (batch cgt1, deploy parked)",1600,12,ukpropertyaccountants.co.uk,,,,
rent calculator,assigned,calculators/rental-income-tax-calculator,1600,60,taxd.co.uk,,,,
rent income tax calculator,excluded,off-niche:salary/employment,1600,7,taxd.co.uk,,,,
rental income tax calculator,assigned,calculators/rental-income-tax-calculator,1600,11,taxd.co.uk,3,0,,
salary and bonus calculator,excluded,off-niche:salary/employment,1600,6,taxd.co.uk,,,,
self employment tax calculator uk,excluded,off-niche:general-accountancy-calc,1600,23,taxd.co.uk,,,,
tax on rental income calculator,assigned,calculators/rental-income-tax-calculator,1600,8,taxd.co.uk,,,,
teacher pay take home calculator,excluded,off-niche:salary/employment,1600,37,taxd.co.uk,,,,
teacher take home pay calculator,excluded,off-niche:salary/employment,1600,36,taxd.co.uk,,,,
teacher take-home pay calculator,excluded,off-niche:salary/employment,1600,37,taxd.co.uk,,,,
teachers take home pay calculator,excluded,off-niche:salary/employment,1600,39,taxd.co.uk,,,,
wage and tax calculator,excluded,off-niche:salary/employment,1600,31,taxd.co.uk,,,,
wage and taxes calculator,excluded,off-niche:salary/employment,1600,31,taxd.co.uk,,,,
wage tax calculator,excluded,off-niche:salary/employment,1600,31,ukpropertyaccountants.co.uk,,,,
american taxes calculator,excluded,off-niche:personal/other,1300,20,optimiseaccountants.co.uk,,,,
bonus after tax calculator uk,excluded,off-niche:salary/employment,1300,7,taxd.co.uk,,,,
bonus tax calculator uk,excluded,off-niche:salary/employment,1300,10,taxd.co.uk,,,,
buy to let stamp duty calculator,already-covered,"sdlt-cluster (deployed 08-18, window armed)",1300,2,uklandlordtax.co.uk,15,0,,
calculator tax usa,excluded,off-niche:general-tax-calc (no property qualifier),1300,36,optimiseaccountants.co.uk,,,,
capital gains calculator shares,already-covered,"cgt-cluster (batch cgt1, deploy parked)",1300,10,taxd.co.uk,,,,
capital gains on shares calculator,already-covered,"cgt-cluster (batch cgt1, deploy parked)",1300,9,taxd.co.uk,,,,
capital gains tax on shares calculator,already-covered,"cgt-cluster (batch cgt1, deploy parked)",1300,9,taxd.co.uk,,,,
cgt on shares calculator,already-covered,"cgt-cluster (batch cgt1, deploy parked)",1300,10,taxd.co.uk,,,,
commercial property sdlt calculator,already-covered,"sdlt-cluster (deployed 08-18, window armed)",1300,29,ukpropertyaccountants.co.uk,,,,
commercial sdlt calculator,already-covered,"sdlt-cluster (deployed 08-18, window armed)",1300,24,ukpropertyaccountants.co.uk,,,,
dividend and salary calculator,excluded,off-niche:salary/employment,1300,65,taxd.co.uk,,,,
employees national insurance calculator,excluded,off-niche:general-accountancy-calc,1300,20,ukpropertyaccountants.co.uk,,,,
employers national insurance calculator,excluded,off-niche:general-accountancy-calc,1300,47,cruseburke.co.uk,,,,
gross pay and net pay calculator,excluded,off-niche:salary/employment,1300,30,taxd.co.uk,,,,
gross pay calculator,excluded,off-niche:salary/employment,1300,41,taxd.co.uk,,,,
gross pay net pay calculator,excluded,off-niche:salary/employment,1300,28,taxd.co.uk,,,,
gross salary calculator,excluded,off-niche:salary/employment,1300,40,taxd.co.uk,,,,
gross salary to net calculator,excluded,off-niche:salary/employment,1300,73,taxd.co.uk,,,,
gross salary to net salary calculator,excluded,off-niche:salary/employment,1300,59,ukpropertyaccountants.co.uk,,,,
gross to net payment calculator,excluded,off-niche:salary/employment,1300,16,taxd.co.uk,,,,
income gross calculator,excluded,off-niche:salary/employment,1300,47,taxd.co.uk,,,,
interest rate calculator mortgage loan,excluded,"generic-mortgage: bank/MSE-owned, no landlord intent",1300,31,uklandlordtax.co.uk,,,,
land transaction tax calculator,already-covered,"sdlt-cluster (deployed 08-18, window armed)",1300,15,uklandlordtax.co.uk,,,55,0
martin lewis salary calculator,excluded,off-niche:salary/employment,1300,18,taxd.co.uk,,,,
monthly wage calculator,excluded,off-niche:salary/employment,1300,48,taxd.co.uk,,,,
mortgage loan interest rate calculator,excluded,"generic-mortgage: bank/MSE-owned, no landlord intent",1300,51,uklandlordtax.co.uk,,,,
net and gross salary calculator,excluded,off-niche:salary/employment,1300,40,taxd.co.uk,,,,
northern ireland stamp duty calculator,already-covered,"sdlt-cluster (deployed 08-18, window armed)",1300,13,uklandlordtax.co.uk,2,0,,
online vat calculator uk,excluded,off-niche:vat-general,1300,27,cruseburke.co.uk,,,,
reed calculator,excluded,off-niche:personal/other,1300,25,taxd.co.uk,,,,
salary and ni calculator,excluded,off-niche:salary/employment,1300,43,taxd.co.uk,,,,
salary calculator gross net,excluded,off-niche:salary/employment,1300,36,taxd.co.uk,,,,
salary calculator gross to net,excluded,off-niche:salary/employment,1300,16,taxd.co.uk,,,,
salary calculator martin lewis,excluded,off-niche:salary/employment,1300,17,taxd.co.uk,,,,
salary gross net calculator,excluded,off-niche:salary/employment,1300,25,taxd.co.uk,,,,
salary net to gross calculator,excluded,off-niche:salary/employment,1300,17,taxd.co.uk,,,,
sdlt calculator commercial,already-covered,"sdlt-cluster (deployed 08-18, window armed)",1300,27,ukpropertyaccountants.co.uk,,,,
sdlt commercial property calculator,already-covered,"sdlt-cluster (deployed 08-18, window armed)",1300,28,ukpropertyaccountants.co.uk,,,,
self assessment calculator,excluded,off-niche:general-accountancy-calc,1300,27,optimiseaccountants.co.uk,,,,
stamp duty calculator ni,already-covered,"sdlt-cluster (deployed 08-18, window armed)",1300,14,uklandlordtax.co.uk,1,0,,
stamp duty calculator northern ireland,already-covered,"sdlt-cluster (deployed 08-18, window armed)",1300,30,uklandlordtax.co.uk,2,0,,
stamp duty ni calculator,excluded,off-niche:general-accountancy-calc,1300,17,uklandlordtax.co.uk,1,0,,
stamp duty northern ireland calculator,already-covered,"sdlt-cluster (deployed 08-18, window armed)",1300,10,uklandlordtax.co.uk,3,0,,
tax calculator for usa,excluded,off-niche:general-tax-calc (no property qualifier),1300,36,optimiseaccountants.co.uk,,,,
tax calculator uk monthly,excluded,off-niche:general-tax-calc (no property qualifier),1300,38,taxd.co.uk,,,,
tax home pay calculator,excluded,off-niche:salary/employment,1300,23,taxd.co.uk,,,,
tax in america calculator,excluded,off-niche:personal/other,1300,22,optimiseaccountants.co.uk,,,,
tax on bonuses uk calculator,excluded,off-niche:salary/employment,1300,17,cruseburke.co.uk,,,,
uk tax bonus calculator,excluded,off-niche:salary/employment,1300,6,taxd.co.uk,,,,
uk tax calculator with bonus,excluded,off-niche:salary/employment,1300,8,taxd.co.uk,,,,
us tax calculator,excluded,off-niche:general-tax-calc (no property qualifier),1300,27,optimiseaccountants.co.uk,,,,
zoopla mortgage calculator,excluded,"generic-mortgage: bank/MSE-owned, no landlord intent",1300,43,uklandlordtax.co.uk,,,,
bcis calculator,deferred,trade-site:cis,1000,76,taxd.co.uk,,,,
capital gains calculator hmrc,already-covered,"cgt-cluster (batch cgt1, deploy parked)",1000,14,taxd.co.uk,,,,
co ownership calculator,excluded,"generic-mortgage: bank/MSE-owned, no landlord intent",1000,43,cruseburke.co.uk,,,,
gross and net income calculator,excluded,off-niche:salary/employment,1000,37,taxd.co.uk,,,,
gross to net income calculator,excluded,off-niche:salary/employment,1000,25,taxd.co.uk,,,,
hmrc capital gains tax calculator,already-covered,"cgt-cluster (batch cgt1, deploy parked)",1000,14,taxd.co.uk,,,,
hmrc cgt calculator,already-covered,"cgt-cluster (batch cgt1, deploy parked)",1000,10,taxd.co.uk,,,,
hmrc take home pay calculator,excluded,off-niche:salary/employment,1000,11,taxd.co.uk,,,,
hmrc take-home pay calculator,excluded,off-niche:salary/employment,1000,15,taxd.co.uk,,,,
how to calculate rental yield,assigned,calculators/rental-yield-calculator,1000,16,landlordstudio.com,,,,
how to work out a rental yield,assigned,calculators/rental-yield-calculator,1000,14,landlordstudio.com,,,,
in hand salary calculator uk,excluded,off-niche:salary/employment,1000,45,taxd.co.uk,,,,
income calculator london,excluded,off-niche:salary/employment,1000,70,taxd.co.uk,,,,
income tax calculator money saving expert,excluded,off-niche:salary/employment,1000,34,taxd.co.uk,,,,
k tax code calculator,excluded,off-niche:salary/employment,1000,70,taxd.co.uk,,,,
money saving expert income tax calculator,excluded,off-niche:salary/employment,1000,37,taxd.co.uk,,,,
net and gross income calculator,excluded,off-niche:salary/employment,1000,31,taxd.co.uk,,,,
ni rate calculator,excluded,off-niche:long-tail (class-reviewed pass 3),1000,29,ukpropertyaccountants.co.uk,,,,
private residence relief calculator,excluded,off-niche:general-accountancy-calc,1000,1,ukpropertyaccountants.co.uk,6,0,,
rental income tax calculator uk,assigned,calculators/rental-income-tax-calculator,1000,10,taxd.co.uk,1,0,,
residence nil rate band calculator,deferred,wills-probate site,1000,39,ukpropertyaccountants.co.uk,,,,
salary calculator london,excluded,off-niche:salary/employment,1000,36,taxd.co.uk,,,,
self employment tax calculator,excluded,off-niche:general-accountancy-calc,1000,38,optimiseaccountants.co.uk,,,,
sole trader tax calculator,excluded,off-niche:general-accountancy-calc,1000,26,taxd.co.uk,,,,
stamp duty calculator limited company,already-covered,"sdlt-cluster (deployed 08-18, window armed)",1000,17,optimiseaccountants.co.uk,,,,
take home pay calculator hmrc,excluded,off-niche:salary/employment,1000,26,ukpropertyaccountants.co.uk,,,,
take-home pay calculator hmrc,excluded,off-niche:salary/employment,1000,9,taxd.co.uk,,,,
tax calculator for 2 jobs,excluded,off-niche:general-tax-calc (no property qualifier),1000,15,taxd.co.uk,,,,
tax calculator with 2 jobs,excluded,off-niche:general-tax-calc (no property qualifier),1000,14,taxd.co.uk,,,,
tax for two jobs calculator,excluded,off-niche:personal/other,1000,8,taxd.co.uk,,,,
tax refund calculator uk,excluded,off-niche:refund/expat-employment,1000,6,taxd.co.uk,,,,
tax returns calculator uk,excluded,off-niche:refund/expat-employment,1000,48,ukpropertyaccountants.co.uk,,,,
two jobs tax calculator,excluded,off-niche:general-tax-calc (no property qualifier),1000,17,taxd.co.uk,,,,
uk in hand salary calculator,excluded,off-niche:salary/employment,1000,32,taxd.co.uk,,,,
uk income tax refund calculator,excluded,off-niche:refund/expat-employment,1000,8,taxd.co.uk,,,,
uk rental income tax calculator,assigned,calculators/rental-income-tax-calculator,1000,11,taxd.co.uk,,,,
uk salary sacrifice calculator,excluded,off-niche:salary/employment,1000,60,taxd.co.uk,,,,
uk take home salary calculator,excluded,off-niche:salary/employment,1000,7,taxd.co.uk,,,,
uk tax back calculator,excluded,off-niche:refund/expat-employment,1000,7,taxd.co.uk,,,,
uk tax rebate calculator,excluded,off-niche:refund/expat-employment,1000,7,taxd.co.uk,,,,
wage calculator london,excluded,off-niche:salary/employment,1000,41,taxd.co.uk,,,,
bonus take home calculator,excluded,off-niche:salary/employment,880,4,taxd.co.uk,,,,
bonus take home pay calculator,excluded,off-niche:salary/employment,880,5,taxd.co.uk,,,,
bonus take-home calculator,excluded,off-niche:salary/employment,880,5,taxd.co.uk,,,,
deduction tax calculator,excluded,off-niche:general-tax-calc (no property qualifier),880,46,taxd.co.uk,,,,
government salary calculator,excluded,off-niche:salary/employment,880,43,taxd.co.uk,,,,
hmrc calculator ni,excluded,off-niche:long-tail (class-reviewed pass 3),880,16,taxd.co.uk,,,,
hmrc ni calculator,excluded,off-niche:general-accountancy-calc,880,15,taxd.co.uk,,,,
hmrc ni contributions calculator,excluded,off-niche:general-accountancy-calc,880,16,taxd.co.uk,,,,
hmrc nic calculator,excluded,off-niche:salary/employment,880,14,taxd.co.uk,,,,
hmrc nics calculator,excluded,off-niche:long-tail (class-reviewed pass 3),880,17,taxd.co.uk,,,,
how much should i pay tax calculator,excluded,off-niche:general-tax-calc (no property qualifier),880,36,taxd.co.uk,,,,
how much tax do i pay calculator,excluded,off-niche:salary/employment,880,17,taxd.co.uk,,,,
how much tax will i pay calculator,excluded,off-niche:salary/employment,880,20,taxd.co.uk,,,,
land registration calculator,deferred,"candidate-tool:hmlr-fee-calculator (6.6k, weak brand fit)",880,42,uklandlordtax.co.uk,,,,
land tax scotland calculator,already-covered,"sdlt-cluster (deployed 08-18, window armed)",880,22,ukpropertyaccountants.co.uk,,,18,0
landlord tax calculator,assigned,calculators/rental-income-tax-calculator,880,12,taxd.co.uk,13,0,,
mortgage calculator buy to let,assigned,calculators/buy-to-let-mortgage-calculator,880,4,uklandlordtax.co.uk,16,0,,
mortgage calculator buy to let uk,assigned,calculators/buy-to-let-mortgage-calculator,880,2,uklandlordtax.co.uk,,,,
mortgage repayment calculator buy to let,assigned,calculators/buy-to-let-mortgage-calculator,880,1,uklandlordtax.co.uk,,,,
net gross calculator,excluded,off-niche:salary/employment,880,51,taxd.co.uk,,,,
ni calculator hmrc,excluded,off-niche:salary/employment,880,14,taxd.co.uk,,,,
online tax calculator,excluded,off-niche:general-tax-calc (no property qualifier),880,59,ukpropertyaccountants.co.uk,,,,
pay calculator scotland,excluded,off-niche:salary/employment,880,26,taxd.co.uk,,,,
pay week calculator,excluded,off-niche:long-tail (class-reviewed pass 3),880,37,taxd.co.uk,,,,
paycheck raise calculator,excluded,off-niche:salary/employment,880,38,taxd.co.uk,,,,
second job tax calculator,excluded,off-niche:general-tax-calc (no property qualifier),880,8,taxd.co.uk,,,,
take home bonus calculator,excluded,off-niche:salary/employment,880,7,taxd.co.uk,,,,
take home pay bonus calculator,excluded,off-niche:salary/employment,880,3,taxd.co.uk,,,,
take home pay calculator bonus,excluded,off-niche:salary/employment,880,3,taxd.co.uk,,,,
take home pay calculator london,excluded,off-niche:salary/employment,880,15,taxd.co.uk,,,,
take home pay calculator ni,excluded,off-niche:salary/employment,880,28,taxd.co.uk,,,,
take home pay calculator with bonus,excluded,off-niche:salary/employment,880,4,taxd.co.uk,,,,
take-home bonus calculator,excluded,off-niche:salary/employment,880,8,taxd.co.uk,,,,
tax and deduction calculator,excluded,off-niche:salary/employment,880,19,taxd.co.uk,,,,
tax calculator second job,excluded,off-niche:general-tax-calc (no property qualifier),880,8,taxd.co.uk,,,,
tax deduction calculator,excluded,off-niche:salary/employment,880,17,taxd.co.uk,,,,
tax free calculator,excluded,off-niche:long-tail (class-reviewed pass 3),880,26,taxd.co.uk,,,,
wage calculator scotland,excluded,off-niche:salary/employment,880,40,taxd.co.uk,,,,
week pay calculator,excluded,off-niche:salary/employment,880,42,taxd.co.uk,,,,
week wage calculator,excluded,off-niche:salary/employment,880,56,taxd.co.uk,,,,
after tax bonus calculator,excluded,off-niche:salary/employment,720,10,taxd.co.uk,,,,
bonus calculator after tax,excluded,off-niche:salary/employment,720,7,taxd.co.uk,,,,
emergency tax calculator,excluded,off-niche:refund/expat-employment,720,13,cruseburke.co.uk,,,,
hmrc iht calculator,excluded,off-niche:general-accountancy-calc,720,27,optimiseaccountants.co.uk,,,,
hmrc mileage claim calculator,deferred,trade-site:mileage,720,18,ukpropertyaccountants.co.uk,,,,
hmrc tax rebate calculator,excluded,off-niche:refund/expat-employment,720,9,taxd.co.uk,,,,
hmrc tax refund calculator,excluded,off-niche:refund/expat-employment,720,62,taxd.co.uk,,,,
iht interest calculator,excluded,off-niche:general-accountancy-calc,720,38,optimiseaccountants.co.uk,,,,
inheritance tax calculator hmrc,excluded,off-niche:general-accountancy-calc,720,28,optimiseaccountants.co.uk,,,,
let to buy mortgage calculator,excluded,"generic-mortgage: bank/MSE-owned, no landlord intent",720,21,uklandlordtax.co.uk,,,,
ltv calculator uk,assigned,calculators/buy-to-let-mortgage-calculator,720,25,ukpropertyaccountants.co.uk,,,,
nanny tax calculator,excluded,off-niche:general-tax-calc (no property qualifier),720,30,cruseburke.co.uk,,,,
payable tax calculator,excluded,off-niche:general-tax-calc (no property qualifier),720,18,taxd.co.uk,,,,
post tax calculator,excluded,off-niche:salary/employment,720,20,taxd.co.uk,,,,
rent yield,assigned,calculators/rental-yield-calculator,720,41,landlordstudio.com,,,,
rent yields,assigned,calculators/rental-yield-calculator,720,48,provestor.co.uk,,,,
rental yield,assigned,calculators/rental-yield-calculator,720,54,landlordstudio.com,1,0,,
salary and bonus calculator uk,excluded,off-niche:salary/employment,720,7,taxd.co.uk,,,,
salary bonus calculator uk,excluded,off-niche:salary/employment,720,8,taxd.co.uk,,,,
stamp duty calculator london,already-covered,"sdlt-cluster (deployed 08-18, window armed)",720,31,uklandlordtax.co.uk,,,,
take home pay calculator hourly wage,excluded,off-niche:salary/employment,720,24,taxd.co.uk,,,,
take home pay calculator money saving expert,excluded,off-niche:salary/employment,720,8,taxd.co.uk,,,,
tax back calculator hmrc,excluded,off-niche:refund/expat-employment,720,11,taxd.co.uk,,,,
tax calculator emergency tax,excluded,off-niche:refund/expat-employment,720,20,cruseburke.co.uk,,,,
tax pay calculator,excluded,off-niche:salary/employment,720,11,taxd.co.uk,,,,
tax payment calculator,excluded,off-niche:long-tail (class-reviewed pass 3),720,25,taxd.co.uk,,,,
tax rebate calculator hmrc,excluded,off-niche:refund/expat-employment,720,10,taxd.co.uk,,,,
tax refund calculator hmrc,excluded,off-niche:refund/expat-employment,720,17,taxd.co.uk,,,,
tax refund hmrc calculator,excluded,off-niche:refund/expat-employment,720,10,taxd.co.uk,,,,
uk bonus calculator,excluded,off-niche:salary/employment,720,6,taxd.co.uk,,,,
uk earnings calculator,excluded,off-niche:salary/employment,720,35,taxd.co.uk,,,,
annual pay calculator uk,excluded,off-niche:salary/employment,590,32,taxd.co.uk,,,,
annual salary uk calculator,excluded,off-niche:salary/employment,590,34,taxd.co.uk,,,,
annual wage calculator uk,excluded,off-niche:salary/employment,590,33,taxd.co.uk,,,,
calculator interest only loan,excluded,"generic-mortgage: bank/MSE-owned, no landlord intent",590,17,uklandlordtax.co.uk,,,,
cis tax calculator,excluded,off-niche:general-tax-calc (no property qualifier),590,2,taxd.co.uk,,,,
commission pay calculator,excluded,off-niche:salary/employment,590,47,taxd.co.uk,,,,
early repayment home loan calculator,excluded,"generic-mortgage: bank/MSE-owned, no landlord intent",590,60,uklandlordtax.co.uk,,,,
earnings calculator,excluded,off-niche:salary/employment,590,42,taxd.co.uk,,,,
ebay fees calculator uk,excluded,off-niche:marketplace/crypto,590,38,cruseburke.co.uk,,,,
employed and self employed calculator,excluded,off-niche:general-accountancy-calc,590,41,optimiseaccountants.co.uk,,,,
employers tax calculator,excluded,off-niche:general-tax-calc (no property qualifier),590,50,ukpropertyaccountants.co.uk,,,,
gp calculator uk,excluded,off-niche:personal/other,590,19,cruseburke.co.uk,,,,
hmrc pay calculator,excluded,off-niche:salary/employment,590,40,taxd.co.uk,,,,
income tax calculator monthly,excluded,off-niche:salary/employment,590,44,taxd.co.uk,,,,
insurance and tax calculator,excluded,off-niche:general-tax-calc (no property qualifier),590,15,taxd.co.uk,,,,
insurance tax calculator,excluded,off-niche:general-tax-calc (no property qualifier),590,21,taxd.co.uk,,,,
interest only calculator,excluded,"generic-mortgage: bank/MSE-owned, no landlord intent",590,26,uklandlordtax.co.uk,,,,
interest only loan repayment calculator,excluded,"generic-mortgage: bank/MSE-owned, no landlord intent",590,21,uklandlordtax.co.uk,,,,
interest only mortgage repayment calculator,excluded,"generic-mortgage: bank/MSE-owned, no landlord intent",590,25,uklandlordtax.co.uk,,,,
interest only repayment calculator,excluded,"generic-mortgage: bank/MSE-owned, no landlord intent",590,23,uklandlordtax.co.uk,,,,
knight frank stamp duty calculator,already-covered,"sdlt-cluster (deployed 08-18, window armed)",590,28,ukpropertyaccountants.co.uk,,,,
land tax calculator,excluded,off-niche:general-tax-calc (no property qualifier),590,38,uklandlordtax.co.uk,,,,
land taxes calculator,already-covered,"sdlt-cluster (deployed 08-18, window armed)",590,27,uklandlordtax.co.uk,,,,
monthly income tax calculator,excluded,off-niche:salary/employment,590,48,taxd.co.uk,,,,
monthly mortgage payment calculator uk,excluded,"generic-mortgage: bank/MSE-owned, no landlord intent",590,63,ukpropertyaccountants.co.uk,,,,
monthly mortgage repayments calculator uk,excluded,"generic-mortgage: bank/MSE-owned, no landlord intent",590,54,ukpropertyaccountants.co.uk,,,,
monthly net pay calculator,excluded,off-niche:salary/employment,590,29,taxd.co.uk,,,,
monthly wage tax calculator,excluded,off-niche:salary/employment,590,22,taxd.co.uk,,,,
mortgage calculator interest only,excluded,"generic-mortgage: bank/MSE-owned, no landlord intent",590,29,uklandlordtax.co.uk,,,,
mortgage loan-to value calculator,excluded,"generic-mortgage: bank/MSE-owned, no landlord intent",590,40,ukpropertyaccountants.co.uk,,,,
mortgage loan-to-value ratio calculator,excluded,"generic-mortgage: bank/MSE-owned, no landlord intent",590,29,ukpropertyaccountants.co.uk,,,,
mortgage ltv calculator,assigned,calculators/buy-to-let-mortgage-calculator,590,18,ukpropertyaccountants.co.uk,,,,
net calculator,excluded,off-niche:long-tail (class-reviewed pass 3),590,31,taxd.co.uk,,,,
net pay calculator monthly,excluded,off-niche:salary/employment,590,31,taxd.co.uk,,,,
property yield calculator,assigned,calculators/rental-yield-calculator,590,11,landlordstudio.com,,,,
quick inheritance tax calculator,excluded,off-niche:general-accountancy-calc,590,25,optimiseaccountants.co.uk,,,,
rates calculator,excluded,off-niche:long-tail (class-reviewed pass 3),590,37,cruseburke.co.uk,,,,
rent income calculator,excluded,off-niche:salary/employment,590,42,taxd.co.uk,,,,
rental income calculator,excluded,off-niche:salary/employment,590,36,taxd.co.uk,3,0,,
required salary calculator,excluded,off-niche:salary/employment,590,28,taxd.co.uk,,,,
retirement interest only mortgage calculator,excluded,"generic-mortgage: bank/MSE-owned, no landlord intent",590,16,ukpropertyaccountants.co.uk,,,,
salary in hand calculator,excluded,off-niche:salary/employment,590,40,taxd.co.uk,,,,
salary in-hand calculator,excluded,off-niche:salary/employment,590,56,taxd.co.uk,,,,
self employed calculator,excluded,off-niche:general-accountancy-calc,590,28,optimiseaccountants.co.uk,,,,
self employed income tax calculator,excluded,off-niche:general-accountancy-calc,590,20,taxd.co.uk,,,,
share stamp duty calculator,already-covered,"sdlt-cluster (deployed 08-18, window armed)",590,16,uklandlordtax.co.uk,,,,
shared ownership affordability calculator,excluded,"generic-mortgage: bank/MSE-owned, no landlord intent",590,69,cruseburke.co.uk,,,,
shares stamp duty calculator,already-covered,"sdlt-cluster (deployed 08-18, window armed)",590,22,uklandlordtax.co.uk,,,,
stamp duty calculator 2nd property,already-covered,"sdlt-cluster (deployed 08-18, window armed)",590,31,uklandlordtax.co.uk,,,,
stamp duty calculator buy to let,already-covered,"sdlt-cluster (deployed 08-18, window armed)",590,2,uklandlordtax.co.uk,1,0,,
stamp duty calculator for shares,already-covered,"sdlt-cluster (deployed 08-18, window armed)",590,14,uklandlordtax.co.uk,,,,
stamp duty calculator knight frank,already-covered,"sdlt-cluster (deployed 08-18, window armed)",590,40,uklandlordtax.co.uk,,,,
stamp duty calculator on shares,already-covered,"sdlt-cluster (deployed 08-18, window armed)",590,40,uklandlordtax.co.uk,,,,
stamp duty calculator shares,already-covered,"sdlt-cluster (deployed 08-18, window armed)",590,37,uklandlordtax.co.uk,,,,
stamp duty on shares calculator,already-covered,"sdlt-cluster (deployed 08-18, window armed)",590,37,taxd.co.uk,,,,
stamp duty shares calculator,already-covered,"sdlt-cluster (deployed 08-18, window armed)",590,16,uklandlordtax.co.uk,,,,
tax calculator monthly pay,excluded,off-niche:salary/employment,590,27,taxd.co.uk,,,,
tax calculator monthly salary,excluded,off-niche:salary/employment,590,40,taxd.co.uk,,,,
tax insurance calculator,excluded,off-niche:long-tail (class-reviewed pass 3),590,35,ukpropertyaccountants.co.uk,,,,
uk annual salary calculator,excluded,off-niche:salary/employment,590,7,taxd.co.uk,,,,
uk yearly salary calculator,excluded,off-niche:salary/employment,590,40,taxd.co.uk,,,,
yearly pay calculator uk,excluded,off-niche:salary/employment,590,31,taxd.co.uk,,,,
yield calculator property,assigned,calculators/rental-yield-calculator,590,7,landlordstudio.com,,,1,0
after tax monthly income calculator,excluded,off-niche:salary/employment,480,29,taxd.co.uk,,,,
best rent yields uk,assigned,blog:property-investment-benchmarks-uk-2026-good-yield [EXTEND],480,7,provestor.co.uk,,,,
best rental yields uk,assigned,blog:property-investment-benchmarks-uk-2026-good-yield [EXTEND],480,8,provestor.co.uk,,,,
btl stamp duty calculator,already-covered,"sdlt-cluster (deployed 08-18, window armed)",480,2,uklandlordtax.co.uk,,,,
business tax calculator,excluded,off-niche:general-tax-calc (no property qualifier),480,85,optimiseaccountants.co.uk,,,,
calculator tax,excluded,off-niche:general-tax-calc (no property qualifier),480,25,taxd.co.uk,,,,
dividend and income tax calculator,excluded,off-niche:general-accountancy-calc,480,61,cruseburke.co.uk,,,,
dividend income tax calculator,excluded,off-niche:general-accountancy-calc,480,55,cruseburke.co.uk,,,,
dividend tax rate calculator,excluded,off-niche:general-accountancy-calc,480,53,cruseburke.co.uk,,,,
dividend yield meaning,excluded,off-niche:general-accountancy-calc,480,46,cruseburke.co.uk,,,,
gross earnings calculator uk,excluded,off-niche:salary/employment,480,9,taxd.co.uk,,,,
gross salary calculator uk,excluded,off-niche:salary/employment,480,9,taxd.co.uk,,,,
highest rental yield uk,assigned,blog:property-investment-benchmarks-uk-2026-good-yield [EXTEND],480,10,provestor.co.uk,,,,
income for home loan calculator,excluded,"generic-mortgage: bank/MSE-owned, no landlord intent",480,31,uklandlordtax.co.uk,,,,
income from salary calculator,excluded,off-niche:salary/employment,480,35,taxd.co.uk,,,,
income tax and pension calculator,excluded,off-niche:general-accountancy-calc,480,46,taxd.co.uk,,,,
income tax calculator for dividends,excluded,off-niche:general-accountancy-calc,480,57,cruseburke.co.uk,,,,
income tax calculators,excluded,off-niche:salary/employment,480,37,taxd.co.uk,,,,
interest and tax calculator,excluded,off-niche:general-tax-calc (no property qualifier),480,51,ukpropertyaccountants.co.uk,,,,
land tax calculator wales,excluded,off-niche:general-tax-calc (no property qualifier),480,16,uklandlordtax.co.uk,3,0,4,0
martin lewis wages calculator,excluded,off-niche:salary/employment,480,20,taxd.co.uk,,,,
monthly after tax income calculator,excluded,off-niche:salary/employment,480,33,taxd.co.uk,,,,
monthly income calculator after taxes,excluded,off-niche:salary/employment,480,29,taxd.co.uk,,,,
monthly salary after tax calculator,excluded,off-niche:salary/employment,480,18,taxd.co.uk,,,,
monthly salary calculator after tax,excluded,off-niche:salary/employment,480,31,taxd.co.uk,,,,
ni calculator uk,excluded,off-niche:salary/employment,480,24,ukpropertyaccountants.co.uk,,,,
payslip calculator uk,excluded,off-niche:salary/employment,480,41,taxd.co.uk,,,,
pension contribution tax relief calculator,excluded,off-niche:general-accountancy-calc,480,52,cruseburke.co.uk,,,,
property tax calculator,excluded,off-niche:general-tax-calc (no property qualifier),480,10,taxd.co.uk,5,0,,
real estate tax calculator,deferred,wills-probate site,480,20,ukpropertyaccountants.co.uk,,,,
real estate taxes calculator,deferred,wills-probate site,480,39,taxd.co.uk,,,,
rent calculator for tax,assigned,calculators/rental-income-tax-calculator,480,7,taxd.co.uk,,,,
rent tax calculator,excluded,off-niche:general-tax-calc (no property qualifier),480,3,taxd.co.uk,,,,
rental tax calculator,assigned,calculators/rental-income-tax-calculator,480,9,taxd.co.uk,,,,
rental yield calculator uk,assigned,blog:property-investment-benchmarks-uk-2026-good-yield [EXTEND],480,18,landlordstudio.com,59,0,,
salary calculator days,excluded,off-niche:salary/employment,480,74,taxd.co.uk,,,,
salary gross calculator uk,excluded,off-niche:salary/employment,480,10,taxd.co.uk,,,,
salary income calculator,excluded,off-niche:salary/employment,480,8,taxd.co.uk,,,,
self assessment tax return calculator,excluded,off-niche:general-accountancy-calc,480,35,optimiseaccountants.co.uk,,,,
self employed salary calculator,excluded,off-niche:salary/employment,480,36,taxd.co.uk,,,,
self employed tax and ni calculator,excluded,off-niche:general-accountancy-calc,480,40,optimiseaccountants.co.uk,,,,
sipp tax relief calculator,excluded,off-niche:personal/other,480,30,cruseburke.co.uk,,,,
stamp duty calculator for limited company,already-covered,"sdlt-cluster (deployed 08-18, window armed)",480,9,optimiseaccountants.co.uk,,,,
take home pay after tax calculator,excluded,off-niche:salary/employment,480,19,taxd.co.uk,,,,
take home salary after tax calculator,excluded,off-niche:salary/employment,480,23,taxd.co.uk,,,,
tax calculator london,excluded,off-niche:general-tax-calc (no property qualifier),480,32,taxd.co.uk,,,,
tax calculator with dividend income,excluded,off-niche:general-accountancy-calc,480,58,cruseburke.co.uk,,,,
tax on dividend income calculator,excluded,off-niche:general-accountancy-calc,480,58,cruseburke.co.uk,,,,
tax paid calculator,excluded,off-niche:long-tail (class-reviewed pass 3),480,36,taxd.co.uk,,,,
tax payroll calculator,excluded,off-niche:salary/employment,480,10,taxd.co.uk,,,,
tax relief on pension contributions calculator,excluded,off-niche:general-accountancy-calc,480,14,cruseburke.co.uk,,,,
uk gross income calculator,excluded,off-niche:salary/employment,480,13,taxd.co.uk,,,,
uk take home tax calculator,excluded,off-niche:salary/employment,480,23,taxd.co.uk,,,,
uk tax take home calculator,excluded,off-niche:salary/employment,480,27,taxd.co.uk,,,,
welsh land tax calculator,excluded,off-niche:general-tax-calc (no property qualifier),480,9,uklandlordtax.co.uk,,,47,0
what is dividend yield,excluded,off-niche:general-accountancy-calc,480,33,cruseburke.co.uk,,,,
btl calculator,assigned,calculators/buy-to-let-mortgage-calculator,390,3,uklandlordtax.co.uk,22,0,,
buy to let interest only mortgage calculator,assigned,calculators/buy-to-let-mortgage-calculator,390,1,uklandlordtax.co.uk,3,0,,
buy to let tax calculator,assigned,calculators/buy-to-let-mortgage-calculator,390,10,landlordstudio.com,28,0,,
cis tax rebate calculator,excluded,off-niche:refund/expat-employment,390,1,taxd.co.uk,,,,
cis tax return calculator,excluded,off-niche:refund/expat-employment,390,1,taxd.co.uk,,,,
corporation tax calculator hmrc,excluded,off-niche:general-accountancy-calc,390,53,optimiseaccountants.co.uk,,,,
gross income calculator,excluded,off-niche:salary/employment,390,36,taxd.co.uk,,,,
gross pay salary calculator,excluded,off-niche:salary/employment,390,28,taxd.co.uk,,,,
help to buy repayment calculator,excluded,"generic-mortgage: bank/MSE-owned, no landlord intent",390,37,uklandlordtax.co.uk,,,,
hicbc calculator,excluded,off-niche:personal/other,390,31,ukpropertyaccountants.co.uk,,,,
hmrc corporation tax calculator,excluded,off-niche:general-accountancy-calc,390,67,optimiseaccountants.co.uk,,,,
hmrc pension contributions calculator,excluded,off-niche:general-accountancy-calc,390,32,cruseburke.co.uk,,,,
hmrc self employed tax calculator,excluded,off-niche:general-accountancy-calc,390,55,cruseburke.co.uk,,,,
hmrc tax calculator 2024-25,excluded,off-niche:salary/employment,390,51,ukpropertyaccountants.co.uk,,,,
hmrc tax calculator 2024/25,excluded,off-niche:salary/employment,390,50,ukpropertyaccountants.co.uk,,,,
hmrc tax calculator self-employed,excluded,off-niche:general-accountancy-calc,390,28,optimiseaccountants.co.uk,,,,
holiday home mortgage calculator,excluded,"generic-mortgage: bank/MSE-owned, no landlord intent",390,31,uklandlordtax.co.uk,,,,
holiday let mortgage calculator,excluded,"generic-mortgage: bank/MSE-owned, no landlord intent",390,25,uklandlordtax.co.uk,,,,
home stamp duty calculator,already-covered,"sdlt-cluster (deployed 08-18, window armed)",390,23,uklandlordtax.co.uk,,,,
how to work out yield,assigned,calculators/rental-yield-calculator,390,32,landlordstudio.com,,,,
loan to value calculator uk,assigned,calculators/buy-to-let-mortgage-calculator,390,14,ukpropertyaccountants.co.uk,,,,
martin lewis take home pay calculator,excluded,off-niche:salary/employment,390,5,taxd.co.uk,,,,
mileage expense calculator,deferred,trade-site:mileage,390,6,ukpropertyaccountants.co.uk,,,,
moneysavingexpert tax calculator,excluded,off-niche:general-tax-calc (no property qualifier),390,42,taxd.co.uk,,,,
monthly take home pay calculator uk,excluded,off-niche:salary/employment,390,26,taxd.co.uk,,,,
monthly take home salary calculator uk,excluded,off-niche:salary/employment,390,21,taxd.co.uk,,,,
mortgage calculator first time buyer uk,excluded,"generic-mortgage: bank/MSE-owned, no landlord intent",390,55,uklandlordtax.co.uk,,,,
mortgage calculator holiday home,excluded,"generic-mortgage: bank/MSE-owned, no landlord intent",390,32,uklandlordtax.co.uk,,,,
pension contribution calculator hmrc,excluded,off-niche:general-accountancy-calc,390,41,cruseburke.co.uk,,,,
pension take home calculator,excluded,off-niche:salary/employment,390,42,taxd.co.uk,,,,
pension tax relief calculator hmrc,excluded,off-niche:general-accountancy-calc,390,33,cruseburke.co.uk,,,,
rental calculator,assigned,calculators/rental-income-tax-calculator,390,29,taxd.co.uk,,,,
salary gross pay calculator,excluded,off-niche:salary/employment,390,16,taxd.co.uk,,,,
self assessment tax calculator uk,excluded,off-niche:general-accountancy-calc,390,47,ukpropertyaccountants.co.uk,,,,
sole trader tax calculator uk,excluded,off-niche:general-accountancy-calc,390,20,taxd.co.uk,,,,
sole trader uk tax calculator,excluded,off-niche:general-accountancy-calc,390,29,taxd.co.uk,,,,
stamp duty limited company property calculator,already-covered,"sdlt-cluster (deployed 08-18, window armed)",390,7,uklandlordtax.co.uk,,,,
stamp duty on house calculator,already-covered,"sdlt-cluster (deployed 08-18, window armed)",390,18,landlordstudio.com,,,,
stamp duty shared ownership calculator,already-covered,"sdlt-cluster (deployed 08-18, window armed)",390,28,ukpropertyaccountants.co.uk,,,,
take home pay calculator uk monthly,excluded,off-niche:salary/employment,390,6,taxd.co.uk,,,,
take home pension calculator,excluded,off-niche:salary/employment,390,27,taxd.co.uk,,,,
tax rebate calculator cis,excluded,off-niche:refund/expat-employment,390,2,taxd.co.uk,,,,
uk mortgage calculator first time buyer,excluded,"generic-mortgage: bank/MSE-owned, no landlord intent",390,52,uklandlordtax.co.uk,,,,
bonus and salary calculator,excluded,off-niche:salary/employment,320,4,taxd.co.uk,,,,
bonus salary calculator,excluded,off-niche:salary/employment,320,7,taxd.co.uk,,,,
buy to let calculator uk,assigned,calculators/buy-to-let-mortgage-calculator,320,3,uklandlordtax.co.uk,1,0,,
buy-to let mortgage calculator moneysupermarket,assigned,calculators/buy-to-let-mortgage-calculator,320,6,uklandlordtax.co.uk,,,,
buy-to-let mortgage calculator moneysupermarket,assigned,calculators/buy-to-let-mortgage-calculator,320,4,uklandlordtax.co.uk,,,,
capital gains tax calculator shares uk,already-covered,"cgt-cluster (batch cgt1, deploy parked)",320,9,taxd.co.uk,,,,
capital gains tax calculator uk shares,already-covered,"cgt-cluster (batch cgt1, deploy parked)",320,8,taxd.co.uk,,,,
capital gains tax on shares uk calculator,already-covered,"cgt-cluster (batch cgt1, deploy parked)",320,13,taxd.co.uk,,,,
cis deduction calculator,excluded,off-niche:salary/employment,320,6,taxd.co.uk,,,,
cis deductions calculator,excluded,off-niche:salary/employment,320,5,taxd.co.uk,,,,
company stamp duty calculator,already-covered,"sdlt-cluster (deployed 08-18, window armed)",320,17,optimiseaccountants.co.uk,,,,
federal income tax calculator,excluded,off-niche:salary/employment,320,27,optimiseaccountants.co.uk,,,,
government stamp duty calculator,already-covered,"sdlt-cluster (deployed 08-18, window armed)",320,37,uklandlordtax.co.uk,,,,
gross pay calculator from net,excluded,off-niche:salary/employment,320,17,taxd.co.uk,,,,
hmrc national insurance calculator,excluded,off-niche:general-accountancy-calc,320,11,ukpropertyaccountants.co.uk,,,,
hmrc net income calculator,excluded,off-niche:salary/employment,320,48,taxd.co.uk,,,,
how much tax should i pay calculator,excluded,off-niche:salary/employment,320,38,taxd.co.uk,,,,
how much taxes should i pay calculator,excluded,off-niche:salary/employment,320,45,taxd.co.uk,,,,
how to calculate the yield on a rental property,assigned,calculators/rental-yield-calculator,320,14,landlordstudio.com,,,,
how to work out property rental yield,assigned,calculators/rental-yield-calculator,320,14,landlordstudio.com,,,,
iht calculator uk,excluded,off-niche:general-accountancy-calc,320,44,cruseburke.co.uk,,,,
income tax calculator federal,excluded,off-niche:salary/employment,320,30,optimiseaccountants.co.uk,,,,
inheritance tax when second parent dies calculator,excluded,off-niche:general-accountancy-calc,320,39,ukpropertyaccountants.co.uk,,,,
interest rate calculator mortgage uk,excluded,"generic-mortgage: bank/MSE-owned, no landlord intent",320,39,uklandlordtax.co.uk,,,,
land stamp duty calculator,already-covered,"sdlt-cluster (deployed 08-18, window armed)",320,26,uklandlordtax.co.uk,,,,
london salary tax calculator,excluded,off-niche:salary/employment,320,45,taxd.co.uk,,,,
london tax salary calculator,excluded,off-niche:salary/employment,320,52,taxd.co.uk,,,,
ltd company mortgage calculator,assigned,calculators/buy-to-let-mortgage-calculator,320,3,uklandlordtax.co.uk,,,,
martin lewis buy to let mortgage calculator,assigned,calculators/buy-to-let-mortgage-calculator,320,33,landlordstudio.com,,,,
mileage calculator hmrc,deferred,trade-site:mileage,320,19,ukpropertyaccountants.co.uk,,,,
money tax calculator,excluded,off-niche:general-tax-calc (no property qualifier),320,54,taxd.co.uk,,,,
mortgage calculator boi,excluded,"generic-mortgage: bank/MSE-owned, no landlord intent",320,68,uklandlordtax.co.uk,,,,
mortgage calculator limited company,excluded,"generic-mortgage: bank/MSE-owned, no landlord intent",320,4,uklandlordtax.co.uk,,,,
my pay after tax calculator,excluded,off-niche:salary/employment,320,39,taxd.co.uk,,,,
national insurance calculator hmrc,excluded,off-niche:general-accountancy-calc,320,15,taxd.co.uk,,,,
net pay calculator hmrc,excluded,off-niche:salary/employment,320,34,taxd.co.uk,,,,
net pay calculator scotland,excluded,off-niche:salary/employment,320,13,taxd.co.uk,,,,
nhs take home pay calculator part time,excluded,off-niche:salary/employment,320,44,taxd.co.uk,,,,
one off bonus tax calculator,excluded,off-niche:salary/employment,320,10,taxd.co.uk,,,,
one-off bonus tax calculator,excluded,off-niche:salary/employment,320,10,taxd.co.uk,,,,
online calculator salary,excluded,off-niche:salary/employment,320,23,taxd.co.uk,,,,
online salary calculator,excluded,off-niche:salary/employment,320,35,taxd.co.uk,,,,
openrent calculator,assigned,calculators/rental-income-tax-calculator,320,17,landlordstudio.com,,,,
pay calculator bonus,excluded,off-niche:salary/employment,320,7,taxd.co.uk,,,,
pay calculator salary,excluded,off-niche:salary/employment,320,13,taxd.co.uk,,,,
pay salary calculator,excluded,off-niche:salary/employment,320,10,taxd.co.uk,,,,
paycheck calculator bonus,excluded,off-niche:salary/employment,320,15,taxd.co.uk,,,,
paycheck calculator with bonus,excluded,off-niche:salary/employment,320,6,taxd.co.uk,,,,
paycheck with bonus calculator,excluded,off-niche:salary/employment,320,7,taxd.co.uk,,,,
payment calculator salary,excluded,off-niche:salary/employment,320,36,taxd.co.uk,,,,
payroll calculator bonus,excluded,off-niche:salary/employment,320,6,taxd.co.uk,,,,
purchase house calculator,excluded,"generic-mortgage: bank/MSE-owned, no landlord intent",320,32,uklandlordtax.co.uk,,,,
quick pay calculator,excluded,off-niche:salary/employment,320,24,taxd.co.uk,,,,
rental rates calculator,assigned,blog:free-rental-valuation (existing),320,26,taxd.co.uk,,,,
rightmove stamp duty calculator,already-covered,"sdlt-cluster (deployed 08-18, window armed)",320,53,uklandlordtax.co.uk,,,,
salary bonus calculator,excluded,off-niche:salary/employment,320,4,taxd.co.uk,,,,
salary calculator and bonus,excluded,off-niche:salary/employment,320,5,taxd.co.uk,,,,
salary calculator bonus,excluded,off-niche:salary/employment,320,5,taxd.co.uk,,,,
salary calculator breakdown,excluded,off-niche:salary/employment,320,9,taxd.co.uk,,,,
salary calculator with bonus,excluded,off-niche:salary/employment,320,6,taxd.co.uk,,,,
salary calculator with pension,excluded,off-niche:salary/employment,320,4,taxd.co.uk,,,,
salary wage calculator,excluded,off-niche:salary/employment,320,32,taxd.co.uk,,,,
salary wages calculator,excluded,off-niche:salary/employment,320,38,taxd.co.uk,,,,
salary with bonus calculator,excluded,off-niche:salary/employment,320,4,taxd.co.uk,,,,
savills stamp duty calculator,already-covered,"sdlt-cluster (deployed 08-18, window armed)",320,29,uklandlordtax.co.uk,,,,
second home mortgage calculator uk,excluded,"generic-mortgage: bank/MSE-owned, no landlord intent",320,49,uklandlordtax.co.uk,,,,
shared ownership rent calculator,assigned,calculators/rental-income-tax-calculator,320,30,cruseburke.co.uk,,,,
shares capital gains tax calculator uk,already-covered,"cgt-cluster (batch cgt1, deploy parked)",320,11,taxd.co.uk,,,,
stamp duty calculator 2026,already-covered,"sdlt-cluster (deployed 08-18, window armed)",320,17,uklandlordtax.co.uk,,,,
stamp duty calculator april 2025,already-covered,"sdlt-cluster (deployed 08-18, window armed)",320,10,uklandlordtax.co.uk,,,,
stamp duty calculator company,already-covered,"sdlt-cluster (deployed 08-18, window armed)",320,15,provestor.co.uk,,,,
stamp duty calculator for land,already-covered,"sdlt-cluster (deployed 08-18, window armed)",320,27,uklandlordtax.co.uk,,,,
stamp duty calculator land,already-covered,"sdlt-cluster (deployed 08-18, window armed)",320,25,uklandlordtax.co.uk,,,,
stamp duty calculator on land,already-covered,"sdlt-cluster (deployed 08-18, window armed)",320,40,ukpropertyaccountants.co.uk,,,,
stamp duty calculator rightmove,already-covered,"sdlt-cluster (deployed 08-18, window armed)",320,55,uklandlordtax.co.uk,,,,
stamp duty calculator savills,already-covered,"sdlt-cluster (deployed 08-18, window armed)",320,23,uklandlordtax.co.uk,,,,
stamp duty on land calculator,already-covered,"sdlt-cluster (deployed 08-18, window armed)",320,21,uklandlordtax.co.uk,,,,
tax and take home pay calculator,excluded,off-niche:salary/employment,320,7,taxd.co.uk,,,,
tax free childcare calculator uk,excluded,off-niche:personal/other,320,43,cruseburke.co.uk,,,,
tax relief calculator,excluded,off-niche:long-tail (class-reviewed pass 3),320,36,cruseburke.co.uk,,,,
taxes take home pay calculator,excluded,off-niche:salary/employment,320,16,taxd.co.uk,,,,
uk capital gains tax shares calculator,already-covered,"cgt-cluster (batch cgt1, deploy parked)",320,5,taxd.co.uk,,,,
uk net calculator,excluded,off-niche:long-tail (class-reviewed pass 3),320,17,taxd.co.uk,,,,
us tax rate calculator,excluded,off-niche:personal/other,320,27,optimiseaccountants.co.uk,,,,
wage bonus calculator,excluded,off-niche:salary/employment,320,5,taxd.co.uk,,,,
wage salary calculator,excluded,off-niche:salary/employment,320,25,taxd.co.uk,,,,
wages salary calculator,excluded,off-niche:salary/employment,320,30,taxd.co.uk,,,,
yearly income calculator,excluded,off-niche:salary/employment,320,42,taxd.co.uk,,,,
american income tax calculator,excluded,off-niche:salary/employment,260,18,optimiseaccountants.co.uk,,,,
annual gross salary calculator,excluded,off-niche:salary/employment,260,22,taxd.co.uk,,,,
apportionment calculator,excluded,off-niche:apportionment-generic,260,51,landlordstudio.com,,,,
bring home money calculator,excluded,off-niche:salary/employment,260,36,taxd.co.uk,,,,
calculator gross net,excluded,off-niche:salary/employment,260,41,taxd.co.uk,,,,
capital gains tax scotland calculator,already-covered,"cgt-cluster (batch cgt1, deploy parked)",260,16,ukpropertyaccountants.co.uk,,,,
capital repayment mortgage calculator,excluded,"generic-mortgage: bank/MSE-owned, no landlord intent",260,48,ukpropertyaccountants.co.uk,,,,
corporation tax marginal relief calculator,excluded,off-niche:general-accountancy-calc,260,82,optimiseaccountants.co.uk,,,,
employment tax calculator,excluded,off-niche:general-tax-calc (no property qualifier),260,31,ukpropertyaccountants.co.uk,,,,
federal tax usa calculator,excluded,off-niche:long-tail (class-reviewed pass 3),260,22,optimiseaccountants.co.uk,,,,
gross income calculator yearly,excluded,off-niche:salary/employment,260,43,taxd.co.uk,,,,
gross income yearly calculator,excluded,off-niche:salary/employment,260,33,taxd.co.uk,,,,
gross net calculator,excluded,off-niche:salary/employment,260,42,taxd.co.uk,,,,
hmrc iht interest calculator,excluded,off-niche:general-accountancy-calc,260,31,ukpropertyaccountants.co.uk,,,,
hmrc inheritance tax interest calculator,excluded,off-niche:general-accountancy-calc,260,20,optimiseaccountants.co.uk,,,,
hmrc penalties calculator,excluded,off-niche:long-tail (class-reviewed pass 3),260,19,ukpropertyaccountants.co.uk,,,,
home property tax calculator,excluded,off-niche:general-tax-calc (no property qualifier),260,46,uklandlordtax.co.uk,,,,
how much can i rent my house for calculator uk,excluded,off-niche:long-tail (class-reviewed pass 3),260,52,taxd.co.uk,,,,
how to value a business calculator,excluded,off-niche:long-tail (class-reviewed pass 3),260,36,cruseburke.co.uk,,,,
income after tax calculator uk,excluded,off-niche:salary/employment,260,15,taxd.co.uk,,,,
income after tax uk calculator,excluded,off-niche:salary/employment,260,42,taxd.co.uk,,,,
income pay calculator,excluded,off-niche:salary/employment,260,12,taxd.co.uk,,,,
income tax and national insurance calculator,excluded,off-niche:general-accountancy-calc,260,44,ukpropertyaccountants.co.uk,,,,
income tax calculator for usa,excluded,off-niche:salary/employment,260,21,optimiseaccountants.co.uk,,,,
income tax calculator usa,excluded,off-niche:salary/employment,260,23,optimiseaccountants.co.uk,,,,
income tax in america calculator,excluded,off-niche:salary/employment,260,26,optimiseaccountants.co.uk,,,,
income tax in usa calculator,excluded,off-niche:salary/employment,260,21,optimiseaccountants.co.uk,,,,
income tax national insurance calculator,excluded,off-niche:general-accountancy-calc,260,28,ukpropertyaccountants.co.uk,,,,
income tax us calculator,excluded,off-niche:salary/employment,260,25,optimiseaccountants.co.uk,,,,
income tax weekly calculator,excluded,off-niche:salary/employment,260,35,taxd.co.uk,,,,
income weekly tax calculator,excluded,off-niche:general-tax-calc (no property qualifier),260,53,taxd.co.uk,,,,
inheritance tax interest calculator,excluded,off-niche:general-accountancy-calc,260,37,ukpropertyaccountants.co.uk,,,,
interest on inheritance tax calculator,excluded,off-niche:general-accountancy-calc,260,22,optimiseaccountants.co.uk,,,,
interest only buy to let mortgage calculator,assigned,calculators/buy-to-let-mortgage-calculator,260,1,uklandlordtax.co.uk,4,0,,
interest only loan calculator,excluded,"generic-mortgage: bank/MSE-owned, no landlord intent",260,15,uklandlordtax.co.uk,,,,
lease calculator sdlt,already-covered,"sdlt-cluster (deployed 08-18, window armed)",260,37,ukpropertyaccountants.co.uk,,,,
lease sdlt calculator,already-covered,"sdlt-cluster (deployed 08-18, window armed)",260,37,ukpropertyaccountants.co.uk,,,,
ltd company tax calculator uk,excluded,off-niche:general-tax-calc (no property qualifier),260,42,optimiseaccountants.co.uk,,,,
mixed use stamp duty calculator,already-covered,"sdlt-cluster (deployed 08-18, window armed)",260,22,ukpropertyaccountants.co.uk,,,,
mixed-use stamp duty calculator,already-covered,"sdlt-cluster (deployed 08-18, window armed)",260,22,ukpropertyaccountants.co.uk,,,,
money take home calculator,excluded,off-niche:salary/employment,260,27,taxd.co.uk,,,,
moneyhelper mortgage calculator,excluded,"generic-mortgage: bank/MSE-owned, no landlord intent",260,37,uklandlordtax.co.uk,,,,
monthly pay after tax calculator,excluded,off-niche:salary/employment,260,38,taxd.co.uk,,,,
monthly wages calculator after tax,excluded,off-niche:salary/employment,260,53,taxd.co.uk,,,,
my salary after taxes calculator,excluded,off-niche:salary/employment,260,30,taxd.co.uk,,,,
net calculator income,excluded,off-niche:long-tail (class-reviewed pass 3),260,15,taxd.co.uk,,,,
nett pay calculator,excluded,off-niche:salary/employment,260,13,taxd.co.uk,,,,
nett payment calculator,excluded,off-niche:long-tail (class-reviewed pass 3),260,39,taxd.co.uk,,,,
nett wages calculator,excluded,off-niche:salary/employment,260,16,taxd.co.uk,,,,
online tax calculator uk,excluded,off-niche:general-tax-calc (no property qualifier),260,48,taxd.co.uk,,,,
part time take home pay calculator,excluded,off-niche:salary/employment,260,35,taxd.co.uk,,,,
paye take home calculator,excluded,off-niche:salary/employment,260,32,taxd.co.uk,,,,
payroll tax calculator for employees,excluded,off-niche:salary/employment,260,39,ukpropertyaccountants.co.uk,,,,
pro rata take home pay calculator,excluded,off-niche:salary/employment,260,18,taxd.co.uk,,,,
property stamp duty calculator,already-covered,"sdlt-cluster (deployed 08-18, window armed)",260,8,uklandlordtax.co.uk,,,,
property tax calculator scotland,excluded,off-niche:general-tax-calc (no property qualifier),260,25,ukpropertyaccountants.co.uk,,,2,0
property tax scotland calculator,already-covered,"sdlt-cluster (deployed 08-18, window armed)",260,28,ukpropertyaccountants.co.uk,,,4,0
property yield,assigned,calculators/rental-yield-calculator,260,50,landlordstudio.com,6,0,,
property yields,assigned,calculators/rental-yield-calculator,260,37,provestor.co.uk,,,,
quick mortgage repayment calculator,excluded,"generic-mortgage: bank/MSE-owned, no landlord intent",260,27,uklandlordtax.co.uk,,,,
repayment and interest calculator,excluded,off-niche:long-tail (class-reviewed pass 3),260,63,ukpropertyaccountants.co.uk,,,,
repayment calculator uk,excluded,"generic-mortgage: bank/MSE-owned, no landlord intent",260,52,ukpropertyaccountants.co.uk,,,,
repayments calculator,excluded,off-niche:long-tail (class-reviewed pass 3),260,67,ukpropertyaccountants.co.uk,,,,
revenue scotland lbtt calculator,already-covered,"sdlt-cluster (deployed 08-18, window armed)",260,69,ukpropertyaccountants.co.uk,,,96,0
salary and wages calculator,excluded,off-niche:salary/employment,260,42,taxd.co.uk,,,,
salary back pay calculator,excluded,off-niche:salary/employment,260,55,taxd.co.uk,,,,
salary calculator 2 jobs,excluded,off-niche:salary/employment,260,36,taxd.co.uk,,,,
salary net calculator,excluded,off-niche:salary/employment,260,31,taxd.co.uk,,,,
salary pay calculator,excluded,off-niche:salary/employment,260,10,taxd.co.uk,,,,
sdlt calculator for leases,already-covered,"sdlt-cluster (deployed 08-18, window armed)",260,26,ukpropertyaccountants.co.uk,,,,
sdlt calculator lease,already-covered,"sdlt-cluster (deployed 08-18, window armed)",260,33,ukpropertyaccountants.co.uk,,,,
sdlt calculator leases,already-covered,"sdlt-cluster (deployed 08-18, window armed)",260,16,ukpropertyaccountants.co.uk,,,,
sdlt calculator on leases,already-covered,"sdlt-cluster (deployed 08-18, window armed)",260,41,ukpropertyaccountants.co.uk,,,,
sdlt lease calculator,already-covered,"sdlt-cluster (deployed 08-18, window armed)",260,32,ukpropertyaccountants.co.uk,,,,
sdlt on lease calculator,already-covered,"sdlt-cluster (deployed 08-18, window armed)",260,38,ukpropertyaccountants.co.uk,,,,
sdt calculator,excluded,off-niche:long-tail (class-reviewed pass 3),260,41,taxd.co.uk,,,,
self assessment calculator uk,excluded,off-niche:general-accountancy-calc,260,35,optimiseaccountants.co.uk,,,,
self employed tax back calculator,excluded,off-niche:refund/expat-employment,260,8,taxd.co.uk,,,,
self employed tax rebate calculator,excluded,off-niche:refund/expat-employment,260,2,taxd.co.uk,,,,
self employed tax return calculator,excluded,off-niche:general-accountancy-calc,260,36,optimiseaccountants.co.uk,,,,
self employment tax rebate calculator,excluded,off-niche:refund/expat-employment,260,7,taxd.co.uk,,,,
self-employed expenses calculator,excluded,off-niche:general-accountancy-calc,260,29,cruseburke.co.uk,,,,
self-employed tax rebate calculator,excluded,off-niche:refund/expat-employment,260,3,taxd.co.uk,,,,
stamp duty calculator mixed use,already-covered,"sdlt-cluster (deployed 08-18, window armed)",260,21,ukpropertyaccountants.co.uk,,,,
stamp duty land tax lease calculator,already-covered,"sdlt-cluster (deployed 08-18, window armed)",260,16,uklandlordtax.co.uk,,,,
stamp duty mixed use calculator,already-covered,"sdlt-cluster (deployed 08-18, window armed)",260,55,uklandlordtax.co.uk,,,,
stamp duty on property calculator,already-covered,"sdlt-cluster (deployed 08-18, window armed)",260,14,uklandlordtax.co.uk,,,,
stamp duty refund calculator,already-covered,"sdlt-cluster (deployed 08-18, window armed)",260,8,uklandlordtax.co.uk,,,,
take home pay calculator part time,excluded,off-niche:salary/employment,260,14,taxd.co.uk,,,,
take home pay calculator part-time,excluded,off-niche:salary/employment,260,18,taxd.co.uk,,,,
take-home pay calculator part-time,excluded,off-niche:salary/employment,260,15,taxd.co.uk,,,,
tax calculator employee,excluded,off-niche:general-tax-calc (no property qualifier),260,48,ukpropertyaccountants.co.uk,,,,
tax calculator home,excluded,off-niche:general-tax-calc (no property qualifier),260,31,taxd.co.uk,,,,
tax calculator hr,excluded,off-niche:general-tax-calc (no property qualifier),260,45,taxd.co.uk,,,,
tax calculator uk limited company,excluded,off-niche:general-tax-calc (no property qualifier),260,13,provestor.co.uk,,,,
tax deduction calculator uk,excluded,off-niche:salary/employment,260,50,taxd.co.uk,,,,
tax home calculator,excluded,off-niche:long-tail (class-reviewed pass 3),260,10,taxd.co.uk,,,,
tax refund calculator self-employed,excluded,off-niche:refund/expat-employment,260,35,optimiseaccountants.co.uk,,,,
tax return calculator self employed,excluded,off-niche:general-accountancy-calc,260,29,optimiseaccountants.co.uk,,,,
tax return self employed calculator,excluded,off-niche:general-accountancy-calc,260,40,optimiseaccountants.co.uk,,,,
tax work calculator,excluded,off-niche:long-tail (class-reviewed pass 3),260,38,taxd.co.uk,,,,
tfc calculator,excluded,off-niche:personal/other,260,30,taxd.co.uk,,,,
transfer of equity stamp duty calculator,already-covered,"sdlt-cluster (deployed 08-18, window armed)",260,54,uklandlordtax.co.uk,,,,
two jobs salary calculator,excluded,off-niche:salary/employment,260,28,taxd.co.uk,,,,
two salary calculator,excluded,off-niche:salary/employment,260,29,taxd.co.uk,,,,
uk bonus tax calculator,excluded,off-niche:salary/employment,260,8,taxd.co.uk,,,,
uk limited company tax calculator,excluded,off-niche:general-tax-calc (no property qualifier),260,47,optimiseaccountants.co.uk,,,,
uk ltd company tax calculator,excluded,off-niche:general-tax-calc (no property qualifier),260,20,ukpropertyaccountants.co.uk,,,,
uk self assessment calculator,excluded,off-niche:general-accountancy-calc,260,32,optimiseaccountants.co.uk,,,,
uk tax deduction calculator,excluded,off-niche:salary/employment,260,42,taxd.co.uk,,,,
us income taxes calculator,excluded,off-niche:salary/employment,260,24,optimiseaccountants.co.uk,,,,
wages to salary calculator,excluded,off-niche:salary/employment,260,49,taxd.co.uk,,,,
wales land tax calculator,excluded,off-niche:general-tax-calc (no property qualifier),260,17,uklandlordtax.co.uk,,,15,0
what does dividend yield mean,excluded,off-niche:general-accountancy-calc,260,36,cruseburke.co.uk,,,,
work tax calculator,excluded,off-niche:general-tax-calc (no property qualifier),260,57,taxd.co.uk,,,,
working tax calculator,excluded,off-niche:general-tax-calc (no property qualifier),260,20,taxd.co.uk,,,,
2 jobs tax calculator uk,excluded,off-niche:general-tax-calc (no property qualifier),210,16,taxd.co.uk,,,,
2nd home tax scotland calculator,already-covered,"sdlt-cluster (deployed 08-18, window armed)",210,36,ukpropertyaccountants.co.uk,,,,
60 tax trap calculator,excluded,off-niche:personal-income-tax,210,7,taxd.co.uk,,,,
annual pay calculator,excluded,off-niche:salary/employment,210,24,taxd.co.uk,,,,
before tax calculator,excluded,off-niche:general-tax-calc (no property qualifier),210,43,taxd.co.uk,,,,
bonus take home calculator uk,excluded,off-niche:salary/employment,210,4,taxd.co.uk,,,,
business tax calculator uk,excluded,off-niche:general-tax-calc (no property qualifier),210,43,taxd.co.uk,,,,
buy to let mortgage calculator natwest,assigned,calculators/buy-to-let-mortgage-calculator,210,35,uklandlordtax.co.uk,,,,
buy to let mortgage calculator repayments,assigned,calculators/buy-to-let-mortgage-calculator,210,2,uklandlordtax.co.uk,,,,
buy to let repayment calculator,assigned,calculators/buy-to-let-mortgage-calculator,210,1,uklandlordtax.co.uk,4,0,,
calculate yield,assigned,calculators/rental-yield-calculator,210,33,landlordstudio.com,,,,
capital gain calculator on sale of property,already-covered,"cgt-cluster (batch cgt1, deploy parked)",210,13,ukpropertyaccountants.co.uk,,,,
capital gains tax calculator on sale of property,already-covered,"cgt-cluster (batch cgt1, deploy parked)",210,21,ukpropertyaccountants.co.uk,,,,
capital gains tax on 2nd property calculator,already-covered,"cgt-cluster (batch cgt1, deploy parked)",210,20,ukpropertyaccountants.co.uk,,,,
cgtcalculator,already-covered,"cgt-cluster (batch cgt1, deploy parked)",210,12,taxd.co.uk,,,,
cis calculator uk,deferred,trade-site:cis,210,3,taxd.co.uk,,,,
contractor taxes calculator,excluded,off-niche:long-tail (class-reviewed pass 3),210,31,taxd.co.uk,,,,
contractors tax calculator,excluded,off-niche:general-tax-calc (no property qualifier),210,56,taxd.co.uk,,,,
development finance calculator,assigned,calculators/development-finance-calculator,210,72,ukpropertyaccountants.co.uk,35,0,,
ebay selling fees calculator uk,excluded,off-niche:marketplace/crypto,210,35,cruseburke.co.uk,,,,
first time buyer calculator,excluded,off-niche:long-tail (class-reviewed pass 3),210,56,uklandlordtax.co.uk,,,,
government payment calculator,excluded,off-niche:long-tail (class-reviewed pass 3),210,32,taxd.co.uk,,,,
gross pay from net pay calculator,excluded,off-niche:salary/employment,210,19,taxd.co.uk,,,,
gross salary calculator from net pay,excluded,off-niche:salary/employment,210,28,taxd.co.uk,,,,
higher rate pension tax relief calculator,excluded,off-niche:general-accountancy-calc,210,49,cruseburke.co.uk,,,,
home loan monthly interest calculator,excluded,"generic-mortgage: bank/MSE-owned, no landlord intent",210,30,uklandlordtax.co.uk,,,,
how much national insurance do i pay calculator,excluded,off-niche:general-accountancy-calc,210,22,ukpropertyaccountants.co.uk,,,,
how much national insurance should i pay calculator,excluded,off-niche:general-accountancy-calc,210,19,ukpropertyaccountants.co.uk,,,,
how much national insurance will i pay calculator,excluded,off-niche:general-accountancy-calc,210,32,ukpropertyaccountants.co.uk,,,,
how much tax do i pay calculator uk,excluded,off-niche:salary/employment,210,49,taxd.co.uk,,,,
how to salary calculator,excluded,off-niche:salary/employment,210,63,taxd.co.uk,,,,
how to work out property yield,assigned,calculators/rental-yield-calculator,210,19,landlordstudio.com,,,,
inheritance tax calculator for married couples,excluded,off-niche:general-accountancy-calc,210,27,ukpropertyaccountants.co.uk,,,,
inheritance tax calculator gov uk,excluded,off-niche:general-accountancy-calc,210,25,optimiseaccountants.co.uk,,,,
inheritance tax calculator gov.uk,excluded,off-niche:general-accountancy-calc,210,23,optimiseaccountants.co.uk,,,,
l and c mortgage calculator,excluded,"generic-mortgage: bank/MSE-owned, no landlord intent",210,29,uklandlordtax.co.uk,,,,
land calculator mortgage,excluded,"generic-mortgage: bank/MSE-owned, no landlord intent",210,20,uklandlordtax.co.uk,,,,
land mortgage calculator,excluded,"generic-mortgage: bank/MSE-owned, no landlord intent",210,32,uklandlordtax.co.uk,,,,
land tax stamp duty calculator,already-covered,"sdlt-cluster (deployed 08-18, window armed)",210,29,uklandlordtax.co.uk,,,,
land tax wales calculator,excluded,off-niche:long-tail (class-reviewed pass 3),210,18,uklandlordtax.co.uk,3,0,1,0
mansion tax calculator,excluded,off-niche:general-tax-calc (no property qualifier),210,2,ukpropertyaccountants.co.uk,,,,
martin lewis pay calculator,excluded,off-niche:salary/employment,210,12,taxd.co.uk,,,,
money saving expert wage calculator,excluded,off-niche:salary/employment,210,29,taxd.co.uk,,,,
moneysavingexpert salary calculator,excluded,off-niche:salary/employment,210,26,taxd.co.uk,,,,
month salary calculator,excluded,off-niche:salary/employment,210,35,taxd.co.uk,,,,
monthly payment calculator salary,excluded,off-niche:salary/employment,210,18,taxd.co.uk,,,,
monthly payment salary calculator,excluded,off-niche:salary/employment,210,29,taxd.co.uk,,,,
mortgage calculator land,excluded,"generic-mortgage: bank/MSE-owned, no landlord intent",210,24,uklandlordtax.co.uk,,,,
mortgage payment calculator for land,excluded,"generic-mortgage: bank/MSE-owned, no landlord intent",210,26,uklandlordtax.co.uk,,,,
mortgage repayments calculator uk,excluded,"generic-mortgage: bank/MSE-owned, no landlord intent",210,54,ukpropertyaccountants.co.uk,,,,
mse pay calculator,excluded,off-niche:salary/employment,210,18,taxd.co.uk,,,,
mse stamp duty calculator,already-covered,"sdlt-cluster (deployed 08-18, window armed)",210,38,uklandlordtax.co.uk,,,,
national insurance calculator uk,excluded,off-niche:general-accountancy-calc,210,15,ukpropertyaccountants.co.uk,,,,
national insurance uk calculator,excluded,off-niche:general-accountancy-calc,210,21,ukpropertyaccountants.co.uk,,,,
net of tax calculator,excluded,off-niche:general-tax-calc (no property qualifier),210,32,ukpropertyaccountants.co.uk,,,,
net tax calculator,excluded,off-niche:general-tax-calc (no property qualifier),210,40,taxd.co.uk,,,,
ni contribution calculator,excluded,off-niche:long-tail (class-reviewed pass 3),210,22,ukpropertyaccountants.co.uk,,,,
ni contributions calculator self-employed,excluded,off-niche:general-accountancy-calc,210,29,ukpropertyaccountants.co.uk,,,,
nic contributions calculator,excluded,off-niche:long-tail (class-reviewed pass 3),210,19,ukpropertyaccountants.co.uk,,,,
nis contributions calculator,excluded,off-niche:long-tail (class-reviewed pass 3),210,19,ukpropertyaccountants.co.uk,,,,
pay after tax calculator uk,excluded,off-niche:salary/employment,210,25,taxd.co.uk,,,,
pay tax calculator weekly,excluded,off-niche:general-tax-calc (no property qualifier),210,41,taxd.co.uk,,,,
paye on salary calculator,excluded,off-niche:salary/employment,210,58,taxd.co.uk,,,,
paye salary calculator,excluded,off-niche:salary/employment,210,57,taxd.co.uk,,,,
payment after tax calculator uk,excluded,off-niche:salary/employment,210,20,taxd.co.uk,,,,
pension higher rate tax relief calculator,excluded,off-niche:general-accountancy-calc,210,33,cruseburke.co.uk,,,,
pension tax relief calculator higher rate,excluded,off-niche:general-accountancy-calc,210,25,cruseburke.co.uk,,,,
pensionable earnings calculator,excluded,off-niche:general-accountancy-calc,210,41,cruseburke.co.uk,,,,
personal allowance calculator,excluded,off-niche:long-tail (class-reviewed pass 3),210,64,taxd.co.uk,,,,
pro rata calculator rent,excluded,off-niche:long-tail (class-reviewed pass 3),210,10,landlordstudio.com,,,,
pro rata rent calculator,assigned,calculators/rental-income-tax-calculator,210,14,landlordstudio.com,,,,
profit margin calculator uk,excluded,off-niche:general-accountancy-calc,210,39,cruseburke.co.uk,,,,
property sale capital gains tax calculator,already-covered,"cgt-cluster (batch cgt1, deploy parked)",210,16,provestor.co.uk,,,,
property tax calculator uk,excluded,off-niche:general-tax-calc (no property qualifier),210,17,taxd.co.uk,4,0,,
prorated rent calculator,assigned,calculators/rental-income-tax-calculator,210,4,landlordstudio.com,,,,
rent pro rata calculator,excluded,off-niche:long-tail (class-reviewed pass 3),210,15,landlordstudio.com,,,,
rental income calculator uk,excluded,off-niche:salary/employment,210,21,taxd.co.uk,2,0,,
reverse salary calculator,excluded,off-niche:salary/employment,210,27,taxd.co.uk,,,,
salary calculator monthly pay,excluded,off-niche:salary/employment,210,55,taxd.co.uk,,,,
salary calculator paye,excluded,off-niche:salary/employment,210,60,taxd.co.uk,,,,
salary calculator reverse,excluded,off-niche:salary/employment,210,31,taxd.co.uk,,,,
salary calculator to monthly,excluded,off-niche:salary/employment,210,24,taxd.co.uk,,,,
salary monthly payment calculator,excluded,off-niche:salary/employment,210,32,taxd.co.uk,,,,
salary paye calculator,excluded,off-niche:salary/employment,210,56,taxd.co.uk,,,,
salary paye tax calculator,excluded,off-niche:salary/employment,210,30,ukpropertyaccountants.co.uk,,,,
salary reverse calculator,excluded,off-niche:salary/employment,210,36,taxd.co.uk,,,,
salary to monthly calculator,excluded,off-niche:salary/employment,210,45,taxd.co.uk,,,,
salary to monthly pay calculator,excluded,off-niche:salary/employment,210,15,taxd.co.uk,,,,
sdlt tax calculator,already-covered,"sdlt-cluster (deployed 08-18, window armed)",210,28,ukpropertyaccountants.co.uk,,,,
self employed ni contributions calculator,excluded,off-niche:general-accountancy-calc,210,37,ukpropertyaccountants.co.uk,,,,
self employed take home pay calculator,excluded,off-niche:salary/employment,210,48,taxd.co.uk,,,,
staircasing calculator,excluded,off-niche:long-tail (class-reviewed pass 3),210,84,cruseburke.co.uk,,,,
stamp duty and land tax calculator,already-covered,"sdlt-cluster (deployed 08-18, window armed)",210,26,uklandlordtax.co.uk,,,,
stamp duty buy to let calculator,already-covered,"sdlt-cluster (deployed 08-18, window armed)",210,2,uklandlordtax.co.uk,1,0,,
stamp duty buy-to-let calculator,already-covered,"sdlt-cluster (deployed 08-18, window armed)",210,2,uklandlordtax.co.uk,,,,
stamp duty calculator 2025 gov uk,already-covered,"sdlt-cluster (deployed 08-18, window armed)",210,22,uklandlordtax.co.uk,,,,
stamp duty calculator ltd company,already-covered,"sdlt-cluster (deployed 08-18, window armed)",210,16,provestor.co.uk,,,,
stamp duty calculator money saving expert,already-covered,"sdlt-cluster (deployed 08-18, window armed)",210,30,uklandlordtax.co.uk,,,,
stamp duty calculator mse,already-covered,"sdlt-cluster (deployed 08-18, window armed)",210,40,uklandlordtax.co.uk,,,,
stamp duty calculator residential,already-covered,"sdlt-cluster (deployed 08-18, window armed)",210,31,uklandlordtax.co.uk,,,,
stamp duty on buy to let calculator,already-covered,"sdlt-cluster (deployed 08-18, window armed)",210,2,uklandlordtax.co.uk,2,0,,
take home bonus calculator uk,excluded,off-niche:salary/employment,210,4,taxd.co.uk,,,,
take home pay calculator gov,excluded,off-niche:salary/employment,210,32,taxd.co.uk,,,,
take home pay calculator wales,excluded,off-niche:salary/employment,210,6,taxd.co.uk,,,,
take-home pay calculator gov,excluded,off-niche:salary/employment,210,31,taxd.co.uk,,,,
tax calculator net,excluded,off-niche:general-tax-calc (no property qualifier),210,40,taxd.co.uk,,,,
tax calculator on weekly pay,excluded,off-niche:salary/employment,210,35,taxd.co.uk,,,,
tax calculator uk self employed,excluded,off-niche:general-accountancy-calc,210,42,cruseburke.co.uk,,,,
tax net calculator,excluded,off-niche:long-tail (class-reviewed pass 3),210,18,taxd.co.uk,,,,
tax on wages calculator uk,excluded,off-niche:salary/employment,210,41,ukpropertyaccountants.co.uk,,,,
tra calculator,excluded,off-niche:long-tail (class-reviewed pass 3),210,39,taxd.co.uk,,,,
two job tax calculator uk,excluded,off-niche:general-tax-calc (no property qualifier),210,13,taxd.co.uk,,,,
two jobs tax calculator uk,excluded,off-niche:general-tax-calc (no property qualifier),210,26,taxd.co.uk,,,,
uk national insurance calculator,excluded,off-niche:general-accountancy-calc,210,17,ukpropertyaccountants.co.uk,,,,
uk property tax calculator,excluded,off-niche:general-tax-calc (no property qualifier),210,24,taxd.co.uk,,,,
wage and tax calculator uk,excluded,off-niche:salary/employment,210,49,taxd.co.uk,,,,
wage calculator after tax uk,excluded,off-niche:salary/employment,210,37,taxd.co.uk,,,,
wage tax calculator uk,excluded,off-niche:salary/employment,210,26,taxd.co.uk,,,,
wage tax calculator weekly,excluded,off-niche:salary/employment,210,48,taxd.co.uk,,,,
2nd job tax calculator uk,excluded,off-niche:general-tax-calc (no property qualifier),170,13,taxd.co.uk,,,,
4 weekly pay calculator,excluded,off-niche:salary/employment,170,48,taxd.co.uk,,,,
45p per mile calculator,excluded,off-niche:long-tail (class-reviewed pass 3),170,15,ukpropertyaccountants.co.uk,,,,
adjusted net income calculator hmrc,excluded,off-niche:salary/employment,170,79,taxd.co.uk,,,,
annual salary take home calculator,excluded,off-niche:salary/employment,170,32,taxd.co.uk,,,,
annual take home pay calculator,excluded,off-niche:salary/employment,170,8,taxd.co.uk,,,,
annual take-home pay calculator,excluded,off-niche:salary/employment,170,8,taxd.co.uk,,,,
business stamp duty calculator,already-covered,"sdlt-cluster (deployed 08-18, window armed)",170,43,provestor.co.uk,,,,
buying a car through limited company calculator,excluded,off-niche:long-tail (class-reviewed pass 3),170,53,provestor.co.uk,,,,
calculator for housing loan repayment,excluded,"generic-mortgage: bank/MSE-owned, no landlord intent",170,48,uklandlordtax.co.uk,,,,
calculator for mileage reimbursement,deferred,trade-site:mileage,170,30,ukpropertyaccountants.co.uk,,,,
check tax calculator,excluded,off-niche:general-tax-calc (no property qualifier),170,49,taxd.co.uk,,,,
citb levy calculator,excluded,off-niche:long-tail (class-reviewed pass 3),170,44,taxd.co.uk,,,,
earnings tax calculator,excluded,off-niche:general-tax-calc (no property qualifier),170,59,taxd.co.uk,,,,
fixed mortgage rates calculator,excluded,"generic-mortgage: bank/MSE-owned, no landlord intent",170,52,uklandlordtax.co.uk,,,,
freehold calculator hmrc,excluded,off-niche:long-tail (class-reviewed pass 3),170,58,ukpropertyaccountants.co.uk,1,0,,
freelance tax calculator,excluded,off-niche:general-tax-calc (no property qualifier),170,16,taxd.co.uk,,,,
gift tax calculator uk,excluded,off-niche:general-tax-calc (no property qualifier),170,50,taxd.co.uk,,,,
gross profit percentage calculator,excluded,off-niche:salary/employment,170,51,cruseburke.co.uk,,,,
historical stamp duty calculator,already-covered,"sdlt-cluster (deployed 08-18, window armed)",170,41,landlordstudio.com,,,,
holding deposit calculator,excluded,off-niche:long-tail (class-reviewed pass 3),170,62,landlordstudio.com,,,,
home loan calculator principal and interest,excluded,"generic-mortgage: bank/MSE-owned, no landlord intent",170,35,uklandlordtax.co.uk,,,,
home loan repayment calculator,excluded,"generic-mortgage: bank/MSE-owned, no landlord intent",170,54,ukpropertyaccountants.co.uk,,,,
home tax calculator,excluded,off-niche:general-tax-calc (no property qualifier),170,29,taxd.co.uk,,,,
hourly income tax calculator,excluded,off-niche:salary/employment,170,72,taxd.co.uk,,,,
house tax calculator,excluded,off-niche:general-tax-calc (no property qualifier),170,14,uklandlordtax.co.uk,,,,
housing loan calculator,excluded,"generic-mortgage: bank/MSE-owned, no landlord intent",170,46,uklandlordtax.co.uk,,,,
income calculator money saving expert,excluded,off-niche:salary/employment,170,37,taxd.co.uk,,,,
indexation allowance calculator,excluded,off-niche:long-tail (class-reviewed pass 3),170,29,ukpropertyaccountants.co.uk,,,,
inheritance tax scotland calculator,excluded,off-niche:general-accountancy-calc,170,37,ukpropertyaccountants.co.uk,,,,
interest calculator for mortgage payment,excluded,"generic-mortgage: bank/MSE-owned, no landlord intent",170,71,ukpropertyaccountants.co.uk,,,,
interest only mortgage payment calculator,excluded,"generic-mortgage: bank/MSE-owned, no landlord intent",170,25,uklandlordtax.co.uk,,,,
interest only mortgage payments calculator,excluded,"generic-mortgage: bank/MSE-owned, no landlord intent",170,26,uklandlordtax.co.uk,,,,
interest only payments on mortgage calculator,excluded,"generic-mortgage: bank/MSE-owned, no landlord intent",170,17,uklandlordtax.co.uk,,,,
land mortgage calculator uk,excluded,"generic-mortgage: bank/MSE-owned, no landlord intent",170,30,uklandlordtax.co.uk,,,,
land transaction tax wales calculator,already-covered,"sdlt-cluster (deployed 08-18, window armed)",170,22,uklandlordtax.co.uk,,,,
lbtt calculator lease,already-covered,"sdlt-cluster (deployed 08-18, window armed)",170,30,ukpropertyaccountants.co.uk,,,,
lbtt lease calculator,already-covered,"sdlt-cluster (deployed 08-18, window armed)",170,32,ukpropertyaccountants.co.uk,,,,
lifetime interest only mortgage calculator,excluded,"generic-mortgage: bank/MSE-owned, no landlord intent",170,48,uklandlordtax.co.uk,,,,
lifetime interest-only mortgage calculator,excluded,"generic-mortgage: bank/MSE-owned, no landlord intent",170,47,uklandlordtax.co.uk,,,,
limited company calculator,excluded,off-niche:long-tail (class-reviewed pass 3),170,25,provestor.co.uk,,,,
loan calculator housing,excluded,"generic-mortgage: bank/MSE-owned, no landlord intent",170,33,uklandlordtax.co.uk,,,,
loan on house calculator,excluded,"generic-mortgage: bank/MSE-owned, no landlord intent",170,44,uklandlordtax.co.uk,,,,
london net salary calculator,excluded,off-niche:salary/employment,170,46,taxd.co.uk,,,,
london salary net calculator,excluded,off-niche:salary/employment,170,38,taxd.co.uk,,,,
ltt wales calculator,already-covered,"sdlt-cluster (deployed 08-18, window armed)",170,21,uklandlordtax.co.uk,,,8,0
mansion tax uk calculator,excluded,off-niche:salary/employment,170,2,ukpropertyaccountants.co.uk,1,0,,
mileage payment calculator,deferred,trade-site:mileage,170,22,ukpropertyaccountants.co.uk,,,,
mileage rate calculator,deferred,trade-site:mileage,170,38,ukpropertyaccountants.co.uk,,,,
monthly tax and ni calculator,excluded,off-niche:general-accountancy-calc,170,54,taxd.co.uk,,,,
mortgage and interest payment calculator,excluded,"generic-mortgage: bank/MSE-owned, no landlord intent",170,63,ukpropertyaccountants.co.uk,,,,
mortgage buy to let calculator,assigned,calculators/buy-to-let-mortgage-calculator,170,4,uklandlordtax.co.uk,1,0,,
mortgage calculator alexander hall,excluded,"generic-mortgage: bank/MSE-owned, no landlord intent",170,42,uklandlordtax.co.uk,,,,
mortgage calculator interest and principal,excluded,"generic-mortgage: bank/MSE-owned, no landlord intent",170,63,ukpropertyaccountants.co.uk,,,,
mortgage calculator principal and interest,excluded,"generic-mortgage: bank/MSE-owned, no landlord intent",170,62,ukpropertyaccountants.co.uk,,,,
mortgage emi calculator uk,excluded,"generic-mortgage: bank/MSE-owned, no landlord intent",170,57,ukpropertyaccountants.co.uk,,,,
mortgage interest payment calculator,excluded,"generic-mortgage: bank/MSE-owned, no landlord intent",170,69,ukpropertyaccountants.co.uk,,,,
mortgage interest principal calculator,excluded,"generic-mortgage: bank/MSE-owned, no landlord intent",170,65,ukpropertyaccountants.co.uk,,,,
mortgage principal calculator,excluded,"generic-mortgage: bank/MSE-owned, no landlord intent",170,69,ukpropertyaccountants.co.uk,,,,
mortgage repayment calculator interest,excluded,"generic-mortgage: bank/MSE-owned, no landlord intent",170,39,ukpropertyaccountants.co.uk,,,,
mse income calculator,excluded,off-niche:salary/employment,170,24,taxd.co.uk,,,,
net initial yield calculator,assigned,calculators/rental-yield-calculator,170,15,landlordstudio.com,,,,
net salary calculator london,excluded,off-niche:salary/employment,170,38,taxd.co.uk,,,,
net salary london calculator,excluded,off-niche:salary/employment,170,36,taxd.co.uk,,,,
nett salary calculator,excluded,off-niche:salary/employment,170,24,taxd.co.uk,,,,
openrent rent calculator,assigned,calculators/rental-income-tax-calculator,170,25,landlordstudio.com,,,,
p50 tax refund calculator,excluded,off-niche:refund/expat-employment,170,11,taxd.co.uk,,,,
pension calculator take home pay,excluded,off-niche:salary/employment,170,9,taxd.co.uk,,,,
pension relief calculator,excluded,off-niche:general-accountancy-calc,170,31,cruseburke.co.uk,,,,
pension take home pay calculator,excluded,off-niche:salary/employment,170,36,taxd.co.uk,,,,
pension tax relief calculator uk,excluded,off-niche:general-accountancy-calc,170,29,cruseburke.co.uk,,,,
pro rating calculator,excluded,off-niche:long-tail (class-reviewed pass 3),170,4,landlordstudio.com,,,,
property calculator,excluded,off-niche:long-tail (class-reviewed pass 3),170,20,uklandlordtax.co.uk,,,,
prorated rate calculator,excluded,off-niche:long-tail (class-reviewed pass 3),170,4,landlordstudio.com,,,,
rent calculator mortgage,assigned,calculators/rental-income-tax-calculator,170,5,uklandlordtax.co.uk,,,,
rent to mortgage calculator,excluded,"generic-mortgage: bank/MSE-owned, no landlord intent",170,14,uklandlordtax.co.uk,,,,
rental calculator salary,excluded,off-niche:salary/employment,170,57,landlordstudio.com,,,,
repayment of housing loan calculator,excluded,"generic-mortgage: bank/MSE-owned, no landlord intent",170,58,ukpropertyaccountants.co.uk,,,,
sdlt calculator ni,already-covered,"sdlt-cluster (deployed 08-18, window armed)",170,19,uklandlordtax.co.uk,3,0,,
second home stamp duty calculator uk,already-covered,"sdlt-cluster (deployed 08-18, window armed)",170,15,uklandlordtax.co.uk,,,,
second home tax calculator,excluded,off-niche:general-tax-calc (no property qualifier),170,50,landlordstudio.com,,,,
second job tax calculator uk,excluded,off-niche:general-tax-calc (no property qualifier),170,15,taxd.co.uk,,,,
self employed take home calculator,excluded,off-niche:salary/employment,170,29,taxd.co.uk,,,,
self-employed take-home calculator,excluded,off-niche:salary/employment,170,38,taxd.co.uk,,,,
selling second home tax calculator,excluded,off-niche:general-tax-calc (no property qualifier),170,21,ukpropertyaccountants.co.uk,,,,
shared ownership calculator gov,excluded,"generic-mortgage: bank/MSE-owned, no landlord intent",170,58,cruseburke.co.uk,,,,
stamp duty and fees calculator,already-covered,"sdlt-cluster (deployed 08-18, window armed)",170,29,uklandlordtax.co.uk,,,,
stamp duty business calculator,already-covered,"sdlt-cluster (deployed 08-18, window armed)",170,35,uklandlordtax.co.uk,,,,
stamp duty calculator for business,already-covered,"sdlt-cluster (deployed 08-18, window armed)",170,28,uklandlordtax.co.uk,,,,
stamp duty calculator purplebricks,already-covered,"sdlt-cluster (deployed 08-18, window armed)",170,34,uklandlordtax.co.uk,,,,
stamp duty calculator second home uk,already-covered,"sdlt-cluster (deployed 08-18, window armed)",170,37,optimiseaccountants.co.uk,,,,
stamp duty calculator uk second home,already-covered,"sdlt-cluster (deployed 08-18, window armed)",170,29,uklandlordtax.co.uk,,,,
stamp duty fees calculator,already-covered,"sdlt-cluster (deployed 08-18, window armed)",170,29,uklandlordtax.co.uk,,,,
stamp duty rate calculator,already-covered,"sdlt-cluster (deployed 08-18, window armed)",170,35,uklandlordtax.co.uk,,,,
stamp duty second house calculator,already-covered,"sdlt-cluster (deployed 08-18, window armed)",170,30,uklandlordtax.co.uk,,,,
take home calculator uk 2025,excluded,off-niche:salary/employment,170,29,taxd.co.uk,,,,
take home pay calculator annual,excluded,off-niche:salary/employment,170,8,taxd.co.uk,,,,
take home pay calculator northern ireland,excluded,off-niche:salary/employment,170,37,taxd.co.uk,,,,
take home pay calculator pension,excluded,off-niche:salary/employment,170,8,taxd.co.uk,,,,
take home pay calculator teacher uk,excluded,off-niche:salary/employment,170,18,taxd.co.uk,,,,
take-home pay calculator northern ireland,excluded,off-niche:salary/employment,170,32,taxd.co.uk,,,,
tax and ni calculator monthly,excluded,off-niche:general-accountancy-calc,170,48,taxd.co.uk,,,,
tax calculator for freelancers,excluded,off-niche:general-tax-calc (no property qualifier),170,15,taxd.co.uk,,,,
tax calculator on earnings,excluded,off-niche:general-tax-calc (no property qualifier),170,53,taxd.co.uk,,,,
tax calculator per month,excluded,off-niche:general-tax-calc (no property qualifier),170,32,taxd.co.uk,,,,
tax calculator rebate,excluded,off-niche:refund/expat-employment,170,6,taxd.co.uk,,,,
tax calculator wales,excluded,off-niche:general-tax-calc (no property qualifier),170,16,uklandlordtax.co.uk,,,,
tax on second job uk calculator,excluded,off-niche:long-tail (class-reviewed pass 3),170,10,taxd.co.uk,,,,
tax on selling shares calculator,excluded,off-niche:long-tail (class-reviewed pass 3),170,8,taxd.co.uk,,,,
teacher take home pay calculator uk,excluded,off-niche:salary/employment,170,32,taxd.co.uk,,,,
teacher take-home pay calculator uk,excluded,off-niche:salary/employment,170,42,taxd.co.uk,,,,
uk payroll tax calculator,excluded,off-niche:salary/employment,170,62,taxd.co.uk,,,,
uk second job tax calculator,excluded,off-niche:general-tax-calc (no property qualifier),170,11,taxd.co.uk,,,,
uk tax calculator take home pay,excluded,off-niche:salary/employment,170,11,taxd.co.uk,,,,
uk weekly salary calculator,excluded,off-niche:salary/employment,170,41,taxd.co.uk,,,,
wage calculator 2025,excluded,off-niche:salary/employment,170,30,taxd.co.uk,,,,
weekly to monthly rent calculator,assigned,calculators/rental-income-tax-calculator,170,66,landlordstudio.com,,,,
what is a dividend yield,excluded,off-niche:general-accountancy-calc,170,19,cruseburke.co.uk,,,,
what is a good rental property yield,assigned,calculators/rental-yield-calculator,170,9,provestor.co.uk,,,,
what is a good rental yield on a property,assigned,blog:property-investment-benchmarks-uk-2026-good-yield [EXTEND],170,5,provestor.co.uk,,,,
what is a good rental yield uk,assigned,blog:property-investment-benchmarks-uk-2026-good-yield [EXTEND],170,27,provestor.co.uk,,,,
what is a good yield for rental property,assigned,blog:property-investment-benchmarks-uk-2026-good-yield [EXTEND],170,7,provestor.co.uk,,,,
what is a good yield on a rental property,assigned,blog:property-investment-benchmarks-uk-2026-good-yield [EXTEND],170,8,provestor.co.uk,,,,
what is a good yield on rental property,assigned,blog:property-investment-benchmarks-uk-2026-good-yield [EXTEND],170,5,provestor.co.uk,,,3,0
2 jobs salary calculator,excluded,off-niche:salary/employment,140,33,taxd.co.uk,,,,
80000 mortgage calculator,excluded,"generic-mortgage: bank/MSE-owned, no landlord intent",140,26,uklandlordtax.co.uk,,,,
additional property stamp duty calculator,already-covered,"sdlt-cluster (deployed 08-18, window armed)",140,15,uklandlordtax.co.uk,,,,
additional stamp duty calculator,already-covered,"sdlt-cluster (deployed 08-18, window armed)",140,24,uklandlordtax.co.uk,,,,
ads calculator scotland,excluded,off-niche:long-tail (class-reviewed pass 3),140,30,uklandlordtax.co.uk,,,,
annual salary calculator monthly,excluded,off-niche:salary/employment,140,35,taxd.co.uk,,,,
annual to monthly salary calculator,excluded,off-niche:salary/employment,140,24,taxd.co.uk,,,,
average rental yield uk,assigned,blog:property-investment-benchmarks-uk-2026-good-yield [EXTEND],140,8,provestor.co.uk,,,,
average uk rental yield,assigned,blog:property-investment-benchmarks-uk-2026-good-yield [EXTEND],140,8,provestor.co.uk,,,,
best interest only mortgage calculator uk,excluded,"generic-mortgage: bank/MSE-owned, no landlord intent",140,27,uklandlordtax.co.uk,,,,
btl mortgage calculator uk,assigned,calculators/buy-to-let-mortgage-calculator,140,4,uklandlordtax.co.uk,7,0,,
business mortgage calculator uk,assigned,calculators/commercial-mortgage-calculator,140,35,uklandlordtax.co.uk,60,0,,
buy to let calculator profit,assigned,calculators/buy-to-let-mortgage-calculator,140,9,provestor.co.uk,3,0,,
buy to let profit calculator,assigned,calculators/buy-to-let-mortgage-calculator,140,9,provestor.co.uk,5,0,,
calculate rental yield on property,assigned,calculators/rental-yield-calculator,140,12,landlordstudio.com,,,,
calculating yield on rental property,assigned,calculators/rental-yield-calculator,140,12,landlordstudio.com,,,,
calculator for pay,excluded,off-niche:long-tail (class-reviewed pass 3),140,27,taxd.co.uk,,,,
calculator pay,excluded,off-niche:long-tail (class-reviewed pass 3),140,9,taxd.co.uk,,,,
calculator salary per month,excluded,off-niche:salary/employment,140,48,taxd.co.uk,,,,
capital allowance calculator,excluded,off-niche:long-tail (class-reviewed pass 3),140,6,ukpropertyaccountants.co.uk,2,0,,
capital and interest mortgage calculator,excluded,"generic-mortgage: bank/MSE-owned, no landlord intent",140,49,ukpropertyaccountants.co.uk,,,,
capital gains tax calculator scotland,already-covered,"cgt-cluster (batch cgt1, deploy parked)",140,18,taxd.co.uk,1,0,,
capital gains tax uk calculator property,already-covered,"cgt-cluster (batch cgt1, deploy parked)",140,10,ukpropertyaccountants.co.uk,,,1,0
daily interest mortgage calculator,excluded,"generic-mortgage: bank/MSE-owned, no landlord intent",140,46,uklandlordtax.co.uk,,,,
daily mortgage interest calculator,excluded,"generic-mortgage: bank/MSE-owned, no landlord intent",140,51,uklandlordtax.co.uk,,,,
disposable income calculator,excluded,off-niche:salary/employment,140,15,taxd.co.uk,,,,
earning calculator,excluded,off-niche:salary/employment,140,41,ukpropertyaccountants.co.uk,,,,
emergency tax calculator hmrc,excluded,off-niche:refund/expat-employment,140,18,cruseburke.co.uk,,,,
family income calculator,excluded,off-niche:salary/employment,140,61,taxd.co.uk,,,,
full time salary calculator,excluded,off-niche:salary/employment,140,25,taxd.co.uk,,,,
help to buy interest calculator,excluded,off-niche:long-tail (class-reviewed pass 3),140,44,uklandlordtax.co.uk,,,,
hmrc emergency tax calculator,excluded,off-niche:refund/expat-employment,140,19,cruseburke.co.uk,,,,
hmrc tax calculator 2025/26,excluded,off-niche:salary/employment,140,85,ukpropertyaccountants.co.uk,,,,
hmrc tax ni calculator,excluded,off-niche:general-accountancy-calc,140,41,ukpropertyaccountants.co.uk,,,,
home loan repayment calculator with extra repayments,excluded,"generic-mortgage: bank/MSE-owned, no landlord intent",140,70,ukpropertyaccountants.co.uk,,,,
household income calculator,excluded,off-niche:salary/employment,140,52,taxd.co.uk,,,,
how to work out rental yield on a property,assigned,calculators/rental-yield-calculator,140,10,landlordstudio.com,,,,
income tax calculator hmrc,excluded,off-niche:salary/employment,140,26,ukpropertyaccountants.co.uk,,,,
interest only calculator uk,excluded,"generic-mortgage: bank/MSE-owned, no landlord intent",140,17,uklandlordtax.co.uk,,,,
limited company vs sole trader tax calculator,excluded,off-niche:general-accountancy-calc,140,52,ukpropertyaccountants.co.uk,,,,
london rental yield,assigned,calculators/rental-yield-calculator,140,41,provestor.co.uk,,,,
london rental yields,assigned,calculators/rental-yield-calculator,140,36,provestor.co.uk,,,,
london take home salary calculator,excluded,off-niche:salary/employment,140,35,taxd.co.uk,,,,
lrv loan calculator,excluded,"generic-mortgage: bank/MSE-owned, no landlord intent",140,42,ukpropertyaccountants.co.uk,,,,
lump sum home loan calculator,excluded,"generic-mortgage: bank/MSE-owned, no landlord intent",140,48,uklandlordtax.co.uk,,,,
monthly salary calculator from annual,excluded,off-niche:salary/employment,140,27,taxd.co.uk,,,,
monthly tax and national insurance calculator,excluded,off-niche:general-accountancy-calc,140,46,taxd.co.uk,,,,
monthly to annual salary calculator,excluded,off-niche:salary/employment,140,31,taxd.co.uk,,,,
mortgage calculator additional repayments,excluded,"generic-mortgage: bank/MSE-owned, no landlord intent",140,62,ukpropertyaccountants.co.uk,,,,
mortgage calculator remaining balance,excluded,"generic-mortgage: bank/MSE-owned, no landlord intent",140,63,ukpropertyaccountants.co.uk,,,,
mortgage repayment calculator with extra repayments,excluded,"generic-mortgage: bank/MSE-owned, no landlord intent",140,43,ukpropertyaccountants.co.uk,,,,
national insurance rebate calculator,excluded,off-niche:refund/expat-employment,140,13,taxd.co.uk,,,,
national insurance refund calculator,excluded,off-niche:general-accountancy-calc,140,14,ukpropertyaccountants.co.uk,,,,
nett salary calculator uk,excluded,off-niche:salary/employment,140,18,taxd.co.uk,,,,
ni tax calculator hmrc,excluded,off-niche:general-tax-calc (no property qualifier),140,15,taxd.co.uk,,,,
online tax payment calculator,excluded,off-niche:long-tail (class-reviewed pass 3),140,42,taxd.co.uk,,,,
payroll deduction calculator,excluded,off-niche:salary/employment,140,91,taxd.co.uk,,,,
per month salary calculator,excluded,off-niche:salary/employment,140,47,taxd.co.uk,,,,
percentage calculator salary,excluded,off-niche:salary/employment,140,59,taxd.co.uk,,,,
percentage of income calculator,excluded,off-niche:salary/employment,140,58,taxd.co.uk,,,,
percentage pay calculator,excluded,off-niche:salary/employment,140,28,taxd.co.uk,,,,
probate calculator,deferred,wills-probate site,140,31,cruseburke.co.uk,,,,
profit calculator uk,excluded,off-niche:general-accountancy-calc,140,35,cruseburke.co.uk,,,,
property investment return calculator,excluded,off-niche:long-tail (class-reviewed pass 3),140,37,landlordstudio.com,,,,
property rental yield calculator,assigned,calculators/rental-yield-calculator,140,9,landlordstudio.com,,,,
property return on investment calculator,assigned,calculators/buy-to-let-cashflow-calculator,140,20,landlordstudio.com,,,,
remaining mortgage calculator,excluded,"generic-mortgage: bank/MSE-owned, no landlord intent",140,72,ukpropertyaccountants.co.uk,,,,
rent deposit calculator,excluded,off-niche:long-tail (class-reviewed pass 3),140,83,landlordstudio.com,,,,
rent to property value calculator,excluded,off-niche:long-tail (class-reviewed pass 3),140,66,landlordstudio.com,,,,
rent yields uk,assigned,blog:property-investment-benchmarks-uk-2026-good-yield [EXTEND],140,25,provestor.co.uk,,,,
rental deposit calculator,excluded,off-niche:long-tail (class-reviewed pass 3),140,77,landlordstudio.com,,,,
rental property valuation calculator,excluded,off-niche:long-tail (class-reviewed pass 3),140,65,landlordstudio.com,,,,
rental property value calculator,excluded,off-niche:long-tail (class-reviewed pass 3),140,21,landlordstudio.com,,,,
rental property yield calculator,assigned,calculators/rental-yield-calculator,140,8,landlordstudio.com,,,,
rental return calculator,excluded,off-niche:long-tail (class-reviewed pass 3),140,10,landlordstudio.com,1,0,,
rental returns calculator,excluded,off-niche:long-tail (class-reviewed pass 3),140,10,landlordstudio.com,,,,
rental security deposit calculator,excluded,off-niche:long-tail (class-reviewed pass 3),140,40,provestor.co.uk,,,,
rental yield london,assigned,calculators/rental-yield-calculator,140,42,provestor.co.uk,,,,
rental yield uk,assigned,blog:property-investment-benchmarks-uk-2026-good-yield [EXTEND],140,17,provestor.co.uk,,,1,0
rental yields in london,assigned,calculators/rental-yield-calculator,140,33,provestor.co.uk,,,,
rental yields london,assigned,calculators/rental-yield-calculator,140,37,provestor.co.uk,,,,
retirement interest only calculator,excluded,"generic-mortgage: bank/MSE-owned, no landlord intent",140,51,uklandlordtax.co.uk,,,,
return on property investment calculator,assigned,calculators/buy-to-let-cashflow-calculator,140,20,landlordstudio.com,,,,
salary calculator for 2 jobs,excluded,off-niche:salary/employment,140,53,taxd.co.uk,,,,
salary calculator per month,excluded,off-niche:salary/employment,140,64,taxd.co.uk,,,,
salary calculator percentage,excluded,off-niche:salary/employment,140,60,taxd.co.uk,,,,
salary calculator wales,excluded,off-niche:salary/employment,140,40,taxd.co.uk,,,,
salary per month calculator,excluded,off-niche:salary/employment,140,43,taxd.co.uk,,,,
share tax calculator,excluded,off-niche:general-tax-calc (no property qualifier),140,7,taxd.co.uk,,,,
shared ownership calculator uk,excluded,"generic-mortgage: bank/MSE-owned, no landlord intent",140,51,cruseburke.co.uk,,,,
side hustle tax calculator uk,excluded,off-niche:general-tax-calc (no property qualifier),140,4,taxd.co.uk,,,,
stamp calculator uk,excluded,off-niche:long-tail (class-reviewed pass 3),140,26,uklandlordtax.co.uk,,,,
stamp duty additional property calculator,already-covered,"sdlt-cluster (deployed 08-18, window armed)",140,32,landlordstudio.com,,,,
stamp duty calculator uk first time buyer,already-covered,"sdlt-cluster (deployed 08-18, window armed)",140,40,uklandlordtax.co.uk,1,0,,
stamp duty cost calculator,already-covered,"sdlt-cluster (deployed 08-18, window armed)",140,17,uklandlordtax.co.uk,,,,
stealth tax calculator,excluded,off-niche:general-tax-calc (no property qualifier),140,41,taxd.co.uk,,,,
take home pay scotland calculator,excluded,off-niche:salary/employment,140,13,taxd.co.uk,,,,
take home salary calculator london,excluded,off-niche:salary/employment,140,30,taxd.co.uk,,,,
take home salary calculator scotland,excluded,off-niche:salary/employment,140,15,taxd.co.uk,,,,
take-home pay calculator 2026,excluded,off-niche:salary/employment,140,26,taxd.co.uk,,,,
tax and ni calculator hmrc,excluded,off-niche:general-accountancy-calc,140,23,taxd.co.uk,,,,
tax calculator car allowance,excluded,off-niche:general-tax-calc (no property qualifier),140,45,taxd.co.uk,,,,
tax calculator sole trader,excluded,off-niche:general-accountancy-calc,140,59,taxd.co.uk,,,,
tax car allowance calculator,excluded,off-niche:long-tail (class-reviewed pass 3),140,39,taxd.co.uk,,,,
tax deduction payroll calculator,excluded,off-niche:salary/employment,140,40,taxd.co.uk,,,,
tax ni calculator hmrc,excluded,off-niche:general-accountancy-calc,140,20,taxd.co.uk,,,,
tax on shares calculator,excluded,off-niche:long-tail (class-reviewed pass 3),140,10,taxd.co.uk,,,,
turbotax calculator,excluded,off-niche:general-tax-calc (no property qualifier),140,40,taxd.co.uk,,,,
two jobs calculator,excluded,off-niche:personal/other,140,17,taxd.co.uk,,,,
uk average rental yield,assigned,blog:property-investment-benchmarks-uk-2026-good-yield [EXTEND],140,13,provestor.co.uk,,,,
wages deduction calculator,excluded,off-niche:salary/employment,140,47,taxd.co.uk,,,,
wages deductions calculator,excluded,off-niche:salary/employment,140,24,taxd.co.uk,,,,
what is stamp duty calculator,already-covered,"sdlt-cluster (deployed 08-18, window armed)",140,39,uklandlordtax.co.uk,,,,
workplace pension contribution calculator,excluded,off-niche:general-accountancy-calc,140,73,cruseburke.co.uk,,,,
year to month salary calculator,excluded,off-niche:salary/employment,140,20,taxd.co.uk,,,,
yearly salary calculator monthly,excluded,off-niche:salary/employment,140,25,taxd.co.uk,,,,
yearly salary monthly calculator,excluded,off-niche:salary/employment,140,38,taxd.co.uk,,,,
150 000 mortgage calculator,excluded,"generic-mortgage: bank/MSE-owned, no landlord intent",110,23,uklandlordtax.co.uk,,,,
150000 mortgage calculator,excluded,"generic-mortgage: bank/MSE-owned, no landlord intent",110,25,uklandlordtax.co.uk,,,,
adjusted net income calculator uk,excluded,off-niche:salary/employment,110,54,taxd.co.uk,,,,
annual tax income calculator,excluded,off-niche:salary/employment,110,66,ukpropertyaccountants.co.uk,,,,
average dividend yield,excluded,off-niche:general-accountancy-calc,110,71,cruseburke.co.uk,,,,
before tax salary calculator,excluded,off-niche:salary/employment,110,37,taxd.co.uk,,,,
best property yield uk,assigned,blog:property-investment-benchmarks-uk-2026-good-yield [EXTEND],110,11,provestor.co.uk,,,,
best property yields in uk,assigned,blog:property-investment-benchmarks-uk-2026-good-yield [EXTEND],110,21,provestor.co.uk,,,,
best property yields uk,assigned,blog:property-investment-benchmarks-uk-2026-good-yield [EXTEND],110,23,provestor.co.uk,,,,
best yield property uk,assigned,blog:property-investment-benchmarks-uk-2026-good-yield [EXTEND],110,5,provestor.co.uk,,,,
bonus and salary tax calculator,excluded,off-niche:salary/employment,110,6,taxd.co.uk,,,,
bonus salary tax calculator,excluded,off-niche:salary/employment,110,9,taxd.co.uk,,,,
bring home salary calculator uk,excluded,off-niche:salary/employment,110,7,taxd.co.uk,,,,
btl calculator tax,assigned,calculators/buy-to-let-mortgage-calculator,110,8,provestor.co.uk,,,,
btl tax calculator,assigned,calculators/buy-to-let-mortgage-calculator,110,6,taxd.co.uk,2,0,,
business asset disposal relief calculator,excluded,off-niche:long-tail (class-reviewed pass 3),110,47,taxd.co.uk,,,,
buy to let affordability calculator,assigned,calculators/buy-to-let-mortgage-calculator,110,33,uklandlordtax.co.uk,,,,
buy to let cost calculator,assigned,calculators/buy-to-let-mortgage-calculator,110,13,uklandlordtax.co.uk,,,,
buy to let mortgage affordability calculator,assigned,calculators/buy-to-let-mortgage-calculator,110,36,uklandlordtax.co.uk,,,,
buy to let mortgage calculator nationwide,assigned,calculators/buy-to-let-mortgage-calculator,110,14,uklandlordtax.co.uk,,,,
buy to let mortgage calculators,assigned,calculators/buy-to-let-mortgage-calculator,110,2,uklandlordtax.co.uk,,,,
buy to let mortgages calculator nationwide,assigned,calculators/buy-to-let-mortgage-calculator,110,7,uklandlordtax.co.uk,,,,
buy to let yield calculator,assigned,calculators/buy-to-let-mortgage-calculator,110,24,landlordstudio.com,29,0,,
buy-to-let costs calculator,assigned,calculators/buy-to-let-mortgage-calculator,110,21,uklandlordtax.co.uk,,,,
buy-to-let equity release calculator,assigned,calculators/buy-to-let-mortgage-calculator,110,46,uklandlordtax.co.uk,,,,
buy-to-let mortgage calculators,assigned,calculators/buy-to-let-mortgage-calculator,110,2,uklandlordtax.co.uk,,,,
calculator buy to let mortgage,assigned,calculators/buy-to-let-mortgage-calculator,110,5,uklandlordtax.co.uk,,,,
capital gains on property sale calculator,already-covered,"cgt-cluster (batch cgt1, deploy parked)",110,15,ukpropertyaccountants.co.uk,,,,
capital gains tax calculator property sale,already-covered,"cgt-cluster (batch cgt1, deploy parked)",110,9,provestor.co.uk,,,,
capital gains tax on inherited property calculator uk,already-covered,"cgt-cluster (batch cgt1, deploy parked)",110,30,ukpropertyaccountants.co.uk,,,,
capital gains tax uk calculator shares,already-covered,"cgt-cluster (batch cgt1, deploy parked)",110,6,taxd.co.uk,,,,
capital repayment calculator,excluded,"generic-mortgage: bank/MSE-owned, no landlord intent",110,52,ukpropertyaccountants.co.uk,,,,
cis rebate calculator,excluded,off-niche:refund/expat-employment,110,1,taxd.co.uk,,,,
cis self employed tax calculator,excluded,off-niche:general-accountancy-calc,110,1,taxd.co.uk,,,,
cis self-employed tax calculator,excluded,off-niche:general-accountancy-calc,110,1,taxd.co.uk,,,,
class 4 national insurance calculator,excluded,off-niche:general-accountancy-calc,110,19,ukpropertyaccountants.co.uk,,,,
clydesdale bank mortgage calculator,excluded,"generic-mortgage: bank/MSE-owned, no landlord intent",110,43,uklandlordtax.co.uk,,,,
commercial lease sdlt calculator,already-covered,"sdlt-cluster (deployed 08-18, window armed)",110,35,ukpropertyaccountants.co.uk,,,,
commercial property stamp duty calculator uk,already-covered,"sdlt-cluster (deployed 08-18, window armed)",110,42,ukpropertyaccountants.co.uk,,,,
commercial stamp duty calculator uk,already-covered,"sdlt-cluster (deployed 08-18, window armed)",110,44,optimiseaccountants.co.uk,,,,
corporation tax calculator 2025,excluded,off-niche:general-accountancy-calc,110,80,optimiseaccountants.co.uk,,,,
ct calculator,excluded,off-niche:long-tail (class-reviewed pass 3),110,31,taxd.co.uk,,,,
dividend yield average,excluded,off-niche:general-accountancy-calc,110,72,cruseburke.co.uk,,,,
employed vs self-employed calculator,excluded,off-niche:general-accountancy-calc,110,38,optimiseaccountants.co.uk,,,,
employment calculator,excluded,off-niche:long-tail (class-reviewed pass 3),110,74,ukpropertyaccountants.co.uk,,,,
free inheritance tax calculator uk,excluded,off-niche:general-accountancy-calc,110,27,ukpropertyaccountants.co.uk,,,,
gorilla tax calculator,excluded,off-niche:general-tax-calc (no property qualifier),110,70,taxd.co.uk,,,,
gross wage to net wage calculator,excluded,off-niche:salary/employment,110,16,taxd.co.uk,,,,
hargreaves lansdown tax relief calculator,excluded,off-niche:long-tail (class-reviewed pass 3),110,30,cruseburke.co.uk,,,,
high yield property uk,assigned,blog:property-investment-benchmarks-uk-2026-good-yield [EXTEND],110,13,provestor.co.uk,,,,
higher rate stamp duty calculator,already-covered,"sdlt-cluster (deployed 08-18, window armed)",110,20,uklandlordtax.co.uk,,,,
highest property yields uk,assigned,blog:property-investment-benchmarks-uk-2026-good-yield [EXTEND],110,11,provestor.co.uk,,,,
highest yield property uk,assigned,blog:property-investment-benchmarks-uk-2026-good-yield [EXTEND],110,7,provestor.co.uk,,,,
highest yielding property uk,assigned,blog:property-investment-benchmarks-uk-2026-good-yield [EXTEND],110,9,provestor.co.uk,,,,
hmrc bonus tax calculator,excluded,off-niche:salary/employment,110,15,taxd.co.uk,,,,
hmrc tax calculator monthly,excluded,off-niche:salary/employment,110,30,taxd.co.uk,,,,
home pay calculator,excluded,off-niche:salary/employment,110,27,taxd.co.uk,,,,
homepay calculator,excluded,off-niche:salary/employment,110,7,taxd.co.uk,,,,
house rent calculator,assigned,calculators/rental-income-tax-calculator,110,50,taxd.co.uk,,,,
how much ni do i pay calculator,excluded,off-niche:general-accountancy-calc,110,40,ukpropertyaccountants.co.uk,,,,
how much ni should i pay calculator,excluded,off-niche:general-accountancy-calc,110,51,ukpropertyaccountants.co.uk,,,,
how much ni will i pay calculator,excluded,off-niche:general-accountancy-calc,110,48,ukpropertyaccountants.co.uk,,,,
how much stamp duty calculator,already-covered,"sdlt-cluster (deployed 08-18, window armed)",110,9,uklandlordtax.co.uk,,,,
how much tax to pay calculator,excluded,off-niche:salary/employment,110,42,ukpropertyaccountants.co.uk,,,,
i resign salary calculator,excluded,off-niche:salary/employment,110,58,taxd.co.uk,,,,
iht taper relief calculator,excluded,off-niche:general-accountancy-calc,110,72,optimiseaccountants.co.uk,,,,
income before tax calculator,excluded,off-niche:general-tax-calc (no property qualifier),110,39,taxd.co.uk,,,,
income calculator before taxes,excluded,off-niche:salary/employment,110,44,taxd.co.uk,,,,
income property tax calculator,excluded,off-niche:general-tax-calc (no property qualifier),110,6,taxd.co.uk,,,,
income tax calculator bonus,excluded,off-niche:salary/employment,110,5,taxd.co.uk,,,,
income tax calculator for bonus,excluded,off-niche:salary/employment,110,18,taxd.co.uk,,,,
income tax calculator uk self employed,excluded,off-niche:general-accountancy-calc,110,14,taxd.co.uk,,,,
income tax calculator with bonus,excluded,off-niche:salary/employment,110,10,taxd.co.uk,,,,
income tax on bonus calculator,excluded,off-niche:salary/employment,110,31,cruseburke.co.uk,,,,
increase pension contributions to reduce tax calculator,excluded,off-niche:general-accountancy-calc,110,54,cruseburke.co.uk,,,,
investment property calculator,excluded,off-niche:long-tail (class-reviewed pass 3),110,20,landlordstudio.com,,,,
landlord calculator,assigned,calculators/buy-to-let-mortgage-calculator,110,6,uklandlordtax.co.uk,,,,
landlord rent calculator,assigned,calculators/buy-to-let-mortgage-calculator,110,21,taxd.co.uk,,,,
landlord tax calculator uk,assigned,calculators/rental-income-tax-calculator,110,19,taxd.co.uk,1,0,,
lbtt calculator scotland 2025,already-covered,"sdlt-cluster (deployed 08-18, window armed)",110,64,ukpropertyaccountants.co.uk,,,,
let property campaign calculator,excluded,off-niche:long-tail (class-reviewed pass 3),110,2,ukpropertyaccountants.co.uk,2,0,,
let to buy calculator,excluded,off-niche:long-tail (class-reviewed pass 3),110,28,uklandlordtax.co.uk,,,,
letting property tax calculator,excluded,off-niche:general-tax-calc (no property qualifier),110,8,taxd.co.uk,,,,
letting relief calculator,excluded,off-niche:long-tail (class-reviewed pass 3),110,5,ukpropertyaccountants.co.uk,3,0,,
lettings relief calculator,excluded,off-niche:long-tail (class-reviewed pass 3),110,4,ukpropertyaccountants.co.uk,,,,
limited company buy to let mortgage calculator,assigned,calculators/buy-to-let-mortgage-calculator,110,3,uklandlordtax.co.uk,4,0,,
loan to value mortgage calculator,excluded,"generic-mortgage: bank/MSE-owned, no landlord intent",110,49,ukpropertyaccountants.co.uk,,,,
loan to value ratio calculator,assigned,calculators/buy-to-let-mortgage-calculator,110,20,ukpropertyaccountants.co.uk,,,,
loan to-value ratio calculator,excluded,"generic-mortgage: bank/MSE-owned, no landlord intent",110,20,ukpropertyaccountants.co.uk,,,,
london weighting calculator,excluded,off-niche:long-tail (class-reviewed pass 3),110,48,taxd.co.uk,,,,
ltd company buy to let mortgage calculator,assigned,calculators/buy-to-let-mortgage-calculator,110,3,uklandlordtax.co.uk,,,,
ltd company take home calculator,excluded,off-niche:salary/employment,110,59,ukpropertyaccountants.co.uk,,,,
ltd tax calculator,excluded,off-niche:general-tax-calc (no property qualifier),110,9,provestor.co.uk,,,,
mileage claim calculator,deferred,trade-site:mileage,110,18,ukpropertyaccountants.co.uk,,,,
mileage expenses calculator uk,deferred,trade-site:mileage,110,17,ukpropertyaccountants.co.uk,,,,
mill rate calculator,excluded,off-niche:long-tail (class-reviewed pass 3),110,23,uklandlordtax.co.uk,,,,
millage rate calculator,excluded,off-niche:long-tail (class-reviewed pass 3),110,13,ukpropertyaccountants.co.uk,,,,
money saver tax calculator,excluded,off-niche:general-tax-calc (no property qualifier),110,52,ukpropertyaccountants.co.uk,,,,
money saving tax calculator,excluded,off-niche:general-tax-calc (no property qualifier),110,49,taxd.co.uk,,,,
monthly net income calculator uk,excluded,off-niche:salary/employment,110,9,taxd.co.uk,,,,
monthly net pay calculator uk,excluded,off-niche:salary/employment,110,8,taxd.co.uk,,,,
monthly to weekly rent calculator,assigned,calculators/rental-income-tax-calculator,110,64,landlordstudio.com,,,,
monthly to yearly salary calculator,excluded,off-niche:salary/employment,110,30,taxd.co.uk,,,,
mortgage net calculator,excluded,"generic-mortgage: bank/MSE-owned, no landlord intent",110,64,ukpropertyaccountants.co.uk,,,,
mortgage repayment calculator scotland,excluded,"generic-mortgage: bank/MSE-owned, no landlord intent",110,70,ukpropertyaccountants.co.uk,,,,
mortgage.net calculator,excluded,"generic-mortgage: bank/MSE-owned, no landlord intent",110,57,ukpropertyaccountants.co.uk,,,,
multiple income tax calculator,excluded,off-niche:salary/employment,110,13,taxd.co.uk,,,,
nannytax salary calculator,excluded,off-niche:salary/employment,110,48,cruseburke.co.uk,,,,
national insurance calculator 2025,excluded,off-niche:general-accountancy-calc,110,63,ukpropertyaccountants.co.uk,,,,
national insurance deduction calculator,excluded,off-niche:general-accountancy-calc,110,25,ukpropertyaccountants.co.uk,,,,
national insurance deductions calculator,excluded,off-niche:general-accountancy-calc,110,50,ukpropertyaccountants.co.uk,,,,
national insurance payments calculator,excluded,off-niche:general-accountancy-calc,110,38,ukpropertyaccountants.co.uk,,,,
net and gross pay calculator,excluded,off-niche:salary/employment,110,11,taxd.co.uk,,,,
net monthly income calculator uk,excluded,off-niche:salary/employment,110,33,taxd.co.uk,,,,
net pay to gross pay calculator,excluded,off-niche:salary/employment,110,19,taxd.co.uk,,,,
net to gross pay calculator,excluded,off-niche:salary/employment,110,16,taxd.co.uk,,,,
net to gross payroll calculator,excluded,off-niche:salary/employment,110,13,taxd.co.uk,,,,
new stamp duty calculator,already-covered,"sdlt-cluster (deployed 08-18, window armed)",110,16,uklandlordtax.co.uk,,,,
ni insurance contributions calculator,excluded,off-niche:long-tail (class-reviewed pass 3),110,41,ukpropertyaccountants.co.uk,,,,
non resident stamp duty calculator,already-covered,"sdlt-cluster (deployed 08-18, window armed)",110,29,uklandlordtax.co.uk,,,,
non residential sdlt calculator,already-covered,"sdlt-cluster (deployed 08-18, window armed)",110,28,uklandlordtax.co.uk,,,,
non residential stamp duty calculator,already-covered,"sdlt-cluster (deployed 08-18, window armed)",110,36,uklandlordtax.co.uk,,,,
online pay calculator uk,excluded,off-niche:salary/employment,110,7,taxd.co.uk,,,,
online salary calculator uk,excluded,off-niche:salary/employment,110,6,taxd.co.uk,,,,
p85 leaving the uk calculator,excluded,off-niche:refund/expat-employment,110,6,taxd.co.uk,,,,
pay after taxes calculator,excluded,off-niche:salary/employment,110,31,taxd.co.uk,,,,
paycheck after tax calculator,excluded,off-niche:salary/employment,110,49,taxd.co.uk,,,,
payroll site calculator,excluded,off-niche:salary/employment,110,31,taxd.co.uk,,,,
payslip tax calculator,excluded,off-niche:salary/employment,110,43,ukpropertyaccountants.co.uk,,,,
pre tax calculator,excluded,off-niche:general-tax-calc (no property qualifier),110,19,taxd.co.uk,,,,
pre-tax calculator,excluded,off-niche:general-tax-calc (no property qualifier),110,19,taxd.co.uk,,,,
property income tax calculator,assigned,calculators/rental-income-tax-calculator,110,10,taxd.co.uk,,,,
property rent calculator,assigned,calculators/rental-income-tax-calculator,110,44,taxd.co.uk,,,,
property rental calculator,assigned,calculators/rental-income-tax-calculator,110,38,taxd.co.uk,,,,
property rental tax calculator,assigned,calculators/rental-income-tax-calculator,110,5,taxd.co.uk,,,,
purplebricks stamp duty calculator,already-covered,"sdlt-cluster (deployed 08-18, window armed)",110,24,uklandlordtax.co.uk,,,,
rent a room scheme calculator,excluded,off-niche:long-tail (class-reviewed pass 3),110,8,landlordstudio.com,7,0,,
rent calculator landlord,assigned,calculators/rental-income-tax-calculator,110,23,landlordstudio.com,,,,
rent increase calculator,assigned,blog:rent-increase pages (existing),110,30,provestor.co.uk,,,,
rental allowance calculator,excluded,off-niche:long-tail (class-reviewed pass 3),110,30,taxd.co.uk,,,,
rental calculator landlord,assigned,calculators/rental-income-tax-calculator,110,22,uklandlordtax.co.uk,,,,
rental calculator uk,assigned,calculators/rental-income-tax-calculator,110,47,taxd.co.uk,,,,
rental house calculator,excluded,off-niche:long-tail (class-reviewed pass 3),110,60,taxd.co.uk,,,,
rental property calculator,excluded,off-niche:long-tail (class-reviewed pass 3),110,43,taxd.co.uk,,,,
rental property tax calculator,excluded,off-niche:general-tax-calc (no property qualifier),110,8,taxd.co.uk,1,0,,
rental tax calculator uk,assigned,calculators/rental-income-tax-calculator,110,13,taxd.co.uk,,,,
reverse salary calculator uk,excluded,off-niche:salary/employment,110,31,taxd.co.uk,,,,
salary before tax calculator,excluded,off-niche:salary/employment,110,22,ukpropertyaccountants.co.uk,,,,
salary calculator with tax code,excluded,off-niche:salary/employment,110,14,taxd.co.uk,,,,
salary tax calculator bonus,excluded,off-niche:salary/employment,110,7,taxd.co.uk,,,,
salary tax calculator with bonus,excluded,off-niche:salary/employment,110,6,taxd.co.uk,,,,
scotland land tax calculator,excluded,off-niche:general-tax-calc (no property qualifier),110,19,uklandlordtax.co.uk,,,12,0
sdlt calculator commercial lease,already-covered,"sdlt-cluster (deployed 08-18, window armed)",110,35,ukpropertyaccountants.co.uk,,,,
sdlt calculator commercial leases,already-covered,"sdlt-cluster (deployed 08-18, window armed)",110,38,ukpropertyaccountants.co.uk,,,,
sdlt calculator knight frank,already-covered,"sdlt-cluster (deployed 08-18, window armed)",110,35,uklandlordtax.co.uk,,,,
sdlt calculator lease commercial,already-covered,"sdlt-cluster (deployed 08-18, window armed)",110,39,ukpropertyaccountants.co.uk,,,,
sdlt calculator non residential,already-covered,"sdlt-cluster (deployed 08-18, window armed)",110,30,uklandlordtax.co.uk,,,,
sdlt commercial lease calculator,already-covered,"sdlt-cluster (deployed 08-18, window armed)",110,31,ukpropertyaccountants.co.uk,,,,
second home tax scotland calculator,already-covered,"sdlt-cluster (deployed 08-18, window armed)",110,20,ukpropertyaccountants.co.uk,,,2,0
self employed and paye tax calculator,excluded,off-niche:salary/employment,110,14,taxd.co.uk,,,,
self employed calculator uk,excluded,off-niche:general-accountancy-calc,110,15,taxd.co.uk,,,,
self employed cis tax calculator,excluded,off-niche:general-accountancy-calc,110,2,taxd.co.uk,,,,
self employed income calculator,excluded,off-niche:general-accountancy-calc,110,37,optimiseaccountants.co.uk,,,,
self employed tax and national insurance calculator,excluded,off-niche:general-accountancy-calc,110,40,optimiseaccountants.co.uk,,,,
self employed tax calculator scotland,excluded,off-niche:general-accountancy-calc,110,51,cruseburke.co.uk,,,,
self employed uk calculator,excluded,off-niche:general-accountancy-calc,110,21,taxd.co.uk,,,,
self employed vs employed calculator,excluded,off-niche:general-accountancy-calc,110,40,taxd.co.uk,,,,
self employment calculator,excluded,off-niche:general-accountancy-calc,110,19,taxd.co.uk,,,,
self-employed calculator uk,excluded,off-niche:general-accountancy-calc,110,42,cruseburke.co.uk,,,,
self-employed cis tax calculator,excluded,off-niche:general-accountancy-calc,110,2,taxd.co.uk,,,,
self-employed tax and national insurance calculator,excluded,off-niche:general-accountancy-calc,110,40,optimiseaccountants.co.uk,,,,
self-employed tax calculator app,excluded,off-niche:general-accountancy-calc,110,47,taxd.co.uk,,,,
self-employed vs employed calculator,excluded,off-niche:general-accountancy-calc,110,50,cruseburke.co.uk,,,,
self-employment calculator,excluded,off-niche:general-accountancy-calc,110,36,optimiseaccountants.co.uk,,,,
shared ownership staircasing calculator,excluded,"generic-mortgage: bank/MSE-owned, no landlord intent",110,87,cruseburke.co.uk,,,,
stamp duty calculator 2024,already-covered,"sdlt-cluster (deployed 08-18, window armed)",110,19,uklandlordtax.co.uk,,,,
stamp duty calculator 2025 26,already-covered,"sdlt-cluster (deployed 08-18, window armed)",110,8,uklandlordtax.co.uk,,,,
stamp duty calculator 2025/26,already-covered,"sdlt-cluster (deployed 08-18, window armed)",110,8,uklandlordtax.co.uk,,,,
stamp duty calculator commercial property uk,already-covered,"sdlt-cluster (deployed 08-18, window armed)",110,35,uklandlordtax.co.uk,,,,
stamp duty calculator uk 2025,already-covered,"sdlt-cluster (deployed 08-18, window armed)",110,15,uklandlordtax.co.uk,,,,
stamp duty calculator wales 2025,already-covered,"sdlt-cluster (deployed 08-18, window armed)",110,30,uklandlordtax.co.uk,,,,
stamp duty higher rate calculator,already-covered,"sdlt-cluster (deployed 08-18, window armed)",110,30,uklandlordtax.co.uk,,,,
stamp duty land tax calculator commercial lease,already-covered,"sdlt-cluster (deployed 08-18, window armed)",110,39,ukpropertyaccountants.co.uk,,,,
stamp duty limited company calculator,already-covered,"sdlt-cluster (deployed 08-18, window armed)",110,15,uklandlordtax.co.uk,,,,
stamp duty limited company property calculator hmrc,already-covered,"sdlt-cluster (deployed 08-18, window armed)",110,10,uklandlordtax.co.uk,,,,
stamp duty ltd company calculator,already-covered,"sdlt-cluster (deployed 08-18, window armed)",110,15,uklandlordtax.co.uk,,,,
stamp duty non residential calculator,already-covered,"sdlt-cluster (deployed 08-18, window armed)",110,28,uklandlordtax.co.uk,,,,
stamp tax calculator,already-covered,"sdlt-cluster (deployed 08-18, window armed)",110,10,uklandlordtax.co.uk,,,,
stamp taxes calculator,already-covered,"sdlt-cluster (deployed 08-18, window armed)",110,19,uklandlordtax.co.uk,,,,
take home pay after taxes calculator,excluded,off-niche:salary/employment,110,7,taxd.co.uk,,,,
tax and benefits calculator,excluded,off-niche:salary/employment,110,19,taxd.co.uk,,,,
tax and national insurance calculator for self employed,excluded,off-niche:general-accountancy-calc,110,54,ukpropertyaccountants.co.uk,,,,
tax and national insurance calculator for self-employed,excluded,off-niche:general-accountancy-calc,110,54,ukpropertyaccountants.co.uk,,,,
tax back leaving uk permanently calculator,excluded,off-niche:refund/expat-employment,110,6,taxd.co.uk,,,,
tax benefit calculator,excluded,off-niche:salary/employment,110,60,taxd.co.uk,,,,
tax calculator for property income,excluded,off-niche:general-tax-calc (no property qualifier),110,10,taxd.co.uk,,,,
tax calculator for renting property,excluded,off-niche:general-tax-calc (no property qualifier),110,10,taxd.co.uk,,,,
tax calculator multiple incomes,excluded,off-niche:general-tax-calc (no property qualifier),110,5,taxd.co.uk,,,,
tax calculator paye and self employed,excluded,off-niche:salary/employment,110,36,optimiseaccountants.co.uk,,,,
tax calculator yearly income,excluded,off-niche:general-tax-calc (no property qualifier),110,21,ukpropertyaccountants.co.uk,,,,
tax code salary calculator,excluded,off-niche:salary/employment,110,10,taxd.co.uk,,,,
tax on foreign income uk calculator,excluded,off-niche:long-tail (class-reviewed pass 3),110,5,taxd.co.uk,,,,
tax on rental property calculator,assigned,calculators/rental-income-tax-calculator,110,7,taxd.co.uk,,,,
tax rental property calculator,excluded,off-niche:long-tail (class-reviewed pass 3),110,9,taxd.co.uk,,,,
taxscouts calculator,excluded,off-niche:long-tail (class-reviewed pass 3),110,49,ukpropertyaccountants.co.uk,,,,
the mortgage calculator,excluded,"generic-mortgage: bank/MSE-owned, no landlord intent",110,56,uklandlordtax.co.uk,,,,
typical dividend yield,excluded,off-niche:general-accountancy-calc,110,38,cruseburke.co.uk,,,,
uk freelance tax calculator,excluded,off-niche:general-tax-calc (no property qualifier),110,18,taxd.co.uk,,,,
uk rental tax calculator,assigned,calculators/rental-income-tax-calculator,110,9,taxd.co.uk,,,,
wages before tax calculator,excluded,off-niche:salary/employment,110,26,ukpropertyaccountants.co.uk,,,,
wages gross to net calculator,excluded,off-niche:salary/employment,110,17,taxd.co.uk,,,,
wages net to gross calculator,excluded,off-niche:salary/employment,110,29,taxd.co.uk,,,,
what is my take home pay calculator,excluded,off-niche:salary/employment,110,9,taxd.co.uk,,,,
yearly salary tax calculator,excluded,off-niche:salary/employment,110,26,ukpropertyaccountants.co.uk,,,,
2 jobs calculator,excluded,off-niche:long-tail (class-reviewed pass 3),90,26,taxd.co.uk,,,,
250 000 mortgage calculator,excluded,"generic-mortgage: bank/MSE-owned, no landlord intent",90,27,uklandlordtax.co.uk,,,,
250000 mortgage calculator,excluded,"generic-mortgage: bank/MSE-owned, no landlord intent",90,25,uklandlordtax.co.uk,,,,
2nd job calculator,excluded,off-niche:long-tail (class-reviewed pass 3),90,5,taxd.co.uk,,,,
90 000 mortgage calculator,excluded,"generic-mortgage: bank/MSE-owned, no landlord intent",90,26,uklandlordtax.co.uk,,,,
90000 mortgage calculator,excluded,"generic-mortgage: bank/MSE-owned, no landlord intent",90,26,uklandlordtax.co.uk,,,,
actual salary calculator,excluded,off-niche:salary/employment,90,18,taxd.co.uk,,,,
additional dwelling supplement calculator,excluded,off-niche:long-tail (class-reviewed pass 3),90,50,ukpropertyaccountants.co.uk,,,2,0
adjusted income calculator,excluded,off-niche:salary/employment,90,55,taxd.co.uk,,,,
after tax net income calculator,excluded,off-niche:salary/employment,90,41,taxd.co.uk,,,,
airbnb host fees calculator uk,assigned,blog:holiday-let pages (existing),90,9,ukpropertyaccountants.co.uk,,,,
annual salary to monthly calculator,excluded,off-niche:salary/employment,90,30,taxd.co.uk,,,,
bonus net calculator,excluded,off-niche:salary/employment,90,10,taxd.co.uk,,,,
bonus net pay calculator,excluded,off-niche:salary/employment,90,3,taxd.co.uk,,,,
btl interest only mortgage calculator,assigned,calculators/buy-to-let-mortgage-calculator,90,1,uklandlordtax.co.uk,1,0,,
business mileage calculator,deferred,trade-site:mileage,90,7,ukpropertyaccountants.co.uk,,,,
buy to let deposit calculator,assigned,calculators/buy-to-let-mortgage-calculator,90,1,uklandlordtax.co.uk,20,0,,
buy to let investment calculator,assigned,calculators/buy-to-let-mortgage-calculator,90,30,provestor.co.uk,,,,
buy to let mortgage rates calculator,assigned,calculators/buy-to-let-mortgage-calculator,90,3,uklandlordtax.co.uk,2,0,,
buy to let rental income calculator,assigned,calculators/buy-to-let-mortgage-calculator,90,22,provestor.co.uk,6,0,,
buy-to let deposit calculator,assigned,calculators/buy-to-let-mortgage-calculator,90,1,uklandlordtax.co.uk,,,,
buy-to-let mortgage rates calculator,assigned,calculators/buy-to-let-mortgage-calculator,90,5,uklandlordtax.co.uk,,,,
calculator for net pay after tax,excluded,off-niche:salary/employment,90,29,taxd.co.uk,,,,
calculator net pay after tax,excluded,off-niche:salary/employment,90,14,taxd.co.uk,,,,
capital gain home sale calculator,already-covered,"cgt-cluster (batch cgt1, deploy parked)",90,15,ukpropertyaccountants.co.uk,,,,
capital gain house sale calculator,already-covered,"cgt-cluster (batch cgt1, deploy parked)",90,15,provestor.co.uk,,,,
capital gain on house sale calculator,already-covered,"cgt-cluster (batch cgt1, deploy parked)",90,14,provestor.co.uk,,,,
capital gains calculator on home sale,already-covered,"cgt-cluster (batch cgt1, deploy parked)",90,15,provestor.co.uk,,,,
capital gains home sale calculator,already-covered,"cgt-cluster (batch cgt1, deploy parked)",90,15,provestor.co.uk,,,,
capital gains house sale calculator,already-covered,"cgt-cluster (batch cgt1, deploy parked)",90,10,provestor.co.uk,,,,
capital gains on home sale calculator,already-covered,"cgt-cluster (batch cgt1, deploy parked)",90,12,provestor.co.uk,,,,
capital gains on house sale calculator,already-covered,"cgt-cluster (batch cgt1, deploy parked)",90,20,ukpropertyaccountants.co.uk,,,,
capital gains tax calculator gov.uk,already-covered,"cgt-cluster (batch cgt1, deploy parked)",90,22,taxd.co.uk,,,,
capital gains tax calculator home sale,already-covered,"cgt-cluster (batch cgt1, deploy parked)",90,12,provestor.co.uk,,,,
capital gains tax calculator house sale,already-covered,"cgt-cluster (batch cgt1, deploy parked)",90,14,provestor.co.uk,,,,
capital gains tax home sale calculator,already-covered,"cgt-cluster (batch cgt1, deploy parked)",90,16,provestor.co.uk,,,,
capital gains tax house sale calculator,already-covered,"cgt-cluster (batch cgt1, deploy parked)",90,21,taxd.co.uk,,,,
capital gains tax on deceased estate uk calculator,already-covered,"cgt-cluster (batch cgt1, deploy parked)",90,41,ukpropertyaccountants.co.uk,,,,
capital gains tax on home sale calculator,already-covered,"cgt-cluster (batch cgt1, deploy parked)",90,16,provestor.co.uk,,,,
capital gains tax on second home calculator,already-covered,"cgt-cluster (batch cgt1, deploy parked)",90,25,ukpropertyaccountants.co.uk,,,,
capital gains tax on shares held for 20 years calculator,already-covered,"cgt-cluster (batch cgt1, deploy parked)",90,10,taxd.co.uk,,,,
capital gains tax second home calculator,already-covered,"cgt-cluster (batch cgt1, deploy parked)",90,16,ukpropertyaccountants.co.uk,,,,
cgt on second homes calculator,already-covered,"cgt-cluster (batch cgt1, deploy parked)",90,18,ukpropertyaccountants.co.uk,,,,
cis calculator net to gross,excluded,off-niche:salary/employment,90,14,taxd.co.uk,,,,
class 4 nic calculator,excluded,off-niche:general-accountancy-calc,90,21,ukpropertyaccountants.co.uk,,,,
commercial buy to let mortgage calculator,assigned,calculators/buy-to-let-mortgage-calculator,90,16,uklandlordtax.co.uk,12,0,,
commercial lease stamp duty calculator,already-covered,"sdlt-cluster (deployed 08-18, window armed)",90,41,uklandlordtax.co.uk,,,,
corporation and dividend tax calculator,excluded,off-niche:general-accountancy-calc,90,68,optimiseaccountants.co.uk,,,,
corporation tax and dividend calculator,excluded,off-niche:general-accountancy-calc,90,86,optimiseaccountants.co.uk,,,,
corporation tax and dividends calculator,excluded,off-niche:general-accountancy-calc,90,65,optimiseaccountants.co.uk,,,,
corporation tax calculator dividends,excluded,off-niche:general-accountancy-calc,90,35,ukpropertyaccountants.co.uk,,,,
daily rate take home pay calculator,excluded,off-niche:salary/employment,90,58,taxd.co.uk,,,,
deductions from pay calculator,excluded,off-niche:salary/employment,90,32,taxd.co.uk,,,,
dividend and corporation tax calculator,excluded,off-niche:general-accountancy-calc,90,86,optimiseaccountants.co.uk,,,,
dividend corporation tax calculator,excluded,off-niche:general-accountancy-calc,90,75,optimiseaccountants.co.uk,,,,
dividend tax calculator 23 24,excluded,off-niche:general-accountancy-calc,90,66,cruseburke.co.uk,,,,
ebay tax calculator,excluded,off-niche:marketplace/crypto,90,31,cruseburke.co.uk,,,,
eig yield calculator,assigned,calculators/rental-yield-calculator,90,87,landlordstudio.com,,,,
emergency tax calculator on wages uk,excluded,off-niche:salary/employment,90,12,cruseburke.co.uk,,,,
employers ni calculator monthly,excluded,off-niche:general-accountancy-calc,90,55,ukpropertyaccountants.co.uk,,,,
estimate rental value calculator,excluded,off-niche:long-tail (class-reviewed pass 3),90,38,taxd.co.uk,,,,
estimated rental value calculator,excluded,off-niche:long-tail (class-reviewed pass 3),90,48,taxd.co.uk,,,,
final salary calculator,excluded,off-niche:salary/employment,90,52,taxd.co.uk,,,,
first mortgage payment calculator uk,excluded,"generic-mortgage: bank/MSE-owned, no landlord intent",90,66,ukpropertyaccountants.co.uk,,,,
gov.uk capital gains tax calculator,already-covered,"cgt-cluster (batch cgt1, deploy parked)",90,22,taxd.co.uk,,,,
gov.uk inheritance tax calculator,excluded,off-niche:general-accountancy-calc,90,33,optimiseaccountants.co.uk,,,,
gross calculator,excluded,off-niche:salary/employment,90,38,taxd.co.uk,,,,
gross income calculator monthly,excluded,off-niche:salary/employment,90,35,taxd.co.uk,,,,
gross income monthly calculator,excluded,off-niche:salary/employment,90,21,taxd.co.uk,,,,
gross monthly income calculator,excluded,off-niche:salary/employment,90,37,taxd.co.uk,,,,
gross monthly salary calculator,excluded,off-niche:salary/employment,90,31,taxd.co.uk,,,,
high yield investment properties,assigned,calculators/rental-yield-calculator,90,33,provestor.co.uk,,,,
high yield investment property,assigned,calculators/rental-yield-calculator,90,44,provestor.co.uk,,,,
high yield property investment,assigned,calculators/rental-yield-calculator,90,34,provestor.co.uk,,,,
high yield property investments,assigned,calculators/rental-yield-calculator,90,31,provestor.co.uk,,,,
high yielding property investments,assigned,calculators/rental-yield-calculator,90,34,provestor.co.uk,,,,
hl tax relief calculator,excluded,off-niche:long-tail (class-reviewed pass 3),90,40,cruseburke.co.uk,,,,
hmrc ebay private seller calculator,excluded,off-niche:marketplace/crypto,90,42,cruseburke.co.uk,,,,
hmrc self assessment tax calculator,excluded,off-niche:general-accountancy-calc,90,27,optimiseaccountants.co.uk,,,,
hmrc take home calculator,excluded,off-niche:salary/employment,90,31,taxd.co.uk,,,,
holiday cottage income calculator,excluded,off-niche:salary/employment,90,40,ukpropertyaccountants.co.uk,,,,
holiday let income calculator,assigned,blog:holiday-let pages (existing),90,46,ukpropertyaccountants.co.uk,,,,
home sale capital gains calculator,already-covered,"cgt-cluster (batch cgt1, deploy parked)",90,12,provestor.co.uk,,,,
home sale capital gains tax calculator,already-covered,"cgt-cluster (batch cgt1, deploy parked)",90,13,taxd.co.uk,,,,
house sale capital gains tax calculator,already-covered,"cgt-cluster (batch cgt1, deploy parked)",90,15,provestor.co.uk,,,,
how long to pay off home loan calculator,excluded,"generic-mortgage: bank/MSE-owned, no landlord intent",90,70,ukpropertyaccountants.co.uk,,,,
how much after tax calculator,excluded,off-niche:salary/employment,90,29,taxd.co.uk,,,,
income tax calculator net,excluded,off-niche:salary/employment,90,39,taxd.co.uk,,,,
income tax calculator sole trader,excluded,off-niche:general-accountancy-calc,90,16,taxd.co.uk,,,,
inheritance calculator uk,excluded,off-niche:long-tail (class-reviewed pass 3),90,46,ukpropertyaccountants.co.uk,,,,
inheritance tax calculator uk widower,excluded,off-niche:general-accountancy-calc,90,47,ukpropertyaccountants.co.uk,,,,
interest free mortgage calculator,excluded,"generic-mortgage: bank/MSE-owned, no landlord intent",90,28,uklandlordtax.co.uk,,,,
interest only btl mortgage calculator,assigned,calculators/buy-to-let-mortgage-calculator,90,2,uklandlordtax.co.uk,,,,
interest only payment calculator,excluded,"generic-mortgage: bank/MSE-owned, no landlord intent",90,15,uklandlordtax.co.uk,,,,
investment yield calculator,assigned,calculators/rental-yield-calculator,90,22,landlordstudio.com,,,,
iresign salary calculator,excluded,off-niche:salary/employment,90,62,taxd.co.uk,,,,
irish stamp duty calculator,already-covered,"sdlt-cluster (deployed 08-18, window armed)",90,28,uklandlordtax.co.uk,,,,
land and property services rates calculator,excluded,off-niche:long-tail (class-reviewed pass 3),90,32,uklandlordtax.co.uk,,,,
lease stamp duty calculator,already-covered,"sdlt-cluster (deployed 08-18, window armed)",90,8,uklandlordtax.co.uk,,,,
leasehold stamp duty calculator,already-covered,"sdlt-cluster (deployed 08-18, window armed)",90,46,ukpropertyaccountants.co.uk,,,,
limited company tax calculator dividends,excluded,off-niche:general-accountancy-calc,90,82,cruseburke.co.uk,,,,
marginal relief corporation tax calculator,excluded,off-niche:general-accountancy-calc,90,82,optimiseaccountants.co.uk,,,,
mileage allowance calculator,deferred,trade-site:mileage,90,7,ukpropertyaccountants.co.uk,,,,
monthly gross income calculator,excluded,off-niche:salary/employment,90,38,taxd.co.uk,,,,
monthly gross pay calculator,excluded,off-niche:salary/employment,90,17,taxd.co.uk,,,,
monthly gross salary calculator,excluded,off-niche:salary/employment,90,36,taxd.co.uk,,,,
monthly income gross calculator,excluded,off-niche:salary/employment,90,40,taxd.co.uk,,,,
monthly national insurance calculator,excluded,off-niche:general-accountancy-calc,90,33,ukpropertyaccountants.co.uk,,,,
monthly paye calculator,excluded,off-niche:salary/employment,90,38,taxd.co.uk,,,,
mortgage and stamp duty calculator,already-covered,"sdlt-cluster (deployed 08-18, window armed)",90,35,uklandlordtax.co.uk,,,,
mortgage calculator for self employed uk,excluded,off-niche:general-accountancy-calc,90,75,uklandlordtax.co.uk,,,,
mortgage calculator interest only buy to let,assigned,calculators/buy-to-let-mortgage-calculator,90,1,uklandlordtax.co.uk,,,,
mortgage calculator uk self employed,excluded,off-niche:general-accountancy-calc,90,77,uklandlordtax.co.uk,,,,
mortgage payment breakdown calculator,excluded,"generic-mortgage: bank/MSE-owned, no landlord intent",90,69,ukpropertyaccountants.co.uk,,,,
mortgage rate repayment calculator,excluded,"generic-mortgage: bank/MSE-owned, no landlord intent",90,39,uklandlordtax.co.uk,,,,
mortgage rates repayment calculator,excluded,"generic-mortgage: bank/MSE-owned, no landlord intent",90,27,ukpropertyaccountants.co.uk,,,,
mortgage repayment calculator ni,excluded,"generic-mortgage: bank/MSE-owned, no landlord intent",90,32,uklandlordtax.co.uk,,,,
mortgage stamp duty calculator,already-covered,"sdlt-cluster (deployed 08-18, window armed)",90,21,uklandlordtax.co.uk,,,,
national insurance and pension calculator,excluded,off-niche:general-accountancy-calc,90,63,ukpropertyaccountants.co.uk,,,,
national insurance calculator monthly,excluded,off-niche:general-accountancy-calc,90,26,ukpropertyaccountants.co.uk,,,,
net after tax income calculator,excluded,off-niche:salary/employment,90,30,taxd.co.uk,,,,
net bonus calculator,excluded,off-niche:salary/employment,90,7,taxd.co.uk,,,,
net bring home calculator,excluded,off-niche:salary/employment,90,10,taxd.co.uk,,,,
net earnings after tax calculator,excluded,off-niche:salary/employment,90,21,taxd.co.uk,,,,
net income after tax calculator,excluded,off-niche:salary/employment,90,32,taxd.co.uk,,,,
net income tax calculator,excluded,off-niche:salary/employment,90,31,taxd.co.uk,,,,
net of tax calculator uk,excluded,off-niche:general-tax-calc (no property qualifier),90,34,taxd.co.uk,,,,
net pay after tax calculator,excluded,off-niche:salary/employment,90,14,taxd.co.uk,,,,
net pay bonus calculator,excluded,off-niche:salary/employment,90,9,taxd.co.uk,,,,
net salary tax calculator,excluded,off-niche:salary/employment,90,36,taxd.co.uk,,,,
net taxable income calculator,excluded,off-niche:salary/employment,90,60,taxd.co.uk,,,,
nic class 4 calculator,excluded,off-niche:general-accountancy-calc,90,42,ukpropertyaccountants.co.uk,,,,
nil rate band calculator,deferred,wills-probate site,90,36,ukpropertyaccountants.co.uk,,,,
one off bonus tax calculator uk,excluded,off-niche:salary/employment,90,10,taxd.co.uk,,,,
open market rent calculator,assigned,calculators/rental-income-tax-calculator,90,22,landlordstudio.com,,,,
part time job tax calculator,excluded,off-niche:general-tax-calc (no property qualifier),90,7,taxd.co.uk,,,,
part time tax calculator,excluded,off-niche:general-tax-calc (no property qualifier),90,11,taxd.co.uk,,,,
part-time job tax calculator,excluded,off-niche:general-tax-calc (no property qualifier),90,6,taxd.co.uk,,,,
part-time tax calculator,excluded,off-niche:general-tax-calc (no property qualifier),90,11,taxd.co.uk,,,,
pay calculator tax,excluded,off-niche:salary/employment,90,22,taxd.co.uk,,,,
paye calculator monthly,excluded,off-niche:salary/employment,90,47,taxd.co.uk,,,,
paye monthly calculator,excluded,off-niche:salary/employment,90,60,taxd.co.uk,,,,
payment calculator tax,excluded,off-niche:general-tax-calc (no property qualifier),90,38,taxd.co.uk,,,,
pension contribution calculator tax,excluded,off-niche:general-accountancy-calc,90,47,cruseburke.co.uk,,,,
pension contribution tax calculator,excluded,off-niche:general-accountancy-calc,90,42,cruseburke.co.uk,,,,
pension contributions tax calculator,excluded,off-niche:general-accountancy-calc,90,31,cruseburke.co.uk,,,,
pension national insurance calculator,excluded,off-niche:general-accountancy-calc,90,57,ukpropertyaccountants.co.uk,,,,
pension tax rebate calculator,excluded,off-niche:refund/expat-employment,90,49,cruseburke.co.uk,,,,
property rental yields,assigned,calculators/rental-yield-calculator,90,50,provestor.co.uk,,,,
quick buy to let mortgage calculator,assigned,calculators/buy-to-let-mortgage-calculator,90,1,uklandlordtax.co.uk,,,,
quick buy-to-let mortgage calculator,assigned,calculators/buy-to-let-mortgage-calculator,90,1,uklandlordtax.co.uk,,,,
rebate calculator,excluded,off-niche:refund/expat-employment,90,3,taxd.co.uk,,,,
rent price calculator,excluded,off-niche:long-tail (class-reviewed pass 3),90,57,taxd.co.uk,,,,
rent return on investment calculator,assigned,calculators/buy-to-let-cashflow-calculator,90,13,landlordstudio.com,,,,
rental investment return calculator,excluded,off-niche:long-tail (class-reviewed pass 3),90,11,landlordstudio.com,,,,
rental price calculator,excluded,off-niche:long-tail (class-reviewed pass 3),90,49,taxd.co.uk,,,,
rental pricing calculator,excluded,off-niche:long-tail (class-reviewed pass 3),90,45,taxd.co.uk,,,,
rental property roi calculator,assigned,calculators/buy-to-let-cashflow-calculator,90,16,landlordstudio.com,,,,
rental return on investment calculator,assigned,calculators/buy-to-let-cashflow-calculator,90,13,landlordstudio.com,,,,
rental roi calculator,assigned,calculators/buy-to-let-cashflow-calculator,90,11,landlordstudio.com,,,,
rental value of property calculator uk,excluded,off-niche:long-tail (class-reviewed pass 3),90,30,taxd.co.uk,,,,
residential nil rate band calculator,deferred,wills-probate site,90,54,ukpropertyaccountants.co.uk,,,,
return on investment rental calculator,assigned,calculators/rental-income-tax-calculator,90,17,landlordstudio.com,,,,
return on rental investment calculator,assigned,calculators/buy-to-let-cashflow-calculator,90,10,landlordstudio.com,,,,
return on rental property investment calculator,assigned,calculators/buy-to-let-cashflow-calculator,90,14,landlordstudio.com,,,,
revenue scotland calculator,already-covered,"sdlt-cluster (deployed 08-18, window armed)",90,52,ukpropertyaccountants.co.uk,,,,
reverse take home pay calculator,excluded,off-niche:salary/employment,90,47,taxd.co.uk,,,,
reverse take-home pay calculator,excluded,off-niche:salary/employment,90,15,taxd.co.uk,,,,
roi calculator for rental property,assigned,calculators/buy-to-let-cashflow-calculator,90,16,landlordstudio.com,,,,
roi calculator on rental property,assigned,calculators/buy-to-let-cashflow-calculator,90,14,landlordstudio.com,,,,
roi calculator rental,assigned,calculators/buy-to-let-cashflow-calculator,90,11,landlordstudio.com,,,,
roi calculator rental property,assigned,calculators/buy-to-let-cashflow-calculator,90,15,landlordstudio.com,,,,
roi for rental property calculator,assigned,calculators/buy-to-let-cashflow-calculator,90,69,landlordstudio.com,,,,
roi on rental property calculator,assigned,calculators/buy-to-let-cashflow-calculator,90,22,landlordstudio.com,,,,
roi rental calculator,assigned,calculators/rental-income-tax-calculator,90,10,landlordstudio.com,,,,
salary after tax and ni calculator,excluded,off-niche:salary/employment,90,30,taxd.co.uk,,,,
salary calculator including car allowance,excluded,off-niche:salary/employment,90,40,taxd.co.uk,,,,
salary calculator monthly to annual,excluded,off-niche:salary/employment,90,38,taxd.co.uk,,,,
salary calculator mse,excluded,off-niche:salary/employment,90,30,taxd.co.uk,,,,
salary calculator with car allowance,excluded,off-niche:salary/employment,90,64,taxd.co.uk,,,,
salary calculator yearly to monthly,excluded,off-niche:salary/employment,90,38,taxd.co.uk,,,,
salary deduction calculator,excluded,off-niche:salary/employment,90,35,taxd.co.uk,,,,
salary deductions calculator,excluded,off-niche:salary/employment,90,23,taxd.co.uk,,,,
salary sacrifice calculator take home pay,excluded,off-niche:salary/employment,90,44,taxd.co.uk,,,,
salary tax and ni calculator,excluded,off-niche:salary/employment,90,44,taxd.co.uk,,,,
sdlt calculator residential,already-covered,"sdlt-cluster (deployed 08-18, window armed)",90,31,ukpropertyaccountants.co.uk,,,,
sdlt calculator scotland,already-covered,"sdlt-cluster (deployed 08-18, window armed)",90,53,uklandlordtax.co.uk,,,,
sdlt residential calculator,already-covered,"sdlt-cluster (deployed 08-18, window armed)",90,27,ukpropertyaccountants.co.uk,,,,
second home capital gains tax calculator,already-covered,"cgt-cluster (batch cgt1, deploy parked)",90,18,ukpropertyaccountants.co.uk,,,,
second job calculator,excluded,off-niche:long-tail (class-reviewed pass 3),90,8,taxd.co.uk,,,,
self employed tax calculator 23 24,excluded,off-niche:general-accountancy-calc,90,65,cruseburke.co.uk,,,,
self employed tax calculator 23/24,excluded,off-niche:general-accountancy-calc,90,75,optimiseaccountants.co.uk,,,,
self employed tax calculator 24/25,excluded,off-niche:general-accountancy-calc,90,77,optimiseaccountants.co.uk,,,,
self-employed tax calculator 23 24,excluded,off-niche:general-accountancy-calc,90,64,cruseburke.co.uk,,,,
self-employed tax calculator 24 25,excluded,off-niche:general-accountancy-calc,90,57,cruseburke.co.uk,,,,
selling shares tax calculator uk,excluded,off-niche:general-tax-calc (no property qualifier),90,7,taxd.co.uk,,,,
shared ownership rent calculator uk,assigned,calculators/rental-income-tax-calculator,90,82,landlordstudio.com,,,,
side hustle tax calculator,excluded,off-niche:general-tax-calc (no property qualifier),90,3,taxd.co.uk,,,,
sole trader calculator,excluded,off-niche:general-accountancy-calc,90,41,taxd.co.uk,,,,
sole trader income tax calculator,excluded,off-niche:general-accountancy-calc,90,28,taxd.co.uk,,,,
stamp duty calculator commercial lease,already-covered,"sdlt-cluster (deployed 08-18, window armed)",90,50,ukpropertyaccountants.co.uk,,,,
stamp duty calculator commercial property lease,already-covered,"sdlt-cluster (deployed 08-18, window armed)",90,51,uklandlordtax.co.uk,,,,
stamp duty calculator for 2nd home,already-covered,"sdlt-cluster (deployed 08-18, window armed)",90,31,uklandlordtax.co.uk,,,,
stamp duty calculator for ltd company,already-covered,"sdlt-cluster (deployed 08-18, window armed)",90,17,provestor.co.uk,,,,
stamp duty calculator from april 2025,already-covered,"sdlt-cluster (deployed 08-18, window armed)",90,11,uklandlordtax.co.uk,,,,
stamp duty calculator hmrc gov uk,already-covered,"sdlt-cluster (deployed 08-18, window armed)",90,22,uklandlordtax.co.uk,,,,
stamp duty calculator ireland,already-covered,"sdlt-cluster (deployed 08-18, window armed)",90,16,uklandlordtax.co.uk,,,,
stamp duty commercial lease calculator,already-covered,"sdlt-cluster (deployed 08-18, window armed)",90,39,ukpropertyaccountants.co.uk,,,,
stamp duty in wales calculator,already-covered,"sdlt-cluster (deployed 08-18, window armed)",90,15,uklandlordtax.co.uk,,,,
stamp duty ireland calculator,already-covered,"sdlt-cluster (deployed 08-18, window armed)",90,25,uklandlordtax.co.uk,,,,
stamp duty mortgage calculator,already-covered,"sdlt-cluster (deployed 08-18, window armed)",90,33,uklandlordtax.co.uk,,,,
stamp duty on 2nd home calculator,already-covered,"sdlt-cluster (deployed 08-18, window armed)",90,28,uklandlordtax.co.uk,,,,
stamp duty on lease calculator,already-covered,"sdlt-cluster (deployed 08-18, window armed)",90,49,uklandlordtax.co.uk,,,,
stamp duty on leases calculator,already-covered,"sdlt-cluster (deployed 08-18, window armed)",90,42,ukpropertyaccountants.co.uk,,,,
stamp duty on mortgage calculator,already-covered,"sdlt-cluster (deployed 08-18, window armed)",90,32,uklandlordtax.co.uk,,,,
stamp duty on selling a house calculator,already-covered,"sdlt-cluster (deployed 08-18, window armed)",90,36,uklandlordtax.co.uk,,,,
take home pay calculator 2024,excluded,off-niche:salary/employment,90,4,taxd.co.uk,,,,
take home pay calculator daily rate,excluded,off-niche:salary/employment,90,26,taxd.co.uk,,,,
take home pay calculator mse,excluded,off-niche:salary/employment,90,18,taxd.co.uk,,,,
take home pay reverse calculator,excluded,off-niche:salary/employment,90,23,taxd.co.uk,,,,
take home teacher pay calculator,excluded,off-niche:salary/employment,90,30,taxd.co.uk,,,,
take-home pay calculator scotland 2025,excluded,off-niche:salary/employment,90,19,taxd.co.uk,,,,
tax and national insurance calculator uk,excluded,off-niche:general-accountancy-calc,90,27,ukpropertyaccountants.co.uk,,,,
tax and pension contribution calculator,excluded,off-niche:general-accountancy-calc,90,54,cruseburke.co.uk,,,,
tax calculator limited company dividends,excluded,off-niche:general-accountancy-calc,90,74,cruseburke.co.uk,,,,
tax calculator net income,excluded,off-niche:salary/employment,90,33,taxd.co.uk,,,,
tax calculator pension contributions,excluded,off-niche:general-accountancy-calc,90,45,cruseburke.co.uk,,,,
tax deductible calculator,excluded,off-niche:long-tail (class-reviewed pass 3),90,41,taxd.co.uk,,,,
tax deduction at source calculator,excluded,off-niche:long-tail (class-reviewed pass 3),90,20,taxd.co.uk,,,,
tax deductions calculator,excluded,off-niche:salary/employment,90,24,taxd.co.uk,,,,
tax mileage calculator,deferred,trade-site:mileage,90,6,ukpropertyaccountants.co.uk,,,,
tax ni and pension calculator,excluded,off-niche:general-accountancy-calc,90,45,taxd.co.uk,,,,
tax rebate calculator 2025,excluded,off-niche:refund/expat-employment,90,4,taxd.co.uk,,,,
tax trap over 100k calculator,excluded,off-niche:long-tail (class-reviewed pass 3),90,10,taxd.co.uk,,,,
taxes deduction calculator,excluded,off-niche:salary/employment,90,27,taxd.co.uk,,,,
the tax calculator,excluded,off-niche:general-tax-calc (no property qualifier),90,50,taxd.co.uk,,,,
total mortgage repayment calculator,excluded,"generic-mortgage: bank/MSE-owned, no landlord intent",90,48,ukpropertyaccountants.co.uk,,,,
transferable nil rate band calculator,deferred,wills-probate site,90,31,ukpropertyaccountants.co.uk,,,,
uber eats tax calculator uk,excluded,off-niche:general-tax-calc (no property qualifier),90,17,taxd.co.uk,,,,
uk national insurance tax calculator,excluded,off-niche:general-accountancy-calc,90,21,ukpropertyaccountants.co.uk,,,,
uk tax national insurance calculator,excluded,off-niche:general-accountancy-calc,90,22,ukpropertyaccountants.co.uk,,,,
universal credit mileage calculator,deferred,trade-site:mileage,90,25,ukpropertyaccountants.co.uk,,,,
wage rate calculator,excluded,off-niche:salary/employment,90,36,taxd.co.uk,,,,
wales ltt calculator,already-covered,"sdlt-cluster (deployed 08-18, window armed)",90,18,uklandlordtax.co.uk,,,,
we buy any house how much below market value calculator,excluded,off-niche:long-tail (class-reviewed pass 3),90,26,ukpropertyaccountants.co.uk,,,,
wealth tax uk calculator,excluded,off-niche:salary/employment,90,57,taxd.co.uk,,,,
weekly salary calculator after taxes,excluded,off-niche:salary/employment,90,15,ukpropertyaccountants.co.uk,,,,
work out yield,assigned,calculators/rental-yield-calculator,90,24,landlordstudio.com,,,,
working out yield,assigned,calculators/rental-yield-calculator,90,15,landlordstudio.com,,,,
yearly salary to monthly calculator,excluded,off-niche:salary/employment,90,33,taxd.co.uk,,,,
yield calculator formula,assigned,calculators/rental-yield-calculator,90,18,landlordstudio.com,,,,
yield calculator investment,assigned,calculators/rental-yield-calculator,90,11,landlordstudio.com,,,,
183 day rule uk calculator,excluded,off-niche:long-tail (class-reviewed pass 3),70,5,taxd.co.uk,,,,
183-day rule uk calculator,excluded,off-niche:long-tail (class-reviewed pass 3),70,4,taxd.co.uk,,,,
adp calculator salary,excluded,off-niche:salary/employment,70,26,taxd.co.uk,,,,
annual income before tax calculator,excluded,off-niche:general-tax-calc (no property qualifier),70,44,taxd.co.uk,,,,
annual income before taxes calculator,excluded,off-niche:long-tail (class-reviewed pass 3),70,35,taxd.co.uk,,,,
attendance allowance points calculator nhs,excluded,off-niche:long-tail (class-reviewed pass 3),70,24,cruseburke.co.uk,,,,
average rental yield,assigned,blog:property-investment-benchmarks-uk-2026-good-yield [EXTEND],70,37,provestor.co.uk,,,,
average rental yield in london,assigned,blog:property-investment-benchmarks-uk-2026-good-yield [EXTEND],70,38,provestor.co.uk,,,,
average rental yield london,assigned,blog:property-investment-benchmarks-uk-2026-good-yield [EXTEND],70,36,provestor.co.uk,,,,
average rental yields,assigned,blog:property-investment-benchmarks-uk-2026-good-yield [EXTEND],70,15,provestor.co.uk,,,,
basic salary calculator,excluded,off-niche:salary/employment,70,39,taxd.co.uk,,,,
basis salary calculator,excluded,off-niche:salary/employment,70,58,taxd.co.uk,,,,
best retirement interest only mortgage calculator,excluded,"generic-mortgage: bank/MSE-owned, no landlord intent",70,54,uklandlordtax.co.uk,,,,
bonus sacrifice calculator,excluded,off-niche:salary/employment,70,52,taxd.co.uk,,,,
bonus salary calculator uk,excluded,off-niche:salary/employment,70,7,taxd.co.uk,,,,
br tax calculator,excluded,off-niche:general-tax-calc (no property qualifier),70,42,taxd.co.uk,,,,
btl calculator uk,assigned,calculators/buy-to-let-mortgage-calculator,70,3,uklandlordtax.co.uk,1,0,,
btl mortgage repayment calculator,assigned,calculators/buy-to-let-mortgage-calculator,70,2,uklandlordtax.co.uk,,,,
btl yield calculator,assigned,calculators/buy-to-let-mortgage-calculator,70,20,landlordstudio.com,4,0,,
buy to let mortgage calculator how much can i borrow,assigned,calculators/buy-to-let-mortgage-calculator,70,20,uklandlordtax.co.uk,,,,
buy to let mortgage how much can i borrow calculator,assigned,calculators/buy-to-let-mortgage-calculator,70,19,uklandlordtax.co.uk,,,,
buy to let mortgage payments calculator,assigned,calculators/buy-to-let-mortgage-calculator,70,1,uklandlordtax.co.uk,,,,
buy-to let repayment calculator uk,assigned,calculators/buy-to-let-mortgage-calculator,70,2,uklandlordtax.co.uk,,,,
calculator job salary,excluded,off-niche:salary/employment,70,44,taxd.co.uk,,,,
calculator mortgage payment,excluded,"generic-mortgage: bank/MSE-owned, no landlord intent",70,70,ukpropertyaccountants.co.uk,,,,
capital and interest repayment calculator,excluded,"generic-mortgage: bank/MSE-owned, no landlord intent",70,52,ukpropertyaccountants.co.uk,,,,
capital gains tax on agricultural land calculator,already-covered,"cgt-cluster (batch cgt1, deploy parked)",70,15,ukpropertyaccountants.co.uk,,,,
capital gains tax on gifted property calculator,already-covered,"cgt-cluster (batch cgt1, deploy parked)",70,23,ukpropertyaccountants.co.uk,,,,
capital gains tax on jointly owned property uk calculator,already-covered,"cgt-cluster (batch cgt1, deploy parked)",70,5,ukpropertyaccountants.co.uk,,,,
capital gains tax on shares held for 10 years calculator,already-covered,"cgt-cluster (batch cgt1, deploy parked)",70,9,taxd.co.uk,,,,
car allowance calculator,excluded,off-niche:long-tail (class-reviewed pass 3),70,29,taxd.co.uk,,,,
car allowance calculator uk,excluded,off-niche:long-tail (class-reviewed pass 3),70,46,taxd.co.uk,,,,
check income tax calculator,excluded,off-niche:salary/employment,70,26,ukpropertyaccountants.co.uk,,,,
cis pay calculator,excluded,off-niche:salary/employment,70,9,taxd.co.uk,,,,
cis payment calculator,excluded,off-niche:long-tail (class-reviewed pass 3),70,8,taxd.co.uk,,,,
cis tax calculator hmrc,excluded,off-niche:general-tax-calc (no property qualifier),70,1,taxd.co.uk,,,,
co ownership repayment calculator,excluded,"generic-mortgage: bank/MSE-owned, no landlord intent",70,41,uklandlordtax.co.uk,,,,
commercial property calculator,excluded,off-niche:long-tail (class-reviewed pass 3),70,79,provestor.co.uk,14,0,,
crown cellars gp calculator,excluded,off-niche:personal/other,70,62,cruseburke.co.uk,,,,
ct marginal relief calculator,excluded,off-niche:general-accountancy-calc,70,77,optimiseaccountants.co.uk,,,,
daily rate to annual salary calculator uk,excluded,off-niche:salary/employment,70,46,taxd.co.uk,,,,
daily rent calculator,assigned,calculators/rental-income-tax-calculator,70,66,landlordstudio.com,,,,
director loan calculator,excluded,"generic-mortgage: bank/MSE-owned, no landlord intent",70,10,uklandlordtax.co.uk,,,,
directors loan calculator,excluded,"generic-mortgage: bank/MSE-owned, no landlord intent",70,13,uklandlordtax.co.uk,,,,
ebay business fee calculator,excluded,off-niche:marketplace/crypto,70,44,cruseburke.co.uk,,,,
employee nic calculator,excluded,off-niche:salary/employment,70,26,ukpropertyaccountants.co.uk,,,,
employee salary calculator,excluded,off-niche:salary/employment,70,72,taxd.co.uk,,,,
employer ni calculator 25 26,excluded,off-niche:general-accountancy-calc,70,52,ukpropertyaccountants.co.uk,,,,
employer's contribution calculator,excluded,off-niche:long-tail (class-reviewed pass 3),70,55,cruseburke.co.uk,,,,
employment salary calculator,excluded,off-niche:salary/employment,70,42,taxd.co.uk,,,,
english stamp duty calculator,already-covered,"sdlt-cluster (deployed 08-18, window armed)",70,36,uklandlordtax.co.uk,,,,
entrepreneur relief calculator,excluded,off-niche:long-tail (class-reviewed pass 3),70,47,cruseburke.co.uk,,,,
entrepreneurs relief calculator,excluded,off-niche:long-tail (class-reviewed pass 3),70,53,cruseburke.co.uk,,,,
farm inheritance tax calculator,excluded,off-niche:general-accountancy-calc,70,40,ukpropertyaccountants.co.uk,,,,
final pay calculator,excluded,off-niche:salary/employment,70,77,taxd.co.uk,,,,
freelance salary calculator,excluded,off-niche:salary/employment,70,37,taxd.co.uk,,,,
gibraltar tax calculator,excluded,off-niche:general-tax-calc (no property qualifier),70,17,ukpropertyaccountants.co.uk,,,,
gov tax credits calculator,excluded,off-niche:long-tail (class-reviewed pass 3),70,26,taxd.co.uk,,,,
government pay calculator,excluded,off-niche:salary/employment,70,25,taxd.co.uk,,,,
government tax credit calculator,excluded,off-niche:long-tail (class-reviewed pass 3),70,33,taxd.co.uk,,,,
gross up calculator uk,excluded,off-niche:salary/employment,70,17,taxd.co.uk,,,,
gross yield,assigned,calculators/rental-yield-calculator,70,18,landlordstudio.com,,,,
hmrc cgt adjustment calculator,already-covered,"cgt-cluster (batch cgt1, deploy parked)",70,36,taxd.co.uk,,,,
holiday let calculator,assigned,blog:holiday-let pages (existing),70,20,ukpropertyaccountants.co.uk,,,,
house buying stamp duty calculator,already-covered,"sdlt-cluster (deployed 08-18, window armed)",70,42,uklandlordtax.co.uk,,,,
house purchase stamp duty calculator,already-covered,"sdlt-cluster (deployed 08-18, window armed)",70,41,uklandlordtax.co.uk,,,,
how do dividend yields work,excluded,off-niche:general-accountancy-calc,70,29,cruseburke.co.uk,,,,
how does a dividend yield work,excluded,off-niche:general-accountancy-calc,70,35,cruseburke.co.uk,,,,
how does dividend yield work,excluded,off-niche:general-accountancy-calc,70,35,cruseburke.co.uk,,,,
how much inheritance tax calculator,excluded,off-niche:general-accountancy-calc,70,32,ukpropertyaccountants.co.uk,,,,
how much inheritance tax will i pay calculator,excluded,off-niche:general-accountancy-calc,70,42,optimiseaccountants.co.uk,,,,
how much tax will i pay calculator self employed,excluded,off-niche:general-accountancy-calc,70,39,optimiseaccountants.co.uk,,,,
how much tax will i pay self employed calculator,excluded,off-niche:general-accountancy-calc,70,29,taxd.co.uk,,,,
how much would 2p on income tax cost me calculator,excluded,off-niche:salary/employment,70,22,taxd.co.uk,,,,
how to avoid paying tax on your pension calculator,excluded,off-niche:general-accountancy-calc,70,77,cruseburke.co.uk,,,,
how to calculate rental yield uk,assigned,blog:property-investment-benchmarks-uk-2026-good-yield [EXTEND],70,20,landlordstudio.com,,,,
hsbc buy to let mortgage calculator,assigned,calculators/buy-to-let-mortgage-calculator,70,38,uklandlordtax.co.uk,,,,
hsbc buy-to let mortgage calculator,assigned,calculators/buy-to-let-mortgage-calculator,70,31,uklandlordtax.co.uk,,,,
hsbc buy-to-let mortgage calculator,assigned,calculators/buy-to-let-mortgage-calculator,70,30,uklandlordtax.co.uk,,,,
i own my house outright and want a loan calculator,excluded,"generic-mortgage: bank/MSE-owned, no landlord intent",70,26,uklandlordtax.co.uk,,,,
ic calculator,excluded,off-niche:long-tail (class-reviewed pass 3),70,31,taxd.co.uk,,,,
income salary tax calculator,excluded,off-niche:salary/employment,70,30,ukpropertyaccountants.co.uk,,,,
income tax paye calculator,excluded,off-niche:salary/employment,70,58,taxd.co.uk,,,,
income tax payment calculator,excluded,off-niche:salary/employment,70,34,ukpropertyaccountants.co.uk,,,,
inheritance tax insurance calculator,excluded,off-niche:general-accountancy-calc,70,46,ukpropertyaccountants.co.uk,,,,
inheritance tax liability calculator,excluded,off-niche:general-accountancy-calc,70,28,ukpropertyaccountants.co.uk,,,,
interest and capital repayment calculator,excluded,"generic-mortgage: bank/MSE-owned, no landlord intent",70,55,ukpropertyaccountants.co.uk,,,,
interest only commercial mortgage calculator,assigned,calculators/commercial-mortgage-calculator,70,29,uklandlordtax.co.uk,15,0,,
interest only vs repayment mortgage calculator,excluded,"generic-mortgage: bank/MSE-owned, no landlord intent",70,28,uklandlordtax.co.uk,,,,
investment property yield,assigned,calculators/rental-yield-calculator,70,16,landlordstudio.com,,,,
investment property yields,assigned,calculators/rental-yield-calculator,70,40,provestor.co.uk,,,,
ird tax calculator,assigned,calculators/rd-tax-credit-calculator,70,43,taxd.co.uk,,,,
isle of man mortgage calculator,excluded,"generic-mortgage: bank/MSE-owned, no landlord intent",70,40,uklandlordtax.co.uk,,,,
job calculator salary,excluded,off-niche:salary/employment,70,17,taxd.co.uk,,,,
job earning calculator,excluded,off-niche:salary/employment,70,28,taxd.co.uk,,,,
job salary calculator,excluded,off-niche:salary/employment,70,52,taxd.co.uk,,,,
joint borrower sole proprietor mortgage calculator,excluded,"generic-mortgage: bank/MSE-owned, no landlord intent",70,57,uklandlordtax.co.uk,,,,
land transaction tax calculator wales,already-covered,"sdlt-cluster (deployed 08-18, window armed)",70,18,uklandlordtax.co.uk,,,16,0
landlord costs calculator uk,assigned,calculators/buy-to-let-mortgage-calculator,70,18,taxd.co.uk,2,0,,
let to buy mortgage calculator uk,excluded,"generic-mortgage: bank/MSE-owned, no landlord intent",70,22,uklandlordtax.co.uk,,,,
limited company salary calculator,excluded,off-niche:salary/employment,70,65,taxd.co.uk,,,,
limited company take home pay calculator,excluded,off-niche:salary/employment,70,61,taxd.co.uk,,,,
loans for land calculator,excluded,"generic-mortgage: bank/MSE-owned, no landlord intent",70,36,uklandlordtax.co.uk,,,,
local property tax calculator,excluded,off-niche:general-tax-calc (no property qualifier),70,35,provestor.co.uk,,,,
london average rental yield,assigned,blog:property-investment-benchmarks-uk-2026-good-yield [EXTEND],70,27,provestor.co.uk,,,,
lottery winnings tax calculator,excluded,off-niche:general-tax-calc (no property qualifier),70,17,cruseburke.co.uk,,,,
lpt calculator,excluded,off-niche:long-tail (class-reviewed pass 3),70,27,provestor.co.uk,,,,
ltd stamp duty calculator,already-covered,"sdlt-cluster (deployed 08-18, window armed)",70,14,optimiseaccountants.co.uk,,,,
lump sum taxes calculator,excluded,off-niche:long-tail (class-reviewed pass 3),70,73,taxd.co.uk,,,,
money saving expert pay calculator,excluded,off-niche:salary/employment,70,38,taxd.co.uk,,,,
monthly payment mortgage loan calculator,excluded,"generic-mortgage: bank/MSE-owned, no landlord intent",70,37,uklandlordtax.co.uk,,,,
monthly rent calculator uk,assigned,calculators/rental-income-tax-calculator,70,83,landlordstudio.com,,,,
monthly salary calculator scotland,excluded,off-niche:salary/employment,70,37,taxd.co.uk,,,,
monthly wage tax calculator uk,excluded,off-niche:salary/employment,70,30,taxd.co.uk,,,,
mortgage buyout calculator uk,excluded,"generic-mortgage: bank/MSE-owned, no landlord intent",70,51,uklandlordtax.co.uk,,,,
mortgage calculator for first time home buyer,excluded,"generic-mortgage: bank/MSE-owned, no landlord intent",70,39,uklandlordtax.co.uk,,,,
mortgage calculator for help to buy,excluded,"generic-mortgage: bank/MSE-owned, no landlord intent",70,37,uklandlordtax.co.uk,,,,
mortgage calculator iom,excluded,"generic-mortgage: bank/MSE-owned, no landlord intent",70,41,uklandlordtax.co.uk,,,,
mortgage calculator isle of man,excluded,"generic-mortgage: bank/MSE-owned, no landlord intent",70,28,uklandlordtax.co.uk,,,,
mortgage calculator rental property,excluded,"generic-mortgage: bank/MSE-owned, no landlord intent",70,3,uklandlordtax.co.uk,,,,
mortgage calculator with help to buy,excluded,"generic-mortgage: bank/MSE-owned, no landlord intent",70,34,uklandlordtax.co.uk,,,,
mortgage loan calculator first time home buyer,excluded,"generic-mortgage: bank/MSE-owned, no landlord intent",70,52,uklandlordtax.co.uk,,,,
mortgage or rent calculator,assigned,calculators/rental-income-tax-calculator,70,4,uklandlordtax.co.uk,,,,
mortgage payment calculator first time home buyer,excluded,"generic-mortgage: bank/MSE-owned, no landlord intent",70,41,uklandlordtax.co.uk,,,,
mortgage rental property calculator,excluded,"generic-mortgage: bank/MSE-owned, no landlord intent",70,4,uklandlordtax.co.uk,,,,
mortgage repayment calculator graph,excluded,"generic-mortgage: bank/MSE-owned, no landlord intent",70,49,ukpropertyaccountants.co.uk,,,,
mse wage calculator,excluded,off-niche:salary/employment,70,12,taxd.co.uk,,,,
my monthly salary calculator,excluded,off-niche:salary/employment,70,39,taxd.co.uk,,,,
my take home pay after tax calculator,excluded,off-niche:salary/employment,70,31,taxd.co.uk,,,,
nanny paye calculator,excluded,off-niche:salary/employment,70,40,cruseburke.co.uk,,,,
national insurance calculator monthly salary,excluded,off-niche:salary/employment,70,62,ukpropertyaccountants.co.uk,,,,
nationwide buy to let mortgage calculator,assigned,calculators/buy-to-let-mortgage-calculator,70,20,uklandlordtax.co.uk,,,,
natwest buy to let mortgage calculator,assigned,calculators/buy-to-let-mortgage-calculator,70,39,uklandlordtax.co.uk,,,,
net take home salary calculator,excluded,off-niche:salary/employment,70,12,taxd.co.uk,,,,
net yield calculation,assigned,calculators/rental-yield-calculator,70,11,landlordstudio.com,,,,
net yield calculator,assigned,calculators/rental-yield-calculator,70,11,landlordstudio.com,,,,
new build council tax calculator,excluded,off-niche:local-tax-generic,70,16,ukpropertyaccountants.co.uk,,,,
ni and tax calculator for employers,excluded,off-niche:general-tax-calc (no property qualifier),70,49,ukpropertyaccountants.co.uk,,,,
ni calculator 2025,excluded,off-niche:salary/employment,70,71,ukpropertyaccountants.co.uk,,,,
nic calculator hmrc,excluded,off-niche:salary/employment,70,13,taxd.co.uk,,,,
niy calculator,excluded,off-niche:long-tail (class-reviewed pass 3),70,41,landlordstudio.com,,,,
no deposit mortgage government scheme calculator,excluded,"generic-mortgage: bank/MSE-owned, no landlord intent",70,44,uklandlordtax.co.uk,,,,
non dependant deductions calculator,excluded,off-niche:salary/employment,70,49,taxd.co.uk,,,,
online stamp duty calculator,already-covered,"sdlt-cluster (deployed 08-18, window armed)",70,42,uklandlordtax.co.uk,,,,
overpaid tax calculator,excluded,off-niche:general-tax-calc (no property qualifier),70,18,taxd.co.uk,,,,
p85 tax refund calculator,excluded,off-niche:refund/expat-employment,70,4,taxd.co.uk,,,,
part month pay calculator,excluded,off-niche:salary/employment,70,43,taxd.co.uk,,,,
pay calculator with tax,excluded,off-niche:salary/employment,70,18,taxd.co.uk,,,,
pay deductions calculator uk,excluded,off-niche:salary/employment,70,12,taxd.co.uk,,,,
payment calculator for land,excluded,off-niche:long-tail (class-reviewed pass 3),70,24,uklandlordtax.co.uk,,,,
pension emergency tax calculator,excluded,off-niche:general-accountancy-calc,70,60,cruseburke.co.uk,,,,
per annum salary calculator,excluded,off-niche:salary/employment,70,44,taxd.co.uk,,,,
property rental return calculator,excluded,off-niche:long-tail (class-reviewed pass 3),70,9,landlordstudio.com,,,,
property stamp duty calculator uk,already-covered,"sdlt-cluster (deployed 08-18, window armed)",70,7,uklandlordtax.co.uk,,,,
quick payroll calculator,excluded,off-niche:salary/employment,70,40,taxd.co.uk,,,,
quickpay calculator,excluded,off-niche:salary/employment,70,21,taxd.co.uk,,,,
rate of return on rental property calculator,excluded,off-niche:long-tail (class-reviewed pass 3),70,11,landlordstudio.com,,,,
rate of return rental property calculator,excluded,off-niche:long-tail (class-reviewed pass 3),70,10,landlordstudio.com,,,,
relief at source pension calculator,excluded,off-niche:general-accountancy-calc,70,49,cruseburke.co.uk,,,,
rent calculator weekly,assigned,calculators/rental-income-tax-calculator,70,57,landlordstudio.com,,,,
rent or mortgage calculator,excluded,"generic-mortgage: bank/MSE-owned, no landlord intent",70,5,uklandlordtax.co.uk,,,,
rental property mortgage calculator,excluded,"generic-mortgage: bank/MSE-owned, no landlord intent",70,3,uklandlordtax.co.uk,,,,
rental yield formula,assigned,calculators/rental-yield-calculator,70,7,landlordstudio.com,,,,
repayment mortgage calculator graph,excluded,"generic-mortgage: bank/MSE-owned, no landlord intent",70,62,ukpropertyaccountants.co.uk,,,,
right to buy calculator 2025,excluded,off-niche:long-tail (class-reviewed pass 3),70,54,uklandlordtax.co.uk,,,,
salary calculator bonus uk,excluded,off-niche:salary/employment,70,7,taxd.co.uk,,,,
salary calculator jobs,excluded,off-niche:salary/employment,70,42,taxd.co.uk,,,,
salary calculator pension contributions,excluded,off-niche:salary/employment,70,19,taxd.co.uk,,,,
salary calculator per annum,excluded,off-niche:salary/employment,70,40,taxd.co.uk,,,,
salary calculator second job,excluded,off-niche:salary/employment,70,8,taxd.co.uk,,,,
salary calculator self employed uk,excluded,off-niche:salary/employment,70,35,taxd.co.uk,,,,
salary calculator uk bonus,excluded,off-niche:salary/employment,70,10,taxd.co.uk,,,,
salary calculator uk with bonus,excluded,off-niche:salary/employment,70,9,taxd.co.uk,,,,
salary calculator with bonus uk,excluded,off-niche:salary/employment,70,9,taxd.co.uk,,,,
salary calculator with pension contributions,excluded,off-niche:salary/employment,70,15,taxd.co.uk,,,,
salary home calculator,excluded,off-niche:salary/employment,70,26,taxd.co.uk,,,,
salary sacrifice take home pay calculator,excluded,off-niche:salary/employment,70,29,taxd.co.uk,,,,
savings interest tax calculator hmrc,excluded,off-niche:general-tax-calc (no property qualifier),70,48,taxd.co.uk,,,,
sdlt calculator online,already-covered,"sdlt-cluster (deployed 08-18, window armed)",70,38,uklandlordtax.co.uk,,,,
sdlt fee calculator,already-covered,"sdlt-cluster (deployed 08-18, window armed)",70,38,uklandlordtax.co.uk,,,,
sdlt online calculator,already-covered,"sdlt-cluster (deployed 08-18, window armed)",70,16,uklandlordtax.co.uk,,,,
second home sdlt calculator,already-covered,"sdlt-cluster (deployed 08-18, window armed)",70,35,optimiseaccountants.co.uk,,,,
second job pay calculator,excluded,off-niche:salary/employment,70,6,taxd.co.uk,,,,
second job salary calculator,excluded,off-niche:salary/employment,70,6,taxd.co.uk,,,,
second job tax calculator monthly,excluded,off-niche:general-tax-calc (no property qualifier),70,14,taxd.co.uk,,,,
self assessment tax calculator 2024 25,excluded,off-niche:general-accountancy-calc,70,41,optimiseaccountants.co.uk,,,,
self assessment tax calculator 2024/25,excluded,off-niche:general-accountancy-calc,70,53,taxd.co.uk,,,,
self assessment tax return calculator uk,excluded,off-niche:general-accountancy-calc,70,35,optimiseaccountants.co.uk,,,,
self build mortgages uk calculator,excluded,"generic-mortgage: bank/MSE-owned, no landlord intent",70,86,uklandlordtax.co.uk,,,,
self employed mileage calculator,deferred,trade-site:mileage,70,10,ukpropertyaccountants.co.uk,,,,
self employed salary calculator uk,excluded,off-niche:salary/employment,70,20,taxd.co.uk,,,,
self-build mortgage calculator uk,excluded,"generic-mortgage: bank/MSE-owned, no landlord intent",70,75,uklandlordtax.co.uk,,,,
self-employed mileage calculator,deferred,trade-site:mileage,70,9,ukpropertyaccountants.co.uk,,,,
self-employed salary calculator uk,excluded,off-niche:salary/employment,70,20,taxd.co.uk,,,,
simple salary calculator,excluded,off-niche:salary/employment,70,46,taxd.co.uk,,,,
small business tax calculator,excluded,off-niche:general-tax-calc (no property qualifier),70,40,taxd.co.uk,,,,
small company tax calculator,excluded,off-niche:general-tax-calc (no property qualifier),70,72,optimiseaccountants.co.uk,,,,
staircase mortgage calculator,excluded,"generic-mortgage: bank/MSE-owned, no landlord intent",70,79,cruseburke.co.uk,,,,
staircasing shared ownership calculator,excluded,"generic-mortgage: bank/MSE-owned, no landlord intent",70,97,cruseburke.co.uk,,,,
stamp duty 2025 calculator,already-covered,"sdlt-cluster (deployed 08-18, window armed)",70,26,uklandlordtax.co.uk,,,,
stamp duty calculator after april 2025,already-covered,"sdlt-cluster (deployed 08-18, window armed)",70,17,uklandlordtax.co.uk,,,,
stamp duty calculator non resident,already-covered,"sdlt-cluster (deployed 08-18, window armed)",70,16,uklandlordtax.co.uk,,,,
stamp duty calculator non residential,already-covered,"sdlt-cluster (deployed 08-18, window armed)",70,18,uklandlordtax.co.uk,,,,
stamp duty calculator online,already-covered,"sdlt-cluster (deployed 08-18, window armed)",70,36,uklandlordtax.co.uk,,,,
stamp duty calculator scotland 2025,already-covered,"sdlt-cluster (deployed 08-18, window armed)",70,35,uklandlordtax.co.uk,,,,
stamp duty calculator uk 2026,already-covered,"sdlt-cluster (deployed 08-18, window armed)",70,16,uklandlordtax.co.uk,,,,
stamp duty in england calculator,already-covered,"sdlt-cluster (deployed 08-18, window armed)",70,28,uklandlordtax.co.uk,,,,
stamp duty land tax calculator second home,already-covered,"sdlt-cluster (deployed 08-18, window armed)",70,29,uklandlordtax.co.uk,,,,
stamp duty online calculator,already-covered,"sdlt-cluster (deployed 08-18, window armed)",70,35,uklandlordtax.co.uk,,,,
take home pay calculator with pension,excluded,off-niche:salary/employment,70,5,taxd.co.uk,,,,
take home pay salary sacrifice calculator,excluded,off-niche:salary/employment,70,37,taxd.co.uk,,,,
take-home pay calculator 2025 uk,excluded,off-niche:salary/employment,70,13,taxd.co.uk,,,,
tax calculator gibraltar,excluded,off-niche:general-tax-calc (no property qualifier),70,13,ukpropertyaccountants.co.uk,,,,
tax calculator with pension contribution,excluded,off-niche:general-accountancy-calc,70,56,taxd.co.uk,,,,
tax calculator with pension contributions,excluded,off-niche:general-accountancy-calc,70,66,taxd.co.uk,,,,
tax gibraltar calculator,excluded,off-niche:long-tail (class-reviewed pass 3),70,16,ukpropertyaccountants.co.uk,,,,
tax in gibraltar calculator,excluded,off-niche:long-tail (class-reviewed pass 3),70,17,ukpropertyaccountants.co.uk,,,,
tax on lottery winnings calculator,excluded,off-niche:long-tail (class-reviewed pass 3),70,18,cruseburke.co.uk,,,,
taxes on lottery winnings calculator,excluded,off-niche:long-tail (class-reviewed pass 3),70,15,cruseburke.co.uk,,,,
taxes paid by income calculator,excluded,off-niche:salary/employment,70,47,ukpropertyaccountants.co.uk,,,,
term time only pay calculator,excluded,off-niche:salary/employment,70,66,taxd.co.uk,,,,
this is money salary calculator,excluded,off-niche:salary/employment,70,40,taxd.co.uk,,,,
tmw rental calculator,assigned,calculators/rental-income-tax-calculator,70,21,uklandlordtax.co.uk,,,,
transferring property to limited company calculator,excluded,off-niche:long-tail (class-reviewed pass 3),70,11,provestor.co.uk,,,,
uk disposable income calculator,excluded,off-niche:salary/employment,70,9,taxd.co.uk,,,,
uk national insurance contributions calculator,excluded,off-niche:general-accountancy-calc,70,28,ukpropertyaccountants.co.uk,,,,
uk ni calculator,excluded,off-niche:general-accountancy-calc,70,26,ukpropertyaccountants.co.uk,,,,
uk property stamp duty calculator,already-covered,"sdlt-cluster (deployed 08-18, window armed)",70,33,ukpropertyaccountants.co.uk,,,,
uk salary calculator bonus,excluded,off-niche:salary/employment,70,8,taxd.co.uk,,,,
uk salary calculator with bonus,excluded,off-niche:salary/employment,70,8,taxd.co.uk,,,,
uk salary deductions calculator,excluded,off-niche:salary/employment,70,17,taxd.co.uk,,,,
uk stamp duty on property calculator,already-covered,"sdlt-cluster (deployed 08-18, window armed)",70,30,uklandlordtax.co.uk,,,,
uk tax calculator 2024/25,excluded,off-niche:salary/employment,70,64,ukpropertyaccountants.co.uk,,,,
uk tax calculator monthly salary,excluded,off-niche:salary/employment,70,34,taxd.co.uk,,,,
universal credit take home pay calculator,excluded,off-niche:salary/employment,70,30,taxd.co.uk,,,,
vinted tax calculator,excluded,off-niche:marketplace/crypto,70,37,taxd.co.uk,,,,
wales land transaction tax calculator,already-covered,"sdlt-cluster (deployed 08-18, window armed)",70,23,uklandlordtax.co.uk,,,8,0
welsh land transaction tax calculator,already-covered,"sdlt-cluster (deployed 08-18, window armed)",70,10,uklandlordtax.co.uk,,,17,0
welsh ltt calculator,already-covered,"sdlt-cluster (deployed 08-18, window armed)",70,7,uklandlordtax.co.uk,,,6,0
what is a good property yield,assigned,calculators/rental-yield-calculator,70,5,provestor.co.uk,,,,
what is a good yield on property,assigned,blog:property-investment-benchmarks-uk-2026-good-yield [EXTEND],70,5,provestor.co.uk,,,,
what yield is good for property,assigned,blog:property-investment-benchmarks-uk-2026-good-yield [EXTEND],70,6,provestor.co.uk,,,,
what's a good rental yield,assigned,blog:property-investment-benchmarks-uk-2026-good-yield [EXTEND],70,5,provestor.co.uk,,,,
what's my salary calculator,excluded,off-niche:salary/employment,70,37,taxd.co.uk,,,,
what's my take home pay calculator,excluded,off-niche:salary/employment,70,6,taxd.co.uk,,,,
whats a good rental yield,assigned,blog:property-investment-benchmarks-uk-2026-good-yield [EXTEND],70,5,provestor.co.uk,,,,
when do you start paying tax on wages calculator,excluded,off-niche:salary/employment,70,35,taxd.co.uk,,,,
which dividend tax calculator,excluded,off-niche:general-accountancy-calc,70,53,cruseburke.co.uk,,,,
wise vat calculator,excluded,off-niche:vat-general,70,43,cruseburke.co.uk,,,,
work from home tax relief calculator,excluded,off-niche:long-tail (class-reviewed pass 3),70,18,taxd.co.uk,,,,
work out property yield,assigned,calculators/rental-yield-calculator,70,14,landlordstudio.com,,,,
work out yield on property,assigned,calculators/rental-yield-calculator,70,14,landlordstudio.com,,,,
working from home tax relief calculator,excluded,off-niche:long-tail (class-reviewed pass 3),70,17,taxd.co.uk,,,,
working out tax calculator,excluded,off-niche:general-tax-calc (no property qualifier),70,37,taxd.co.uk,,,,
xero gp calculator,excluded,off-niche:personal/other,70,24,cruseburke.co.uk,,,,
best rental yield in london,assigned,blog:property-investment-benchmarks-uk-2026-good-yield [EXTEND],50,49,provestor.co.uk,,,,
best rental yield london,assigned,blog:property-investment-benchmarks-uk-2026-good-yield [EXTEND],50,46,provestor.co.uk,,,,
best rental yields in london,assigned,blog:property-investment-benchmarks-uk-2026-good-yield [EXTEND],50,37,provestor.co.uk,,,,
best rental yields london,assigned,blog:property-investment-benchmarks-uk-2026-good-yield [EXTEND],50,51,provestor.co.uk,,,,
buy to let calculator interest only,assigned,calculators/buy-to-let-mortgage-calculator,50,2,uklandlordtax.co.uk,,,,
buy to let expenses calculator,assigned,calculators/buy-to-let-mortgage-calculator,50,16,uklandlordtax.co.uk,14,0,,
buy to let income tax calculator,assigned,calculators/buy-to-let-mortgage-calculator,50,8,landlordstudio.com,,,,
buy to let interest only calculator,assigned,calculators/buy-to-let-mortgage-calculator,50,1,uklandlordtax.co.uk,2,0,,
buy to let mortgage calculator limited company,assigned,calculators/buy-to-let-mortgage-calculator,50,4,uklandlordtax.co.uk,,,,
buy to let mortgage calculator monthly payments,assigned,calculators/buy-to-let-mortgage-calculator,50,2,uklandlordtax.co.uk,1,0,,
buy to let mortgage calculator scotland,assigned,calculators/buy-to-let-mortgage-calculator,50,2,uklandlordtax.co.uk,,,,
buy to let mortgage for limited company calculator,assigned,calculators/buy-to-let-mortgage-calculator,50,2,uklandlordtax.co.uk,,,,
buy to let mortgage monthly payment calculator,assigned,calculators/buy-to-let-mortgage-calculator,50,2,uklandlordtax.co.uk,4,0,,
buy to let rental income tax calculator,assigned,calculators/rental-income-tax-calculator,50,9,landlordstudio.com,,,,
buy to let rental yields,assigned,calculators/rental-yield-calculator,50,41,provestor.co.uk,,,,
buy to let yields,assigned,calculators/rental-yield-calculator,50,42,provestor.co.uk,,,,
buy to sell mortgage calculator,excluded,"generic-mortgage: bank/MSE-owned, no landlord intent",50,69,uklandlordtax.co.uk,,,,
buy to-let mortgage calculator monthly payments,assigned,calculators/buy-to-let-mortgage-calculator,50,1,uklandlordtax.co.uk,,,,
buy to-let mortgage monthly payment calculator,assigned,calculators/buy-to-let-mortgage-calculator,50,2,uklandlordtax.co.uk,,,,
buy-to let mortgage calculator monthly payments,assigned,calculators/buy-to-let-mortgage-calculator,50,2,uklandlordtax.co.uk,,,,
buy-to let rental income tax calculator,assigned,calculators/rental-income-tax-calculator,50,9,landlordstudio.com,,,,
buy-to sell mortgage calculator,excluded,"generic-mortgage: bank/MSE-owned, no landlord intent",50,50,uklandlordtax.co.uk,,,,
buy-to-let mortgage calculator monthly payments,assigned,calculators/buy-to-let-mortgage-calculator,50,2,uklandlordtax.co.uk,,,,
buy-to-let mortgage calculator scotland,assigned,calculators/buy-to-let-mortgage-calculator,50,2,uklandlordtax.co.uk,,,,
buy-to-let rental income tax calculator,assigned,calculators/rental-income-tax-calculator,50,8,landlordstudio.com,,,,
buy-to-let yield,assigned,calculators/rental-yield-calculator,50,56,provestor.co.uk,,,,
buy-to-let yields,assigned,calculators/rental-yield-calculator,50,56,provestor.co.uk,,,,
calculator for gross income,excluded,off-niche:salary/employment,50,29,taxd.co.uk,,,,
calculator for withholding tax,excluded,off-niche:long-tail (class-reviewed pass 3),50,20,taxd.co.uk,,,,
calculator gross income,excluded,off-niche:salary/employment,50,36,taxd.co.uk,,,,
calculator income tax refund,excluded,off-niche:refund/expat-employment,50,10,taxd.co.uk,,,,
calculator tax withheld,excluded,off-niche:general-tax-calc (no property qualifier),50,6,taxd.co.uk,,,,
capital allowances on cars calculator,excluded,off-niche:long-tail (class-reviewed pass 3),50,8,taxd.co.uk,,,,
chargeable gain calculator hmrc,excluded,off-niche:long-tail (class-reviewed pass 3),50,38,ukpropertyaccountants.co.uk,,,,
commercial yield calculator,assigned,calculators/rental-yield-calculator,50,29,landlordstudio.com,,,,
commission salary calculator,excluded,off-niche:salary/employment,50,53,taxd.co.uk,,,,
consumer buy to let mortgage calculator,assigned,calculators/buy-to-let-mortgage-calculator,50,11,uklandlordtax.co.uk,4,0,,
consumer buy-to-let mortgage calculator,assigned,calculators/buy-to-let-mortgage-calculator,50,5,uklandlordtax.co.uk,,,,
death duty calculator,excluded,off-niche:long-tail (class-reviewed pass 3),50,33,cruseburke.co.uk,,,,
deductions from salary calculator,excluded,off-niche:salary/employment,50,29,taxd.co.uk,,,,
director dividend tax calculator,excluded,off-niche:general-accountancy-calc,50,92,cruseburke.co.uk,,,,
director national insurance calculator,excluded,off-niche:general-accountancy-calc,50,58,ukpropertyaccountants.co.uk,,,,
directors dividend tax calculator,excluded,off-niche:general-accountancy-calc,50,82,cruseburke.co.uk,,,,
directors national insurance calculator,excluded,off-niche:general-accountancy-calc,50,40,ukpropertyaccountants.co.uk,,,,
dividend tax rates calculator,excluded,off-niche:general-accountancy-calc,50,41,cruseburke.co.uk,,,,
eis calculator,excluded,off-niche:long-tail (class-reviewed pass 3),50,54,cruseburke.co.uk,,,,
eis tax relief calculator,excluded,off-niche:long-tail (class-reviewed pass 3),50,68,cruseburke.co.uk,,,,
employee ni contributions calculator,excluded,off-niche:general-accountancy-calc,50,40,ukpropertyaccountants.co.uk,,,,
employer ni calculator uk,excluded,off-niche:general-accountancy-calc,50,33,ukpropertyaccountants.co.uk,,,,
employers national insurance calculator 2025 26,excluded,off-niche:general-accountancy-calc,50,51,ukpropertyaccountants.co.uk,,,,
er nic calculator,excluded,off-niche:salary/employment,50,50,ukpropertyaccountants.co.uk,,,,
ers nic calculator,excluded,off-niche:salary/employment,50,31,ukpropertyaccountants.co.uk,,,,
estimated tax return calculator,excluded,off-niche:refund/expat-employment,50,69,optimiseaccountants.co.uk,,,,
federal tax calculator,excluded,off-niche:general-tax-calc (no property qualifier),50,36,optimiseaccountants.co.uk,,,,
federal taxes calculator,excluded,off-niche:long-tail (class-reviewed pass 3),50,42,optimiseaccountants.co.uk,,,,
final paycheck calculator uk,excluded,off-niche:salary/employment,50,50,taxd.co.uk,,,,
foreign income tax calculator,excluded,off-niche:salary/employment,50,2,taxd.co.uk,,,,
good rental yield,assigned,blog:property-investment-benchmarks-uk-2026-good-yield [EXTEND],50,5,provestor.co.uk,,,1,0
good rental yield london,assigned,blog:property-investment-benchmarks-uk-2026-good-yield [EXTEND],50,40,provestor.co.uk,,,,
gov tax rebate calculator,excluded,off-niche:refund/expat-employment,50,19,taxd.co.uk,,,,
gov tax refund calculator,excluded,off-niche:refund/expat-employment,50,21,taxd.co.uk,,,,
gov uk tax rebate calculator,excluded,off-niche:refund/expat-employment,50,24,taxd.co.uk,,,,
gov uk tax refund calculator,excluded,off-niche:refund/expat-employment,50,19,taxd.co.uk,,,,
gov.uk tax rebate calculator,excluded,off-niche:refund/expat-employment,50,24,taxd.co.uk,,,,
government tax rebate calculator,excluded,off-niche:refund/expat-employment,50,8,taxd.co.uk,,,,
government tax refund calculator,excluded,off-niche:refund/expat-employment,50,8,taxd.co.uk,,,,
gross yield calculator,assigned,calculators/rental-yield-calculator,50,10,landlordstudio.com,1,0,,
halifax buy to let mortgage calculator,assigned,calculators/buy-to-let-mortgage-calculator,50,8,uklandlordtax.co.uk,,,,
highest rental yield in london,assigned,blog:property-investment-benchmarks-uk-2026-good-yield [EXTEND],50,36,provestor.co.uk,,,,
highest rental yield london,assigned,blog:property-investment-benchmarks-uk-2026-good-yield [EXTEND],50,67,provestor.co.uk,,,,
highest rental yields in london,assigned,blog:property-investment-benchmarks-uk-2026-good-yield [EXTEND],50,44,provestor.co.uk,,,,
highest rental yields london,assigned,blog:property-investment-benchmarks-uk-2026-good-yield [EXTEND],50,71,provestor.co.uk,,,,
hmrc grossing up calculator,excluded,off-niche:salary/employment,50,21,optimiseaccountants.co.uk,,,,
hmrc second job tax calculator,excluded,off-niche:general-tax-calc (no property qualifier),50,9,taxd.co.uk,,,,
home loan calculator interest only,excluded,"generic-mortgage: bank/MSE-owned, no landlord intent",50,18,uklandlordtax.co.uk,,,,
home loan calculator interest-only,excluded,"generic-mortgage: bank/MSE-owned, no landlord intent",50,17,uklandlordtax.co.uk,,,,
home loan calculator payment,excluded,"generic-mortgage: bank/MSE-owned, no landlord intent",50,69,ukpropertyaccountants.co.uk,,,,
home loan interest only calculator,excluded,"generic-mortgage: bank/MSE-owned, no landlord intent",50,22,uklandlordtax.co.uk,,,,
home loans interest rates calculator,excluded,"generic-mortgage: bank/MSE-owned, no landlord intent",50,49,uklandlordtax.co.uk,,,,
house payment calculator with taxes,excluded,off-niche:long-tail (class-reviewed pass 3),50,18,uklandlordtax.co.uk,,,,
how much can you earn before paying tax calculator,excluded,off-niche:general-tax-calc (no property qualifier),50,58,taxd.co.uk,,,,
how much is emergency tax calculator,excluded,off-niche:refund/expat-employment,50,9,cruseburke.co.uk,,,,
how much will i get paid calculator,excluded,off-niche:long-tail (class-reviewed pass 3),50,53,taxd.co.uk,,,,
how to value a business calculator uk,excluded,off-niche:long-tail (class-reviewed pass 3),50,55,cruseburke.co.uk,,,,
how to work out tax on calculator,excluded,off-niche:long-tail (class-reviewed pass 3),50,16,taxd.co.uk,,,,
i t calculator,excluded,off-niche:long-tail (class-reviewed pass 3),50,18,taxd.co.uk,,,,
iht liability calculator,excluded,off-niche:general-accountancy-calc,50,22,optimiseaccountants.co.uk,,,,
income tax calculator 2 jobs,excluded,off-niche:salary/employment,50,13,taxd.co.uk,,,,
income tax calculator for 2 jobs,excluded,off-niche:salary/employment,50,11,taxd.co.uk,,,,
income tax calculator for rental property,excluded,off-niche:salary/employment,50,9,taxd.co.uk,,,,
income tax calculator refund,excluded,off-niche:salary/employment,50,20,taxd.co.uk,,,,
income tax calculator two jobs,excluded,off-niche:salary/employment,50,21,taxd.co.uk,,,,
income tax calculator uk dividends,excluded,off-niche:general-accountancy-calc,50,51,cruseburke.co.uk,,,,
income tax rebate calculator,excluded,off-niche:refund/expat-employment,50,11,taxd.co.uk,,,,
income tax refund calculator,excluded,off-niche:refund/expat-employment,50,14,taxd.co.uk,,,,
income wage calculator,excluded,off-niche:salary/employment,50,44,taxd.co.uk,,,,
indeed tax calculator,excluded,off-niche:general-tax-calc (no property qualifier),50,46,taxd.co.uk,,,,
inheritance tax calculator scotland,excluded,off-niche:general-accountancy-calc,50,38,ukpropertyaccountants.co.uk,,,,
inheritance tax threshold uk calculator,excluded,off-niche:general-accountancy-calc,50,33,ukpropertyaccountants.co.uk,,,,
inheritance tax when second parent dies uk calculator,excluded,off-niche:general-accountancy-calc,50,20,cruseburke.co.uk,,,,
inland revenue stamp duty calculator,already-covered,"sdlt-cluster (deployed 08-18, window armed)",50,35,optimiseaccountants.co.uk,,,,
interest only calculator home loan,excluded,"generic-mortgage: bank/MSE-owned, no landlord intent",50,20,uklandlordtax.co.uk,,,,
interest only home loan calculator,excluded,"generic-mortgage: bank/MSE-owned, no landlord intent",50,25,uklandlordtax.co.uk,,,,
interest only home loans calculator,excluded,"generic-mortgage: bank/MSE-owned, no landlord intent",50,18,uklandlordtax.co.uk,,,,
interest only home mortgage calculator,excluded,"generic-mortgage: bank/MSE-owned, no landlord intent",50,20,uklandlordtax.co.uk,,,,
interest only mortgage loan calculator,excluded,"generic-mortgage: bank/MSE-owned, no landlord intent",50,19,uklandlordtax.co.uk,,,,
interest-only home loan calculator,excluded,"generic-mortgage: bank/MSE-owned, no landlord intent",50,22,uklandlordtax.co.uk,,,,
jersey stamp duty calculator,already-covered,"sdlt-cluster (deployed 08-18, window armed)",50,63,uklandlordtax.co.uk,,,,
job tax calculator,excluded,off-niche:general-tax-calc (no property qualifier),50,10,taxd.co.uk,,,,
landlord calculator uk,assigned,calculators/buy-to-let-mortgage-calculator,50,14,taxd.co.uk,,,,
landlord income tax calculator,assigned,calculators/buy-to-let-mortgage-calculator,50,9,taxd.co.uk,1,0,,
landlord mortgage calculator,assigned,calculators/buy-to-let-mortgage-calculator,50,2,uklandlordtax.co.uk,,,,
landlord mortgage calculator uk,assigned,calculators/buy-to-let-mortgage-calculator,50,1,uklandlordtax.co.uk,1,0,,
leave uk tax refund calculator,excluded,off-niche:refund/expat-employment,50,4,taxd.co.uk,,,,
leaving the uk tax back calculator,excluded,off-niche:refund/expat-employment,50,7,taxd.co.uk,,,,
leaving the uk tax refund calculator,excluded,off-niche:refund/expat-employment,50,6,taxd.co.uk,,,,
leaving uk tax back calculator,excluded,off-niche:refund/expat-employment,50,6,taxd.co.uk,,,,
leaving uk tax rebate calculator,excluded,off-niche:refund/expat-employment,50,7,taxd.co.uk,,,,
leaving uk tax refund calculator,excluded,off-niche:refund/expat-employment,50,5,taxd.co.uk,,,,
legal fees calculator,excluded,off-niche:long-tail (class-reviewed pass 3),50,91,uklandlordtax.co.uk,,,,
let property campaign 7 year calculator,excluded,off-niche:long-tail (class-reviewed pass 3),50,3,ukpropertyaccountants.co.uk,,,,
martin lewis net pay calculator,excluded,off-niche:salary/employment,50,9,taxd.co.uk,,,,
mileage allowance relief calculator,deferred,trade-site:mileage,50,15,ukpropertyaccountants.co.uk,,,,
mileage tax relief calculator,deferred,trade-site:mileage,50,15,ukpropertyaccountants.co.uk,,,,
money income calculator,excluded,off-niche:salary/employment,50,28,taxd.co.uk,,,,
moneysupermarket salary calculator,excluded,off-niche:salary/employment,50,28,taxd.co.uk,,,,
monthly net salary calculator uk,excluded,off-niche:salary/employment,50,32,taxd.co.uk,,,,
monthly take home pay calculator scotland,excluded,off-niche:salary/employment,50,29,taxd.co.uk,,,,
monthly take-home pay calculator scotland,excluded,off-niche:salary/employment,50,28,taxd.co.uk,,,,
monthly wage after tax calculator,excluded,off-niche:salary/employment,50,40,taxd.co.uk,,,,
mortgage and tax calculator,excluded,"generic-mortgage: bank/MSE-owned, no landlord intent",50,15,uklandlordtax.co.uk,,,,
mortgage and taxes calculator,excluded,"generic-mortgage: bank/MSE-owned, no landlord intent",50,4,uklandlordtax.co.uk,,,,
mortgage calculator and taxes,excluded,"generic-mortgage: bank/MSE-owned, no landlord intent",50,10,uklandlordtax.co.uk,,,,
mortgage calculator interest vs principal,excluded,"generic-mortgage: bank/MSE-owned, no landlord intent",50,62,uklandlordtax.co.uk,,,,
mortgage calculator with property tax,excluded,"generic-mortgage: bank/MSE-owned, no landlord intent",50,15,uklandlordtax.co.uk,,,,
mortgage calculator with property taxes,excluded,"generic-mortgage: bank/MSE-owned, no landlord intent",50,15,uklandlordtax.co.uk,,,,
mortgage calculator with taxes,excluded,"generic-mortgage: bank/MSE-owned, no landlord intent",50,2,uklandlordtax.co.uk,,,,
mortgage interest only loan calculator,excluded,"generic-mortgage: bank/MSE-owned, no landlord intent",50,17,uklandlordtax.co.uk,,,,
mortgage interest tax relief calculator uk,excluded,"generic-mortgage: bank/MSE-owned, no landlord intent",50,7,uklandlordtax.co.uk,14,0,,
mortgage loan calculator with taxes,excluded,"generic-mortgage: bank/MSE-owned, no landlord intent",50,17,uklandlordtax.co.uk,,,,
mortgage loan payment calculator,excluded,"generic-mortgage: bank/MSE-owned, no landlord intent",50,67,ukpropertyaccountants.co.uk,,,,
mortgage payment calculator with taxes,excluded,"generic-mortgage: bank/MSE-owned, no landlord intent",50,6,uklandlordtax.co.uk,,,,
mortgage payment interest only calculator,excluded,"generic-mortgage: bank/MSE-owned, no landlord intent",50,23,uklandlordtax.co.uk,,,,
mortgage repayment calculator online,excluded,"generic-mortgage: bank/MSE-owned, no landlord intent",50,67,ukpropertyaccountants.co.uk,,,,
mortgage tax calculator,excluded,"generic-mortgage: bank/MSE-owned, no landlord intent",50,15,uklandlordtax.co.uk,,,,
mortgage taxes calculator,excluded,"generic-mortgage: bank/MSE-owned, no landlord intent",50,3,uklandlordtax.co.uk,,,,
mortgage with taxes calculator,excluded,"generic-mortgage: bank/MSE-owned, no landlord intent",50,18,uklandlordtax.co.uk,,,,
mse after tax calculator,excluded,off-niche:salary/employment,50,37,taxd.co.uk,,,,
mse net pay calculator,excluded,off-niche:salary/employment,50,26,taxd.co.uk,,,,
multiple job tax calculator,excluded,off-niche:general-tax-calc (no property qualifier),50,11,taxd.co.uk,,,,
my salary tax calculator,excluded,off-niche:salary/employment,50,37,taxd.co.uk,,,,
nanny tax calculator uk,excluded,off-niche:general-tax-calc (no property qualifier),50,26,cruseburke.co.uk,,,,
nanny tax uk calculator,excluded,off-niche:salary/employment,50,24,cruseburke.co.uk,,,,
national insurance calculator 25 26,excluded,off-niche:general-accountancy-calc,50,28,ukpropertyaccountants.co.uk,,,,
national insurance calculator 25/26,excluded,off-niche:general-accountancy-calc,50,43,taxd.co.uk,,,,
national insurance calculator scotland,excluded,off-niche:general-accountancy-calc,50,20,ukpropertyaccountants.co.uk,,,,
national insurance on rental income calculator,excluded,off-niche:general-accountancy-calc,50,9,ukpropertyaccountants.co.uk,,,,
national insurance rates calculator,excluded,off-niche:general-accountancy-calc,50,26,ukpropertyaccountants.co.uk,,,,
nest pension tax relief calculator,excluded,off-niche:general-accountancy-calc,50,53,cruseburke.co.uk,,,,
net home pay calculator,excluded,off-niche:salary/employment,50,8,taxd.co.uk,,,,
net home salary calculator,excluded,off-niche:salary/employment,50,30,taxd.co.uk,,,,
net monthly pay calculator,excluded,off-niche:salary/employment,50,10,taxd.co.uk,,,,
net monthly salary calculator,excluded,off-niche:salary/employment,50,28,taxd.co.uk,,,,
net monthly salary calculator uk,excluded,off-niche:salary/employment,50,20,taxd.co.uk,,,,
net vs gross calculator,excluded,off-niche:salary/employment,50,61,taxd.co.uk,,,,
ni employee calculator,excluded,off-niche:long-tail (class-reviewed pass 3),50,26,ukpropertyaccountants.co.uk,,,,
non uk resident stamp duty calculator,already-covered,"sdlt-cluster (deployed 08-18, window armed)",50,14,uklandlordtax.co.uk,,,,
occupational rent calculator,assigned,calculators/rental-income-tax-calculator,50,61,uklandlordtax.co.uk,,,,
one off payment tax calculator,excluded,off-niche:general-tax-calc (no property qualifier),50,10,taxd.co.uk,,,,
one-off payment tax calculator,excluded,off-niche:general-tax-calc (no property qualifier),50,13,taxd.co.uk,,,,
pa calculator,excluded,off-niche:long-tail (class-reviewed pass 3),50,60,taxd.co.uk,,,,
park home loan calculator uk,excluded,"generic-mortgage: bank/MSE-owned, no landlord intent",50,53,uklandlordtax.co.uk,,,,
paye calculator money saving expert,excluded,off-niche:salary/employment,50,39,taxd.co.uk,,,,
paye deduction calculator,excluded,off-niche:salary/employment,50,59,taxd.co.uk,,,,
paye tax back calculator,excluded,off-niche:salary/employment,50,22,taxd.co.uk,,,,
paye tax rebate calculator,excluded,off-niche:salary/employment,50,10,taxd.co.uk,,,,
paye vs self employed calculator,excluded,off-niche:salary/employment,50,54,taxd.co.uk,,,,
payroll calculator with deductions,excluded,off-niche:salary/employment,50,60,taxd.co.uk,,,,
pension contribution higher rate tax relief calculator,excluded,off-niche:general-accountancy-calc,50,39,cruseburke.co.uk,,,,
police take home pay calculator,excluded,off-niche:salary/employment,50,21,taxd.co.uk,,,,
ppr relief calculator,excluded,off-niche:long-tail (class-reviewed pass 3),50,1,ukpropertyaccountants.co.uk,1,0,,
pro rata rent calculator uk,assigned,calculators/rental-income-tax-calculator,50,21,landlordstudio.com,,,,
property income tax calculator uk,assigned,calculators/rental-income-tax-calculator,50,13,taxd.co.uk,,,,
property rental roi calculator,assigned,calculators/buy-to-let-cashflow-calculator,50,13,landlordstudio.com,,,,
prorate calculator,excluded,off-niche:long-tail (class-reviewed pass 3),50,5,landlordstudio.com,,,,
proration calculator,excluded,off-niche:long-tail (class-reviewed pass 3),50,2,landlordstudio.com,,,,
pub gp calculator,excluded,off-niche:personal/other,50,59,cruseburke.co.uk,,,,
pub gross profit calculator,excluded,off-niche:salary/employment,50,70,cruseburke.co.uk,,,,
real estate yield calculation,assigned,calculators/rental-yield-calculator,50,16,landlordstudio.com,,,,
real estate yield calculator,assigned,calculators/rental-yield-calculator,50,10,landlordstudio.com,,,,
refund income tax calculator,excluded,off-niche:salary/employment,50,31,taxd.co.uk,,,,
rent and income calculator,excluded,off-niche:salary/employment,50,49,taxd.co.uk,,,,
rent calculator for income,assigned,calculators/rental-income-tax-calculator,50,43,taxd.co.uk,,,,
rent payment calculator,excluded,off-niche:long-tail (class-reviewed pass 3),50,58,landlordstudio.com,,,,
rent to buy calculator,excluded,off-niche:long-tail (class-reviewed pass 3),50,27,uklandlordtax.co.uk,,,,
rent to buy mortgage calculator,excluded,"generic-mortgage: bank/MSE-owned, no landlord intent",50,3,uklandlordtax.co.uk,,,,
rental property income tax calculator,assigned,calculators/rental-income-tax-calculator,50,9,taxd.co.uk,,,,
rental return calculator investment property,excluded,off-niche:long-tail (class-reviewed pass 3),50,13,landlordstudio.com,,,,
repayment mortgage calculator hsbc,excluded,"generic-mortgage: bank/MSE-owned, no landlord intent",50,48,ukpropertyaccountants.co.uk,,,,
retirement interest only mortgage calculator uk,excluded,"generic-mortgage: bank/MSE-owned, no landlord intent",50,53,uklandlordtax.co.uk,,,,
rift tax refund calculator,excluded,off-niche:refund/expat-employment,50,4,taxd.co.uk,,,,
roi mortgage calculator,assigned,calculators/buy-to-let-cashflow-calculator,50,37,uklandlordtax.co.uk,,,,
salary and bonus tax calculator,excluded,off-niche:salary/employment,50,4,taxd.co.uk,,,,
salary and commission calculator,excluded,off-niche:salary/employment,50,32,taxd.co.uk,,,,
salary calculator commission,excluded,off-niche:salary/employment,50,38,taxd.co.uk,,,,
salary calculator deductions,excluded,off-niche:salary/employment,50,42,taxd.co.uk,,,,
salary calculator moneysupermarket,excluded,off-niche:salary/employment,50,32,taxd.co.uk,,,,
salary calculator tax deductions,excluded,off-niche:salary/employment,50,25,taxd.co.uk,,,,
salary calculator uk hmrc,excluded,off-niche:salary/employment,50,19,ukpropertyaccountants.co.uk,,,,
salary calculator with commission,excluded,off-niche:salary/employment,50,13,taxd.co.uk,,,,
salary calculator with deductions,excluded,off-niche:salary/employment,50,28,taxd.co.uk,,,,
salary calculator with tax deductions,excluded,off-niche:salary/employment,50,9,taxd.co.uk,,,,
salary gross income calculator,excluded,off-niche:salary/employment,50,32,taxd.co.uk,,,,
salary tax deduction calculator,excluded,off-niche:salary/employment,50,24,ukpropertyaccountants.co.uk,,,,
salary tax deductions calculator,excluded,off-niche:salary/employment,50,25,ukpropertyaccountants.co.uk,,,,
salary taxes calculator uk,excluded,off-niche:salary/employment,50,31,ukpropertyaccountants.co.uk,,,,
salary withholding calculator,excluded,off-niche:salary/employment,50,20,taxd.co.uk,,,,
savills sdlt calculator,already-covered,"sdlt-cluster (deployed 08-18, window armed)",50,21,uklandlordtax.co.uk,,,,
sdlt calculator england,already-covered,"sdlt-cluster (deployed 08-18, window armed)",50,26,uklandlordtax.co.uk,,,,
sdlt calculator limited company,already-covered,"sdlt-cluster (deployed 08-18, window armed)",50,10,optimiseaccountants.co.uk,,,,
sdlt calculator wales,already-covered,"sdlt-cluster (deployed 08-18, window armed)",50,14,uklandlordtax.co.uk,,,,
second home purchase calculator,excluded,off-niche:long-tail (class-reviewed pass 3),50,18,uklandlordtax.co.uk,,,,
self assessment calculator 24 25,excluded,off-niche:general-accountancy-calc,50,69,taxd.co.uk,,,,
self employed delivery driver tax calculator,excluded,off-niche:general-accountancy-calc,50,4,taxd.co.uk,,,,
self employment tax calculator uk gov,excluded,off-niche:general-accountancy-calc,50,39,optimiseaccountants.co.uk,,,,
self-employed delivery driver tax calculator,excluded,off-niche:general-accountancy-calc,50,6,taxd.co.uk,,,,
self-employed net income calculator,excluded,off-niche:salary/employment,50,46,cruseburke.co.uk,,,,
self-employment tax calculator uk gov,excluded,off-niche:general-accountancy-calc,50,31,optimiseaccountants.co.uk,,,,
shares tax calculator,excluded,off-niche:general-tax-calc (no property qualifier),50,8,taxd.co.uk,,,,
sharesave capital gains tax calculator,already-covered,"cgt-cluster (batch cgt1, deploy parked)",50,15,taxd.co.uk,,,,
short term mortgage calculator,excluded,"generic-mortgage: bank/MSE-owned, no landlord intent",50,49,uklandlordtax.co.uk,,,,
sipp calculator tax relief,excluded,off-niche:general-tax-calc (no property qualifier),50,31,cruseburke.co.uk,,,,
spv stamp duty calculator,already-covered,"sdlt-cluster (deployed 08-18, window armed)",50,11,provestor.co.uk,,,,
staircasing stamp duty calculator,already-covered,"sdlt-cluster (deployed 08-18, window armed)",50,52,uklandlordtax.co.uk,,,,
stamp duty 2026 calculator,already-covered,"sdlt-cluster (deployed 08-18, window armed)",50,30,ukpropertyaccountants.co.uk,,,,
stamp duty calculator 2022,already-covered,"sdlt-cluster (deployed 08-18, window armed)",50,32,uklandlordtax.co.uk,,,,
stamp duty calculator 2023,already-covered,"sdlt-cluster (deployed 08-18, window armed)",50,1,uklandlordtax.co.uk,,,,
stamp duty calculator after march 2025,already-covered,"sdlt-cluster (deployed 08-18, window armed)",50,14,uklandlordtax.co.uk,,,,
stamp duty calculator birmingham,already-covered,"sdlt-cluster (deployed 08-18, window armed)",50,35,uklandlordtax.co.uk,,,,
stamp duty calculator inland revenue,already-covered,"sdlt-cluster (deployed 08-18, window armed)",50,31,uklandlordtax.co.uk,,,,
stamp duty calculator jersey,already-covered,"sdlt-cluster (deployed 08-18, window armed)",50,50,uklandlordtax.co.uk,,,,
stamp duty calculator uk buy to let,already-covered,"sdlt-cluster (deployed 08-18, window armed)",50,2,uklandlordtax.co.uk,,,,
stamp duty calculator uk buy-to-let,already-covered,"sdlt-cluster (deployed 08-18, window armed)",50,2,uklandlordtax.co.uk,,,,
stamp duty calculator zoopla,already-covered,"sdlt-cluster (deployed 08-18, window armed)",50,37,uklandlordtax.co.uk,,,,
stamp duty jersey calculator,already-covered,"sdlt-cluster (deployed 08-18, window armed)",50,52,optimiseaccountants.co.uk,,,,
stdl calculator,excluded,off-niche:long-tail (class-reviewed pass 3),50,7,uklandlordtax.co.uk,,,,
take home pay after tax calculator uk,excluded,off-niche:salary/employment,50,28,taxd.co.uk,,,,
take home pay calculator 2 jobs,excluded,off-niche:salary/employment,50,26,taxd.co.uk,,,,
take home pay calculator comparison,excluded,off-niche:salary/employment,50,9,taxd.co.uk,,,,
take home pay difference calculator,excluded,off-niche:salary/employment,50,9,taxd.co.uk,,,,
take home pay teacher calculator,excluded,off-niche:salary/employment,50,31,taxd.co.uk,,,,
tax and expenses calculator,excluded,off-niche:long-tail (class-reviewed pass 3),50,29,taxd.co.uk,,,,
tax and mortgage calculator,excluded,"generic-mortgage: bank/MSE-owned, no landlord intent",50,14,uklandlordtax.co.uk,,,,
tax and national insurance calculator scotland,excluded,off-niche:general-accountancy-calc,50,31,ukpropertyaccountants.co.uk,,,,
tax calculator 2024-2025,excluded,off-niche:general-tax-calc (no property qualifier),50,86,taxd.co.uk,,,,
tax calculator expenses,excluded,off-niche:general-tax-calc (no property qualifier),50,22,taxd.co.uk,,,,
tax calculator federal,excluded,off-niche:general-tax-calc (no property qualifier),50,35,optimiseaccountants.co.uk,,,,
tax calculator how much will i owe,excluded,off-niche:general-tax-calc (no property qualifier),50,55,ukpropertyaccountants.co.uk,,,,
tax calculator mortgage,excluded,"generic-mortgage: bank/MSE-owned, no landlord intent",50,6,uklandlordtax.co.uk,,,,
tax calculator multiple jobs,excluded,off-niche:general-tax-calc (no property qualifier),50,72,taxd.co.uk,,,,
tax calculator one off payment,excluded,off-niche:general-tax-calc (no property qualifier),50,13,taxd.co.uk,,,,
tax calculator with exemptions,excluded,off-niche:general-tax-calc (no property qualifier),50,15,taxd.co.uk,,,,
tax calculator with expenses,excluded,off-niche:general-tax-calc (no property qualifier),50,32,taxd.co.uk,,,,
tax calculator withholding,excluded,off-niche:general-tax-calc (no property qualifier),50,29,taxd.co.uk,,,,
tax calculator worksmart,excluded,off-niche:general-tax-calc (no property qualifier),50,37,taxd.co.uk,,,,
tax deduction calculator for salary,excluded,off-niche:salary/employment,50,29,taxd.co.uk,,,,
tax deduction from salary calculator,excluded,off-niche:salary/employment,50,40,taxd.co.uk,,,,
tax deduction on salary calculator,excluded,off-niche:salary/employment,50,34,ukpropertyaccountants.co.uk,,,,
tax deduction salary calculator,excluded,off-niche:salary/employment,50,15,taxd.co.uk,,,,
tax exempt calculator,excluded,off-niche:long-tail (class-reviewed pass 3),50,14,taxd.co.uk,,,,
tax exemption calculator,excluded,off-niche:long-tail (class-reviewed pass 3),50,18,taxd.co.uk,,,,
tax expense calculator,excluded,off-niche:long-tail (class-reviewed pass 3),50,30,taxd.co.uk,,,,
tax liability calculator,excluded,off-niche:long-tail (class-reviewed pass 3),50,35,ukpropertyaccountants.co.uk,,,,
tax on directors dividends calculator,excluded,off-niche:general-accountancy-calc,50,54,cruseburke.co.uk,,,,
tax on my salary calculator,excluded,off-niche:salary/employment,50,36,taxd.co.uk,,,,
tax on second property uk calculator,excluded,off-niche:long-tail (class-reviewed pass 3),50,26,uklandlordtax.co.uk,,,,
tax paye calculator,excluded,off-niche:salary/employment,50,45,ukpropertyaccountants.co.uk,,,,
tax rebate calculator 2026,excluded,off-niche:refund/expat-employment,50,5,taxd.co.uk,,,,
tax rebate calculator gov,excluded,off-niche:refund/expat-employment,50,9,taxd.co.uk,,,,
tax rebate calculator paye,excluded,off-niche:salary/employment,50,53,taxd.co.uk,,,,
tax rebate paye calculator,excluded,off-niche:salary/employment,50,9,taxd.co.uk,,,,
tax refund calculator gov,excluded,off-niche:refund/expat-employment,50,16,taxd.co.uk,,,,
tax refund calculator leaving uk,excluded,off-niche:refund/expat-employment,50,5,taxd.co.uk,,,,
tax refund calculator uk gov,excluded,off-niche:refund/expat-employment,50,13,taxd.co.uk,,,,
tax refund check calculator,excluded,off-niche:refund/expat-employment,50,9,taxd.co.uk,,,,
tax refund income calculator,excluded,off-niche:refund/expat-employment,50,13,taxd.co.uk,,,,
tax refund leaving uk calculator,excluded,off-niche:refund/expat-employment,50,8,taxd.co.uk,,,,
tax refund when leaving uk calculator,excluded,off-niche:refund/expat-employment,50,6,taxd.co.uk,,,,
tax relief calculator mileage,deferred,trade-site:mileage,50,20,ukpropertyaccountants.co.uk,,,,
tax relief calculator uk,excluded,off-niche:long-tail (class-reviewed pass 3),50,22,ukpropertyaccountants.co.uk,,,,
tax relief mileage calculator,deferred,trade-site:mileage,50,16,ukpropertyaccountants.co.uk,,,,
tax relief on mileage calculator,deferred,trade-site:mileage,50,11,ukpropertyaccountants.co.uk,,,,
tax relief on pension contributions higher rate calculator,excluded,off-niche:general-accountancy-calc,50,37,cruseburke.co.uk,,,,
tax-exempt calculator,excluded,off-niche:long-tail (class-reviewed pass 3),50,15,taxd.co.uk,,,,
taxes withheld calculator,excluded,off-niche:long-tail (class-reviewed pass 3),50,81,ukpropertyaccountants.co.uk,,,,
the salary tax calculator,excluded,off-niche:salary/employment,50,35,ukpropertyaccountants.co.uk,,,,
tmw btl calculator,assigned,calculators/buy-to-let-mortgage-calculator,50,16,uklandlordtax.co.uk,,,,
two jobs income tax calculator,excluded,off-niche:salary/employment,50,10,taxd.co.uk,,,,
uber tax calculator,excluded,off-niche:general-tax-calc (no property qualifier),50,16,taxd.co.uk,,,,
uk capital gains calculator,already-covered,"cgt-cluster (batch cgt1, deploy parked)",50,18,taxd.co.uk,,,,
uk employer ni calculator,excluded,off-niche:general-accountancy-calc,50,27,ukpropertyaccountants.co.uk,,,,
uk employer tax calculator,excluded,off-niche:general-tax-calc (no property qualifier),50,47,ukpropertyaccountants.co.uk,,,,
uk employers ni calculator,excluded,off-niche:general-accountancy-calc,50,43,cruseburke.co.uk,,,,
uk income tax calculator dividends,excluded,off-niche:general-accountancy-calc,50,49,cruseburke.co.uk,,,,
uk property income tax calculator,assigned,calculators/rental-income-tax-calculator,50,14,landlordstudio.com,,,,
uk resident receiving inheritance from abroad calculator,excluded,off-niche:long-tail (class-reviewed pass 3),50,6,ukpropertyaccountants.co.uk,,,,
uk salary calculator hmrc,excluded,off-niche:salary/employment,50,19,ukpropertyaccountants.co.uk,,,,
uk stamp duty calculator 2025,already-covered,"sdlt-cluster (deployed 08-18, window armed)",50,17,uklandlordtax.co.uk,,,,
uk statutory residence test calculator,excluded,off-niche:long-tail (class-reviewed pass 3),50,3,taxd.co.uk,,,,
uk take home pay after tax calculator,excluded,off-niche:salary/employment,50,19,ukpropertyaccountants.co.uk,,,,
uk tax refund calculator leaving uk,excluded,off-niche:refund/expat-employment,50,6,taxd.co.uk,,,,
uk work tax calculator,excluded,off-niche:general-tax-calc (no property qualifier),50,25,ukpropertyaccountants.co.uk,,,,
vat calculator uk online,excluded,off-niche:vat-general,50,26,cruseburke.co.uk,,,,
vat deadline calculator,excluded,off-niche:vat-general,50,29,ukpropertyaccountants.co.uk,,,,
vat mileage calculator,deferred,trade-site:mileage,50,14,ukpropertyaccountants.co.uk,,,,
vat on mileage calculator,deferred,trade-site:mileage,50,18,ukpropertyaccountants.co.uk,,,,
vat online calculator uk,excluded,off-niche:vat-general,50,24,cruseburke.co.uk,,,,
vct tax relief calculator,excluded,off-niche:long-tail (class-reviewed pass 3),50,37,cruseburke.co.uk,,,,
wage income calculator,excluded,off-niche:salary/employment,50,35,taxd.co.uk,,,,
wages and salaries calculator,excluded,off-niche:salary/employment,50,41,taxd.co.uk,,,,
wages and salary calculator,excluded,off-niche:salary/employment,50,53,taxd.co.uk,,,,
week to month calculator rent,excluded,off-niche:long-tail (class-reviewed pass 3),50,66,landlordstudio.com,,,,
weekly take home pay calculator uk,excluded,off-niche:salary/employment,50,8,taxd.co.uk,,,,
weekly take-home pay calculator uk,excluded,off-niche:salary/employment,50,8,taxd.co.uk,,,,
welsh sdlt calculator,already-covered,"sdlt-cluster (deployed 08-18, window armed)",50,7,uklandlordtax.co.uk,,,,
what is a dividend yield in stocks,excluded,off-niche:general-accountancy-calc,50,41,cruseburke.co.uk,,,,
what is share dividend yield,excluded,off-niche:general-accountancy-calc,50,40,cruseburke.co.uk,,,,
what is tax calculator,excluded,off-niche:general-tax-calc (no property qualifier),50,40,ukpropertyaccountants.co.uk,,,,
withholding tax calculator,excluded,off-niche:general-tax-calc (no property qualifier),50,42,taxd.co.uk,,,,
work out rental yield calculator,assigned,calculators/rental-yield-calculator,50,11,landlordstudio.com,,,,
work out term time only pay calculator,excluded,off-niche:salary/employment,50,58,taxd.co.uk,,,,
work out yield on rental property,assigned,calculators/rental-yield-calculator,50,16,landlordstudio.com,,,,
working from home calculator,excluded,off-niche:long-tail (class-reviewed pass 3),50,83,taxd.co.uk,,,,
working out rental yield calculator,assigned,calculators/rental-yield-calculator,50,8,landlordstudio.com,,,,
working out yield on rental property,assigned,calculators/rental-yield-calculator,50,14,landlordstudio.com,,,,
working tax calculator uk,excluded,off-niche:general-tax-calc (no property qualifier),50,44,taxd.co.uk,,,,
worksmart tax calculator,excluded,off-niche:general-tax-calc (no property qualifier),50,40,ukpropertyaccountants.co.uk,,,,
yearly salary after tax calculator,excluded,off-niche:salary/employment,50,31,taxd.co.uk,,,,
yearly salary after taxes calculator,excluded,off-niche:salary/employment,50,32,taxd.co.uk,,,,
yearly take home pay calculator,excluded,off-niche:salary/employment,50,6,taxd.co.uk,,,,
yearly take-home pay calculator,excluded,off-niche:salary/employment,50,6,taxd.co.uk,,,,
yield calculator real estate,assigned,calculators/rental-yield-calculator,50,10,landlordstudio.com,,,,
zoopla stamp duty calculator,already-covered,"sdlt-cluster (deployed 08-18, window armed)",50,35,uklandlordtax.co.uk,,,,
calculator mortgage payment with insurance and taxes,excluded,"generic-mortgage: bank/MSE-owned, no landlord intent",40,94,ukpropertyaccountants.co.uk,,,,
home loan mortgage calculator with taxes and insurance,excluded,"generic-mortgage: bank/MSE-owned, no landlord intent",40,29,uklandlordtax.co.uk,,,,
house payment calculator with taxes and insurance,excluded,off-niche:long-tail (class-reviewed pass 3),40,51,uklandlordtax.co.uk,,,,
interest only mortgage rate calculator,excluded,"generic-mortgage: bank/MSE-owned, no landlord intent",40,32,uklandlordtax.co.uk,,,,
landlord stamp duty calculator,already-covered,"sdlt-cluster (deployed 08-18, window armed)",40,1,uklandlordtax.co.uk,,,,
loan to value auto calculator,assigned,calculators/buy-to-let-mortgage-calculator,40,28,ukpropertyaccountants.co.uk,,,,
loan to value calculator auto,assigned,calculators/buy-to-let-mortgage-calculator,40,36,ukpropertyaccountants.co.uk,,,,
loan to value car calculator,assigned,calculators/buy-to-let-mortgage-calculator,40,40,ukpropertyaccountants.co.uk,,,,
lr calculator,excluded,off-niche:long-tail (class-reviewed pass 3),40,45,ukpropertyaccountants.co.uk,,,,
ltv calculator car,assigned,calculators/buy-to-let-mortgage-calculator,40,39,ukpropertyaccountants.co.uk,,,,
ltv car calculator,assigned,calculators/buy-to-let-mortgage-calculator,40,25,ukpropertyaccountants.co.uk,,,,
money calculator tax,excluded,off-niche:general-tax-calc (no property qualifier),40,41,taxd.co.uk,,,,
money calculator with tax,excluded,off-niche:long-tail (class-reviewed pass 3),40,53,taxd.co.uk,,,,
money with tax calculator,excluded,off-niche:general-tax-calc (no property qualifier),40,83,taxd.co.uk,,,,
monthly mortgage calculator with taxes and insurance,excluded,"generic-mortgage: bank/MSE-owned, no landlord intent",40,28,uklandlordtax.co.uk,,,,
mortgage calculator monthly payment with taxes and insurance,excluded,"generic-mortgage: bank/MSE-owned, no landlord intent",40,65,uklandlordtax.co.uk,,,,
mortgage calculator with taxes and insurance,excluded,"generic-mortgage: bank/MSE-owned, no landlord intent",40,32,uklandlordtax.co.uk,,,,
mortgage calculator with taxes insurance,excluded,"generic-mortgage: bank/MSE-owned, no landlord intent",40,42,uklandlordtax.co.uk,,,,
mortgage loan calculator with taxes and insurance,excluded,"generic-mortgage: bank/MSE-owned, no landlord intent",40,50,uklandlordtax.co.uk,,,,
mortgage payment calculator including taxes and insurance,excluded,"generic-mortgage: bank/MSE-owned, no landlord intent",40,83,ukpropertyaccountants.co.uk,,,,
mortgage payment calculator with taxes and insurance,excluded,"generic-mortgage: bank/MSE-owned, no landlord intent",40,59,uklandlordtax.co.uk,,,,
mortgage property tax insurance calculator,excluded,"generic-mortgage: bank/MSE-owned, no landlord intent",40,20,uklandlordtax.co.uk,,,,
mortgage rate calculator interest only,excluded,"generic-mortgage: bank/MSE-owned, no landlord intent",40,21,uklandlordtax.co.uk,,,,
mortgage taxes and insurance calculator,excluded,"generic-mortgage: bank/MSE-owned, no landlord intent",40,32,uklandlordtax.co.uk,,,,
mortgage with insurance and taxes calculator,excluded,"generic-mortgage: bank/MSE-owned, no landlord intent",40,32,uklandlordtax.co.uk,,,,
national insurance calculator employer,excluded,off-niche:general-accountancy-calc,40,35,ukpropertyaccountants.co.uk,,,,
net yearly income calculator,excluded,off-niche:salary/employment,40,51,taxd.co.uk,,,,
nutmeg tax calculator,excluded,off-niche:general-tax-calc (no property qualifier),40,36,taxd.co.uk,,,,
p800 calculator,excluded,off-niche:refund/expat-employment,40,30,taxd.co.uk,,,,
paye calculator 2024/25,excluded,off-niche:salary/employment,40,89,taxd.co.uk,,,,
payment calculator mortgage with taxes and insurance,excluded,"generic-mortgage: bank/MSE-owned, no landlord intent",40,93,uklandlordtax.co.uk,,,,
property management fees calculator uk,excluded,off-niche:long-tail (class-reviewed pass 3),40,54,landlordstudio.com,,,,
purchase calculator with taxes,excluded,off-niche:long-tail (class-reviewed pass 3),40,14,provestor.co.uk,,,,
purchase tax calculator,excluded,off-niche:general-tax-calc (no property qualifier),40,11,uklandlordtax.co.uk,,,,
rent per month calculator,excluded,off-niche:long-tail (class-reviewed pass 3),40,74,landlordstudio.com,,,,
rent valuation calculator,assigned,blog:free-rental-valuation (existing),40,53,taxd.co.uk,,,,
salary calculator before tax,excluded,off-niche:salary/employment,40,52,ukpropertyaccountants.co.uk,,,,
salary calculator before taxes,excluded,off-niche:salary/employment,40,46,taxd.co.uk,,,,
salary or dividend calculator,excluded,off-niche:salary/employment,40,80,ukpropertyaccountants.co.uk,,,,
salary or dividends calculator,excluded,off-niche:salary/employment,40,60,ukpropertyaccountants.co.uk,,,,
salary tax calculator gibraltar,excluded,off-niche:salary/employment,40,14,ukpropertyaccountants.co.uk,,,,
santander buy to let mortgage calculator,assigned,calculators/buy-to-let-mortgage-calculator,40,47,uklandlordtax.co.uk,,,,
sdlt calculator shared ownership,already-covered,"sdlt-cluster (deployed 08-18, window armed)",40,23,uklandlordtax.co.uk,,,,
sdlt wales calculator,already-covered,"sdlt-cluster (deployed 08-18, window armed)",40,14,uklandlordtax.co.uk,,,,
second home council tax wales calculator,excluded,off-niche:local-tax-generic,40,34,ukpropertyaccountants.co.uk,,,,
second home stamp duty calculator scotland,already-covered,"sdlt-cluster (deployed 08-18, window armed)",40,62,ukpropertyaccountants.co.uk,,,,
second income tax calculator,excluded,off-niche:salary/employment,40,6,taxd.co.uk,,,,
second job national insurance calculator,excluded,off-niche:general-accountancy-calc,40,40,ukpropertyaccountants.co.uk,,,,
secondary income tax calculator,excluded,off-niche:salary/employment,40,7,taxd.co.uk,,,,
shared ownership sdlt calculator,already-covered,"sdlt-cluster (deployed 08-18, window armed)",40,50,uklandlordtax.co.uk,,,,
simple inheritance tax calculator,excluded,off-niche:general-accountancy-calc,40,39,optimiseaccountants.co.uk,,,,
small business tax calculator uk,excluded,off-niche:general-tax-calc (no property qualifier),40,59,taxd.co.uk,,,,
spanish property purchase tax calculator,excluded,off-niche:general-tax-calc (no property qualifier),40,50,ukpropertyaccountants.co.uk,,,,
spanish property tax calculator,excluded,off-niche:general-tax-calc (no property qualifier),40,44,ukpropertyaccountants.co.uk,,,,
stamp duty calculator excel,already-covered,"sdlt-cluster (deployed 08-18, window armed)",40,20,uklandlordtax.co.uk,,,,
stamp duty calculator landlord,already-covered,"sdlt-cluster (deployed 08-18, window armed)",40,1,uklandlordtax.co.uk,,,,
stamp duty calculator near london,already-covered,"sdlt-cluster (deployed 08-18, window armed)",40,42,uklandlordtax.co.uk,,,,
stamp duty calculator scotland second home,already-covered,"sdlt-cluster (deployed 08-18, window armed)",40,33,ukpropertyaccountants.co.uk,,,,
stamp duty excel calculator,already-covered,"sdlt-cluster (deployed 08-18, window armed)",40,31,uklandlordtax.co.uk,,,,
stamp duty scotland second home calculator,already-covered,"sdlt-cluster (deployed 08-18, window armed)",40,47,ukpropertyaccountants.co.uk,,,,
stamp duty value calculator,already-covered,"sdlt-cluster (deployed 08-18, window armed)",40,29,uklandlordtax.co.uk,,,,
take home pay calculator edinburgh,excluded,off-niche:salary/employment,40,34,taxd.co.uk,,,,
take home pay calculator england,excluded,off-niche:salary/employment,40,5,taxd.co.uk,,,,
take home pay calculator uk gov,excluded,off-niche:salary/employment,40,15,taxd.co.uk,,,,
take-home pay calculator england,excluded,off-niche:salary/employment,40,7,taxd.co.uk,,,,
tax allowance calculator,excluded,off-niche:long-tail (class-reviewed pass 3),40,52,ukpropertyaccountants.co.uk,,,,
tax allowances calculator,excluded,off-niche:long-tail (class-reviewed pass 3),40,54,taxd.co.uk,,,,
tax calculator 2023-24,excluded,off-niche:general-tax-calc (no property qualifier),40,101,taxd.co.uk,,,,
tax calculator buy to let,excluded,off-niche:general-tax-calc (no property qualifier),40,8,landlordstudio.com,1,0,,
tax calculator commission,excluded,off-niche:general-tax-calc (no property qualifier),40,39,taxd.co.uk,,,,
tax calculator for buy to let,excluded,off-niche:general-tax-calc (no property qualifier),40,8,landlordstudio.com,3,0,,
tax calculator irs,excluded,off-niche:general-tax-calc (no property qualifier),40,19,optimiseaccountants.co.uk,,,,
tax calculator money,excluded,off-niche:general-tax-calc (no property qualifier),40,42,taxd.co.uk,,,,
tax calculator uk 2024/25,excluded,off-niche:general-tax-calc (no property qualifier),40,76,taxd.co.uk,,,,
tax calculator with allowances,excluded,off-niche:general-tax-calc (no property qualifier),40,28,ukpropertyaccountants.co.uk,,,,
tax calculator with commission,excluded,off-niche:general-tax-calc (no property qualifier),40,20,taxd.co.uk,,,,
tax irs calculator,excluded,off-niche:long-tail (class-reviewed pass 3),40,16,optimiseaccountants.co.uk,,,,
tax money calculator,excluded,off-niche:long-tail (class-reviewed pass 3),40,28,taxd.co.uk,,,,
tax on commission calculator,excluded,off-niche:long-tail (class-reviewed pass 3),40,30,taxd.co.uk,,,,
tax on selling a business uk calculator,excluded,off-niche:long-tail (class-reviewed pass 3),40,20,provestor.co.uk,,,,
uk car allowance tax calculator,excluded,off-niche:general-tax-calc (no property qualifier),40,49,taxd.co.uk,,,,
us federal tax calculator,excluded,off-niche:general-tax-calc (no property qualifier),40,19,optimiseaccountants.co.uk,,,,
vehicle loan to value calculator,assigned,calculators/buy-to-let-mortgage-calculator,40,43,ukpropertyaccountants.co.uk,,,,
worldwide disclosure facility penalty calculator,excluded,off-niche:long-tail (class-reviewed pass 3),40,3,ukpropertyaccountants.co.uk,,,,
natwest buy to let rental calculator,assigned,calculators/buy-to-let-mortgage-calculator,30,32,uklandlordtax.co.uk,,,,
old stamp duty calculator,already-covered,"sdlt-cluster (deployed 08-18, window armed)",30,21,uklandlordtax.co.uk,,,,
rental deposit calculator uk,excluded,off-niche:long-tail (class-reviewed pass 3),30,66,landlordstudio.com,,,,
rental yield commercial property,assigned,calculators/rental-yield-calculator,30,95,provestor.co.uk,,,,
rental yield for commercial property,assigned,calculators/rental-yield-calculator,30,106,provestor.co.uk,,,,
return on investment calculator buy to let,assigned,calculators/buy-to-let-cashflow-calculator,30,21,uklandlordtax.co.uk,,,,
sdlt second home calculator,already-covered,"sdlt-cluster (deployed 08-18, window armed)",30,26,uklandlordtax.co.uk,,,,
self employed tax calculator gov,excluded,off-niche:general-accountancy-calc,30,42,optimiseaccountants.co.uk,,,,
self-employed tax calculator gov,excluded,off-niche:general-accountancy-calc,30,42,optimiseaccountants.co.uk,,,,
stamp duty 2024 calculator,already-covered,"sdlt-cluster (deployed 08-18, window armed)",30,25,uklandlordtax.co.uk,,,,
stamp duty wales 2025 calculator,already-covered,"sdlt-cluster (deployed 08-18, window armed)",30,28,uklandlordtax.co.uk,,,,
take home pay calculator 24/25,excluded,off-niche:salary/employment,30,51,taxd.co.uk,,,,
uk capital gains tax on sale of french property calculator,already-covered,"cgt-cluster (batch cgt1, deploy parked)",30,6,uklandlordtax.co.uk,,,,
national insurance increase calculator,excluded,off-niche:general-accountancy-calc,20,52,ukpropertyaccountants.co.uk,,,,
national.insurance increase calculator,excluded,off-niche:long-tail (class-reviewed pass 3),20,54,ukpropertyaccountants.co.uk,,,,
rent deposit calculator uk,excluded,off-niche:long-tail (class-reviewed pass 3),20,66,landlordstudio.com,,,,
stamp duty calculator 2025 first time buyers,already-covered,"sdlt-cluster (deployed 08-18, window armed)",20,37,uklandlordtax.co.uk,,,,
stamp duty calculator before april 2025,already-covered,"sdlt-cluster (deployed 08-18, window armed)",20,52,uklandlordtax.co.uk,,,,
stamp duty calculator buy to let 2025,already-covered,"sdlt-cluster (deployed 08-18, window armed)",20,2,uklandlordtax.co.uk,,,,
stamp duty first time buyers 2025 calculator,already-covered,"sdlt-cluster (deployed 08-18, window armed)",20,28,uklandlordtax.co.uk,,,,
tax rebate calculator for uniform,excluded,off-niche:refund/expat-employment,20,53,taxd.co.uk,,,,
tax rebate calculator uniform,excluded,off-niche:refund/expat-employment,20,74,cruseburke.co.uk,,,,
tax rebate on uniform calculator,excluded,off-niche:refund/expat-employment,20,76,cruseburke.co.uk,,,,
work smart tax calculator,excluded,off-niche:general-tax-calc (no property qualifier),20,86,taxd.co.uk,,,,
maximum pension contributions calculator,excluded,off-niche:general-accountancy-calc,10,62,cruseburke.co.uk,,,,
new stamp duty calculator 2025,already-covered,"sdlt-cluster (deployed 08-18, window armed)",10,20,uklandlordtax.co.uk,,,,
tax rebate calculator 23/24,excluded,off-niche:refund/expat-employment,10,6,taxd.co.uk,,,,
+lbbt tax scotland calculator,already-covered,"sdlt-cluster (deployed 08-18, window armed)",0,,,,,1,0
".4 monthly rental income: £1,675#N##N#based on average rental yields of approximately 7% for a property valued at £260,000, the monthly rental income should be around:#N##N##N##N#annual rent = £260,000 × 0.07 = £18,200, monthly = £1,517 (rounded).#N##N##N##N#however, rental yields vary significantly by region. for a one‑bedroom flat in a commuter‑accessible area of greater london or a mid‑sized city outside london, achievable rents are higher. uk investor magazine reports average rents of £1,675 per month on properties priced around £231,402, delivering yields of around 7%. therefore, a monthly rent of £1,675 is realistic for a well‑located one‑bedroom flat.#N##N##N##N#source: uk investor magazine, november 2025 – properties priced around £231,402 with rents of £1,675/month.",assigned,blog:property-investment-benchmarks-uk-2026-good-yield [EXTEND],0,,,,,1,0
21 year let property campaign calculator,excluded,off-niche:long-tail (class-reviewed pass 3),0,,,5,0,,
6% rental yields,assigned,calculators/rental-yield-calculator,0,,,,,1,0
accidental landlord tax calculator,assigned,calculators/rental-income-tax-calculator,0,,,6,0,,
ads lbtt calculator,already-covered,"sdlt-cluster (deployed 08-18, window armed)",0,,,,,8,0
ads scotland calculator,already-covered,"sdlt-cluster (deployed 08-18, window armed)",0,,,,,2,0
and transaction calculator wales,excluded,off-niche:long-tail (class-reviewed pass 3),0,,,,,2,0
annual investment allowance calculator,excluded,off-niche:long-tail (class-reviewed pass 3),0,,,19,0,,
average rental yield uk 026,assigned,blog:property-investment-benchmarks-uk-2026-good-yield [EXTEND],0,,,,,1,0
bedroom tax calculator,excluded,off-niche:general-tax-calc (no property qualifier),0,,,1,0,,
best free commercial mortgage calculator uk,assigned,calculators/commercial-mortgage-calculator,0,,,1,0,,
best locations in uk vs northern ireland for rental yield,assigned,blog:property-investment-benchmarks-uk-2026-good-yield [EXTEND],0,,,,,1,0
best rental yield uk cities 2026,assigned,blog:property-investment-benchmarks-uk-2026-good-yield [EXTEND],0,,,,,3,0
bridging loan auction property calculator,assigned,calculators/bridging-loan-calculator,0,,,1,0,,
bridging loan calculator,assigned,calculators/bridging-loan-calculator,0,,,11,0,,
bridging loan calculator martin lewis,assigned,calculators/bridging-loan-calculator,0,,,1,0,,
bridging loans calculator,assigned,calculators/bridging-loan-calculator,0,,,1,0,,
btl mortgage rental calculator,assigned,calculators/buy-to-let-mortgage-calculator,0,,,1,0,,
btl mortgages calculator,assigned,calculators/buy-to-let-mortgage-calculator,0,,,3,0,,
btl profit calculator,assigned,calculators/buy-to-let-mortgage-calculator,0,,,3,0,,
btl remortgage calculator,assigned,calculators/buy-to-let-mortgage-calculator,0,,,1,0,,
btl stamp duty calculator 2022,already-covered,"sdlt-cluster (deployed 08-18, window armed)",0,,,1,0,,
btl tax calculator section 24,assigned,calculators/buy-to-let-mortgage-calculator,0,,,7,0,,
btl yield calculator uk,assigned,calculators/buy-to-let-mortgage-calculator,0,,,1,0,,
business mortgage calculator,assigned,calculators/commercial-mortgage-calculator,0,,,59,0,,
business mortgage calculator buy to let,assigned,calculators/buy-to-let-mortgage-calculator,0,,,13,0,,
business mortgage calculators with dscr support?,assigned,calculators/commercial-mortgage-calculator,0,,,2,0,,
business mortgage loan calculator,assigned,calculators/commercial-mortgage-calculator,0,,,13,0,,
business mortgage payment calculator,assigned,calculators/commercial-mortgage-calculator,0,,,15,0,,
business mortgage rates calculator,assigned,calculators/commercial-mortgage-calculator,0,,,15,0,,
business mortgage repayment calculator,assigned,calculators/commercial-mortgage-calculator,0,,,12,0,,
business mortgages calculator,assigned,calculators/commercial-mortgage-calculator,0,,,20,0,,
business property loan calculator,excluded,"generic-mortgage: bank/MSE-owned, no landlord intent",0,,,22,0,,
business property loans calculator,excluded,"generic-mortgage: bank/MSE-owned, no landlord intent",0,,,1,0,,
business property mortgage calculator,excluded,"generic-mortgage: bank/MSE-owned, no landlord intent",0,,,3,0,,
buy to let calculator stamp duty,already-covered,"sdlt-cluster (deployed 08-18, window armed)",0,,,1,0,,
buy to let calculator tax,assigned,calculators/buy-to-let-mortgage-calculator,0,,,4,0,,
buy to let calculator yield,assigned,calculators/buy-to-let-mortgage-calculator,0,,,13,0,,
buy to let capital gains tax calculator,already-covered,"cgt-cluster (batch cgt1, deploy parked)",0,,,1,0,,
buy to let commercial mortgage calculator,assigned,calculators/buy-to-let-mortgage-calculator,0,,,13,0,,
buy to let mortgage calculator 20 deposit,assigned,calculators/buy-to-let-mortgage-calculator,0,,,4,0,,
buy to let mortgage calculator for limited company,assigned,calculators/buy-to-let-mortgage-calculator,0,,,1,0,,
buy to let mortgage deposit calculator,assigned,calculators/buy-to-let-mortgage-calculator,0,,,3,0,,
buy to let mortgage with bad credit calculator,assigned,calculators/buy-to-let-mortgage-calculator,0,,,3,0,,
buy to let mortgages calculator,assigned,calculators/buy-to-let-mortgage-calculator,0,,,11,0,,
buy to let mortgages uk calculator,assigned,calculators/buy-to-let-mortgage-calculator,0,,,1,0,,
buy to let remortgage calculator,assigned,calculators/buy-to-let-mortgage-calculator,0,,,4,0,,
buy to let rent calculator,assigned,calculators/buy-to-let-mortgage-calculator,0,,,13,0,,
buy to let rental calculator,assigned,calculators/buy-to-let-mortgage-calculator,0,,,3,0,,
buy to let rental yield calculator,assigned,calculators/buy-to-let-mortgage-calculator,0,,,6,0,,
buy to let return calculator,assigned,calculators/buy-to-let-mortgage-calculator,0,,,1,0,,
buy to let stress test calculator,assigned,calculators/buy-to-let-mortgage-calculator,0,,,1,0,,
buy to let tax calculator spreadsheet,assigned,calculators/buy-to-let-mortgage-calculator,0,,,20,0,,
buy to let tax calculator uk,assigned,calculators/buy-to-let-mortgage-calculator,0,,,8,0,,
buy-to-let mortgage calculator,assigned,calculators/buy-to-let-mortgage-calculator,0,,,1,0,,
buying a second hpouse in scotland land calculator,excluded,off-niche:long-tail (class-reviewed pass 3),0,,,,,2,0
calculate gross yield rental property,assigned,calculators/rental-yield-calculator,0,,,1,0,,
calculate net yield rental property,assigned,calculators/rental-yield-calculator,0,,,1,0,,
calculate property yield,assigned,calculators/rental-yield-calculator,0,,,7,0,,
calculate rental yield,assigned,calculators/rental-yield-calculator,0,,,8,0,,
calculate yield on rental property,assigned,calculators/rental-yield-calculator,0,,,2,0,1,0
calculator commercial mortgage,assigned,calculators/commercial-mortgage-calculator,0,,,15,0,,
calculator rental yield,assigned,calculators/rental-yield-calculator,0,,,1,0,,
can you provide a stamp duty calculator?,already-covered,"sdlt-cluster (deployed 08-18, window armed)",0,,,2,0,,
capital allowance calculator uk,excluded,off-niche:long-tail (class-reviewed pass 3),0,,,2,0,,
capital allowance tax savings calculator,excluded,off-niche:long-tail (class-reviewed pass 3),0,,,12,0,,
capital allowances calculator,excluded,off-niche:long-tail (class-reviewed pass 3),0,,,2,0,,
capital allowances on property calculator,excluded,off-niche:long-tail (class-reviewed pass 3),0,,,1,0,,
capital gains calculator selling rental home,already-covered,"cgt-cluster (batch cgt1, deploy parked)",0,,,,,1,0
capital gains on house calculator,already-covered,"cgt-cluster (batch cgt1, deploy parked)",0,,,,,2,0
capital gains on sale of property calculator,already-covered,"cgt-cluster (batch cgt1, deploy parked)",0,,,,,1,0
capital gains tax calculator property,already-covered,"cgt-cluster (batch cgt1, deploy parked)",0,,,1,0,1,0
capital gains tax calculator uk property,already-covered,"cgt-cluster (batch cgt1, deploy parked)",0,,,1,0,,
capital gains tax calculator wales,already-covered,"cgt-cluster (batch cgt1, deploy parked)",0,,,14,0,,
capital gains tax on land sale calculator,already-covered,"cgt-cluster (batch cgt1, deploy parked)",0,,,2,0,,
capital gains tax on property calculator,already-covered,"cgt-cluster (batch cgt1, deploy parked)",0,,,,,2,0
capital gains tax on rental property calculator uk,already-covered,"cgt-cluster (batch cgt1, deploy parked)",0,,,1,0,,
capital gains tax private residence relief calculator,already-covered,"cgt-cluster (batch cgt1, deploy parked)",0,,,1,0,,
cardiff uk property investment rental yield,assigned,calculators/rental-yield-calculator,0,,,,,1,0
cgt calculator 2nd property sale,already-covered,"cgt-cluster (batch cgt1, deploy parked)",0,,,,,2,0
cgt residential property calculator,already-covered,"cgt-cluster (batch cgt1, deploy parked)",0,,,,,2,0
commercial building loan calculator,excluded,"generic-mortgage: bank/MSE-owned, no landlord intent",0,,,19,0,,
commercial building mortgage calculator,excluded,"generic-mortgage: bank/MSE-owned, no landlord intent",0,,,15,0,,
commercial calculator,excluded,off-niche:long-tail (class-reviewed pass 3),0,,,15,0,,
commercial development loan calculator,assigned,calculators/development-finance-calculator,0,,,1,0,,
commercial equity loan calculator,excluded,"generic-mortgage: bank/MSE-owned, no landlord intent",0,,,12,0,,
commercial investment loan calculator,excluded,"generic-mortgage: bank/MSE-owned, no landlord intent",0,,,13,0,,
commercial land loan calculator,excluded,"generic-mortgage: bank/MSE-owned, no landlord intent",0,,,1,0,,
commercial loan calculator,excluded,"generic-mortgage: bank/MSE-owned, no landlord intent",0,,,28,0,,
commercial loan calculator uk,excluded,"generic-mortgage: bank/MSE-owned, no landlord intent",0,,,23,0,,
commercial loan mortgage calculator,excluded,"generic-mortgage: bank/MSE-owned, no landlord intent",0,,,18,0,,
commercial loan payment calculator,excluded,"generic-mortgage: bank/MSE-owned, no landlord intent",0,,,8,0,,
commercial loan qualification calculator,excluded,"generic-mortgage: bank/MSE-owned, no landlord intent",0,,,17,0,,
commercial loan rates calculator,excluded,"generic-mortgage: bank/MSE-owned, no landlord intent",0,,,12,0,,
commercial loan refinance calculator,excluded,"generic-mortgage: bank/MSE-owned, no landlord intent",0,,,7,0,,
commercial loans rates calculator,excluded,"generic-mortgage: bank/MSE-owned, no landlord intent",0,,,13,0,,
commercial mortgage affordability calculator,assigned,calculators/commercial-mortgage-calculator,0,,,14,0,,
commercial mortgage calculator,assigned,calculators/commercial-mortgage-calculator,0,,,193,0,,
commercial mortgage calculator buy to let,assigned,calculators/buy-to-let-mortgage-calculator,0,,,15,0,,
commercial mortgage calculator how much can i borrow,assigned,calculators/commercial-mortgage-calculator,0,,,17,0,,
commercial mortgage calculator interest only,assigned,calculators/commercial-mortgage-calculator,0,,,12,0,,
commercial mortgage calculator lloyds,assigned,calculators/commercial-mortgage-calculator,0,,,1,0,,
commercial mortgage calculator natwest,assigned,calculators/commercial-mortgage-calculator,0,,,2,0,,
commercial mortgage calculator online,assigned,calculators/commercial-mortgage-calculator,0,,,14,0,,
commercial mortgage calculator simple,assigned,calculators/commercial-mortgage-calculator,0,,,1,0,,
commercial mortgage calculator uk,assigned,calculators/commercial-mortgage-calculator,0,,,51,0,,
commercial mortgage calculators,assigned,calculators/commercial-mortgage-calculator,0,,,15,0,,
commercial mortgage interest calculator,assigned,calculators/commercial-mortgage-calculator,0,,,17,0,,
commercial mortgage interest only calculator,assigned,calculators/commercial-mortgage-calculator,0,,,13,0,,
commercial mortgage interest rate calculator,assigned,calculators/commercial-mortgage-calculator,0,,,16,0,,
commercial mortgage interest rates calculator,assigned,calculators/commercial-mortgage-calculator,0,,,13,0,,
commercial mortgage loan calculator,assigned,calculators/commercial-mortgage-calculator,0,,,32,0,,
commercial mortgage loans calculator,assigned,calculators/commercial-mortgage-calculator,0,,,3,0,,
commercial mortgage ltv calculator,assigned,calculators/commercial-mortgage-calculator,0,,,13,0,,
commercial mortgage monthly payment calculator,assigned,calculators/commercial-mortgage-calculator,0,,,16,0,,
commercial mortgage payment calculator,assigned,calculators/commercial-mortgage-calculator,0,,,13,0,,
commercial mortgage payments calculator,assigned,calculators/commercial-mortgage-calculator,0,,,14,0,,
commercial mortgage rate calculator,assigned,calculators/commercial-mortgage-calculator,0,,,13,0,,
commercial mortgage rates calculator,assigned,calculators/commercial-mortgage-calculator,0,,,15,0,,
commercial mortgage rates uk calculator,assigned,calculators/commercial-mortgage-calculator,0,,,18,0,,
commercial mortgage repayment calculator,assigned,calculators/commercial-mortgage-calculator,0,,,19,0,,
commercial mortgage repayment calculator uk,assigned,calculators/commercial-mortgage-calculator,0,,,15,0,,
commercial mortgage uk calculator,assigned,calculators/commercial-mortgage-calculator,0,,,17,0,,
commercial mortgages calculator,assigned,calculators/commercial-mortgage-calculator,0,,,24,0,,
commercial mortgages calculator uk,assigned,calculators/commercial-mortgage-calculator,0,,,13,0,,
commercial mortgages loan calculator,assigned,calculators/commercial-mortgage-calculator,0,,,1,0,,
commercial property finance calculator,excluded,off-niche:long-tail (class-reviewed pass 3),0,,,22,0,,
commercial property loan calculator,excluded,"generic-mortgage: bank/MSE-owned, no landlord intent",0,,,33,0,,
commercial property loan rates calculator,excluded,"generic-mortgage: bank/MSE-owned, no landlord intent",0,,,23,0,,
commercial property loan repayment calculator,excluded,"generic-mortgage: bank/MSE-owned, no landlord intent",0,,,14,0,,
commercial property loans calculator,excluded,"generic-mortgage: bank/MSE-owned, no landlord intent",0,,,17,0,,
commercial property mortgage calculator,excluded,"generic-mortgage: bank/MSE-owned, no landlord intent",0,,,45,0,,
commercial property mortgage calculator uk,excluded,"generic-mortgage: bank/MSE-owned, no landlord intent",0,,,17,0,,
commercial property mortgage payment calculator,excluded,"generic-mortgage: bank/MSE-owned, no landlord intent",0,,,1,0,,
commercial real estate calculator,excluded,off-niche:long-tail (class-reviewed pass 3),0,,,17,0,,
commercial real estate loan calculator,excluded,"generic-mortgage: bank/MSE-owned, no landlord intent",0,,,2,0,,
commercial real estate loans calculator,excluded,"generic-mortgage: bank/MSE-owned, no landlord intent",0,,,1,0,,
commercial real estate mortgage calculator,excluded,"generic-mortgage: bank/MSE-owned, no landlord intent",0,,,2,0,,
commercial refinance calculator,excluded,off-niche:long-tail (class-reviewed pass 3),0,,,16,0,,
commercial remortgage calculator,excluded,"generic-mortgage: bank/MSE-owned, no landlord intent",0,,,13,0,,
commercial rental yields 2026,assigned,calculators/rental-yield-calculator,0,,,,,1,0
commercial trust mortgage calculator,excluded,"generic-mortgage: bank/MSE-owned, no landlord intent",0,,,1,0,,
commercial yields property march 2026,assigned,calculators/rental-yield-calculator,0,,,,,1,0
commercial.mortgage calculator,excluded,"generic-mortgage: bank/MSE-owned, no landlord intent",0,,,3,0,,
construction loan calculator uk,excluded,"generic-mortgage: bank/MSE-owned, no landlord intent",0,,,1,0,,
cottish property tax calculator,excluded,off-niche:general-tax-calc (no property qualifier),0,,,,,1,0
development calculator,excluded,off-niche:long-tail (class-reviewed pass 3),0,,,2,0,,
development finance loan calculator,assigned,calculators/development-finance-calculator,0,,,1,0,,
development loan calculator,assigned,calculators/development-finance-calculator,0,,,11,0,,
development mortgage calculator,excluded,"generic-mortgage: bank/MSE-owned, no landlord intent",0,,,12,0,,
draft calculator of cgt on property,already-covered,"cgt-cluster (batch cgt1, deploy parked)",0,,,,,1,0
eris calculator,excluded,off-niche:long-tail (class-reviewed pass 3),0,,,1,0,,
fixed rate commercial mortgage calculator,assigned,calculators/commercial-mortgage-calculator,0,,,14,0,,
"for a mixed-use property, what is the standard net yield in london e1 7tb",assigned,calculators/rental-yield-calculator,0,,,,,1,0
free commercial mortgage calculator uk,assigned,calculators/commercial-mortgage-calculator,0,,,2,0,,
furnished holiday let tax calculator,assigned,blog:holiday-let pages (existing),0,,,1,0,,
gross rental yield calculator,assigned,calculators/rental-yield-calculator,0,,,1,0,,
hmo mortgage calculator,excluded,"generic-mortgage: bank/MSE-owned, no landlord intent",0,,,5,0,,
hmrc let property campaign penalty calculator,excluded,off-niche:long-tail (class-reviewed pass 3),0,,,2,0,,
hmrc r&d tax credit calculator,assigned,calculators/rd-tax-credit-calculator,0,,,2,0,,
hmrc sdlt calculator transfer of residential property from individual to company calculator,already-covered,"sdlt-cluster (deployed 08-18, window armed)",0,,,,,1,0
hmrc sdlt calculator transfer of residential property from individual to new company owner,already-covered,"sdlt-cluster (deployed 08-18, window armed)",0,,,,,1,0
holiday home rental income calculator,excluded,off-niche:salary/employment,0,,,1,0,,
holiday let profit calculator,assigned,blog:holiday-let pages (existing),0,,,4,0,,
holiday let profit calculator uk,assigned,blog:holiday-let pages (existing),0,,,3,0,,
holiday let return calculator,assigned,blog:holiday-let pages (existing),0,,,8,0,,
holiday let tax calculator,assigned,blog:holiday-let pages (existing),0,,,4,0,,
holiday let tax scotland tax calculator,assigned,blog:holiday-let pages (existing),0,,,32,0,,
holiday let yield calculator,assigned,calculators/rental-yield-calculator,0,,,3,0,,
house purchase tax calculator scotland,excluded,off-niche:general-tax-calc (no property qualifier),0,,,,,2,0
how is the gross yield calculated,assigned,calculators/rental-yield-calculator,0,,,,,1,0
how much can i borrow commercial mortgage calculator,assigned,calculators/commercial-mortgage-calculator,0,,,15,0,,
how to calculate net yield,assigned,calculators/rental-yield-calculator,0,,,,,1,0
how to calculate yield on rental property,assigned,calculators/rental-yield-calculator,0,,,,,1,0
how to calculature proprty yield,assigned,calculators/rental-yield-calculator,0,,,,,1,0
how to figure out a property yield,assigned,calculators/rental-yield-calculator,0,,,,,1,0
how to get specific property yield values for domestic,assigned,calculators/rental-yield-calculator,0,,,,,1,0
hsbc commercial mortgage calculator,assigned,calculators/commercial-mortgage-calculator,0,,,19,0,,
https://baroncabot.com/blog/good-rental-yields-in-the-uk#2_birmingham,assigned,blog:property-investment-benchmarks-uk-2026-good-yield [EXTEND],0,,,,,1,0
income tax on rental income calculator,assigned,calculators/rental-income-tax-calculator,0,,,2,0,,
interest only commercial loan calculator,excluded,"generic-mortgage: bank/MSE-owned, no landlord intent",0,,,15,0,,
is a 8.63% rental yield good,assigned,blog:property-investment-benchmarks-uk-2026-good-yield [EXTEND],0,,,,,1,0
land & building tax scotland calculator 2026,already-covered,"sdlt-cluster (deployed 08-18, window armed)",0,,,,,2,0
land and building tax calculator scotland,excluded,off-niche:general-tax-calc (no property qualifier),0,,,,,2,0
land and building tax scotland calculator,already-covered,"sdlt-cluster (deployed 08-18, window armed)",0,,,,,12,0
land and buildings transaction tax lbtt calculator scotland,already-covered,"sdlt-cluster (deployed 08-18, window armed)",0,,,3,0,,
land and property tax scotland calculator,already-covered,"sdlt-cluster (deployed 08-18, window armed)",0,,,,,4,0
land buildings transaction tax scotland calculator,already-covered,"sdlt-cluster (deployed 08-18, window armed)",0,,,,,2,0
land property tax scotland calculator and bands,already-covered,"sdlt-cluster (deployed 08-18, window armed)",0,,,,,1,1
land tax calculator scotland,excluded,off-niche:general-tax-calc (no property qualifier),0,,,,,12,0
land tax calculator scotland 2026,excluded,off-niche:general-tax-calc (no property qualifier),0,,,,,1,1
land tax calculator uk,excluded,off-niche:general-tax-calc (no property qualifier),0,,,1,0,,
land tax calculator west wales,excluded,off-niche:general-tax-calc (no property qualifier),0,,,,,2,0
land tax in scotland calculator,already-covered,"sdlt-cluster (deployed 08-18, window armed)",0,,,,,1,0
land tax in wales calculator,excluded,off-niche:long-tail (class-reviewed pass 3),0,,,,,1,0
land tax when buying a property in scotland calculator,already-covered,"sdlt-cluster (deployed 08-18, window armed)",0,,,,,2,0
land transaction tax calculator multi properties,already-covered,"sdlt-cluster (deployed 08-18, window armed)",0,,,,,2,0
land transaction tax calculator scotland,already-covered,"sdlt-cluster (deployed 08-18, window armed)",0,,,,,1,0
land transaction tax scotland calculator,already-covered,"sdlt-cluster (deployed 08-18, window armed)",0,,,,,3,0
land value tax calculator,excluded,off-niche:general-tax-calc (no property qualifier),0,,,1,0,,
landlord profit calculator,assigned,calculators/buy-to-let-mortgage-calculator,0,,,1,0,,
lbbt tax calculator,excluded,off-niche:general-tax-calc (no property qualifier),0,,,,,4,0
lbbt tax property percentage calculator,excluded,off-niche:long-tail (class-reviewed pass 3),0,,,,,2,2
lbbt tax scotland calculator,already-covered,"sdlt-cluster (deployed 08-18, window armed)",0,,,,,6,0
lblt tax calculator,excluded,off-niche:general-tax-calc (no property qualifier),0,,,,,1,0
lbtt ads calculator,already-covered,"sdlt-cluster (deployed 08-18, window armed)",0,,,,,2,0
lbtt and ads calculator,already-covered,"sdlt-cluster (deployed 08-18, window armed)",0,,,,,1,1
lbtt and ads calculator scotland,already-covered,"sdlt-cluster (deployed 08-18, window armed)",0,,,,,15,0
lbtt calculator formula,already-covered,"sdlt-cluster (deployed 08-18, window armed)",0,,,,,1,0
lbtt calculator purchase,already-covered,"sdlt-cluster (deployed 08-18, window armed)",0,,,,,2,0
lbtt calculator revenue soctland,already-covered,"sdlt-cluster (deployed 08-18, window armed)",0,,,,,2,0
lbtt calculator scotlad,already-covered,"sdlt-cluster (deployed 08-18, window armed)",0,,,,,1,0
lbtt calculator scotland 2026,already-covered,"sdlt-cluster (deployed 08-18, window armed)",0,,,1,0,676,1
lbtt calculator scotland 2026 leases,already-covered,"sdlt-cluster (deployed 08-18, window armed)",0,,,,,2,0
lbtt calculator scotland rates scotland,already-covered,"sdlt-cluster (deployed 08-18, window armed)",0,,,,,1,0
lbtt calculator sxotlans,already-covered,"sdlt-cluster (deployed 08-18, window armed)",0,,,,,1,0
lbtt calculator#,already-covered,"sdlt-cluster (deployed 08-18, window armed)",0,,,,,2,0
lbtt lease calculator scotland,already-covered,"sdlt-cluster (deployed 08-18, window armed)",0,,,,,8,0
lbtt multiple dwellings relief calculator scotland,already-covered,"sdlt-cluster (deployed 08-18, window armed)",0,,,,,1,1
lbtt on second homes scotland calculator,already-covered,"sdlt-cluster (deployed 08-18, window armed)",0,,,,,1,0
lbtt property calculator#,already-covered,"sdlt-cluster (deployed 08-18, window armed)",0,,,,,3,0
lbtt purchase calculator,already-covered,"sdlt-cluster (deployed 08-18, window armed)",0,,,,,2,0
lbtt revenue scotland calculator,already-covered,"sdlt-cluster (deployed 08-18, window armed)",0,,,,,2,0
lbtt scotland calculator,already-covered,"sdlt-cluster (deployed 08-18, window armed)",0,,,,,351,0
lbtt scotland on 550k calculator,already-covered,"sdlt-cluster (deployed 08-18, window armed)",0,,,,,1,1
lbtt tax calculator,already-covered,"sdlt-cluster (deployed 08-18, window armed)",0,,,,,7,0
lbtt tax calculator in scotland,already-covered,"sdlt-cluster (deployed 08-18, window armed)",0,,,,,1,0
lbtt tax calculator scotland,already-covered,"sdlt-cluster (deployed 08-18, window armed)",0,,,,,47,0
lbtt tax calculator scotland#,already-covered,"sdlt-cluster (deployed 08-18, window armed)",0,,,,,2,0
lbtt tax scotland calculator,already-covered,"sdlt-cluster (deployed 08-18, window armed)",0,,,,,7,0
lbtt transaction tax scotland calculator,already-covered,"sdlt-cluster (deployed 08-18, window armed)",0,,,,,2,0
lbttproperty calculator,already-covered,"sdlt-cluster (deployed 08-18, window armed)",0,,,,,5,0
lease extension stamp duty calculator 2017,already-covered,"sdlt-cluster (deployed 08-18, window armed)",0,,,1,0,,
let campaign calculator,excluded,off-niche:long-tail (class-reviewed pass 3),0,,,8,0,,
let property campaign penalty calculator,excluded,off-niche:long-tail (class-reviewed pass 3),0,,,25,0,,
llbt calculator scotland,excluded,off-niche:long-tail (class-reviewed pass 3),0,,,,,1,0
llt calculator wales,excluded,off-niche:long-tail (class-reviewed pass 3),0,,,,,2,0
loan calculator commercial property,excluded,"generic-mortgage: bank/MSE-owned, no landlord intent",0,,,1,0,,
loan for commercial property calculator,excluded,"generic-mortgage: bank/MSE-owned, no landlord intent",0,,,1,0,,
ltd lbbt on home sale scotland calculator,already-covered,"sdlt-cluster (deployed 08-18, window armed)",0,,,,,1,1
ltt calculator wales,already-covered,"sdlt-cluster (deployed 08-18, window armed)",0,,,,,77,0
ltt calculators,already-covered,"sdlt-cluster (deployed 08-18, window armed)",0,,,,,2,0
lyy calculator wales,excluded,off-niche:long-tail (class-reviewed pass 3),0,,,,,2,0
monthly commercial mortgage calculator,assigned,calculators/commercial-mortgage-calculator,0,,,14,0,,
monthly property tax calculator,excluded,off-niche:general-tax-calc (no property qualifier),0,,,2,0,,
mortgage btl calculator,assigned,calculators/buy-to-let-mortgage-calculator,0,,,4,0,,
mortgage calculator btl,assigned,calculators/buy-to-let-mortgage-calculator,0,,,4,0,,
mortgage calculator business,excluded,"generic-mortgage: bank/MSE-owned, no landlord intent",0,,,1,0,,
mortgage calculator commercial,excluded,"generic-mortgage: bank/MSE-owned, no landlord intent",0,,,8,0,,
mortgage calculator for buy to let,assigned,calculators/buy-to-let-mortgage-calculator,0,,,3,0,,
mortgage calculator for commercial loan,excluded,"generic-mortgage: bank/MSE-owned, no landlord intent",0,,,3,0,,
mortgage calculator on commercial property,excluded,"generic-mortgage: bank/MSE-owned, no landlord intent",0,,,2,0,,
mortgage for commercial property calculator,excluded,"generic-mortgage: bank/MSE-owned, no landlord intent",0,,,1,0,,
mortgage for flats above commercial premises calculator,excluded,"generic-mortgage: bank/MSE-owned, no landlord intent",0,,,13,0,,
mortgage tax credit calculator,excluded,"generic-mortgage: bank/MSE-owned, no landlord intent",0,,,1,0,,
mtd for landlords tax calculator,assigned,calculators/buy-to-let-mortgage-calculator,0,,,1,0,,
multi unit mortgage calculator,excluded,"generic-mortgage: bank/MSE-owned, no landlord intent",0,,,14,0,,
multiple dwellings relief calculator,excluded,off-niche:long-tail (class-reviewed pass 3),0,,,1,0,,
net rental yield calculator,assigned,calculators/rental-yield-calculator,0,,,4,0,,
net uk residential rental yield uk june 2026,assigned,blog:property-investment-benchmarks-uk-2026-good-yield [EXTEND],0,,,,,1,0
net yieldfor holiday to let,assigned,calculators/rental-yield-calculator,0,,,1,0,,
online commercial mortgage calculator,assigned,calculators/commercial-mortgage-calculator,0,,,15,0,,
partial private residence relief calculator,excluded,off-niche:general-accountancy-calc,0,,,1,0,,
principal private residence relief calculator,excluded,off-niche:general-accountancy-calc,0,,,1,0,,
private residence relief calculator 2022,excluded,off-niche:general-accountancy-calc,0,,,2,0,,
prop yield calculator,assigned,calculators/rental-yield-calculator,0,,,4,0,,
property appreciation calculator wales,excluded,off-niche:long-tail (class-reviewed pass 3),0,,,,,2,0
property capital gains calculator 2026,already-covered,"cgt-cluster (batch cgt1, deploy parked)",0,,,,,2,0
property development calculator,excluded,off-niche:long-tail (class-reviewed pass 3),0,,,10,0,,
property development finance calculator,assigned,calculators/development-finance-calculator,0,,,15,0,,
property development loan calculator,assigned,calculators/development-finance-calculator,0,,,6,0,,
property income calculator,excluded,off-niche:salary/employment,0,,,2,0,,
property purchase tax calculator scotland,excluded,off-niche:general-tax-calc (no property qualifier),0,,,,,1,0
property sold calculator with cgt,already-covered,"cgt-cluster (batch cgt1, deploy parked)",0,,,,,2,0
property tax calculator wales,excluded,off-niche:general-tax-calc (no property qualifier),0,,,,,1,0
property tax wales calculator,excluded,off-niche:long-tail (class-reviewed pass 3),0,,,,,1,0
property taxes calculator,excluded,off-niche:long-tail (class-reviewed pass 3),0,,,3,0,,
property yield in uk,assigned,blog:property-investment-benchmarks-uk-2026-good-yield [EXTEND],0,,,,,1,0
property yield on cost calculation,assigned,calculators/rental-yield-calculator,0,,,,,1,0
r and d calculator,excluded,off-niche:long-tail (class-reviewed pass 3),0,,,2,0,,
r and d tax calculator,excluded,off-niche:general-tax-calc (no property qualifier),0,,,2,0,,
r and d tax credit calculator,excluded,off-niche:long-tail (class-reviewed pass 3),0,,,9,0,,
r and d tax credits calculator,excluded,off-niche:long-tail (class-reviewed pass 3),0,,,3,0,,
r&d calculator,assigned,calculators/rd-tax-credit-calculator,0,,,6,0,,
r&d calculator hmrc,assigned,calculators/rd-tax-credit-calculator,0,,,1,0,,
r&d calculator uk,assigned,calculators/rd-tax-credit-calculator,0,,,1,0,,
r&d claim calculator,assigned,calculators/rd-tax-credit-calculator,0,,,3,0,,
r&d credit calculator,assigned,calculators/rd-tax-credit-calculator,0,,,2,0,,
r&d merged scheme calculator,assigned,calculators/rd-tax-credit-calculator,0,,,2,0,,
r&d tax calculator,assigned,calculators/rd-tax-credit-calculator,0,,,12,0,,
r&d tax claim calculator,assigned,calculators/rd-tax-credit-calculator,0,,,3,0,,
r&d tax credit 2013 calculator,assigned,calculators/rd-tax-credit-calculator,0,,,2,0,,
r&d tax credit calculator,assigned,calculators/rd-tax-credit-calculator,0,,,38,0,,
r&d tax credit calculator hmrc,assigned,calculators/rd-tax-credit-calculator,0,,,2,0,,
r&d tax credit calculator uk,assigned,calculators/rd-tax-credit-calculator,0,,,3,0,,
r&d tax credit loss making calculator,assigned,calculators/rd-tax-credit-calculator,0,,,8,0,,
r&d tax credits calculator,assigned,calculators/rd-tax-credit-calculator,0,,,8,0,,
r&d tax incentive calculator,assigned,calculators/rd-tax-credit-calculator,0,,,2,0,,
r&d tax relief calculator,assigned,calculators/rd-tax-credit-calculator,0,,,34,0,,
rdec calculator,excluded,off-niche:long-tail (class-reviewed pass 3),0,,,2,0,,
regulated buy to let mortgage calculator,assigned,calculators/buy-to-let-mortgage-calculator,0,,,1,0,,
rent a room tax calculator,excluded,off-niche:general-tax-calc (no property qualifier),0,,,1,0,,
rent to rent profit calculator,excluded,off-niche:general-accountancy-calc,0,,,10,0,,
rental profit calculator,excluded,off-niche:general-accountancy-calc,0,,,1,0,,
rental property land tax calculator wales,excluded,off-niche:general-tax-calc (no property qualifier),0,,,,,2,0
rental property sale tax calculator,excluded,off-niche:general-tax-calc (no property qualifier),0,,,1,0,,
rental property tax calculator spreadsheet,already-covered,"landlord-accounting-spreadsheet (Google pos 9, protect)",0,,,4,0,,
rental yield calculation formula,assigned,calculators/rental-yield-calculator,0,,,,,1,0
rental yield calculation uk,assigned,blog:property-investment-benchmarks-uk-2026-good-yield [EXTEND],0,,,3,0,,
rental yield calculator holiday let,assigned,calculators/rental-yield-calculator,0,,,5,0,,
rental yield uk calculator,assigned,blog:property-investment-benchmarks-uk-2026-good-yield [EXTEND],0,,,1,0,,
rental yields by region uk,assigned,blog:property-investment-benchmarks-uk-2026-good-yield [EXTEND],0,,,,,2,1
research and development tax calculator,assigned,calculators/rd-tax-credit-calculator,0,,,1,0,,
research and development tax credit calculator,assigned,calculators/rd-tax-credit-calculator,0,,,6,0,,
residential invesmtnet england what is a good net yield,assigned,calculators/rental-yield-calculator,0,,,,,1,1
reveniue scotland lbtt calculator,already-covered,"sdlt-cluster (deployed 08-18, window armed)",0,,,,,2,0
rlbtt calculator,already-covered,"sdlt-cluster (deployed 08-18, window armed)",0,,,,,2,0
sale of propery cgt calculator,already-covered,"cgt-cluster (batch cgt1, deploy parked)",0,,,,,1,0
savills lbt calculator scotland,excluded,off-niche:long-tail (class-reviewed pass 3),0,,,,,2,0
scotlabd home tax calculator,excluded,off-niche:general-tax-calc (no property qualifier),0,,,,,1,0
scotland land and building tax calculator,excluded,off-niche:general-tax-calc (no property qualifier),0,,,,,3,0
scotland lbbt calculator,excluded,off-niche:long-tail (class-reviewed pass 3),0,,,,,2,0
scotland lbtt tax calculator,already-covered,"sdlt-cluster (deployed 08-18, window armed)",0,,,,,2,0
scotland property purchase taxes calculator,excluded,off-niche:long-tail (class-reviewed pass 3),0,,,,,1,1
scotland property tax calculator,excluded,off-niche:general-tax-calc (no property qualifier),0,,,,,2,0
scotland second home tax calculator,excluded,off-niche:general-tax-calc (no property qualifier),0,,,,,1,0
scotland stamp duty calculator,already-covered,"sdlt-cluster (deployed 08-18, window armed)",0,,,1,0,,
scottish house tax calculator,excluded,off-niche:general-tax-calc (no property qualifier),0,,,,,2,0
scottish land and building tax calculator,excluded,off-niche:general-tax-calc (no property qualifier),0,,,,,13,0
scottish land and buildings tax calculator,already-covered,"sdlt-cluster (deployed 08-18, window armed)",0,,,,,2,0
scottish land and property tax calculator,excluded,off-niche:general-tax-calc (no property qualifier),0,,,,,7,0
scottish land building tax calculator,excluded,off-niche:general-tax-calc (no property qualifier),0,,,,,2,0
scottish land tax calculator,excluded,off-niche:general-tax-calc (no property qualifier),0,,,,,68,1
scottish land tax calculator victoria 3,excluded,off-niche:general-tax-calc (no property qualifier),0,,,,,1,0
scottish land transaction tax calculator,already-covered,"sdlt-cluster (deployed 08-18, window armed)",0,,,,,3,0
scottish lbtt calculator,already-covered,"sdlt-cluster (deployed 08-18, window armed)",0,,,,,52,0
scottish lbtt calculator excel,already-covered,"sdlt-cluster (deployed 08-18, window armed)",0,,,,,2,0
scottish lbtt calculator excel formula,already-covered,"sdlt-cluster (deployed 08-18, window armed)",0,,,,,1,1
scottish lbtt calculator scotland,already-covered,"sdlt-cluster (deployed 08-18, window armed)",0,,,,,2,0
scottish lbtt tax calculator,already-covered,"sdlt-cluster (deployed 08-18, window armed)",0,,,,,1,0
scottish property tax calculator,excluded,off-niche:general-tax-calc (no property qualifier),0,,,,,4,1
scottish second home tax calculator,excluded,off-niche:general-tax-calc (no property qualifier),0,,,,,2,0
scottosh lbtt calculator,already-covered,"sdlt-cluster (deployed 08-18, window armed)",0,,,,,1,0
sdlt calculator uk,already-covered,"sdlt-cluster (deployed 08-18, window armed)",0,,,17,0,,
second home tax calculator scotland,excluded,off-niche:general-tax-calc (no property qualifier),0,,,,,2,0
section 24 calculator,excluded,off-niche:long-tail (class-reviewed pass 3),0,,,2,0,,
selling commercial property tax implications uk calculator,excluded,off-niche:long-tail (class-reviewed pass 3),0,,,2,0,,
semi commercial mortgage calculator,assigned,calculators/commercial-mortgage-calculator,0,,,2,0,,
semi-commercial mortgage calculator,assigned,calculators/commercial-mortgage-calculator,0,,,9,0,,
service charge apportionment calculator,excluded,off-niche:apportionment-generic,0,,,1,0,,
stamp duty annex relief calculator,already-covered,"sdlt-cluster (deployed 08-18, window armed)",0,,,1,0,,
stamp duty calculator for transferring a residential property to a limited company,already-covered,"sdlt-cluster (deployed 08-18, window armed)",0,,,,,2,0
stamp duty calculator in wales,already-covered,"sdlt-cluster (deployed 08-18, window armed)",0,,,1,0,,
stamp duty calculator scotland,already-covered,"sdlt-cluster (deployed 08-18, window armed)",0,,,1,0,,
stamp duty first time buyer calculator,already-covered,"sdlt-cluster (deployed 08-18, window armed)",0,,,1,0,,
stamp duty first time buyer london calculator,already-covered,"sdlt-cluster (deployed 08-18, window armed)",0,,,1,0,,
stamp duty first time buyers calculator,already-covered,"sdlt-cluster (deployed 08-18, window armed)",0,,,1,0,,
stamp duty on btl calculator,already-covered,"sdlt-cluster (deployed 08-18, window armed)",0,,,16,0,,
stamp duty wales calculator gov uk,already-covered,"sdlt-cluster (deployed 08-18, window armed)",0,,,1,0,,
svs lbtt calculator,already-covered,"sdlt-cluster (deployed 08-18, window armed)",0,,,,,1,0
tax calculator for landlords,excluded,off-niche:general-tax-calc (no property qualifier),0,,,4,0,,
tax on buying a second home in scotland calculator,already-covered,"sdlt-cluster (deployed 08-18, window armed)",0,,,,,2,1
tax on rental income uk calculator,assigned,calculators/rental-income-tax-calculator,0,,,1,0,,
tax on sale of rental property calculator,excluded,off-niche:long-tail (class-reviewed pass 3),0,,,1,0,,
tax on selling land with planning permission calculator,excluded,off-niche:long-tail (class-reviewed pass 3),0,,,1,0,,
taxes on rental income calculator,excluded,off-niche:salary/employment,0,,,1,0,,
uk average gross rental yield 2026 residential property,assigned,blog:property-investment-benchmarks-uk-2026-good-yield [EXTEND],0,,,,,4,0
uk buy to let average gross rental yield 2026,assigned,blog:property-investment-benchmarks-uk-2026-good-yield [EXTEND],0,,,1,0,,
uk commercial mortgage calculator,assigned,calculators/commercial-mortgage-calculator,0,,,19,0,,
uk housing yield 2026,assigned,calculators/rental-yield-calculator,0,,,,,1,0
uk land tax calculator,excluded,off-niche:general-tax-calc (no property qualifier),0,,,2,0,,
uk landlord tax calculator,assigned,calculators/rental-income-tax-calculator,0,,,1,0,,
uk property capital gains tax calculator,already-covered,"cgt-cluster (batch cgt1, deploy parked)",0,,,,,3,0
uk property capital gains tax calculator 2026,already-covered,"cgt-cluster (batch cgt1, deploy parked)",0,,,,,3,1
uk property market news rental yield,assigned,calculators/rental-yield-calculator,0,,,,,1,0
uk r&d tax credit calculator,assigned,calculators/rd-tax-credit-calculator,0,,,1,0,,
uk rental yield good gross net landlord costs,assigned,blog:property-investment-benchmarks-uk-2026-good-yield [EXTEND],0,,,,,3,0
uk rental yield vs property price 2026,assigned,calculators/rental-yield-calculator,0,,,,,4,0
uk residential property yields 2026,assigned,calculators/rental-yield-calculator,0,,,,,2,0
uk sdlt calculator for transfer of property to a uk company with additional properties,already-covered,"sdlt-cluster (deployed 08-18, window armed)",0,,,,,2,0
wales ltt lease tax calculator,already-covered,"sdlt-cluster (deployed 08-18, window armed)",0,,,,,3,0
wales property tax calculator,excluded,off-niche:general-tax-calc (no property qualifier),0,,,,,5,0
wales selling land for houses how much tax to pay calculator,excluded,off-niche:salary/employment,0,,,,,1,0
welsh land tax calculator 2026,excluded,off-niche:general-tax-calc (no property qualifier),0,,,,,2,0
welsh property tax calculator,excluded,off-niche:general-tax-calc (no property qualifier),0,,,,,2,0
what gross annual yield is deemed good for a serviced accommodation unit in england?,assigned,blog:property-investment-benchmarks-uk-2026-good-yield [EXTEND],0,,,,,1,0
what is a buy to let mortgage calculator,assigned,calculators/buy-to-let-mortgage-calculator,0,,,2,0,,
"what is a good equivalent yield for grade a office buildings in london, manchester, and uk generally at the moment",assigned,blog:property-investment-benchmarks-uk-2026-good-yield [EXTEND],0,,,,,1,0
what is a good equivalent yield for grade a office buildings in manchester at the moment,assigned,calculators/rental-yield-calculator,0,,,,,1,0
what is a good gross rental yield,assigned,calculators/rental-yield-calculator,0,,,,,1,0
what is a good rental yield for a commercial property in great yarmouth,assigned,blog:property-investment-benchmarks-uk-2026-good-yield [EXTEND],0,,,,,2,0
what is a good rental yield for a studio apartments in wimmbleodn,assigned,blog:property-investment-benchmarks-uk-2026-good-yield [EXTEND],0,,,,,1,0
what is a good rental yield on a flat,assigned,blog:property-investment-benchmarks-uk-2026-good-yield [EXTEND],0,,,,,1,0
what is rental yield,assigned,calculators/rental-yield-calculator,0,,,,,1,0
what is the gross yield of the property,assigned,calculators/rental-yield-calculator,0,,,,,1,1
what parts of northeast is rental yield of old buildings high,assigned,calculators/rental-yield-calculator,0,,,,,2,0
what should i know before using a stamp duty calculator?,already-covered,"sdlt-cluster (deployed 08-18, window armed)",0,,,3,0,,
what should landlords of residential property expect as a yield in the winchester area?,assigned,blog:property-investment-benchmarks-uk-2026-good-yield [EXTEND],0,,,,,1,0
what would you expect rental yield on a property to be in the south of england,assigned,calculators/rental-yield-calculator,0,,,,,2,0
what would you expect rental yield on a property to be in the south of england commercial,assigned,calculators/rental-yield-calculator,0,,,,,1,1
yield calculator rental,assigned,calculators/rental-yield-calculator,0,,,2,0,,
yield for land march 2026,assigned,calculators/rental-yield-calculator,0,,,,,2,0
yield high north scotland and lower south but appreciation chnace higher south uk,assigned,blog:property-investment-benchmarks-uk-2026-good-yield [EXTEND],0,,,,,1,0
yield investing average rental yield in the uk 2026 guide for property investors,assigned,blog:property-investment-benchmarks-uk-2026-good-yield [EXTEND],0,,,,,1,1
yield rent calculator,assigned,calculators/rental-yield-calculator,0,,,1,0,,
