url,bing_site,fetched_on,path,n_rows
https://www.propertytaxpartners.co.uk,https://propertytaxpartners.co.uk/,2026-10-10,docs/_engines/link_engine_store/bing/2026-10/89176d89f3d55d41929fc3ea6c5c87c60d9d8d25.json.gz,16
https://www.propertytaxpartners.co.uk/about,https://propertytaxpartners.co.uk/,2026-10-10,docs/_engines/link_engine_store/bing/2026-10/1f6fed1bf39b554abf6f063b7870a5cc3b5a538d.json.gz,0
https://www.propertytaxpartners.co.uk/blog,https://propertytaxpartners.co.uk/,2026-10-10,docs/_engines/link_engine_store/bing/2026-10/a783d055f2a16b1755f573b945133cd1eccfd59b.json.gz,0
https://www.propertytaxpartners.co.uk/blog/capital-gains-tax,https://propertytaxpartners.co.uk/,2026-10-10,docs/_engines/link_engine_store/bing/2026-10/0b1028986027c100ae72d1baa55d994e450cf491.json.gz,0
https://www.propertytaxpartners.co.uk/blog/capital-gains-tax/2027-property-tax-rates-affect-capital-gains-tax-sales,https://propertytaxpartners.co.uk/,2026-10-10,docs/_engines/link_engine_store/bing/2026-10/cf178fa1ac92d83184500433189da9958cde6d53.json.gz,0
https://www.propertytaxpartners.co.uk/blog/capital-gains-tax/average-london-estate-agent-fees,https://propertytaxpartners.co.uk/,2026-10-10,docs/_engines/link_engine_store/bing/2026-10/83bf3fc7c1a235a4c2360211613385daf604d17a.json.gz,8
https://www.propertytaxpartners.co.uk/blog/capital-gains-tax/bed-and-breakfasting,https://propertytaxpartners.co.uk/,2026-10-10,docs/_engines/link_engine_store/bing/2026-10/5a7b850e007baca16c49d36bd4f7fa928b95ac45.json.gz,0
https://www.propertytaxpartners.co.uk/blog/capital-gains-tax/business-asset-disposal-relief-residential-property-qualification,https://propertytaxpartners.co.uk/,2026-10-10,docs/_engines/link_engine_store/bing/2026-10/80cda4739e7bb3a44ee2d6b38077968728d8069d.json.gz,0
https://www.propertytaxpartners.co.uk/blog/capital-gains-tax/can-you-sell-a-house-without-an-estate-agent,https://propertytaxpartners.co.uk/,2026-10-10,docs/_engines/link_engine_store/bing/2026-10/fc999a5b5ebaf5cc803e1b69a19f07fa0af3a570.json.gz,0
https://www.propertytaxpartners.co.uk/blog/capital-gains-tax/capital-gains-tax-on-shares-uk,https://propertytaxpartners.co.uk/,2026-10-10,docs/_engines/link_engine_store/bing/2026-10/80097659753d01e50d691dfd7f3b349232decb8d.json.gz,8
https://www.propertytaxpartners.co.uk/blog/capital-gains-tax/capital-gains-tax-property-complete-guide-uk,https://propertytaxpartners.co.uk/,2026-10-10,docs/_engines/link_engine_store/bing/2026-10/aafb0350fc989e9fddb0a506fe3b3305b52f0cd0.json.gz,1073
https://www.propertytaxpartners.co.uk/blog/capital-gains-tax/capital-gains-tax-property-sale-uk-2026-rates-allowances,https://propertytaxpartners.co.uk/,2026-10-10,docs/_engines/link_engine_store/bing/2026-10/71f2a3051efa47acdceca3314ebf05a7a6382021.json.gz,401
https://www.propertytaxpartners.co.uk/blog/capital-gains-tax/capital-gains-tax-second-home-sale,https://propertytaxpartners.co.uk/,2026-10-10,docs/_engines/link_engine_store/bing/2026-10/49b117be4a01dd42273a4925ad13ba5dcdb2193e.json.gz,119
https://www.propertytaxpartners.co.uk/blog/capital-gains-tax/cgt-annual-exempt-amount-3000-allowance-2026-27,https://propertytaxpartners.co.uk/,2026-10-10,docs/_engines/link_engine_store/bing/2026-10/4233d8d5ca807f38f8151e461a6c62f398f8e030.json.gz,235
https://www.propertytaxpartners.co.uk/blog/capital-gains-tax/cgt-calculation-selling-buy-to-let-property-step-by-step,https://propertytaxpartners.co.uk/,2026-10-10,docs/_engines/link_engine_store/bing/2026-10/b0b64b298d479e19c98d9f547ffc88dac4b2a8a7.json.gz,285
https://www.propertytaxpartners.co.uk/blog/capital-gains-tax/cgt-commercial-property-different-residential,https://propertytaxpartners.co.uk/,2026-10-10,docs/_engines/link_engine_store/bing/2026-10/8e905ff74b7df5a0a68dec539dadd91491a6a247.json.gz,14
https://www.propertytaxpartners.co.uk/blog/capital-gains-tax/cgt-deferral-strategies-property-investors-uk,https://propertytaxpartners.co.uk/,2026-10-10,docs/_engines/link_engine_store/bing/2026-10/742841b1bd5d1c931a7012c021dad408145452c6.json.gz,53
https://www.propertytaxpartners.co.uk/blog/capital-gains-tax/cgt-divorce-property-transfer-tax-implications,https://propertytaxpartners.co.uk/,2026-10-10,docs/_engines/link_engine_store/bing/2026-10/42a3993950a667aa76f09b576df57bc9601517af.json.gz,58
https://www.propertytaxpartners.co.uk/blog/capital-gains-tax/cgt-gifting-property-family-members-uk,https://propertytaxpartners.co.uk/,2026-10-10,docs/_engines/link_engine_store/bing/2026-10/6a5a82e2cf4d1c8af84dfef3dc5f9d1b491877ac.json.gz,1022
https://www.propertytaxpartners.co.uk/blog/capital-gains-tax/cgt-inherited-rental-property-calculation-uk,https://propertytaxpartners.co.uk/,2026-10-10,docs/_engines/link_engine_store/bing/2026-10/e1342c23323dcd5b45372b86e5f3c172fff4428f.json.gz,17
https://www.propertytaxpartners.co.uk/blog/capital-gains-tax/cgt-main-residence-election-two-properties,https://propertytaxpartners.co.uk/,2026-10-10,docs/_engines/link_engine_store/bing/2026-10/89e8132cb1cf10a2ad6361052ca6b4419b162808.json.gz,4
https://www.propertytaxpartners.co.uk/blog/capital-gains-tax/cgt-main-residence-relief-joint-ownership-pra-election-spouses-mechanics,https://propertytaxpartners.co.uk/,2026-10-10,docs/_engines/link_engine_store/bing/2026-10/f417d18c722cd51c95e885877e2c6698fa19caaf.json.gz,55
https://www.propertytaxpartners.co.uk/blog/capital-gains-tax/cgt-on-inherited-property-uk-probate-base-cost,https://propertytaxpartners.co.uk/,2026-10-10,docs/_engines/link_engine_store/bing/2026-10/7281da5eadadbf8030eec29096e7051f3ca543d1.json.gz,105
https://www.propertytaxpartners.co.uk/blog/capital-gains-tax/cgt-overseas-property-uk-residents-foreign-disposals,https://propertytaxpartners.co.uk/,2026-10-10,docs/_engines/link_engine_store/bing/2026-10/c2a945d3486cbb4942086d2615f07d794fa82eff.json.gz,283
https://www.propertytaxpartners.co.uk/blog/capital-gains-tax/cgt-payment-deadlines-property-sales-2026,https://propertytaxpartners.co.uk/,2026-10-10,docs/_engines/link_engine_store/bing/2026-10/0bdb2939db29dbc4ab28f39624de6e1c71043855.json.gz,513
https://www.propertytaxpartners.co.uk/blog/capital-gains-tax/cgt-property-2027-rate-changes-uk-landlords,https://propertytaxpartners.co.uk/,2026-10-10,docs/_engines/link_engine_store/bing/2026-10/f661b98cc2178c38d818ce0469a5c97cdbfb0347.json.gz,35
https://www.propertytaxpartners.co.uk/blog/capital-gains-tax/cgt-property-sold-loss-claim-capital-losses,https://propertytaxpartners.co.uk/,2026-10-10,docs/_engines/link_engine_store/bing/2026-10/f509ea67696cd46cc71388a86e7936d9fe9ca3ce.json.gz,308
https://www.propertytaxpartners.co.uk/blog/capital-gains-tax/cgt-property-transfer-limited-company-calculate,https://propertytaxpartners.co.uk/,2026-10-10,docs/_engines/link_engine_store/bing/2026-10/20f881b3b443df3f82282d0b1bc6e118634824b2.json.gz,3
https://www.propertytaxpartners.co.uk/blog/capital-gains-tax/cgt-property-transfer-spouse,https://propertytaxpartners.co.uk/,2026-10-10,docs/_engines/link_engine_store/bing/2026-10/3eca06cfe9f4d0be2bcb9e90e453404ef2d44e6c.json.gz,428
https://www.propertytaxpartners.co.uk/blog/capital-gains-tax/cgt-rates-property-2026-27-current-rates-explained,https://propertytaxpartners.co.uk/,2026-10-10,docs/_engines/link_engine_store/bing/2026-10/5c0044afcca855183ec8b9f673ebec11a48e566f.json.gz,427
https://www.propertytaxpartners.co.uk/blog/capital-gains-tax/cgt-record-keeping-property-sales-what-to-save-how-long,https://propertytaxpartners.co.uk/,2026-10-10,docs/_engines/link_engine_store/bing/2026-10/ed3d836ee0929d6e74839d6c9d3240ef768c083b.json.gz,0
https://www.propertytaxpartners.co.uk/blog/capital-gains-tax/cgt-selling-buy-to-let-property-calculation-guide,https://propertytaxpartners.co.uk/,2026-10-10,docs/_engines/link_engine_store/bing/2026-10/d87fa4747903fb680c9232a23a7f46bf865c13ca.json.gz,50
https://www.propertytaxpartners.co.uk/blog/capital-gains-tax/cgt-selling-multiple-properties-same-year,https://propertytaxpartners.co.uk/,2026-10-10,docs/_engines/link_engine_store/bing/2026-10/009e4b7879d51889f1b39bbc106efe532f1e490d.json.gz,4
https://www.propertytaxpartners.co.uk/blog/capital-gains-tax/cheapest-estate-agent-fees-uk,https://propertytaxpartners.co.uk/,2026-10-10,docs/_engines/link_engine_store/bing/2026-10/a60ca249b3effd4f7c1b161828c66bb6e521194b.json.gz,0
https://www.propertytaxpartners.co.uk/blog/capital-gains-tax/cost-of-moving-house-uk,https://propertytaxpartners.co.uk/,2026-10-10,docs/_engines/link_engine_store/bing/2026-10/f3882bbeb811a3b47129d5386d0f7665dac2bf1e.json.gz,0
https://www.propertytaxpartners.co.uk/blog/capital-gains-tax/do-limited-companies-pay-capital-gains-tax-property,https://propertytaxpartners.co.uk/,2026-10-10,docs/_engines/link_engine_store/bing/2026-10/31dc86b1e33797711a638b3a905c1e793ee6acef.json.gz,4
https://www.propertytaxpartners.co.uk/blog/capital-gains-tax/estate-agent-contract-tie-in-periods,https://propertytaxpartners.co.uk/,2026-10-10,docs/_engines/link_engine_store/bing/2026-10/2ea39bc8373b9afc4dc9867bc60d09bd83e6eb9b.json.gz,0
https://www.propertytaxpartners.co.uk/blog/capital-gains-tax/estate-agent-fees-for-renting,https://propertytaxpartners.co.uk/,2026-10-10,docs/_engines/link_engine_store/bing/2026-10/e0e653ae36bee6c93f89f0ff56036287e7c6bedb.json.gz,0
https://www.propertytaxpartners.co.uk/blog/capital-gains-tax/gifting-property-and-deed-of-gift-tax-implications,https://propertytaxpartners.co.uk/,2026-10-10,docs/_engines/link_engine_store/bing/2026-10/732052be37825536336f5d40c82bb080e9c19da1.json.gz,171
https://www.propertytaxpartners.co.uk/blog/capital-gains-tax/hmrcs-nudge-letters-demand-urgent-review-of-gift-hold-over-relief-claim,https://propertytaxpartners.co.uk/,2026-10-10,docs/_engines/link_engine_store/bing/2026-10/4a88b793e64fbbe2fac49f37309d7987e6c0f089.json.gz,0
https://www.propertytaxpartners.co.uk/blog/capital-gains-tax/hmrcs-nudge-letters-on-business-asset-disposal-relief,https://propertytaxpartners.co.uk/,2026-10-10,docs/_engines/link_engine_store/bing/2026-10/f0725eae1c43265a6f4f01a95b2788cccf5d009c.json.gz,0
https://www.propertytaxpartners.co.uk/blog/capital-gains-tax/how-much-do-estate-agents-charge-to-sell-a-house,https://propertytaxpartners.co.uk/,2026-10-10,docs/_engines/link_engine_store/bing/2026-10/1dbf2cf66efdc35a5c120f4f823b8a6af427b121.json.gz,12
https://www.propertytaxpartners.co.uk/blog/capital-gains-tax/inheriting-uk-rental-property-executors-step-by-step,https://propertytaxpartners.co.uk/,2026-10-10,docs/_engines/link_engine_store/bing/2026-10/481fc0e70c3844e0c914723a82e88637fe963ba1.json.gz,0
https://www.propertytaxpartners.co.uk/blog/capital-gains-tax/letting-relief-landlords-2026-changes,https://propertytaxpartners.co.uk/,2026-10-10,docs/_engines/link_engine_store/bing/2026-10/dccc01d0f8dd7234e17059271083b1d57591ca8c.json.gz,65
https://www.propertytaxpartners.co.uk/blog/capital-gains-tax/modern-method-of-auction-explained,https://propertytaxpartners.co.uk/,2026-10-10,docs/_engines/link_engine_store/bing/2026-10/2017fa27a029f6219a10b9314dfdf8a88d8b7023.json.gz,0
https://www.propertytaxpartners.co.uk/blog/capital-gains-tax/online-estate-agents-uk,https://propertytaxpartners.co.uk/,2026-10-10,docs/_engines/link_engine_store/bing/2026-10/0d671694b3d4c72dac09bac835d1a9b22d334265.json.gz,0
https://www.propertytaxpartners.co.uk/blog/capital-gains-tax/part-exchange-house-uk,https://propertytaxpartners.co.uk/,2026-10-10,docs/_engines/link_engine_store/bing/2026-10/02d303ab3a729a1637d3e4a010503887a0638bf9.json.gz,2
https://www.propertytaxpartners.co.uk/blog/capital-gains-tax/ppr-relief-calculation-former-home-step-by-step,https://propertytaxpartners.co.uk/,2026-10-10,docs/_engines/link_engine_store/bing/2026-10/2cab7a766ffcab3d1759c5b05343184ec569203b.json.gz,338
https://www.propertytaxpartners.co.uk/blog/capital-gains-tax/principal-private-residence-relief-landlords,https://propertytaxpartners.co.uk/,2026-10-10,docs/_engines/link_engine_store/bing/2026-10/eeee103b641f9d4ca6bc9c84951b8e3e99e411f3.json.gz,560
https://www.propertytaxpartners.co.uk/blog/capital-gains-tax/property-capital-gains-tax-calculator,https://propertytaxpartners.co.uk/,2026-10-10,docs/_engines/link_engine_store/bing/2026-10/d6b1949d8bc69ace28fde6218a3653390df79ea8.json.gz,0
https://www.propertytaxpartners.co.uk/blog/capital-gains-tax/property-improvements-reduce-cgt-enhancement-expenditure,https://propertytaxpartners.co.uk/,2026-10-10,docs/_engines/link_engine_store/bing/2026-10/f7707d814313def0de0f082d2e8c8ec670e5e8f4.json.gz,578
https://www.propertytaxpartners.co.uk/blog/capital-gains-tax/reduce-cgt-property-disposal-uk,https://propertytaxpartners.co.uk/,2026-10-10,docs/_engines/link_engine_store/bing/2026-10/c4b4efe0d5c5560a99e2f5d753beed859ed45d4b.json.gz,1
https://www.propertytaxpartners.co.uk/blog/capital-gains-tax/rollover-relief-property-landlords,https://propertytaxpartners.co.uk/,2026-10-10,docs/_engines/link_engine_store/bing/2026-10/8c0a2767557d1210f9f1c8c3d0595f4e397bf069.json.gz,50
https://www.propertytaxpartners.co.uk/blog/capital-gains-tax/sell-house-without-estate-agent,https://propertytaxpartners.co.uk/,2026-10-10,docs/_engines/link_engine_store/bing/2026-10/8bd15c06822c8f25639753c7be5db603ecc3a2e7.json.gz,0
https://www.propertytaxpartners.co.uk/blog/capital-gains-tax/selling-a-house-at-auction-uk,https://propertytaxpartners.co.uk/,2026-10-10,docs/_engines/link_engine_store/bing/2026-10/d1bae3afb01d0937e7ecfd17ac45e14137bf4d8a.json.gz,0
https://www.propertytaxpartners.co.uk/blog/capital-gains-tax/selling-a-probate-property,https://propertytaxpartners.co.uk/,2026-10-10,docs/_engines/link_engine_store/bing/2026-10/54e4ecb5cbbeaafb96bdc71f3667e53c8671ab6d.json.gz,0
https://www.propertytaxpartners.co.uk/blog/capital-gains-tax/tax-sell-rental-property-uk,https://propertytaxpartners.co.uk/,2026-10-10,docs/_engines/link_engine_store/bing/2026-10/fd60436ad182cca8c894f5a359d441f91b65f085.json.gz,1015
https://www.propertytaxpartners.co.uk/blog/capital-gains-tax/temporary-non-residence-5-year-cgt-recapture-property,https://propertytaxpartners.co.uk/,2026-10-10,docs/_engines/link_engine_store/bing/2026-10/8a2286e7287430c5e97c0b6c2030936f58f66a1f.json.gz,1
https://www.propertytaxpartners.co.uk/blog/incorporation-and-company-structures,https://propertytaxpartners.co.uk/,2026-10-10,docs/_engines/link_engine_store/bing/2026-10/51885cd619b9cad79386f4bea32e5c444c1bac15.json.gz,0
https://www.propertytaxpartners.co.uk/blog/incorporation-and-company-structures/2027-tax-rates-incorporation-decision-property-landlords,https://propertytaxpartners.co.uk/,2026-10-10,docs/_engines/link_engine_store/bing/2026-10/777ad8c79a3cd8c2f1f6c5517f4c080b2941e88a.json.gz,1
https://www.propertytaxpartners.co.uk/blog/incorporation-and-company-structures/2027-tax-rates-incorporation-decision-uk-landlords,https://propertytaxpartners.co.uk/,2026-10-10,docs/_engines/link_engine_store/bing/2026-10/bb21c2532efd87b36508cbd3a4130c282fd402b8.json.gz,0
https://www.propertytaxpartners.co.uk/blog/incorporation-and-company-structures/a-complete-guide-on-incorporating-a-company-in-uk,https://propertytaxpartners.co.uk/,2026-10-10,docs/_engines/link_engine_store/bing/2026-10/6196caa9069e4ac301deb17760ca3a53c193f2c5.json.gz,0
https://www.propertytaxpartners.co.uk/blog/incorporation-and-company-structures/a-complete-guide-to-family-investment-companies-fics,https://propertytaxpartners.co.uk/,2026-10-10,docs/_engines/link_engine_store/bing/2026-10/0a7bc7f7a23d4c978c7fad6dee0c155b742af602.json.gz,1
https://www.propertytaxpartners.co.uk/blog/incorporation-and-company-structures/a-complete-guide-to-identity-verification-in-uk,https://propertytaxpartners.co.uk/,2026-10-10,docs/_engines/link_engine_store/bing/2026-10/67f944cd787efee1454bad38807acdf72a9be94d.json.gz,20
https://www.propertytaxpartners.co.uk/blog/incorporation-and-company-structures/a-guide-for-shareholders-in-the-uk,https://propertytaxpartners.co.uk/,2026-10-10,docs/_engines/link_engine_store/bing/2026-10/f55774b73ddaa45637b2323adba39669edfeac74.json.gz,0
https://www.propertytaxpartners.co.uk/blog/incorporation-and-company-structures/accountant-corporation-tax-property-companies,https://propertytaxpartners.co.uk/,2026-10-10,docs/_engines/link_engine_store/bing/2026-10/e14589614106820daa61992685d67913b8b4fecb.json.gz,0
https://www.propertytaxpartners.co.uk/blog/incorporation-and-company-structures/accountant-payroll-services,https://propertytaxpartners.co.uk/,2026-10-10,docs/_engines/link_engine_store/bing/2026-10/bf7606cb72259ebac94b9a433e17bc5eb57855bc.json.gz,0
https://www.propertytaxpartners.co.uk/blog/incorporation-and-company-structures/alphabet-shares-property-spv-dividend-splitting-spouse-children,https://propertytaxpartners.co.uk/,2026-10-10,docs/_engines/link_engine_store/bing/2026-10/aa71332f82e83b83451c03291c948f381788f708.json.gz,0
https://www.propertytaxpartners.co.uk/blog/incorporation-and-company-structures/anti-avoidance-rules-share-exchanges-and-reorganisations,https://propertytaxpartners.co.uk/,2026-10-10,docs/_engines/link_engine_store/bing/2026-10/98376fbead1df950736735441779780e2b7af142.json.gz,7
https://www.propertytaxpartners.co.uk/blog/incorporation-and-company-structures/are-landlords-really-leaving-net-formation-data,https://propertytaxpartners.co.uk/,2026-10-10,docs/_engines/link_engine_store/bing/2026-10/75941ae6fbf4eda1f3ec123563648f60ad78203c.json.gz,0
https://www.propertytaxpartners.co.uk/blog/incorporation-and-company-structures/ated-15-percent-flat-rate-sdlt-interaction,https://propertytaxpartners.co.uk/,2026-10-10,docs/_engines/link_engine_store/bing/2026-10/be59282ebf8451e1c2d264b8ff971983669d7a2a.json.gz,1
https://www.propertytaxpartners.co.uk/blog/incorporation-and-company-structures/ated-complete-guide-2026-27,https://propertytaxpartners.co.uk/,2026-10-10,docs/_engines/link_engine_store/bing/2026-10/6190411a67a1fbca86e0044905438f57dcf7608e.json.gz,45
https://www.propertytaxpartners.co.uk/blog/incorporation-and-company-structures/ated-late-filing-penalties-mechanics,https://propertytaxpartners.co.uk/,2026-10-10,docs/_engines/link_engine_store/bing/2026-10/da2ecb0835c459bbdccccd76d80b614ec9a9305f.json.gz,14
https://www.propertytaxpartners.co.uk/blog/incorporation-and-company-structures/ated-late-filing-penalty-appeal-reasonable-excuse,https://propertytaxpartners.co.uk/,2026-10-10,docs/_engines/link_engine_store/bing/2026-10/bb31ca1b63aecfe601a1fd9f989098d49ced5719.json.gz,5
https://www.propertytaxpartners.co.uk/blog/incorporation-and-company-structures/ated-mixed-use-property-apportionment-treatment,https://propertytaxpartners.co.uk/,2026-10-10,docs/_engines/link_engine_store/bing/2026-10/014456d4390e665e3583674e46b39b45b1acbb1f.json.gz,0
https://www.propertytaxpartners.co.uk/blog/incorporation-and-company-structures/how-to-transfer-property-into-limited-company-uk,https://propertytaxpartners.co.uk/,2026-10-10,docs/_engines/link_engine_store/bing/2026-10/f73c6579954169dfdda409a9d574770ff8c80c93.json.gz,905
https://www.propertytaxpartners.co.uk/blog/incorporation-and-company-structures/ated-overseas-companies-voluntary-compliance-otm-letters,https://propertytaxpartners.co.uk/,2026-10-10,docs/_engines/link_engine_store/bing/2026-10/3ac7bbd537024943691120387529d17c98a7dd61.json.gz,2
https://www.propertytaxpartners.co.uk/blog/incorporation-and-company-structures/ated-overview-companies-holding-uk-residential-property-2026-27,https://propertytaxpartners.co.uk/,2026-10-10,docs/_engines/link_engine_store/bing/2026-10/7f24cbb22e88c225ec1e6b52d6c88e7a0aaf400a.json.gz,0
https://www.propertytaxpartners.co.uk/blog/incorporation-and-company-structures/ated-rates-2026-27-bands-table-worked-examples,https://propertytaxpartners.co.uk/,2026-10-10,docs/_engines/link_engine_store/bing/2026-10/f35f376f58466a5c6b7d7755756ecfa161746bac.json.gz,151
https://www.propertytaxpartners.co.uk/blog/incorporation-and-company-structures/section-162-incorporation-relief-property-landlords,https://propertytaxpartners.co.uk/,2026-10-10,docs/_engines/link_engine_store/bing/2026-10/2cdc7a9ca6fd6aa7303c141b548865a4da3c7eff.json.gz,0
https://www.propertytaxpartners.co.uk/blog/incorporation-and-company-structures/buy-to-let-limited-company-complete-guide-uk,https://propertytaxpartners.co.uk/,2026-10-10,docs/_engines/link_engine_store/bing/2026-10/399830c1afdcf0ed210f7b2f4e803513c89c2828.json.gz,125
https://www.propertytaxpartners.co.uk/blog/incorporation-and-company-structures/ated-relief-clawback-occupation-non-qualifying-individual,https://propertytaxpartners.co.uk/,2026-10-10,docs/_engines/link_engine_store/bing/2026-10/54b3b77be36e90115cae11828dd9dcb71501c3ba.json.gz,0
https://www.propertytaxpartners.co.uk/landlord-tax,https://propertytaxpartners.co.uk/,2026-10-10,docs/_engines/link_engine_store/bing/2026-10/c288f885af8011d38369a4ea6655213c96f5d084.json.gz,4
https://www.propertytaxpartners.co.uk/blog/incorporation-and-company-structures/ated-relief-related-persons-market-rent-test,https://propertytaxpartners.co.uk/,2026-10-10,docs/_engines/link_engine_store/bing/2026-10/cab94c49df164f8ea86545c0e9d8bf37c6646565.json.gz,0
https://www.propertytaxpartners.co.uk/blog/incorporation-and-company-structures/ated-rental-property-relief-mechanics,https://propertytaxpartners.co.uk/,2026-10-10,docs/_engines/link_engine_store/bing/2026-10/f566aada3891de0c533c9924953ed3ea0dc6b06e.json.gz,0
https://www.propertytaxpartners.co.uk/blog/incorporation-and-company-structures/ated-return-amendment-corrections-procedure,https://propertytaxpartners.co.uk/,2026-10-10,docs/_engines/link_engine_store/bing/2026-10/2d6cf98ee592b8a6d929b4d92a28c085577a0d09.json.gz,0
https://www.propertytaxpartners.co.uk/blog/incorporation-and-company-structures/ated-six-step-compliance-walkthrough-uk-non-natural-persons,https://propertytaxpartners.co.uk/,2026-10-10,docs/_engines/link_engine_store/bing/2026-10/97da5541eb65a5a7170017977e718f9dfd7470bb.json.gz,0
https://www.propertytaxpartners.co.uk/blog/incorporation-and-company-structures/ated-valuation-date-rules-2027-revaluation,https://propertytaxpartners.co.uk/,2026-10-10,docs/_engines/link_engine_store/bing/2026-10/2e046173185d1b177af754bac361ac49845ca8af.json.gz,35
https://www.propertytaxpartners.co.uk/blog/incorporation-and-company-structures/bare-trust-vs-nominee-company-vs-formal-trust-decision-property-investors,https://propertytaxpartners.co.uk/,2026-10-10,docs/_engines/link_engine_store/bing/2026-10/c967743dd0637fbb6f5a32262ad6ffa957392ad0.json.gz,0
https://www.propertytaxpartners.co.uk/blog/incorporation-and-company-structures/btl-limited-company-year-end-date-changing-tax-planning,https://propertytaxpartners.co.uk/,2026-10-10,docs/_engines/link_engine_store/bing/2026-10/96bcace4377a42a1aac1c22832c10a07d226c510.json.gz,0
https://www.propertytaxpartners.co.uk/blog/incorporation-and-company-structures/btl-spv-directors-loan-repayment-strategy-tax-efficient-extraction,https://propertytaxpartners.co.uk/,2026-10-10,docs/_engines/link_engine_store/bing/2026-10/33a9ea50754208d8e6b66d0ac0f04defe984fb27.json.gz,0
https://www.propertytaxpartners.co.uk/blog/incorporation-and-company-structures/buy-to-let-limited-company-mortgage-options,https://propertytaxpartners.co.uk/,2026-10-10,docs/_engines/link_engine_store/bing/2026-10/8506d6833c47a7a52d274898b6e98e033536bf8e.json.gz,2
https://www.propertytaxpartners.co.uk/blog/incorporation-and-company-structures/buy-to-let-limited-company-mortgage-rates-2026-market-guide,https://propertytaxpartners.co.uk/,2026-10-10,docs/_engines/link_engine_store/bing/2026-10/d1665c0c8bef7270481e5cd2fd8cbb073f443d37.json.gz,2
https://www.propertytaxpartners.co.uk/blog/incorporation-and-company-structures/can-uk-landlords-still-use-llp-to-reduce-tax,https://propertytaxpartners.co.uk/,2026-10-10,docs/_engines/link_engine_store/bing/2026-10/60b92e12b2c306919c6d4c02a441ed4633472a2c.json.gz,0
https://www.propertytaxpartners.co.uk/blog/incorporation-and-company-structures/change-sic-code-companies-house-property-company,https://propertytaxpartners.co.uk/,2026-10-10,docs/_engines/link_engine_store/bing/2026-10/02d424c6dceac72adef59b618098ddc378396196.json.gz,26
https://www.propertytaxpartners.co.uk/blog/incorporation-and-company-structures/charging-market-rent-to-own-property-company-tax-treatment,https://propertytaxpartners.co.uk/,2026-10-10,docs/_engines/link_engine_store/bing/2026-10/ad2e3d33a679212ec6ccae006bcebbb4b35ec710.json.gz,0
https://www.propertytaxpartners.co.uk/blog/incorporation-and-company-structures/close-investment-holding-company-property,https://propertytaxpartners.co.uk/,2026-10-10,docs/_engines/link_engine_store/bing/2026-10/8686d55bb392601aede856b1464b315ecc1a3dfb.json.gz,16
https://www.propertytaxpartners.co.uk/blog/incorporation-and-company-structures/companies-house-changes-limited-partnership-requirements,https://propertytaxpartners.co.uk/,2026-10-10,docs/_engines/link_engine_store/bing/2026-10/dc68a7d0ec2bc9230275410a835a745bbfef808b.json.gz,0
https://www.propertytaxpartners.co.uk/blog/incorporation-and-company-structures/companies-house-confirmation-statement-changes-2024-onwards-psc-disclosure,https://propertytaxpartners.co.uk/,2026-10-10,docs/_engines/link_engine_store/bing/2026-10/eedafcf8ff1c4c915cccd04f461d402151626238.json.gz,0
https://www.propertytaxpartners.co.uk/blog/incorporation-and-company-structures/companies-house-emails-directors-for-identity-verification-under-new-rules,https://propertytaxpartners.co.uk/,2026-10-10,docs/_engines/link_engine_store/bing/2026-10/f67569671e431fce851d8382f48b4c39a6c1f152.json.gz,0
https://www.propertytaxpartners.co.uk/blog/incorporation-and-company-structures/companies-house-id-verification-begins-today,https://propertytaxpartners.co.uk/,2026-10-10,docs/_engines/link_engine_store/bing/2026-10/9eff70e6a46afeda2c82aa791539e9ff5131a2b1.json.gz,0
https://www.propertytaxpartners.co.uk/blog/incorporation-and-company-structures/companies-house-reforms,https://propertytaxpartners.co.uk/,2026-10-10,docs/_engines/link_engine_store/bing/2026-10/12fd50212a21263fcfc2921109926d89ddbe7ccf.json.gz,0
https://www.propertytaxpartners.co.uk/blog/incorporation-and-company-structures/companies-house-reforms-explained-for-business-success,https://propertytaxpartners.co.uk/,2026-10-10,docs/_engines/link_engine_store/bing/2026-10/e0063604dfc85b3e0b620fff60aa876bf35ef80e.json.gz,0
https://www.propertytaxpartners.co.uk/blog/incorporation-and-company-structures/companies-house-reforms-navigating-the-new-landscape,https://propertytaxpartners.co.uk/,2026-10-10,docs/_engines/link_engine_store/bing/2026-10/013f34e54c73e0c66717456603c9aa18ef814c7b.json.gz,0
https://www.propertytaxpartners.co.uk/blog/incorporation-and-company-structures/companies-house-tightens-id-rules-what-does-it-mean,https://propertytaxpartners.co.uk/,2026-10-10,docs/_engines/link_engine_store/bing/2026-10/87dd46502ff327b41786b614106ee2eb88a17d30.json.gz,0
https://www.propertytaxpartners.co.uk/blog/incorporation-and-company-structures/condition-c-trading-stock-section-162-incorporation-relief-denial-developers,https://propertytaxpartners.co.uk/,2026-10-10,docs/_engines/link_engine_store/bing/2026-10/a99906400e24f0ec236f2e8bb96de5af27b5c376.json.gz,0
https://www.propertytaxpartners.co.uk/blog/incorporation-and-company-structures/confirmation-statements,https://propertytaxpartners.co.uk/,2026-10-10,docs/_engines/link_engine_store/bing/2026-10/53c78b0aba41f854cb05f4ccedd905383e2d98b0.json.gz,0
https://www.propertytaxpartners.co.uk/blog/incorporation-and-company-structures/corporate-tax-planning-strategies-for-uk-clients,https://propertytaxpartners.co.uk/,2026-10-10,docs/_engines/link_engine_store/bing/2026-10/741c964b364545671bb2adfbda533def8a28daad.json.gz,0
https://www.propertytaxpartners.co.uk/blog/incorporation-and-company-structures/corporation-tax-deadlines-and-penalties,https://propertytaxpartners.co.uk/,2026-10-10,docs/_engines/link_engine_store/bing/2026-10/2841137002b5fbc7891d6861849d5b433e579d86.json.gz,0
https://www.propertytaxpartners.co.uk/blog/incorporation-and-company-structures/corporation-tax-marginal-relief-property-companies,https://propertytaxpartners.co.uk/,2026-10-10,docs/_engines/link_engine_store/bing/2026-10/3c0cac9a9b9081ffd8ab10621472f732305e0ea1.json.gz,0
https://www.propertytaxpartners.co.uk/blog/incorporation-and-company-structures/corporation-tax-marginal-relief-uk-guide,https://propertytaxpartners.co.uk/,2026-10-10,docs/_engines/link_engine_store/bing/2026-10/b58d39982830d278a922fccbb465a94fcaa5dc1d.json.gz,331
https://www.propertytaxpartners.co.uk/blog/incorporation-and-company-structures/corporation-tax-rates-property-companies-2026-27,https://propertytaxpartners.co.uk/,2026-10-10,docs/_engines/link_engine_store/bing/2026-10/fd34dff32d342b5f7697139b092e7505dbe29d02.json.gz,0
https://www.propertytaxpartners.co.uk/blog/incorporation-and-company-structures/corporation-tax-vs-income-tax-landlords-2027,https://propertytaxpartners.co.uk/,2026-10-10,docs/_engines/link_engine_store/bing/2026-10/28104bc9d1dfa30f1662c256f7d6af46ad7c548b.json.gz,0
https://www.propertytaxpartners.co.uk/blog/incorporation-and-company-structures/director-living-in-property-owned-by-limited-company,https://propertytaxpartners.co.uk/,2026-10-10,docs/_engines/link_engine_store/bing/2026-10/865744624b47dc08e46b65f7d7af45198f58e0b6.json.gz,0
https://www.propertytaxpartners.co.uk/blog/incorporation-and-company-structures/director-loan-account-property-company-mechanics,https://propertytaxpartners.co.uk/,2026-10-10,docs/_engines/link_engine_store/bing/2026-10/a66a13ce12c4eb5d6dedd5a0cacd758bde40b9c7.json.gz,0
https://www.propertytaxpartners.co.uk/blog/incorporation-and-company-structures/director-loan-property-company,https://propertytaxpartners.co.uk/,2026-10-10,docs/_engines/link_engine_store/bing/2026-10/bfa6f0b38c989405259cf441be7f7f24ff3e53f7.json.gz,0
https://www.propertytaxpartners.co.uk/blog/incorporation-and-company-structures/directors-loan-accountsdla-uk-guide,https://propertytaxpartners.co.uk/,2026-10-10,docs/_engines/link_engine_store/bing/2026-10/6090b1446785992a1137d29449d27d2297c5ef48.json.gz,283
https://www.propertytaxpartners.co.uk/blog/incorporation-and-company-structures/directors-loan-repayment-bed-and-breakfast-trap-s464c-s464d,https://propertytaxpartners.co.uk/,2026-10-10,docs/_engines/link_engine_store/bing/2026-10/5d9a26b703f383dea0c2d4ccb1a3a516c748e0c9.json.gz,1
https://www.propertytaxpartners.co.uk/blog/incorporation-and-company-structures/directors-of-trust-owned-spv-extraction-rules-settlor-interested-trap,https://propertytaxpartners.co.uk/,2026-10-10,docs/_engines/link_engine_store/bing/2026-10/e992138c8b299b98ac1d4653906b1be3fd4b97db.json.gz,0
https://www.propertytaxpartners.co.uk/blog/incorporation-and-company-structures/disadvantages-of-family-investment-companies-fics,https://propertytaxpartners.co.uk/,2026-10-10,docs/_engines/link_engine_store/bing/2026-10/4304be5b8d5492ca6b429666dcb6fccf0271d074.json.gz,0
https://www.propertytaxpartners.co.uk/blog/incorporation-and-company-structures/do-landlords-incorporate-when-house-prices-fall,https://propertytaxpartners.co.uk/,2026-10-10,docs/_engines/link_engine_store/bing/2026-10/21306a25db45f434de99cd51a2a2b1c54c28b18d.json.gz,0
https://www.propertytaxpartners.co.uk/blog/incorporation-and-company-structures/does-your-business-qualify-as-a-partnership,https://propertytaxpartners.co.uk/,2026-10-10,docs/_engines/link_engine_store/bing/2026-10/d9dd5094694f154574cf41c4964d7ab5fddaecb7.json.gz,0
https://www.propertytaxpartners.co.uk/blog/incorporation-and-company-structures/eccta-2023-id-verification-mandatory-companies-house-2025-2026-landlord-ltdcos,https://propertytaxpartners.co.uk/,2026-10-10,docs/_engines/link_engine_store/bing/2026-10/3cccf8b7e992ded35a8ba2a52bd8bea2d3229eb5.json.gz,0
https://www.propertytaxpartners.co.uk/blog/incorporation-and-company-structures/eligible-groups-for-group-relief-under-uk-corporation-tax,https://propertytaxpartners.co.uk/,2026-10-10,docs/_engines/link_engine_store/bing/2026-10/658b6cacc577820ff8866356a4530e591f274de0.json.gz,4
https://www.propertytaxpartners.co.uk/blog/incorporation-and-company-structures/employee-ownership-trust-eot-property-spv-exit-mechanics-tcga-1992-s236,https://propertytaxpartners.co.uk/,2026-10-10,docs/_engines/link_engine_store/bing/2026-10/c25bbec8fa728ea826fdac16db81ac1e5e953d81.json.gz,0
https://www.propertytaxpartners.co.uk/blog/incorporation-and-company-structures/extracting-cash-from-property-spv-extraction-sequence-pillar-2026-27,https://propertytaxpartners.co.uk/,2026-10-10,docs/_engines/link_engine_store/bing/2026-10/e3a910d10ba33d2c10a4e673a64e5b1f565cf835.json.gz,0
https://www.propertytaxpartners.co.uk/blog/incorporation-and-company-structures/extracting-money-from-property-limited-company,https://propertytaxpartners.co.uk/,2026-10-10,docs/_engines/link_engine_store/bing/2026-10/dde22ada371d255ed3c890c06f5bb3cfb62db704.json.gz,0
https://www.propertytaxpartners.co.uk/blog/incorporation-and-company-structures/extraction-while-incorporating-phase-2-acquisition-funded-by-personal-funds,https://propertytaxpartners.co.uk/,2026-10-10,docs/_engines/link_engine_store/bing/2026-10/053b5d55785ec6778de1ae6cbcc2973453f6aa98.json.gz,0
https://www.propertytaxpartners.co.uk/blog/incorporation-and-company-structures/family-investment-company-mechanics-share-classes-property,https://propertytaxpartners.co.uk/,2026-10-10,docs/_engines/link_engine_store/bing/2026-10/37b5e547e9505c74e73bd456b12f83a7906dd442.json.gz,0
https://www.propertytaxpartners.co.uk/blog/incorporation-and-company-structures/family-investment-company-property-worth-it,https://propertytaxpartners.co.uk/,2026-10-10,docs/_engines/link_engine_store/bing/2026-10/b39b6eea3527a1036e44ea0bc5dc7f9d349f3f8e.json.gz,0
https://www.propertytaxpartners.co.uk/blog/incorporation-and-company-structures/fic-articles-of-association-property-control-mechanics,https://propertytaxpartners.co.uk/,2026-10-10,docs/_engines/link_engine_store/bing/2026-10/47711d20794fb2efa18fa3934e5d569ced0b1213.json.gz,0
https://www.propertytaxpartners.co.uk/blog/incorporation-and-company-structures/fic-blended-family-protected-legacy-property-second-marriage,https://propertytaxpartners.co.uk/,2026-10-10,docs/_engines/link_engine_store/bing/2026-10/6926aa201c7140ecb74a51128cd9997f13c5858f.json.gz,0
https://www.propertytaxpartners.co.uk/blog/incorporation-and-company-structures/fic-campaign,https://propertytaxpartners.co.uk/,2026-10-10,docs/_engines/link_engine_store/bing/2026-10/f206e503697bc1dbbfe83dc772e584332eb1b497.json.gz,0
https://www.propertytaxpartners.co.uk/blog/incorporation-and-company-structures/fic-complete-guide-property-wealth-transfer,https://propertytaxpartners.co.uk/,2026-10-10,docs/_engines/link_engine_store/bing/2026-10/4704913eadd1d18a57c671cabe104c5648f9c8e6.json.gz,0
https://www.propertytaxpartners.co.uk/blog/incorporation-and-company-structures/fic-gifting-shares-children-property-7-year-iht-mechanics,https://propertytaxpartners.co.uk/,2026-10-10,docs/_engines/link_engine_store/bing/2026-10/6a8bdb6f663636d9378f0b17fad08bb178cca228.json.gz,0
https://www.propertytaxpartners.co.uk/blog/incorporation-and-company-structures/fic-growth-shares-and-freezer-shares-design,https://propertytaxpartners.co.uk/,2026-10-10,docs/_engines/link_engine_store/bing/2026-10/8fe4e29c51317f1ee59f48c1a6bb2bab9995c4bd.json.gz,0
https://www.propertytaxpartners.co.uk/blog/incorporation-and-company-structures/fic-iht-treatment-bpr-myth,https://propertytaxpartners.co.uk/,2026-10-10,docs/_engines/link_engine_store/bing/2026-10/0860159e6cf1751dc801958ed1a330e4f89c7ad2.json.gz,0
https://www.propertytaxpartners.co.uk/blog/incorporation-and-company-structures/fic-property-corporate-governance-board-meetings-resolutions-discipline,https://propertytaxpartners.co.uk/,2026-10-10,docs/_engines/link_engine_store/bing/2026-10/bfb065656bba3204e897938387c2d8b9c25f4866.json.gz,0
https://www.propertytaxpartners.co.uk/blog/incorporation-and-company-structures/fic-property-retirement-decumulation-mechanics-uk,https://propertytaxpartners.co.uk/,2026-10-10,docs/_engines/link_engine_store/bing/2026-10/f0dacc2f31c894494a052a148755c995bc4606af.json.gz,0
https://www.propertytaxpartners.co.uk/blog/incorporation-and-company-structures/fic-vs-discretionary-trust-property-comparison,https://propertytaxpartners.co.uk/,2026-10-10,docs/_engines/link_engine_store/bing/2026-10/c61426900685afdb5a430f2f84e92a871512c9cf.json.gz,0
https://www.propertytaxpartners.co.uk/blog/incorporation-and-company-structures/gifting-property-to-adult-children-decision-tree-cgt-iht-occupancy-mechanics,https://propertytaxpartners.co.uk/,2026-10-10,docs/_engines/link_engine_store/bing/2026-10/df30804c05b56f32f4d0d83244e7c4c45f5e208c.json.gz,0
https://www.propertytaxpartners.co.uk/blog/incorporation-and-company-structures/gifting-property-to-minor-children-bare-trust-mechanics-tax-traps,https://propertytaxpartners.co.uk/,2026-10-10,docs/_engines/link_engine_store/bing/2026-10/e1d207b3aa54f1db32adfb6fde992f10cca0de96.json.gz,0
https://www.propertytaxpartners.co.uk/blog/incorporation-and-company-structures/grob-s102-family-home-shared-occupation-s102b-uk-mechanics,https://propertytaxpartners.co.uk/,2026-10-10,docs/_engines/link_engine_store/bing/2026-10/bb781aba572dc531ae81bffcbca35c1f82ac5b00.json.gz,0
https://www.propertytaxpartners.co.uk/blog/incorporation-and-company-structures/hmrcs-new-guidelines-for-llps-raise-concerns,https://propertytaxpartners.co.uk/,2026-10-10,docs/_engines/link_engine_store/bing/2026-10/7ad207561cc16bafcf9174346edc9f601495abef.json.gz,0
https://www.propertytaxpartners.co.uk/blog/incorporation-and-company-structures/how-many-buy-to-let-limited-companies-uk,https://propertytaxpartners.co.uk/,2026-10-10,docs/_engines/link_engine_store/bing/2026-10/6f0b54aea297e1bc4504b2fbbffba68b7f978f87.json.gz,0
https://www.propertytaxpartners.co.uk/blog/incorporation-and-company-structures/how-old-are-uk-property-companies-age-profile,https://propertytaxpartners.co.uk/,2026-10-10,docs/_engines/link_engine_store/bing/2026-10/7eab36bcc31fe4d0089503bbe3dc2f1dc04787fd.json.gz,0
https://www.propertytaxpartners.co.uk/blog/incorporation-and-company-structures/how-to-choose-right-property-company-structure-uk-landlords-2026,https://propertytaxpartners.co.uk/,2026-10-10,docs/_engines/link_engine_store/bing/2026-10/cb1260310e283229f81a594e27f5e1057ed8c711.json.gz,0
https://www.propertytaxpartners.co.uk/blog/incorporation-and-company-structures/how-to-close-a-property-limited-company,https://propertytaxpartners.co.uk/,2026-10-10,docs/_engines/link_engine_store/bing/2026-10/ed77802be2ae8ad171e200a19d5acf5db45c97ea.json.gz,0
https://www.propertytaxpartners.co.uk/blog/incorporation-and-company-structures/how-to-set-up-property-investment-company-uk-guide,https://propertytaxpartners.co.uk/,2026-10-10,docs/_engines/link_engine_store/bing/2026-10/d576000dd880a1a036a45f5eb0016705a0262fd7.json.gz,37
https://www.propertytaxpartners.co.uk/blog/incorporation-and-company-structures/how-us-based-directors-of-uk-companies-can-navigate-ecctas-new-identity-verification-rules,https://propertytaxpartners.co.uk/,2026-10-10,docs/_engines/link_engine_store/bing/2026-10/32f8955a74f214ac5ca5cddf9bacf74a2a5724e5.json.gz,0
https://www.propertytaxpartners.co.uk/blog/incorporation-and-company-structures/hybrid-limited-liability-partnership,https://propertytaxpartners.co.uk/,2026-10-10,docs/_engines/link_engine_store/bing/2026-10/285e34c6e59e0c19123e032d7c9abf460c50dba9.json.gz,0
https://www.propertytaxpartners.co.uk/blog/incorporation-and-company-structures/identity-verification-for-pscs-your-questions-answered,https://propertytaxpartners.co.uk/,2026-10-10,docs/_engines/link_engine_store/bing/2026-10/feb0a4d05db1f0109fd38cbdf0fd2dfa13ef0404.json.gz,0
https://www.propertytaxpartners.co.uk/blog/incorporation-and-company-structures/identity-verification-form,https://propertytaxpartners.co.uk/,2026-10-10,docs/_engines/link_engine_store/bing/2026-10/6bbc236aa5d57fb4b17c45c006feab7a3f8478e2.json.gz,0
https://www.propertytaxpartners.co.uk/blog/incorporation-and-company-structures/immediate-post-death-interest-ipdi-rental-property-tax-iht-1984-s49a,https://propertytaxpartners.co.uk/,2026-10-10,docs/_engines/link_engine_store/bing/2026-10/2e6003304783acd09608f6542fc8e290fadd0690.json.gz,0
https://www.propertytaxpartners.co.uk/blog/incorporation-and-company-structures/incorporate-rental-property-without-cgt,https://propertytaxpartners.co.uk/,2026-10-10,docs/_engines/link_engine_store/bing/2026-10/0f816a643a7f98411a9fc71bb9eb1dc4c28f2695.json.gz,0
https://www.propertytaxpartners.co.uk/blog/incorporation-and-company-structures/incorporating-an-hmo-into-a-limited-company-pros-and-cons,https://propertytaxpartners.co.uk/,2026-10-10,docs/_engines/link_engine_store/bing/2026-10/8c52acf663b7cd155849eed20342667297f6b994.json.gz,0
https://www.propertytaxpartners.co.uk/blog/incorporation-and-company-structures/incorporating-hmo-portfolio-to-limited-company,https://propertytaxpartners.co.uk/,2026-10-10,docs/_engines/link_engine_store/bing/2026-10/9976c132b0fe6c87bc75fbefac8213bc7672c5d2.json.gz,0
https://www.propertytaxpartners.co.uk/blog/incorporation-and-company-structures/incorporating-property-portfolio-uk-2026,https://propertytaxpartners.co.uk/,2026-10-10,docs/_engines/link_engine_store/bing/2026-10/db6a1d58ed3dbda3fc384919228a0f003dd0f4e4.json.gz,17
https://www.propertytaxpartners.co.uk/blog/incorporation-and-company-structures/incorporation-case-study-10-property-portfolio-200k-mortgage,https://propertytaxpartners.co.uk/,2026-10-10,docs/_engines/link_engine_store/bing/2026-10/30a8fa87278cd3ce3f3722acb29102ca6a160d34.json.gz,0
https://www.propertytaxpartners.co.uk/blog/incorporation-and-company-structures/incorporation-case-study-5-property-portfolio-analysis,https://propertytaxpartners.co.uk/,2026-10-10,docs/_engines/link_engine_store/bing/2026-10/a271bbc0c4193cbfa0c411a27c467845756b7ee1.json.gz,0
https://www.propertytaxpartners.co.uk/blog/incorporation-and-company-structures/incorporation-cost-calculator-cgt-sdlt-implications,https://propertytaxpartners.co.uk/,2026-10-10,docs/_engines/link_engine_store/bing/2026-10/eff0f4f1907adf5b69522d3ed4ff29b15c313aba.json.gz,0
https://www.propertytaxpartners.co.uk/blog/incorporation-and-company-structures/incorporation-existing-portfolios-phased-approach,https://propertytaxpartners.co.uk/,2026-10-10,docs/_engines/link_engine_store/bing/2026-10/90b97e6e437caf538165dbc981bcee48336b2f48.json.gz,0
https://www.propertytaxpartners.co.uk/blog/incorporation-and-company-structures/incorporation-holdover-relief-property,https://propertytaxpartners.co.uk/,2026-10-10,docs/_engines/link_engine_store/bing/2026-10/7497972e92312597344cbcce8deb8f84804ac3c1.json.gz,0
https://www.propertytaxpartners.co.uk/blog/incorporation-and-company-structures/incorporation-timing-when-to-incorporate-property-portfolio,https://propertytaxpartners.co.uk/,2026-10-10,docs/_engines/link_engine_store/bing/2026-10/365e100fa98ad46fddc076a28e8e8f1654f05ab6.json.gz,0
https://www.propertytaxpartners.co.uk/blog/incorporation-and-company-structures/interest-in-possession-iht-treatment-iipi-iht49a-life-tenant-rental-property,https://propertytaxpartners.co.uk/,2026-10-10,docs/_engines/link_engine_store/bing/2026-10/43095bf53fead087e0cddb5fbcf9dee98d72471c.json.gz,0
https://www.propertytaxpartners.co.uk/blog/incorporation-and-company-structures/intestacy-mechanics-rental-property-portfolio-no-will-cohort-operational-walkthrough,https://propertytaxpartners.co.uk/,2026-10-10,docs/_engines/link_engine_store/bing/2026-10/083693f913c6a5ccd0974f16e05c18d7df9bddea.json.gz,0
https://www.propertytaxpartners.co.uk/blog/incorporation-and-company-structures/landlord-incorporation-step-by-step-guide-uk,https://propertytaxpartners.co.uk/,2026-10-10,docs/_engines/link_engine_store/bing/2026-10/6d3afb63a0b61a7fa821c78461b11a1661a67da1.json.gz,1
https://www.propertytaxpartners.co.uk/blog/incorporation-and-company-structures/landlord-registration-limited-company-scotland-wales,https://propertytaxpartners.co.uk/,2026-10-10,docs/_engines/link_engine_store/bing/2026-10/aeccd34c41390455ffe15077bea7a905ddb2d2fa.json.gz,0
https://www.propertytaxpartners.co.uk/blog/incorporation-and-company-structures/limited-companies,https://propertytaxpartners.co.uk/,2026-10-10,docs/_engines/link_engine_store/bing/2026-10/20dee21b630801f32508a14e195a7d0940a87fa7.json.gz,0
https://www.propertytaxpartners.co.uk/blog/incorporation-and-company-structures/limited-companies-and-btl-properties,https://propertytaxpartners.co.uk/,2026-10-10,docs/_engines/link_engine_store/bing/2026-10/290dcd893ca55464c4b824f9fdd88df857902c43.json.gz,0
https://www.propertytaxpartners.co.uk/blog/incorporation-and-company-structures/limited-company-buy-to-let-allowable-expenses,https://propertytaxpartners.co.uk/,2026-10-10,docs/_engines/link_engine_store/bing/2026-10/6f7d49f2035342810bf00ac51c6576c930cb8a19.json.gz,0
https://www.propertytaxpartners.co.uk/blog/incorporation-and-company-structures/limited-company-vs-personal-ownership-tax-comparison-2026,https://propertytaxpartners.co.uk/,2026-10-10,docs/_engines/link_engine_store/bing/2026-10/1af8bcfdddc128fb2536fa85602094c29136e7b6.json.gz,0
https://www.propertytaxpartners.co.uk/blog/incorporation-and-company-structures/llp-accounts,https://propertytaxpartners.co.uk/,2026-10-10,docs/_engines/link_engine_store/bing/2026-10/3510079f43e8525c4d1beb4333493da7c1044ce9.json.gz,52
https://www.propertytaxpartners.co.uk/blog/incorporation-and-company-structures/llp-and-taxation-benefits,https://propertytaxpartners.co.uk/,2026-10-10,docs/_engines/link_engine_store/bing/2026-10/7f40ac57bd0eac89b6f55b73d7ff68bd0948c59e.json.gz,2
https://www.propertytaxpartners.co.uk/blog/incorporation-and-company-structures/llp-property-investment-worth-considering,https://propertytaxpartners.co.uk/,2026-10-10,docs/_engines/link_engine_store/bing/2026-10/ffceafc38078685b3020c0ba4d46ffd26d735683.json.gz,2
https://www.propertytaxpartners.co.uk/blog/incorporation-and-company-structures/multi-company-group-extraction-spv-holding-co-dividend-conduit-mechanics,https://propertytaxpartners.co.uk/,2026-10-10,docs/_engines/link_engine_store/bing/2026-10/febe8eb78baa19310296da5b65a51294445c0f9a.json.gz,0
https://www.propertytaxpartners.co.uk/blog/incorporation-and-company-structures/mvl-members-voluntary-liquidation-property-company-cgt-vs-income-treatment,https://propertytaxpartners.co.uk/,2026-10-10,docs/_engines/link_engine_store/bing/2026-10/ad2202e3377ac64fbe2f1da7bb87b44ce3235c67.json.gz,0
https://www.propertytaxpartners.co.uk/blog/incorporation-and-company-structures/partnership-partnership-agreement-roles-types-benefits,https://propertytaxpartners.co.uk/,2026-10-10,docs/_engines/link_engine_store/bing/2026-10/b1b96a3b858078d62bddbbd3168be0eba94c4f34.json.gz,0
https://www.propertytaxpartners.co.uk/blog/incorporation-and-company-structures/partnership-sdlt-relief-schedule-15-fa-2003-incorporation-sum-lower-proportions,https://propertytaxpartners.co.uk/,2026-10-10,docs/_engines/link_engine_store/bing/2026-10/cfb3f8673a33824572e1b44650dc0f343a074e36.json.gz,147
https://www.propertytaxpartners.co.uk/blog/incorporation-and-company-structures/pre-sale-extraction-strip-cash-before-spv-share-sale-vs-buyer-discount,https://propertytaxpartners.co.uk/,2026-10-10,docs/_engines/link_engine_store/bing/2026-10/681d9ac04f4dc3b6ac1a6812f13027654c491164.json.gz,0
https://www.propertytaxpartners.co.uk/blog/incorporation-and-company-structures/property-company-accounting-requirements-hmrc-expectations,https://propertytaxpartners.co.uk/,2026-10-10,docs/_engines/link_engine_store/bing/2026-10/7ca6bf443bf86cbd609aca8c7ac0f66cc9db6c5c.json.gz,0
https://www.propertytaxpartners.co.uk/blog/incorporation-and-company-structures/property-company-dividend-tax,https://propertytaxpartners.co.uk/,2026-10-10,docs/_engines/link_engine_store/bing/2026-10/7ca0a26905d00aad7b2677cddee8e77355c90369.json.gz,0
https://www.propertytaxpartners.co.uk/blog/incorporation-and-company-structures/property-company-employer-pension-contributions-directors,https://propertytaxpartners.co.uk/,2026-10-10,docs/_engines/link_engine_store/bing/2026-10/145263debd2d906979402babb589a197a83c54f1.json.gz,0
https://www.propertytaxpartners.co.uk/blog/incorporation-and-company-structures/property-company-group-relief-corporation-tax,https://propertytaxpartners.co.uk/,2026-10-10,docs/_engines/link_engine_store/bing/2026-10/4cf6bf1c16a6e4ce213c7436e32a110ef5471924.json.gz,5
https://www.propertytaxpartners.co.uk/blog/incorporation-and-company-structures/property-company-profit-extraction-salary-vs-dividends,https://propertytaxpartners.co.uk/,2026-10-10,docs/_engines/link_engine_store/bing/2026-10/5fde63b01194fd1baef1905e850643188bab7d30.json.gz,0
https://www.propertytaxpartners.co.uk/blog/incorporation-and-company-structures/property-company-running-costs-annual-budget,https://propertytaxpartners.co.uk/,2026-10-10,docs/_engines/link_engine_store/bing/2026-10/b03561fe4365defffd0301a3ca46e788f71b98ca.json.gz,0
https://www.propertytaxpartners.co.uk/blog/incorporation-and-company-structures/property-investment-company-structure-planning,https://propertytaxpartners.co.uk/,2026-10-10,docs/_engines/link_engine_store/bing/2026-10/49e5a21eba48aab4a3be0e3ef86d048e9a2c60f2.json.gz,37
https://www.propertytaxpartners.co.uk/blog/incorporation-and-company-structures/property-partnership-trading-investment-jv-developer-structures-sch-15-sdlt-interaction,https://propertytaxpartners.co.uk/,2026-10-10,docs/_engines/link_engine_store/bing/2026-10/a1675ad77e1491b0d42c00e39ed922068f9d0eed.json.gz,0
https://www.propertytaxpartners.co.uk/blog/incorporation-and-company-structures/property-spv-employer-pension-contributions-wholly-and-exclusively-test-mechanics,https://propertytaxpartners.co.uk/,2026-10-10,docs/_engines/link_engine_store/bing/2026-10/c7a98327c81b24587bc2f062122b3f31ee89aff6.json.gz,0
https://www.propertytaxpartners.co.uk/blog/incorporation-and-company-structures/property-spv-share-buyback-out-of-distributable-reserves-mechanics,https://propertytaxpartners.co.uk/,2026-10-10,docs/_engines/link_engine_store/bing/2026-10/a7d4c3c7fa421db28ae0bbb338d7986a5f945f90.json.gz,0
https://www.propertytaxpartners.co.uk/blog/incorporation-and-company-structures/putting-rental-property-into-a-trust-decision-pillar-iht-cgt-sdlt-stack,https://propertytaxpartners.co.uk/,2026-10-10,docs/_engines/link_engine_store/bing/2026-10/fd6bd76a9b967ae181c692d5301b94ae2aeb307f.json.gz,0
https://www.propertytaxpartners.co.uk/blog/incorporation-and-company-structures/register-for-uk-corporation-tax,https://propertytaxpartners.co.uk/,2026-10-10,docs/_engines/link_engine_store/bing/2026-10/6945f1a2dcb6404bf49a34091da3776cf2fd8fc4.json.gz,0
https://www.propertytaxpartners.co.uk/blog/incorporation-and-company-structures/registered-office-address-property-spv,https://propertytaxpartners.co.uk/,2026-10-10,docs/_engines/link_engine_store/bing/2026-10/42606eef1d3b956574421921ce16ec3bd535ee2c.json.gz,0
https://www.propertytaxpartners.co.uk/blog/incorporation-and-company-structures/residential-property-developer-tax-uk,https://propertytaxpartners.co.uk/,2026-10-10,docs/_engines/link_engine_store/bing/2026-10/10555f6aab62e8f0c087921397a58662f5fee985.json.gz,10
https://www.propertytaxpartners.co.uk/blog/incorporation-and-company-structures/retained-profits-property-company-tax-advantages,https://propertytaxpartners.co.uk/,2026-10-10,docs/_engines/link_engine_store/bing/2026-10/b21cb79c1c16bd7435f1eb1bb72d388cd78d3d4d.json.gz,0
https://www.propertytaxpartners.co.uk/blog/incorporation-and-company-structures/salary-vs-dividends-property-spv-2026-27-marginal-rate-analysis,https://propertytaxpartners.co.uk/,2026-10-10,docs/_engines/link_engine_store/bing/2026-10/8b4a5dfc962a6487f48f2ee094934337672cb920.json.gz,0
https://www.propertytaxpartners.co.uk/blog/incorporation-and-company-structures/scottish-lbtt-bare-trust-acquisition-relief-corporate-restructuring-mechanics,https://propertytaxpartners.co.uk/,2026-10-10,docs/_engines/link_engine_store/bing/2026-10/86665fb9f983d162ea0fcfd382bd538a0e781bed.json.gz,0
https://www.propertytaxpartners.co.uk/blog/incorporation-and-company-structures/scottish-lbtt-corporate-buyer-15-percent-flat-rate-or-ads-pathway-decision,https://propertytaxpartners.co.uk/,2026-10-10,docs/_engines/link_engine_store/bing/2026-10/9683cdc9cf255e55ab93e063226c4c69173bb5d5.json.gz,3
https://www.propertytaxpartners.co.uk/blog/incorporation-and-company-structures/sdlt-bewley-uninhabitable-property-test-non-residential-rates-landlords,https://propertytaxpartners.co.uk/,2026-10-10,docs/_engines/link_engine_store/bing/2026-10/54c2a21afd99d9e6188078dc7ad275698fcb1903.json.gz,0
https://www.propertytaxpartners.co.uk/blog/incorporation-and-company-structures/sdlt-divorce-separation-transfer-relief-schedule-3-paragraph-3-fa-2003,https://propertytaxpartners.co.uk/,2026-10-10,docs/_engines/link_engine_store/bing/2026-10/f99bef0b809cf8d1be852a985791d26cd2772177.json.gz,3
https://www.propertytaxpartners.co.uk/blog/incorporation-and-company-structures/sdlt-group-relief-for-corporate-landlord-portfolios,https://propertytaxpartners.co.uk/,2026-10-10,docs/_engines/link_engine_store/bing/2026-10/3e4a55990b74f20862817ef5e151c3c2b6cc7c29.json.gz,60
https://www.propertytaxpartners.co.uk/blog/incorporation-and-company-structures/sdlt-group-relief-schedule-7-fa-2003-claw-back-connected-party-recovery-depth,https://propertytaxpartners.co.uk/,2026-10-10,docs/_engines/link_engine_store/bing/2026-10/32ef3822ac435148d7e87dee7846def5d7c90976.json.gz,30
https://www.propertytaxpartners.co.uk/blog/incorporation-and-company-structures/sdlt-incorporation-stamp-duty-twice,https://propertytaxpartners.co.uk/,2026-10-10,docs/_engines/link_engine_store/bing/2026-10/c470765950fdb7969014c376aa0b136f2f892aed.json.gz,72
https://www.propertytaxpartners.co.uk/blog/incorporation-and-company-structures/sdlt-linked-transactions-fa-2003-section-108-landlord-portfolio-acquisition,https://propertytaxpartners.co.uk/,2026-10-10,docs/_engines/link_engine_store/bing/2026-10/fa188db32e1c3379b46ea1a4c761e309aefc9c5d.json.gz,0
https://www.propertytaxpartners.co.uk/blog/incorporation-and-company-structures/sdlt-six-dwellings-non-residential-election,https://propertytaxpartners.co.uk/,2026-10-10,docs/_engines/link_engine_store/bing/2026-10/b6ea83494b86e2cda27e674970338d1f5bd1abfb.json.gz,38
https://www.propertytaxpartners.co.uk/blog/incorporation-and-company-structures/sdlt-sub-sale-relief-mechanics,https://propertytaxpartners.co.uk/,2026-10-10,docs/_engines/link_engine_store/bing/2026-10/0509adae44198691b4b4a695290698b463e6a2ee.json.gz,4
https://www.propertytaxpartners.co.uk/blog/incorporation-and-company-structures/sdlt-transfer-property-company-cost,https://propertytaxpartners.co.uk/,2026-10-10,docs/_engines/link_engine_store/bing/2026-10/d140d29644803c75e3a5b014cdd054d33c234864.json.gz,628
https://www.propertytaxpartners.co.uk/blog/incorporation-and-company-structures/section-24-impact-on-company-formations-data,https://propertytaxpartners.co.uk/,2026-10-10,docs/_engines/link_engine_store/bing/2026-10/692994a89d1cbc6dd8cec0c24328bcecd2e4f31e.json.gz,0
https://www.propertytaxpartners.co.uk/blog/incorporation-and-company-structures/selling-a-property-spv-share-sale-vs-asset-sale,https://propertytaxpartners.co.uk/,2026-10-10,docs/_engines/link_engine_store/bing/2026-10/81f83a4e54acca2fae16f6ae52f6b46e00173c1f.json.gz,0
https://www.propertytaxpartners.co.uk/blog/incorporation-and-company-structures/settlements-legislation-s624-s629-property-income-attribution-mechanics,https://propertytaxpartners.co.uk/,2026-10-10,docs/_engines/link_engine_store/bing/2026-10/34c88ace4428d58178a3001b755428c473583e31.json.gz,26
https://www.propertytaxpartners.co.uk/blog/incorporation-and-company-structures/settlor-interested-property-trust-grob-interaction-double-trap-mechanics,https://propertytaxpartners.co.uk/,2026-10-10,docs/_engines/link_engine_store/bing/2026-10/354e9780f1065b34531969ad13c92144ecf2714f.json.gz,0
https://www.propertytaxpartners.co.uk/blog/incorporation-and-company-structures/settlor-interested-trust-iht-s49-1a-cgt-s169b-property-attribution-rules,https://propertytaxpartners.co.uk/,2026-10-10,docs/_engines/link_engine_store/bing/2026-10/05b3da62efc5048208ed4c2355dc84ea47a83b79.json.gz,0
https://www.propertytaxpartners.co.uk/blog/incorporation-and-company-structures/should-i-incorporate-buy-to-let-portfolio-2026,https://propertytaxpartners.co.uk/,2026-10-10,docs/_engines/link_engine_store/bing/2026-10/95576c2f2ca0c444dfc1ecba049412e8371a0cdf.json.gz,0
https://www.propertytaxpartners.co.uk/blog/incorporation-and-company-structures/sipp-ssas-commercial-property-purchase-mechanics-landlord-pension-fund,https://propertytaxpartners.co.uk/,2026-10-10,docs/_engines/link_engine_store/bing/2026-10/b036dd455947c3249e60bb01a6cc8b2a3abb10dd.json.gz,0
https://www.propertytaxpartners.co.uk/blog/incorporation-and-company-structures/sole-trader-vs-partnership,https://propertytaxpartners.co.uk/,2026-10-10,docs/_engines/link_engine_store/bing/2026-10/0327531c52f4680f823a818607e6ad0fd2ddfdf6.json.gz,0
https://www.propertytaxpartners.co.uk/blog/incorporation-and-company-structures/spv-company-bank-account,https://propertytaxpartners.co.uk/,2026-10-10,docs/_engines/link_engine_store/bing/2026-10/10fcf4271b8e9c2cfc8dfe52dddd1f88c7ce65d6.json.gz,0
https://www.propertytaxpartners.co.uk/blog/incorporation-and-company-structures/spv-company-formation-cost-uk,https://propertytaxpartners.co.uk/,2026-10-10,docs/_engines/link_engine_store/bing/2026-10/cdd249deaac2ca873f01d5b9dccd2547e10389c1.json.gz,0
https://www.propertytaxpartners.co.uk/blog/incorporation-and-company-structures/spv-company-name-rules-uk,https://propertytaxpartners.co.uk/,2026-10-10,docs/_engines/link_engine_store/bing/2026-10/cba8d2a6279d688ab5b176cb5fb040319bdb88ef.json.gz,0
https://www.propertytaxpartners.co.uk/blog/incorporation-and-company-structures/spv-first-year-accounts-and-filing-timeline,https://propertytaxpartners.co.uk/,2026-10-10,docs/_engines/link_engine_store/bing/2026-10/c1720f7e0aefad696cfb9baf03ec0ff9934fd345.json.gz,0
https://www.propertytaxpartners.co.uk/blog/incorporation-and-company-structures/spv-property-investment-special-purpose-vehicle-guide,https://propertytaxpartners.co.uk/,2026-10-10,docs/_engines/link_engine_store/bing/2026-10/467b99a9853a79c1b5f7aef3e87a269da73eb966.json.gz,350
https://www.propertytaxpartners.co.uk/blog/incorporation-and-company-structures/starting-property-business-sole-trader-vs-ltd-vs-partnership,https://propertytaxpartners.co.uk/,2026-10-10,docs/_engines/link_engine_store/bing/2026-10/c574751d2cd60c8e88e94c40d9525a7d60195fef.json.gz,0
https://www.propertytaxpartners.co.uk/blog/incorporation-and-company-structures/substantial-shareholding-exemption-property-companies,https://propertytaxpartners.co.uk/,2026-10-10,docs/_engines/link_engine_store/bing/2026-10/879bfe4905cc129c5288448951a3afd103389e46.json.gz,26
https://www.propertytaxpartners.co.uk/blog/incorporation-and-company-structures/substantial-shareholding-exemption-sse,https://propertytaxpartners.co.uk/,2026-10-10,docs/_engines/link_engine_store/bing/2026-10/f191e78215cb0eca1a2bc1ea52af45aa719da754.json.gz,71
https://www.propertytaxpartners.co.uk/blog/incorporation-and-company-structures/tax-efficient-property-investment-structure-guide,https://propertytaxpartners.co.uk/,2026-10-10,docs/_engines/link_engine_store/bing/2026-10/ba255ebedea8e77cba7a7e1202d580df74a93859.json.gz,2
https://www.propertytaxpartners.co.uk/blog/incorporation-and-company-structures/time-pressure-extraction-divorce-illness-emigration-sequence-12-month-window,https://propertytaxpartners.co.uk/,2026-10-10,docs/_engines/link_engine_store/bing/2026-10/f0c191f30b6e87fa9d194c3fa2fd379b3da2c0b9.json.gz,0
https://www.propertytaxpartners.co.uk/blog/incorporation-and-company-structures/togc-vat-property-letting-business,https://propertytaxpartners.co.uk/,2026-10-10,docs/_engines/link_engine_store/bing/2026-10/ef0a51af4e861143b2549d2e82a851d68c074708.json.gz,104
https://www.propertytaxpartners.co.uk/blog/incorporation-and-company-structures/transfer-of-going-concern-togc-commercial-property-option-matching-vat-free,https://propertytaxpartners.co.uk/,2026-10-10,docs/_engines/link_engine_store/bing/2026-10/9b431eef4b7c05de811c8dbd9b67931bf4713cc2.json.gz,0
https://www.propertytaxpartners.co.uk/blog/incorporation-and-company-structures/transfer-properties-to-company-phased-guide,https://propertytaxpartners.co.uk/,2026-10-10,docs/_engines/link_engine_store/bing/2026-10/9a8fbb328d403db398507d58b32f025421a7c580.json.gz,0
https://www.propertytaxpartners.co.uk/blog/incorporation-and-company-structures/transfer-property-out-of-limited-company-to-personal-name,https://propertytaxpartners.co.uk/,2026-10-10,docs/_engines/link_engine_store/bing/2026-10/c76de70c7faa89c4a146f2ea090d1938202261d0.json.gz,0
https://www.propertytaxpartners.co.uk/blog/incorporation-and-company-structures/transfer-property-to-limited-company-conveyancing,https://propertytaxpartners.co.uk/,2026-10-10,docs/_engines/link_engine_store/bing/2026-10/6105c2944c6a91761d7f94c1746774ec1f10e08f.json.gz,0
https://www.propertytaxpartners.co.uk/blog/incorporation-and-company-structures/transferring-a-business-out-of-a-company,https://propertytaxpartners.co.uk/,2026-10-10,docs/_engines/link_engine_store/bing/2026-10/cc2aa31e402b8c5d177fe7eaba3ec44d12362ca0.json.gz,0
https://www.propertytaxpartners.co.uk/blog/incorporation-and-company-structures/transferring-fhl-portfolio-to-limited-company,https://propertytaxpartners.co.uk/,2026-10-10,docs/_engines/link_engine_store/bing/2026-10/2bfa482dc3e02448ae381a500e1a0b7d45f04aff.json.gz,0
https://www.propertytaxpartners.co.uk/blog/incorporation-and-company-structures/trust-registration-service-trs-compliance-trust-owned-btl-mlr-2017,https://propertytaxpartners.co.uk/,2026-10-10,docs/_engines/link_engine_store/bing/2026-10/e617033e04864ca4527c018a23e6814e951c0a0b.json.gz,0
https://www.propertytaxpartners.co.uk/blog/incorporation-and-company-structures/types-of-property-company-structure-uk-guide,https://propertytaxpartners.co.uk/,2026-10-10,docs/_engines/link_engine_store/bing/2026-10/eaf2e149d0040ec2fb7efddd904c6ed0c509ae25.json.gz,125
https://www.propertytaxpartners.co.uk/blog/incorporation-and-company-structures/uk-landlord-buy-to-let-company-statistics,https://propertytaxpartners.co.uk/,2026-10-10,docs/_engines/link_engine_store/bing/2026-10/1c2d1748b3547a0660ebeecf70d72cfa69606891.json.gz,0
https://www.propertytaxpartners.co.uk/blog/incorporation-and-company-structures/uk-spv-incorporation-index-how-to-cite,https://propertytaxpartners.co.uk/,2026-10-10,docs/_engines/link_engine_store/bing/2026-10/ccb8d27449445463888160e352ca3b634ecf5d58.json.gz,0
https://www.propertytaxpartners.co.uk/blog/incorporation-and-company-structures/understanding-the-taxation-of-fhls-in-a-company,https://propertytaxpartners.co.uk/,2026-10-10,docs/_engines/link_engine_store/bing/2026-10/ef8023e82daf0735a89bc921d982b8717a297b3d.json.gz,0
https://www.propertytaxpartners.co.uk/blog/incorporation-and-company-structures/welsh-ltt-multiple-dwellings-relief-bulk-purchases-mechanics-survives-vs-sdlt-abolition,https://propertytaxpartners.co.uk/,2026-10-10,docs/_engines/link_engine_store/bing/2026-10/9a895ee0c20aaa919a196180f06212e3eaba1f85.json.gz,3
https://www.propertytaxpartners.co.uk/blog/incorporation-and-company-structures/when-does-hmrc-accept-rental-property-incorporation-business,https://propertytaxpartners.co.uk/,2026-10-10,docs/_engines/link_engine_store/bing/2026-10/6a40bc9989cff6a159b4237c7776d50bdf469f59.json.gz,0
https://www.propertytaxpartners.co.uk/blog/incorporation-and-company-structures/when-does-property-holding-company-structure-make-sense-uk-landlords,https://propertytaxpartners.co.uk/,2026-10-10,docs/_engines/link_engine_store/bing/2026-10/fce2bd82fbd2551e5cf62cab111207d1d594e238.json.gz,0
https://www.propertytaxpartners.co.uk/blog/incorporation-and-company-structures/where-uk-property-companies-are-formed-regional-data,https://propertytaxpartners.co.uk/,2026-10-10,docs/_engines/link_engine_store/bing/2026-10/5285649297dd7508f7d1d6dbbf964a2762b23109.json.gz,0
https://www.propertytaxpartners.co.uk/blog/landlord-tax-essentials,https://propertytaxpartners.co.uk/,2026-10-10,docs/_engines/link_engine_store/bing/2026-10/69fb49dce8837b16641e68411ac33c3fcc917be0.json.gz,0
https://www.propertytaxpartners.co.uk/blog/landlord-tax-essentials/2027-property-income-tax-rates-landlords-uk,https://propertytaxpartners.co.uk/,2026-10-10,docs/_engines/link_engine_store/bing/2026-10/8132e170551c1a5136f06d7b750576250fd72d40.json.gz,108
https://www.propertytaxpartners.co.uk/blog/landlord-tax-essentials/a-complete-guide-to-hmrcs-digital-disclosure-service,https://propertytaxpartners.co.uk/,2026-10-10,docs/_engines/link_engine_store/bing/2026-10/2ed29ebd48b5a739fd6a06be708ab379cbffecc2.json.gz,14
https://www.propertytaxpartners.co.uk/blog/landlord-tax-essentials/a-complete-guide-to-periodic-tenancy,https://propertytaxpartners.co.uk/,2026-10-10,docs/_engines/link_engine_store/bing/2026-10/079993a06012c99c94bf29ccdc7b44521aa9d13a.json.gz,28
https://www.propertytaxpartners.co.uk/blog/landlord-tax-essentials/abolition-of-furnished-holiday-lettings-fhl-what-individual-owners-needs-to-know,https://propertytaxpartners.co.uk/,2026-10-10,docs/_engines/link_engine_store/bing/2026-10/eb428c93beb57afdb4aa9595fbe992a4432e14c8.json.gz,13
https://www.propertytaxpartners.co.uk/blog/landlord-tax-essentials/accidental-landlord-taxes-a-complete-guide,https://propertytaxpartners.co.uk/,2026-10-10,docs/_engines/link_engine_store/bing/2026-10/c243fe5152d6bf0b949616e7707b558549df0df1.json.gz,0
https://www.propertytaxpartners.co.uk/blog/landlord-tax-essentials/agricultural-relief-for-inheritance-tax-key-benefits,https://propertytaxpartners.co.uk/,2026-10-10,docs/_engines/link_engine_store/bing/2026-10/9fa23c289dd58d9dd01e1b2e333c28d422e9c1a4.json.gz,0
https://www.propertytaxpartners.co.uk/blog/landlord-tax-essentials/annual-investment-allowance-2025,https://propertytaxpartners.co.uk/,2026-10-10,docs/_engines/link_engine_store/bing/2026-10/a8eeea2e017b6a7cb90e2b93ea6592189669b1d2.json.gz,92
https://www.propertytaxpartners.co.uk/blog/landlord-tax-essentials/are-rent-arrears-skyrocketing-and-squeezing-landlords,https://propertytaxpartners.co.uk/,2026-10-10,docs/_engines/link_engine_store/bing/2026-10/916197a4959363d38988bb4f7000e7a417616a3a.json.gz,0
https://www.propertytaxpartners.co.uk/blog/landlord-tax-essentials/bare-trusts-and-lbtt-relief-availability,https://propertytaxpartners.co.uk/,2026-10-10,docs/_engines/link_engine_store/bing/2026-10/8815b99d98a4ad10dea7ff4fb96bec67c9afcbb2.json.gz,0
https://www.propertytaxpartners.co.uk/blog/landlord-tax-essentials/benefits-of-participating-in-the-let-property-campaign,https://propertytaxpartners.co.uk/,2026-10-10,docs/_engines/link_engine_store/bing/2026-10/4b17ca2b3b0f75aba388ed734404d8e2fc00fef9.json.gz,0
https://www.propertytaxpartners.co.uk/blog/landlord-tax-essentials/bidding-wars-asking-rent-cap-landlord-marketing-compliance,https://propertytaxpartners.co.uk/,2026-10-10,docs/_engines/link_engine_store/bing/2026-10/c56a2722acdfaf6409d558ce9037ac9a5c7638fd.json.gz,0
https://www.propertytaxpartners.co.uk/blog/landlord-tax-essentials/bpr-pure-btl-pawson-test-why-buy-to-let-fails-investment-line,https://propertytaxpartners.co.uk/,2026-10-10,docs/_engines/link_engine_store/bing/2026-10/119eeaacf214a4f20116b7ebd4a93a6ce643be45.json.gz,0
https://www.propertytaxpartners.co.uk/blog/landlord-tax-essentials/btl-mortgage,https://propertytaxpartners.co.uk/,2026-10-10,docs/_engines/link_engine_store/bing/2026-10/825c438101cf591e8dc0b7da1c207476ebca5c51.json.gz,167
https://www.propertytaxpartners.co.uk/blog/landlord-tax-essentials/business-property-relief-rental-property-iht,https://propertytaxpartners.co.uk/,2026-10-10,docs/_engines/link_engine_store/bing/2026-10/13e6f202495f2f13d358f3c677eee9e7d40ec26b.json.gz,0
https://www.propertytaxpartners.co.uk/blog/landlord-tax-essentials/capital-allowances-on-vans,https://propertytaxpartners.co.uk/,2026-10-10,docs/_engines/link_engine_store/bing/2026-10/a4b7708e66269eaf347b9e6ad9f629aef9f4bc3d.json.gz,405
https://www.propertytaxpartners.co.uk/blog/landlord-tax-essentials/capital-allowances-second-hand-vans,https://propertytaxpartners.co.uk/,2026-10-10,docs/_engines/link_engine_store/bing/2026-10/74bb87de4ffd29620179962c0885c4fcd92bd528.json.gz,147
https://www.propertytaxpartners.co.uk/blog/landlord-tax-essentials/capital-vs-revenue-expenditure-landlord-uk,https://propertytaxpartners.co.uk/,2026-10-10,docs/_engines/link_engine_store/bing/2026-10/4a69d34bfda20dc7f0222bb1d07a74975009a64c.json.gz,257
https://www.propertytaxpartners.co.uk/blog/landlord-tax-essentials/case-laws,https://propertytaxpartners.co.uk/,2026-10-10,docs/_engines/link_engine_store/bing/2026-10/66612fc524c977efc7582a894fc062bfc2c3638b.json.gz,0
https://www.propertytaxpartners.co.uk/blog/landlord-tax-essentials/civil-partnerships-joint-property-ownership-tax-treatment-form-17-equality,https://propertytaxpartners.co.uk/,2026-10-10,docs/_engines/link_engine_store/bing/2026-10/30f2ddfa4933e871060c7ee2d5aa8f0fab9c5735.json.gz,0
https://www.propertytaxpartners.co.uk/blog/landlord-tax-essentials/claim-home-office-deduction-landlords,https://propertytaxpartners.co.uk/,2026-10-10,docs/_engines/link_engine_store/bing/2026-10/894c9771d9bf4ec51b1e6e6b64a2a0659a070367.json.gz,0
https://www.propertytaxpartners.co.uk/blog/landlord-tax-essentials/comparing-online-and-paper-self-assessment-tax-returns,https://propertytaxpartners.co.uk/,2026-10-10,docs/_engines/link_engine_store/bing/2026-10/07a174a565922dc75494aa381aba08fe3b65367b.json.gz,0
https://www.propertytaxpartners.co.uk/blog/landlord-tax-essentials/comparison-of-discretionary-trusts,https://propertytaxpartners.co.uk/,2026-10-10,docs/_engines/link_engine_store/bing/2026-10/880319c2a4b10879ab34e71fb78d0ea8951d4a6b.json.gz,0
https://www.propertytaxpartners.co.uk/blog/landlord-tax-essentials/cop9-contractual-disclosure-facility-landlord-tax-fraud-investigation,https://propertytaxpartners.co.uk/,2026-10-10,docs/_engines/link_engine_store/bing/2026-10/2d74a1a06bb3a4963c7c275990af2ca22218bc1e.json.gz,0
https://www.propertytaxpartners.co.uk/blog/landlord-tax-essentials/decent-homes-standard-prs-landlord-compliance-checklist,https://propertytaxpartners.co.uk/,2026-10-10,docs/_engines/link_engine_store/bing/2026-10/0a807233ca69f7e256502944e6236c0a768ec843.json.gz,0
https://www.propertytaxpartners.co.uk/blog/landlord-tax-essentials/declaration-of-trust,https://propertytaxpartners.co.uk/,2026-10-10,docs/_engines/link_engine_store/bing/2026-10/14a5e71072df79e409824ddded60aff5a1e4252c.json.gz,0
https://www.propertytaxpartners.co.uk/blog/landlord-tax-essentials/declaration-of-trust-property-beneficial-ownership-mechanics-evidence-form-17,https://propertytaxpartners.co.uk/,2026-10-10,docs/_engines/link_engine_store/bing/2026-10/97e09d88ddc7dacc17a038d30fc9ccfdbf9b6e22.json.gz,98
https://www.propertytaxpartners.co.uk/blog/landlord-tax-essentials/deed-of-variation-property-estate-redirecting-inheritance-iht-saving,https://propertytaxpartners.co.uk/,2026-10-10,docs/_engines/link_engine_store/bing/2026-10/1b034282b44b5659ef136b34dbea0394fa5a527b.json.gz,0
https://www.propertytaxpartners.co.uk/blog/landlord-tax-essentials/deposit-buy-to-let-2026-mortgage-requirements,https://propertytaxpartners.co.uk/,2026-10-10,docs/_engines/link_engine_store/bing/2026-10/455721354eed6d8105c5f6c3dc6cce8e35954465.json.gz,0
https://www.propertytaxpartners.co.uk/blog/landlord-tax-essentials/discovery-assessment-time-limits-landlord-tax-enquiries-tma-1970-s29,https://propertytaxpartners.co.uk/,2026-10-10,docs/_engines/link_engine_store/bing/2026-10/3bf96991fe51dce2f6eb14f1ce0aeef2c12a56da.json.gz,109
https://www.propertytaxpartners.co.uk/blog/landlord-tax-essentials/domestic-reverse-charge-construction-vat-landlords,https://propertytaxpartners.co.uk/,2026-10-10,docs/_engines/link_engine_store/bing/2026-10/8c1f71b7b7dddc017c6b55d8f97febda1ef029d2.json.gz,0
https://www.propertytaxpartners.co.uk/blog/landlord-tax-essentials/eicr-certificate-cost-landlords,https://propertytaxpartners.co.uk/,2026-10-10,docs/_engines/link_engine_store/bing/2026-10/a6f5a793f978d58ea4d07b031b360314ff6036e9.json.gz,11
https://www.propertytaxpartners.co.uk/blog/landlord-tax-essentials/end-tax-year-checklist-landlords-april-2026,https://propertytaxpartners.co.uk/,2026-10-10,docs/_engines/link_engine_store/bing/2026-10/a12e4acaa3674d16d6648dae8c81ee2ca012036e.json.gz,0
https://www.propertytaxpartners.co.uk/blog/landlord-tax-essentials/energy-performance-certificates-epc,https://propertytaxpartners.co.uk/,2026-10-10,docs/_engines/link_engine_store/bing/2026-10/5a1ea34ccd7a9957749e50dc2ccdc449d3a51c39.json.gz,0
https://www.propertytaxpartners.co.uk/blog/landlord-tax-essentials/epc-c-2030-minimum-energy-efficiency-landlord-spending-cap,https://propertytaxpartners.co.uk/,2026-10-10,docs/_engines/link_engine_store/bing/2026-10/c43208955b075c70e12cc63a0db39cc35bab4717.json.gz,0
https://www.propertytaxpartners.co.uk/blog/landlord-tax-essentials/epc-certificate-cost-uk,https://propertytaxpartners.co.uk/,2026-10-10,docs/_engines/link_engine_store/bing/2026-10/03203ee837280342597e6b03bb3bb233bd4f0386.json.gz,13
https://www.propertytaxpartners.co.uk/blog/landlord-tax-essentials/epc-improvement-grant-schemes-landlords-eco4-bus-gbis,https://propertytaxpartners.co.uk/,2026-10-10,docs/_engines/link_engine_store/bing/2026-10/2a0c6884c5e7558998c958b19f2efb25ad98982d.json.gz,0
https://www.propertytaxpartners.co.uk/blog/landlord-tax-essentials/essential-guide-for-first-time-homebuyers-in-scotland,https://propertytaxpartners.co.uk/,2026-10-10,docs/_engines/link_engine_store/bing/2026-10/58d639dd04259634fce79a2d8330c2cdf9cae318.json.gz,13
https://www.propertytaxpartners.co.uk/blog/landlord-tax-essentials/excluded-property-trust-long-term-resident-settlor-pivot-landlords,https://propertytaxpartners.co.uk/,2026-10-10,docs/_engines/link_engine_store/bing/2026-10/80574c769287eab3d0304b347e2eab6446dbe7a9.json.gz,0
https://www.propertytaxpartners.co.uk/blog/landlord-tax-essentials/farmland-supply-value-drops-is-iht-reform-to-blame,https://propertytaxpartners.co.uk/,2026-10-10,docs/_engines/link_engine_store/bing/2026-10/91a8ebffdb9b45b68e28a3f6d03026ed20633e1d.json.gz,0
https://www.propertytaxpartners.co.uk/blog/landlord-tax-essentials/fic-estate-planning-landlord-portfolio-value-freezing-iht-mechanics,https://propertytaxpartners.co.uk/,2026-10-10,docs/_engines/link_engine_store/bing/2026-10/6346fe7f5debf884ce8c0c28c29b82608c60ec85.json.gz,0
https://www.propertytaxpartners.co.uk/blog/landlord-tax-essentials/fire-risk-assessment-cost,https://propertytaxpartners.co.uk/,2026-10-10,docs/_engines/link_engine_store/bing/2026-10/84c3d224408c8f07c4c5429d460a0edac5cc20c6.json.gz,0
https://www.propertytaxpartners.co.uk/blog/landlord-tax-essentials/first-time-landlord-tax-guide-everything-you-need-to-know,https://propertytaxpartners.co.uk/,2026-10-10,docs/_engines/link_engine_store/bing/2026-10/5f589773e4ca3c10099205d72019e7d94c2f764e.json.gz,1
https://www.propertytaxpartners.co.uk/blog/landlord-tax-essentials/form-17-declaration-beneficial-interest-property-mechanics-filing-revocation,https://propertytaxpartners.co.uk/,2026-10-10,docs/_engines/link_engine_store/bing/2026-10/d7d796f51e7f34e36135e69221be7cb6fc4bf772.json.gz,255
https://www.propertytaxpartners.co.uk/blog/landlord-tax-essentials/gas-safety-certificate-cost,https://propertytaxpartners.co.uk/,2026-10-10,docs/_engines/link_engine_store/bing/2026-10/4a0fdccc9505b8bd7d4df4d2fd26aa199536a3a3.json.gz,0
https://www.propertytaxpartners.co.uk/blog/landlord-tax-essentials/gas-safety-certificates,https://propertytaxpartners.co.uk/,2026-10-10,docs/_engines/link_engine_store/bing/2026-10/01898171ad591f32a299215f64cc4748b322d81e.json.gz,0
https://www.propertytaxpartners.co.uk/blog/landlord-tax-essentials/gift-with-reservation-of-benefit,https://propertytaxpartners.co.uk/,2026-10-10,docs/_engines/link_engine_store/bing/2026-10/525bbdb2948892919cd7089e6aadcc0df069234c.json.gz,0
https://www.propertytaxpartners.co.uk/blog/landlord-tax-essentials/higher-rates-of-land-transaction-tax-a-complete-guide,https://propertytaxpartners.co.uk/,2026-10-10,docs/_engines/link_engine_store/bing/2026-10/27051d0aa0ff99859ad22332bd8cfeca51788629.json.gz,0
https://www.propertytaxpartners.co.uk/blog/landlord-tax-essentials/hmo-landlord-accounting-multi-tenant-property-tax,https://propertytaxpartners.co.uk/,2026-10-10,docs/_engines/link_engine_store/bing/2026-10/7c51a681a8fc43c433d24652d328d97b4a73363d.json.gz,0
https://www.propertytaxpartners.co.uk/blog/landlord-tax-essentials/hmrc-closure-notice-mechanics-landlord-enquiries-tma-1970-s28a,https://propertytaxpartners.co.uk/,2026-10-10,docs/_engines/link_engine_store/bing/2026-10/ad7bdaf0e266f2341fcd2752efd0c50d84c9acc8.json.gz,4
https://www.propertytaxpartners.co.uk/blog/landlord-tax-essentials/hmrc-discovery-assessment-tma-1970-section-29-time-limits-landlords,https://propertytaxpartners.co.uk/,2026-10-10,docs/_engines/link_engine_store/bing/2026-10/bcfeb5b84e513568056f7f80e54eaf295c001c18.json.gz,3
https://www.propertytaxpartners.co.uk/blog/landlord-tax-essentials/hmrc-nudge-letter-response-playbook-landlords-property-income,https://propertytaxpartners.co.uk/,2026-10-10,docs/_engines/link_engine_store/bing/2026-10/2115b7364bf77384fc1956de00170a1d18e4a9f1.json.gz,0
https://www.propertytaxpartners.co.uk/blog/landlord-tax-essentials/hmrc-penalties-late-landlord-tax-returns-2026,https://propertytaxpartners.co.uk/,2026-10-10,docs/_engines/link_engine_store/bing/2026-10/7ad0b200e6239dea66846d3fc84fd43de2b21bba.json.gz,0
https://www.propertytaxpartners.co.uk/blog/landlord-tax-essentials/how-long-does-probate-take-in-the-uk,https://propertytaxpartners.co.uk/,2026-10-10,docs/_engines/link_engine_store/bing/2026-10/1e98cc21bc97f3a2a76103548d51e288ed8f890f.json.gz,0
https://www.propertytaxpartners.co.uk/blog/landlord-tax-essentials/how-much-tax-rental-income-uk-complete-guide,https://propertytaxpartners.co.uk/,2026-10-10,docs/_engines/link_engine_store/bing/2026-10/3e1c4060844ce8a90564eb7414ea28a35e19eda3.json.gz,18
https://www.propertytaxpartners.co.uk/blog/landlord-tax-essentials/how-to-book-an-epc,https://propertytaxpartners.co.uk/,2026-10-10,docs/_engines/link_engine_store/bing/2026-10/5e732820e37369978425e81d6eb0a7c11a5cb953.json.gz,0
https://www.propertytaxpartners.co.uk/blog/landlord-tax-essentials/how-to-calculate-net-rental-income-after-all-costs-uk-guide,https://propertytaxpartners.co.uk/,2026-10-10,docs/_engines/link_engine_store/bing/2026-10/b67806eab1ca88fe507a103291b10839a8087ea1.json.gz,42
https://www.propertytaxpartners.co.uk/blog/landlord-tax-essentials/how-to-complete-landlord-self-assessment-filing-step-by-step-guide,https://propertytaxpartners.co.uk/,2026-10-10,docs/_engines/link_engine_store/bing/2026-10/17f14b1b6a6d268bb611be02c7d0acaeef6d3175.json.gz,165
https://www.propertytaxpartners.co.uk/blog/landlord-tax-essentials/iht-1m-bpr-apr-cap-mixed-trading-investing-landlord-allocation,https://propertytaxpartners.co.uk/,2026-10-10,docs/_engines/link_engine_store/bing/2026-10/e58b5a502d08fe3106849e567ff38a7d5fd38439.json.gz,0
https://www.propertytaxpartners.co.uk/blog/landlord-tax-essentials/iht-7-year-clock-property-gifting-mid-life-landlord-strategy,https://propertytaxpartners.co.uk/,2026-10-10,docs/_engines/link_engine_store/bing/2026-10/43dc410e3f4f1943a36e117b3e081163a256d39c.json.gz,0
https://www.propertytaxpartners.co.uk/blog/landlord-tax-essentials/iht-april-2026-bpr-apr-cap-property-impact,https://propertytaxpartners.co.uk/,2026-10-10,docs/_engines/link_engine_store/bing/2026-10/159ff2a40b40dff1bf4923d36499ba2dd856f485.json.gz,17
https://www.propertytaxpartners.co.uk/blog/landlord-tax-essentials/iht-charitable-legacy-property-portfolio-36-percent-reduced-rate,https://propertytaxpartners.co.uk/,2026-10-10,docs/_engines/link_engine_store/bing/2026-10/77c34ee6eadfb2269cd20b4d95686279455ba8ff.json.gz,0
https://www.propertytaxpartners.co.uk/blog/landlord-tax-essentials/iht-clt-property-discretionary-trust-20-percent-entry-charge,https://propertytaxpartners.co.uk/,2026-10-10,docs/_engines/link_engine_store/bing/2026-10/f1d653ad7d79409447081c9dae6c7e906bd90d56.json.gz,0
https://www.propertytaxpartners.co.uk/blog/landlord-tax-essentials/iht-gift-with-reservation-letting-children-paying-rent-mechanics,https://propertytaxpartners.co.uk/,2026-10-10,docs/_engines/link_engine_store/bing/2026-10/ae19dda0d5aa86487805c21c9c67db1ae067deb4.json.gz,0
https://www.propertytaxpartners.co.uk/blog/landlord-tax-essentials/iht-gifts-with-reservation-of-benefit-property,https://propertytaxpartners.co.uk/,2026-10-10,docs/_engines/link_engine_store/bing/2026-10/10220dc2c757a11f146f089a172033c4101ed9a3.json.gz,18
https://www.propertytaxpartners.co.uk/blog/landlord-tax-essentials/iht-joint-ownership-property-spouse-exemption-transferable-allowances-jointly-tic-vs-jt,https://propertytaxpartners.co.uk/,2026-10-10,docs/_engines/link_engine_store/bing/2026-10/3be63e704c9140124d3507728ac32cb66926c994.json.gz,52
https://www.propertytaxpartners.co.uk/blog/landlord-tax-essentials/iht-lifetime-gifts-7-year-rule-property-taper,https://propertytaxpartners.co.uk/,2026-10-10,docs/_engines/link_engine_store/bing/2026-10/30cdb0a3ab2d8c82efc99934de97bc040e6cc632.json.gz,10
https://www.propertytaxpartners.co.uk/blog/landlord-tax-essentials/iht-long-term-resident-test-section-6a-tail-period-table-landlords,https://propertytaxpartners.co.uk/,2026-10-10,docs/_engines/link_engine_store/bing/2026-10/563faf34504948367e6e8427ec8549eb8ad6322a.json.gz,3
https://www.propertytaxpartners.co.uk/blog/landlord-tax-essentials/iht-property-investors-decision-framework-2026-onwards,https://propertytaxpartners.co.uk/,2026-10-10,docs/_engines/link_engine_store/bing/2026-10/cda45886dd947f28f30926ecd1e4a79efc518417.json.gz,0
https://www.propertytaxpartners.co.uk/blog/landlord-tax-essentials/iht-residence-nil-rate-band-2m-taper-property-portfolios,https://propertytaxpartners.co.uk/,2026-10-10,docs/_engines/link_engine_store/bing/2026-10/6c469308f925fa180115128e909b6ff490e07d83.json.gz,0
https://www.propertytaxpartners.co.uk/blog/landlord-tax-essentials/iht-spouse-exemption-long-term-resident-section-18-section-267zc-election,https://propertytaxpartners.co.uk/,2026-10-10,docs/_engines/link_engine_store/bing/2026-10/676ef3e8cda6a3559e0921dded04ac5991cc7653.json.gz,0
https://www.propertytaxpartners.co.uk/blog/landlord-tax-essentials/iht-spouse-exemption-second-death-property-portfolio-window-mechanics,https://propertytaxpartners.co.uk/,2026-10-10,docs/_engines/link_engine_store/bing/2026-10/5f92687666e27d50f63da447f3a0bf6346c315e0.json.gz,0
https://www.propertytaxpartners.co.uk/blog/landlord-tax-essentials/income-tax-rates-landlords-2026-27-complete-guide,https://propertytaxpartners.co.uk/,2026-10-10,docs/_engines/link_engine_store/bing/2026-10/0436d4c4905a300b05852cf9d455cdef2b8e2d5c.json.gz,282
https://www.propertytaxpartners.co.uk/blog/landlord-tax-essentials/inheritance-tax-a-brief-summary,https://propertytaxpartners.co.uk/,2026-10-10,docs/_engines/link_engine_store/bing/2026-10/c530d4275c7cff16ebdc292812d5d4b83f21f7e6.json.gz,0
https://www.propertytaxpartners.co.uk/blog/landlord-tax-essentials/inheritance-tax-and-the-family-home,https://propertytaxpartners.co.uk/,2026-10-10,docs/_engines/link_engine_store/bing/2026-10/7025821ceb47eca23bc6da6a84be41825e5cb88e.json.gz,1
https://www.propertytaxpartners.co.uk/blog/landlord-tax-essentials/inheritance-tax-lifetime-gifts-vs-transfer-at-death,https://propertytaxpartners.co.uk/,2026-10-10,docs/_engines/link_engine_store/bing/2026-10/c73dfa21bcb4612b8a3fe4dffce3654ab4c57223.json.gz,0
https://www.propertytaxpartners.co.uk/blog/landlord-tax-essentials/inheritance-tax-rental-property-uk-guide,https://propertytaxpartners.co.uk/,2026-10-10,docs/_engines/link_engine_store/bing/2026-10/c585d8dd5d3c53d47d2c46f3ffd89df5096157de.json.gz,23
https://www.propertytaxpartners.co.uk/blog/landlord-tax-essentials/inheriting-a-house-in-the-uk,https://propertytaxpartners.co.uk/,2026-10-10,docs/_engines/link_engine_store/bing/2026-10/83d94fd63fdd2b9f41f19bc4d855dee594115e36.json.gz,0
https://www.propertytaxpartners.co.uk/blog/landlord-tax-essentials/joint-tenants-vs-tenants-in-common-property-tax-consequences-uk-landlords,https://propertytaxpartners.co.uk/,2026-10-10,docs/_engines/link_engine_store/bing/2026-10/0a2d0c446de1091b7811d8eda0d98b4720306bcd.json.gz,20
https://www.propertytaxpartners.co.uk/blog/landlord-tax-essentials/jointly-owned-property,https://propertytaxpartners.co.uk/,2026-10-10,docs/_engines/link_engine_store/bing/2026-10/9a3417210fdeddce043c42010a0b4456d1ed5f2d.json.gz,0
https://www.propertytaxpartners.co.uk/blog/landlord-tax-essentials/know-about-let-property-campaign,https://propertytaxpartners.co.uk/,2026-10-10,docs/_engines/link_engine_store/bing/2026-10/71e22fa89e1f40b691ea2fe8ab0b4ccd65dce718.json.gz,0
https://www.propertytaxpartners.co.uk/blog/landlord-tax-essentials/land-transaction-tax-a-complete-guide,https://propertytaxpartners.co.uk/,2026-10-10,docs/_engines/link_engine_store/bing/2026-10/ccbc2f7efd34510f9bd9b25e3156be37e91f86d7.json.gz,377
https://www.propertytaxpartners.co.uk/blog/landlord-tax-essentials/landlord-accounting-spreadsheet-template-free-excel-guide,https://propertytaxpartners.co.uk/,2026-10-10,docs/_engines/link_engine_store/bing/2026-10/36d3c6207ca0af09790581894f10ab39b4caaa52.json.gz,12
https://www.propertytaxpartners.co.uk/blog/landlord-tax-essentials/landlord-electrical-safety-certificate,https://propertytaxpartners.co.uk/,2026-10-10,docs/_engines/link_engine_store/bing/2026-10/23de48cff5eaf0599b1724196031bf7269d66c80.json.gz,0
https://www.propertytaxpartners.co.uk/blog/landlord-tax-essentials/landlord-insurance-guide-types-costs-tax-deductible,https://propertytaxpartners.co.uk/,2026-10-10,docs/_engines/link_engine_store/bing/2026-10/ee32ec619fed8699a4eaf25fc48f4cd4564f703e.json.gz,8
https://www.propertytaxpartners.co.uk/blog/landlord-tax-essentials/landlord-licensing-explained,https://propertytaxpartners.co.uk/,2026-10-10,docs/_engines/link_engine_store/bing/2026-10/2977ec24b577e22507da2e0734c0a9543748ed91.json.gz,0
https://www.propertytaxpartners.co.uk/blog/landlord-tax-essentials/landlord-tax-calendar-2026-27-key-dates,https://propertytaxpartners.co.uk/,2026-10-10,docs/_engines/link_engine_store/bing/2026-10/c19be47c6305781e18e541e5c50cad7f7a1cde88.json.gz,0
https://www.propertytaxpartners.co.uk/blog/landlord-tax-essentials/landlord-tax-changes-2026-complete-guide,https://propertytaxpartners.co.uk/,2026-10-10,docs/_engines/link_engine_store/bing/2026-10/5ce763d856b2d4cbf4026d169f426084f5d60512.json.gz,40
https://www.propertytaxpartners.co.uk/blog/landlord-tax-essentials/landlord-tax-return-complete-guide-2026,https://propertytaxpartners.co.uk/,2026-10-10,docs/_engines/link_engine_store/bing/2026-10/35d584176d2f8af284b3df7bbb3d1e31fb356b40.json.gz,479
https://www.propertytaxpartners.co.uk/blog/landlord-tax-essentials/landlord-vat-registration-when-required,https://propertytaxpartners.co.uk/,2026-10-10,docs/_engines/link_engine_store/bing/2026-10/8fb16ba24f8a38f1444258d2712a66693a90b86f.json.gz,48
https://www.propertytaxpartners.co.uk/blog/landlord-tax-essentials/landlords-considering-selling-portfolio-rra-2025-tax-implications,https://propertytaxpartners.co.uk/,2026-10-10,docs/_engines/link_engine_store/bing/2026-10/db1fc1d87e5e975b1edfd3479dd1461dffea6cf0.json.gz,0
https://www.propertytaxpartners.co.uk/blog/landlord-tax-essentials/late-filing-and-late-payment-penalties,https://propertytaxpartners.co.uk/,2026-10-10,docs/_engines/link_engine_store/bing/2026-10/081eb7ab192bb249e0ce976643098a55c60431fa.json.gz,0
https://www.propertytaxpartners.co.uk/blog/landlord-tax-essentials/lbtt-acquisition-relief-when-corporate-takeovers-reduce-tax,https://propertytaxpartners.co.uk/,2026-10-10,docs/_engines/link_engine_store/bing/2026-10/24f95c5e0b5844ea53b3187378638db63ee9f925.json.gz,0
https://www.propertytaxpartners.co.uk/blog/landlord-tax-essentials/lbtt-review-in-scotland,https://propertytaxpartners.co.uk/,2026-10-10,docs/_engines/link_engine_store/bing/2026-10/43de411ccb4b623715b4e7fbfa22ef9db53895cd.json.gz,17
https://www.propertytaxpartners.co.uk/blog/landlord-tax-essentials/let-property-campaign-disclosure-mechanics-undeclared-rental-income-2026,https://propertytaxpartners.co.uk/,2026-10-10,docs/_engines/link_engine_store/bing/2026-10/13444b77e589cd78ad6cbf08e8197962ebec9372.json.gz,0
https://www.propertytaxpartners.co.uk/blog/landlord-tax-essentials/let-property-campaign-formal-disclosure-route-landlords-undisclosed-rental,https://propertytaxpartners.co.uk/,2026-10-10,docs/_engines/link_engine_store/bing/2026-10/6f90e39bdbba285d7ec08f6ca26a2842f38b357f.json.gz,0
https://www.propertytaxpartners.co.uk/blog/landlord-tax-essentials/let-property-campaign-penalty-calculator,https://propertytaxpartners.co.uk/,2026-10-10,docs/_engines/link_engine_store/bing/2026-10/23f72a1119c0c4b460095b63a3547b54b2dfd126.json.gz,16
https://www.propertytaxpartners.co.uk/blog/landlord-tax-essentials/let-property-campaign-why-voluntary-disclosure-makes-sense,https://propertytaxpartners.co.uk/,2026-10-10,docs/_engines/link_engine_store/bing/2026-10/b9d22581fc04d244c116f6635f315a600418b36f.json.gz,0
https://www.propertytaxpartners.co.uk/blog/landlord-tax-essentials/limits-on-ads-repayment-ftt-clarifies-disposal-in-replacement-of-main-residence,https://propertytaxpartners.co.uk/,2026-10-10,docs/_engines/link_engine_store/bing/2026-10/9f1878e0874682a579f8f97ed5f2763c33b6319a.json.gz,0
https://www.propertytaxpartners.co.uk/blog/landlord-tax-essentials/ltt-calculator,https://propertytaxpartners.co.uk/,2026-10-10,docs/_engines/link_engine_store/bing/2026-10/101fadcf9695fae1087c405b57cf43c660c87963.json.gz,0
https://www.propertytaxpartners.co.uk/blog/landlord-tax-essentials/ltt-higher-rates-for-spouses-minor-children-and-trust-interests,https://propertytaxpartners.co.uk/,2026-10-10,docs/_engines/link_engine_store/bing/2026-10/c7e91c5f917084b612fd009183d3f998dbc92bb3.json.gz,0
https://www.propertytaxpartners.co.uk/blog/landlord-tax-essentials/ltt-refunds-for-derelict-or-uninhabitable-properties,https://propertytaxpartners.co.uk/,2026-10-10,docs/_engines/link_engine_store/bing/2026-10/fdec1a7d52815a29a6aee1afe384a3af17c3ecdc.json.gz,0
https://www.propertytaxpartners.co.uk/blog/landlord-tax-essentials/making-a-disclosure-using-the-worldwide-disclosure-facility,https://propertytaxpartners.co.uk/,2026-10-10,docs/_engines/link_engine_store/bing/2026-10/36d94b3afc2d5e62c1ffa8698d2b564f2edf4722.json.gz,3
https://www.propertytaxpartners.co.uk/blog/landlord-tax-essentials/maximising-business-relief-to-reduce-inheritance-tax,https://propertytaxpartners.co.uk/,2026-10-10,docs/_engines/link_engine_store/bing/2026-10/237472f935db22a858e2c31b2df76908ebd5d3f1.json.gz,0
https://www.propertytaxpartners.co.uk/blog/landlord-tax-essentials/mees-epc-rules-what-your-landlords-think,https://propertytaxpartners.co.uk/,2026-10-10,docs/_engines/link_engine_store/bing/2026-10/66daa6a07a113acd6d3cdd9dc2498375ebb4a769.json.gz,0
https://www.propertytaxpartners.co.uk/blog/landlord-tax-essentials/mees-regulations-landlords,https://propertytaxpartners.co.uk/,2026-10-10,docs/_engines/link_engine_store/bing/2026-10/b1cef92c73e17798499d3117782b592b6fe98939.json.gz,0
https://www.propertytaxpartners.co.uk/blog/landlord-tax-essentials/missed-taxes-let-property-campaign-to-the-rescue,https://propertytaxpartners.co.uk/,2026-10-10,docs/_engines/link_engine_store/bing/2026-10/cbd9f62a8ceeb1326d6ba76dbdc3f9553b7fede4.json.gz,0
https://www.propertytaxpartners.co.uk/blog/landlord-tax-essentials/national-insurance-on-rental-income,https://propertytaxpartners.co.uk/,2026-10-10,docs/_engines/link_engine_store/bing/2026-10/0d0a660a7d0b8097f32dd6ad1012e6cc6a867ae5.json.gz,2
https://www.propertytaxpartners.co.uk/blog/landlord-tax-essentials/paye-penalties-for-late-submission-and-filing,https://propertytaxpartners.co.uk/,2026-10-10,docs/_engines/link_engine_store/bing/2026-10/2fb0a394e5765c1962faf7a9b72ebf615ba73204.json.gz,0
https://www.propertytaxpartners.co.uk/blog/landlord-tax-essentials/penalties-not-declaring-rental-income-hmrc,https://propertytaxpartners.co.uk/,2026-10-10,docs/_engines/link_engine_store/bing/2026-10/3a2e213f4a01ae6fab6ed2535b4172316952f7ae.json.gz,10
https://www.propertytaxpartners.co.uk/blog/landlord-tax-essentials/pension-decumulation-property-portfolio-iht-2027-cohort-sequence,https://propertytaxpartners.co.uk/,2026-10-10,docs/_engines/link_engine_store/bing/2026-10/1165a2a00c4be0a95f3c4b32e814453cd3edd4a6.json.gz,0
https://www.propertytaxpartners.co.uk/blog/landlord-tax-essentials/pension-iht-april-2027-landlord-estate-planning,https://propertytaxpartners.co.uk/,2026-10-10,docs/_engines/link_engine_store/bing/2026-10/1d3254465a6e0daddc441e549cbddc43a0b68f50.json.gz,0
https://www.propertytaxpartners.co.uk/blog/landlord-tax-essentials/periodic-tenancy-default-ast-conversion-mechanics,https://propertytaxpartners.co.uk/,2026-10-10,docs/_engines/link_engine_store/bing/2026-10/04bd12eb689d3cf1218407b3e060de433696266f.json.gz,13
https://www.propertytaxpartners.co.uk/blog/landlord-tax-essentials/pet-rights-tenancy-landlord-refusal-reasonable-grounds,https://propertytaxpartners.co.uk/,2026-10-10,docs/_engines/link_engine_store/bing/2026-10/eb78d17f25324db24b1c7b203bd3739027e9b3aa.json.gz,17
https://www.propertytaxpartners.co.uk/blog/landlord-tax-essentials/pre-letting-expenses-landlord-claim-before-first-tenant,https://propertytaxpartners.co.uk/,2026-10-10,docs/_engines/link_engine_store/bing/2026-10/28cc9c1208f8edc11fb76545b385f958363ef3b9.json.gz,25
https://www.propertytaxpartners.co.uk/blog/landlord-tax-essentials/property-business-rates-council-tax-landlords,https://propertytaxpartners.co.uk/,2026-10-10,docs/_engines/link_engine_store/bing/2026-10/4bf36a5c86fedade9e5588a97a310456b4a49829.json.gz,458
https://www.propertytaxpartners.co.uk/blog/landlord-tax-essentials/property-income-allowance-1000-exemption-vs-expenses,https://propertytaxpartners.co.uk/,2026-10-10,docs/_engines/link_engine_store/bing/2026-10/ccffe11080ae49256a5d263998ff21b5744b4c8e.json.gz,113
https://www.propertytaxpartners.co.uk/blog/landlord-tax-essentials/property-investment-tax-uk-complete-guide-2026,https://propertytaxpartners.co.uk/,2026-10-10,docs/_engines/link_engine_store/bing/2026-10/b5c191c00b82991c1602c3c91cae047bf6cf8c55.json.gz,47
https://www.propertytaxpartners.co.uk/blog/landlord-tax-essentials/property-investment-vs-stocks-shares-tax-comparison,https://propertytaxpartners.co.uk/,2026-10-10,docs/_engines/link_engine_store/bing/2026-10/e89366125015259cbf2d4ea40906a640faff3e34.json.gz,0
https://www.propertytaxpartners.co.uk/blog/landlord-tax-essentials/prs-database-landlord-ombudsman-registration-requirements,https://propertytaxpartners.co.uk/,2026-10-10,docs/_engines/link_engine_store/bing/2026-10/60d7fa7fd0706f2f7e8ec6de7cd6c8c9c6a65bbe.json.gz,0
https://www.propertytaxpartners.co.uk/blog/landlord-tax-essentials/public-access-to-trust-data-on-the-uk-register-of-overseas-entities-expanded,https://propertytaxpartners.co.uk/,2026-10-10,docs/_engines/link_engine_store/bing/2026-10/7c8dd7c586d40eaaf0bb5818f12698b3beb88046.json.gz,0
https://www.propertytaxpartners.co.uk/blog/landlord-tax-essentials/putting-a-rental-property-into-a-trust,https://propertytaxpartners.co.uk/,2026-10-10,docs/_engines/link_engine_store/bing/2026-10/82bd3bfac66f648839d8db7e0e55bb28b68786c0.json.gz,1
https://www.propertytaxpartners.co.uk/blog/landlord-tax-essentials/reasonable-excuse-case-law-landlord-penalties-perrin-martland,https://propertytaxpartners.co.uk/,2026-10-10,docs/_engines/link_engine_store/bing/2026-10/87ddd7882c3ee7679751b5a563754a0b35c55611.json.gz,0
https://www.propertytaxpartners.co.uk/blog/landlord-tax-essentials/record-keeping-landlords-what-track-how-long-keep,https://propertytaxpartners.co.uk/,2026-10-10,docs/_engines/link_engine_store/bing/2026-10/7842e5e1f7fa7ab0c3831f46ba1847554bccae32.json.gz,52
https://www.propertytaxpartners.co.uk/blog/landlord-tax-essentials/record-retention-discipline-voluntary-disclosure-failure-to-notify-landlords,https://propertytaxpartners.co.uk/,2026-10-10,docs/_engines/link_engine_store/bing/2026-10/4f1a9acd08c86899eb03c97290f222f99e46cfa0.json.gz,2
https://www.propertytaxpartners.co.uk/blog/landlord-tax-essentials/rental-yield-calculator-guide-uk-landlords,https://propertytaxpartners.co.uk/,2026-10-10,docs/_engines/link_engine_store/bing/2026-10/3294984e430f448c0299d4ce402f179eefd6fa12.json.gz,16
https://www.propertytaxpartners.co.uk/blog/landlord-tax-essentials/renters-rights-act-2026-tax-implications-landlords,https://propertytaxpartners.co.uk/,2026-10-10,docs/_engines/link_engine_store/bing/2026-10/d7f24aa6c91a06c835be14ce0d1740781dfb67a9.json.gz,1
https://www.propertytaxpartners.co.uk/blog/landlord-tax-essentials/renters-rights-act-periodic-tenancy-switch-landlord-obligations,https://propertytaxpartners.co.uk/,2026-10-10,docs/_engines/link_engine_store/bing/2026-10/ff5b478282a47480ba505dc789b567d9f161e96f.json.gz,0
https://www.propertytaxpartners.co.uk/blog/landlord-tax-essentials/renters-rights-act-possession-grounds-reform-section-8-landlords,https://propertytaxpartners.co.uk/,2026-10-10,docs/_engines/link_engine_store/bing/2026-10/f3b9620658ac08d8d80ee837d2d391bf4e918e7e.json.gz,6
https://www.propertytaxpartners.co.uk/blog/landlord-tax-essentials/renters-rights-act-property-redress-scheme-mandatory-enrolment-landlords,https://propertytaxpartners.co.uk/,2026-10-10,docs/_engines/link_engine_store/bing/2026-10/990e65003163c175b0b941d269edc2344078bc30.json.gz,14
https://www.propertytaxpartners.co.uk/blog/landlord-tax-essentials/renters-rights-act-rent-increase-section-13-tribunal-route,https://propertytaxpartners.co.uk/,2026-10-10,docs/_engines/link_engine_store/bing/2026-10/957940dc8a32c7558521fb9dc89fac2ac93b5a9e.json.gz,47
https://www.propertytaxpartners.co.uk/blog/landlord-tax-essentials/renters-rights-act-section-21-abolition-landlord-operational-mechanics,https://propertytaxpartners.co.uk/,2026-10-10,docs/_engines/link_engine_store/bing/2026-10/383d45fca732ff6bed762410477e905b50a2cfbc.json.gz,0
https://www.propertytaxpartners.co.uk/blog/landlord-tax-essentials/residence-nil-rate-band-frozen,https://propertytaxpartners.co.uk/,2026-10-10,docs/_engines/link_engine_store/bing/2026-10/0261b308e8ee59762dc64be37c349982f864986e.json.gz,0
https://www.propertytaxpartners.co.uk/blog/landlord-tax-essentials/rra-2025-landlord-enforcement-civil-penalties-banning-orders-defence,https://propertytaxpartners.co.uk/,2026-10-10,docs/_engines/link_engine_store/bing/2026-10/18364795f4d950bf9fa11340c8ae3c8da298189a.json.gz,0
https://www.propertytaxpartners.co.uk/blog/landlord-tax-essentials/rra-2026-whats-in-force-letting-agents,https://propertytaxpartners.co.uk/,2026-10-10,docs/_engines/link_engine_store/bing/2026-10/8f5ee0f73d98ab9eb78b20d5eeaebd6148b0d2b5.json.gz,0
https://www.propertytaxpartners.co.uk/blog/landlord-tax-essentials/sa105-property-income-form-2026-complete-guide,https://propertytaxpartners.co.uk/,2026-10-10,docs/_engines/link_engine_store/bing/2026-10/fa52ea31332dfc2df0bbb066a39c0364481926a4.json.gz,1071
https://www.propertytaxpartners.co.uk/blog/landlord-tax-essentials/schedule-24-fa-2007-careless-deliberate-penalty-mitigation-landlords,https://propertytaxpartners.co.uk/,2026-10-10,docs/_engines/link_engine_store/bing/2026-10/e7f60818abfc3958f9d35fff7c255e8158ffbca1.json.gz,15
https://www.propertytaxpartners.co.uk/blog/landlord-tax-essentials/schedule-24-fa-2007-penalty-behaviour-categories-landlord-enquiries,https://propertytaxpartners.co.uk/,2026-10-10,docs/_engines/link_engine_store/bing/2026-10/c1152821d84644b01c8195a58196df94b0949538.json.gz,68
https://www.propertytaxpartners.co.uk/blog/landlord-tax-essentials/scottish-lbtt-additional-dwelling-supplement-ads-mechanics-second-home-buyers,https://propertytaxpartners.co.uk/,2026-10-10,docs/_engines/link_engine_store/bing/2026-10/74ab4b95ba689664863f31dc0cadf4700037a94a.json.gz,7
https://www.propertytaxpartners.co.uk/blog/landlord-tax-essentials/scottish-lbtt-first-time-buyer-relief-eligibility-mechanics,https://propertytaxpartners.co.uk/,2026-10-10,docs/_engines/link_engine_store/bing/2026-10/99442929af75163918a14d27fbe428a306304111.json.gz,0
https://www.propertytaxpartners.co.uk/blog/landlord-tax-essentials/scottish-lbtt-rates-bands-2026-27-residential-buyers-complete-guide,https://propertytaxpartners.co.uk/,2026-10-10,docs/_engines/link_engine_store/bing/2026-10/202d980f6ea3480e6d764dc1c116661088894df7.json.gz,101
https://www.propertytaxpartners.co.uk/blog/landlord-tax-essentials/sdlt-5-percent-surcharge-refund-claim-process,https://propertytaxpartners.co.uk/,2026-10-10,docs/_engines/link_engine_store/bing/2026-10/9aff06951a60697c60bd96d2ef4aa9fc08e5b3c7.json.gz,64
https://www.propertytaxpartners.co.uk/blog/landlord-tax-essentials/sdlt-buy-to-let-rates-surcharge-guide-2025,https://propertytaxpartners.co.uk/,2026-10-10,docs/_engines/link_engine_store/bing/2026-10/bd6a73b27484ce050198778b26114d023e05f10e.json.gz,43
https://www.propertytaxpartners.co.uk/blog/landlord-tax-essentials/sdlt-leasehold-extension-vs-fresh-purchase,https://propertytaxpartners.co.uk/,2026-10-10,docs/_engines/link_engine_store/bing/2026-10/65473e45589813917847e0f6f9bf72a5d1661b5a.json.gz,25
https://www.propertytaxpartners.co.uk/blog/landlord-tax-essentials/sdlt-mixed-use-property-classification,https://propertytaxpartners.co.uk/,2026-10-10,docs/_engines/link_engine_store/bing/2026-10/5674a9f374ac05cfeb4a0b39d7e414f115227dff.json.gz,0
https://www.propertytaxpartners.co.uk/blog/landlord-tax-essentials/sdlt-on-probate-property-transfers,https://propertytaxpartners.co.uk/,2026-10-10,docs/_engines/link_engine_store/bing/2026-10/4b34698c03fbac6fba6b2b1c9a42cab1a570bbe6.json.gz,12
https://www.propertytaxpartners.co.uk/blog/landlord-tax-essentials/sdlt-refund-scams-how-to-avoid,https://propertytaxpartners.co.uk/,2026-10-10,docs/_engines/link_engine_store/bing/2026-10/27c414cb161da14903d60335531ad147d07add8d.json.gz,0
https://www.propertytaxpartners.co.uk/blog/landlord-tax-essentials/sdlt-shared-ownership-staircasing,https://propertytaxpartners.co.uk/,2026-10-10,docs/_engines/link_engine_store/bing/2026-10/91fcca19849e210423b72321c6822631607a987b.json.gz,10
https://www.propertytaxpartners.co.uk/blog/landlord-tax-essentials/second-home-sdlt-additional-dwellings-surcharge-joint-owners-spouse-aggregation-rules,https://propertytaxpartners.co.uk/,2026-10-10,docs/_engines/link_engine_store/bing/2026-10/70a239807fc80ad9823c0278b41feae672dbf05d.json.gz,2
https://www.propertytaxpartners.co.uk/blog/landlord-tax-essentials/section-21-abolition-uk-landlord-possession-guide-2026,https://propertytaxpartners.co.uk/,2026-10-10,docs/_engines/link_engine_store/bing/2026-10/13926ecc12ab569a12a1b64cb2c283b6da154c78.json.gz,5
https://www.propertytaxpartners.co.uk/blog/landlord-tax-essentials/stamp-duty-buy-to-let-surcharge,https://propertytaxpartners.co.uk/,2026-10-10,docs/_engines/link_engine_store/bing/2026-10/4ff392e8f3661326da0d0259cdbe5f258146cd9b.json.gz,0
https://www.propertytaxpartners.co.uk/blog/landlord-tax-essentials/tenancy-agreement-template-rra-2025-compliant-clauses,https://propertytaxpartners.co.uk/,2026-10-10,docs/_engines/link_engine_store/bing/2026-10/e437e0faaebf9323abed9bdb1f9aef56583792e6.json.gz,0
https://www.propertytaxpartners.co.uk/blog/landlord-tax-essentials/tenancy-deposits-landlord-tax-position,https://propertytaxpartners.co.uk/,2026-10-10,docs/_engines/link_engine_store/bing/2026-10/15b3cdef9a5a891e7641b9ed3234a51e79550b3d.json.gz,0
https://www.propertytaxpartners.co.uk/blog/landlord-tax-essentials/tribunal-appeal-process-landlords-first-tier-tribunal-tax-chamber,https://propertytaxpartners.co.uk/,2026-10-10,docs/_engines/link_engine_store/bing/2026-10/7d763e0d1cef3584775060ad00b94e6b1bfeb3e4.json.gz,0
https://www.propertytaxpartners.co.uk/blog/landlord-tax-essentials/understanding-alternative-finance-arrangements-under-lbtt,https://propertytaxpartners.co.uk/,2026-10-10,docs/_engines/link_engine_store/bing/2026-10/cbdf5fcbe33ca85d911457737c153d48502bf055.json.gz,0
https://www.propertytaxpartners.co.uk/blog/landlord-tax-essentials/unmarried-co-owners-property-tax-rental-income-split-actual-beneficial-share,https://propertytaxpartners.co.uk/,2026-10-10,docs/_engines/link_engine_store/bing/2026-10/b7a1349746ede1a09ed9c1f1cd20c15716049a8f.json.gz,0
https://www.propertytaxpartners.co.uk/blog/landlord-tax-essentials/vat-dilapidations-payments-tenant-landlord-vat-treatment-supply-or-damages,https://propertytaxpartners.co.uk/,2026-10-10,docs/_engines/link_engine_store/bing/2026-10/e328bc6f1846d0adc38edf702cd6166967cddf78.json.gz,43
https://www.propertytaxpartners.co.uk/blog/landlord-tax-essentials/vat-on-rental-income-residential-vs-commercial-landlord-vat-status-decision-framework,https://propertytaxpartners.co.uk/,2026-10-10,docs/_engines/link_engine_store/bing/2026-10/bf55ab0ef82cb94e9eadd42024002d7237f353b4.json.gz,260
https://www.propertytaxpartners.co.uk/blog/landlord-tax-essentials/vat-partial-exemption-landlords-mixed-residential-commercial-portfolios-standard-method,https://propertytaxpartners.co.uk/,2026-10-10,docs/_engines/link_engine_store/bing/2026-10/79b37899065437335e035953a62ac1bb30d96cd6.json.gz,0
https://www.propertytaxpartners.co.uk/blog/landlord-tax-essentials/welsh-land-transaction-tax-ltt-rates-bands-2026-27-residential-buyers,https://propertytaxpartners.co.uk/,2026-10-10,docs/_engines/link_engine_store/bing/2026-10/7b6d78745b8b8effd554f8c1f9ead7597bb0f201.json.gz,132
https://www.propertytaxpartners.co.uk/blog/landlord-tax-essentials/welsh-ltt-first-time-buyer-relief-mechanics-eligibility-comparison-england-scotland,https://propertytaxpartners.co.uk/,2026-10-10,docs/_engines/link_engine_store/bing/2026-10/5763fa887f2b21023290fa731bb31d0efcccd180.json.gz,0
https://www.propertytaxpartners.co.uk/blog/landlord-tax-essentials/welsh-ltt-higher-rates-residential-second-homes-additional-properties-surcharge-mechanics,https://propertytaxpartners.co.uk/,2026-10-10,docs/_engines/link_engine_store/bing/2026-10/7f287ed45fc54c6dd1fd28bdf4518c6781a8af3f.json.gz,3
https://www.propertytaxpartners.co.uk/blog/landlord-tax-essentials/what-repairs-can-landlords-deduct-from-rental-income,https://propertytaxpartners.co.uk/,2026-10-10,docs/_engines/link_engine_store/bing/2026-10/6a325105ad9745cedbe9c15946d3bd2760d4b389.json.gz,409
https://www.propertytaxpartners.co.uk/blog/landlord-tax-essentials/worldwide-disclosure-facility-offshore-landlord-catch-up-fa-2017-ftc,https://propertytaxpartners.co.uk/,2026-10-10,docs/_engines/link_engine_store/bing/2026-10/5bb40926361f74779212129786cd99377264060f.json.gz,0
https://www.propertytaxpartners.co.uk/blog/making-tax-digital-mtd,https://propertytaxpartners.co.uk/,2026-10-10,docs/_engines/link_engine_store/bing/2026-10/2e924bcd666b3aa096ebddbecd6504f4eb9dbb9b.json.gz,0
https://www.propertytaxpartners.co.uk/blog/making-tax-digital-mtd/best-mtd-software-landlords-2026,https://propertytaxpartners.co.uk/,2026-10-10,docs/_engines/link_engine_store/bing/2026-10/756c630c86cc26a72c886eab6eeaacb6d17c098c.json.gz,55
https://www.propertytaxpartners.co.uk/blog/making-tax-digital-mtd/government-to-implement-mtd-for-it-with-lower-threshold,https://propertytaxpartners.co.uk/,2026-10-10,docs/_engines/link_engine_store/bing/2026-10/345ab0daf6ba8fab4618fa829ee506fa3690e94a.json.gz,0
https://www.propertytaxpartners.co.uk/blog/making-tax-digital-mtd/heres-how-you-can-exit-mtd-if-your-income-falls,https://propertytaxpartners.co.uk/,2026-10-10,docs/_engines/link_engine_store/bing/2026-10/a40fa220c70116422297e4d3f64da827a405546f.json.gz,0
https://www.propertytaxpartners.co.uk/blog/making-tax-digital-mtd/how-making-tax-digital-affects-limited-companies,https://propertytaxpartners.co.uk/,2026-10-10,docs/_engines/link_engine_store/bing/2026-10/b2e6b4abb88293288fe9d1316efdcc670140316a.json.gz,0
https://www.propertytaxpartners.co.uk/blog/making-tax-digital-mtd/how-to-register-mtd-landlord-step-by-step-guide,https://propertytaxpartners.co.uk/,2026-10-10,docs/_engines/link_engine_store/bing/2026-10/81987fb7806fc55cc67b9fafea7813fc3dde1d2e.json.gz,78
https://www.propertytaxpartners.co.uk/blog/making-tax-digital-mtd/how-to-switch-self-assessment-mtd-property-income,https://propertytaxpartners.co.uk/,2026-10-10,docs/_engines/link_engine_store/bing/2026-10/0d9ff05d7f44c81269a313ebda40720ffadcaa89.json.gz,0
https://www.propertytaxpartners.co.uk/blog/making-tax-digital-mtd/landlord-accounting-software-uk-best-options-2026,https://propertytaxpartners.co.uk/,2026-10-10,docs/_engines/link_engine_store/bing/2026-10/36fe7cd9fed1a1ba0e987919c904b05603a90900.json.gz,5
https://www.propertytaxpartners.co.uk/blog/making-tax-digital-mtd/landlord-tax-return-deadline-2026,https://propertytaxpartners.co.uk/,2026-10-10,docs/_engines/link_engine_store/bing/2026-10/57e117bbc53a9074197fb52ae862d30d95b1de17.json.gz,0
https://www.propertytaxpartners.co.uk/blog/making-tax-digital-mtd/making-tax-digital-landlords-april-2026-deadline,https://propertytaxpartners.co.uk/,2026-10-10,docs/_engines/link_engine_store/bing/2026-10/31d16ca5b52a44343a26601798cb9cc209e2c585.json.gz,0
https://www.propertytaxpartners.co.uk/blog/making-tax-digital-mtd/making-tax-digital-major-self-assessment-overhaul-ahead,https://propertytaxpartners.co.uk/,2026-10-10,docs/_engines/link_engine_store/bing/2026-10/be668a4ab3d088bd32f18f13acd639014531218b.json.gz,0
https://www.propertytaxpartners.co.uk/blog/making-tax-digital-mtd/making-tax-digital-property-income-2026-complete-guide,https://propertytaxpartners.co.uk/,2026-10-10,docs/_engines/link_engine_store/bing/2026-10/0edc73793fd4b2424088d3448540ff8213529118.json.gz,235
https://www.propertytaxpartners.co.uk/blog/making-tax-digital-mtd/mtd-itsa-accidental-landlords-do-i-need-to-file-digitally,https://propertytaxpartners.co.uk/,2026-10-10,docs/_engines/link_engine_store/bing/2026-10/a5e03de27b19ccc16b231c991a16ed4b33c7eb79.json.gz,0
https://www.propertytaxpartners.co.uk/blog/making-tax-digital-mtd/mtd-itsa-agent-services-account-asa-authorisation-walkthrough,https://propertytaxpartners.co.uk/,2026-10-10,docs/_engines/link_engine_store/bing/2026-10/6c47b1cab4a8aa279155c11c0bbe38eaed39281b.json.gz,10
https://www.propertytaxpartners.co.uk/blog/making-tax-digital-mtd/mtd-itsa-choosing-software-by-landlord-scenario-decision-tree,https://propertytaxpartners.co.uk/,2026-10-10,docs/_engines/link_engine_store/bing/2026-10/97c0281d75a6c65dae3f4d7f13b462abdd92c206.json.gz,0
https://www.propertytaxpartners.co.uk/blog/making-tax-digital-mtd/mtd-itsa-comparison-current-self-assessment-vs-mtd-cycle,https://propertytaxpartners.co.uk/,2026-10-10,docs/_engines/link_engine_store/bing/2026-10/b674c0259ecdbc2562c25b62cdce23ddb502e5c3.json.gz,0
https://www.propertytaxpartners.co.uk/blog/making-tax-digital-mtd/mtd-itsa-digital-records-receipts-bank-feeds-what-counts-evidence,https://propertytaxpartners.co.uk/,2026-10-10,docs/_engines/link_engine_store/bing/2026-10/eaf57cc717d082266d71fe643035f696be40e332.json.gz,0
https://www.propertytaxpartners.co.uk/blog/making-tax-digital-mtd/mtd-itsa-exit-rule-income-drops-three-year-test,https://propertytaxpartners.co.uk/,2026-10-10,docs/_engines/link_engine_store/bing/2026-10/a7a686d442c6c5f6cfe85e904c337b4a4d678fd0.json.gz,0
https://www.propertytaxpartners.co.uk/blog/making-tax-digital-mtd/mtd-itsa-foreign-property-income-quarterly-reporting-rules,https://propertytaxpartners.co.uk/,2026-10-10,docs/_engines/link_engine_store/bing/2026-10/95463fe4e9e86b2ee69252bee6ab607deab4b2bc.json.gz,134
https://www.propertytaxpartners.co.uk/blog/making-tax-digital-mtd/mtd-itsa-joint-property-owners-quarterly-filing-mechanics-each-spouse,https://propertytaxpartners.co.uk/,2026-10-10,docs/_engines/link_engine_store/bing/2026-10/d1d68b4782517d4568d6fd899dcc05b23e8b9c37.json.gz,0
https://www.propertytaxpartners.co.uk/blog/making-tax-digital-mtd/mtd-itsa-jointly-owned-property-threshold-split,https://propertytaxpartners.co.uk/,2026-10-10,docs/_engines/link_engine_store/bing/2026-10/35e00b4c49148aeb0f8df5d72e6dc1467f0df5f5.json.gz,0
https://www.propertytaxpartners.co.uk/blog/making-tax-digital-mtd/mtd-itsa-late-submission-points-late-payment-15-30-31-worked,https://propertytaxpartners.co.uk/,2026-10-10,docs/_engines/link_engine_store/bing/2026-10/1376ccd1afd1c713b79a8a8604232ab0c18a4f69.json.gz,0
https://www.propertytaxpartners.co.uk/blog/making-tax-digital-mtd/mtd-itsa-letter-from-hmrc-what-to-do-next,https://propertytaxpartners.co.uk/,2026-10-10,docs/_engines/link_engine_store/bing/2026-10/13962257f224a6f3ed447487c4fbb0810ae8a5eb.json.gz,0
https://www.propertytaxpartners.co.uk/blog/making-tax-digital-mtd/mtd-itsa-letting-agent-managed-portfolio-who-files-quarterly,https://propertytaxpartners.co.uk/,2026-10-10,docs/_engines/link_engine_store/bing/2026-10/000cce7c31bbd3fe49b6de24dfdcb4afad2146ed.json.gz,0
https://www.propertytaxpartners.co.uk/blog/making-tax-digital-mtd/mtd-itsa-major-tax-reform-context-policy-history,https://propertytaxpartners.co.uk/,2026-10-10,docs/_engines/link_engine_store/bing/2026-10/ff73482578b32498159197960f370f896860d1ab.json.gz,0
https://www.propertytaxpartners.co.uk/blog/making-tax-digital-mtd/mtd-itsa-overview-six-changes-residential-landlords,https://propertytaxpartners.co.uk/,2026-10-10,docs/_engines/link_engine_store/bing/2026-10/4a6b0d3a17cfc36490ade3c6c9c9cd8efc667a05.json.gz,0
https://www.propertytaxpartners.co.uk/blog/making-tax-digital-mtd/mtd-itsa-pension-funds-sipp-ssas-holding-rental-property-treatment,https://propertytaxpartners.co.uk/,2026-10-10,docs/_engines/link_engine_store/bing/2026-10/1b5e0a2d043f11c6d5d0fa374e9ce7bc312808c5.json.gz,0
https://www.propertytaxpartners.co.uk/blog/making-tax-digital-mtd/mtd-itsa-pilot-trial-volunteer-2025-26-experience,https://propertytaxpartners.co.uk/,2026-10-10,docs/_engines/link_engine_store/bing/2026-10/c0c9a3c72606fc46de1fa4b91a1c9e9430b91ae7.json.gz,0
https://www.propertytaxpartners.co.uk/blog/making-tax-digital-mtd/mtd-itsa-qualifying-income-test-gross-vs-net,https://propertytaxpartners.co.uk/,2026-10-10,docs/_engines/link_engine_store/bing/2026-10/7a2b6c24fab9c5cb9a77342a4e70253d84100018.json.gz,0
https://www.propertytaxpartners.co.uk/blog/making-tax-digital-mtd/mtd-itsa-spreadsheets-with-bridging-software-allowed-mechanics,https://propertytaxpartners.co.uk/,2026-10-10,docs/_engines/link_engine_store/bing/2026-10/006b3dae92bd9859ce00d88b179be4f0c7e54d3e.json.gz,0
https://www.propertytaxpartners.co.uk/blog/making-tax-digital-mtd/mtd-itsa-stopping-letting-mid-year-cessation-quarterly-mechanics,https://propertytaxpartners.co.uk/,2026-10-10,docs/_engines/link_engine_store/bing/2026-10/26d1c6f032373a2ea615c59fdbf1eb46b126ac65.json.gz,3
https://www.propertytaxpartners.co.uk/blog/making-tax-digital-mtd/mtd-itsa-vs-limited-company-cohort-different-rules,https://propertytaxpartners.co.uk/,2026-10-10,docs/_engines/link_engine_store/bing/2026-10/a3f78bcf32e9c47e5b576b2b933531406d8fee6c.json.gz,1
https://www.propertytaxpartners.co.uk/blog/making-tax-digital-mtd/mtd-made-simple-for-landlords-with-jointly-owned-properties,https://propertytaxpartners.co.uk/,2026-10-10,docs/_engines/link_engine_store/bing/2026-10/4d23b6a120e129c15fcdf46fe0eb772d96e27dd9.json.gz,0
https://www.propertytaxpartners.co.uk/blog/making-tax-digital-mtd/mtd-penalties-exemptions-and-what-to-watch,https://propertytaxpartners.co.uk/,2026-10-10,docs/_engines/link_engine_store/bing/2026-10/0df02a192178afe76fa3120c579761fdfd22fa22.json.gz,0
https://www.propertytaxpartners.co.uk/blog/making-tax-digital-mtd/mtd-penalties-landlords-miss-deadline,https://propertytaxpartners.co.uk/,2026-10-10,docs/_engines/link_engine_store/bing/2026-10/caf1f854d54da83d0d71f890af37e195f7fdccf4.json.gz,0
https://www.propertytaxpartners.co.uk/blog/making-tax-digital-mtd/mtd-quarterly-deadlines-2026-2027-landlords,https://propertytaxpartners.co.uk/,2026-10-10,docs/_engines/link_engine_store/bing/2026-10/d9302198338ee4710e1d40d66264e3dc11e72f95.json.gz,0
https://www.propertytaxpartners.co.uk/blog/making-tax-digital-mtd/mtd-quarterly-reporting-landlords-step-by-step-guide,https://propertytaxpartners.co.uk/,2026-10-10,docs/_engines/link_engine_store/bing/2026-10/a0a34b5e33d8ed9eda5519c3a207a1173da45f04.json.gz,282
https://www.propertytaxpartners.co.uk/blog/making-tax-digital-mtd/mtd-record-keeping-landlords-digital-requirements,https://propertytaxpartners.co.uk/,2026-10-10,docs/_engines/link_engine_store/bing/2026-10/76997fabd0cb443f9ec18fc0b5c8f95411e2e859.json.gz,36
https://www.propertytaxpartners.co.uk/blog/making-tax-digital-mtd/mtd-rental-income-threshold-exemptions,https://propertytaxpartners.co.uk/,2026-10-10,docs/_engines/link_engine_store/bing/2026-10/7412d8deb08739445becbf04e40d16894e066891.json.gz,447
https://www.propertytaxpartners.co.uk/blog/making-tax-digital-mtd/mtd-software-landlords-free-vs-paid-options-compared,https://propertytaxpartners.co.uk/,2026-10-10,docs/_engines/link_engine_store/bing/2026-10/76ab287866c71286f87b76a871e5dfca11125c76.json.gz,0
https://www.propertytaxpartners.co.uk/blog/making-tax-digital-mtd/property-accounting-software-uk-2026,https://propertytaxpartners.co.uk/,2026-10-10,docs/_engines/link_engine_store/bing/2026-10/d8928dcdb317e72ddb55ad6a0ec7308b6a78e28f.json.gz,0
https://www.propertytaxpartners.co.uk/blog/making-tax-digital-mtd/what-is-qualifying-income-for-mtd,https://propertytaxpartners.co.uk/,2026-10-10,docs/_engines/link_engine_store/bing/2026-10/c010c565f08d1d4ad29eb4e72f879aa4ddb96d3d.json.gz,3
https://www.propertytaxpartners.co.uk/blog/non-resident-landlord-tax,https://propertytaxpartners.co.uk/,2026-10-10,docs/_engines/link_engine_store/bing/2026-10/5dcfce222f452f84110e0b6cd7c594dc222fd02e.json.gz,0
https://www.propertytaxpartners.co.uk/blog/non-resident-landlord-tax/are-you-leaving-the-uk-permanently,https://propertytaxpartners.co.uk/,2026-10-10,docs/_engines/link_engine_store/bing/2026-10/6e3780a2571303e506aa5e7110e0dc735909c086.json.gz,0
https://www.propertytaxpartners.co.uk/blog/non-resident-landlord-tax/arriving-in-the-uk,https://propertytaxpartners.co.uk/,2026-10-10,docs/_engines/link_engine_store/bing/2026-10/cc3968d81f46fe1339135129a573611eec534eb8.json.gz,0
https://www.propertytaxpartners.co.uk/blog/non-resident-landlord-tax/automatic-exchange-of-information,https://propertytaxpartners.co.uk/,2026-10-10,docs/_engines/link_engine_store/bing/2026-10/012165ba4513e99eaef32debef755e0fd54907d2.json.gz,0
https://www.propertytaxpartners.co.uk/blog/non-resident-landlord-tax/cgt-rebasing-election-fa-2025-schedule-11-narrow-eligibility-non-doms,https://propertytaxpartners.co.uk/,2026-10-10,docs/_engines/link_engine_store/bing/2026-10/6029c107256e8bb84d54d13f36295829143197e6.json.gz,0
https://www.propertytaxpartners.co.uk/blog/non-resident-landlord-tax/changes-nrl-companies,https://propertytaxpartners.co.uk/,2026-10-10,docs/_engines/link_engine_store/bing/2026-10/10b1016ad8ddadcb1be308f69cc4d6df0573297f.json.gz,3
https://www.propertytaxpartners.co.uk/blog/non-resident-landlord-tax/consequences-for-roe-non-compliance,https://propertytaxpartners.co.uk/,2026-10-10,docs/_engines/link_engine_store/bing/2026-10/563ae805a60b2372d7c76ca7179ba371ae931b53.json.gz,0
https://www.propertytaxpartners.co.uk/blog/non-resident-landlord-tax/do-i-have-to-pay-uk-tax,https://propertytaxpartners.co.uk/,2026-10-10,docs/_engines/link_engine_store/bing/2026-10/fc1360c8e6771690981a2aa6e8d898034d2557f1.json.gz,0
https://www.propertytaxpartners.co.uk/blog/non-resident-landlord-tax/dont-pay-twice-an-introduction-to-tax-treaties,https://propertytaxpartners.co.uk/,2026-10-10,docs/_engines/link_engine_store/bing/2026-10/c97de1a2eaeda7b5c468f3ae3e4e79f127878c9f.json.gz,0
https://www.propertytaxpartners.co.uk/blog/non-resident-landlord-tax/double-taxation-agreement-uk-and-isle-of-man,https://propertytaxpartners.co.uk/,2026-10-10,docs/_engines/link_engine_store/bing/2026-10/2f7f760fe779247e7e715b7d7f97ffe514c72ad7.json.gz,2
https://www.propertytaxpartners.co.uk/blog/non-resident-landlord-tax/double-taxation-convention-dta-uk-and-spain,https://propertytaxpartners.co.uk/,2026-10-10,docs/_engines/link_engine_store/bing/2026-10/72ba90a84956189ddf524ec8e2d95059ce4ad5d6.json.gz,0
https://www.propertytaxpartners.co.uk/blog/non-resident-landlord-tax/double-taxation-convention-uk-and-india,https://propertytaxpartners.co.uk/,2026-10-10,docs/_engines/link_engine_store/bing/2026-10/a237dbe74d0725ed56dbc152a028f7b8a058916b.json.gz,0
https://www.propertytaxpartners.co.uk/blog/non-resident-landlord-tax/dta-tie-breaker-test-dual-residence-property-owners,https://propertytaxpartners.co.uk/,2026-10-10,docs/_engines/link_engine_store/bing/2026-10/d4bbf7c55d80e1ec2af645aa66ac28fc97fe5fc8.json.gz,0
https://www.propertytaxpartners.co.uk/blog/non-resident-landlord-tax/fig-election-mechanics-per-year-claim-personal-allowance-cgt-aea-cost,https://propertytaxpartners.co.uk/,2026-10-10,docs/_engines/link_engine_store/bing/2026-10/d0ce5fd3b350d80fb9a9533fb764850aa1d82b78.json.gz,0
https://www.propertytaxpartners.co.uk/blog/non-resident-landlord-tax/fig-regime-qualifying-new-resident-10-year-non-residence-test-landlords,https://propertytaxpartners.co.uk/,2026-10-10,docs/_engines/link_engine_store/bing/2026-10/d6d0e6ee9c2f23fc84d34cb12d163a5463874d80.json.gz,0
https://www.propertytaxpartners.co.uk/blog/non-resident-landlord-tax/fig-year-5-cliff-post-fig-arising-basis-planning-non-doms-landlords,https://propertytaxpartners.co.uk/,2026-10-10,docs/_engines/link_engine_store/bing/2026-10/2d89587867fba676b0308e721c8303c0da9c33e3.json.gz,0
https://www.propertytaxpartners.co.uk/blog/non-resident-landlord-tax/foreign-tax-credit-uk-property-overseas-landlords,https://propertytaxpartners.co.uk/,2026-10-10,docs/_engines/link_engine_store/bing/2026-10/b55229b1491609cc25367e45dffb27fe0a3da7d5.json.gz,0
https://www.propertytaxpartners.co.uk/blog/non-resident-landlord-tax/iht-non-resident-uk-property-april-2025-residence-test,https://propertytaxpartners.co.uk/,2026-10-10,docs/_engines/link_engine_store/bing/2026-10/ca47ae672c6049786ba227e324cd6e459723f03c.json.gz,7
https://www.propertytaxpartners.co.uk/blog/non-resident-landlord-tax/leaving-uk-landlord-12-month-pre-departure-checklist,https://propertytaxpartners.co.uk/,2026-10-10,docs/_engines/link_engine_store/bing/2026-10/4c42f50c82b505156437be5a8b458cd31960c5ab.json.gz,0
https://www.propertytaxpartners.co.uk/blog/non-resident-landlord-tax/moving-to-australia-uk-rental-property-tax-pathway,https://propertytaxpartners.co.uk/,2026-10-10,docs/_engines/link_engine_store/bing/2026-10/a1c135bed92d1fed9106abc729938e1f3bfafefc.json.gz,0
https://www.propertytaxpartners.co.uk/blog/non-resident-landlord-tax/moving-to-dubai-uk-rental-property-tax-pathway,https://propertytaxpartners.co.uk/,2026-10-10,docs/_engines/link_engine_store/bing/2026-10/05f67b4b255392d13e15504ac8002b9127d12c0f.json.gz,0
https://www.propertytaxpartners.co.uk/blog/non-resident-landlord-tax/non-dom-reform-april-2025-fig-regime-property-investors,https://propertytaxpartners.co.uk/,2026-10-10,docs/_engines/link_engine_store/bing/2026-10/419bd3c3f751b827701f13ff6e48f3d2776a262e.json.gz,0
https://www.propertytaxpartners.co.uk/blog/non-resident-landlord-tax/non-resident-cgt-selling-uk-property-overseas-guide,https://propertytaxpartners.co.uk/,2026-10-10,docs/_engines/link_engine_store/bing/2026-10/63f5c27e2f82bbe6407a597db93b39a5a9af275d.json.gz,455
https://www.propertytaxpartners.co.uk/blog/non-resident-landlord-tax/non-resident-cgt-uk-property-rates-reporting,https://propertytaxpartners.co.uk/,2026-10-10,docs/_engines/link_engine_store/bing/2026-10/ef3d95e82bce19fad244880e93149478252c09f5.json.gz,278
https://www.propertytaxpartners.co.uk/blog/non-resident-landlord-tax/non-resident-landlord-scheme-uk-complete-guide,https://propertytaxpartners.co.uk/,2026-10-10,docs/_engines/link_engine_store/bing/2026-10/09a75901b58fc5097b54f4ecf31e3637846033d3.json.gz,941
https://www.propertytaxpartners.co.uk/blog/non-resident-landlord-tax/non-resident-landlord-self-assessment-filing-requirements,https://propertytaxpartners.co.uk/,2026-10-10,docs/_engines/link_engine_store/bing/2026-10/b8ba536be5ba3571c5ecf752998f696261fb3f2a.json.gz,379
https://www.propertytaxpartners.co.uk/blog/non-resident-landlord-tax/non-resident-landlords-uk-inheritance-tax-exposure,https://propertytaxpartners.co.uk/,2026-10-10,docs/_engines/link_engine_store/bing/2026-10/8b7d8e9bf0161ae809c5f69bca2bc63c1b174954.json.gz,0
https://www.propertytaxpartners.co.uk/blog/non-resident-landlord-tax/nrcgt-indirect-disposal-property-rich-companies-shares,https://propertytaxpartners.co.uk/,2026-10-10,docs/_engines/link_engine_store/bing/2026-10/9a51cad974d885d8a0c769c60e2f0096f2c923f1.json.gz,45
https://www.propertytaxpartners.co.uk/blog/non-resident-landlord-tax/nrl-approval-receive-rent-gross-hmrc-guide,https://propertytaxpartners.co.uk/,2026-10-10,docs/_engines/link_engine_store/bing/2026-10/352dca27c3e6d0575aba9633059a42861fcdf565.json.gz,832
https://www.propertytaxpartners.co.uk/blog/non-resident-landlord-tax/nrl-scheme-letting-agents-quarterly-returns-mechanics,https://propertytaxpartners.co.uk/,2026-10-10,docs/_engines/link_engine_store/bing/2026-10/100c36843974c56ee34a3e0a31540f9220781545.json.gz,66
https://www.propertytaxpartners.co.uk/blog/non-resident-landlord-tax/nrl-withholding-tax-20-percent-basic-rate-deduction,https://propertytaxpartners.co.uk/,2026-10-10,docs/_engines/link_engine_store/bing/2026-10/30d530d879248cfad1191a2854523693f456068f.json.gz,66
https://www.propertytaxpartners.co.uk/blog/non-resident-landlord-tax/offshore-company-owning-uk-property,https://propertytaxpartners.co.uk/,2026-10-10,docs/_engines/link_engine_store/bing/2026-10/aa97abd70254956b58c468c57aeb433b9e5db5ef.json.gz,0
https://www.propertytaxpartners.co.uk/blog/non-resident-landlord-tax/register-of-overseas-entities-roe-annual-update-statement-non-resident-landlords,https://propertytaxpartners.co.uk/,2026-10-10,docs/_engines/link_engine_store/bing/2026-10/78eec69a39110eff0c900255fb06c0c165eebd80.json.gz,0
https://www.propertytaxpartners.co.uk/blog/non-resident-landlord-tax/returning-to-uk-after-non-residence-property-portfolio,https://propertytaxpartners.co.uk/,2026-10-10,docs/_engines/link_engine_store/bing/2026-10/4cd6ef1a700dcfa1c34da6ff2cb8633b80ead2cc.json.gz,0
https://www.propertytaxpartners.co.uk/blog/non-resident-landlord-tax/returning-to-uk-after-non-residence-section-10a-recapture-fig-eligibility,https://propertytaxpartners.co.uk/,2026-10-10,docs/_engines/link_engine_store/bing/2026-10/da9121b57a1bb0548f3daa2cb36156ca2f5203ab.json.gz,0
https://www.propertytaxpartners.co.uk/blog/non-resident-landlord-tax/sdlt-non-resident-2-percent-surcharge,https://propertytaxpartners.co.uk/,2026-10-10,docs/_engines/link_engine_store/bing/2026-10/f22e15973dbf52c75cda1321fdfb5105136bcc23.json.gz,11
https://www.propertytaxpartners.co.uk/blog/non-resident-landlord-tax/split-year-treatment-cases-1-8-landlord-departure-arrival,https://propertytaxpartners.co.uk/,2026-10-10,docs/_engines/link_engine_store/bing/2026-10/5edb66b0351bd81fbcb4ab3d8de340b87a629ca6.json.gz,0
https://www.propertytaxpartners.co.uk/blog/non-resident-landlord-tax/srt-statutory-residence-test-landlord-decision-tree,https://propertytaxpartners.co.uk/,2026-10-10,docs/_engines/link_engine_store/bing/2026-10/3b87e4c9b3bef917021c2ff67e103da3b5913172.json.gz,0
https://www.propertytaxpartners.co.uk/blog/non-resident-landlord-tax/tax-treaties-property-investors-treaty-framework-guide,https://propertytaxpartners.co.uk/,2026-10-10,docs/_engines/link_engine_store/bing/2026-10/b454dff581c5b0bad4456b4686327c70585cb97d.json.gz,0
https://www.propertytaxpartners.co.uk/blog/non-resident-landlord-tax/temporary-repatriation-facility-trf-designation-mechanics-12-15-percent-rates,https://propertytaxpartners.co.uk/,2026-10-10,docs/_engines/link_engine_store/bing/2026-10/d4811add0033cf07f5bc67b731c2693ddf9feced.json.gz,1
https://www.propertytaxpartners.co.uk/blog/non-resident-landlord-tax/trf-qualifying-overseas-capital-what-can-be-designated-non-doms,https://propertytaxpartners.co.uk/,2026-10-10,docs/_engines/link_engine_store/bing/2026-10/2c6bcf54a622f9c45539c6e6792257284f9edca4.json.gz,0
https://www.propertytaxpartners.co.uk/blog/non-resident-landlord-tax/uk-france-dta-property-rental-income-cgt,https://propertytaxpartners.co.uk/,2026-10-10,docs/_engines/link_engine_store/bing/2026-10/4ca3ed47812bd8851af7bbf08fc936660a99cd5b.json.gz,0
https://www.propertytaxpartners.co.uk/blog/non-resident-landlord-tax/uk-india-dta-property-rental-income-treatment,https://propertytaxpartners.co.uk/,2026-10-10,docs/_engines/link_engine_store/bing/2026-10/16844c8cc23df4766e6d4644b7b343d9c6405287.json.gz,0
https://www.propertytaxpartners.co.uk/blog/non-resident-landlord-tax/uk-italy-dta-tie-breaker-property-residence-disputes,https://propertytaxpartners.co.uk/,2026-10-10,docs/_engines/link_engine_store/bing/2026-10/e56ff19d81c96ceb121d82583d0808231619d3d2.json.gz,5
https://www.propertytaxpartners.co.uk/blog/non-resident-landlord-tax/uk-jersey-guernsey-isle-of-man-dtas-property-investors,https://propertytaxpartners.co.uk/,2026-10-10,docs/_engines/link_engine_store/bing/2026-10/f36f8577743a1fcd19d10af46432a5e1505aa2c2.json.gz,8
https://www.propertytaxpartners.co.uk/blog/non-resident-landlord-tax/uk-property-income-expats-tax-obligations-explained,https://propertytaxpartners.co.uk/,2026-10-10,docs/_engines/link_engine_store/bing/2026-10/9722c90cd5aae89a7cf7cdc784450dd1dcc477dd.json.gz,53
https://www.propertytaxpartners.co.uk/blog/non-resident-landlord-tax/uk-spain-dta-property-uk-resident-spanish-holiday-home,https://propertytaxpartners.co.uk/,2026-10-10,docs/_engines/link_engine_store/bing/2026-10/d5c47de8869dccd6f3f7e18a4a72313193abc322.json.gz,1
https://www.propertytaxpartners.co.uk/blog/non-resident-landlord-tax/uk-uae-dta-property-no-tax-jurisdiction-asymmetry,https://propertytaxpartners.co.uk/,2026-10-10,docs/_engines/link_engine_store/bing/2026-10/f98ebc92d99d390320bde2c9a07111f1af46901b.json.gz,0
https://www.propertytaxpartners.co.uk/blog/non-resident-landlord-tax/uk-us-dta-property-tax-implications-landlords,https://propertytaxpartners.co.uk/,2026-10-10,docs/_engines/link_engine_store/bing/2026-10/c0af4eace2c821e3117e87692bcd92983711e15b.json.gz,0
https://www.propertytaxpartners.co.uk/blog/portfolio-management,https://propertytaxpartners.co.uk/,2026-10-10,docs/_engines/link_engine_store/bing/2026-10/04d83b9dc0f150a23b0bb61fc12d098a4e6db7c7.json.gz,0
https://www.propertytaxpartners.co.uk/blog/portfolio-management/btl-investment-plymouth-cardiff-landlord-hotspots,https://propertytaxpartners.co.uk/,2026-10-10,docs/_engines/link_engine_store/bing/2026-10/30fc274d831d919b06e745374856a186b1125c81.json.gz,0
https://www.propertytaxpartners.co.uk/blog/portfolio-management/budgeting-voids-repairs-rental-cash-flow,https://propertytaxpartners.co.uk/,2026-10-10,docs/_engines/link_engine_store/bing/2026-10/f77b2ede1283aa02f5aba2916c722dd3f75cc52d.json.gz,0
https://www.propertytaxpartners.co.uk/blog/portfolio-management/buy-to-let-market-sees-record-high-returns,https://propertytaxpartners.co.uk/,2026-10-10,docs/_engines/link_engine_store/bing/2026-10/1cffdbb378d2761820fb557e826e2d66bf140ab5.json.gz,0
https://www.propertytaxpartners.co.uk/blog/portfolio-management/buying-commercial-property-through-a-sipp,https://propertytaxpartners.co.uk/,2026-10-10,docs/_engines/link_engine_store/bing/2026-10/5a3d7e2aa9863767471622cce50d1a36c7d5b9e6.json.gz,4
https://www.propertytaxpartners.co.uk/blog/portfolio-management/how-to-scale-buy-to-let-portfolio-1-to-10-properties,https://propertytaxpartners.co.uk/,2026-10-10,docs/_engines/link_engine_store/bing/2026-10/f366adf7a9240eac6d964c5ce170e9b1ca907a75.json.gz,0
https://www.propertytaxpartners.co.uk/blog/portfolio-management/how-to-value-rental-property-portfolio-tax-purposes,https://propertytaxpartners.co.uk/,2026-10-10,docs/_engines/link_engine_store/bing/2026-10/e452f4ef47c0b32fb5dd400cf955ab2ef2e53158.json.gz,0
https://www.propertytaxpartners.co.uk/blog/portfolio-management/multi-property-landlord-tax-planning-strategies-5-plus-properties,https://propertytaxpartners.co.uk/,2026-10-10,docs/_engines/link_engine_store/bing/2026-10/f81da946da02020e1e94419e922701c6dcdbb3bd.json.gz,0
https://www.propertytaxpartners.co.uk/blog/portfolio-management/portfolio-landlord-tax-planning-strategy-guide,https://propertytaxpartners.co.uk/,2026-10-10,docs/_engines/link_engine_store/bing/2026-10/f7f2e61a3335cc27cb9a3ba7f1768cd8e819446e.json.gz,0
https://www.propertytaxpartners.co.uk/blog/portfolio-management/property-investment-benchmarks-uk-2026-good-yield,https://propertytaxpartners.co.uk/,2026-10-10,docs/_engines/link_engine_store/bing/2026-10/ec9bc9761dc4314e219f20be7f87a29961a14200.json.gz,148
https://www.propertytaxpartners.co.uk/blog/portfolio-management/property-investment-exit-strategy-planning-guide,https://propertytaxpartners.co.uk/,2026-10-10,docs/_engines/link_engine_store/bing/2026-10/7b566b478c2586fc1636db3a6af9de7f6482325f.json.gz,2
https://www.propertytaxpartners.co.uk/blog/portfolio-management/property-portfolio-accounting-tracking-profitability,https://propertytaxpartners.co.uk/,2026-10-10,docs/_engines/link_engine_store/bing/2026-10/98a1f5e3bcad6ee5136ca22bacf5a3fb2b9ff082.json.gz,0
https://www.propertytaxpartners.co.uk/blog/portfolio-management/property-portfolio-review-checklist-landlords-2026,https://propertytaxpartners.co.uk/,2026-10-10,docs/_engines/link_engine_store/bing/2026-10/2b4a7d733b3d4a954198fa80d45c933515854391.json.gz,0
https://www.propertytaxpartners.co.uk/blog/portfolio-management/reduce-void-periods-rental-properties-uk-landlords,https://propertytaxpartners.co.uk/,2026-10-10,docs/_engines/link_engine_store/bing/2026-10/3812fd970d678d6ba08ad0d64caa490c3d1a4ed3.json.gz,0
https://www.propertytaxpartners.co.uk/blog/portfolio-management/refinancing-rental-property-when-does-it-make-financial-sense,https://propertytaxpartners.co.uk/,2026-10-10,docs/_engines/link_engine_store/bing/2026-10/31e3ab0ed4c4b4419c5c99a075549c7ab07dc7a4.json.gz,1
https://www.propertytaxpartners.co.uk/blog/portfolio-management/rental-yield-vs-roi-property-investors-uk,https://propertytaxpartners.co.uk/,2026-10-10,docs/_engines/link_engine_store/bing/2026-10/f845b9fba2fbabf3aaeeb83df8ece846a3f4237e.json.gz,0
https://www.propertytaxpartners.co.uk/blog/portfolio-management/retirement-planning-spousal-rental-income-shift-form-17-marginal-rate-restructure,https://propertytaxpartners.co.uk/,2026-10-10,docs/_engines/link_engine_store/bing/2026-10/6e53dfbfeec9f66c2e54c64af1f4623758e0028d.json.gz,0
https://www.propertytaxpartners.co.uk/blog/portfolio-management/track-rental-property-profitability-per-property-pl-guide,https://propertytaxpartners.co.uk/,2026-10-10,docs/_engines/link_engine_store/bing/2026-10/4be74af57d0154f14ad8c6273a59f35569f91074.json.gz,0
https://www.propertytaxpartners.co.uk/blog/portfolio-management/what-is-good-gross-yield-buy-to-let-property-2026,https://propertytaxpartners.co.uk/,2026-10-10,docs/_engines/link_engine_store/bing/2026-10/b9d0233ef5e2887e0fb55858b7989ada433d15ce.json.gz,0
https://www.propertytaxpartners.co.uk/blog/portfolio-management/when-to-sell-rental-property-key-indicators-landlords,https://propertytaxpartners.co.uk/,2026-10-10,docs/_engines/link_engine_store/bing/2026-10/47dd16c575f0f325588123e32938738fc9ef9376.json.gz,0
https://www.propertytaxpartners.co.uk/blog/property-accountant-services,https://propertytaxpartners.co.uk/,2026-10-10,docs/_engines/link_engine_store/bing/2026-10/838df1f86975c551dd2568d3c1b19c7ff195db07.json.gz,0
https://www.propertytaxpartners.co.uk/blog/property-accountant-services/3m-mortgage-fraud-convicts-accountant-and-financial-adviser,https://propertytaxpartners.co.uk/,2026-10-10,docs/_engines/link_engine_store/bing/2026-10/1120169a20939f3b1c0908fe2e82ad21aae559cf.json.gz,0
https://www.propertytaxpartners.co.uk/blog/property-accountant-services/a-complete-guide-to-uk-payroll-taxes-and-deductions-for-employers,https://propertytaxpartners.co.uk/,2026-10-10,docs/_engines/link_engine_store/bing/2026-10/98a7862f3d7df08ed45d1332964003dc0af9066d.json.gz,0
https://www.propertytaxpartners.co.uk/blog/property-accountant-services/accounting-services-for-property-owners,https://propertytaxpartners.co.uk/,2026-10-10,docs/_engines/link_engine_store/bing/2026-10/02ad5ef1e8c39265739291bdb5d5158775a5c741.json.gz,2
https://www.propertytaxpartners.co.uk/blog/property-accountant-services/beginners-guide-to-cis-verification-in-the-uk,https://propertytaxpartners.co.uk/,2026-10-10,docs/_engines/link_engine_store/bing/2026-10/687e94c2a3bbe743fa7e027534940fb3bbd9819f.json.gz,0
https://www.propertytaxpartners.co.uk/blog/property-accountant-services/belfast-property-accountant-specialist-tax-services,https://propertytaxpartners.co.uk/,2026-10-10,docs/_engines/link_engine_store/bing/2026-10/a0996bf563a679608c5ca18667c0e9a1e6a0dddd.json.gz,0
https://www.propertytaxpartners.co.uk/blog/property-accountant-services/brighton-property-accountant-specialist-tax-services,https://propertytaxpartners.co.uk/,2026-10-10,docs/_engines/link_engine_store/bing/2026-10/306becad18b2361d0de775db05af4874c62cb9f7.json.gz,0
https://www.propertytaxpartners.co.uk/blog/property-accountant-services/buy-to-let-accountants-near-me-guide,https://propertytaxpartners.co.uk/,2026-10-10,docs/_engines/link_engine_store/bing/2026-10/5db97bfb9e7d658cbe04de5153b810519f570794.json.gz,0
https://www.propertytaxpartners.co.uk/blog/property-accountant-services/cambridge-property-accountant-landlord-tax-services,https://propertytaxpartners.co.uk/,2026-10-10,docs/_engines/link_engine_store/bing/2026-10/305e955a2acd6b37a506310e206f7aaa20629586.json.gz,0
https://www.propertytaxpartners.co.uk/blog/property-accountant-services/can-you-claim-aia-on-second-hand-assets,https://propertytaxpartners.co.uk/,2026-10-10,docs/_engines/link_engine_store/bing/2026-10/d54a468b8eed57444b5120dd08f92ce152bdd874.json.gz,265
https://www.propertytaxpartners.co.uk/blog/property-accountant-services/change-landlord-accountants,https://propertytaxpartners.co.uk/,2026-10-10,docs/_engines/link_engine_store/bing/2026-10/d815181c7348116a0defe821f4933c980403b728.json.gz,0
https://www.propertytaxpartners.co.uk/blog/property-accountant-services/cheltenham-property-accountant-landlord-tax-services,https://propertytaxpartners.co.uk/,2026-10-10,docs/_engines/link_engine_store/bing/2026-10/d1a21c5547ef158f94d04c26cea5cc390a0ddf5e.json.gz,0
https://www.propertytaxpartners.co.uk/blog/property-accountant-services/coventry-property-accountant,https://propertytaxpartners.co.uk/,2026-10-10,docs/_engines/link_engine_store/bing/2026-10/d125811d1219d92a5a057c545c49f1b35e9f0fce.json.gz,0
https://www.propertytaxpartners.co.uk/blog/property-accountant-services/derby-property-accountant-specialist-tax-services-local-landlords,https://propertytaxpartners.co.uk/,2026-10-10,docs/_engines/link_engine_store/bing/2026-10/12f1bef4e18ca5d22993d653104d77eb5823a3fe.json.gz,0
https://www.propertytaxpartners.co.uk/blog/property-accountant-services/ensuring-compliance-with-uk-payroll-reporting-regulations,https://propertytaxpartners.co.uk/,2026-10-10,docs/_engines/link_engine_store/bing/2026-10/9c39d8ba3ff2142ba0096c47cc77652a5d576bfb.json.gz,0
https://www.propertytaxpartners.co.uk/blog/property-accountant-services/essential-bookkeeping-tips-for-sole-traders,https://propertytaxpartners.co.uk/,2026-10-10,docs/_engines/link_engine_store/bing/2026-10/fc6b421b7d716cb27b512a3a73dfeca7ff8a8182.json.gz,0
https://www.propertytaxpartners.co.uk/blog/property-accountant-services/essential-guidelines-for-running-payroll-effectively,https://propertytaxpartners.co.uk/,2026-10-10,docs/_engines/link_engine_store/bing/2026-10/e7ec6cd69d53ca40f165d24022ada5f361583edc.json.gz,0
https://www.propertytaxpartners.co.uk/blog/property-accountant-services/exeter-property-accountant-specialist-tax-services,https://propertytaxpartners.co.uk/,2026-10-10,docs/_engines/link_engine_store/bing/2026-10/3cf92860737cd10f3661b52c637cecdf1bc737d6.json.gz,0
https://www.propertytaxpartners.co.uk/blog/property-accountant-services/file-dormant-accounts-a-complete-guide,https://propertytaxpartners.co.uk/,2026-10-10,docs/_engines/link_engine_store/bing/2026-10/ed06394037839433e028049bce365a3bde775e8f.json.gz,0
https://www.propertytaxpartners.co.uk/blog/property-accountant-services/hmrcs-loan-charge-settling-disguised-remuneration-schemes,https://propertytaxpartners.co.uk/,2026-10-10,docs/_engines/link_engine_store/bing/2026-10/8abedacc5b0f5979e1e0ff3f8eaf2567545df80a.json.gz,0
https://www.propertytaxpartners.co.uk/blog/property-accountant-services/how-much-does-a-property-accountant-cost,https://propertytaxpartners.co.uk/,2026-10-10,docs/_engines/link_engine_store/bing/2026-10/36a307c653a62661aec3156456b734d23741b544.json.gz,4
https://www.propertytaxpartners.co.uk/blog/property-accountant-services/how-to-choose-a-property-accountant,https://propertytaxpartners.co.uk/,2026-10-10,docs/_engines/link_engine_store/bing/2026-10/ac11532c3e20c801a84d5444b3fed5bf9b25a208.json.gz,0
https://www.propertytaxpartners.co.uk/blog/property-accountant-services/ipswich-property-accountant-tax-services-local-landlords,https://propertytaxpartners.co.uk/,2026-10-10,docs/_engines/link_engine_store/bing/2026-10/f547a89ef5f6384028b8d4e41ebc496d06d814d8.json.gz,0
https://www.propertytaxpartners.co.uk/blog/property-accountant-services/liverpool-property-accountant-tax-services-landlords,https://propertytaxpartners.co.uk/,2026-10-10,docs/_engines/link_engine_store/bing/2026-10/4b714ada046255aec08355426a82ab14d45982d0.json.gz,0
https://www.propertytaxpartners.co.uk/blog/property-accountant-services/newcastle-property-accountant-landlord-tax-services,https://propertytaxpartners.co.uk/,2026-10-10,docs/_engines/link_engine_store/bing/2026-10/8205f5f65098561ca046c360e3fb5b3521bca56a.json.gz,0
https://www.propertytaxpartners.co.uk/blog/property-accountant-services/peterborough-property-accountant-specialist-tax-services,https://propertytaxpartners.co.uk/,2026-10-10,docs/_engines/link_engine_store/bing/2026-10/f1c415513b5b53702861201da5901651437b7f81.json.gz,0
https://www.propertytaxpartners.co.uk/blog/property-accountant-services/plymouth-property-accountant-local-landlord-tax-services,https://propertytaxpartners.co.uk/,2026-10-10,docs/_engines/link_engine_store/bing/2026-10/11a256607a7ba267ed2354e2ce1a2897fed1a97f.json.gz,0
https://www.propertytaxpartners.co.uk/blog/property-accountant-services/portsmouth-property-accountant-landlord-tax-services,https://propertytaxpartners.co.uk/,2026-10-10,docs/_engines/link_engine_store/bing/2026-10/4521f8cce124700d86e649bd1d250b3bcde8d448.json.gz,0
https://www.propertytaxpartners.co.uk/blog/property-accountant-services/property-accountant-aberdeen-landlords-tax-services,https://propertytaxpartners.co.uk/,2026-10-10,docs/_engines/link_engine_store/bing/2026-10/ff4eb4380404ba701ac8398bdf257a90aa35e0e1.json.gz,0
https://www.propertytaxpartners.co.uk/blog/property-accountant-services/property-accountant-bath-expert-tax-services-local-landlords,https://propertytaxpartners.co.uk/,2026-10-10,docs/_engines/link_engine_store/bing/2026-10/db4fbac874e368c0ebf3b5a6eb999cf1fc82a1f1.json.gz,0
https://www.propertytaxpartners.co.uk/blog/property-accountant-services/property-accountant-bournemouth-landlords-tax-services,https://propertytaxpartners.co.uk/,2026-10-10,docs/_engines/link_engine_store/bing/2026-10/18814e0b915e33ab55388dc084c68b0b21333d40.json.gz,0
https://www.propertytaxpartners.co.uk/blog/property-accountant-services/property-accountant-dundee-landlord-tax-services,https://propertytaxpartners.co.uk/,2026-10-10,docs/_engines/link_engine_store/bing/2026-10/f4966bfe81c62d037c481564c241c52aa2bda10a.json.gz,0
https://www.propertytaxpartners.co.uk/blog/property-accountant-services/property-accountant-edinburgh-landlord-tax-services,https://propertytaxpartners.co.uk/,2026-10-10,docs/_engines/link_engine_store/bing/2026-10/9b02aada654a1a657edefb1c698c095fc4cd42f7.json.gz,0
https://www.propertytaxpartners.co.uk/blog/property-accountant-services/property-accountant-glasgow,https://propertytaxpartners.co.uk/,2026-10-10,docs/_engines/link_engine_store/bing/2026-10/48bb8c299abee4ec516a6faa179e68acf012a804.json.gz,0
https://www.propertytaxpartners.co.uk/blog/property-accountant-services/property-accountant-leicester,https://propertytaxpartners.co.uk/,2026-10-10,docs/_engines/link_engine_store/bing/2026-10/e012cdabfeebce2c310a9532f58915fb613edb30.json.gz,0
https://www.propertytaxpartners.co.uk/blog/property-accountant-services/property-accountant-middlesbrough-specialist-tax-services,https://propertytaxpartners.co.uk/,2026-10-10,docs/_engines/link_engine_store/bing/2026-10/e3f232d32ff24ba39fb488b16885aa4c854f2b55.json.gz,0
https://www.propertytaxpartners.co.uk/blog/property-accountant-services/property-accountant-milton-keynes-landlord-guide,https://propertytaxpartners.co.uk/,2026-10-10,docs/_engines/link_engine_store/bing/2026-10/2e9901713f7d3014b7afc9c327bc6121c73e83f1.json.gz,0
https://www.propertytaxpartners.co.uk/blog/property-accountant-services/property-accountant-near-me,https://propertytaxpartners.co.uk/,2026-10-10,docs/_engines/link_engine_store/bing/2026-10/7d393a5304bfa5a1902b7330b24ce7b3a7a735c1.json.gz,0
https://www.propertytaxpartners.co.uk/blog/property-accountant-services/property-accountant-northampton-expert-services,https://propertytaxpartners.co.uk/,2026-10-10,docs/_engines/link_engine_store/bing/2026-10/ec872c5c535590b896649cf3d334085fa643b988.json.gz,0
https://www.propertytaxpartners.co.uk/blog/property-accountant-services/property-accountant-norwich-landlords-2026,https://propertytaxpartners.co.uk/,2026-10-10,docs/_engines/link_engine_store/bing/2026-10/3890799ab67a3108e31be675c700f46214781073.json.gz,0
https://www.propertytaxpartners.co.uk/blog/property-accountant-services/property-accountant-nottingham-landlords,https://propertytaxpartners.co.uk/,2026-10-10,docs/_engines/link_engine_store/bing/2026-10/1e6be16bff85f6ac77390bcc81546f48b393cb49.json.gz,0
https://www.propertytaxpartners.co.uk/blog/property-accountant-services/property-accountant-oxford-guide-local-landlords,https://propertytaxpartners.co.uk/,2026-10-10,docs/_engines/link_engine_store/bing/2026-10/8ff4081f21bf1e50a9b7f8b28a73d80d8f3f64c7.json.gz,0
https://www.propertytaxpartners.co.uk/blog/property-accountant-services/property-accountant-preston-expert-tax-services-local-landlords,https://propertytaxpartners.co.uk/,2026-10-10,docs/_engines/link_engine_store/bing/2026-10/2aa35dc20a87c63cfbd7a91a5e7dd8bdf5e1046e.json.gz,0
https://www.propertytaxpartners.co.uk/blog/property-accountant-services/property-accountant-reading-specialist-tax-services,https://propertytaxpartners.co.uk/,2026-10-10,docs/_engines/link_engine_store/bing/2026-10/e152f9122768c4c7fc216f9c8676e3350942f249.json.gz,0
https://www.propertytaxpartners.co.uk/blog/property-accountant-services/property-accountant-stockport-landlords,https://propertytaxpartners.co.uk/,2026-10-10,docs/_engines/link_engine_store/bing/2026-10/f666e59c7ba09abe1e1a7698d8594c91af73d551.json.gz,0
https://www.propertytaxpartners.co.uk/blog/property-accountant-services/property-accountant-swansea-landlord-tax-services,https://propertytaxpartners.co.uk/,2026-10-10,docs/_engines/link_engine_store/bing/2026-10/ed559cb2dfd63138105aecb290b7ba3449035fbc.json.gz,0
https://www.propertytaxpartners.co.uk/blog/property-accountant-services/property-accountant-warrington-landlord-services-2026,https://propertytaxpartners.co.uk/,2026-10-10,docs/_engines/link_engine_store/bing/2026-10/344420a47a5c1c92877a921ec1b72f2eb4b92b2b.json.gz,0
https://www.propertytaxpartners.co.uk/blog/property-accountant-services/property-accountant-wolverhampton-specialist-tax-services,https://propertytaxpartners.co.uk/,2026-10-10,docs/_engines/link_engine_store/bing/2026-10/461ca9657c21e0a6b3c9830d319d9df2e11143d4.json.gz,0
https://www.propertytaxpartners.co.uk/blog/property-accountant-services/property-management-accounting-services,https://propertytaxpartners.co.uk/,2026-10-10,docs/_engines/link_engine_store/bing/2026-10/cec38199b2cf724e16e60e0fc9239ba8ca037014.json.gz,0
https://www.propertytaxpartners.co.uk/blog/property-accountant-services/slough-property-accountant-landlord-tax-services,https://propertytaxpartners.co.uk/,2026-10-10,docs/_engines/link_engine_store/bing/2026-10/204a5f2294ee363537ee33b359393b1263c77a95.json.gz,0
https://www.propertytaxpartners.co.uk/blog/property-accountant-services/sunderland-property-accountant-specialist-tax-services,https://propertytaxpartners.co.uk/,2026-10-10,docs/_engines/link_engine_store/bing/2026-10/1e12acc4a3a3530596da56d2912b3a5eacff011e.json.gz,0
https://www.propertytaxpartners.co.uk/blog/property-accountant-services/swindon-property-accountant-specialist-tax-services,https://propertytaxpartners.co.uk/,2026-10-10,docs/_engines/link_engine_store/bing/2026-10/5229bcb1b17f61c564ffcbb54008e4e99afcabcb.json.gz,0
https://www.propertytaxpartners.co.uk/blog/property-accountant-services/vat-calculation-calculator,https://propertytaxpartners.co.uk/,2026-10-10,docs/_engines/link_engine_store/bing/2026-10/effc816ab2ff00b31e8475cf353c686cf9de0535.json.gz,0
https://www.propertytaxpartners.co.uk/blog/property-accountant-services/vat-how-to-calculate,https://propertytaxpartners.co.uk/,2026-10-10,docs/_engines/link_engine_store/bing/2026-10/66d6ee82b37fd8fe25ff95c6ffa99730cb119442.json.gz,0
https://www.propertytaxpartners.co.uk/blog/property-accountant-services/vat-tax-calculator,https://propertytaxpartners.co.uk/,2026-10-10,docs/_engines/link_engine_store/bing/2026-10/f3f47f1c32b42f0be2a14a61cd3895e911d599bc.json.gz,0
https://www.propertytaxpartners.co.uk/blog/property-accountant-services/what-does-a-property-accountant-do,https://propertytaxpartners.co.uk/,2026-10-10,docs/_engines/link_engine_store/bing/2026-10/cd53313137bb339c4bc86e7aa374bfb0135c4891.json.gz,0
https://www.propertytaxpartners.co.uk/blog/property-accountant-services/why-cardiff-landlords-need-specialist-property-accountant-2026,https://propertytaxpartners.co.uk/,2026-10-10,docs/_engines/link_engine_store/bing/2026-10/3db8fe5962609190347449edc52aa11d7928fcd5.json.gz,0
https://www.propertytaxpartners.co.uk/blog/property-accountant-services/why-luton-landlords-need-specialist-property-accountant-2026,https://propertytaxpartners.co.uk/,2026-10-10,docs/_engines/link_engine_store/bing/2026-10/8905131dad0b7b8aa718708cc0dc5f37ad1909f5.json.gz,0
https://www.propertytaxpartners.co.uk/blog/property-accountant-services/why-sheffield-landlords-need-property-accountant,https://propertytaxpartners.co.uk/,2026-10-10,docs/_engines/link_engine_store/bing/2026-10/bba285c3ae4f5c23047f6af514b52e2e3731b565.json.gz,0
https://www.propertytaxpartners.co.uk/blog/property-accountant-services/why-southampton-landlords-need-property-accountant,https://propertytaxpartners.co.uk/,2026-10-10,docs/_engines/link_engine_store/bing/2026-10/3b920106e00026b5fc8c97dcb215f62284e46f5c.json.gz,0
https://www.propertytaxpartners.co.uk/blog/property-accountant-services/york-property-accountant-landlord-tax-services,https://propertytaxpartners.co.uk/,2026-10-10,docs/_engines/link_engine_store/bing/2026-10/dfe7127ef9dc12eaf5f7a95f86f5b178cdd7847c.json.gz,0
https://www.propertytaxpartners.co.uk/blog/property-finance,https://propertytaxpartners.co.uk/,2026-10-10,docs/_engines/link_engine_store/bing/2026-10/597eb0c787631881017f44dd89136cbf1c34c82b.json.gz,0
https://www.propertytaxpartners.co.uk/blog/property-finance/bridging-finance-for-auction-purchases,https://propertytaxpartners.co.uk/,2026-10-10,docs/_engines/link_engine_store/bing/2026-10/8feeb0bfaf04ececd91c0c000e8ab8aa146ce4ab.json.gz,0
https://www.propertytaxpartners.co.uk/blog/property-finance/bridging-finance-for-below-market-value,https://propertytaxpartners.co.uk/,2026-10-10,docs/_engines/link_engine_store/bing/2026-10/77d456c00f3c1f5cf3e53c988dbacdb304756151.json.gz,0
https://www.propertytaxpartners.co.uk/blog/property-finance/bridging-finance-for-buy-to-let,https://propertytaxpartners.co.uk/,2026-10-10,docs/_engines/link_engine_store/bing/2026-10/dd9c9052694abe4bd3ecd2471ed63c130b5a27c1.json.gz,0
https://www.propertytaxpartners.co.uk/blog/property-finance/bridging-finance-for-chain-breaks,https://propertytaxpartners.co.uk/,2026-10-10,docs/_engines/link_engine_store/bing/2026-10/4482e2583085c0a0cc884b88e8902258d795a99f.json.gz,0
https://www.propertytaxpartners.co.uk/blog/property-finance/bridging-finance-for-commercial-property,https://propertytaxpartners.co.uk/,2026-10-10,docs/_engines/link_engine_store/bing/2026-10/a4e6154868026ef8f5813e47edb57a965f78815e.json.gz,0
https://www.propertytaxpartners.co.uk/blog/property-finance/bridging-finance-for-hmo-conversions,https://propertytaxpartners.co.uk/,2026-10-10,docs/_engines/link_engine_store/bing/2026-10/a69cb44dafb6fe4041cfb0af7aa513544f69215c.json.gz,0
https://www.propertytaxpartners.co.uk/blog/property-finance/bridging-finance-for-land-purchase,https://propertytaxpartners.co.uk/,2026-10-10,docs/_engines/link_engine_store/bing/2026-10/54111c42b95d652d1ae60488edfe8826d3803aac.json.gz,0
https://www.propertytaxpartners.co.uk/blog/property-finance/bridging-finance-for-refurbishment,https://propertytaxpartners.co.uk/,2026-10-10,docs/_engines/link_engine_store/bing/2026-10/fc9fb215b05137972c2a148141d46acdc5c5db76.json.gz,0
https://www.propertytaxpartners.co.uk/blog/property-finance/bridging-loan-lenders,https://propertytaxpartners.co.uk/,2026-10-10,docs/_engines/link_engine_store/bing/2026-10/1e197c6483818cd36855e7e3f904b586578aadcd.json.gz,0
https://www.propertytaxpartners.co.uk/blog/property-finance/bridging-loan-rates,https://propertytaxpartners.co.uk/,2026-10-10,docs/_engines/link_engine_store/bing/2026-10/8b172aefa931873322c4e335a316146f5f392268.json.gz,2
https://www.propertytaxpartners.co.uk/blog/property-finance/bridging-loans-guide,https://propertytaxpartners.co.uk/,2026-10-10,docs/_engines/link_engine_store/bing/2026-10/d76e4754f2b82671ef5906e9f9eb17a7f8ab206f.json.gz,0
https://www.propertytaxpartners.co.uk/blog/property-finance/buy-to-let-mortgage-lenders,https://propertytaxpartners.co.uk/,2026-10-10,docs/_engines/link_engine_store/bing/2026-10/b59139d082268253fe72a7dce07b40998ef9b0aa.json.gz,0
https://www.propertytaxpartners.co.uk/blog/property-finance/buy-to-let-mortgage-rates,https://propertytaxpartners.co.uk/,2026-10-10,docs/_engines/link_engine_store/bing/2026-10/3ea0c2e67ee98dd2bea843d6a6091e87db30626c.json.gz,0
https://www.propertytaxpartners.co.uk/blog/property-finance/buy-to-let-mortgages-guide,https://propertytaxpartners.co.uk/,2026-10-10,docs/_engines/link_engine_store/bing/2026-10/65fb22aef6c715b99cd8d9ab0c21b31cc9ef0e13.json.gz,0
https://www.propertytaxpartners.co.uk/blog/property-finance/capital-raising-btl-remortgage-equity-release,https://propertytaxpartners.co.uk/,2026-10-10,docs/_engines/link_engine_store/bing/2026-10/db931fec6b9cda6ceea63b9337d72572ac47798b.json.gz,0
https://www.propertytaxpartners.co.uk/blog/property-finance/commercial-mortgage-rates,https://propertytaxpartners.co.uk/,2026-10-10,docs/_engines/link_engine_store/bing/2026-10/b5ee0971bace318387969dd9dced9adb8a492f49.json.gz,0
https://www.propertytaxpartners.co.uk/blog/property-finance/commercial-mortgages-guide,https://propertytaxpartners.co.uk/,2026-10-10,docs/_engines/link_engine_store/bing/2026-10/f0274d4d5b69c14e06352bc21eb25e0e66c21aae.json.gz,0
https://www.propertytaxpartners.co.uk/blog/property-finance/day-one-remortgage-limited-company,https://propertytaxpartners.co.uk/,2026-10-10,docs/_engines/link_engine_store/bing/2026-10/5ec3e42fd9a16897e91696cd03b26b22e631eb0e.json.gz,0
https://www.propertytaxpartners.co.uk/blog/property-finance/development-exit-finance,https://propertytaxpartners.co.uk/,2026-10-10,docs/_engines/link_engine_store/bing/2026-10/6985beac7b6ba9f26e89f8094b001752e522be6a.json.gz,0
https://www.propertytaxpartners.co.uk/blog/property-finance/development-finance-guide,https://propertytaxpartners.co.uk/,2026-10-10,docs/_engines/link_engine_store/bing/2026-10/07a7d7bac0eca6fabb05e19e33cb01ed73d8a42c.json.gz,0
https://www.propertytaxpartners.co.uk/blog/property-finance/expat-non-resident-landlord-mortgages,https://propertytaxpartners.co.uk/,2026-10-10,docs/_engines/link_engine_store/bing/2026-10/d08c60fa128a2a6e61c70d94abeca291cf305ebc.json.gz,0
https://www.propertytaxpartners.co.uk/blog/property-finance/financing-a-property-development-tax,https://propertytaxpartners.co.uk/,2026-10-10,docs/_engines/link_engine_store/bing/2026-10/6c2be75781c4078b5857d952301a7b9ba72d39df.json.gz,0
https://www.propertytaxpartners.co.uk/blog/property-finance/first-time-landlord-mortgage,https://propertytaxpartners.co.uk/,2026-10-10,docs/_engines/link_engine_store/bing/2026-10/bf13ac08398068b8a88c1829efa0fd9b17610111.json.gz,0
https://www.propertytaxpartners.co.uk/blog/property-finance/hmo-mortgages,https://propertytaxpartners.co.uk/,2026-10-10,docs/_engines/link_engine_store/bing/2026-10/96d5c1f9ee97bc27c2c8cb8a4c809dc5d2e8ba3f.json.gz,0
https://www.propertytaxpartners.co.uk/blog/property-finance/holiday-let-mortgages,https://propertytaxpartners.co.uk/,2026-10-10,docs/_engines/link_engine_store/bing/2026-10/b34fd2d6752da92696ea5a0579e83d447aae7be2.json.gz,0
https://www.propertytaxpartners.co.uk/blog/property-finance/is-bridging-loan-interest-tax-deductible,https://propertytaxpartners.co.uk/,2026-10-10,docs/_engines/link_engine_store/bing/2026-10/35ad9846326b61a70cc7e9de7404d02a3d9faae4.json.gz,0
https://www.propertytaxpartners.co.uk/blog/property-finance/let-to-buy-mortgages,https://propertytaxpartners.co.uk/,2026-10-10,docs/_engines/link_engine_store/bing/2026-10/d33ff57fff2f1f0ebe4fccad0ab489d7ceafd4d3.json.gz,0
https://www.propertytaxpartners.co.uk/blog/property-finance/mezzanine-and-jv-finance,https://propertytaxpartners.co.uk/,2026-10-10,docs/_engines/link_engine_store/bing/2026-10/0f43018f9138673189b6454201db49fd28930246.json.gz,0
https://www.propertytaxpartners.co.uk/blog/property-finance/portfolio-landlord-mortgages-guide,https://propertytaxpartners.co.uk/,2026-10-10,docs/_engines/link_engine_store/bing/2026-10/6be0009c0d250ca1ee63d08ecadf06ef00b32ce9.json.gz,0
https://www.propertytaxpartners.co.uk/blog/property-finance/self-employed-buy-to-let-mortgage,https://propertytaxpartners.co.uk/,2026-10-10,docs/_engines/link_engine_store/bing/2026-10/376eadbcbfb1865c28f8106d6fb4b8bedf1d06db.json.gz,0
https://www.propertytaxpartners.co.uk/blog/property-finance/semi-commercial-mortgages,https://propertytaxpartners.co.uk/,2026-10-10,docs/_engines/link_engine_store/bing/2026-10/a698168ffd7e6d0ca6fda4be5814e3c21c1d50e8.json.gz,0
https://www.propertytaxpartners.co.uk/blog/property-finance/sic-code-for-an-spv-property-company,https://propertytaxpartners.co.uk/,2026-10-10,docs/_engines/link_engine_store/bing/2026-10/92e4d9217901de09471a75b7188d74734dd3c8e5.json.gz,0
https://www.propertytaxpartners.co.uk/blog/property-finance/spv-mortgage-no-income-newly-formed,https://propertytaxpartners.co.uk/,2026-10-10,docs/_engines/link_engine_store/bing/2026-10/267446c7f62b636e8ae44d6ae28de5790e64efbe.json.gz,0
https://www.propertytaxpartners.co.uk/blog/property-finance/spv-mortgages-explained,https://propertytaxpartners.co.uk/,2026-10-10,docs/_engines/link_engine_store/bing/2026-10/1cee01e6adc0aa9da07ce75bf751bab649273208.json.gz,0
https://www.propertytaxpartners.co.uk/blog/property-types-and-specialist-tax,https://propertytaxpartners.co.uk/,2026-10-10,docs/_engines/link_engine_store/bing/2026-10/3a906cda4492cf842a5f1b3ee4ac5c0b50b66193.json.gz,0
https://www.propertytaxpartners.co.uk/blog/property-types-and-specialist-tax/a-complete-guide-on-community-infrastructure-levy-cil,https://propertytaxpartners.co.uk/,2026-10-10,docs/_engines/link_engine_store/bing/2026-10/001875df622c9fa7b187d4003dd8505eca08901e.json.gz,422
https://www.propertytaxpartners.co.uk/blog/property-types-and-specialist-tax/a-complete-guide-on-multiple-dwellings-relief-eligibility-and-benefits,https://propertytaxpartners.co.uk/,2026-10-10,docs/_engines/link_engine_store/bing/2026-10/f42b3389fabf07b10367d1135052ef2fb9069abb.json.gz,0
https://www.propertytaxpartners.co.uk/blog/property-types-and-specialist-tax/a-complete-guide-to-5-sdlt-surcharge-refund-claims,https://propertytaxpartners.co.uk/,2026-10-10,docs/_engines/link_engine_store/bing/2026-10/f7c6c1e60aa0487663b8de936fcc2f2329a1f678.json.gz,0
https://www.propertytaxpartners.co.uk/blog/property-types-and-specialist-tax/a-complete-guide-to-stamp-duty-refund,https://propertytaxpartners.co.uk/,2026-10-10,docs/_engines/link_engine_store/bing/2026-10/05eae85bdd0faad9c082c61538b43c2edb3595c7.json.gz,34
https://www.propertytaxpartners.co.uk/blog/property-types-and-specialist-tax/a-complete-guide-to-stamp-duty-relief-for-probate-properties,https://propertytaxpartners.co.uk/,2026-10-10,docs/_engines/link_engine_store/bing/2026-10/20f61652a25142cd8ab8157ea2450a273795fca7.json.gz,3
https://www.propertytaxpartners.co.uk/blog/property-types-and-specialist-tax/a-short-guide-planning-permission-in-uk,https://propertytaxpartners.co.uk/,2026-10-10,docs/_engines/link_engine_store/bing/2026-10/c44a7c5815ceaa1914f7f8f077d6e27fc2b171a7.json.gz,0
https://www.propertytaxpartners.co.uk/blog/property-types-and-specialist-tax/abolishment-of-multiple-dwelling-relief,https://propertytaxpartners.co.uk/,2026-10-10,docs/_engines/link_engine_store/bing/2026-10/9e5f0befb35a49a49d4c7367e5aa30edbab50309.json.gz,0
https://www.propertytaxpartners.co.uk/blog/property-types-and-specialist-tax/abolition-of-multiple-dwellings-relief-mdr-raises-concerns,https://propertytaxpartners.co.uk/,2026-10-10,docs/_engines/link_engine_store/bing/2026-10/91e8614d58ed1b21d701f351d6ecedff62175697.json.gz,0
https://www.propertytaxpartners.co.uk/blog/property-types-and-specialist-tax/agricultural-property-relief-mixed-estate-1m-cap,https://propertytaxpartners.co.uk/,2026-10-10,docs/_engines/link_engine_store/bing/2026-10/bdf78828fbf4ad4e932a17f27e5b797c973d736f.json.gz,0
https://www.propertytaxpartners.co.uk/blog/property-types-and-specialist-tax/aia-1m-cap-property-investors-allocation-strategy-and-association-rules-cta-2010,https://propertytaxpartners.co.uk/,2026-10-10,docs/_engines/link_engine_store/bing/2026-10/0a460041da841e631cef453d9623d39051981937.json.gz,0
https://www.propertytaxpartners.co.uk/blog/property-types-and-specialist-tax/aia-allowance-uk-property-investors,https://propertytaxpartners.co.uk/,2026-10-10,docs/_engines/link_engine_store/bing/2026-10/fba42bc6ebe2d5cf1b1688790dfae4c6c7fb1712.json.gz,21
https://www.propertytaxpartners.co.uk/blog/property-types-and-specialist-tax/aia-capital-allowances,https://propertytaxpartners.co.uk/,2026-10-10,docs/_engines/link_engine_store/bing/2026-10/652b4a8f37b780288527fce6126225180c1498a2.json.gz,7
https://www.propertytaxpartners.co.uk/blog/property-types-and-specialist-tax/air-bnb-and-post-covid,https://propertytaxpartners.co.uk/,2026-10-10,docs/_engines/link_engine_store/bing/2026-10/f3338796056f0508417b5e94962b228b42ce979e.json.gz,0
https://www.propertytaxpartners.co.uk/blog/property-types-and-specialist-tax/airbnb-landlords,https://propertytaxpartners.co.uk/,2026-10-10,docs/_engines/link_engine_store/bing/2026-10/b5eef5af60cf41e25f99014ffae9edcbfdcbb74d.json.gz,0
https://www.propertytaxpartners.co.uk/blog/property-types-and-specialist-tax/airbnb-tax-uk-short-term-rental-income-taxed,https://propertytaxpartners.co.uk/,2026-10-10,docs/_engines/link_engine_store/bing/2026-10/8ee5c04c2b00f986a43f768b141674388a6c2d27.json.gz,327
https://www.propertytaxpartners.co.uk/blog/property-types-and-specialist-tax/annual-tax-on-enveloped-dwellings-pro-and-cons,https://propertytaxpartners.co.uk/,2026-10-10,docs/_engines/link_engine_store/bing/2026-10/854b26d06ed1f1ce831362f184229da0bfc15798.json.gz,0
https://www.propertytaxpartners.co.uk/blog/property-types-and-specialist-tax/anti-fragmentation-rule-section-356oh-section-517h-multi-entity-developer-scheme-defeat,https://propertytaxpartners.co.uk/,2026-10-10,docs/_engines/link_engine_store/bing/2026-10/f197f133712a3886bbb17b4c0b84ca57e1143cf8.json.gz,0
https://www.propertytaxpartners.co.uk/blog/property-types-and-specialist-tax/applicable-sdlt-rates-for-first-time-buyers,https://propertytaxpartners.co.uk/,2026-10-10,docs/_engines/link_engine_store/bing/2026-10/ea0658b0668b359d9831974d9c2370e6a6b7bb27.json.gz,55
https://www.propertytaxpartners.co.uk/blog/property-types-and-specialist-tax/archer-uk-limited-vs-revenue-scotland-ftt-rules-no-lbtt-charge-for-lease-extension-granted-under-sdlt,https://propertytaxpartners.co.uk/,2026-10-10,docs/_engines/link_engine_store/bing/2026-10/1cdb9aca23796e74604e8e098ece2b66b5def0a8.json.gz,0
https://www.propertytaxpartners.co.uk/blog/property-types-and-specialist-tax/are-you-a-property-investor-or-developer,https://propertytaxpartners.co.uk/,2026-10-10,docs/_engines/link_engine_store/bing/2026-10/5e64b1178c2a119a1f02ca856dca51b09e862114.json.gz,0
https://www.propertytaxpartners.co.uk/blog/property-types-and-specialist-tax/artificial-separation-and-vat-key-insights-from-cases,https://propertytaxpartners.co.uk/,2026-10-10,docs/_engines/link_engine_store/bing/2026-10/080a2044149de8beca7d4df3edda3ea31d2cf06f.json.gz,0
https://www.propertytaxpartners.co.uk/blog/property-types-and-specialist-tax/ated-late-filing-penalty-failed-reasonable-excuse-or-special-circumstances-appeal,https://propertytaxpartners.co.uk/,2026-10-10,docs/_engines/link_engine_store/bing/2026-10/502e34fbc2d2c959d48a79e2e11c60125a796935.json.gz,0
https://www.propertytaxpartners.co.uk/blog/property-types-and-specialist-tax/ated-penalties-and-appeals,https://propertytaxpartners.co.uk/,2026-10-10,docs/_engines/link_engine_store/bing/2026-10/37c6688e670ea2fcae8b6435d08106e07c1ebf5e.json.gz,4
https://www.propertytaxpartners.co.uk/blog/property-types-and-specialist-tax/ated-rates,https://propertytaxpartners.co.uk/,2026-10-10,docs/_engines/link_engine_store/bing/2026-10/da28feac8a1f53037d7f479c000a1b9c26a31c2b.json.gz,41
https://www.propertytaxpartners.co.uk/blog/property-types-and-specialist-tax/ated-relief-clawback-occupation-by-a-non-qualifying-occupation,https://propertytaxpartners.co.uk/,2026-10-10,docs/_engines/link_engine_store/bing/2026-10/fd00a5d6d54b0ea59e375f2748776964d69910a7.json.gz,0
https://www.propertytaxpartners.co.uk/blog/property-types-and-specialist-tax/ated-relief-for-related-persons-and-market-rent-a-complete-guide,https://propertytaxpartners.co.uk/,2026-10-10,docs/_engines/link_engine_store/bing/2026-10/6bdde47b44b082b24aee44b17b9f3178c0ef3041.json.gz,0
https://www.propertytaxpartners.co.uk/blog/property-types-and-specialist-tax/ated-return-amendment-guide-when-how-tax-tips,https://propertytaxpartners.co.uk/,2026-10-10,docs/_engines/link_engine_store/bing/2026-10/92d98d1cdfee5e619551f93c7237d9e64c7a9889.json.gz,0
https://www.propertytaxpartners.co.uk/blog/property-types-and-specialist-tax/ated-valuation-date,https://propertytaxpartners.co.uk/,2026-10-10,docs/_engines/link_engine_store/bing/2026-10/c1dc6ab9f65108bcdf3f97c5e4f84f49388df4a7.json.gz,0
https://www.propertytaxpartners.co.uk/blog/property-types-and-specialist-tax/averdieck-case-analysis-navigating-sdlt-and-public-rights-of-way,https://propertytaxpartners.co.uk/,2026-10-10,docs/_engines/link_engine_store/bing/2026-10/9e6f88ea63639e7324e8bb5d8506af7f111392b4.json.gz,0
https://www.propertytaxpartners.co.uk/blog/property-types-and-specialist-tax/avoiding-common-mistakes-with-enveloped-dwelling-tax,https://propertytaxpartners.co.uk/,2026-10-10,docs/_engines/link_engine_store/bing/2026-10/357a7c89d255a67d69aebc9df463c03a4ada692b.json.gz,0
https://www.propertytaxpartners.co.uk/blog/property-types-and-specialist-tax/badges-of-trade-marson-morton-property-flipping-investment-distinction-landlords,https://propertytaxpartners.co.uk/,2026-10-10,docs/_engines/link_engine_store/bing/2026-10/ce96acb1541da5548e9563ebc29bac5364daf4da.json.gz,10
https://www.propertytaxpartners.co.uk/blog/property-types-and-specialist-tax/balancing-allowance-balancing-charge-on-disposal-property-capital-allowances-mechanics,https://propertytaxpartners.co.uk/,2026-10-10,docs/_engines/link_engine_store/bing/2026-10/da43d6a15cfbd1cf57f284c6ad8cd96652d326ea.json.gz,65
https://www.propertytaxpartners.co.uk/blog/property-types-and-specialist-tax/big-tax-changes-ahead-for-furnished-holiday-lettings,https://propertytaxpartners.co.uk/,2026-10-10,docs/_engines/link_engine_store/bing/2026-10/cf86cbe84dde8d0a4827ff77a141172a04c26dfe.json.gz,0
https://www.propertytaxpartners.co.uk/blog/property-types-and-specialist-tax/booking-com-a-complete-guide-for-the-hosts,https://propertytaxpartners.co.uk/,2026-10-10,docs/_engines/link_engine_store/bing/2026-10/63c7496eb507af8ac00f71a7b86ca3a5a33446f0.json.gz,192
https://www.propertytaxpartners.co.uk/blog/property-types-and-specialist-tax/brief-introduction-to-commercial-property-service-charge-accounts,https://propertytaxpartners.co.uk/,2026-10-10,docs/_engines/link_engine_store/bing/2026-10/5110522ea8b8d6e2870ff2b5037c2667cd8f8475.json.gz,0
https://www.propertytaxpartners.co.uk/blog/property-types-and-specialist-tax/building-safety-act-2022-cladding-cost-recovery-leaseholder-protections-landlords,https://propertytaxpartners.co.uk/,2026-10-10,docs/_engines/link_engine_store/bing/2026-10/de04afd6504eb6cfce7d8de6d5bf5b105b07a27d.json.gz,16
https://www.propertytaxpartners.co.uk/blog/property-types-and-specialist-tax/capital-allowance-aia-property-landlords,https://propertytaxpartners.co.uk/,2026-10-10,docs/_engines/link_engine_store/bing/2026-10/622e72980db6c00aeb9951013b3f4e957ef20cbf.json.gz,3
https://www.propertytaxpartners.co.uk/blog/property-types-and-specialist-tax/capital-allowances-commercial-property-what-can-claim,https://propertytaxpartners.co.uk/,2026-10-10,docs/_engines/link_engine_store/bing/2026-10/97331390882bff35dad3c5769620af3ba28433d4.json.gz,106
https://www.propertytaxpartners.co.uk/blog/property-types-and-specialist-tax/capital-allowances-examples,https://propertytaxpartners.co.uk/,2026-10-10,docs/_engines/link_engine_store/bing/2026-10/745919f19ba07aed31c43ac29b843967233f9c16.json.gz,71
https://www.propertytaxpartners.co.uk/blog/property-types-and-specialist-tax/capital-allowances-for-care-homes,https://propertytaxpartners.co.uk/,2026-10-10,docs/_engines/link_engine_store/bing/2026-10/5c56bb56b45a6b2312753a32f1702793a2214455.json.gz,0
https://www.propertytaxpartners.co.uk/blog/property-types-and-specialist-tax/capital-allowances-for-dental-practices,https://propertytaxpartners.co.uk/,2026-10-10,docs/_engines/link_engine_store/bing/2026-10/cf8673ae236776efb5139c57662a0a4280a992b9.json.gz,0
https://www.propertytaxpartners.co.uk/blog/property-types-and-specialist-tax/capital-allowances-for-gp-surgeries,https://propertytaxpartners.co.uk/,2026-10-10,docs/_engines/link_engine_store/bing/2026-10/b42a66d6c7f73298888744bdc52addc1ac6ad022.json.gz,0
https://www.propertytaxpartners.co.uk/blog/property-types-and-specialist-tax/capital-allowances-for-hospitality,https://propertytaxpartners.co.uk/,2026-10-10,docs/_engines/link_engine_store/bing/2026-10/19a0de124ba78b79141a134bfc375733297b6328.json.gz,0
https://www.propertytaxpartners.co.uk/blog/property-types-and-specialist-tax/capital-allowances-for-hotels,https://propertytaxpartners.co.uk/,2026-10-10,docs/_engines/link_engine_store/bing/2026-10/b60a8a2816542e90722f05f4f6cb5ef380126e7c.json.gz,0
https://www.propertytaxpartners.co.uk/blog/property-types-and-specialist-tax/capital-allowances-for-industrial-units,https://propertytaxpartners.co.uk/,2026-10-10,docs/_engines/link_engine_store/bing/2026-10/0dd17c3065f6efe3ec5c4d7a1074777ae267471c.json.gz,0
https://www.propertytaxpartners.co.uk/blog/property-types-and-specialist-tax/capital-allowances-for-offices,https://propertytaxpartners.co.uk/,2026-10-10,docs/_engines/link_engine_store/bing/2026-10/b149e2b386ce92ab78a6fd30f06ebba0e077a55a.json.gz,0
https://www.propertytaxpartners.co.uk/blog/property-types-and-specialist-tax/capital-allowances-for-pubs-and-restaurants,https://propertytaxpartners.co.uk/,2026-10-10,docs/_engines/link_engine_store/bing/2026-10/c4ffe5656abd618bd823e1eab3aece648a2efd4b.json.gz,0
https://www.propertytaxpartners.co.uk/blog/property-types-and-specialist-tax/capital-allowances-for-student-accommodation,https://propertytaxpartners.co.uk/,2026-10-10,docs/_engines/link_engine_store/bing/2026-10/ab2e0b582324eeb0a301dc4fd50ead153752f886.json.gz,0
https://www.propertytaxpartners.co.uk/blog/property-types-and-specialist-tax/capital-allowances-furnished-holiday-lets,https://propertytaxpartners.co.uk/,2026-10-10,docs/_engines/link_engine_store/bing/2026-10/e46e021ab8a7ac9e0dd075b1c8d81212503076bf.json.gz,0
https://www.propertytaxpartners.co.uk/blog/property-types-and-specialist-tax/capital-allowances-on-cars-and-vehicles,https://propertytaxpartners.co.uk/,2026-10-10,docs/_engines/link_engine_store/bing/2026-10/dd2c1d79af273739657e65a8a20a1d613335d9e5.json.gz,26
https://www.propertytaxpartners.co.uk/blog/property-types-and-specialist-tax/capital-allowances-on-property,https://propertytaxpartners.co.uk/,2026-10-10,docs/_engines/link_engine_store/bing/2026-10/e6e1819f22b8ec75c7a7a31e8a9559ac7f06055f.json.gz,345
https://www.propertytaxpartners.co.uk/blog/property-types-and-specialist-tax/capital-allowances-property-investors-complete-pillar-2026-27-caa-2001-decision-framework,https://propertytaxpartners.co.uk/,2026-10-10,docs/_engines/link_engine_store/bing/2026-10/0d0078345d9501946916d42906472bb9c88ffe53.json.gz,18
https://www.propertytaxpartners.co.uk/blog/property-types-and-specialist-tax/cis-deduction-by-contractors-in-the-uk,https://propertytaxpartners.co.uk/,2026-10-10,docs/_engines/link_engine_store/bing/2026-10/857b9a886567aabaa7ca5fab2b1bc297977c75fb.json.gz,0
https://www.propertytaxpartners.co.uk/blog/property-types-and-specialist-tax/cis-templates,https://propertytaxpartners.co.uk/,2026-10-10,docs/_engines/link_engine_store/bing/2026-10/d45ceb1b392baba3e7706e55ee321cf0689cc510.json.gz,0
https://www.propertytaxpartners.co.uk/blog/property-types-and-specialist-tax/commercial-energy-performance-certificate-cost,https://propertytaxpartners.co.uk/,2026-10-10,docs/_engines/link_engine_store/bing/2026-10/2e713b5db698f9b1221fbc415373c58b39338730.json.gz,0
https://www.propertytaxpartners.co.uk/blog/property-types-and-specialist-tax/commercial-epc-requirements,https://propertytaxpartners.co.uk/,2026-10-10,docs/_engines/link_engine_store/bing/2026-10/e0541371991ff55ac6fe80e60c02e92ddbea6199.json.gz,16
https://www.propertytaxpartners.co.uk/blog/property-types-and-specialist-tax/commercial-property-fixtures-claim-s198-election-purchase-mechanics,https://propertytaxpartners.co.uk/,2026-10-10,docs/_engines/link_engine_store/bing/2026-10/0282e08c81f1f887127252f386b88c84ad231086.json.gz,303
https://www.propertytaxpartners.co.uk/blog/property-types-and-specialist-tax/commercial-property-mees-compliance,https://propertytaxpartners.co.uk/,2026-10-10,docs/_engines/link_engine_store/bing/2026-10/ce5e34d042154eeca471c8bf87fec681781fbbd1.json.gz,0
https://www.propertytaxpartners.co.uk/blog/property-types-and-specialist-tax/commercial-property-tax-landlords-rates-reliefs-allowances,https://propertytaxpartners.co.uk/,2026-10-10,docs/_engines/link_engine_store/bing/2026-10/4e5343a19f7d8c12e406bdcba44634f8696c5c03.json.gz,11
https://www.propertytaxpartners.co.uk/blog/property-types-and-specialist-tax/commonhold-and-leasehold-reform-bill,https://propertytaxpartners.co.uk/,2026-10-10,docs/_engines/link_engine_store/bing/2026-10/0b57cc4db0bb43c68a89fddd4a4690392c734e68.json.gz,1
https://www.propertytaxpartners.co.uk/blog/property-types-and-specialist-tax/condition-a-acquisition-main-purpose-test-trader-by-stealth-landlord-trap,https://propertytaxpartners.co.uk/,2026-10-10,docs/_engines/link_engine_store/bing/2026-10/f4f438d84251036f074807a7fe623a1b20cd4d0a.json.gz,0
https://www.propertytaxpartners.co.uk/blog/property-types-and-specialist-tax/condition-d-development-main-purpose-convert-and-flip-trap-landlord-developers,https://propertytaxpartners.co.uk/,2026-10-10,docs/_engines/link_engine_store/bing/2026-10/cd426bdf7e9bcfdb25c4142e78f430c5ced130fc.json.gz,0
https://www.propertytaxpartners.co.uk/blog/property-types-and-specialist-tax/contaminated-land-remediation-and-risk-assessment,https://propertytaxpartners.co.uk/,2026-10-10,docs/_engines/link_engine_store/bing/2026-10/dad0da4c7213576b5b619581fd219445fd6bfdc9.json.gz,0
https://www.propertytaxpartners.co.uk/blog/property-types-and-specialist-tax/council-tax-for-new-builds,https://propertytaxpartners.co.uk/,2026-10-10,docs/_engines/link_engine_store/bing/2026-10/f7f27229275ccf9b8b200fd0d31d889ed4cc5d79.json.gz,330
https://www.propertytaxpartners.co.uk/blog/property-types-and-specialist-tax/disapplication-option-to-tax-schedule-10-paragraph-12-residential-conversion,https://propertytaxpartners.co.uk/,2026-10-10,docs/_engines/link_engine_store/bing/2026-10/bcb31c9b2f420ac3c29a0e8c7003b4426ba45b5f.json.gz,0
https://www.propertytaxpartners.co.uk/blog/property-types-and-specialist-tax/diy-housebuilders-vat-refund-scheme,https://propertytaxpartners.co.uk/,2026-10-10,docs/_engines/link_engine_store/bing/2026-10/51ad0a80b61a8a9f90b0f50d2e0290ef65ae9e97.json.gz,359
https://www.propertytaxpartners.co.uk/blog/property-types-and-specialist-tax/embedded-capital-allowances-commercial-property,https://propertytaxpartners.co.uk/,2026-10-10,docs/_engines/link_engine_store/bing/2026-10/1d8812b5f6226907337c1763a1048086673ffbab.json.gz,0
https://www.propertytaxpartners.co.uk/blog/property-types-and-specialist-tax/end-of-the-furnished-holiday-letting-regime,https://propertytaxpartners.co.uk/,2026-10-10,docs/_engines/link_engine_store/bing/2026-10/378162e1a58f29d324f8cc17497e7cea33bcd990.json.gz,0
https://www.propertytaxpartners.co.uk/blog/property-types-and-specialist-tax/farm-tax-uk-guide,https://propertytaxpartners.co.uk/,2026-10-10,docs/_engines/link_engine_store/bing/2026-10/d1b8b824f716fad476c6918c14b5299f38326a00.json.gz,13
https://www.propertytaxpartners.co.uk/blog/property-types-and-specialist-tax/fhl-capital-allowances-post-april-2025-grandfathered-claims-mechanics,https://propertytaxpartners.co.uk/,2026-10-10,docs/_engines/link_engine_store/bing/2026-10/130bf0797189c53d4e84f93597620c6f899eed4b.json.gz,0
https://www.propertytaxpartners.co.uk/blog/property-types-and-specialist-tax/first-time-buyer-relief-benefits-and-eligibility-requirements,https://propertytaxpartners.co.uk/,2026-10-10,docs/_engines/link_engine_store/bing/2026-10/e86893bf143e49b361f03c2795422e3e6848f968.json.gz,47
https://www.propertytaxpartners.co.uk/blog/property-types-and-specialist-tax/first-time-buyer-relief-calculator,https://propertytaxpartners.co.uk/,2026-10-10,docs/_engines/link_engine_store/bing/2026-10/2bc2c8e1ff13add4a5d6aab6878c173f289f3c94.json.gz,0
https://www.propertytaxpartners.co.uk/blog/property-types-and-specialist-tax/first-time-buyer-relief-overcome-down-payment,https://propertytaxpartners.co.uk/,2026-10-10,docs/_engines/link_engine_store/bing/2026-10/32f5a42b590aa34113184fae65dad4d81bacac2e.json.gz,0
https://www.propertytaxpartners.co.uk/blog/property-types-and-specialist-tax/first-time-buyer-relief-understanding-tax-credits-and-deductions,https://propertytaxpartners.co.uk/,2026-10-10,docs/_engines/link_engine_store/bing/2026-10/44f3a254f92ff9c01089e7a4749bbe88cca4a7eb.json.gz,0
https://www.propertytaxpartners.co.uk/blog/property-types-and-specialist-tax/free-rental-valuation,https://propertytaxpartners.co.uk/,2026-10-10,docs/_engines/link_engine_store/bing/2026-10/3530c0759156df2617d7e74f19a93417ec4c6832.json.gz,0
https://www.propertytaxpartners.co.uk/blog/property-types-and-specialist-tax/ftt-confirms-residential-sdlt-rates-for-leasehold-with-garden-easement,https://propertytaxpartners.co.uk/,2026-10-10,docs/_engines/link_engine_store/bing/2026-10/cb3ea4ac78f777c0284de27fe65e8544e3101b26.json.gz,0
https://www.propertytaxpartners.co.uk/blog/property-types-and-specialist-tax/ftt-refuses-late-sdlt-appeal-where-appellants-chose-not-to-seek-professional-advice,https://propertytaxpartners.co.uk/,2026-10-10,docs/_engines/link_engine_store/bing/2026-10/04a83f97f8b1b69998bbb953b6790b05a1f49e47.json.gz,0
https://www.propertytaxpartners.co.uk/blog/property-types-and-specialist-tax/full-expensing-50-percent-fya-commercial-property-spvs-mechanics-fa-2023,https://propertytaxpartners.co.uk/,2026-10-10,docs/_engines/link_engine_store/bing/2026-10/2c7836b5a2655c3d95637fe0b873311575ecc4bc.json.gz,0
https://www.propertytaxpartners.co.uk/blog/property-types-and-specialist-tax/full-expensing-and-first-year-allowances,https://propertytaxpartners.co.uk/,2026-10-10,docs/_engines/link_engine_store/bing/2026-10/42580375bc7dc566dcb235371d3a5ce3cf872c4a.json.gz,25
https://www.propertytaxpartners.co.uk/blog/property-types-and-specialist-tax/full-expensing-capital-allowances,https://propertytaxpartners.co.uk/,2026-10-10,docs/_engines/link_engine_store/bing/2026-10/6907f001f848ec5f53b7985fd8a2e236bd2df069.json.gz,0
https://www.propertytaxpartners.co.uk/blog/property-types-and-specialist-tax/government-to-end-council-tax-on-hmo-rooms,https://propertytaxpartners.co.uk/,2026-10-10,docs/_engines/link_engine_store/bing/2026-10/7a51eba04c01c3d2db9c80131a47cfcb6db7eddc.json.gz,14
https://www.propertytaxpartners.co.uk/blog/property-types-and-specialist-tax/ground-rent-rules-uk,https://propertytaxpartners.co.uk/,2026-10-10,docs/_engines/link_engine_store/bing/2026-10/a0238ad27f5b670f3c77ed7415edf996ad3ff2c3.json.gz,0
https://www.propertytaxpartners.co.uk/blog/property-types-and-specialist-tax/hmo-common-parts-capital-allowances-s35-claim-mechanics-multi-tenant-property,https://propertytaxpartners.co.uk/,2026-10-10,docs/_engines/link_engine_store/bing/2026-10/6083765c1dd480697d424620e5e458efc859f4fe.json.gz,0
https://www.propertytaxpartners.co.uk/blog/property-types-and-specialist-tax/hmo-licensing-fees-tax-deductible-uk-landlords,https://propertytaxpartners.co.uk/,2026-10-10,docs/_engines/link_engine_store/bing/2026-10/85b0799b9da960947a4f7d2a4e50600f3ce449b9.json.gz,9
https://www.propertytaxpartners.co.uk/blog/property-types-and-specialist-tax/hmo-selective-licensing-compliance-housing-act-2004-landlord-licensing-mechanics,https://propertytaxpartners.co.uk/,2026-10-10,docs/_engines/link_engine_store/bing/2026-10/d2ab1ef136b01198007a78d19c244d1745f866cc.json.gz,118
https://www.propertytaxpartners.co.uk/blog/property-types-and-specialist-tax/hmo-tax-guide-rental-income-deductions-multi-tenant,https://propertytaxpartners.co.uk/,2026-10-10,docs/_engines/link_engine_store/bing/2026-10/4f773abb699be15551a480351e8d8fa2980509c1.json.gz,4
https://www.propertytaxpartners.co.uk/blog/property-types-and-specialist-tax/hmo-vs-standard-buy-to-let-tax-comparison,https://propertytaxpartners.co.uk/,2026-10-10,docs/_engines/link_engine_store/bing/2026-10/c0410234383a6e16a6875c79506f5df19da2e9cb.json.gz,0
https://www.propertytaxpartners.co.uk/blog/property-types-and-specialist-tax/hmrcs-otm-letters-campaign-directed-at-ated-avoidance,https://propertytaxpartners.co.uk/,2026-10-10,docs/_engines/link_engine_store/bing/2026-10/06e7a0aeb389b0855da7c9e1c6de7b7e4fc3ab31.json.gz,0
https://www.propertytaxpartners.co.uk/blog/property-types-and-specialist-tax/holiday-let-tax-calculator-fhl-changes,https://propertytaxpartners.co.uk/,2026-10-10,docs/_engines/link_engine_store/bing/2026-10/bd0bc6b5ec20c025f0bb3477f14ac77ed2c0f3cd.json.gz,2
https://www.propertytaxpartners.co.uk/blog/property-types-and-specialist-tax/horton-hall-sdlt-case-residential-vs-non-residential-dispute,https://propertytaxpartners.co.uk/,2026-10-10,docs/_engines/link_engine_store/bing/2026-10/c0ef6f72d8a83393138682705eb4a1bb9dcb8ef9.json.gz,0
https://www.propertytaxpartners.co.uk/blog/property-types-and-specialist-tax/housing-development-finance,https://propertytaxpartners.co.uk/,2026-10-10,docs/_engines/link_engine_store/bing/2026-10/a454b24f5f9b25330745c533dde54a8cc1cec7b5.json.gz,0
https://www.propertytaxpartners.co.uk/blog/property-types-and-specialist-tax/how-much-tax-holiday-let-property-uk,https://propertytaxpartners.co.uk/,2026-10-10,docs/_engines/link_engine_store/bing/2026-10/6a4a678e6673b93f6cd937024c101370f8afc246.json.gz,336
https://www.propertytaxpartners.co.uk/blog/property-types-and-specialist-tax/how-owning-property-abroad-leads-higher-stamp-duty-rates,https://propertytaxpartners.co.uk/,2026-10-10,docs/_engines/link_engine_store/bing/2026-10/dc1833638d56ea2c7f61b29502cdf9bd704251db.json.gz,84
https://www.propertytaxpartners.co.uk/blog/property-types-and-specialist-tax/how-to-avoid-inheritance-tax-on-a-farm,https://propertytaxpartners.co.uk/,2026-10-10,docs/_engines/link_engine_store/bing/2026-10/63bfe159c57c884196f5156e8d26c9f901b6785e.json.gz,0
https://www.propertytaxpartners.co.uk/blog/property-types-and-specialist-tax/impact-of-fhl-tax-abolition-on-pension-contributions-key-insights-strategies,https://propertytaxpartners.co.uk/,2026-10-10,docs/_engines/link_engine_store/bing/2026-10/ebf2992f2044488dfc93d537b6a6cd539fe04155.json.gz,0
https://www.propertytaxpartners.co.uk/blog/property-types-and-specialist-tax/indirect-disposals-property-rich-entities-section-356od-section-517d-slice-action,https://propertytaxpartners.co.uk/,2026-10-10,docs/_engines/link_engine_store/bing/2026-10/e72e6baef80854ae47196949f6f8ad44c4853f14.json.gz,0
https://www.propertytaxpartners.co.uk/blog/property-types-and-specialist-tax/inheritance-tax-on-farms,https://propertytaxpartners.co.uk/,2026-10-10,docs/_engines/link_engine_store/bing/2026-10/9bbacd53ecc80e96a3a8906d5e748ecc76c39946.json.gz,0
https://www.propertytaxpartners.co.uk/blog/property-types-and-specialist-tax/integral-features-capital-allowances,https://propertytaxpartners.co.uk/,2026-10-10,docs/_engines/link_engine_store/bing/2026-10/5a4501b0c91ed19d4dd022d48fff0f8c76017e32.json.gz,406
https://www.propertytaxpartners.co.uk/blog/property-types-and-specialist-tax/is-increasing-council-tax-damaging-the-housing-market,https://propertytaxpartners.co.uk/,2026-10-10,docs/_engines/link_engine_store/bing/2026-10/55d9e3c9372914338db3ee0589ffea9d599d2f02.json.gz,2
https://www.propertytaxpartners.co.uk/blog/property-types-and-specialist-tax/labour-plans-stamp-duty-hike-for-overseas-buyers,https://propertytaxpartners.co.uk/,2026-10-10,docs/_engines/link_engine_store/bing/2026-10/aff74d73ab7bc1f993ef878f2710dc33b8501cc8.json.gz,2
https://www.propertytaxpartners.co.uk/blog/property-types-and-specialist-tax/land-and-buildings-transaction-tax-multiple-dwellings-relief,https://propertytaxpartners.co.uk/,2026-10-10,docs/_engines/link_engine_store/bing/2026-10/2cd06671b4a7b1bf9a82f4ec8b934b9874d55dca.json.gz,0
https://www.propertytaxpartners.co.uk/blog/property-types-and-specialist-tax/land-remediation-relief-150-percent-claim-mechanics-ltdco-developer-investor,https://propertytaxpartners.co.uk/,2026-10-10,docs/_engines/link_engine_store/bing/2026-10/5859c6b6a4df82d40880966e78cd96654cb3f47c.json.gz,0
https://www.propertytaxpartners.co.uk/blog/property-types-and-specialist-tax/land-remediation-relief-cta-2009-part-14-100-50-percent-deduction-polluter-exclusion,https://propertytaxpartners.co.uk/,2026-10-10,docs/_engines/link_engine_store/bing/2026-10/9fbf129353c563c46cb715ee89f667b06768422b.json.gz,0
https://www.propertytaxpartners.co.uk/blog/property-types-and-specialist-tax/land-remediation-relief-guide,https://propertytaxpartners.co.uk/,2026-10-10,docs/_engines/link_engine_store/bing/2026-10/a931bd12a7b0fb810bcc9939514ede50347b560a.json.gz,0
https://www.propertytaxpartners.co.uk/blog/property-types-and-specialist-tax/landlord-vat-recovery-professional-fees-capital-costs-commercial-property,https://propertytaxpartners.co.uk/,2026-10-10,docs/_engines/link_engine_store/bing/2026-10/c0476cb3e6c504d428faf0867d541b4a0affd500.json.gz,0
https://www.propertytaxpartners.co.uk/blog/property-types-and-specialist-tax/lease-extension-cost-uk,https://propertytaxpartners.co.uk/,2026-10-10,docs/_engines/link_engine_store/bing/2026-10/73d7e88128637e1a5edb345b6bf45d1c7eaf13f5.json.gz,39
https://www.propertytaxpartners.co.uk/blog/property-types-and-specialist-tax/lease-extension-solicitor-what-they-do,https://propertytaxpartners.co.uk/,2026-10-10,docs/_engines/link_engine_store/bing/2026-10/1abd3e104fdc1157af01a49cb4ef8a593b6bd5be.json.gz,0
https://www.propertytaxpartners.co.uk/blog/property-types-and-specialist-tax/lease-extension-vs-freehold-purchase,https://propertytaxpartners.co.uk/,2026-10-10,docs/_engines/link_engine_store/bing/2026-10/38012477ee534b3241d84fcf05b050900e05f0c6.json.gz,0
https://www.propertytaxpartners.co.uk/blog/property-types-and-specialist-tax/lease-extensions-in-the-uk-surrender-and-regrant,https://propertytaxpartners.co.uk/,2026-10-10,docs/_engines/link_engine_store/bing/2026-10/aabe8b0e0c76c7c331594d5b24cba92a417acc03.json.gz,87
https://www.propertytaxpartners.co.uk/blog/property-types-and-specialist-tax/lease-variation-and-lease-surrender,https://propertytaxpartners.co.uk/,2026-10-10,docs/_engines/link_engine_store/bing/2026-10/dad21933c18f3f6b5e822d5dc2245ca83da36f50.json.gz,99
https://www.propertytaxpartners.co.uk/blog/property-types-and-specialist-tax/leasehold-reform-act-2024-what-is-in-force,https://propertytaxpartners.co.uk/,2026-10-10,docs/_engines/link_engine_store/bing/2026-10/2be2db5e96d2e23cea55d5ed9deafdb02d1885ae.json.gz,8
https://www.propertytaxpartners.co.uk/blog/property-types-and-specialist-tax/multiple-dwellings-relief,https://propertytaxpartners.co.uk/,2026-10-10,docs/_engines/link_engine_store/bing/2026-10/57f0190f66536c47b2e16249b4bb3207abe60f9a.json.gz,19
https://www.propertytaxpartners.co.uk/blog/property-types-and-specialist-tax/multiple-dwellings-relief-abolition-fa-2024-transitional-rules-landlords,https://propertytaxpartners.co.uk/,2026-10-10,docs/_engines/link_engine_store/bing/2026-10/fd514ebd03ee554fee16e8be912e8bd53d0daa46.json.gz,0
https://www.propertytaxpartners.co.uk/blog/property-types-and-specialist-tax/non-resident-developer-uk-tax-scope-fa-2016-offshore-developer-planning-closure,https://propertytaxpartners.co.uk/,2026-10-10,docs/_engines/link_engine_store/bing/2026-10/9d0daac827d6c56c8aa29d0fe0477408adcac1d1.json.gz,0
https://www.propertytaxpartners.co.uk/blog/property-types-and-specialist-tax/option-to-tax-revocation-routes-6-month-cooling-off-20-year-exit-landlords,https://propertytaxpartners.co.uk/,2026-10-10,docs/_engines/link_engine_store/bing/2026-10/b4fb2755159b40cea059ed9c7fa561b0f55b5afe.json.gz,0
https://www.propertytaxpartners.co.uk/blog/property-types-and-specialist-tax/option-to-tax-vata-1994-schedule-10-commercial-property-20-year-lock,https://propertytaxpartners.co.uk/,2026-10-10,docs/_engines/link_engine_store/bing/2026-10/5ad4df0244aca248be5e3a7a1ba72af6e6eb3812.json.gz,9
https://www.propertytaxpartners.co.uk/blog/property-types-and-specialist-tax/property-development-tax-trading-vs-investment-income,https://propertytaxpartners.co.uk/,2026-10-10,docs/_engines/link_engine_store/bing/2026-10/c62c2b795fbfee0a63f556deab97c34be7237eb6.json.gz,18
https://www.propertytaxpartners.co.uk/blog/property-types-and-specialist-tax/property-joint-venture-spv-structure-uk,https://propertytaxpartners.co.uk/,2026-10-10,docs/_engines/link_engine_store/bing/2026-10/df8c3779e6d010cd2a180a7cf74bad437926d6e0.json.gz,0
https://www.propertytaxpartners.co.uk/blog/property-types-and-specialist-tax/reduce-your-council-tax-bill-in-the-uk,https://propertytaxpartners.co.uk/,2026-10-10,docs/_engines/link_engine_store/bing/2026-10/eecb8a051c4b323c22e0e487d3f066e25176ec25.json.gz,0
https://www.propertytaxpartners.co.uk/blog/property-types-and-specialist-tax/remittance-basis-tax-insights-for-non-domiciled-individuals,https://propertytaxpartners.co.uk/,2026-10-10,docs/_engines/link_engine_store/bing/2026-10/cb8181d8657e3ee4940b36f817beec4ed95fe8bf.json.gz,37
https://www.propertytaxpartners.co.uk/blog/property-types-and-specialist-tax/residency-and-domicile,https://propertytaxpartners.co.uk/,2026-10-10,docs/_engines/link_engine_store/bing/2026-10/74c9e6ab645ae9c9b5d2c83574741aea353c16fa.json.gz,0
https://www.propertytaxpartners.co.uk/blog/property-types-and-specialist-tax/right-to-manage-company-setup,https://propertytaxpartners.co.uk/,2026-10-10,docs/_engines/link_engine_store/bing/2026-10/cf9922652a108bfd83f0ef39d82a6e911ca8cfe5.json.gz,0
https://www.propertytaxpartners.co.uk/blog/property-types-and-specialist-tax/right-to-manage-explained,https://propertytaxpartners.co.uk/,2026-10-10,docs/_engines/link_engine_store/bing/2026-10/2fdd9d02aa394375e87ef165f713652bb7ee1ab9.json.gz,0
https://www.propertytaxpartners.co.uk/blog/property-types-and-specialist-tax/right-to-manage-process-steps,https://propertytaxpartners.co.uk/,2026-10-10,docs/_engines/link_engine_store/bing/2026-10/63f0823015edbe6704221c643fc18231c5c17fb6.json.gz,0
https://www.propertytaxpartners.co.uk/blog/property-types-and-specialist-tax/sdlt-additional-property-surcharge-refund-routes-3-year-replacement-claim,https://propertytaxpartners.co.uk/,2026-10-10,docs/_engines/link_engine_store/bing/2026-10/80a1599418fe1adfcd36e96e7bb0a42e6d6b0a9f.json.gz,0
https://www.propertytaxpartners.co.uk/blog/property-types-and-specialist-tax/sdlt-furnished-holiday-let-2025-abolition,https://propertytaxpartners.co.uk/,2026-10-10,docs/_engines/link_engine_store/bing/2026-10/bba3f36be9dc61f556cc4d2e5eea64c76d41cef7.json.gz,3
https://www.propertytaxpartners.co.uk/blog/property-types-and-specialist-tax/sdlt-mixed-use-rates-vs-residential-property-tribunal-tests-landlords,https://propertytaxpartners.co.uk/,2026-10-10,docs/_engines/link_engine_store/bing/2026-10/4fca723159a29d58587e5d114105a309c867731e.json.gz,0
https://www.propertytaxpartners.co.uk/blog/property-types-and-specialist-tax/section-24-commercial-property-complete-guide,https://propertytaxpartners.co.uk/,2026-10-10,docs/_engines/link_engine_store/bing/2026-10/4cda8062a6744cfa05c0af1899734e1d4c81d640.json.gz,0
https://www.propertytaxpartners.co.uk/blog/property-types-and-specialist-tax/selling-house-below-market-value,https://propertytaxpartners.co.uk/,2026-10-10,docs/_engines/link_engine_store/bing/2026-10/c0ef39b1bfaef405ee5ca4a49731222ad8f5c9f7.json.gz,0
https://www.propertytaxpartners.co.uk/blog/property-types-and-specialist-tax/service-charge-disputes-leaseholders,https://propertytaxpartners.co.uk/,2026-10-10,docs/_engines/link_engine_store/bing/2026-10/781c18f91d3b19e1b8fa310491264ccbd3e40b1a.json.gz,11
https://www.propertytaxpartners.co.uk/blog/property-types-and-specialist-tax/serviced-accommodation-bpr-eligibility-pawson-test,https://propertytaxpartners.co.uk/,2026-10-10,docs/_engines/link_engine_store/bing/2026-10/a224fd3a1bd2953227917b7bbe403a86ba09ba5e.json.gz,0
https://www.propertytaxpartners.co.uk/blog/property-types-and-specialist-tax/serviced-accommodation-tax-fhl-abolition-april-2025,https://propertytaxpartners.co.uk/,2026-10-10,docs/_engines/link_engine_store/bing/2026-10/d21069374a1d7ca12d517f7daa87672e65ec9158.json.gz,1
https://www.propertytaxpartners.co.uk/blog/property-types-and-specialist-tax/serviced-accommodation-vs-buy-to-let-tax-comparison-2026,https://propertytaxpartners.co.uk/,2026-10-10,docs/_engines/link_engine_store/bing/2026-10/2e53a7ef882d196abd810bd3da49eea75dba24ba.json.gz,0
https://www.propertytaxpartners.co.uk/blog/property-types-and-specialist-tax/single-person-council-tax-discount,https://propertytaxpartners.co.uk/,2026-10-10,docs/_engines/link_engine_store/bing/2026-10/1d5d2a545280a143353367b534a8e12f48f1de96.json.gz,278
https://www.propertytaxpartners.co.uk/blog/property-types-and-specialist-tax/single-person-council-tax-discounts-a-complete-guide,https://propertytaxpartners.co.uk/,2026-10-10,docs/_engines/link_engine_store/bing/2026-10/62c50a6e23caadc9203d62b83fd3158e4c548edb.json.gz,213
https://www.propertytaxpartners.co.uk/blog/property-types-and-specialist-tax/structures-and-buildings-allowance-sba,https://propertytaxpartners.co.uk/,2026-10-10,docs/_engines/link_engine_store/bing/2026-10/4d51cf03d09fcaebbb1956baaa48d47c6ddbbc32.json.gz,0
https://www.propertytaxpartners.co.uk/blog/property-types-and-specialist-tax/structures-and-buildings-allowance-sba-3-percent-claim-mechanics-fa-2018-onward,https://propertytaxpartners.co.uk/,2026-10-10,docs/_engines/link_engine_store/bing/2026-10/526ed03323c20dc2b44b2eee117db2279f926a7e.json.gz,72
https://www.propertytaxpartners.co.uk/blog/property-types-and-specialist-tax/super-deduction-130-percent-transitional-disposal-balancing-charge-mechanics-fa-2021,https://propertytaxpartners.co.uk/,2026-10-10,docs/_engines/link_engine_store/bing/2026-10/1ec076613731f6845427fe76873ba8efdbdbac1e.json.gz,0
https://www.propertytaxpartners.co.uk/blog/property-types-and-specialist-tax/toms-vat-serviced-accommodation,https://propertytaxpartners.co.uk/,2026-10-10,docs/_engines/link_engine_store/bing/2026-10/03a09d621baf60f2bcaff7e881121c05fb410ae9.json.gz,0
https://www.propertytaxpartners.co.uk/blog/property-types-and-specialist-tax/transactions-in-uk-land-cta-2010-part-8zb-ita-2007-part-9a-four-conditions-test,https://propertytaxpartners.co.uk/,2026-10-10,docs/_engines/link_engine_store/bing/2026-10/6d4b9fd2af318737259d9e07e3f2f4fab6f4bf85.json.gz,0
https://www.propertytaxpartners.co.uk/blog/property-types-and-specialist-tax/vat-calculator,https://propertytaxpartners.co.uk/,2026-10-10,docs/_engines/link_engine_store/bing/2026-10/c87ad965066c8eb135836bf272ab829d21cee89b.json.gz,1
https://www.propertytaxpartners.co.uk/blog/property-types-and-specialist-tax/vat-capital-goods-scheme-property-businesses-10-year-adjustment-mechanics,https://propertytaxpartners.co.uk/,2026-10-10,docs/_engines/link_engine_store/bing/2026-10/0750e45c9ac7e309bdbd5d04205a516253a24d79.json.gz,95
https://www.propertytaxpartners.co.uk/blog/property-types-and-specialist-tax/vat-cladding-remediation-relief-residential-building-safety-act-section-30a-mechanics,https://propertytaxpartners.co.uk/,2026-10-10,docs/_engines/link_engine_store/bing/2026-10/53c3420616beee128cdd7faa386a357b79edf7e3.json.gz,0
https://www.propertytaxpartners.co.uk/blog/property-types-and-specialist-tax/vat-commercial-to-residential-conversion-5-percent-reduced-rate-developer-recovery-mechanics,https://propertytaxpartners.co.uk/,2026-10-10,docs/_engines/link_engine_store/bing/2026-10/be918792dd511b343ccdd68b0cfc75547b81dcc4.json.gz,4
https://www.propertytaxpartners.co.uk/blog/property-types-and-specialist-tax/vat-developer-pre-registration-input-tax-recovery-property-development-projects,https://propertytaxpartners.co.uk/,2026-10-10,docs/_engines/link_engine_store/bing/2026-10/43a1e4b7d1e00714a299437e8b23ca1bc5900875.json.gz,0
https://www.propertytaxpartners.co.uk/blog/property-types-and-specialist-tax/vat-mixed-use-property-purchase-residential-commercial-element-apportionment,https://propertytaxpartners.co.uk/,2026-10-10,docs/_engines/link_engine_store/bing/2026-10/f5f60e0cfcc82edd2d0acc7e5d38f2dcebbee3d7.json.gz,3
https://www.propertytaxpartners.co.uk/blog/property-types-and-specialist-tax/vat-on-furnished-holiday-lettings-fhl,https://propertytaxpartners.co.uk/,2026-10-10,docs/_engines/link_engine_store/bing/2026-10/a4102edfaf1da33755d4bec6d92eb72640406b2c.json.gz,4
https://www.propertytaxpartners.co.uk/blog/property-types-and-specialist-tax/vat-on-new-builds-residential-property,https://propertytaxpartners.co.uk/,2026-10-10,docs/_engines/link_engine_store/bing/2026-10/2981e72e5d411f3b22ba3c50c23b294cde739bc1.json.gz,206
https://www.propertytaxpartners.co.uk/blog/property-types-and-specialist-tax/vat-option-to-tax-commercial-property-mechanics-election-revocation,https://propertytaxpartners.co.uk/,2026-10-10,docs/_engines/link_engine_store/bing/2026-10/05cbdcef7ad90b5484e0d6185ff622ac5dec2621.json.gz,92
https://www.propertytaxpartners.co.uk/blog/property-types-and-specialist-tax/vat-partial-exemption-special-method-approval-landlords-standard-method-override-mechanics,https://propertytaxpartners.co.uk/,2026-10-10,docs/_engines/link_engine_store/bing/2026-10/0d448b74cb46df18d2946e482f3a787dab414603.json.gz,4
https://www.propertytaxpartners.co.uk/blog/property-types-and-specialist-tax/vat-property-conversion-residential-to-commercial-or-commercial-to-residential-zero-rate-reduced-rate,https://propertytaxpartners.co.uk/,2026-10-10,docs/_engines/link_engine_store/bing/2026-10/3f28529d89efbd0ac3739350dedfd16f27f613c0.json.gz,105
https://www.propertytaxpartners.co.uk/blog/property-types-and-specialist-tax/vat-property-conversions-residential-reduced-rate-opted-to-tax,https://propertytaxpartners.co.uk/,2026-10-10,docs/_engines/link_engine_store/bing/2026-10/ff16f75a41f10ca98e8ef291f63e1336789e0a63.json.gz,0
https://www.propertytaxpartners.co.uk/blog/property-types-and-specialist-tax/vat-registration-threshold-90k-landlords-april-2024-group-registration,https://propertytaxpartners.co.uk/,2026-10-10,docs/_engines/link_engine_store/bing/2026-10/9efc9dc1a2eaaf0816bc05851cd6754eb9a7029f.json.gz,0
https://www.propertytaxpartners.co.uk/blog/property-types-and-specialist-tax/vat-storage-facility-lettings-schedule-9-group-1-supply-categorisation-landlords,https://propertytaxpartners.co.uk/,2026-10-10,docs/_engines/link_engine_store/bing/2026-10/ca39590dc44d46c19356b6460d80fe2074b7a313.json.gz,0
https://www.propertytaxpartners.co.uk/blog/property-types-and-specialist-tax/vat-toms-long-term-stays-hotel-aparthotel-28-day-rule-mechanics,https://propertytaxpartners.co.uk/,2026-10-10,docs/_engines/link_engine_store/bing/2026-10/1da4d7f20639503c1f0817fa6b26be4aac218d11.json.gz,210
https://www.propertytaxpartners.co.uk/blog/property-types-and-specialist-tax/welsh-ltt-derelict-uninhabitable-property-refund-relief-claim-mechanics,https://propertytaxpartners.co.uk/,2026-10-10,docs/_engines/link_engine_store/bing/2026-10/0f301196c8885847d3b0852463f64e56edb21ddb.json.gz,0
https://www.propertytaxpartners.co.uk/blog/property-types-and-specialist-tax/writing-down-allowance-rates,https://propertytaxpartners.co.uk/,2026-10-10,docs/_engines/link_engine_store/bing/2026-10/585689015c9b4533f432a2117e83f5be537fb085.json.gz,255
https://www.propertytaxpartners.co.uk/blog/section-24-and-tax-relief,https://propertytaxpartners.co.uk/,2026-10-10,docs/_engines/link_engine_store/bing/2026-10/c427eb21ed4d4e46a5176bb932b2c18b5c12fed1.json.gz,0
https://www.propertytaxpartners.co.uk/blog/section-24-and-tax-relief/2027-property-tax-rates-section-24-relief-uk-landlords,https://propertytaxpartners.co.uk/,2026-10-10,docs/_engines/link_engine_store/bing/2026-10/84f307d35e5df97280ce0095f25ac8f8a0dea20b.json.gz,0
https://www.propertytaxpartners.co.uk/blog/section-24-and-tax-relief/aia-capital-allowance-property-landlords,https://propertytaxpartners.co.uk/,2026-10-10,docs/_engines/link_engine_store/bing/2026-10/7e1d6e82ca0c6b76f5d0cd0fe816eda45c93596e.json.gz,0
https://www.propertytaxpartners.co.uk/blog/section-24-and-tax-relief/annual-investment-allowance-2024-25,https://propertytaxpartners.co.uk/,2026-10-10,docs/_engines/link_engine_store/bing/2026-10/37acb312f35563c87a496bffbdd151817732bb11.json.gz,0
https://www.propertytaxpartners.co.uk/blog/section-24-and-tax-relief/annual-investment-allowance-landlords-uk,https://propertytaxpartners.co.uk/,2026-10-10,docs/_engines/link_engine_store/bing/2026-10/8ef16efca3e1dd4bc4408bd1afd9cdcaa59d00ac.json.gz,0
https://www.propertytaxpartners.co.uk/blog/section-24-and-tax-relief/annual-investment-allowance-uk,https://propertytaxpartners.co.uk/,2026-10-10,docs/_engines/link_engine_store/bing/2026-10/8ad1d33f82a2e476ec2e7232d07a6fd0b741560e.json.gz,11
https://www.propertytaxpartners.co.uk/blog/section-24-and-tax-relief/buy-to-let-refinancing-when-does-it-make-sense,https://propertytaxpartners.co.uk/,2026-10-10,docs/_engines/link_engine_store/bing/2026-10/31f697dd43f82971a9b6b9502c68121daa0e023f.json.gz,0
https://www.propertytaxpartners.co.uk/blog/section-24-and-tax-relief/can-section-24-push-higher-rate-tax,https://propertytaxpartners.co.uk/,2026-10-10,docs/_engines/link_engine_store/bing/2026-10/4c3653b1bf1fa21d9e3d132fb757435d5894902b.json.gz,0
https://www.propertytaxpartners.co.uk/blog/section-24-and-tax-relief/claim-mortgage-interest-rental-property-uk-section-24,https://propertytaxpartners.co.uk/,2026-10-10,docs/_engines/link_engine_store/bing/2026-10/45513134c5f6b5e3965999fc7ed93ea3e07c9d6e.json.gz,1154
https://www.propertytaxpartners.co.uk/blog/section-24-and-tax-relief/finance-costs-section-24-complete-guide,https://propertytaxpartners.co.uk/,2026-10-10,docs/_engines/link_engine_store/bing/2026-10/6fcc0ac7c0c3d62b4be8df7c6438c1691ec31a5d.json.gz,790
https://www.propertytaxpartners.co.uk/blog/section-24-and-tax-relief/furnished-holiday-let-tax-rules-exemptions,https://propertytaxpartners.co.uk/,2026-10-10,docs/_engines/link_engine_store/bing/2026-10/fd74aa79c5b6a9b73aa79eb8c2b88fc013364c41.json.gz,256
https://www.propertytaxpartners.co.uk/blog/section-24-and-tax-relief/how-to-calculate-section-24-tax-credit-step-by-step,https://propertytaxpartners.co.uk/,2026-10-10,docs/_engines/link_engine_store/bing/2026-10/d614112b5690b286edb12ca89c9f5dada3d2e394.json.gz,0
https://www.propertytaxpartners.co.uk/blog/section-24-and-tax-relief/landlord-insurance-tax-deductible,https://propertytaxpartners.co.uk/,2026-10-10,docs/_engines/link_engine_store/bing/2026-10/a41dcf4365ba09aef99b09d679f72a75dbb85dfc.json.gz,20
https://www.propertytaxpartners.co.uk/blog/section-24-and-tax-relief/landlord-tax-deductions-uk-2026-complete-list,https://propertytaxpartners.co.uk/,2026-10-10,docs/_engines/link_engine_store/bing/2026-10/411b6ee0198db72de5a5c90db7bb25041949ccf2.json.gz,814
https://www.propertytaxpartners.co.uk/blog/section-24-and-tax-relief/mortgage-arrangement-fees-deductible-landlord,https://propertytaxpartners.co.uk/,2026-10-10,docs/_engines/link_engine_store/bing/2026-10/90121958042946023a42ce2d4bafb2cd9d378f61.json.gz,282
https://www.propertytaxpartners.co.uk/blog/section-24-and-tax-relief/mortgage-interest-deductible-landlords-uk-2026,https://propertytaxpartners.co.uk/,2026-10-10,docs/_engines/link_engine_store/bing/2026-10/1eb43e0641019d7ccfb695638eea1afc61e047af.json.gz,522
https://www.propertytaxpartners.co.uk/blog/section-24-and-tax-relief/rent-a-room-relief-uk-landlords-lodgers-guide,https://propertytaxpartners.co.uk/,2026-10-10,docs/_engines/link_engine_store/bing/2026-10/ef4f97cd0a8b0a26bb1b2a9b38fdee70ee31faf8.json.gz,288
https://www.propertytaxpartners.co.uk/blog/section-24-and-tax-relief/rental-income-tax-calculator,https://propertytaxpartners.co.uk/,2026-10-10,docs/_engines/link_engine_store/bing/2026-10/38544d2f80c19e282933e54e167a788e371d2517.json.gz,0
https://www.propertytaxpartners.co.uk/blog/section-24-and-tax-relief/rental-income-tax-uk-complete-guide-landlords,https://propertytaxpartners.co.uk/,2026-10-10,docs/_engines/link_engine_store/bing/2026-10/aa528be3313757c6c08d229c4531c1493ee9bef5.json.gz,521
https://www.propertytaxpartners.co.uk/blog/section-24-and-tax-relief/replacement-domestic-items-relief-uk-landlords-guide,https://propertytaxpartners.co.uk/,2026-10-10,docs/_engines/link_engine_store/bing/2026-10/2548217660f2eb3166329c7e4e6a8a18875b33e5.json.gz,353
https://www.propertytaxpartners.co.uk/blog/section-24-and-tax-relief/section-24-2027-tax-year-planning-landlords,https://propertytaxpartners.co.uk/,2026-10-10,docs/_engines/link_engine_store/bing/2026-10/5eb7ecc02ee5bcc6061a23874ec33f830335ae83.json.gz,0
https://www.propertytaxpartners.co.uk/blog/section-24-and-tax-relief/section-24-2027-tax-year-planning-uk-landlords,https://propertytaxpartners.co.uk/,2026-10-10,docs/_engines/link_engine_store/bing/2026-10/e2f246f57d3276a4b598ba8b02cd0716d7994bfe.json.gz,0
https://www.propertytaxpartners.co.uk/blog/section-24-and-tax-relief/section-24-basic-rate-taxpayers,https://propertytaxpartners.co.uk/,2026-10-10,docs/_engines/link_engine_store/bing/2026-10/d44a047e00009dbdc848f83a822eb79036d7a9a3.json.gz,0
https://www.propertytaxpartners.co.uk/blog/section-24-and-tax-relief/section-24-calculator,https://propertytaxpartners.co.uk/,2026-10-10,docs/_engines/link_engine_store/bing/2026-10/6a43d777b3d8e34983f4402ad201d952884db4e1.json.gz,0
https://www.propertytaxpartners.co.uk/blog/section-24-and-tax-relief/section-24-case-study-100k-rental-income-portfolio,https://propertytaxpartners.co.uk/,2026-10-10,docs/_engines/link_engine_store/bing/2026-10/ed2dda93736696aaf9b08264a8b67e3c9a494365.json.gz,0
https://www.propertytaxpartners.co.uk/blog/section-24-and-tax-relief/section-24-child-benefit-high-income-charge-landlords,https://propertytaxpartners.co.uk/,2026-10-10,docs/_engines/link_engine_store/bing/2026-10/7ca438ea76e782f45fbb829fda4950ef356bfac2.json.gz,0
https://www.propertytaxpartners.co.uk/blog/section-24-and-tax-relief/section-24-employment-income-paye-landlords,https://propertytaxpartners.co.uk/,2026-10-10,docs/_engines/link_engine_store/bing/2026-10/1f4b4ab8e966bfe1687c8363c8a2c17a0041986a.json.gz,0
https://www.propertytaxpartners.co.uk/blog/section-24-and-tax-relief/section-24-higher-rate-taxpayers-2026,https://propertytaxpartners.co.uk/,2026-10-10,docs/_engines/link_engine_store/bing/2026-10/b6d43ee12aa978a33cb712ab2de04b0b28318134.json.gz,0
https://www.propertytaxpartners.co.uk/blog/section-24-and-tax-relief/section-24-higher-rate-taxpayers-changes-2027,https://propertytaxpartners.co.uk/,2026-10-10,docs/_engines/link_engine_store/bing/2026-10/aa760827fbd6e9f3e81873ff53d0801d0c7b5629.json.gz,0
https://www.propertytaxpartners.co.uk/blog/section-24-and-tax-relief/section-24-higher-rate-threshold-landlords,https://propertytaxpartners.co.uk/,2026-10-10,docs/_engines/link_engine_store/bing/2026-10/eaac218d615cd6dbb174360e4bd5ab9710c3db4b.json.gz,0
https://www.propertytaxpartners.co.uk/blog/section-24-and-tax-relief/section-24-interest-only-mortgage-tax-planning,https://propertytaxpartners.co.uk/,2026-10-10,docs/_engines/link_engine_store/bing/2026-10/58e0520422cc39fb0077374fe9ec176c220600ec.json.gz,0
https://www.propertytaxpartners.co.uk/blog/section-24-and-tax-relief/section-24-joint-property-ownership-tax-split,https://propertytaxpartners.co.uk/,2026-10-10,docs/_engines/link_engine_store/bing/2026-10/b007ebb228be623179e01244e440f7a7e1559e16.json.gz,0
https://www.propertytaxpartners.co.uk/blog/section-24-and-tax-relief/section-24-mortgage-interest-restriction-uk-landlords,https://propertytaxpartners.co.uk/,2026-10-10,docs/_engines/link_engine_store/bing/2026-10/fe853e608ae84c4004e200ff3a4b8c64807cde89.json.gz,118
https://www.propertytaxpartners.co.uk/blog/section-24-and-tax-relief/section-24-multiple-properties-cumulative-impact,https://propertytaxpartners.co.uk/,2026-10-10,docs/_engines/link_engine_store/bing/2026-10/8562947a501413532fcb6c1b7916d8b4bcdf2e0a.json.gz,0
https://www.propertytaxpartners.co.uk/blog/section-24-and-tax-relief/section-24-pension-contributions-tax-planning,https://propertytaxpartners.co.uk/,2026-10-10,docs/_engines/link_engine_store/bing/2026-10/06eb547b84dc5571b04781d226886638699c61ea.json.gz,0
https://www.propertytaxpartners.co.uk/blog/section-24-and-tax-relief/section-24-personal-allowance-60-percent-tax-rate-landlords,https://propertytaxpartners.co.uk/,2026-10-10,docs/_engines/link_engine_store/bing/2026-10/7755dfde2eceedac4025800d9096e7f04652a109.json.gz,0
https://www.propertytaxpartners.co.uk/blog/section-24-and-tax-relief/section-24-remortgaging-btl-property-tax-implications,https://propertytaxpartners.co.uk/,2026-10-10,docs/_engines/link_engine_store/bing/2026-10/3482181e814513e49425177e6d288d4bfc5cbcb0.json.gz,6
https://www.propertytaxpartners.co.uk/blog/section-24-and-tax-relief/section-24-repeal-future-reversed,https://propertytaxpartners.co.uk/,2026-10-10,docs/_engines/link_engine_store/bing/2026-10/05f22a4d4bff7928aca07d0835d75c1a17bc1500.json.gz,0
https://www.propertytaxpartners.co.uk/blog/section-24-and-tax-relief/section-24-self-assessment-tax-return,https://propertytaxpartners.co.uk/,2026-10-10,docs/_engines/link_engine_store/bing/2026-10/cf0ee506b08875c3ed0c77930b13a0144ab887e2.json.gz,339
https://www.propertytaxpartners.co.uk/blog/section-24-and-tax-relief/section-24-tax-credit-20-percent-basic-rate-relief,https://propertytaxpartners.co.uk/,2026-10-10,docs/_engines/link_engine_store/bing/2026-10/6aadd33c606e5d65c9e37afd2c96524f930df8fe.json.gz,4
https://www.propertytaxpartners.co.uk/blog/section-24-and-tax-relief/section-24-tax-relief-complete-guide,https://propertytaxpartners.co.uk/,2026-10-10,docs/_engines/link_engine_store/bing/2026-10/f7edccb1749d8d8b943e9695d20e033c464e490e.json.gz,3
https://www.propertytaxpartners.co.uk/blog/section-24-and-tax-relief/section-24-vs-incorporation-which-saves-more-tax,https://propertytaxpartners.co.uk/,2026-10-10,docs/_engines/link_engine_store/bing/2026-10/6cc8e89b78841e4542ffb578377d55c5e63e960c.json.gz,0
https://www.propertytaxpartners.co.uk/blog/section-24-and-tax-relief/section-24-worked-example-50k-rental-income-portfolio,https://propertytaxpartners.co.uk/,2026-10-10,docs/_engines/link_engine_store/bing/2026-10/5d32205e75abd29eb66d20dc4fbb1f7601e1ac46.json.gz,0
https://www.propertytaxpartners.co.uk/blog/section-24-and-tax-relief/tax-relief-mortgage-interest-rented-property-guide,https://propertytaxpartners.co.uk/,2026-10-10,docs/_engines/link_engine_store/bing/2026-10/7874969ecaeefd32e0af3650efd8029eb1b955f2.json.gz,374
https://www.propertytaxpartners.co.uk/blog/section-24-and-tax-relief/unequal-rental-income-split-spouses-tax-planning-form-17-vs-default-50-50-decision,https://propertytaxpartners.co.uk/,2026-10-10,docs/_engines/link_engine_store/bing/2026-10/6acfe2db47c709dec7086bed447260710d259cd4.json.gz,0
https://www.propertytaxpartners.co.uk/blog/section-24-and-tax-relief/what-is-aia-in-tax,https://propertytaxpartners.co.uk/,2026-10-10,docs/_engines/link_engine_store/bing/2026-10/95bbade399f932d30e4257d4f60918f0394e6b6a.json.gz,37
https://www.propertytaxpartners.co.uk/blog/section-24-and-tax-relief/writing-down-allowance-cars,https://propertytaxpartners.co.uk/,2026-10-10,docs/_engines/link_engine_store/bing/2026-10/33c2bb5993141e938bbc1a84476063794af92620.json.gz,310
https://www.propertytaxpartners.co.uk/calculators,https://propertytaxpartners.co.uk/,2026-10-10,docs/_engines/link_engine_store/bing/2026-10/9e3673c1c8f58eca475c20b65a49fd7c328a6c27.json.gz,0
https://www.propertytaxpartners.co.uk/calculators/bpr-apr-allowance-calculator,https://propertytaxpartners.co.uk/,2026-10-10,docs/_engines/link_engine_store/bing/2026-10/63c1ae7b76d251f6599af94e35f41fc8e98ec78c.json.gz,0
https://www.propertytaxpartners.co.uk/calculators/bridging-loan-calculator,https://propertytaxpartners.co.uk/,2026-10-10,docs/_engines/link_engine_store/bing/2026-10/09ba52a2c87ed78c7b30161becdec8f245711d87.json.gz,0
https://www.propertytaxpartners.co.uk/calculators/buy-to-let-cashflow-calculator,https://propertytaxpartners.co.uk/,2026-10-10,docs/_engines/link_engine_store/bing/2026-10/a071fa569d0b9de15731e6b26d4d04ee585dc8e8.json.gz,0
https://www.propertytaxpartners.co.uk/calculators/buy-to-let-mortgage-calculator,https://propertytaxpartners.co.uk/,2026-10-10,docs/_engines/link_engine_store/bing/2026-10/a3947d0d2850963f34099a02fc9b652156f73404.json.gz,0
https://www.propertytaxpartners.co.uk/calculators/buy-to-let-rental-stress-test-calculator,https://propertytaxpartners.co.uk/,2026-10-10,docs/_engines/link_engine_store/bing/2026-10/a4683450c3e707705bcf3c88b71db47c77f6114b.json.gz,0
https://www.propertytaxpartners.co.uk/calculators/capital-allowances-calculator,https://propertytaxpartners.co.uk/,2026-10-10,docs/_engines/link_engine_store/bing/2026-10/3505ffba462cc353ab327a22f55a211b8b86022b.json.gz,0
https://www.propertytaxpartners.co.uk/calculators/capital-gains-tax-calculator,https://propertytaxpartners.co.uk/,2026-10-10,docs/_engines/link_engine_store/bing/2026-10/b699c7dca718749e55fc5bdaaa6c4ea33935d2b1.json.gz,27
https://www.propertytaxpartners.co.uk/calculators/commercial-mortgage-calculator,https://propertytaxpartners.co.uk/,2026-10-10,docs/_engines/link_engine_store/bing/2026-10/4cf997608b53e62d90a20702c7597d8af2e3e207.json.gz,0
https://www.propertytaxpartners.co.uk/calculators/corporation-tax-calculator,https://propertytaxpartners.co.uk/,2026-10-10,docs/_engines/link_engine_store/bing/2026-10/c8c9bf201880d6557b17604388f40131b6f05052.json.gz,0
https://www.propertytaxpartners.co.uk/calculators/cost-of-selling-calculator,https://propertytaxpartners.co.uk/,2026-10-10,docs/_engines/link_engine_store/bing/2026-10/6963127b0213d4b376d78262360cef013a4e990a.json.gz,0
https://www.propertytaxpartners.co.uk/calculators/development-finance-calculator,https://propertytaxpartners.co.uk/,2026-10-10,docs/_engines/link_engine_store/bing/2026-10/b7d775a706054994b71f1fa1e0ee3bfa31c3fb10.json.gz,0
https://www.propertytaxpartners.co.uk/calculators/dividend-tax-calculator,https://propertytaxpartners.co.uk/,2026-10-10,docs/_engines/link_engine_store/bing/2026-10/3111032cb710d28da20939143638cae5d7372759.json.gz,0
https://www.propertytaxpartners.co.uk/calculators/first-time-buyer-stamp-duty-calculator,https://propertytaxpartners.co.uk/,2026-10-10,docs/_engines/link_engine_store/bing/2026-10/2ce1afa34523976f2a46186ab501ca66a124887b.json.gz,0
https://www.propertytaxpartners.co.uk/calculators/incorporation-cost-calculator,https://propertytaxpartners.co.uk/,2026-10-10,docs/_engines/link_engine_store/bing/2026-10/146f2f5893429e34cd3c92816f285460694df5ba.json.gz,0
https://www.propertytaxpartners.co.uk/calculators/lbtt-calculator-scotland,https://propertytaxpartners.co.uk/,2026-10-10,docs/_engines/link_engine_store/bing/2026-10/308612f4a6098f1aff636b313f04b65b32eccddb.json.gz,326
https://www.propertytaxpartners.co.uk/calculators/lease-extension-premium-calculator,https://propertytaxpartners.co.uk/,2026-10-10,docs/_engines/link_engine_store/bing/2026-10/ed3ad0e36f3feb531d6c5c52232aa015a0980491.json.gz,0
https://www.propertytaxpartners.co.uk/calculators/ltt-calculator-wales,https://propertytaxpartners.co.uk/,2026-10-10,docs/_engines/link_engine_store/bing/2026-10/6ae5386e99f7c27fa644d84365c9a04766223e1b.json.gz,101
https://www.propertytaxpartners.co.uk/calculators/mtd-checker,https://propertytaxpartners.co.uk/,2026-10-10,docs/_engines/link_engine_store/bing/2026-10/435649f86cb0ad24e4ac65e8726bce4988563fbf.json.gz,0
https://www.propertytaxpartners.co.uk/calculators/portfolio-profitability-calculator,https://propertytaxpartners.co.uk/,2026-10-10,docs/_engines/link_engine_store/bing/2026-10/49aaa6e8c449b903e889b64acb6199c9c3cb0cae.json.gz,0
https://www.propertytaxpartners.co.uk/calculators/property-allowance-checker,https://propertytaxpartners.co.uk/,2026-10-10,docs/_engines/link_engine_store/bing/2026-10/b5cc2a7b042bc45f03b3bac10d27cbb619e72186.json.gz,0
https://www.propertytaxpartners.co.uk/calculators/property-company-extraction-calculator,https://propertytaxpartners.co.uk/,2026-10-10,docs/_engines/link_engine_store/bing/2026-10/bdea9ca645df9e100b6a0296b8165f1b5a57d3e0.json.gz,0
https://www.propertytaxpartners.co.uk/calculators/rd-tax-credit-calculator,https://propertytaxpartners.co.uk/,2026-10-10,docs/_engines/link_engine_store/bing/2026-10/2c2e489e32d29cb80eb5b03706898ceca8f82bbf.json.gz,0
https://www.propertytaxpartners.co.uk/calculators/rent-a-room-relief-calculator,https://propertytaxpartners.co.uk/,2026-10-10,docs/_engines/link_engine_store/bing/2026-10/1f7d1cf418078876439dee89fa7def3da9717ca8.json.gz,0
https://www.propertytaxpartners.co.uk/calculators/rental-income-tax-calculator,https://propertytaxpartners.co.uk/,2026-10-10,docs/_engines/link_engine_store/bing/2026-10/e9b6f8a1d0c90662e9c15cb9a692918f87417edb.json.gz,2
https://www.propertytaxpartners.co.uk/calculators/rental-yield-calculator,https://propertytaxpartners.co.uk/,2026-10-10,docs/_engines/link_engine_store/bing/2026-10/6984a4d62af71d8ee261e477b779cbd61c695783.json.gz,0
https://www.propertytaxpartners.co.uk/calculators/section-24-calculator,https://propertytaxpartners.co.uk/,2026-10-10,docs/_engines/link_engine_store/bing/2026-10/12efdd021b6fe2594634007fa64ec40cf699e4c4.json.gz,0
https://www.propertytaxpartners.co.uk/calculators/stamp-duty-calculator,https://propertytaxpartners.co.uk/,2026-10-10,docs/_engines/link_engine_store/bing/2026-10/22bf82e10c21030733396779ef2bf2575572b80b.json.gz,0
https://www.propertytaxpartners.co.uk/contact,https://propertytaxpartners.co.uk/,2026-10-10,docs/_engines/link_engine_store/bing/2026-10/336758b9305a2a3617a6c62eeca64f6fa6ba64a3.json.gz,0
https://www.propertytaxpartners.co.uk/cookie-policy,https://propertytaxpartners.co.uk/,2026-10-10,docs/_engines/link_engine_store/bing/2026-10/ca5236e081a173af2606db4fab70f454ce00a30b.json.gz,0
https://www.propertytaxpartners.co.uk/cost-of-selling-a-property,https://propertytaxpartners.co.uk/,2026-10-10,docs/_engines/link_engine_store/bing/2026-10/045d53dabcc996ff3433b53ba32822ab388cb98a.json.gz,0
https://www.propertytaxpartners.co.uk/for-letting-agents,https://propertytaxpartners.co.uk/,2026-10-10,docs/_engines/link_engine_store/bing/2026-10/4046c0a04993fc3f034cbf50f5fe8cf56c4100db.json.gz,0
https://www.propertytaxpartners.co.uk/for/couples-splitting-rental-income,https://propertytaxpartners.co.uk/,2026-10-10,docs/_engines/link_engine_store/bing/2026-10/c04f9df20a7ac60d889bbaca6418df611eae7433.json.gz,0
https://www.propertytaxpartners.co.uk/for/first-time-and-accidental-landlords,https://propertytaxpartners.co.uk/,2026-10-10,docs/_engines/link_engine_store/bing/2026-10/c5282e6a963415a82098953d8c51a28499dd87e6.json.gz,0
https://www.propertytaxpartners.co.uk/for/gifting-property-to-family,https://propertytaxpartners.co.uk/,2026-10-10,docs/_engines/link_engine_store/bing/2026-10/52fab9549c039a60e22509a2349c54b63839cd3c.json.gz,0
https://www.propertytaxpartners.co.uk/for/hmo-and-multi-let-landlords,https://propertytaxpartners.co.uk/,2026-10-10,docs/_engines/link_engine_store/bing/2026-10/1ad84000d379bd4ddc14a7c894ea32e6c8189314.json.gz,0
https://www.propertytaxpartners.co.uk/for/holiday-let-and-serviced-accommodation,https://propertytaxpartners.co.uk/,2026-10-10,docs/_engines/link_engine_store/bing/2026-10/014129bf7f1b52566dc4014b52c03e0a9e25bcf3.json.gz,0
https://www.propertytaxpartners.co.uk/for/inherited-property,https://propertytaxpartners.co.uk/,2026-10-10,docs/_engines/link_engine_store/bing/2026-10/d63e4b48f7e6ecac8e73846df0304b3a03318262.json.gz,0
https://www.propertytaxpartners.co.uk/for/landlord-retirement-and-succession,https://propertytaxpartners.co.uk/,2026-10-10,docs/_engines/link_engine_store/bing/2026-10/e489950fdb2408dcace2b08478711880da0e2bff.json.gz,0
https://www.propertytaxpartners.co.uk/for/landlord-self-assessment-and-mtd,https://propertytaxpartners.co.uk/,2026-10-10,docs/_engines/link_engine_store/bing/2026-10/ebbc608cfa37ec0ba449169e19cb556781692880.json.gz,0
https://www.propertytaxpartners.co.uk/for/moving-property-into-a-limited-company,https://propertytaxpartners.co.uk/,2026-10-10,docs/_engines/link_engine_store/bing/2026-10/6b07aefe4de403c5f6032222e9ad5964759c4eb4.json.gz,0
https://www.propertytaxpartners.co.uk/for/non-resident-landlords,https://propertytaxpartners.co.uk/,2026-10-10,docs/_engines/link_engine_store/bing/2026-10/c239d0c4061f9b18a59bdbf2307a74eee453c37a.json.gz,0
https://www.propertytaxpartners.co.uk/for/portfolio-landlords-incorporating-a-partnership,https://propertytaxpartners.co.uk/,2026-10-10,docs/_engines/link_engine_store/bing/2026-10/1161801a1d3675429b890240872147f0e84d616a.json.gz,0
https://www.propertytaxpartners.co.uk/for/property-company-profit-extraction,https://propertytaxpartners.co.uk/,2026-10-10,docs/_engines/link_engine_store/bing/2026-10/a7229a80c0a8182ce8c8523de54f8af1c2276a36.json.gz,0
https://www.propertytaxpartners.co.uk/for/property-spv-set-up,https://propertytaxpartners.co.uk/,2026-10-10,docs/_engines/link_engine_store/bing/2026-10/af04ff27b581b80b7de8a1c917d28855d0082b08.json.gz,0
https://www.propertytaxpartners.co.uk/for/rental-income-disclosure,https://propertytaxpartners.co.uk/,2026-10-10,docs/_engines/link_engine_store/bing/2026-10/ed2529747fef3d463263f690d0a82fbb226e288d.json.gz,0
https://www.propertytaxpartners.co.uk/for/selling-a-buy-to-let,https://propertytaxpartners.co.uk/,2026-10-10,docs/_engines/link_engine_store/bing/2026-10/599e9b215a7c6a3d15aa520a1a2d12e614e567e8.json.gz,0
https://www.propertytaxpartners.co.uk/incorporation,https://propertytaxpartners.co.uk/,2026-10-10,docs/_engines/link_engine_store/bing/2026-10/b4656909dd8c3808bc651e726a721a1d1744d984.json.gz,0
https://www.propertytaxpartners.co.uk/landed-estates,https://propertytaxpartners.co.uk/,2026-10-10,docs/_engines/link_engine_store/bing/2026-10/66a4b3c9b4247333295b5600b0016724d9e0bcc7.json.gz,0
https://www.propertytaxpartners.co.uk/landlord-compliance,https://propertytaxpartners.co.uk/,2026-10-10,docs/_engines/link_engine_store/bing/2026-10/822d3d2ef7de4098df85444a7c4c9c0f880cdcb4.json.gz,0
https://www.propertytaxpartners.co.uk/leasehold,https://propertytaxpartners.co.uk/,2026-10-10,docs/_engines/link_engine_store/bing/2026-10/a202442d38788d8529df1a435184fab6d637e196.json.gz,0
https://www.propertytaxpartners.co.uk/locations,https://propertytaxpartners.co.uk/,2026-10-10,docs/_engines/link_engine_store/bing/2026-10/4f97ce814db1c07d4a1c6807fb81147690bdf87b.json.gz,0
https://www.propertytaxpartners.co.uk/locations/birmingham,https://propertytaxpartners.co.uk/,2026-10-10,docs/_engines/link_engine_store/bing/2026-10/3fbc697ac9f154948846f4dbd096d0a2e3934aa3.json.gz,0
https://www.propertytaxpartners.co.uk/locations/bristol,https://propertytaxpartners.co.uk/,2026-10-10,docs/_engines/link_engine_store/bing/2026-10/b80745dfc6a2e196657bd6536504d35df2bfb722.json.gz,0
https://www.propertytaxpartners.co.uk/locations/leeds,https://propertytaxpartners.co.uk/,2026-10-10,docs/_engines/link_engine_store/bing/2026-10/79e943cd3c1eb5f00c057dd69516667940031277.json.gz,0
https://www.propertytaxpartners.co.uk/locations/london,https://propertytaxpartners.co.uk/,2026-10-10,docs/_engines/link_engine_store/bing/2026-10/8d4f564f78a94c10bf1324d90946f00c1f22f98d.json.gz,0
https://www.propertytaxpartners.co.uk/locations/manchester,https://propertytaxpartners.co.uk/,2026-10-10,docs/_engines/link_engine_store/bing/2026-10/8b59419cab8c42f9e7496a87b2ed155434adf2f0.json.gz,0
https://www.propertytaxpartners.co.uk/making-tax-digital-landlords,https://propertytaxpartners.co.uk/,2026-10-10,docs/_engines/link_engine_store/bing/2026-10/6aa1f123cf1b9e11986e4fb8e5953f9184d2fe56.json.gz,0
https://www.propertytaxpartners.co.uk/privacy-policy,https://propertytaxpartners.co.uk/,2026-10-10,docs/_engines/link_engine_store/bing/2026-10/51ab0a51cac9d71cb21c08e407bf006eb5e24d63.json.gz,0
https://www.propertytaxpartners.co.uk/property-tax-rates,https://propertytaxpartners.co.uk/,2026-10-10,docs/_engines/link_engine_store/bing/2026-10/2e2ac883b494e9d7ae0b35ff0b670f6057a84ec4.json.gz,107
https://www.propertytaxpartners.co.uk/research,https://propertytaxpartners.co.uk/,2026-10-10,docs/_engines/link_engine_store/bing/2026-10/dd88aeb4ad50b9005be3d906d97458c08c316a58.json.gz,0
https://www.propertytaxpartners.co.uk/research/landlord-tax-index,https://propertytaxpartners.co.uk/,2026-10-10,docs/_engines/link_engine_store/bing/2026-10/4c9f630f3b9759b572a9fe861197a692f01f4db5.json.gz,0
https://www.propertytaxpartners.co.uk/section-24,https://propertytaxpartners.co.uk/,2026-10-10,docs/_engines/link_engine_store/bing/2026-10/aada5485aa03ef31c8d69cb2f5c5cf93a5a9aa3a.json.gz,2
https://www.propertytaxpartners.co.uk/services,https://propertytaxpartners.co.uk/,2026-10-10,docs/_engines/link_engine_store/bing/2026-10/155ef9301933f603b01c3b733214fdcb6b154129.json.gz,0
https://www.propertytaxpartners.co.uk/services/landlord-accountant,https://propertytaxpartners.co.uk/,2026-10-10,docs/_engines/link_engine_store/bing/2026-10/d3b9d8102e354f9e6c93b70ac3645143954344f9.json.gz,0
https://www.propertytaxpartners.co.uk/services/non-resident-landlord,https://propertytaxpartners.co.uk/,2026-10-10,docs/_engines/link_engine_store/bing/2026-10/750de9f8c4375077edfd15ebe922b3bee4d01420.json.gz,0
https://www.propertytaxpartners.co.uk/services/property-accountant,https://propertytaxpartners.co.uk/,2026-10-10,docs/_engines/link_engine_store/bing/2026-10/ec282dad51880a44eb7f9b1cc2c62a18064d03f7.json.gz,0
https://www.propertytaxpartners.co.uk/services/property-tax-advice,https://propertytaxpartners.co.uk/,2026-10-10,docs/_engines/link_engine_store/bing/2026-10/6170445b4b08d2c5644cb5d37c8e209fe67e937e.json.gz,0
https://www.propertytaxpartners.co.uk/spv-company,https://propertytaxpartners.co.uk/,2026-10-10,docs/_engines/link_engine_store/bing/2026-10/1cbfd97078b7e741fddcff709d45e292afa36077.json.gz,0
https://www.propertytaxpartners.co.uk/terms,https://propertytaxpartners.co.uk/,2026-10-10,docs/_engines/link_engine_store/bing/2026-10/47553aaee947d2ca8d53dd9282e2d6d84d80a1bf.json.gz,0
