case,stage,year,quarter,applicant,main_applicant_gender,other_applicant_gender,count,mean_weeks,median_weeks
Civil Partnership,Application,2022,,Joint,Female,Female,133,,
Civil Partnership,Application,2022,,Sole,Female,N/A,243,,
Civil Partnership,Application,2022,,Sole,Male,N/A,204,,
Civil Partnership,Application,2022,,Joint,Male,Female,22,,
Civil Partnership,Application,2022,,Joint,Female,Male,23,,
Civil Partnership,Application,2022,,Joint,Unknown,Unknown,19,,
Civil Partnership,Application,2022,,All,All,All,815,,
Civil Partnership,Application,2022,,Joint,All,All,337,,
Civil Partnership,Application,2022,,Sole,All,All,478,,
Civil Partnership,Application,2022,,All,Male,Male,325,,
Civil Partnership,Application,2022,,All,Unknown,Unknown,50,,
Civil Partnership,Application,2022,,All,Female,Female,352,,
Civil Partnership,Application,2022,,All,Male,Female,41,,
Civil Partnership,Application,2022,,Joint,Male,Male,140,,
Civil Partnership,Application,2022,,Sole,Unknown,N/A,31,,
Civil Partnership,Application,2022,,All,Female,Male,47,,
Civil Partnership,Application,2023,,Joint,Unknown,Unknown,24,,
Civil Partnership,Application,2023,,Joint,Female,Female,133,,
Civil Partnership,Application,2023,,Joint,Male,Female,57,,
Civil Partnership,Application,2023,,Joint,Male,Male,143,,
Civil Partnership,Application,2023,,Sole,Female,N/A,283,,
Civil Partnership,Application,2023,,All,All,All,954,,
Civil Partnership,Application,2023,,Joint,All,All,400,,
Civil Partnership,Application,2023,,Sole,All,All,554,,
Civil Partnership,Application,2023,,All,Male,Female,104,,
Civil Partnership,Application,2023,,All,Male,Male,343,,
Civil Partnership,Application,2023,,All,Female,Male,82,,
Civil Partnership,Application,2023,,All,Male,Unknown,1,,
Civil Partnership,Application,2023,,All,Unknown,Unknown,48,,
Civil Partnership,Application,2023,,All,Female,Female,376,,
Civil Partnership,Application,2023,,Joint,Male,Unknown,1,,
Civil Partnership,Application,2023,,Joint,Female,Male,42,,
Civil Partnership,Application,2023,,Sole,Male,N/A,247,,
Civil Partnership,Application,2023,,Sole,Unknown,N/A,24,,
Civil Partnership,Application,2024,,Joint,Unknown,Unknown,24,,
Civil Partnership,Application,2024,,Joint,Male,Male,155,,
Civil Partnership,Application,2024,,Sole,Male,N/A,236,,
Civil Partnership,Application,2024,,All,All,All,915,,
Civil Partnership,Application,2024,,Joint,All,All,413,,
Civil Partnership,Application,2024,,Sole,All,All,502,,
Civil Partnership,Application,2024,,All,Female,Male,118,,
Civil Partnership,Application,2024,,All,Female,Female,308,,
Civil Partnership,Application,2024,,All,Male,Female,120,,
Civil Partnership,Application,2024,,Joint,Male,Female,59,,
Civil Partnership,Application,2024,,Joint,Female,Male,60,,
Civil Partnership,Application,2024,,Joint,Female,Female,115,,
Civil Partnership,Application,2024,,Sole,Unknown,N/A,15,,
Civil Partnership,Application,2024,,Sole,Female,N/A,251,,
Civil Partnership,Application,2024,,All,Unknown,Unknown,39,,
Civil Partnership,Application,2024,,All,Male,Male,330,,
Civil Partnership,Application,2025,,Joint,Male,Female,88,,
Civil Partnership,Application,2025,,Joint,Unknown,Unknown,22,,
Civil Partnership,Application,2025,,Joint,Female,Female,125,,
Civil Partnership,Application,2025,,Joint,Female,Male,95,,
Civil Partnership,Application,2025,,All,All,All,941,,
Civil Partnership,Application,2025,,Joint,All,All,484,,
Civil Partnership,Application,2025,,Sole,All,All,457,,
Civil Partnership,Application,2025,,All,Female,Male,179,,
Civil Partnership,Application,2025,,All,Male,Female,171,,
Civil Partnership,Application,2025,,All,Female,Female,271,,
Civil Partnership,Application,2025,,Joint,Male,Male,154,,
Civil Partnership,Application,2025,,Sole,Male,N/A,214,,
Civil Partnership,Application,2025,,Sole,Female,N/A,230,,
Civil Partnership,Application,2025,,Sole,Unknown,N/A,13,,
Civil Partnership,Application,2025,,All,Male,Male,285,,
Civil Partnership,Application,2025,,All,Unknown,Unknown,35,,
Civil Partnership,Application,,2022 Q2,All,Unknown,Unknown,21,,
Civil Partnership,Application,,2022 Q2,Joint,Female,Male,7,,
Civil Partnership,Application,,2022 Q2,Joint,Female,Female,44,,
Civil Partnership,Application,,2022 Q2,Joint,Male,Female,5,,
Civil Partnership,Application,,2022 Q2,All,All,All,287,,
Civil Partnership,Application,,2022 Q2,All,Male,Female,11,,
Civil Partnership,Application,,2022 Q2,All,Male,Male,112,,
Civil Partnership,Application,,2022 Q2,Sole,Male,N/A,66,,
Civil Partnership,Application,,2022 Q2,All,Female,Male,17,,
Civil Partnership,Application,,2022 Q2,All,Female,Female,126,,
Civil Partnership,Application,,2022 Q2,Sole,Unknown,N/A,12,,
Civil Partnership,Application,,2022 Q2,Joint,Unknown,Unknown,9,,
Civil Partnership,Application,,2022 Q2,Sole,Female,N/A,92,,
Civil Partnership,Application,,2022 Q2,Joint,Male,Male,52,,
Civil Partnership,Application,,2022 Q2,Joint,All,All,117,,
Civil Partnership,Application,,2022 Q2,Sole,All,All,170,,
Civil Partnership,Application,,2022 Q3,All,Female,Female,121,,
Civil Partnership,Application,,2022 Q3,All,Male,Female,15,,
Civil Partnership,Application,,2022 Q3,Joint,Female,Female,48,,
Civil Partnership,Application,,2022 Q3,Joint,Female,Male,7,,
Civil Partnership,Application,,2022 Q3,Joint,Male,Female,8,,
Civil Partnership,Application,,2022 Q3,All,All,All,276,,
Civil Partnership,Application,,2022 Q3,All,Unknown,Unknown,18,,
Civil Partnership,Application,,2022 Q3,All,Male,Male,110,,
Civil Partnership,Application,,2022 Q3,Sole,Male,N/A,72,,
Civil Partnership,Application,,2022 Q3,All,Female,Male,12,,
Civil Partnership,Application,,2022 Q3,Joint,Male,Male,45,,
Civil Partnership,Application,,2022 Q3,Sole,Female,N/A,78,,
Civil Partnership,Application,,2022 Q3,Sole,Unknown,N/A,11,,
Civil Partnership,Application,,2022 Q3,Joint,Unknown,Unknown,7,,
Civil Partnership,Application,,2022 Q3,Joint,All,All,115,,
Civil Partnership,Application,,2022 Q3,Sole,All,All,161,,
Civil Partnership,Application,,2022 Q4,All,Female,Male,18,,
Civil Partnership,Application,,2022 Q4,All,Unknown,Unknown,11,,
Civil Partnership,Application,,2022 Q4,Joint,Male,Female,9,,
Civil Partnership,Application,,2022 Q4,Joint,Unknown,Unknown,3,,
Civil Partnership,Application,,2022 Q4,Joint,Female,Male,9,,
Civil Partnership,Application,,2022 Q4,All,All,All,252,,
Civil Partnership,Application,,2022 Q4,All,Male,Female,15,,
Civil Partnership,Application,,2022 Q4,All,Female,Female,105,,
Civil Partnership,Application,,2022 Q4,All,Male,Male,103,,
Civil Partnership,Application,,2022 Q4,Sole,Unknown,N/A,8,,
Civil Partnership,Application,,2022 Q4,Sole,Female,N/A,73,,
Civil Partnership,Application,,2022 Q4,Joint,Male,Male,43,,
Civil Partnership,Application,,2022 Q4,Sole,Male,N/A,66,,
Civil Partnership,Application,,2022 Q4,Joint,Female,Female,41,,
Civil Partnership,Application,,2022 Q4,Joint,All,All,105,,
Civil Partnership,Application,,2022 Q4,Sole,All,All,147,,
Civil Partnership,Application,,2023 Q1,Joint,Male,Unknown,1,,
Civil Partnership,Application,,2023 Q1,Joint,Female,Female,36,,
Civil Partnership,Application,,2023 Q1,Joint,Unknown,Unknown,7,,
Civil Partnership,Application,,2023 Q1,All,All,All,276,,
Civil Partnership,Application,,2023 Q1,Sole,Unknown,N/A,9,,
Civil Partnership,Application,,2023 Q1,All,Unknown,Unknown,16,,
Civil Partnership,Application,,2023 Q1,All,Male,Male,106,,
Civil Partnership,Application,,2023 Q1,All,Male,Female,19,,
Civil Partnership,Application,,2023 Q1,All,Female,Female,116,,
Civil Partnership,Application,,2023 Q1,All,Female,Male,18,,
Civil Partnership,Application,,2023 Q1,All,Male,Unknown,1,,
Civil Partnership,Application,,2023 Q1,Joint,Male,Male,46,,
Civil Partnership,Application,,2023 Q1,Joint,Female,Male,11,,
Civil Partnership,Application,,2023 Q1,Joint,Male,Female,11,,
Civil Partnership,Application,,2023 Q1,Joint,All,All,112,,
Civil Partnership,Application,,2023 Q1,Sole,All,All,164,,
Civil Partnership,Application,,2023 Q1,Sole,Male,N/A,68,,
Civil Partnership,Application,,2023 Q1,Sole,Female,N/A,87,,
Civil Partnership,Application,,2023 Q2,All,Female,Male,28,,
Civil Partnership,Application,,2023 Q2,All,Female,Female,102,,
Civil Partnership,Application,,2023 Q2,All,Unknown,Unknown,12,,
Civil Partnership,Application,,2023 Q2,All,All,All,249,,
Civil Partnership,Application,,2023 Q2,All,Male,Female,25,,
Civil Partnership,Application,,2023 Q2,All,Male,Male,82,,
Civil Partnership,Application,,2023 Q2,Sole,Male,N/A,65,,
Civil Partnership,Application,,2023 Q2,Sole,Female,N/A,73,,
Civil Partnership,Application,,2023 Q2,Joint,Female,Male,15,,
Civil Partnership,Application,,2023 Q2,Joint,Male,Female,12,,
Civil Partnership,Application,,2023 Q2,Joint,Male,Male,30,,
Civil Partnership,Application,,2023 Q2,Joint,Unknown,Unknown,5,,
Civil Partnership,Application,,2023 Q2,Joint,Female,Female,42,,
Civil Partnership,Application,,2023 Q2,Joint,All,All,104,,
Civil Partnership,Application,,2023 Q2,Sole,All,All,145,,
Civil Partnership,Application,,2023 Q2,Sole,Unknown,N/A,7,,
Civil Partnership,Application,,2023 Q3,Joint,Male,Female,13,,
Civil Partnership,Application,,2023 Q3,Joint,Male,Male,41,,
Civil Partnership,Application,,2023 Q3,All,All,All,225,,
Civil Partnership,Application,,2023 Q3,All,Female,Female,80,,
Civil Partnership,Application,,2023 Q3,All,Unknown,Unknown,10,,
Civil Partnership,Application,,2023 Q3,All,Female,Male,18,,
Civil Partnership,Application,,2023 Q3,All,Male,Male,93,,
Civil Partnership,Application,,2023 Q3,All,Male,Female,24,,
Civil Partnership,Application,,2023 Q3,Joint,Female,Male,8,,
Civil Partnership,Application,,2023 Q3,Joint,Unknown,Unknown,7,,
Civil Partnership,Application,,2023 Q3,Sole,Unknown,N/A,3,,
Civil Partnership,Application,,2023 Q3,Sole,Female,N/A,62,,
Civil Partnership,Application,,2023 Q3,Sole,Male,N/A,63,,
Civil Partnership,Application,,2023 Q3,Joint,Female,Female,28,,
Civil Partnership,Application,,2023 Q3,Joint,All,All,97,,
Civil Partnership,Application,,2023 Q3,Sole,All,All,128,,
Civil Partnership,Application,,2023 Q4,Joint,Male,Female,21,,
Civil Partnership,Application,,2023 Q4,Joint,Female,Male,8,,
Civil Partnership,Application,,2023 Q4,Joint,Unknown,Unknown,5,,
Civil Partnership,Application,,2023 Q4,All,All,All,204,,
Civil Partnership,Application,,2023 Q4,All,Male,Female,36,,
Civil Partnership,Application,,2023 Q4,All,Female,Female,78,,
Civil Partnership,Application,,2023 Q4,All,Female,Male,18,,
Civil Partnership,Application,,2023 Q4,All,Unknown,Unknown,10,,
Civil Partnership,Application,,2023 Q4,Sole,Female,N/A,61,,
Civil Partnership,Application,,2023 Q4,Sole,Male,N/A,51,,
Civil Partnership,Application,,2023 Q4,All,Male,Male,62,,
Civil Partnership,Application,,2023 Q4,Joint,Female,Female,27,,
Civil Partnership,Application,,2023 Q4,Sole,Unknown,N/A,5,,
Civil Partnership,Application,,2023 Q4,Joint,Male,Male,26,,
Civil Partnership,Application,,2023 Q4,Joint,All,All,87,,
Civil Partnership,Application,,2023 Q4,Sole,All,All,117,,
Civil Partnership,Application,,2024 Q1,All,Unknown,Unknown,12,,
Civil Partnership,Application,,2024 Q1,Joint,Male,Male,38,,
Civil Partnership,Application,,2024 Q1,Joint,Female,Male,15,,
Civil Partnership,Application,,2024 Q1,Joint,Unknown,Unknown,6,,
Civil Partnership,Application,,2024 Q1,All,All,All,220,,
Civil Partnership,Application,,2024 Q1,Sole,Male,N/A,61,,
Civil Partnership,Application,,2024 Q1,All,Female,Female,67,,
Civil Partnership,Application,,2024 Q1,All,Female,Male,31,,
Civil Partnership,Application,,2024 Q1,All,Male,Male,82,,
Civil Partnership,Application,,2024 Q1,All,Male,Female,28,,
Civil Partnership,Application,,2024 Q1,Joint,Female,Female,22,,
Civil Partnership,Application,,2024 Q1,Joint,Male,Female,11,,
Civil Partnership,Application,,2024 Q1,Sole,Female,N/A,61,,
Civil Partnership,Application,,2024 Q1,Joint,All,All,92,,
Civil Partnership,Application,,2024 Q1,Sole,All,All,128,,
Civil Partnership,Application,,2024 Q1,Sole,Unknown,N/A,6,,
Civil Partnership,Application,,2024 Q2,All,Male,Male,87,,
Civil Partnership,Application,,2024 Q2,Joint,Unknown,Unknown,7,,
Civil Partnership,Application,,2024 Q2,Joint,Male,Male,46,,
Civil Partnership,Application,,2024 Q2,All,All,All,245,,
Civil Partnership,Application,,2024 Q2,All,Unknown,Unknown,11,,
Civil Partnership,Application,,2024 Q2,All,Male,Female,29,,
Civil Partnership,Application,,2024 Q2,Sole,Female,N/A,71,,
Civil Partnership,Application,,2024 Q2,All,Female,Female,90,,
Civil Partnership,Application,,2024 Q2,All,Female,Male,28,,
Civil Partnership,Application,,2024 Q2,Joint,Female,Female,34,,
Civil Partnership,Application,,2024 Q2,Sole,Unknown,N/A,4,,
Civil Partnership,Application,,2024 Q2,Sole,Male,N/A,51,,
Civil Partnership,Application,,2024 Q2,Joint,Male,Female,19,,
Civil Partnership,Application,,2024 Q2,Joint,Female,Male,13,,
Civil Partnership,Application,,2024 Q2,Joint,All,All,119,,
Civil Partnership,Application,,2024 Q2,Sole,All,All,126,,
Civil Partnership,Application,,2024 Q3,All,Male,Female,33,,
Civil Partnership,Application,,2024 Q3,Joint,Male,Male,43,,
Civil Partnership,Application,,2024 Q3,Joint,Female,Male,21,,
Civil Partnership,Application,,2024 Q3,All,All,All,245,,
Civil Partnership,Application,,2024 Q3,All,Female,Female,75,,
Civil Partnership,Application,,2024 Q3,All,Unknown,Unknown,9,,
Civil Partnership,Application,,2024 Q3,Sole,Male,N/A,68,,
Civil Partnership,Application,,2024 Q3,All,Female,Male,37,,
Civil Partnership,Application,,2024 Q3,All,Male,Male,91,,
Civil Partnership,Application,,2024 Q3,Joint,Female,Female,29,,
Civil Partnership,Application,,2024 Q3,Sole,Unknown,N/A,3,,
Civil Partnership,Application,,2024 Q3,Joint,Unknown,Unknown,6,,
Civil Partnership,Application,,2024 Q3,Joint,Male,Female,13,,
Civil Partnership,Application,,2024 Q3,Joint,All,All,112,,
Civil Partnership,Application,,2024 Q3,Sole,All,All,133,,
Civil Partnership,Application,,2024 Q3,Sole,Female,N/A,62,,
Civil Partnership,Application,,2024 Q4,All,Unknown,Unknown,7,,
Civil Partnership,Application,,2024 Q4,All,Female,Male,22,,
Civil Partnership,Application,,2024 Q4,Joint,Male,Female,16,,
Civil Partnership,Application,,2024 Q4,All,All,All,205,,
Civil Partnership,Application,,2024 Q4,Sole,Unknown,N/A,2,,
Civil Partnership,Application,,2024 Q4,Sole,Female,N/A,57,,
Civil Partnership,Application,,2024 Q4,All,Male,Female,30,,
Civil Partnership,Application,,2024 Q4,All,Female,Female,76,,
Civil Partnership,Application,,2024 Q4,All,Male,Male,70,,
Civil Partnership,Application,,2024 Q4,Joint,Female,Male,11,,
Civil Partnership,Application,,2024 Q4,Joint,Male,Male,28,,
Civil Partnership,Application,,2024 Q4,Sole,Male,N/A,56,,
Civil Partnership,Application,,2024 Q4,Joint,Female,Female,30,,
Civil Partnership,Application,,2024 Q4,Joint,Unknown,Unknown,5,,
Civil Partnership,Application,,2024 Q4,Joint,All,All,90,,
Civil Partnership,Application,,2024 Q4,Sole,All,All,115,,
Civil Partnership,Application,,2025 Q1,All,Male,Female,40,,
Civil Partnership,Application,,2025 Q1,All,Female,Female,79,,
Civil Partnership,Application,,2025 Q1,Joint,Female,Male,27,,
Civil Partnership,Application,,2025 Q1,Joint,Male,Female,20,,
Civil Partnership,Application,,2025 Q1,Joint,Male,Male,42,,
Civil Partnership,Application,,2025 Q1,All,All,All,248,,
Civil Partnership,Application,,2025 Q1,All,Unknown,Unknown,11,,
Civil Partnership,Application,,2025 Q1,All,Female,Male,42,,
Civil Partnership,Application,,2025 Q1,All,Male,Male,76,,
Civil Partnership,Application,,2025 Q1,Sole,Female,N/A,57,,
Civil Partnership,Application,,2025 Q1,Sole,Male,N/A,54,,
Civil Partnership,Application,,2025 Q1,Sole,Unknown,N/A,5,,
Civil Partnership,Application,,2025 Q1,Joint,Female,Female,37,,
Civil Partnership,Application,,2025 Q1,Joint,Unknown,Unknown,6,,
Civil Partnership,Application,,2025 Q1,Joint,All,All,132,,
Civil Partnership,Application,,2025 Q1,Sole,All,All,116,,
Civil Partnership,Application,,2025 Q2,All,Male,Female,32,,
Civil Partnership,Application,,2025 Q2,Joint,Unknown,Unknown,11,,
Civil Partnership,Application,,2025 Q2,Joint,Female,Female,31,,
Civil Partnership,Application,,2025 Q2,All,All,All,224,,
Civil Partnership,Application,,2025 Q2,All,Female,Female,71,,
Civil Partnership,Application,,2025 Q2,All,Unknown,Unknown,12,,
Civil Partnership,Application,,2025 Q2,Sole,Female,N/A,59,,
Civil Partnership,Application,,2025 Q2,All,Male,Male,66,,
Civil Partnership,Application,,2025 Q2,Sole,Unknown,N/A,1,,
Civil Partnership,Application,,2025 Q2,All,Female,Male,43,,
Civil Partnership,Application,,2025 Q2,Joint,Male,Female,14,,
Civil Partnership,Application,,2025 Q2,Joint,Female,Male,24,,
Civil Partnership,Application,,2025 Q2,Sole,Male,N/A,48,,
Civil Partnership,Application,,2025 Q2,Joint,Male,Male,36,,
Civil Partnership,Application,,2025 Q2,Joint,All,All,116,,
Civil Partnership,Application,,2025 Q2,Sole,All,All,108,,
Civil Partnership,Application,,2025 Q3,All,Male,Male,77,,
Civil Partnership,Application,,2025 Q3,Joint,Unknown,Unknown,2,,
Civil Partnership,Application,,2025 Q3,Joint,Female,Male,20,,
Civil Partnership,Application,,2025 Q3,Joint,Male,Female,28,,
Civil Partnership,Application,,2025 Q3,Joint,Female,Female,33,,
Civil Partnership,Application,,2025 Q3,All,All,All,255,,
Civil Partnership,Application,,2025 Q3,All,Unknown,Unknown,5,,
Civil Partnership,Application,,2025 Q3,Sole,Female,N/A,71,,
Civil Partnership,Application,,2025 Q3,Sole,Male,N/A,58,,
Civil Partnership,Application,,2025 Q3,Sole,Unknown,N/A,3,,
Civil Partnership,Application,,2025 Q3,All,Female,Female,75,,
Civil Partnership,Application,,2025 Q3,All,Male,Female,49,,
Civil Partnership,Application,,2025 Q3,All,Female,Male,49,,
Civil Partnership,Application,,2025 Q3,Joint,Male,Male,40,,
Civil Partnership,Application,,2025 Q3,Joint,All,All,123,,
Civil Partnership,Application,,2025 Q3,Sole,All,All,132,,
Civil Partnership,Application,,2025 Q4,All,Male,Male,66,,
Civil Partnership,Application,,2025 Q4,All,Female,Male,45,,
Civil Partnership,Application,,2025 Q4,Joint,Female,Male,24,,
Civil Partnership,Application,,2025 Q4,Joint,Male,Female,26,,
Civil Partnership,Application,,2025 Q4,All,All,All,214,,
Civil Partnership,Application,,2025 Q4,Sole,Male,N/A,54,,
Civil Partnership,Application,,2025 Q4,All,Unknown,Unknown,7,,
Civil Partnership,Application,,2025 Q4,All,Female,Female,46,,
Civil Partnership,Application,,2025 Q4,All,Male,Female,50,,
Civil Partnership,Application,,2025 Q4,Sole,Female,N/A,43,,
Civil Partnership,Application,,2025 Q4,Joint,Unknown,Unknown,3,,
Civil Partnership,Application,,2025 Q4,Joint,Male,Male,36,,
Civil Partnership,Application,,2025 Q4,Joint,Female,Female,24,,
Civil Partnership,Application,,2025 Q4,Joint,All,All,113,,
Civil Partnership,Application,,2025 Q4,Sole,All,All,101,,
Civil Partnership,Application,,2025 Q4,Sole,Unknown,N/A,4,,
Civil Partnership,Conditional Order,2022,,All,All,All,175,27.713,27.143
Civil Partnership,Conditional Order,2022,,Sole,All,All,91,28.207,27.857
Civil Partnership,Conditional Order,2022,,Joint,All,All,84,27.177,26.857
Civil Partnership,Conditional Order,2023,,All,All,All,843,31.746,28.143
Civil Partnership,Conditional Order,2023,,Sole,All,All,459,33.263,29.571
Civil Partnership,Conditional Order,2023,,Joint,All,All,384,29.933,26.929
Civil Partnership,Conditional Order,2024,,All,All,All,845,35.494,29.714
Civil Partnership,Conditional Order,2024,,Sole,All,All,457,37.923,31
Civil Partnership,Conditional Order,2024,,Joint,All,All,388,32.632,28.286
Civil Partnership,Conditional Order,2025,,All,All,All,980,37.095,30.429
Civil Partnership,Conditional Order,2025,,Joint,All,All,467,32.4,29.429
Civil Partnership,Conditional Order,2025,,Sole,All,All,513,41.368,32.143
Civil Partnership,Conditional Order,,2022 Q3,Sole,All,All,1,24.143,24.143
Civil Partnership,Conditional Order,,2022 Q3,All,All,All,1,24.143,24.143
Civil Partnership,Conditional Order,,2022 Q4,Sole,All,All,90,28.252,27.857
Civil Partnership,Conditional Order,,2022 Q4,Joint,All,All,84,27.177,26.857
Civil Partnership,Conditional Order,,2022 Q4,All,All,All,174,27.733,27.214
Civil Partnership,Conditional Order,,2023 Q1,Joint,All,All,119,29.226,27.714
Civil Partnership,Conditional Order,,2023 Q1,Sole,All,All,123,30.102,28.571
Civil Partnership,Conditional Order,,2023 Q1,All,All,All,242,29.671,28
Civil Partnership,Conditional Order,,2023 Q2,Sole,All,All,122,30.08,26.857
Civil Partnership,Conditional Order,,2023 Q2,Joint,All,All,101,27.156,25
Civil Partnership,Conditional Order,,2023 Q2,All,All,All,223,28.755,25.857
Civil Partnership,Conditional Order,,2023 Q3,Joint,All,All,82,31.409,26.857
Civil Partnership,Conditional Order,,2023 Q3,Sole,All,All,104,35.444,30.286
Civil Partnership,Conditional Order,,2023 Q3,All,All,All,186,33.665,28.143
Civil Partnership,Conditional Order,,2023 Q4,Joint,All,All,82,32.902,27.143
Civil Partnership,Conditional Order,,2023 Q4,Sole,All,All,110,38.265,32.5
Civil Partnership,Conditional Order,,2023 Q4,All,All,All,192,35.975,30.714
Civil Partnership,Conditional Order,,2024 Q1,Joint,All,All,97,32.574,28.429
Civil Partnership,Conditional Order,,2024 Q1,Sole,All,All,149,39.014,34.286
Civil Partnership,Conditional Order,,2024 Q1,All,All,All,246,36.475,31.643
Civil Partnership,Conditional Order,,2024 Q2,Joint,All,All,125,33.781,29.429
Civil Partnership,Conditional Order,,2024 Q2,Sole,All,All,130,37.532,29.786
Civil Partnership,Conditional Order,,2024 Q2,All,All,All,255,35.693,29.571
Civil Partnership,Conditional Order,,2024 Q3,Sole,All,All,122,35.466,27.357
Civil Partnership,Conditional Order,,2024 Q3,Joint,All,All,93,32.432,27
Civil Partnership,Conditional Order,,2024 Q3,All,All,All,215,34.153,27.143
Civil Partnership,Conditional Order,,2024 Q4,Joint,All,All,73,30.998,28.286
Civil Partnership,Conditional Order,,2024 Q4,Sole,All,All,56,41.281,32.786
Civil Partnership,Conditional Order,,2024 Q4,All,All,All,129,35.462,29.857
Civil Partnership,Conditional Order,,2025 Q1,Sole,All,All,123,42.596,34.286
Civil Partnership,Conditional Order,,2025 Q1,Joint,All,All,96,33.146,30.429
Civil Partnership,Conditional Order,,2025 Q1,All,All,All,219,38.453,32.714
Civil Partnership,Conditional Order,,2025 Q2,Sole,All,All,139,40.264,33.857
Civil Partnership,Conditional Order,,2025 Q2,Joint,All,All,122,34.959,31.143
Civil Partnership,Conditional Order,,2025 Q2,All,All,All,261,37.784,32
Civil Partnership,Conditional Order,,2025 Q3,Sole,All,All,140,42.351,30
Civil Partnership,Conditional Order,,2025 Q3,Joint,All,All,130,32.089,28.214
Civil Partnership,Conditional Order,,2025 Q3,All,All,All,270,37.41,28.571
Civil Partnership,Conditional Order,,2025 Q4,Joint,All,All,119,29.515,27.857
Civil Partnership,Conditional Order,,2025 Q4,Sole,All,All,111,40.152,28.857
Civil Partnership,Conditional Order,,2025 Q4,All,All,All,230,34.648,27.857
Civil Partnership,Final Order,2022,,All,All,All,54,32.997,32.643
Civil Partnership,Final Order,2022,,Sole,All,All,21,33.252,33
Civil Partnership,Final Order,2022,,Joint,All,All,33,32.835,32.571
Civil Partnership,Final Order,2023,,All,All,All,773,39.099,35
Civil Partnership,Final Order,2023,,Sole,All,All,416,40.171,35.857
Civil Partnership,Final Order,2023,,Joint,All,All,357,37.849,34
Civil Partnership,Final Order,2024,,All,All,All,796,46.453,38.429
Civil Partnership,Final Order,2024,,Sole,All,All,435,49.022,41.143
Civil Partnership,Final Order,2024,,Joint,All,All,361,43.358,37.143
Civil Partnership,Final Order,2025,,All,All,All,912,50.105,39.714
Civil Partnership,Final Order,2025,,Joint,All,All,438,45.019,37.571
Civil Partnership,Final Order,2025,,Sole,All,All,474,54.793,42.286
Civil Partnership,Final Order,,2022 Q4,Sole,All,All,21,33.252,33
Civil Partnership,Final Order,,2022 Q4,Joint,All,All,33,32.835,32.571
Civil Partnership,Final Order,,2022 Q4,All,All,All,54,32.997,32.643
Civil Partnership,Final Order,,2023 Q1,Sole,All,All,109,35.929,34.429
Civil Partnership,Final Order,,2023 Q1,Joint,All,All,83,35.542,34
Civil Partnership,Final Order,,2023 Q1,All,All,All,192,35.762,34.286
Civil Partnership,Final Order,,2023 Q2,Joint,All,All,99,35.701,33.429
Civil Partnership,Final Order,,2023 Q2,Sole,All,All,91,37.973,35.143
Civil Partnership,Final Order,,2023 Q2,All,All,All,190,36.789,34.071
Civil Partnership,Final Order,,2023 Q3,Joint,All,All,91,36.628,32.714
Civil Partnership,Final Order,,2023 Q3,Sole,All,All,125,40.837,36.429
Civil Partnership,Final Order,,2023 Q3,All,All,All,216,39.063,34.357
Civil Partnership,Final Order,,2023 Q4,Sole,All,All,91,46.534,38.429
Civil Partnership,Final Order,,2023 Q4,Joint,All,All,84,43.983,38.214
Civil Partnership,Final Order,,2023 Q4,All,All,All,175,45.309,38.429
Civil Partnership,Final Order,,2024 Q1,Joint,All,All,76,44.389,37.786
Civil Partnership,Final Order,,2024 Q1,Sole,All,All,124,49.546,42.929
Civil Partnership,Final Order,,2024 Q1,All,All,All,200,47.586,42.143
Civil Partnership,Final Order,,2024 Q2,Joint,All,All,102,40.777,36.071
Civil Partnership,Final Order,,2024 Q2,Sole,All,All,117,47.632,40.143
Civil Partnership,Final Order,,2024 Q2,All,All,All,219,44.44,38.286
Civil Partnership,Final Order,,2024 Q3,Sole,All,All,108,48.365,39.429
Civil Partnership,Final Order,,2024 Q3,Joint,All,All,97,44.152,38
Civil Partnership,Final Order,,2024 Q3,All,All,All,205,46.371,38.143
Civil Partnership,Final Order,,2024 Q4,Joint,All,All,86,44.611,35.714
Civil Partnership,Final Order,,2024 Q4,Sole,All,All,86,50.982,39
Civil Partnership,Final Order,,2024 Q4,All,All,All,172,47.797,37
Civil Partnership,Final Order,,2025 Q1,Joint,All,All,87,44.191,38.5
Civil Partnership,Final Order,,2025 Q1,Sole,All,All,80,56.439,43.071
Civil Partnership,Final Order,,2025 Q1,All,All,All,167,50.094,40.929
Civil Partnership,Final Order,,2025 Q2,Sole,All,All,131,56.586,45.429
Civil Partnership,Final Order,,2025 Q2,Joint,All,All,97,48.134,40.714
Civil Partnership,Final Order,,2025 Q2,All,All,All,228,52.99,42.286
Civil Partnership,Final Order,,2025 Q3,Joint,All,All,124,43.929,38
Civil Partnership,Final Order,,2025 Q3,Sole,All,All,140,53.467,40.929
Civil Partnership,Final Order,,2025 Q3,All,All,All,264,48.987,39.429
Civil Partnership,Final Order,,2025 Q4,Joint,All,All,130,44.282,35.286
Civil Partnership,Final Order,,2025 Q4,Sole,All,All,123,53.323,37.286
Civil Partnership,Final Order,,2025 Q4,All,All,All,253,48.678,36
Divorce,Application,2022,,Joint,Female,Male,10339,,
Divorce,Application,2022,,Sole,Unknown,N/A,2693,,
Divorce,Application,2022,,Sole,Male,N/A,25478,,
Divorce,Application,2022,,Joint,Unknown,Male,3,,
Divorce,Application,2022,,Joint,Female,Unknown,1,,
Divorce,Application,2022,,Joint,Male,Female,7911,,
Divorce,Application,2022,,All,All,All,91056,,
Divorce,Application,2022,,Joint,All,All,19565,,
Divorce,Application,2022,,Sole,All,All,71491,,
Divorce,Application,2022,,All,Female,Female,1016,,
Divorce,Application,2022,,All,Male,Unknown,11,,
Divorce,Application,2022,,All,Male,Female,33029,,
Divorce,Application,2022,,All,Unknown,Unknown,3441,,
Divorce,Application,2022,,All,Unknown,Female,19,,
Divorce,Application,2022,,All,Female,Male,52937,,
Divorce,Application,2022,,All,Male,Male,574,,
Divorce,Application,2022,,All,Female,Unknown,8,,
Divorce,Application,2022,,Joint,Female,Female,301,,
Divorce,Application,2022,,Joint,Male,Unknown,3,,
Divorce,Application,2022,,Joint,Male,Male,222,,
Divorce,Application,2022,,Sole,Female,N/A,43320,,
Divorce,Application,2022,,All,Unknown,Male,21,,
Divorce,Application,2022,,Joint,Unknown,Unknown,785,,
Divorce,Application,2023,,Joint,Male,Male,236,,
Divorce,Application,2023,,Joint,Female,Male,13308,,
Divorce,Application,2023,,Joint,Female,Unknown,3,,
Divorce,Application,2023,,All,All,All,112119,,
Divorce,Application,2023,,Joint,All,All,26025,,
Divorce,Application,2023,,Sole,All,All,86094,,
Divorce,Application,2023,,All,Female,Unknown,14,,
Divorce,Application,2023,,All,Unknown,Female,15,,
Divorce,Application,2023,,All,Unknown,Unknown,5491,,
Divorce,Application,2023,,All,Female,Female,1380,,
Divorce,Application,2023,,All,Male,Unknown,11,,
Divorce,Application,2023,,All,Unknown,Male,13,,
Divorce,Application,2023,,All,Male,Male,677,,
Divorce,Application,2023,,All,Female,Male,64426,,
Divorce,Application,2023,,Joint,Unknown,Unknown,1692,,
Divorce,Application,2023,,Joint,Female,Female,440,,
Divorce,Application,2023,,Joint,Male,Unknown,3,,
Divorce,Application,2023,,Joint,Unknown,Male,1,,
Divorce,Application,2023,,Sole,Unknown,N/A,3826,,
Divorce,Application,2023,,Sole,Male,N/A,30199,,
Divorce,Application,2023,,Sole,Female,N/A,52069,,
Divorce,Application,2023,,All,Male,Female,40092,,
Divorce,Application,2023,,Joint,Male,Female,10342,,
Divorce,Application,2024,,Joint,Female,Male,14336,,
Divorce,Application,2024,,Joint,Male,Male,259,,
Divorce,Application,2024,,Joint,Male,Unknown,2,,
Divorce,Application,2024,,Sole,Male,N/A,29017,,
Divorce,Application,2024,,Joint,Unknown,Unknown,1159,,
Divorce,Application,2024,,Joint,Female,Female,479,,
Divorce,Application,2024,,All,All,All,109513,,
Divorce,Application,2024,,Joint,All,All,27038,,
Divorce,Application,2024,,Sole,All,All,82475,,
Divorce,Application,2024,,All,Unknown,Female,6,,
Divorce,Application,2024,,All,Female,Male,64207,,
Divorce,Application,2024,,All,Unknown,Male,6,,
Divorce,Application,2024,,All,Unknown,Unknown,3775,,
Divorce,Application,2024,,All,Female,Unknown,12,,
Divorce,Application,2024,,All,Male,Male,680,,
Divorce,Application,2024,,All,Female,Female,1429,,
Divorce,Application,2024,,All,Male,Female,39394,,
Divorce,Application,2024,,Joint,Male,Female,10800,,
Divorce,Application,2024,,Joint,Female,Unknown,2,,
Divorce,Application,2024,,Joint,Unknown,Male,1,,
Divorce,Application,2024,,Sole,Female,N/A,50831,,
Divorce,Application,2024,,Sole,Unknown,N/A,2627,,
Divorce,Application,2024,,All,Male,Unknown,4,,
Divorce,Application,2025,,Sole,Unknown,N/A,1513,,
Divorce,Application,2025,,Joint,Female,Unknown,6,,
Divorce,Application,2025,,Joint,Male,Unknown,1,,
Divorce,Application,2025,,All,All,All,108243,,
Divorce,Application,2025,,Joint,All,All,28931,,
Divorce,Application,2025,,Sole,All,All,79312,,
Divorce,Application,2025,,All,Female,Male,64016,,
Divorce,Application,2025,,All,Unknown,Unknown,2329,,
Divorce,Application,2025,,All,Male,Female,39467,,
Divorce,Application,2025,,All,Unknown,Male,2,,
Divorce,Application,2025,,All,Male,Unknown,4,,
Divorce,Application,2025,,All,Female,Female,1587,,
Divorce,Application,2025,,All,Male,Male,824,,
Divorce,Application,2025,,All,Unknown,Female,2,,
Divorce,Application,2025,,All,Female,Unknown,12,,
Divorce,Application,2025,,Joint,Female,Male,15319,,
Divorce,Application,2025,,Joint,Female,Female,565,,
Divorce,Application,2025,,Joint,Male,Female,11928,,
Divorce,Application,2025,,Joint,Male,Male,292,,
Divorce,Application,2025,,Joint,Unknown,Unknown,820,,
Divorce,Application,2025,,Sole,Male,N/A,28074,,
Divorce,Application,2025,,Sole,Female,N/A,49725,,
Divorce,Application,,2022 Q2,All,Unknown,Male,11,,
Divorce,Application,,2022 Q2,All,Female,Unknown,1,,
Divorce,Application,,2022 Q2,Joint,Female,Male,4020,,
Divorce,Application,,2022 Q2,Joint,Male,Female,2941,,
Divorce,Application,,2022 Q2,All,All,All,34810,,
Divorce,Application,,2022 Q2,All,Male,Female,12427,,
Divorce,Application,,2022 Q2,All,Male,Unknown,2,,
Divorce,Application,,2022 Q2,Sole,Unknown,N/A,859,,
Divorce,Application,,2022 Q2,All,Unknown,Female,8,,
Divorce,Application,,2022 Q2,All,Male,Male,231,,
Divorce,Application,,2022 Q2,Sole,Female,N/A,16939,,
Divorce,Application,,2022 Q2,All,Female,Male,20681,,
Divorce,Application,,2022 Q2,All,Female,Female,408,,
Divorce,Application,,2022 Q2,All,Unknown,Unknown,1041,,
Divorce,Application,,2022 Q2,Joint,Female,Female,131,,
Divorce,Application,,2022 Q2,Joint,Unknown,Unknown,201,,
Divorce,Application,,2022 Q2,Sole,Male,N/A,9631,,
Divorce,Application,,2022 Q2,Joint,Male,Male,88,,
Divorce,Application,,2022 Q2,Joint,All,All,7381,,
Divorce,Application,,2022 Q2,Sole,All,All,27429,,
Divorce,Application,,2022 Q3,All,Unknown,Female,7,,
Divorce,Application,,2022 Q3,All,Female,Female,320,,
Divorce,Application,,2022 Q3,Joint,Male,Female,2713,,
Divorce,Application,,2022 Q3,Joint,Female,Unknown,1,,
Divorce,Application,,2022 Q3,Joint,Unknown,Male,2,,
Divorce,Application,,2022 Q3,Joint,Female,Female,85,,
Divorce,Application,,2022 Q3,Joint,Male,Unknown,1,,
Divorce,Application,,2022 Q3,All,All,All,30750,,
Divorce,Application,,2022 Q3,All,Male,Unknown,4,,
Divorce,Application,,2022 Q3,All,Female,Unknown,3,,
Divorce,Application,,2022 Q3,All,Unknown,Male,6,,
Divorce,Application,,2022 Q3,All,Unknown,Unknown,1299,,
Divorce,Application,,2022 Q3,All,Male,Male,190,,
Divorce,Application,,2022 Q3,Sole,Female,N/A,14578,,
Divorce,Application,,2022 Q3,Sole,Unknown,N/A,997,,
Divorce,Application,,2022 Q3,All,Female,Male,17792,,
Divorce,Application,,2022 Q3,All,Male,Female,11129,,
Divorce,Application,,2022 Q3,Joint,Female,Male,3451,,
Divorce,Application,,2022 Q3,Sole,Male,N/A,8538,,
Divorce,Application,,2022 Q3,Joint,Male,Male,71,,
Divorce,Application,,2022 Q3,Joint,Unknown,Unknown,313,,
Divorce,Application,,2022 Q3,Joint,All,All,6637,,
Divorce,Application,,2022 Q3,Sole,All,All,24113,,
Divorce,Application,,2022 Q4,All,Male,Male,153,,
Divorce,Application,,2022 Q4,All,Female,Male,14464,,
Divorce,Application,,2022 Q4,Joint,Female,Female,85,,
Divorce,Application,,2022 Q4,Joint,Unknown,Unknown,271,,
Divorce,Application,,2022 Q4,Joint,Male,Unknown,2,,
Divorce,Application,,2022 Q4,Joint,Male,Male,63,,
Divorce,Application,,2022 Q4,All,All,All,25496,,
Divorce,Application,,2022 Q4,All,Unknown,Male,4,,
Divorce,Application,,2022 Q4,All,Male,Unknown,5,,
Divorce,Application,,2022 Q4,All,Male,Female,9473,,
Divorce,Application,,2022 Q4,All,Female,Unknown,4,,
Divorce,Application,,2022 Q4,All,Female,Female,288,,
Divorce,Application,,2022 Q4,Sole,Male,N/A,7309,,
Divorce,Application,,2022 Q4,All,Unknown,Unknown,1101,,
Divorce,Application,,2022 Q4,Sole,Female,N/A,11803,,
Divorce,Application,,2022 Q4,All,Unknown,Female,4,,
Divorce,Application,,2022 Q4,Joint,Female,Male,2868,,
Divorce,Application,,2022 Q4,Sole,Unknown,N/A,837,,
Divorce,Application,,2022 Q4,Joint,Male,Female,2257,,
Divorce,Application,,2022 Q4,Joint,Unknown,Male,1,,
Divorce,Application,,2022 Q4,Joint,All,All,5547,,
Divorce,Application,,2022 Q4,Sole,All,All,19949,,
Divorce,Application,,2023 Q1,All,Male,Female,11134,,
Divorce,Application,,2023 Q1,All,Female,Unknown,2,,
Divorce,Application,,2023 Q1,All,Unknown,Female,3,,
Divorce,Application,,2023 Q1,Joint,Female,Male,3740,,
Divorce,Application,,2023 Q1,Joint,Unknown,Unknown,422,,
Divorce,Application,,2023 Q1,Joint,Male,Female,2857,,
Divorce,Application,,2023 Q1,All,All,All,31155,,
Divorce,Application,,2023 Q1,All,Female,Female,377,,
Divorce,Application,,2023 Q1,All,Male,Unknown,3,,
Divorce,Application,,2023 Q1,All,Unknown,Unknown,1379,,
Divorce,Application,,2023 Q1,All,Male,Male,191,,
Divorce,Application,,2023 Q1,Sole,Unknown,N/A,962,,
Divorce,Application,,2023 Q1,All,Unknown,Male,3,,
Divorce,Application,,2023 Q1,All,Female,Male,18063,,
Divorce,Application,,2023 Q1,Joint,Male,Male,72,,
Divorce,Application,,2023 Q1,Sole,Male,N/A,8398,,
Divorce,Application,,2023 Q1,Sole,Female,N/A,14579,,
Divorce,Application,,2023 Q1,Joint,Female,Female,123,,
Divorce,Application,,2023 Q1,Joint,Unknown,Male,1,,
Divorce,Application,,2023 Q1,Joint,Male,Unknown,1,,
Divorce,Application,,2023 Q1,Joint,All,All,7216,,
Divorce,Application,,2023 Q1,Sole,All,All,23939,,
Divorce,Application,,2023 Q2,All,Unknown,Unknown,1442,,
Divorce,Application,,2023 Q2,All,Female,Unknown,3,,
Divorce,Application,,2023 Q2,All,Male,Female,9996,,
Divorce,Application,,2023 Q2,All,Male,Unknown,2,,
Divorce,Application,,2023 Q2,Joint,Female,Unknown,2,,
Divorce,Application,,2023 Q2,Joint,Female,Male,3308,,
Divorce,Application,,2023 Q2,All,All,All,27973,,
Divorce,Application,,2023 Q2,All,Unknown,Male,2,,
Divorce,Application,,2023 Q2,All,Female,Male,16036,,
Divorce,Application,,2023 Q2,Sole,Female,N/A,12959,,
Divorce,Application,,2023 Q2,Sole,Male,N/A,7568,,
Divorce,Application,,2023 Q2,All,Male,Male,146,,
Divorce,Application,,2023 Q2,All,Unknown,Female,5,,
Divorce,Application,,2023 Q2,All,Female,Female,341,,
Divorce,Application,,2023 Q2,Sole,Unknown,N/A,1008,,
Divorce,Application,,2023 Q2,Joint,Unknown,Unknown,441,,
Divorce,Application,,2023 Q2,Joint,Male,Female,2530,,
Divorce,Application,,2023 Q2,Joint,Female,Female,111,,
Divorce,Application,,2023 Q2,Joint,Male,Male,46,,
Divorce,Application,,2023 Q2,Joint,All,All,6438,,
Divorce,Application,,2023 Q2,Sole,All,All,21535,,
Divorce,Application,,2023 Q3,Joint,Male,Unknown,1,,
Divorce,Application,,2023 Q3,Joint,Unknown,Unknown,437,,
Divorce,Application,,2023 Q3,Joint,Male,Male,79,,
Divorce,Application,,2023 Q3,All,All,All,28540,,
Divorce,Application,,2023 Q3,All,Female,Unknown,4,,
Divorce,Application,,2023 Q3,Sole,Unknown,N/A,971,,
Divorce,Application,,2023 Q3,All,Male,Unknown,3,,
Divorce,Application,,2023 Q3,All,Male,Female,10216,,
Divorce,Application,,2023 Q3,All,Unknown,Female,3,,
Divorce,Application,,2023 Q3,Sole,Female,N/A,13236,,
Divorce,Application,,2023 Q3,All,Female,Male,16341,,
Divorce,Application,,2023 Q3,All,Male,Male,204,,
Divorce,Application,,2023 Q3,All,Unknown,Unknown,1401,,
Divorce,Application,,2023 Q3,All,Unknown,Male,4,,
Divorce,Application,,2023 Q3,All,Female,Female,364,,
Divorce,Application,,2023 Q3,Sole,Male,N/A,7678,,
Divorce,Application,,2023 Q3,Joint,Female,Male,3356,,
Divorce,Application,,2023 Q3,Joint,Female,Female,117,,
Divorce,Application,,2023 Q3,Joint,Male,Female,2665,,
Divorce,Application,,2023 Q3,Joint,All,All,6655,,
Divorce,Application,,2023 Q3,Sole,All,All,21885,,
Divorce,Application,,2023 Q4,Joint,Female,Female,89,,
Divorce,Application,,2023 Q4,Joint,Unknown,Unknown,392,,
Divorce,Application,,2023 Q4,Joint,Male,Female,2290,,
Divorce,Application,,2023 Q4,All,All,All,24451,,
Divorce,Application,,2023 Q4,All,Female,Female,298,,
Divorce,Application,,2023 Q4,All,Unknown,Male,4,,
Divorce,Application,,2023 Q4,All,Male,Female,8746,,
Divorce,Application,,2023 Q4,All,Male,Male,136,,
Divorce,Application,,2023 Q4,All,Female,Unknown,5,,
Divorce,Application,,2023 Q4,Sole,Male,N/A,6555,,
Divorce,Application,,2023 Q4,All,Female,Male,13986,,
Divorce,Application,,2023 Q4,All,Male,Unknown,3,,
Divorce,Application,,2023 Q4,All,Unknown,Unknown,1269,,
Divorce,Application,,2023 Q4,All,Unknown,Female,4,,
Divorce,Application,,2023 Q4,Joint,Female,Unknown,1,,
Divorce,Application,,2023 Q4,Joint,Male,Unknown,1,,
Divorce,Application,,2023 Q4,Joint,Male,Male,39,,
Divorce,Application,,2023 Q4,Sole,Female,N/A,11295,,
Divorce,Application,,2023 Q4,Sole,Unknown,N/A,885,,
Divorce,Application,,2023 Q4,Joint,Female,Male,2904,,
Divorce,Application,,2023 Q4,Joint,All,All,5716,,
Divorce,Application,,2023 Q4,Sole,All,All,18735,,
Divorce,Application,,2024 Q1,Joint,Male,Female,2750,,
Divorce,Application,,2024 Q1,All,All,All,29577,,
Divorce,Application,,2024 Q1,All,Unknown,Female,3,,
Divorce,Application,,2024 Q1,All,Female,Unknown,5,,
Divorce,Application,,2024 Q1,All,Unknown,Male,4,,
Divorce,Application,,2024 Q1,All,Unknown,Unknown,1373,,
Divorce,Application,,2024 Q1,Sole,Unknown,N/A,987,,
Divorce,Application,,2024 Q1,All,Male,Male,182,,
Divorce,Application,,2024 Q1,All,Female,Female,387,,
Divorce,Application,,2024 Q1,All,Female,Male,17204,,
Divorce,Application,,2024 Q1,All,Male,Unknown,3,,
Divorce,Application,,2024 Q1,All,Male,Female,10416,,
Divorce,Application,,2024 Q1,Joint,Female,Male,3862,,
Divorce,Application,,2024 Q1,Joint,Male,Male,74,,
Divorce,Application,,2024 Q1,Sole,Female,N/A,13602,,
Divorce,Application,,2024 Q1,Joint,Female,Female,131,,
Divorce,Application,,2024 Q1,Joint,Unknown,Unknown,393,,
Divorce,Application,,2024 Q1,Joint,Female,Unknown,1,,
Divorce,Application,,2024 Q1,Joint,Male,Unknown,1,,
Divorce,Application,,2024 Q1,Joint,All,All,7212,,
Divorce,Application,,2024 Q1,Sole,All,All,22365,,
Divorce,Application,,2024 Q1,Sole,Male,N/A,7776,,
Divorce,Application,,2024 Q2,All,Male,Female,9874,,
Divorce,Application,,2024 Q2,All,Unknown,Unknown,942,,
Divorce,Application,,2024 Q2,All,Unknown,Male,1,,
Divorce,Application,,2024 Q2,Joint,Unknown,Unknown,304,,
Divorce,Application,,2024 Q2,Joint,Male,Male,67,,
Divorce,Application,,2024 Q2,Joint,Female,Unknown,1,,
Divorce,Application,,2024 Q2,All,All,All,27209,,
Divorce,Application,,2024 Q2,All,Female,Unknown,4,,
Divorce,Application,,2024 Q2,All,Male,Unknown,1,,
Divorce,Application,,2024 Q2,All,Male,Male,164,,
Divorce,Application,,2024 Q2,All,Female,Male,15857,,
Divorce,Application,,2024 Q2,All,Female,Female,365,,
Divorce,Application,,2024 Q2,All,Unknown,Female,1,,
Divorce,Application,,2024 Q2,Joint,Male,Unknown,1,,
Divorce,Application,,2024 Q2,Sole,Female,N/A,12608,,
Divorce,Application,,2024 Q2,Sole,Male,N/A,7223,,
Divorce,Application,,2024 Q2,Sole,Unknown,N/A,639,,
Divorce,Application,,2024 Q2,Joint,Female,Male,3484,,
Divorce,Application,,2024 Q2,Joint,Male,Female,2748,,
Divorce,Application,,2024 Q2,Joint,Unknown,Male,1,,
Divorce,Application,,2024 Q2,Joint,Female,Female,133,,
Divorce,Application,,2024 Q2,Joint,All,All,6739,,
Divorce,Application,,2024 Q2,Sole,All,All,20470,,
Divorce,Application,,2024 Q3,All,Male,Male,169,,
Divorce,Application,,2024 Q3,Joint,Female,Female,105,,
Divorce,Application,,2024 Q3,Joint,Unknown,Unknown,253,,
Divorce,Application,,2024 Q3,Joint,Male,Male,65,,
Divorce,Application,,2024 Q3,All,All,All,27821,,
Divorce,Application,,2024 Q3,All,Unknown,Female,1,,
Divorce,Application,,2024 Q3,All,Female,Male,16546,,
Divorce,Application,,2024 Q3,All,Female,Female,367,,
Divorce,Application,,2024 Q3,Sole,Female,N/A,13096,,
Divorce,Application,,2024 Q3,Sole,Male,N/A,7299,,
Divorce,Application,,2024 Q3,All,Unknown,Male,1,,
Divorce,Application,,2024 Q3,All,Female,Unknown,1,,
Divorce,Application,,2024 Q3,All,Unknown,Unknown,799,,
Divorce,Application,,2024 Q3,All,Male,Female,9937,,
Divorce,Application,,2024 Q3,Joint,Female,Male,3713,,
Divorce,Application,,2024 Q3,Sole,Unknown,N/A,548,,
Divorce,Application,,2024 Q3,Joint,Male,Female,2742,,
Divorce,Application,,2024 Q3,Joint,All,All,6878,,
Divorce,Application,,2024 Q3,Sole,All,All,20943,,
Divorce,Application,,2024 Q4,All,Male,Female,9167,,
Divorce,Application,,2024 Q4,Joint,Female,Female,110,,
Divorce,Application,,2024 Q4,All,All,All,24906,,
Divorce,Application,,2024 Q4,Sole,Unknown,N/A,453,,
Divorce,Application,,2024 Q4,All,Unknown,Unknown,661,,
Divorce,Application,,2024 Q4,All,Male,Male,165,,
Divorce,Application,,2024 Q4,All,Female,Unknown,2,,
Divorce,Application,,2024 Q4,All,Female,Female,310,,
Divorce,Application,,2024 Q4,Sole,Female,N/A,11525,,
Divorce,Application,,2024 Q4,All,Female,Male,14600,,
Divorce,Application,,2024 Q4,All,Unknown,Female,1,,
Divorce,Application,,2024 Q4,Joint,Male,Female,2560,,
Divorce,Application,,2024 Q4,Joint,Unknown,Unknown,209,,
Divorce,Application,,2024 Q4,Joint,Male,Male,53,,
Divorce,Application,,2024 Q4,Sole,Male,N/A,6719,,
Divorce,Application,,2024 Q4,Joint,Female,Male,3277,,
Divorce,Application,,2024 Q4,Joint,All,All,6209,,
Divorce,Application,,2024 Q4,Sole,All,All,18697,,
Divorce,Application,,2025 Q1,All,Male,Male,208,,
Divorce,Application,,2025 Q1,Joint,Unknown,Unknown,219,,
Divorce,Application,,2025 Q1,Joint,Male,Male,79,,
Divorce,Application,,2025 Q1,Joint,Male,Female,3215,,
Divorce,Application,,2025 Q1,Joint,Female,Male,4151,,
Divorce,Application,,2025 Q1,All,All,All,29923,,
Divorce,Application,,2025 Q1,All,Male,Female,10800,,
Divorce,Application,,2025 Q1,Sole,Unknown,N/A,451,,
Divorce,Application,,2025 Q1,All,Unknown,Unknown,670,,
Divorce,Application,,2025 Q1,All,Female,Male,17809,,
Divorce,Application,,2025 Q1,Sole,Female,N/A,13929,,
Divorce,Application,,2025 Q1,All,Female,Unknown,2,,
Divorce,Application,,2025 Q1,All,Male,Unknown,2,,
Divorce,Application,,2025 Q1,All,Female,Female,432,,
Divorce,Application,,2025 Q1,Joint,Female,Female,161,,
Divorce,Application,,2025 Q1,Joint,Male,Unknown,1,,
Divorce,Application,,2025 Q1,Sole,Male,N/A,7715,,
Divorce,Application,,2025 Q1,Joint,Female,Unknown,2,,
Divorce,Application,,2025 Q1,Joint,All,All,7828,,
Divorce,Application,,2025 Q1,Sole,All,All,22095,,
Divorce,Application,,2025 Q2,Joint,Female,Female,146,,
Divorce,Application,,2025 Q2,Joint,Female,Unknown,1,,
Divorce,Application,,2025 Q2,All,All,All,27390,,
Divorce,Application,,2025 Q2,All,Male,Unknown,1,,
Divorce,Application,,2025 Q2,All,Unknown,Unknown,624,,
Divorce,Application,,2025 Q2,All,Male,Male,212,,
Divorce,Application,,2025 Q2,All,Female,Unknown,5,,
Divorce,Application,,2025 Q2,Sole,Male,N/A,7151,,
Divorce,Application,,2025 Q2,All,Female,Female,406,,
Divorce,Application,,2025 Q2,All,Female,Male,16167,,
Divorce,Application,,2025 Q2,All,Male,Female,9975,,
Divorce,Application,,2025 Q2,Joint,Unknown,Unknown,225,,
Divorce,Application,,2025 Q2,Joint,Female,Male,3816,,
Divorce,Application,,2025 Q2,Joint,Male,Female,2964,,
Divorce,Application,,2025 Q2,Sole,Female,N/A,12615,,
Divorce,Application,,2025 Q2,Sole,Unknown,N/A,399,,
Divorce,Application,,2025 Q2,Joint,Male,Male,73,,
Divorce,Application,,2025 Q2,Joint,All,All,7225,,
Divorce,Application,,2025 Q2,Sole,All,All,20165,,
Divorce,Application,,2025 Q3,All,Female,Male,16080,,
Divorce,Application,,2025 Q3,All,Male,Female,10036,,
Divorce,Application,,2025 Q3,Joint,Male,Male,71,,
Divorce,Application,,2025 Q3,Joint,Female,Male,4024,,
Divorce,Application,,2025 Q3,Joint,Female,Unknown,2,,
Divorce,Application,,2025 Q3,Joint,Unknown,Unknown,203,,
Divorce,Application,,2025 Q3,All,All,All,27243,,
Divorce,Application,,2025 Q3,All,Female,Unknown,3,,
Divorce,Application,,2025 Q3,All,Unknown,Male,2,,
Divorce,Application,,2025 Q3,Sole,Unknown,N/A,321,,
Divorce,Application,,2025 Q3,All,Male,Male,213,,
Divorce,Application,,2025 Q3,All,Female,Female,387,,
Divorce,Application,,2025 Q3,Sole,Female,N/A,12311,,
Divorce,Application,,2025 Q3,Sole,Male,N/A,7105,,
Divorce,Application,,2025 Q3,All,Unknown,Unknown,522,,
Divorce,Application,,2025 Q3,Joint,Male,Female,3073,,
Divorce,Application,,2025 Q3,Joint,Female,Female,133,,
Divorce,Application,,2025 Q3,Joint,All,All,7506,,
Divorce,Application,,2025 Q3,Sole,All,All,19737,,
Divorce,Application,,2025 Q4,All,Unknown,Female,2,,
Divorce,Application,,2025 Q4,All,Female,Unknown,2,,
Divorce,Application,,2025 Q4,All,Male,Female,8656,,
Divorce,Application,,2025 Q4,All,Female,Male,13960,,
Divorce,Application,,2025 Q4,All,Male,Male,191,,
Divorce,Application,,2025 Q4,Joint,Female,Male,3328,,
Divorce,Application,,2025 Q4,Joint,Unknown,Unknown,173,,
Divorce,Application,,2025 Q4,Joint,Male,Male,69,,
Divorce,Application,,2025 Q4,All,All,All,23687,,
Divorce,Application,,2025 Q4,All,Female,Female,362,,
Divorce,Application,,2025 Q4,Sole,Female,N/A,10870,,
Divorce,Application,,2025 Q4,All,Male,Unknown,1,,
Divorce,Application,,2025 Q4,All,Unknown,Unknown,513,,
Divorce,Application,,2025 Q4,Joint,Female,Unknown,1,,
Divorce,Application,,2025 Q4,Sole,Male,N/A,6103,,
Divorce,Application,,2025 Q4,Sole,Unknown,N/A,342,,
Divorce,Application,,2025 Q4,Joint,Female,Female,125,,
Divorce,Application,,2025 Q4,Joint,Male,Female,2676,,
Divorce,Application,,2025 Q4,Joint,All,All,6372,,
Divorce,Application,,2025 Q4,Sole,All,All,17315,,
Divorce,Conditional Order,2022,,All,All,All,21331,27.487,27
Divorce,Conditional Order,2022,,Sole,All,All,15663,27.58,27
Divorce,Conditional Order,2022,,Joint,All,All,5668,27.231,26.857
Divorce,Conditional Order,2023,,All,All,All,94335,30.895,28.143
Divorce,Conditional Order,2023,,Sole,All,All,70224,31.808,29
Divorce,Conditional Order,2023,,Joint,All,All,24111,28.236,26.143
Divorce,Conditional Order,2024,,All,All,All,102400,34.512,29.143
Divorce,Conditional Order,2024,,Joint,All,All,24664,30.247,27
Divorce,Conditional Order,2024,,Sole,All,All,77736,35.865,30
Divorce,Conditional Order,2025,,All,All,All,114841,36.843,30.286
Divorce,Conditional Order,2025,,Joint,All,All,29277,32.191,29.143
Divorce,Conditional Order,2025,,Sole,All,All,85564,38.435,31
Divorce,Conditional Order,,2022 Q3,Joint,All,All,108,24.692,24.857
Divorce,Conditional Order,,2022 Q3,Sole,All,All,537,24.542,24.143
Divorce,Conditional Order,,2022 Q3,All,All,All,645,24.567,24.143
Divorce,Conditional Order,,2022 Q4,Joint,All,All,5560,27.28,26.857
Divorce,Conditional Order,,2022 Q4,Sole,All,All,15126,27.688,27.143
Divorce,Conditional Order,,2022 Q4,All,All,All,20686,27.578,27
Divorce,Conditional Order,,2023 Q1,Joint,All,All,7187,28.439,27.429
Divorce,Conditional Order,,2023 Q1,Sole,All,All,22190,30.062,28.286
Divorce,Conditional Order,,2023 Q1,All,All,All,29377,29.665,28.143
Divorce,Conditional Order,,2023 Q2,Joint,All,All,5780,27.004,24.857
Divorce,Conditional Order,,2023 Q2,Sole,All,All,17454,29.759,26.429
Divorce,Conditional Order,,2023 Q2,All,All,All,23234,29.073,26.143
Divorce,Conditional Order,,2023 Q3,Sole,All,All,15194,32.264,27.714
Divorce,Conditional Order,,2023 Q3,Joint,All,All,5568,27.972,25.286
Divorce,Conditional Order,,2023 Q3,All,All,All,20762,31.113,27
Divorce,Conditional Order,,2023 Q4,Joint,All,All,5576,29.514,26.143
Divorce,Conditional Order,,2023 Q4,Sole,All,All,15386,36.202,31
Divorce,Conditional Order,,2023 Q4,All,All,All,20962,34.423,30
Divorce,Conditional Order,,2024 Q1,Sole,All,All,25245,36.289,30.857
Divorce,Conditional Order,,2024 Q1,Joint,All,All,6584,30.475,27.429
Divorce,Conditional Order,,2024 Q1,All,All,All,31829,35.087,30.286
Divorce,Conditional Order,,2024 Q2,Joint,All,All,6973,30.731,26.714
Divorce,Conditional Order,,2024 Q2,Sole,All,All,21119,35.654,28.857
Divorce,Conditional Order,,2024 Q2,All,All,All,28092,34.432,28.143
Divorce,Conditional Order,,2024 Q3,Joint,All,All,6447,28.591,25
Divorce,Conditional Order,,2024 Q3,Sole,All,All,21168,34.355,26.429
Divorce,Conditional Order,,2024 Q3,All,All,All,27615,33.009,26
Divorce,Conditional Order,,2024 Q4,Joint,All,All,4660,31.49,28.571
Divorce,Conditional Order,,2024 Q4,Sole,All,All,10204,38.388,31.286
Divorce,Conditional Order,,2024 Q4,All,All,All,14864,36.226,30.857
Divorce,Conditional Order,,2025 Q1,Joint,All,All,5883,33.45,30
Divorce,Conditional Order,,2025 Q1,Sole,All,All,20313,39.751,32.857
Divorce,Conditional Order,,2025 Q1,All,All,All,26196,38.336,32.429
Divorce,Conditional Order,,2025 Q2,Joint,All,All,7852,33.266,29.857
Divorce,Conditional Order,,2025 Q2,Sole,All,All,22270,38.643,30.714
Divorce,Conditional Order,,2025 Q2,All,All,All,30122,37.241,30.286
Divorce,Conditional Order,,2025 Q3,Sole,All,All,21356,37.845,28.571
Divorce,Conditional Order,,2025 Q3,Joint,All,All,7456,31.488,27.714
Divorce,Conditional Order,,2025 Q3,All,All,All,28812,36.2,28.286
Divorce,Conditional Order,,2025 Q4,Joint,All,All,8086,30.879,27.429
Divorce,Conditional Order,,2025 Q4,Sole,All,All,21625,37.568,28.286
Divorce,Conditional Order,,2025 Q4,All,All,All,29711,35.748,28
Divorce,Final Order,2022,,All,All,All,7394,32.835,32.571
Divorce,Final Order,2022,,Sole,All,All,5267,32.83,32.571
Divorce,Final Order,2022,,Joint,All,All,2127,32.845,32.571
Divorce,Final Order,2023,,All,All,All,76151,39.313,35.286
Divorce,Final Order,2023,,Sole,All,All,55784,40.08,35.857
Divorce,Final Order,2023,,Joint,All,All,20367,37.211,33.857
Divorce,Final Order,2024,,All,All,All,93449,48.603,39.143
Divorce,Final Order,2024,,Joint,All,All,22614,43.93,35.429
Divorce,Final Order,2024,,Sole,All,All,70835,50.095,40.429
Divorce,Final Order,2025,,All,All,All,98945,55.578,40.857
Divorce,Final Order,2025,,Joint,All,All,25391,49.232,37.571
Divorce,Final Order,2025,,Sole,All,All,73554,57.768,42.286
Divorce,Final Order,,2022 Q4,Sole,All,All,5267,32.83,32.571
Divorce,Final Order,,2022 Q4,Joint,All,All,2127,32.845,32.571
Divorce,Final Order,,2022 Q4,All,All,All,7394,32.835,32.571
Divorce,Final Order,,2023 Q1,Sole,All,All,13327,36.166,34.857
Divorce,Final Order,,2023 Q1,Joint,All,All,4678,35.535,34.286
Divorce,Final Order,,2023 Q1,All,All,All,18005,36.002,34.714
Divorce,Final Order,,2023 Q2,Joint,All,All,5288,35.942,33.429
Divorce,Final Order,,2023 Q2,Sole,All,All,14784,38.031,34.857
Divorce,Final Order,,2023 Q2,All,All,All,20072,37.481,34.429
Divorce,Final Order,,2023 Q3,Joint,All,All,5175,37.407,32.286
Divorce,Final Order,,2023 Q3,Sole,All,All,14833,40.998,36.143
Divorce,Final Order,,2023 Q3,All,All,All,20008,40.069,35
Divorce,Final Order,,2023 Q4,Sole,All,All,12840,45.44,38.714
Divorce,Final Order,,2023 Q4,Joint,All,All,5226,39.801,34
Divorce,Final Order,,2023 Q4,All,All,All,18066,43.809,37.286
Divorce,Final Order,,2024 Q1,Sole,All,All,16832,48.872,41.571
Divorce,Final Order,,2024 Q1,Joint,All,All,5103,43.087,36.286
Divorce,Final Order,,2024 Q1,All,All,All,21935,47.526,40.429
Divorce,Final Order,,2024 Q2,Sole,All,All,19801,48.005,39.571
Divorce,Final Order,,2024 Q2,Joint,All,All,5897,43.056,35.571
Divorce,Final Order,,2024 Q2,All,All,All,25698,46.869,38.571
Divorce,Final Order,,2024 Q3,Sole,All,All,18562,50.077,39.429
Divorce,Final Order,,2024 Q3,Joint,All,All,6297,43.208,34.571
Divorce,Final Order,,2024 Q3,All,All,All,24859,48.337,38
Divorce,Final Order,,2024 Q4,Joint,All,All,5317,46.562,35.429
Divorce,Final Order,,2024 Q4,Sole,All,All,15640,54.079,41
Divorce,Final Order,,2024 Q4,All,All,All,20957,52.172,39.286
Divorce,Final Order,,2025 Q1,Sole,All,All,14707,59.786,44.857
Divorce,Final Order,,2025 Q1,Joint,All,All,5370,50.356,38.857
Divorce,Final Order,,2025 Q1,All,All,All,20077,57.264,42.857
Divorce,Final Order,,2025 Q2,Joint,All,All,6415,49.367,38.714
Divorce,Final Order,,2025 Q2,Sole,All,All,19948,57.088,42.929
Divorce,Final Order,,2025 Q2,All,All,All,26363,55.209,41.714
Divorce,Final Order,,2025 Q3,Joint,All,All,6663,49.756,37.429
Divorce,Final Order,,2025 Q3,Sole,All,All,19499,58.042,42.286
Divorce,Final Order,,2025 Q3,All,All,All,26162,55.932,40.857
Divorce,Final Order,,2025 Q4,Sole,All,All,19400,56.663,38.714
Divorce,Final Order,,2025 Q4,Joint,All,All,6943,47.735,35.571
Divorce,Final Order,,2025 Q4,All,All,All,26343,54.31,37.571
Divorce and Civil Partnership,Application,2022,,All,Male,Female,33029,,
Divorce and Civil Partnership,Application,2022,,All,Female,Male,47,,
Divorce and Civil Partnership,Application,2022,,All,Female,Female,352,,
Divorce and Civil Partnership,Application,2022,,All,Male,Female,41,,
Divorce and Civil Partnership,Application,2022,,Sole,Unknown,N/A,2693,,
Divorce and Civil Partnership,Application,2022,,Sole,Female,N/A,243,,
Divorce and Civil Partnership,Application,2022,,Joint,Male,Unknown,3,,
Divorce and Civil Partnership,Application,2022,,Joint,Unknown,Unknown,785,,
Divorce and Civil Partnership,Application,2022,,Joint,Male,Male,222,,
Divorce and Civil Partnership,Application,2022,,All,All,All,91871,,
Divorce and Civil Partnership,Application,2022,,All,Female,Female,1016,,
Divorce and Civil Partnership,Application,2022,,All,Male,Unknown,11,,
Divorce and Civil Partnership,Application,2022,,All,Male,Male,325,,
Divorce and Civil Partnership,Application,2022,,All,Unknown,Male,21,,
Divorce and Civil Partnership,Application,2022,,All,Unknown,Unknown,3441,,
Divorce and Civil Partnership,Application,2022,,All,Unknown,Unknown,50,,
Divorce and Civil Partnership,Application,2022,,All,Unknown,Female,19,,
Divorce and Civil Partnership,Application,2022,,All,Male,Male,574,,
Divorce and Civil Partnership,Application,2022,,All,Female,Unknown,8,,
Divorce and Civil Partnership,Application,2022,,All,Female,Male,52937,,
Divorce and Civil Partnership,Application,2022,,Joint,Female,Female,301,,
Divorce and Civil Partnership,Application,2022,,Joint,Male,Male,140,,
Divorce and Civil Partnership,Application,2022,,Joint,Female,Male,10339,,
Divorce and Civil Partnership,Application,2022,,Joint,Female,Male,23,,
Divorce and Civil Partnership,Application,2022,,Joint,Unknown,Male,3,,
Divorce and Civil Partnership,Application,2022,,Joint,Female,Unknown,1,,
Divorce and Civil Partnership,Application,2022,,Joint,Male,Female,22,,
Divorce and Civil Partnership,Application,2022,,Joint,Male,Female,7911,,
Divorce and Civil Partnership,Application,2022,,Joint,Unknown,Unknown,19,,
Divorce and Civil Partnership,Application,2022,,Joint,Female,Female,133,,
Divorce and Civil Partnership,Application,2022,,Joint,All,All,19902,,
Divorce and Civil Partnership,Application,2022,,Sole,All,All,71969,,
Divorce and Civil Partnership,Application,2022,,Sole,Female,N/A,43320,,
Divorce and Civil Partnership,Application,2022,,Sole,Male,N/A,204,,
Divorce and Civil Partnership,Application,2022,,Sole,Male,N/A,25478,,
Divorce and Civil Partnership,Application,2022,,Sole,Unknown,N/A,31,,
Divorce and Civil Partnership,Application,2023,,All,Male,Female,40092,,
Divorce and Civil Partnership,Application,2023,,All,Unknown,Unknown,48,,
Divorce and Civil Partnership,Application,2023,,All,Female,Male,64426,,
Divorce and Civil Partnership,Application,2023,,All,Female,Female,376,,
Divorce and Civil Partnership,Application,2023,,Sole,Male,N/A,247,,
Divorce and Civil Partnership,Application,2023,,All,Unknown,Male,13,,
Divorce and Civil Partnership,Application,2023,,All,Male,Unknown,11,,
Divorce and Civil Partnership,Application,2023,,Joint,Male,Male,143,,
Divorce and Civil Partnership,Application,2023,,Joint,Unknown,Unknown,24,,
Divorce and Civil Partnership,Application,2023,,Joint,Unknown,Male,1,,
Divorce and Civil Partnership,Application,2023,,Joint,Male,Female,57,,
Divorce and Civil Partnership,Application,2023,,Joint,Female,Male,42,,
Divorce and Civil Partnership,Application,2023,,Joint,Female,Female,133,,
Divorce and Civil Partnership,Application,2023,,Joint,Male,Male,236,,
Divorce and Civil Partnership,Application,2023,,All,All,All,113073,,
Divorce and Civil Partnership,Application,2023,,All,Male,Unknown,1,,
Divorce and Civil Partnership,Application,2023,,All,Male,Female,104,,
Divorce and Civil Partnership,Application,2023,,All,Unknown,Female,15,,
Divorce and Civil Partnership,Application,2023,,All,Unknown,Unknown,5491,,
Divorce and Civil Partnership,Application,2023,,All,Female,Female,1380,,
Divorce and Civil Partnership,Application,2023,,All,Female,Unknown,14,,
Divorce and Civil Partnership,Application,2023,,All,Male,Male,343,,
Divorce and Civil Partnership,Application,2023,,All,Male,Male,677,,
Divorce and Civil Partnership,Application,2023,,All,Female,Male,82,,
Divorce and Civil Partnership,Application,2023,,Joint,Male,Female,10342,,
Divorce and Civil Partnership,Application,2023,,Joint,Female,Female,440,,
Divorce and Civil Partnership,Application,2023,,Joint,Unknown,Unknown,1692,,
Divorce and Civil Partnership,Application,2023,,Joint,Male,Unknown,1,,
Divorce and Civil Partnership,Application,2023,,Joint,Male,Unknown,3,,
Divorce and Civil Partnership,Application,2023,,Joint,Female,Male,13308,,
Divorce and Civil Partnership,Application,2023,,Joint,Female,Unknown,3,,
Divorce and Civil Partnership,Application,2023,,Joint,All,All,26425,,
Divorce and Civil Partnership,Application,2023,,Sole,All,All,86648,,
Divorce and Civil Partnership,Application,2023,,Sole,Female,N/A,52069,,
Divorce and Civil Partnership,Application,2023,,Sole,Male,N/A,30199,,
Divorce and Civil Partnership,Application,2023,,Sole,Unknown,N/A,3826,,
Divorce and Civil Partnership,Application,2023,,Sole,Unknown,N/A,24,,
Divorce and Civil Partnership,Application,2023,,Sole,Female,N/A,283,,
Divorce and Civil Partnership,Application,2024,,All,Female,Male,64207,,
Divorce and Civil Partnership,Application,2024,,All,Male,Unknown,4,,
Divorce and Civil Partnership,Application,2024,,All,Male,Male,680,,
Divorce and Civil Partnership,Application,2024,,All,Unknown,Male,6,,
Divorce and Civil Partnership,Application,2024,,All,Male,Male,330,,
Divorce and Civil Partnership,Application,2024,,All,Female,Female,1429,,
Divorce and Civil Partnership,Application,2024,,Sole,Male,N/A,29017,,
Divorce and Civil Partnership,Application,2024,,Sole,Unknown,N/A,2627,,
Divorce and Civil Partnership,Application,2024,,Joint,Unknown,Unknown,24,,
Divorce and Civil Partnership,Application,2024,,Joint,Male,Female,59,,
Divorce and Civil Partnership,Application,2024,,Joint,Male,Unknown,2,,
Divorce and Civil Partnership,Application,2024,,Joint,Female,Female,115,,
Divorce and Civil Partnership,Application,2024,,Joint,Male,Male,155,,
Divorce and Civil Partnership,Application,2024,,Joint,Female,Male,14336,,
Divorce and Civil Partnership,Application,2024,,All,All,All,110428,,
Divorce and Civil Partnership,Application,2024,,All,Female,Unknown,12,,
Divorce and Civil Partnership,Application,2024,,All,Female,Male,118,,
Divorce and Civil Partnership,Application,2024,,All,Unknown,Female,6,,
Divorce and Civil Partnership,Application,2024,,All,Female,Female,308,,
Divorce and Civil Partnership,Application,2024,,All,Unknown,Unknown,39,,
Divorce and Civil Partnership,Application,2024,,All,Male,Female,120,,
Divorce and Civil Partnership,Application,2024,,All,Male,Female,39394,,
Divorce and Civil Partnership,Application,2024,,All,Unknown,Unknown,3775,,
Divorce and Civil Partnership,Application,2024,,Joint,Male,Male,259,,
Divorce and Civil Partnership,Application,2024,,Joint,Female,Unknown,2,,
Divorce and Civil Partnership,Application,2024,,Joint,Unknown,Unknown,1159,,
Divorce and Civil Partnership,Application,2024,,Joint,Male,Female,10800,,
Divorce and Civil Partnership,Application,2024,,Joint,Female,Male,60,,
Divorce and Civil Partnership,Application,2024,,Joint,Unknown,Male,1,,
Divorce and Civil Partnership,Application,2024,,Joint,Female,Female,479,,
Divorce and Civil Partnership,Application,2024,,Joint,All,All,27451,,
Divorce and Civil Partnership,Application,2024,,Sole,All,All,82977,,
Divorce and Civil Partnership,Application,2024,,Sole,Female,N/A,50831,,
Divorce and Civil Partnership,Application,2024,,Sole,Unknown,N/A,15,,
Divorce and Civil Partnership,Application,2024,,Sole,Female,N/A,251,,
Divorce and Civil Partnership,Application,2024,,Sole,Male,N/A,236,,
Divorce and Civil Partnership,Application,2025,,All,Male,Male,824,,
Divorce and Civil Partnership,Application,2025,,All,Unknown,Unknown,35,,
Divorce and Civil Partnership,Application,2025,,All,Female,Female,271,,
Divorce and Civil Partnership,Application,2025,,Sole,Unknown,N/A,1513,,
Divorce and Civil Partnership,Application,2025,,Joint,Male,Female,88,,
Divorce and Civil Partnership,Application,2025,,Joint,Male,Male,154,,
Divorce and Civil Partnership,Application,2025,,Joint,Female,Female,565,,
Divorce and Civil Partnership,Application,2025,,All,All,All,109184,,
Divorce and Civil Partnership,Application,2025,,All,Female,Female,1587,,
Divorce and Civil Partnership,Application,2025,,All,Male,Female,171,,
Divorce and Civil Partnership,Application,2025,,All,Female,Male,179,,
Divorce and Civil Partnership,Application,2025,,All,Female,Male,64016,,
Divorce and Civil Partnership,Application,2025,,All,Male,Female,39467,,
Divorce and Civil Partnership,Application,2025,,All,Male,Male,285,,
Divorce and Civil Partnership,Application,2025,,All,Unknown,Unknown,2329,,
Divorce and Civil Partnership,Application,2025,,All,Unknown,Male,2,,
Divorce and Civil Partnership,Application,2025,,All,Female,Unknown,12,,
Divorce and Civil Partnership,Application,2025,,All,Unknown,Female,2,,
Divorce and Civil Partnership,Application,2025,,All,Male,Unknown,4,,
Divorce and Civil Partnership,Application,2025,,Joint,Male,Female,11928,,
Divorce and Civil Partnership,Application,2025,,Joint,Male,Male,292,,
Divorce and Civil Partnership,Application,2025,,Joint,Unknown,Unknown,22,,
Divorce and Civil Partnership,Application,2025,,Joint,Female,Male,15319,,
Divorce and Civil Partnership,Application,2025,,Joint,Unknown,Unknown,820,,
Divorce and Civil Partnership,Application,2025,,Joint,Female,Unknown,6,,
Divorce and Civil Partnership,Application,2025,,Joint,Female,Female,125,,
Divorce and Civil Partnership,Application,2025,,Joint,Female,Male,95,,
Divorce and Civil Partnership,Application,2025,,Joint,Male,Unknown,1,,
Divorce and Civil Partnership,Application,2025,,Joint,All,All,29415,,
Divorce and Civil Partnership,Application,2025,,Sole,All,All,79769,,
Divorce and Civil Partnership,Application,2025,,Sole,Male,N/A,28074,,
Divorce and Civil Partnership,Application,2025,,Sole,Female,N/A,49725,,
Divorce and Civil Partnership,Application,2025,,Sole,Male,N/A,214,,
Divorce and Civil Partnership,Application,2025,,Sole,Female,N/A,230,,
Divorce and Civil Partnership,Application,2025,,Sole,Unknown,N/A,13,,
Divorce and Civil Partnership,Application,,2022 Q2,Sole,Male,N/A,9631,,
Divorce and Civil Partnership,Application,,2022 Q2,Sole,Unknown,N/A,859,,
Divorce and Civil Partnership,Application,,2022 Q2,Sole,Male,N/A,66,,
Divorce and Civil Partnership,Application,,2022 Q2,Sole,Unknown,N/A,12,,
Divorce and Civil Partnership,Application,,2022 Q2,Sole,Female,N/A,16939,,
Divorce and Civil Partnership,Application,,2022 Q2,Sole,Female,N/A,92,,
Divorce and Civil Partnership,Application,,2022 Q2,Joint,All,All,7498,,
Divorce and Civil Partnership,Application,,2022 Q2,Sole,All,All,27599,,
Divorce and Civil Partnership,Application,,2022 Q2,All,All,All,35097,,
Divorce and Civil Partnership,Application,,2022 Q2,Joint,Male,Female,5,,
Divorce and Civil Partnership,Application,,2022 Q2,Joint,Male,Male,88,,
Divorce and Civil Partnership,Application,,2022 Q2,Joint,Unknown,Unknown,9,,
Divorce and Civil Partnership,Application,,2022 Q2,Joint,Unknown,Unknown,201,,
Divorce and Civil Partnership,Application,,2022 Q2,Joint,Female,Female,44,,
Divorce and Civil Partnership,Application,,2022 Q2,All,Male,Male,112,,
Divorce and Civil Partnership,Application,,2022 Q2,All,Unknown,Male,11,,
Divorce and Civil Partnership,Application,,2022 Q2,All,Unknown,Unknown,1041,,
Divorce and Civil Partnership,Application,,2022 Q2,All,Female,Male,17,,
Divorce and Civil Partnership,Application,,2022 Q2,All,Female,Male,20681,,
Divorce and Civil Partnership,Application,,2022 Q2,All,Female,Female,408,,
Divorce and Civil Partnership,Application,,2022 Q2,All,Male,Female,11,,
Divorce and Civil Partnership,Application,,2022 Q2,All,Male,Male,231,,
Divorce and Civil Partnership,Application,,2022 Q2,Joint,Female,Female,131,,
Divorce and Civil Partnership,Application,,2022 Q2,Joint,Female,Male,4020,,
Divorce and Civil Partnership,Application,,2022 Q2,Joint,Male,Male,52,,
Divorce and Civil Partnership,Application,,2022 Q2,Joint,Male,Female,2941,,
Divorce and Civil Partnership,Application,,2022 Q2,Joint,Female,Male,7,,
Divorce and Civil Partnership,Application,,2022 Q2,All,Unknown,Female,8,,
Divorce and Civil Partnership,Application,,2022 Q2,All,Male,Female,12427,,
Divorce and Civil Partnership,Application,,2022 Q2,All,Male,Unknown,2,,
Divorce and Civil Partnership,Application,,2022 Q2,All,Unknown,Unknown,21,,
Divorce and Civil Partnership,Application,,2022 Q2,All,Female,Unknown,1,,
Divorce and Civil Partnership,Application,,2022 Q2,All,Female,Female,126,,
Divorce and Civil Partnership,Application,,2022 Q3,Sole,Unknown,N/A,997,,
Divorce and Civil Partnership,Application,,2022 Q3,Sole,Male,N/A,8538,,
Divorce and Civil Partnership,Application,,2022 Q3,Sole,Female,N/A,78,,
Divorce and Civil Partnership,Application,,2022 Q3,Sole,Female,N/A,14578,,
Divorce and Civil Partnership,Application,,2022 Q3,Sole,Male,N/A,72,,
Divorce and Civil Partnership,Application,,2022 Q3,Joint,All,All,6752,,
Divorce and Civil Partnership,Application,,2022 Q3,Sole,All,All,24274,,
Divorce and Civil Partnership,Application,,2022 Q3,All,All,All,31026,,
Divorce and Civil Partnership,Application,,2022 Q3,All,Female,Male,17792,,
Divorce and Civil Partnership,Application,,2022 Q3,Joint,Male,Unknown,1,,
Divorce and Civil Partnership,Application,,2022 Q3,Joint,Female,Male,7,,
Divorce and Civil Partnership,Application,,2022 Q3,Joint,Male,Male,45,,
Divorce and Civil Partnership,Application,,2022 Q3,Joint,Unknown,Unknown,313,,
Divorce and Civil Partnership,Application,,2022 Q3,Joint,Female,Male,3451,,
Divorce and Civil Partnership,Application,,2022 Q3,Joint,Male,Male,71,,
Divorce and Civil Partnership,Application,,2022 Q3,Joint,Unknown,Unknown,7,,
Divorce and Civil Partnership,Application,,2022 Q3,Joint,Male,Female,8,,
Divorce and Civil Partnership,Application,,2022 Q3,Sole,Unknown,N/A,11,,
Divorce and Civil Partnership,Application,,2022 Q3,All,Female,Female,121,,
Divorce and Civil Partnership,Application,,2022 Q3,All,Unknown,Female,7,,
Divorce and Civil Partnership,Application,,2022 Q3,All,Male,Male,110,,
Divorce and Civil Partnership,Application,,2022 Q3,All,Female,Male,12,,
Divorce and Civil Partnership,Application,,2022 Q3,All,Unknown,Unknown,18,,
Divorce and Civil Partnership,Application,,2022 Q3,All,Male,Female,11129,,
Divorce and Civil Partnership,Application,,2022 Q3,All,Female,Unknown,3,,
Divorce and Civil Partnership,Application,,2022 Q3,All,Unknown,Male,6,,
Divorce and Civil Partnership,Application,,2022 Q3,All,Male,Unknown,4,,
Divorce and Civil Partnership,Application,,2022 Q3,All,Male,Male,190,,
Divorce and Civil Partnership,Application,,2022 Q3,Joint,Female,Female,48,,
Divorce and Civil Partnership,Application,,2022 Q3,Joint,Female,Female,85,,
Divorce and Civil Partnership,Application,,2022 Q3,Joint,Male,Female,2713,,
Divorce and Civil Partnership,Application,,2022 Q3,Joint,Unknown,Male,2,,
Divorce and Civil Partnership,Application,,2022 Q3,Joint,Female,Unknown,1,,
Divorce and Civil Partnership,Application,,2022 Q3,All,Unknown,Unknown,1299,,
Divorce and Civil Partnership,Application,,2022 Q3,All,Female,Female,320,,
Divorce and Civil Partnership,Application,,2022 Q3,All,Male,Female,15,,
Divorce and Civil Partnership,Application,,2022 Q4,Sole,Male,N/A,7309,,
Divorce and Civil Partnership,Application,,2022 Q4,Sole,Unknown,N/A,8,,
Divorce and Civil Partnership,Application,,2022 Q4,Sole,Unknown,N/A,837,,
Divorce and Civil Partnership,Application,,2022 Q4,Sole,Female,N/A,11803,,
Divorce and Civil Partnership,Application,,2022 Q4,Sole,Male,N/A,66,,
Divorce and Civil Partnership,Application,,2022 Q4,Sole,Female,N/A,73,,
Divorce and Civil Partnership,Application,,2022 Q4,Joint,All,All,5652,,
Divorce and Civil Partnership,Application,,2022 Q4,Sole,All,All,20096,,
Divorce and Civil Partnership,Application,,2022 Q4,All,All,All,25748,,
Divorce and Civil Partnership,Application,,2022 Q4,Joint,Male,Male,63,,
Divorce and Civil Partnership,Application,,2022 Q4,Joint,Male,Male,43,,
Divorce and Civil Partnership,Application,,2022 Q4,Joint,Male,Female,2257,,
Divorce and Civil Partnership,Application,,2022 Q4,Joint,Unknown,Male,1,,
Divorce and Civil Partnership,Application,,2022 Q4,All,Unknown,Unknown,1101,,
Divorce and Civil Partnership,Application,,2022 Q4,All,Male,Male,153,,
Divorce and Civil Partnership,Application,,2022 Q4,All,Unknown,Female,4,,
Divorce and Civil Partnership,Application,,2022 Q4,All,Male,Unknown,5,,
Divorce and Civil Partnership,Application,,2022 Q4,All,Unknown,Male,4,,
Divorce and Civil Partnership,Application,,2022 Q4,All,Female,Female,105,,
Divorce and Civil Partnership,Application,,2022 Q4,Joint,Female,Female,85,,
Divorce and Civil Partnership,Application,,2022 Q4,Joint,Unknown,Unknown,271,,
Divorce and Civil Partnership,Application,,2022 Q4,Joint,Male,Female,9,,
Divorce and Civil Partnership,Application,,2022 Q4,Joint,Female,Female,41,,
Divorce and Civil Partnership,Application,,2022 Q4,Joint,Unknown,Unknown,3,,
Divorce and Civil Partnership,Application,,2022 Q4,Joint,Female,Male,2868,,
Divorce and Civil Partnership,Application,,2022 Q4,Joint,Male,Unknown,2,,
Divorce and Civil Partnership,Application,,2022 Q4,Joint,Female,Male,9,,
Divorce and Civil Partnership,Application,,2022 Q4,All,Male,Female,9473,,
Divorce and Civil Partnership,Application,,2022 Q4,All,Female,Unknown,4,,
Divorce and Civil Partnership,Application,,2022 Q4,All,Male,Female,15,,
Divorce and Civil Partnership,Application,,2022 Q4,All,Female,Female,288,,
Divorce and Civil Partnership,Application,,2022 Q4,All,Male,Male,103,,
Divorce and Civil Partnership,Application,,2022 Q4,All,Female,Male,14464,,
Divorce and Civil Partnership,Application,,2022 Q4,All,Female,Male,18,,
Divorce and Civil Partnership,Application,,2022 Q4,All,Unknown,Unknown,11,,
Divorce and Civil Partnership,Application,,2023 Q1,Sole,Female,N/A,87,,
Divorce and Civil Partnership,Application,,2023 Q1,Sole,Male,N/A,8398,,
Divorce and Civil Partnership,Application,,2023 Q1,Sole,Female,N/A,14579,,
Divorce and Civil Partnership,Application,,2023 Q1,Sole,Male,N/A,68,,
Divorce and Civil Partnership,Application,,2023 Q1,Sole,Unknown,N/A,962,,
Divorce and Civil Partnership,Application,,2023 Q1,Sole,Unknown,N/A,9,,
Divorce and Civil Partnership,Application,,2023 Q1,Joint,All,All,7328,,
Divorce and Civil Partnership,Application,,2023 Q1,Sole,All,All,24103,,
Divorce and Civil Partnership,Application,,2023 Q1,All,All,All,31431,,
Divorce and Civil Partnership,Application,,2023 Q1,Joint,Male,Female,2857,,
Divorce and Civil Partnership,Application,,2023 Q1,Joint,Unknown,Unknown,7,,
Divorce and Civil Partnership,Application,,2023 Q1,Joint,Male,Male,46,,
Divorce and Civil Partnership,Application,,2023 Q1,Joint,Female,Male,3740,,
Divorce and Civil Partnership,Application,,2023 Q1,Joint,Female,Female,123,,
Divorce and Civil Partnership,Application,,2023 Q1,Joint,Female,Female,36,,
Divorce and Civil Partnership,Application,,2023 Q1,Joint,Unknown,Unknown,422,,
Divorce and Civil Partnership,Application,,2023 Q1,All,Unknown,Female,3,,
Divorce and Civil Partnership,Application,,2023 Q1,All,Female,Female,116,,
Divorce and Civil Partnership,Application,,2023 Q1,All,Female,Male,18,,
Divorce and Civil Partnership,Application,,2023 Q1,All,Male,Female,19,,
Divorce and Civil Partnership,Application,,2023 Q1,All,Unknown,Unknown,16,,
Divorce and Civil Partnership,Application,,2023 Q1,All,Female,Female,377,,
Divorce and Civil Partnership,Application,,2023 Q1,All,Male,Male,106,,
Divorce and Civil Partnership,Application,,2023 Q1,All,Unknown,Male,3,,
Divorce and Civil Partnership,Application,,2023 Q1,All,Unknown,Unknown,1379,,
Divorce and Civil Partnership,Application,,2023 Q1,All,Male,Male,191,,
Divorce and Civil Partnership,Application,,2023 Q1,All,Male,Unknown,1,,
Divorce and Civil Partnership,Application,,2023 Q1,Joint,Male,Male,72,,
Divorce and Civil Partnership,Application,,2023 Q1,Joint,Male,Female,11,,
Divorce and Civil Partnership,Application,,2023 Q1,Joint,Unknown,Male,1,,
Divorce and Civil Partnership,Application,,2023 Q1,Joint,Female,Male,11,,
Divorce and Civil Partnership,Application,,2023 Q1,Joint,Male,Unknown,1,,
Divorce and Civil Partnership,Application,,2023 Q1,Joint,Male,Unknown,1,,
Divorce and Civil Partnership,Application,,2023 Q1,All,Male,Unknown,3,,
Divorce and Civil Partnership,Application,,2023 Q1,All,Female,Male,18063,,
Divorce and Civil Partnership,Application,,2023 Q1,All,Male,Female,11134,,
Divorce and Civil Partnership,Application,,2023 Q1,All,Female,Unknown,2,,
Divorce and Civil Partnership,Application,,2023 Q2,Sole,Unknown,N/A,7,,
Divorce and Civil Partnership,Application,,2023 Q2,Sole,Unknown,N/A,1008,,
Divorce and Civil Partnership,Application,,2023 Q2,Sole,Male,N/A,65,,
Divorce and Civil Partnership,Application,,2023 Q2,Sole,Male,N/A,7568,,
Divorce and Civil Partnership,Application,,2023 Q2,Sole,Female,N/A,12959,,
Divorce and Civil Partnership,Application,,2023 Q2,Sole,Female,N/A,73,,
Divorce and Civil Partnership,Application,,2023 Q2,Joint,All,All,6542,,
Divorce and Civil Partnership,Application,,2023 Q2,Sole,All,All,21680,,
Divorce and Civil Partnership,Application,,2023 Q2,All,All,All,28222,,
Divorce and Civil Partnership,Application,,2023 Q2,All,Female,Female,341,,
Divorce and Civil Partnership,Application,,2023 Q2,Joint,Female,Male,3308,,
Divorce and Civil Partnership,Application,,2023 Q2,Joint,Male,Female,2530,,
Divorce and Civil Partnership,Application,,2023 Q2,Joint,Female,Female,111,,
Divorce and Civil Partnership,Application,,2023 Q2,Joint,Unknown,Unknown,5,,
Divorce and Civil Partnership,Application,,2023 Q2,Joint,Male,Female,12,,
Divorce and Civil Partnership,Application,,2023 Q2,Joint,Male,Male,46,,
Divorce and Civil Partnership,Application,,2023 Q2,All,Female,Unknown,3,,
Divorce and Civil Partnership,Application,,2023 Q2,All,Female,Male,16036,,
Divorce and Civil Partnership,Application,,2023 Q2,All,Male,Male,82,,
Divorce and Civil Partnership,Application,,2023 Q2,All,Male,Male,146,,
Divorce and Civil Partnership,Application,,2023 Q2,All,Unknown,Female,5,,
Divorce and Civil Partnership,Application,,2023 Q2,All,Male,Female,25,,
Divorce and Civil Partnership,Application,,2023 Q2,Joint,Female,Female,42,,
Divorce and Civil Partnership,Application,,2023 Q2,Joint,Female,Male,15,,
Divorce and Civil Partnership,Application,,2023 Q2,Joint,Unknown,Unknown,441,,
Divorce and Civil Partnership,Application,,2023 Q2,Joint,Male,Male,30,,
Divorce and Civil Partnership,Application,,2023 Q2,Joint,Female,Unknown,2,,
Divorce and Civil Partnership,Application,,2023 Q2,All,Unknown,Male,2,,
Divorce and Civil Partnership,Application,,2023 Q2,All,Unknown,Unknown,1442,,
Divorce and Civil Partnership,Application,,2023 Q2,All,Male,Female,9996,,
Divorce and Civil Partnership,Application,,2023 Q2,All,Female,Male,28,,
Divorce and Civil Partnership,Application,,2023 Q2,All,Female,Female,102,,
Divorce and Civil Partnership,Application,,2023 Q2,All,Unknown,Unknown,12,,
Divorce and Civil Partnership,Application,,2023 Q2,All,Male,Unknown,2,,
Divorce and Civil Partnership,Application,,2023 Q3,Sole,Male,N/A,63,,
Divorce and Civil Partnership,Application,,2023 Q3,Sole,Unknown,N/A,3,,
Divorce and Civil Partnership,Application,,2023 Q3,Sole,Unknown,N/A,971,,
Divorce and Civil Partnership,Application,,2023 Q3,Sole,Male,N/A,7678,,
Divorce and Civil Partnership,Application,,2023 Q3,Sole,Female,N/A,62,,
Divorce and Civil Partnership,Application,,2023 Q3,Sole,Female,N/A,13236,,
Divorce and Civil Partnership,Application,,2023 Q3,Joint,All,All,6752,,
Divorce and Civil Partnership,Application,,2023 Q3,Sole,All,All,22013,,
Divorce and Civil Partnership,Application,,2023 Q3,All,All,All,28765,,
Divorce and Civil Partnership,Application,,2023 Q3,All,Female,Male,16341,,
Divorce and Civil Partnership,Application,,2023 Q3,All,Male,Male,204,,
Divorce and Civil Partnership,Application,,2023 Q3,Joint,Female,Male,8,,
Divorce and Civil Partnership,Application,,2023 Q3,Joint,Male,Male,41,,
Divorce and Civil Partnership,Application,,2023 Q3,Joint,Male,Male,79,,
Divorce and Civil Partnership,Application,,2023 Q3,Joint,Unknown,Unknown,7,,
Divorce and Civil Partnership,Application,,2023 Q3,All,Female,Male,18,,
Divorce and Civil Partnership,Application,,2023 Q3,All,Female,Unknown,4,,
Divorce and Civil Partnership,Application,,2023 Q3,All,Female,Female,364,,
Divorce and Civil Partnership,Application,,2023 Q3,All,Unknown,Unknown,1401,,
Divorce and Civil Partnership,Application,,2023 Q3,All,Male,Unknown,3,,
Divorce and Civil Partnership,Application,,2023 Q3,All,Female,Female,80,,
Divorce and Civil Partnership,Application,,2023 Q3,All,Male,Male,93,,
Divorce and Civil Partnership,Application,,2023 Q3,All,Male,Female,24,,
Divorce and Civil Partnership,Application,,2023 Q3,All,Unknown,Unknown,10,,
Divorce and Civil Partnership,Application,,2023 Q3,Joint,Male,Unknown,1,,
Divorce and Civil Partnership,Application,,2023 Q3,Joint,Male,Female,2665,,
Divorce and Civil Partnership,Application,,2023 Q3,Joint,Female,Male,3356,,
Divorce and Civil Partnership,Application,,2023 Q3,Joint,Female,Female,117,,
Divorce and Civil Partnership,Application,,2023 Q3,Joint,Female,Female,28,,
Divorce and Civil Partnership,Application,,2023 Q3,Joint,Male,Female,13,,
Divorce and Civil Partnership,Application,,2023 Q3,Joint,Unknown,Unknown,437,,
Divorce and Civil Partnership,Application,,2023 Q3,All,Unknown,Female,3,,
Divorce and Civil Partnership,Application,,2023 Q3,All,Unknown,Male,4,,
Divorce and Civil Partnership,Application,,2023 Q3,All,Male,Female,10216,,
Divorce and Civil Partnership,Application,,2023 Q4,Sole,Female,N/A,61,,
Divorce and Civil Partnership,Application,,2023 Q4,Sole,Male,N/A,6555,,
Divorce and Civil Partnership,Application,,2023 Q4,Sole,Unknown,N/A,885,,
Divorce and Civil Partnership,Application,,2023 Q4,Sole,Unknown,N/A,5,,
Divorce and Civil Partnership,Application,,2023 Q4,Sole,Female,N/A,11295,,
Divorce and Civil Partnership,Application,,2023 Q4,Sole,Male,N/A,51,,
Divorce and Civil Partnership,Application,,2023 Q4,Joint,All,All,5803,,
Divorce and Civil Partnership,Application,,2023 Q4,Sole,All,All,18852,,
Divorce and Civil Partnership,Application,,2023 Q4,All,All,All,24655,,
Divorce and Civil Partnership,Application,,2023 Q4,All,Unknown,Female,4,,
Divorce and Civil Partnership,Application,,2023 Q4,Joint,Male,Male,39,,
Divorce and Civil Partnership,Application,,2023 Q4,Joint,Female,Male,2904,,
Divorce and Civil Partnership,Application,,2023 Q4,Joint,Female,Female,27,,
Divorce and Civil Partnership,Application,,2023 Q4,Joint,Female,Unknown,1,,
Divorce and Civil Partnership,Application,,2023 Q4,Joint,Male,Female,2290,,
Divorce and Civil Partnership,Application,,2023 Q4,Joint,Unknown,Unknown,5,,
Divorce and Civil Partnership,Application,,2023 Q4,Joint,Male,Male,26,,
Divorce and Civil Partnership,Application,,2023 Q4,All,Male,Female,8746,,
Divorce and Civil Partnership,Application,,2023 Q4,All,Unknown,Unknown,10,,
Divorce and Civil Partnership,Application,,2023 Q4,All,Unknown,Unknown,1269,,
Divorce and Civil Partnership,Application,,2023 Q4,All,Male,Male,62,,
Divorce and Civil Partnership,Application,,2023 Q4,All,Female,Male,13986,,
Divorce and Civil Partnership,Application,,2023 Q4,All,Female,Female,298,,
Divorce and Civil Partnership,Application,,2023 Q4,All,Unknown,Male,4,,
Divorce and Civil Partnership,Application,,2023 Q4,All,Male,Female,36,,
Divorce and Civil Partnership,Application,,2023 Q4,All,Male,Unknown,3,,
Divorce and Civil Partnership,Application,,2023 Q4,All,Female,Unknown,5,,
Divorce and Civil Partnership,Application,,2023 Q4,Joint,Female,Female,89,,
Divorce and Civil Partnership,Application,,2023 Q4,Joint,Male,Female,21,,
Divorce and Civil Partnership,Application,,2023 Q4,Joint,Male,Unknown,1,,
Divorce and Civil Partnership,Application,,2023 Q4,Joint,Unknown,Unknown,392,,
Divorce and Civil Partnership,Application,,2023 Q4,Joint,Female,Male,8,,
Divorce and Civil Partnership,Application,,2023 Q4,All,Male,Male,136,,
Divorce and Civil Partnership,Application,,2023 Q4,All,Female,Female,78,,
Divorce and Civil Partnership,Application,,2023 Q4,All,Female,Male,18,,
Divorce and Civil Partnership,Application,,2024 Q1,Sole,Unknown,N/A,987,,
Divorce and Civil Partnership,Application,,2024 Q1,Sole,Male,N/A,61,,
Divorce and Civil Partnership,Application,,2024 Q1,Sole,Female,N/A,13602,,
Divorce and Civil Partnership,Application,,2024 Q1,Sole,Male,N/A,7776,,
Divorce and Civil Partnership,Application,,2024 Q1,Sole,Unknown,N/A,6,,
Divorce and Civil Partnership,Application,,2024 Q1,Sole,Female,N/A,61,,
Divorce and Civil Partnership,Application,,2024 Q1,Joint,All,All,7304,,
Divorce and Civil Partnership,Application,,2024 Q1,Sole,All,All,22493,,
Divorce and Civil Partnership,Application,,2024 Q1,All,All,All,29797,,
Divorce and Civil Partnership,Application,,2024 Q1,Joint,Female,Unknown,1,,
Divorce and Civil Partnership,Application,,2024 Q1,Joint,Female,Female,22,,
Divorce and Civil Partnership,Application,,2024 Q1,Joint,Female,Female,131,,
Divorce and Civil Partnership,Application,,2024 Q1,Joint,Unknown,Unknown,6,,
Divorce and Civil Partnership,Application,,2024 Q1,Joint,Male,Female,11,,
Divorce and Civil Partnership,Application,,2024 Q1,Joint,Female,Male,3862,,
Divorce and Civil Partnership,Application,,2024 Q1,Joint,Male,Male,74,,
Divorce and Civil Partnership,Application,,2024 Q1,All,Female,Unknown,5,,
Divorce and Civil Partnership,Application,,2024 Q1,All,Female,Female,387,,
Divorce and Civil Partnership,Application,,2024 Q1,All,Male,Unknown,3,,
Divorce and Civil Partnership,Application,,2024 Q1,All,Female,Female,67,,
Divorce and Civil Partnership,Application,,2024 Q1,All,Female,Male,31,,
Divorce and Civil Partnership,Application,,2024 Q1,All,Male,Male,182,,
Divorce and Civil Partnership,Application,,2024 Q1,All,Unknown,Female,3,,
Divorce and Civil Partnership,Application,,2024 Q1,All,Unknown,Unknown,1373,,
Divorce and Civil Partnership,Application,,2024 Q1,Joint,Male,Unknown,1,,
Divorce and Civil Partnership,Application,,2024 Q1,Joint,Male,Female,2750,,
Divorce and Civil Partnership,Application,,2024 Q1,Joint,Unknown,Unknown,393,,
Divorce and Civil Partnership,Application,,2024 Q1,Joint,Female,Male,15,,
Divorce and Civil Partnership,Application,,2024 Q1,Joint,Male,Male,38,,
Divorce and Civil Partnership,Application,,2024 Q1,All,Unknown,Male,4,,
Divorce and Civil Partnership,Application,,2024 Q1,All,Unknown,Unknown,12,,
Divorce and Civil Partnership,Application,,2024 Q1,All,Male,Female,10416,,
Divorce and Civil Partnership,Application,,2024 Q1,All,Male,Male,82,,
Divorce and Civil Partnership,Application,,2024 Q1,All,Male,Female,28,,
Divorce and Civil Partnership,Application,,2024 Q1,All,Female,Male,17204,,
Divorce and Civil Partnership,Application,,2024 Q2,Sole,Unknown,N/A,4,,
Divorce and Civil Partnership,Application,,2024 Q2,Sole,Male,N/A,51,,
Divorce and Civil Partnership,Application,,2024 Q2,Sole,Female,N/A,12608,,
Divorce and Civil Partnership,Application,,2024 Q2,Sole,Female,N/A,71,,
Divorce and Civil Partnership,Application,,2024 Q2,Sole,Unknown,N/A,639,,
Divorce and Civil Partnership,Application,,2024 Q2,Joint,All,All,6858,,
Divorce and Civil Partnership,Application,,2024 Q2,Sole,All,All,20596,,
Divorce and Civil Partnership,Application,,2024 Q2,All,All,All,27454,,
Divorce and Civil Partnership,Application,,2024 Q2,All,Female,Female,90,,
Divorce and Civil Partnership,Application,,2024 Q2,Joint,Female,Unknown,1,,
Divorce and Civil Partnership,Application,,2024 Q2,Joint,Female,Female,34,,
Divorce and Civil Partnership,Application,,2024 Q2,Joint,Female,Male,13,,
Divorce and Civil Partnership,Application,,2024 Q2,Joint,Female,Male,3484,,
Divorce and Civil Partnership,Application,,2024 Q2,Joint,Male,Male,46,,
Divorce and Civil Partnership,Application,,2024 Q2,Joint,Male,Male,67,,
Divorce and Civil Partnership,Application,,2024 Q2,Sole,Male,N/A,7223,,
Divorce and Civil Partnership,Application,,2024 Q2,All,Unknown,Unknown,942,,
Divorce and Civil Partnership,Application,,2024 Q2,All,Female,Male,15857,,
Divorce and Civil Partnership,Application,,2024 Q2,All,Female,Female,365,,
Divorce and Civil Partnership,Application,,2024 Q2,All,Female,Male,28,,
Divorce and Civil Partnership,Application,,2024 Q2,All,Male,Unknown,1,,
Divorce and Civil Partnership,Application,,2024 Q2,All,Unknown,Unknown,11,,
Divorce and Civil Partnership,Application,,2024 Q2,All,Female,Unknown,4,,
Divorce and Civil Partnership,Application,,2024 Q2,All,Unknown,Female,1,,
Divorce and Civil Partnership,Application,,2024 Q2,Joint,Unknown,Unknown,304,,
Divorce and Civil Partnership,Application,,2024 Q2,Joint,Male,Unknown,1,,
Divorce and Civil Partnership,Application,,2024 Q2,Joint,Female,Female,133,,
Divorce and Civil Partnership,Application,,2024 Q2,Joint,Male,Female,2748,,
Divorce and Civil Partnership,Application,,2024 Q2,Joint,Unknown,Male,1,,
Divorce and Civil Partnership,Application,,2024 Q2,Joint,Male,Female,19,,
Divorce and Civil Partnership,Application,,2024 Q2,Joint,Unknown,Unknown,7,,
Divorce and Civil Partnership,Application,,2024 Q2,All,Male,Male,164,,
Divorce and Civil Partnership,Application,,2024 Q2,All,Male,Female,29,,
Divorce and Civil Partnership,Application,,2024 Q2,All,Male,Female,9874,,
Divorce and Civil Partnership,Application,,2024 Q2,All,Male,Male,87,,
Divorce and Civil Partnership,Application,,2024 Q2,All,Unknown,Male,1,,
Divorce and Civil Partnership,Application,,2024 Q3,Sole,Female,N/A,62,,
Divorce and Civil Partnership,Application,,2024 Q3,Sole,Unknown,N/A,3,,
Divorce and Civil Partnership,Application,,2024 Q3,Sole,Male,N/A,68,,
Divorce and Civil Partnership,Application,,2024 Q3,Sole,Female,N/A,13096,,
Divorce and Civil Partnership,Application,,2024 Q3,Sole,Male,N/A,7299,,
Divorce and Civil Partnership,Application,,2024 Q3,Joint,All,All,6990,,
Divorce and Civil Partnership,Application,,2024 Q3,Sole,All,All,21076,,
Divorce and Civil Partnership,Application,,2024 Q3,All,All,All,28066,,
Divorce and Civil Partnership,Application,,2024 Q3,All,Female,Male,37,,
Divorce and Civil Partnership,Application,,2024 Q3,Joint,Female,Male,21,,
Divorce and Civil Partnership,Application,,2024 Q3,Joint,Female,Female,29,,
Divorce and Civil Partnership,Application,,2024 Q3,Joint,Male,Female,13,,
Divorce and Civil Partnership,Application,,2024 Q3,Sole,Unknown,N/A,548,,
Divorce and Civil Partnership,Application,,2024 Q3,All,Female,Female,367,,
Divorce and Civil Partnership,Application,,2024 Q3,All,Male,Female,9937,,
Divorce and Civil Partnership,Application,,2024 Q3,All,Male,Male,169,,
Divorce and Civil Partnership,Application,,2024 Q3,All,Male,Male,91,,
Divorce and Civil Partnership,Application,,2024 Q3,All,Unknown,Male,1,,
Divorce and Civil Partnership,Application,,2024 Q3,All,Female,Unknown,1,,
Divorce and Civil Partnership,Application,,2024 Q3,All,Unknown,Unknown,799,,
Divorce and Civil Partnership,Application,,2024 Q3,All,Unknown,Female,1,,
Divorce and Civil Partnership,Application,,2024 Q3,All,Female,Female,75,,
Divorce and Civil Partnership,Application,,2024 Q3,All,Unknown,Unknown,9,,
Divorce and Civil Partnership,Application,,2024 Q3,Joint,Female,Female,105,,
Divorce and Civil Partnership,Application,,2024 Q3,Joint,Female,Male,3713,,
Divorce and Civil Partnership,Application,,2024 Q3,Joint,Male,Male,43,,
Divorce and Civil Partnership,Application,,2024 Q3,Joint,Unknown,Unknown,6,,
Divorce and Civil Partnership,Application,,2024 Q3,Joint,Male,Male,65,,
Divorce and Civil Partnership,Application,,2024 Q3,Joint,Male,Female,2742,,
Divorce and Civil Partnership,Application,,2024 Q3,Joint,Unknown,Unknown,253,,
Divorce and Civil Partnership,Application,,2024 Q3,All,Female,Male,16546,,
Divorce and Civil Partnership,Application,,2024 Q3,All,Male,Female,33,,
Divorce and Civil Partnership,Application,,2024 Q4,Sole,Male,N/A,56,,
Divorce and Civil Partnership,Application,,2024 Q4,Sole,Unknown,N/A,453,,
Divorce and Civil Partnership,Application,,2024 Q4,Sole,Unknown,N/A,2,,
Divorce and Civil Partnership,Application,,2024 Q4,Sole,Female,N/A,57,,
Divorce and Civil Partnership,Application,,2024 Q4,Sole,Female,N/A,11525,,
Divorce and Civil Partnership,Application,,2024 Q4,Sole,Male,N/A,6719,,
Divorce and Civil Partnership,Application,,2024 Q4,Joint,All,All,6299,,
Divorce and Civil Partnership,Application,,2024 Q4,Sole,All,All,18812,,
Divorce and Civil Partnership,Application,,2024 Q4,All,All,All,25111,,
Divorce and Civil Partnership,Application,,2024 Q4,All,Unknown,Female,1,,
Divorce and Civil Partnership,Application,,2024 Q4,Joint,Female,Male,11,,
Divorce and Civil Partnership,Application,,2024 Q4,Joint,Male,Male,28,,
Divorce and Civil Partnership,Application,,2024 Q4,Joint,Male,Male,53,,
Divorce and Civil Partnership,Application,,2024 Q4,Joint,Male,Female,2560,,
Divorce and Civil Partnership,Application,,2024 Q4,Joint,Female,Female,30,,
Divorce and Civil Partnership,Application,,2024 Q4,Joint,Male,Female,16,,
Divorce and Civil Partnership,Application,,2024 Q4,All,Male,Female,30,,
Divorce and Civil Partnership,Application,,2024 Q4,All,Unknown,Unknown,7,,
Divorce and Civil Partnership,Application,,2024 Q4,All,Female,Female,310,,
Divorce and Civil Partnership,Application,,2024 Q4,All,Male,Male,70,,
Divorce and Civil Partnership,Application,,2024 Q4,Joint,Unknown,Unknown,209,,
Divorce and Civil Partnership,Application,,2024 Q4,Joint,Female,Female,110,,
Divorce and Civil Partnership,Application,,2024 Q4,Joint,Unknown,Unknown,5,,
Divorce and Civil Partnership,Application,,2024 Q4,Joint,Female,Male,3277,,
Divorce and Civil Partnership,Application,,2024 Q4,All,Female,Female,76,,
Divorce and Civil Partnership,Application,,2024 Q4,All,Female,Male,14600,,
Divorce and Civil Partnership,Application,,2024 Q4,All,Male,Male,165,,
Divorce and Civil Partnership,Application,,2024 Q4,All,Female,Unknown,2,,
Divorce and Civil Partnership,Application,,2024 Q4,All,Unknown,Unknown,661,,
Divorce and Civil Partnership,Application,,2024 Q4,All,Male,Female,9167,,
Divorce and Civil Partnership,Application,,2024 Q4,All,Female,Male,22,,
Divorce and Civil Partnership,Application,,2025 Q1,Sole,Unknown,N/A,451,,
Divorce and Civil Partnership,Application,,2025 Q1,Sole,Male,N/A,7715,,
Divorce and Civil Partnership,Application,,2025 Q1,Sole,Female,N/A,57,,
Divorce and Civil Partnership,Application,,2025 Q1,Sole,Male,N/A,54,,
Divorce and Civil Partnership,Application,,2025 Q1,Sole,Unknown,N/A,5,,
Divorce and Civil Partnership,Application,,2025 Q1,Sole,Female,N/A,13929,,
Divorce and Civil Partnership,Application,,2025 Q1,Joint,All,All,7960,,
Divorce and Civil Partnership,Application,,2025 Q1,Sole,All,All,22211,,
Divorce and Civil Partnership,Application,,2025 Q1,All,All,All,30171,,
Divorce and Civil Partnership,Application,,2025 Q1,All,Male,Unknown,2,,
Divorce and Civil Partnership,Application,,2025 Q1,Joint,Unknown,Unknown,6,,
Divorce and Civil Partnership,Application,,2025 Q1,Joint,Female,Female,161,,
Divorce and Civil Partnership,Application,,2025 Q1,Joint,Male,Male,42,,
Divorce and Civil Partnership,Application,,2025 Q1,Joint,Male,Unknown,1,,
Divorce and Civil Partnership,Application,,2025 Q1,All,Male,Male,208,,
Divorce and Civil Partnership,Application,,2025 Q1,All,Male,Female,40,,
Divorce and Civil Partnership,Application,,2025 Q1,All,Female,Female,432,,
Divorce and Civil Partnership,Application,,2025 Q1,All,Female,Unknown,2,,
Divorce and Civil Partnership,Application,,2025 Q1,All,Unknown,Unknown,670,,
Divorce and Civil Partnership,Application,,2025 Q1,All,Female,Male,42,,
Divorce and Civil Partnership,Application,,2025 Q1,Joint,Male,Male,79,,
Divorce and Civil Partnership,Application,,2025 Q1,Joint,Unknown,Unknown,219,,
Divorce and Civil Partnership,Application,,2025 Q1,Joint,Female,Male,27,,
Divorce and Civil Partnership,Application,,2025 Q1,Joint,Female,Female,37,,
Divorce and Civil Partnership,Application,,2025 Q1,Joint,Male,Female,3215,,
Divorce and Civil Partnership,Application,,2025 Q1,Joint,Female,Male,4151,,
Divorce and Civil Partnership,Application,,2025 Q1,Joint,Male,Female,20,,
Divorce and Civil Partnership,Application,,2025 Q1,Joint,Female,Unknown,2,,
Divorce and Civil Partnership,Application,,2025 Q1,All,Male,Female,10800,,
Divorce and Civil Partnership,Application,,2025 Q1,All,Male,Male,76,,
Divorce and Civil Partnership,Application,,2025 Q1,All,Female,Male,17809,,
Divorce and Civil Partnership,Application,,2025 Q1,All,Unknown,Unknown,11,,
Divorce and Civil Partnership,Application,,2025 Q1,All,Female,Female,79,,
Divorce and Civil Partnership,Application,,2025 Q2,Sole,Female,N/A,12615,,
Divorce and Civil Partnership,Application,,2025 Q2,Sole,Male,N/A,48,,
Divorce and Civil Partnership,Application,,2025 Q2,Sole,Female,N/A,59,,
Divorce and Civil Partnership,Application,,2025 Q2,Sole,Male,N/A,7151,,
Divorce and Civil Partnership,Application,,2025 Q2,Sole,Unknown,N/A,1,,
Divorce and Civil Partnership,Application,,2025 Q2,Joint,All,All,7341,,
Divorce and Civil Partnership,Application,,2025 Q2,Sole,All,All,20273,,
Divorce and Civil Partnership,Application,,2025 Q2,All,All,All,27614,,
Divorce and Civil Partnership,Application,,2025 Q2,Joint,Female,Female,31,,
Divorce and Civil Partnership,Application,,2025 Q2,Joint,Female,Unknown,1,,
Divorce and Civil Partnership,Application,,2025 Q2,Joint,Female,Male,24,,
Divorce and Civil Partnership,Application,,2025 Q2,Joint,Male,Female,14,,
Divorce and Civil Partnership,Application,,2025 Q2,Joint,Female,Male,3816,,
Divorce and Civil Partnership,Application,,2025 Q2,Joint,Male,Female,2964,,
Divorce and Civil Partnership,Application,,2025 Q2,Sole,Unknown,N/A,399,,
Divorce and Civil Partnership,Application,,2025 Q2,All,Unknown,Unknown,624,,
Divorce and Civil Partnership,Application,,2025 Q2,All,Unknown,Unknown,12,,
Divorce and Civil Partnership,Application,,2025 Q2,All,Male,Male,66,,
Divorce and Civil Partnership,Application,,2025 Q2,All,Female,Female,406,,
Divorce and Civil Partnership,Application,,2025 Q2,All,Male,Female,9975,,
Divorce and Civil Partnership,Application,,2025 Q2,All,Female,Male,43,,
Divorce and Civil Partnership,Application,,2025 Q2,All,Female,Female,71,,
Divorce and Civil Partnership,Application,,2025 Q2,All,Male,Unknown,1,,
Divorce and Civil Partnership,Application,,2025 Q2,Joint,Unknown,Unknown,225,,
Divorce and Civil Partnership,Application,,2025 Q2,Joint,Unknown,Unknown,11,,
Divorce and Civil Partnership,Application,,2025 Q2,Joint,Male,Male,36,,
Divorce and Civil Partnership,Application,,2025 Q2,Joint,Male,Male,73,,
Divorce and Civil Partnership,Application,,2025 Q2,Joint,Female,Female,146,,
Divorce and Civil Partnership,Application,,2025 Q2,All,Male,Male,212,,
Divorce and Civil Partnership,Application,,2025 Q2,All,Female,Unknown,5,,
Divorce and Civil Partnership,Application,,2025 Q2,All,Female,Male,16167,,
Divorce and Civil Partnership,Application,,2025 Q2,All,Male,Female,32,,
Divorce and Civil Partnership,Application,,2025 Q3,Sole,Female,N/A,71,,
Divorce and Civil Partnership,Application,,2025 Q3,Sole,Unknown,N/A,321,,
Divorce and Civil Partnership,Application,,2025 Q3,Sole,Unknown,N/A,3,,
Divorce and Civil Partnership,Application,,2025 Q3,Sole,Female,N/A,12311,,
Divorce and Civil Partnership,Application,,2025 Q3,Sole,Male,N/A,58,,
Divorce and Civil Partnership,Application,,2025 Q3,Sole,Male,N/A,7105,,
Divorce and Civil Partnership,Application,,2025 Q3,Joint,All,All,7629,,
Divorce and Civil Partnership,Application,,2025 Q3,Sole,All,All,19869,,
Divorce and Civil Partnership,Application,,2025 Q3,All,All,All,27498,,
Divorce and Civil Partnership,Application,,2025 Q3,All,Female,Male,49,,
Divorce and Civil Partnership,Application,,2025 Q3,Joint,Female,Unknown,2,,
Divorce and Civil Partnership,Application,,2025 Q3,Joint,Male,Female,3073,,
Divorce and Civil Partnership,Application,,2025 Q3,Joint,Male,Female,28,,
Divorce and Civil Partnership,Application,,2025 Q3,Joint,Unknown,Unknown,203,,
Divorce and Civil Partnership,Application,,2025 Q3,All,Male,Female,10036,,
Divorce and Civil Partnership,Application,,2025 Q3,All,Male,Male,213,,
Divorce and Civil Partnership,Application,,2025 Q3,All,Female,Female,387,,
Divorce and Civil Partnership,Application,,2025 Q3,All,Male,Female,49,,
Divorce and Civil Partnership,Application,,2025 Q3,All,Unknown,Unknown,522,,
Divorce and Civil Partnership,Application,,2025 Q3,All,Female,Unknown,3,,
Divorce and Civil Partnership,Application,,2025 Q3,All,Unknown,Male,2,,
Divorce and Civil Partnership,Application,,2025 Q3,Joint,Unknown,Unknown,2,,
Divorce and Civil Partnership,Application,,2025 Q3,Joint,Female,Male,20,,
Divorce and Civil Partnership,Application,,2025 Q3,Joint,Female,Female,133,,
Divorce and Civil Partnership,Application,,2025 Q3,Joint,Male,Male,40,,
Divorce and Civil Partnership,Application,,2025 Q3,Joint,Female,Male,4024,,
Divorce and Civil Partnership,Application,,2025 Q3,Joint,Female,Female,33,,
Divorce and Civil Partnership,Application,,2025 Q3,Joint,Male,Male,71,,
Divorce and Civil Partnership,Application,,2025 Q3,All,Unknown,Unknown,5,,
Divorce and Civil Partnership,Application,,2025 Q3,All,Female,Male,16080,,
Divorce and Civil Partnership,Application,,2025 Q3,All,Male,Male,77,,
Divorce and Civil Partnership,Application,,2025 Q3,All,Female,Female,75,,
Divorce and Civil Partnership,Application,,2025 Q4,Sole,Unknown,N/A,4,,
Divorce and Civil Partnership,Application,,2025 Q4,Sole,Female,N/A,10870,,
Divorce and Civil Partnership,Application,,2025 Q4,Sole,Male,N/A,6103,,
Divorce and Civil Partnership,Application,,2025 Q4,Sole,Male,N/A,54,,
Divorce and Civil Partnership,Application,,2025 Q4,Sole,Unknown,N/A,342,,
Divorce and Civil Partnership,Application,,2025 Q4,Sole,Female,N/A,43,,
Divorce and Civil Partnership,Application,,2025 Q4,Joint,All,All,6485,,
Divorce and Civil Partnership,Application,,2025 Q4,Sole,All,All,17416,,
Divorce and Civil Partnership,Application,,2025 Q4,All,All,All,23901,,
Divorce and Civil Partnership,Application,,2025 Q4,Joint,Male,Female,26,,
Divorce and Civil Partnership,Application,,2025 Q4,Joint,Unknown,Unknown,173,,
Divorce and Civil Partnership,Application,,2025 Q4,Joint,Male,Male,69,,
Divorce and Civil Partnership,Application,,2025 Q4,Joint,Female,Female,125,,
Divorce and Civil Partnership,Application,,2025 Q4,All,Female,Male,13960,,
Divorce and Civil Partnership,Application,,2025 Q4,All,Male,Male,191,,
Divorce and Civil Partnership,Application,,2025 Q4,All,Unknown,Unknown,7,,
Divorce and Civil Partnership,Application,,2025 Q4,All,Unknown,Female,2,,
Divorce and Civil Partnership,Application,,2025 Q4,All,Female,Unknown,2,,
Divorce and Civil Partnership,Application,,2025 Q4,All,Female,Female,46,,
Divorce and Civil Partnership,Application,,2025 Q4,All,Male,Female,50,,
Divorce and Civil Partnership,Application,,2025 Q4,All,Male,Unknown,1,,
Divorce and Civil Partnership,Application,,2025 Q4,All,Unknown,Unknown,513,,
Divorce and Civil Partnership,Application,,2025 Q4,All,Female,Female,362,,
Divorce and Civil Partnership,Application,,2025 Q4,Joint,Female,Male,3328,,
Divorce and Civil Partnership,Application,,2025 Q4,Joint,Female,Male,24,,
Divorce and Civil Partnership,Application,,2025 Q4,Joint,Female,Female,24,,
Divorce and Civil Partnership,Application,,2025 Q4,Joint,Male,Male,36,,
Divorce and Civil Partnership,Application,,2025 Q4,Joint,Unknown,Unknown,3,,
Divorce and Civil Partnership,Application,,2025 Q4,Joint,Female,Unknown,1,,
Divorce and Civil Partnership,Application,,2025 Q4,Joint,Male,Female,2676,,
Divorce and Civil Partnership,Application,,2025 Q4,All,Male,Female,8656,,
Divorce and Civil Partnership,Application,,2025 Q4,All,Male,Male,66,,
Divorce and Civil Partnership,Application,,2025 Q4,All,Female,Male,45,,
Divorce and Civil Partnership,Conditional Order,2022,,All,All,All,21506,27.489,27
Divorce and Civil Partnership,Conditional Order,2022,,Sole,All,All,15754,27.584,27
Divorce and Civil Partnership,Conditional Order,2022,,Joint,All,All,5752,27.23,26.857
Divorce and Civil Partnership,Conditional Order,2023,,All,All,All,95178,30.903,28.143
Divorce and Civil Partnership,Conditional Order,2023,,Joint,All,All,24495,28.262,26.143
Divorce and Civil Partnership,Conditional Order,2023,,Sole,All,All,70683,31.818,29
Divorce and Civil Partnership,Conditional Order,2024,,All,All,All,103245,34.52,29.143
Divorce and Civil Partnership,Conditional Order,2024,,Sole,All,All,78193,35.877,30
Divorce and Civil Partnership,Conditional Order,2024,,Joint,All,All,25052,30.283,27
Divorce and Civil Partnership,Conditional Order,2025,,All,All,All,115821,36.845,30.286
Divorce and Civil Partnership,Conditional Order,2025,,Joint,All,All,29744,32.194,29.143
Divorce and Civil Partnership,Conditional Order,2025,,Sole,All,All,86077,38.453,31
Divorce and Civil Partnership,Conditional Order,,2022 Q3,All,All,All,646,24.566,24.143
Divorce and Civil Partnership,Conditional Order,,2022 Q3,Joint,All,All,108,24.692,24.857
Divorce and Civil Partnership,Conditional Order,,2022 Q3,Sole,All,All,538,24.541,24.143
Divorce and Civil Partnership,Conditional Order,,2022 Q4,All,All,All,20860,27.58,27
Divorce and Civil Partnership,Conditional Order,,2022 Q4,Joint,All,All,5644,27.279,26.857
Divorce and Civil Partnership,Conditional Order,,2022 Q4,Sole,All,All,15216,27.691,27.143
Divorce and Civil Partnership,Conditional Order,,2023 Q1,All,All,All,29619,29.665,28.143
Divorce and Civil Partnership,Conditional Order,,2023 Q1,Sole,All,All,22313,30.062,28.286
Divorce and Civil Partnership,Conditional Order,,2023 Q1,Joint,All,All,7306,28.452,27.429
Divorce and Civil Partnership,Conditional Order,,2023 Q2,All,All,All,23457,29.07,26.143
Divorce and Civil Partnership,Conditional Order,,2023 Q2,Sole,All,All,17576,29.761,26.429
Divorce and Civil Partnership,Conditional Order,,2023 Q2,Joint,All,All,5881,27.006,24.857
Divorce and Civil Partnership,Conditional Order,,2023 Q3,All,All,All,20948,31.135,27
Divorce and Civil Partnership,Conditional Order,,2023 Q3,Sole,All,All,15298,32.285,27.714
Divorce and Civil Partnership,Conditional Order,,2023 Q3,Joint,All,All,5650,28.022,25.286
Divorce and Civil Partnership,Conditional Order,,2023 Q4,All,All,All,21154,34.437,30
Divorce and Civil Partnership,Conditional Order,,2023 Q4,Joint,All,All,5658,29.563,26.143
Divorce and Civil Partnership,Conditional Order,,2023 Q4,Sole,All,All,15496,36.217,31
Divorce and Civil Partnership,Conditional Order,,2024 Q1,All,All,All,32075,35.097,30.286
Divorce and Civil Partnership,Conditional Order,,2024 Q1,Sole,All,All,25394,36.305,30.857
Divorce and Civil Partnership,Conditional Order,,2024 Q1,Joint,All,All,6681,30.505,27.429
Divorce and Civil Partnership,Conditional Order,,2024 Q2,All,All,All,28347,34.444,28.143
Divorce and Civil Partnership,Conditional Order,,2024 Q2,Joint,All,All,7098,30.785,26.714
Divorce and Civil Partnership,Conditional Order,,2024 Q2,Sole,All,All,21249,35.666,28.857
Divorce and Civil Partnership,Conditional Order,,2024 Q3,All,All,All,27830,33.018,26
Divorce and Civil Partnership,Conditional Order,,2024 Q3,Sole,All,All,21290,34.361,26.429
Divorce and Civil Partnership,Conditional Order,,2024 Q3,Joint,All,All,6540,28.645,25
Divorce and Civil Partnership,Conditional Order,,2024 Q4,All,All,All,14993,36.219,30.857
Divorce and Civil Partnership,Conditional Order,,2024 Q4,Joint,All,All,4733,31.483,28.571
Divorce and Civil Partnership,Conditional Order,,2024 Q4,Sole,All,All,10260,38.404,31.286
Divorce and Civil Partnership,Conditional Order,,2025 Q1,All,All,All,26415,38.337,32.429
Divorce and Civil Partnership,Conditional Order,,2025 Q1,Joint,All,All,5979,33.445,30
Divorce and Civil Partnership,Conditional Order,,2025 Q1,Sole,All,All,20436,39.769,32.857
Divorce and Civil Partnership,Conditional Order,,2025 Q2,All,All,All,30383,37.246,30.286
Divorce and Civil Partnership,Conditional Order,,2025 Q2,Sole,All,All,22409,38.653,30.714
Divorce and Civil Partnership,Conditional Order,,2025 Q2,Joint,All,All,7974,33.292,29.857
Divorce and Civil Partnership,Conditional Order,,2025 Q3,All,All,All,29082,36.211,28.286
Divorce and Civil Partnership,Conditional Order,,2025 Q3,Joint,All,All,7586,31.498,27.714
Divorce and Civil Partnership,Conditional Order,,2025 Q3,Sole,All,All,21496,37.874,28.714
Divorce and Civil Partnership,Conditional Order,,2025 Q4,All,All,All,29941,35.739,28
Divorce and Civil Partnership,Conditional Order,,2025 Q4,Sole,All,All,21736,37.582,28.286
Divorce and Civil Partnership,Conditional Order,,2025 Q4,Joint,All,All,8205,30.859,27.429
Divorce and Civil Partnership,Final Order,2022,,Sole,All,All,5288,32.832,32.571
Divorce and Civil Partnership,Final Order,2022,,Joint,All,All,2160,32.845,32.571
Divorce and Civil Partnership,Final Order,2022,,All,All,All,7448,32.836,32.571
Divorce and Civil Partnership,Final Order,2023,,Sole,All,All,56200,40.08,35.857
Divorce and Civil Partnership,Final Order,2023,,Joint,All,All,20724,37.222,33.857
Divorce and Civil Partnership,Final Order,2023,,All,All,All,76924,39.31,35.286
Divorce and Civil Partnership,Final Order,2024,,Joint,All,All,22975,43.921,35.429
Divorce and Civil Partnership,Final Order,2024,,Sole,All,All,71270,50.089,40.429
Divorce and Civil Partnership,Final Order,2024,,All,All,All,94245,48.585,39.143
Divorce and Civil Partnership,Final Order,2025,,Joint,All,All,25829,49.161,37.571
Divorce and Civil Partnership,Final Order,2025,,Sole,All,All,74028,57.749,42.286
Divorce and Civil Partnership,Final Order,2025,,All,All,All,99857,55.528,40.857
Divorce and Civil Partnership,Final Order,,2022 Q4,Joint,All,All,2160,32.845,32.571
Divorce and Civil Partnership,Final Order,,2022 Q4,Sole,All,All,5288,32.832,32.571
Divorce and Civil Partnership,Final Order,,2022 Q4,All,All,All,7448,32.836,32.571
Divorce and Civil Partnership,Final Order,,2023 Q1,Sole,All,All,13436,36.165,34.857
Divorce and Civil Partnership,Final Order,,2023 Q1,Joint,All,All,4761,35.535,34.286
Divorce and Civil Partnership,Final Order,,2023 Q1,All,All,All,18197,36,34.714
Divorce and Civil Partnership,Final Order,,2023 Q2,Joint,All,All,5387,35.938,33.429
Divorce and Civil Partnership,Final Order,,2023 Q2,Sole,All,All,14875,38.031,34.857
Divorce and Civil Partnership,Final Order,,2023 Q2,All,All,All,20262,37.474,34.429
Divorce and Civil Partnership,Final Order,,2023 Q3,Joint,All,All,5266,37.394,32.286
Divorce and Civil Partnership,Final Order,,2023 Q3,Sole,All,All,14958,40.996,36.143
Divorce and Civil Partnership,Final Order,,2023 Q3,All,All,All,20224,40.058,35
Divorce and Civil Partnership,Final Order,,2023 Q4,Joint,All,All,5310,39.867,34
Divorce and Civil Partnership,Final Order,,2023 Q4,Sole,All,All,12931,45.448,38.714
Divorce and Civil Partnership,Final Order,,2023 Q4,All,All,All,18241,43.823,37.286
Divorce and Civil Partnership,Final Order,,2024 Q1,Joint,All,All,5179,43.106,36.286
Divorce and Civil Partnership,Final Order,,2024 Q1,Sole,All,All,16956,48.877,41.571
Divorce and Civil Partnership,Final Order,,2024 Q1,All,All,All,22135,47.527,40.429
Divorce and Civil Partnership,Final Order,,2024 Q2,Joint,All,All,5999,43.017,35.714
Divorce and Civil Partnership,Final Order,,2024 Q2,Sole,All,All,19918,48.003,39.571
Divorce and Civil Partnership,Final Order,,2024 Q2,All,All,All,25917,46.849,38.571
Divorce and Civil Partnership,Final Order,,2024 Q3,Joint,All,All,6394,43.223,34.571
Divorce and Civil Partnership,Final Order,,2024 Q3,Sole,All,All,18670,50.068,39.429
Divorce and Civil Partnership,Final Order,,2024 Q3,All,All,All,25064,48.321,38
Divorce and Civil Partnership,Final Order,,2024 Q4,Sole,All,All,15726,54.062,41
Divorce and Civil Partnership,Final Order,,2024 Q4,Joint,All,All,5403,46.53,35.429
Divorce and Civil Partnership,Final Order,,2024 Q4,All,All,All,21129,52.136,39.286
Divorce and Civil Partnership,Final Order,,2025 Q1,Joint,All,All,5457,50.259,38.857
Divorce and Civil Partnership,Final Order,,2025 Q1,Sole,All,All,14787,59.768,44.714
Divorce and Civil Partnership,Final Order,,2025 Q1,All,All,All,20244,57.205,42.857
Divorce and Civil Partnership,Final Order,,2025 Q2,Joint,All,All,6512,49.348,38.857
Divorce and Civil Partnership,Final Order,,2025 Q2,Sole,All,All,20079,57.085,43
Divorce and Civil Partnership,Final Order,,2025 Q2,All,All,All,26591,55.19,41.714
Divorce and Civil Partnership,Final Order,,2025 Q3,Joint,All,All,6787,49.65,37.429
Divorce and Civil Partnership,Final Order,,2025 Q3,Sole,All,All,19639,58.01,42.286
Divorce and Civil Partnership,Final Order,,2025 Q3,All,All,All,26426,55.863,40.714
Divorce and Civil Partnership,Final Order,,2025 Q4,Sole,All,All,19523,56.642,38.714
Divorce and Civil Partnership,Final Order,,2025 Q4,Joint,All,All,7073,47.672,35.571
Divorce and Civil Partnership,Final Order,,2025 Q4,All,All,All,26596,54.257,37.571
Judicial Separation,Application,2023,,Joint,Female,Unknown,1,,
Judicial Separation,Application,2023,,Sole,Unknown,N/A,117,,
Judicial Separation,Application,2023,,All,All,All,253,,
Judicial Separation,Application,2023,,Sole,Female,N/A,4,,
Judicial Separation,Application,2023,,Joint,All,All,128,,
Judicial Separation,Application,2023,,Sole,All,All,125,,
Judicial Separation,Application,2023,,All,Male,Unknown,1,,
Judicial Separation,Application,2023,,All,Unknown,Male,3,,
Judicial Separation,Application,2023,,All,Male,Female,3,,
Judicial Separation,Application,2023,,All,Female,Male,5,,
Judicial Separation,Application,2023,,All,Female,Unknown,1,,
Judicial Separation,Application,2023,,All,Unknown,Unknown,240,,
Judicial Separation,Application,2023,,Joint,Unknown,Unknown,126,,
Judicial Separation,Application,2023,,Joint,Female,Male,1,,
Judicial Separation,Application,2023,,Sole,Male,N/A,4,,
Judicial Separation,Application,2024,,Joint,Male,Unknown,1,,
Judicial Separation,Application,2024,,Joint,Male,Female,4,,
Judicial Separation,Application,2024,,Joint,Female,Male,6,,
Judicial Separation,Application,2024,,Joint,Unknown,Unknown,166,,
Judicial Separation,Application,2024,,All,All,All,345,,
Judicial Separation,Application,2024,,Joint,All,All,177,,
Judicial Separation,Application,2024,,Sole,All,All,168,,
Judicial Separation,Application,2024,,All,Female,Male,19,,
Judicial Separation,Application,2024,,All,Male,Unknown,1,,
Judicial Separation,Application,2024,,All,Male,Male,1,,
Judicial Separation,Application,2024,,All,Male,Female,7,,
Judicial Separation,Application,2024,,Sole,Female,N/A,13,,
Judicial Separation,Application,2024,,Sole,Male,N/A,4,,
Judicial Separation,Application,2024,,Sole,Unknown,N/A,151,,
Judicial Separation,Application,2024,,All,Unknown,Unknown,317,,
Judicial Separation,Application,2025,,Sole,Female,N/A,32,,
Judicial Separation,Application,2025,,Joint,Unknown,Unknown,118,,
Judicial Separation,Application,2025,,All,All,All,299,,
Judicial Separation,Application,2025,,Joint,All,All,163,,
Judicial Separation,Application,2025,,Sole,All,All,136,,
Judicial Separation,Application,2025,,All,Male,Female,27,,
Judicial Separation,Application,2025,,All,Male,Male,1,,
Judicial Separation,Application,2025,,Joint,Male,Female,17,,
Judicial Separation,Application,2025,,Joint,Female,Male,27,,
Judicial Separation,Application,2025,,Sole,Male,N/A,10,,
Judicial Separation,Application,2025,,Sole,Unknown,N/A,94,,
Judicial Separation,Application,2025,,All,Female,Male,58,,
Judicial Separation,Application,2025,,All,Female,Unknown,1,,
Judicial Separation,Application,2025,,All,Unknown,Unknown,212,,
Judicial Separation,Application,2025,,Joint,Male,Male,1,,
Judicial Separation,Application,,2023 Q2,All,All,All,40,,
Judicial Separation,Application,,2023 Q2,All,Unknown,Unknown,37,,
Judicial Separation,Application,,2023 Q2,All,Female,Male,2,,
Judicial Separation,Application,,2023 Q2,All,Male,Female,1,,
Judicial Separation,Application,,2023 Q2,Sole,Unknown,N/A,23,,
Judicial Separation,Application,,2023 Q2,Sole,Male,N/A,1,,
Judicial Separation,Application,,2023 Q2,Sole,Female,N/A,2,,
Judicial Separation,Application,,2023 Q2,Joint,Unknown,Unknown,14,,
Judicial Separation,Application,,2023 Q2,Joint,All,All,14,,
Judicial Separation,Application,,2023 Q2,Sole,All,All,26,,
Judicial Separation,Application,,2023 Q3,All,All,All,103,,
Judicial Separation,Application,,2023 Q3,All,Unknown,Unknown,99,,
Judicial Separation,Application,,2023 Q3,All,Female,Male,2,,
Judicial Separation,Application,,2023 Q3,Sole,Unknown,N/A,39,,
Judicial Separation,Application,,2023 Q3,All,Unknown,Male,1,,
Judicial Separation,Application,,2023 Q3,All,Male,Female,1,,
Judicial Separation,Application,,2023 Q3,Joint,Unknown,Unknown,61,,
Judicial Separation,Application,,2023 Q3,Sole,Female,N/A,2,,
Judicial Separation,Application,,2023 Q3,Sole,Male,N/A,1,,
Judicial Separation,Application,,2023 Q3,Joint,All,All,61,,
Judicial Separation,Application,,2023 Q3,Sole,All,All,42,,
Judicial Separation,Application,,2023 Q4,Joint,Female,Unknown,1,,
Judicial Separation,Application,,2023 Q4,Joint,Unknown,Unknown,51,,
Judicial Separation,Application,,2023 Q4,All,All,All,110,,
Judicial Separation,Application,,2023 Q4,All,Unknown,Male,2,,
Judicial Separation,Application,,2023 Q4,All,Female,Unknown,1,,
Judicial Separation,Application,,2023 Q4,All,Male,Unknown,1,,
Judicial Separation,Application,,2023 Q4,Sole,Unknown,N/A,55,,
Judicial Separation,Application,,2023 Q4,All,Male,Female,1,,
Judicial Separation,Application,,2023 Q4,All,Female,Male,1,,
Judicial Separation,Application,,2023 Q4,All,Unknown,Unknown,104,,
Judicial Separation,Application,,2023 Q4,Joint,Female,Male,1,,
Judicial Separation,Application,,2023 Q4,Sole,Male,N/A,2,,
Judicial Separation,Application,,2023 Q4,Joint,All,All,53,,
Judicial Separation,Application,,2023 Q4,Sole,All,All,57,,
Judicial Separation,Application,,2024 Q1,All,Male,Male,1,,
Judicial Separation,Application,,2024 Q1,Joint,Male,Female,2,,
Judicial Separation,Application,,2024 Q1,All,All,All,90,,
Judicial Separation,Application,,2024 Q1,All,Male,Female,3,,
Judicial Separation,Application,,2024 Q1,All,Unknown,Unknown,84,,
Judicial Separation,Application,,2024 Q1,All,Female,Male,2,,
Judicial Separation,Application,,2024 Q1,Sole,Female,N/A,2,,
Judicial Separation,Application,,2024 Q1,Joint,Unknown,Unknown,39,,
Judicial Separation,Application,,2024 Q1,Sole,Male,N/A,2,,
Judicial Separation,Application,,2024 Q1,Sole,Unknown,N/A,45,,
Judicial Separation,Application,,2024 Q1,Joint,All,All,41,,
Judicial Separation,Application,,2024 Q1,Sole,All,All,49,,
Judicial Separation,Application,,2024 Q2,All,Male,Female,1,,
Judicial Separation,Application,,2024 Q2,All,All,All,87,,
Judicial Separation,Application,,2024 Q2,All,Male,Unknown,1,,
Judicial Separation,Application,,2024 Q2,All,Unknown,Unknown,82,,
Judicial Separation,Application,,2024 Q2,All,Female,Male,3,,
Judicial Separation,Application,,2024 Q2,Sole,Female,N/A,3,,
Judicial Separation,Application,,2024 Q2,Joint,Unknown,Unknown,36,,
Judicial Separation,Application,,2024 Q2,Sole,Male,N/A,1,,
Judicial Separation,Application,,2024 Q2,Sole,Unknown,N/A,46,,
Judicial Separation,Application,,2024 Q2,Joint,Male,Unknown,1,,
Judicial Separation,Application,,2024 Q2,Joint,All,All,37,,
Judicial Separation,Application,,2024 Q2,Sole,All,All,50,,
Judicial Separation,Application,,2024 Q3,All,Unknown,Unknown,85,,
Judicial Separation,Application,,2024 Q3,Joint,Unknown,Unknown,45,,
Judicial Separation,Application,,2024 Q3,Joint,Male,Female,1,,
Judicial Separation,Application,,2024 Q3,All,All,All,91,,
Judicial Separation,Application,,2024 Q3,All,Female,Male,4,,
Judicial Separation,Application,,2024 Q3,All,Male,Female,2,,
Judicial Separation,Application,,2024 Q3,Sole,Female,N/A,1,,
Judicial Separation,Application,,2024 Q3,Joint,Female,Male,3,,
Judicial Separation,Application,,2024 Q3,Sole,Male,N/A,1,,
Judicial Separation,Application,,2024 Q3,Sole,Unknown,N/A,40,,
Judicial Separation,Application,,2024 Q3,Joint,All,All,49,,
Judicial Separation,Application,,2024 Q3,Sole,All,All,42,,
Judicial Separation,Application,,2024 Q4,All,Male,Female,1,,
Judicial Separation,Application,,2024 Q4,All,All,All,77,,
Judicial Separation,Application,,2024 Q4,All,Unknown,Unknown,66,,
Judicial Separation,Application,,2024 Q4,Sole,Female,N/A,7,,
Judicial Separation,Application,,2024 Q4,All,Female,Male,10,,
Judicial Separation,Application,,2024 Q4,Joint,Male,Female,1,,
Judicial Separation,Application,,2024 Q4,Joint,Female,Male,3,,
Judicial Separation,Application,,2024 Q4,Sole,Unknown,N/A,20,,
Judicial Separation,Application,,2024 Q4,Joint,Unknown,Unknown,46,,
Judicial Separation,Application,,2024 Q4,Joint,All,All,50,,
Judicial Separation,Application,,2024 Q4,Sole,All,All,27,,
Judicial Separation,Application,,2025 Q1,All,Female,Unknown,1,,
Judicial Separation,Application,,2025 Q1,Joint,Female,Male,6,,
Judicial Separation,Application,,2025 Q1,All,All,All,86,,
Judicial Separation,Application,,2025 Q1,Sole,Male,N/A,2,,
Judicial Separation,Application,,2025 Q1,All,Unknown,Unknown,68,,
Judicial Separation,Application,,2025 Q1,All,Male,Female,3,,
Judicial Separation,Application,,2025 Q1,All,Female,Male,14,,
Judicial Separation,Application,,2025 Q1,Sole,Unknown,N/A,31,,
Judicial Separation,Application,,2025 Q1,Sole,Female,N/A,9,,
Judicial Separation,Application,,2025 Q1,Joint,Male,Female,1,,
Judicial Separation,Application,,2025 Q1,Joint,Unknown,Unknown,37,,
Judicial Separation,Application,,2025 Q1,Joint,All,All,44,,
Judicial Separation,Application,,2025 Q1,Sole,All,All,42,,
Judicial Separation,Application,,2025 Q2,Joint,Female,Male,5,,
Judicial Separation,Application,,2025 Q2,Joint,Male,Female,9,,
Judicial Separation,Application,,2025 Q2,All,All,All,66,,
Judicial Separation,Application,,2025 Q2,All,Unknown,Unknown,41,,
Judicial Separation,Application,,2025 Q2,Sole,Female,N/A,10,,
Judicial Separation,Application,,2025 Q2,All,Male,Female,10,,
Judicial Separation,Application,,2025 Q2,Sole,Male,N/A,1,,
Judicial Separation,Application,,2025 Q2,All,Female,Male,15,,
Judicial Separation,Application,,2025 Q2,Joint,Unknown,Unknown,23,,
Judicial Separation,Application,,2025 Q2,Sole,Unknown,N/A,18,,
Judicial Separation,Application,,2025 Q2,Joint,All,All,37,,
Judicial Separation,Application,,2025 Q2,Sole,All,All,29,,
Judicial Separation,Application,,2025 Q3,All,Male,Male,1,,
Judicial Separation,Application,,2025 Q3,Joint,Male,Male,1,,
Judicial Separation,Application,,2025 Q3,Joint,Unknown,Unknown,25,,
Judicial Separation,Application,,2025 Q3,Joint,Female,Male,11,,
Judicial Separation,Application,,2025 Q3,All,All,All,85,,
Judicial Separation,Application,,2025 Q3,All,Female,Male,22,,
Judicial Separation,Application,,2025 Q3,All,Male,Female,11,,
Judicial Separation,Application,,2025 Q3,All,Unknown,Unknown,51,,
Judicial Separation,Application,,2025 Q3,Sole,Unknown,N/A,26,,
Judicial Separation,Application,,2025 Q3,Sole,Male,N/A,6,,
Judicial Separation,Application,,2025 Q3,Joint,Male,Female,5,,
Judicial Separation,Application,,2025 Q3,Joint,All,All,42,,
Judicial Separation,Application,,2025 Q3,Sole,All,All,43,,
Judicial Separation,Application,,2025 Q3,Sole,Female,N/A,11,,
Judicial Separation,Application,,2025 Q4,Joint,Unknown,Unknown,33,,
Judicial Separation,Application,,2025 Q4,Joint,Female,Male,5,,
Judicial Separation,Application,,2025 Q4,All,All,All,62,,
Judicial Separation,Application,,2025 Q4,All,Female,Male,7,,
Judicial Separation,Application,,2025 Q4,Sole,Female,N/A,2,,
Judicial Separation,Application,,2025 Q4,Sole,Male,N/A,1,,
Judicial Separation,Application,,2025 Q4,All,Unknown,Unknown,52,,
Judicial Separation,Application,,2025 Q4,All,Male,Female,3,,
Judicial Separation,Application,,2025 Q4,Joint,Male,Female,2,,
Judicial Separation,Application,,2025 Q4,Joint,All,All,40,,
Judicial Separation,Application,,2025 Q4,Sole,All,All,22,,
Judicial Separation,Application,,2025 Q4,Sole,Unknown,N/A,19,,
Judicial Separation,Judicial Separations Granted,2023,,All,All,All,21,,
Judicial Separation,Judicial Separations Granted,2023,,Joint,All,All,15,,
Judicial Separation,Judicial Separations Granted,2023,,Sole,All,All,6,,
Judicial Separation,Judicial Separations Granted,2024,,All,All,All,172,,
Judicial Separation,Judicial Separations Granted,2024,,Joint,All,All,96,,
Judicial Separation,Judicial Separations Granted,2024,,Sole,All,All,76,,
Judicial Separation,Judicial Separations Granted,2025,,All,All,All,221,,
Judicial Separation,Judicial Separations Granted,2025,,Joint,All,All,137,,
Judicial Separation,Judicial Separations Granted,2025,,Sole,All,All,84,,
Judicial Separation,Judicial Separations Granted,,2023 Q3,Sole,All,All,2,,
Judicial Separation,Judicial Separations Granted,,2023 Q3,Joint,All,All,4,,
Judicial Separation,Judicial Separations Granted,,2023 Q3,All,All,All,6,,
Judicial Separation,Judicial Separations Granted,,2023 Q4,Joint,All,All,11,,
Judicial Separation,Judicial Separations Granted,,2023 Q4,Sole,All,All,4,,
Judicial Separation,Judicial Separations Granted,,2023 Q4,All,All,All,15,,
Judicial Separation,Judicial Separations Granted,,2024 Q1,Sole,All,All,20,,
Judicial Separation,Judicial Separations Granted,,2024 Q1,Joint,All,All,27,,
Judicial Separation,Judicial Separations Granted,,2024 Q1,All,All,All,47,,
Judicial Separation,Judicial Separations Granted,,2024 Q2,Sole,All,All,14,,
Judicial Separation,Judicial Separations Granted,,2024 Q2,Joint,All,All,30,,
Judicial Separation,Judicial Separations Granted,,2024 Q2,All,All,All,44,,
Judicial Separation,Judicial Separations Granted,,2024 Q3,Sole,All,All,19,,
Judicial Separation,Judicial Separations Granted,,2024 Q3,Joint,All,All,18,,
Judicial Separation,Judicial Separations Granted,,2024 Q3,All,All,All,37,,
Judicial Separation,Judicial Separations Granted,,2024 Q4,Sole,All,All,23,,
Judicial Separation,Judicial Separations Granted,,2024 Q4,Joint,All,All,21,,
Judicial Separation,Judicial Separations Granted,,2024 Q4,All,All,All,44,,
Judicial Separation,Judicial Separations Granted,,2025 Q1,Sole,All,All,24,,
Judicial Separation,Judicial Separations Granted,,2025 Q1,Joint,All,All,29,,
Judicial Separation,Judicial Separations Granted,,2025 Q1,All,All,All,53,,
Judicial Separation,Judicial Separations Granted,,2025 Q2,Joint,All,All,48,,
Judicial Separation,Judicial Separations Granted,,2025 Q2,Sole,All,All,28,,
Judicial Separation,Judicial Separations Granted,,2025 Q2,All,All,All,76,,
Judicial Separation,Judicial Separations Granted,,2025 Q3,Sole,All,All,20,,
Judicial Separation,Judicial Separations Granted,,2025 Q3,Joint,All,All,31,,
Judicial Separation,Judicial Separations Granted,,2025 Q3,All,All,All,51,,
Judicial Separation,Judicial Separations Granted,,2025 Q4,Sole,All,All,12,,
Judicial Separation,Judicial Separations Granted,,2025 Q4,Joint,All,All,29,,
Judicial Separation,Judicial Separations Granted,,2025 Q4,All,All,All,41,,
