case_type,region,representation,quarter,number_of_cases,mean_duration,median_duration
Adoption,England & Wales,1 Both,2011-Q1,19,32.3,25.1
Adoption,England & Wales,1 Both,2011-Q2,18,32.6,31.1
Adoption,England & Wales,1 Both,2011-Q3,27,26.4,20.4
Adoption,England & Wales,1 Both,2011-Q4,31,27.1,27.3
Adoption,England & Wales,1 Both,2012-Q1,13,27.3,17.9
Adoption,England & Wales,1 Both,2012-Q2,15,30.1,24.1
Adoption,England & Wales,1 Both,2012-Q3,22,27.9,31.7
Adoption,England & Wales,1 Both,2012-Q4,22,26.7,23.7
Adoption,England & Wales,1 Both,2013-Q1,22,37.4,29
Adoption,England & Wales,1 Both,2013-Q2,21,21.5,15.1
Adoption,England & Wales,1 Both,2013-Q3,13,29.7,21.9
Adoption,England & Wales,1 Both,2013-Q4,17,22.6,22
Adoption,England & Wales,1 Both,2014-Q1,5,20.3,22
Adoption,England & Wales,1 Both,2014-Q2,15,34.3,27
Adoption,England & Wales,1 Both,2014-Q3,18,28.8,29.5
Adoption,England & Wales,1 Both,2014-Q4,18,30.7,30.9
Adoption,England & Wales,1 Both,2015-Q1,13,27.8,25.3
Adoption,England & Wales,1 Both,2015-Q2,20,28,25.2
Adoption,England & Wales,1 Both,2015-Q3,16,28.7,24.8
Adoption,England & Wales,1 Both,2015-Q4,10,30.7,32.4
Adoption,England & Wales,1 Both,2016-Q1,20,44.3,37.9
Adoption,England & Wales,1 Both,2016-Q2,15,37.4,35.6
Adoption,England & Wales,1 Both,2016-Q3,12,27.5,23.9
Adoption,England & Wales,1 Both,2016-Q4,10,27.3,26.6
Adoption,England & Wales,1 Both,2017-Q1,5,41.7,43.1
Adoption,England & Wales,1 Both,2017-Q2,8,44.9,39.2
Adoption,England & Wales,1 Both,2017-Q3,7,33.7,28.7
Adoption,England & Wales,1 Both,2017-Q4,10,30.4,21.7
Adoption,England & Wales,1 Both,2018-Q1,5,37.5,28.3
Adoption,England & Wales,1 Both,2018-Q2,12,31.4,33.3
Adoption,England & Wales,1 Both,2018-Q3,7,29.1,37
Adoption,England & Wales,1 Both,2018-Q4,12,38.3,34.5
Adoption,England & Wales,1 Both,2019-Q1,15,49.9,41.9
Adoption,England & Wales,1 Both,2019-Q2,10,42.3,35.1
Adoption,England & Wales,1 Both,2019-Q3,8,37.6,38.3
Adoption,England & Wales,1 Both,2019-Q4,6,38.8,40.9
Adoption,England & Wales,1 Both,2020-Q1,4,32.7,31.8
Adoption,England & Wales,1 Both,2020-Q2,3,35,28.7
Adoption,England & Wales,1 Both,2020-Q3,7,49.4,43.6
Adoption,England & Wales,1 Both,2020-Q4,7,63.7,63
Adoption,England & Wales,1 Both,2021-Q1,3,40.8,38
Adoption,England & Wales,1 Both,2021-Q2,9,54.7,65.9
Adoption,England & Wales,1 Both,2021-Q3,5,94,98.6
Adoption,England & Wales,1 Both,2021-Q4,3,62.6,63.4
Adoption,England & Wales,1 Both,2022-Q1,6,39.3,41.9
Adoption,England & Wales,1 Both,2022-Q2,4,52.6,51.6
Adoption,England & Wales,1 Both,2022-Q3,4,47.7,44.3
Adoption,England & Wales,1 Both,2022-Q4,7,39,45
Adoption,England & Wales,1 Both,2023-Q1,6,24.8,26.8
Adoption,England & Wales,1 Both,2023-Q2,6,19.5,16.6
Adoption,England & Wales,1 Both,2023-Q3,9,38.7,41.7
Adoption,England & Wales,1 Both,2023-Q4,7,28.4,21.4
Adoption,England & Wales,1 Both,2024-Q1,5,35,35
Adoption,England & Wales,1 Both,2024-Q2,3,44.1,33
Adoption,England & Wales,1 Both,2024-Q3,2,23.4,23.4
Adoption,England & Wales,1 Both,2024-Q4,4,38.2,41.2
Adoption,England & Wales,1 Both,2025-Q1,1,32.3,32.3
Adoption,England & Wales,1 Both,2025-Q2,9,47.1,53.4
Adoption,England & Wales,1 Both,2025-Q3,2,46.8,46.8
Adoption,England & Wales,1 Both,2025-Q4,5,33.5,40.7
Adoption,England & Wales,2 Applicant Only,2011-Q1,63,22,13.3
Adoption,England & Wales,2 Applicant Only,2011-Q2,51,19.6,15.1
Adoption,England & Wales,2 Applicant Only,2011-Q3,61,17.2,17.1
Adoption,England & Wales,2 Applicant Only,2011-Q4,74,19.1,14.9
Adoption,England & Wales,2 Applicant Only,2012-Q1,59,22.7,15
Adoption,England & Wales,2 Applicant Only,2012-Q2,63,26.3,15.9
Adoption,England & Wales,2 Applicant Only,2012-Q3,52,21.3,16.8
Adoption,England & Wales,2 Applicant Only,2012-Q4,55,22.4,17.9
Adoption,England & Wales,2 Applicant Only,2013-Q1,54,21.3,13.4
Adoption,England & Wales,2 Applicant Only,2013-Q2,56,18.2,12.1
Adoption,England & Wales,2 Applicant Only,2013-Q3,59,19.3,11.4
Adoption,England & Wales,2 Applicant Only,2013-Q4,38,25,18.4
Adoption,England & Wales,2 Applicant Only,2014-Q1,52,18.1,15.6
Adoption,England & Wales,2 Applicant Only,2014-Q2,56,24.8,21.9
Adoption,England & Wales,2 Applicant Only,2014-Q3,64,21,17.7
Adoption,England & Wales,2 Applicant Only,2014-Q4,67,24.8,20.3
Adoption,England & Wales,2 Applicant Only,2015-Q1,62,21,16.5
Adoption,England & Wales,2 Applicant Only,2015-Q2,36,18.4,13.9
Adoption,England & Wales,2 Applicant Only,2015-Q3,58,22.1,20.8
Adoption,England & Wales,2 Applicant Only,2015-Q4,48,19.2,16.4
Adoption,England & Wales,2 Applicant Only,2016-Q1,43,22.4,17.9
Adoption,England & Wales,2 Applicant Only,2016-Q2,36,22.8,17.8
Adoption,England & Wales,2 Applicant Only,2016-Q3,36,24.7,26
Adoption,England & Wales,2 Applicant Only,2016-Q4,35,21.7,18.1
Adoption,England & Wales,2 Applicant Only,2017-Q1,28,22.3,16
Adoption,England & Wales,2 Applicant Only,2017-Q2,45,26.2,19.3
Adoption,England & Wales,2 Applicant Only,2017-Q3,41,24.2,22.9
Adoption,England & Wales,2 Applicant Only,2017-Q4,35,23.8,19.9
Adoption,England & Wales,2 Applicant Only,2018-Q1,28,32.4,18.4
Adoption,England & Wales,2 Applicant Only,2018-Q2,25,25.6,20.9
Adoption,England & Wales,2 Applicant Only,2018-Q3,35,28.4,25.9
Adoption,England & Wales,2 Applicant Only,2018-Q4,41,24.9,23.4
Adoption,England & Wales,2 Applicant Only,2019-Q1,26,23,19
Adoption,England & Wales,2 Applicant Only,2019-Q2,22,25.4,30.7
Adoption,England & Wales,2 Applicant Only,2019-Q3,26,27.7,25.8
Adoption,England & Wales,2 Applicant Only,2019-Q4,17,25.3,23.3
Adoption,England & Wales,2 Applicant Only,2020-Q1,39,19.3,14.4
Adoption,England & Wales,2 Applicant Only,2020-Q2,12,23.4,18.9
Adoption,England & Wales,2 Applicant Only,2020-Q3,20,28.7,18.7
Adoption,England & Wales,2 Applicant Only,2020-Q4,19,28.4,23.1
Adoption,England & Wales,2 Applicant Only,2021-Q1,23,35.4,31.4
Adoption,England & Wales,2 Applicant Only,2021-Q2,23,29.5,27
Adoption,England & Wales,2 Applicant Only,2021-Q3,19,28.7,23.7
Adoption,England & Wales,2 Applicant Only,2021-Q4,22,24.6,20.9
Adoption,England & Wales,2 Applicant Only,2022-Q1,30,30.7,27
Adoption,England & Wales,2 Applicant Only,2022-Q2,16,22.6,21
Adoption,England & Wales,2 Applicant Only,2022-Q3,15,27.9,17.4
Adoption,England & Wales,2 Applicant Only,2022-Q4,22,31.7,28.6
Adoption,England & Wales,2 Applicant Only,2023-Q1,21,39.8,32
Adoption,England & Wales,2 Applicant Only,2023-Q2,22,34,28.4
Adoption,England & Wales,2 Applicant Only,2023-Q3,21,28.6,25.9
Adoption,England & Wales,2 Applicant Only,2023-Q4,26,38,23.9
Adoption,England & Wales,2 Applicant Only,2024-Q1,21,31.7,23.6
Adoption,England & Wales,2 Applicant Only,2024-Q2,18,24.5,17.4
Adoption,England & Wales,2 Applicant Only,2024-Q3,26,25.3,23.2
Adoption,England & Wales,2 Applicant Only,2024-Q4,26,33.5,26.2
Adoption,England & Wales,2 Applicant Only,2025-Q1,25,23.4,21.9
Adoption,England & Wales,2 Applicant Only,2025-Q2,24,19.6,14.9
Adoption,England & Wales,2 Applicant Only,2025-Q3,24,25.2,22.6
Adoption,England & Wales,2 Applicant Only,2025-Q4,23,26.4,25.6
Adoption,England & Wales,3 Respondent Only,2011-Q1,38,21,16.5
Adoption,England & Wales,3 Respondent Only,2011-Q2,44,16.6,15.7
Adoption,England & Wales,3 Respondent Only,2011-Q3,44,20,18.5
Adoption,England & Wales,3 Respondent Only,2011-Q4,52,18.9,16.4
Adoption,England & Wales,3 Respondent Only,2012-Q1,39,20.1,19.1
Adoption,England & Wales,3 Respondent Only,2012-Q2,39,17.9,18.1
Adoption,England & Wales,3 Respondent Only,2012-Q3,37,21.8,19.4
Adoption,England & Wales,3 Respondent Only,2012-Q4,42,16.9,14.3
Adoption,England & Wales,3 Respondent Only,2013-Q1,48,21.3,17.4
Adoption,England & Wales,3 Respondent Only,2013-Q2,54,17.9,15.6
Adoption,England & Wales,3 Respondent Only,2013-Q3,28,18.5,17.3
Adoption,England & Wales,3 Respondent Only,2013-Q4,23,17.9,18
Adoption,England & Wales,3 Respondent Only,2014-Q1,37,22.4,20.6
Adoption,England & Wales,3 Respondent Only,2014-Q2,46,24.2,23.4
Adoption,England & Wales,3 Respondent Only,2014-Q3,57,22.8,21.4
Adoption,England & Wales,3 Respondent Only,2014-Q4,58,23.8,22.1
Adoption,England & Wales,3 Respondent Only,2015-Q1,64,24.1,21.3
Adoption,England & Wales,3 Respondent Only,2015-Q2,53,25.9,24.1
Adoption,England & Wales,3 Respondent Only,2015-Q3,44,28,24.3
Adoption,England & Wales,3 Respondent Only,2015-Q4,64,23,21.1
Adoption,England & Wales,3 Respondent Only,2016-Q1,75,29.1,27.9
Adoption,England & Wales,3 Respondent Only,2016-Q2,72,27.4,24.7
Adoption,England & Wales,3 Respondent Only,2016-Q3,77,24.8,23.7
Adoption,England & Wales,3 Respondent Only,2016-Q4,52,23.7,20.4
Adoption,England & Wales,3 Respondent Only,2017-Q1,46,27.9,26.1
Adoption,England & Wales,3 Respondent Only,2017-Q2,66,27.6,25
Adoption,England & Wales,3 Respondent Only,2017-Q3,58,24.1,24.1
Adoption,England & Wales,3 Respondent Only,2017-Q4,56,27.7,27.6
Adoption,England & Wales,3 Respondent Only,2018-Q1,27,32.6,31
Adoption,England & Wales,3 Respondent Only,2018-Q2,42,30,28.1
Adoption,England & Wales,3 Respondent Only,2018-Q3,43,25.7,24.1
Adoption,England & Wales,3 Respondent Only,2018-Q4,32,28.2,27.1
Adoption,England & Wales,3 Respondent Only,2019-Q1,52,29,25.6
Adoption,England & Wales,3 Respondent Only,2019-Q2,58,27.4,26.4
Adoption,England & Wales,3 Respondent Only,2019-Q3,53,28.3,26.1
Adoption,England & Wales,3 Respondent Only,2019-Q4,42,26.6,25.1
Adoption,England & Wales,3 Respondent Only,2020-Q1,42,28.9,26.5
Adoption,England & Wales,3 Respondent Only,2020-Q2,21,23.5,23.9
Adoption,England & Wales,3 Respondent Only,2020-Q3,52,34.7,32.6
Adoption,England & Wales,3 Respondent Only,2020-Q4,56,39.1,39.1
Adoption,England & Wales,3 Respondent Only,2021-Q1,40,36.5,33.9
Adoption,England & Wales,3 Respondent Only,2021-Q2,47,36,31
Adoption,England & Wales,3 Respondent Only,2021-Q3,73,31.7,30.6
Adoption,England & Wales,3 Respondent Only,2021-Q4,44,31.9,27.5
Adoption,England & Wales,3 Respondent Only,2022-Q1,45,33,33.3
Adoption,England & Wales,3 Respondent Only,2022-Q2,48,31.1,29.9
Adoption,England & Wales,3 Respondent Only,2022-Q3,59,36.4,36
Adoption,England & Wales,3 Respondent Only,2022-Q4,59,28.2,25.3
Adoption,England & Wales,3 Respondent Only,2023-Q1,57,35.4,29.1
Adoption,England & Wales,3 Respondent Only,2023-Q2,59,31.3,27.1
Adoption,England & Wales,3 Respondent Only,2023-Q3,75,30.1,27.1
Adoption,England & Wales,3 Respondent Only,2023-Q4,71,29.4,24
Adoption,England & Wales,3 Respondent Only,2024-Q1,73,30.3,24.6
Adoption,England & Wales,3 Respondent Only,2024-Q2,112,27.8,25.4
Adoption,England & Wales,3 Respondent Only,2024-Q3,104,30.7,27.7
Adoption,England & Wales,3 Respondent Only,2024-Q4,113,24.8,23.7
Adoption,England & Wales,3 Respondent Only,2025-Q1,80,27.6,27.9
Adoption,England & Wales,3 Respondent Only,2025-Q2,118,23.7,22.4
Adoption,England & Wales,3 Respondent Only,2025-Q3,89,27.5,25.3
Adoption,England & Wales,3 Respondent Only,2025-Q4,83,24.2,21
Adoption,England & Wales,4 Neither,2011-Q1,906,15.9,14.1
Adoption,England & Wales,4 Neither,2011-Q2,1049,14.7,12.9
Adoption,England & Wales,4 Neither,2011-Q3,967,15.8,14
Adoption,England & Wales,4 Neither,2011-Q4,1037,15.7,13.1
Adoption,England & Wales,4 Neither,2012-Q1,1056,14.8,13.4
Adoption,England & Wales,4 Neither,2012-Q2,1094,14.5,12.7
Adoption,England & Wales,4 Neither,2012-Q3,1195,14.6,13
Adoption,England & Wales,4 Neither,2012-Q4,1289,13.9,12
Adoption,England & Wales,4 Neither,2013-Q1,1190,14.5,13.1
Adoption,England & Wales,4 Neither,2013-Q2,1454,14.1,12.1
Adoption,England & Wales,4 Neither,2013-Q3,1444,13.6,12
Adoption,England & Wales,4 Neither,2013-Q4,1432,14.6,12.7
Adoption,England & Wales,4 Neither,2014-Q1,1512,14.6,13.3
Adoption,England & Wales,4 Neither,2014-Q2,1537,14.7,13.1
Adoption,England & Wales,4 Neither,2014-Q3,1596,16.6,13.3
Adoption,England & Wales,4 Neither,2014-Q4,1479,15.1,13.1
Adoption,England & Wales,4 Neither,2015-Q1,1439,15.1,13.4
Adoption,England & Wales,4 Neither,2015-Q2,1485,15.4,13.1
Adoption,England & Wales,4 Neither,2015-Q3,1326,15,13
Adoption,England & Wales,4 Neither,2015-Q4,1325,15.7,13.9
Adoption,England & Wales,4 Neither,2016-Q1,1407,15.9,13.9
Adoption,England & Wales,4 Neither,2016-Q2,1349,15.1,13.3
Adoption,England & Wales,4 Neither,2016-Q3,1330,15.4,13
Adoption,England & Wales,4 Neither,2016-Q4,1189,15,13.1
Adoption,England & Wales,4 Neither,2017-Q1,1322,16.2,14.1
Adoption,England & Wales,4 Neither,2017-Q2,1248,15.9,13.9
Adoption,England & Wales,4 Neither,2017-Q3,1187,15.7,14
Adoption,England & Wales,4 Neither,2017-Q4,1197,16.2,14.1
Adoption,England & Wales,4 Neither,2018-Q1,1210,16.7,14.8
Adoption,England & Wales,4 Neither,2018-Q2,1174,16.1,14.1
Adoption,England & Wales,4 Neither,2018-Q3,1073,16.2,13.7
Adoption,England & Wales,4 Neither,2018-Q4,1088,16.4,14.3
Adoption,England & Wales,4 Neither,2019-Q1,1226,17.3,14.6
Adoption,England & Wales,4 Neither,2019-Q2,1095,16.7,13.9
Adoption,England & Wales,4 Neither,2019-Q3,1159,16,14
Adoption,England & Wales,4 Neither,2019-Q4,1126,17.3,14.4
Adoption,England & Wales,4 Neither,2020-Q1,1000,16,14
Adoption,England & Wales,4 Neither,2020-Q2,545,19.2,16.4
Adoption,England & Wales,4 Neither,2020-Q3,935,22.5,20.1
Adoption,England & Wales,4 Neither,2020-Q4,1003,22.1,17.7
Adoption,England & Wales,4 Neither,2021-Q1,1094,20.1,17
Adoption,England & Wales,4 Neither,2021-Q2,1069,19.6,16
Adoption,England & Wales,4 Neither,2021-Q3,994,20.5,17.3
Adoption,England & Wales,4 Neither,2021-Q4,903,18.8,15.9
Adoption,England & Wales,4 Neither,2022-Q1,796,20.8,17.9
Adoption,England & Wales,4 Neither,2022-Q2,906,21.5,17.1
Adoption,England & Wales,4 Neither,2022-Q3,942,21.9,18.7
Adoption,England & Wales,4 Neither,2022-Q4,954,20.1,17.2
Adoption,England & Wales,4 Neither,2023-Q1,951,19.8,16.3
Adoption,England & Wales,4 Neither,2023-Q2,932,19.2,15.9
Adoption,England & Wales,4 Neither,2023-Q3,884,18,15.1
Adoption,England & Wales,4 Neither,2023-Q4,933,18.9,15.9
Adoption,England & Wales,4 Neither,2024-Q1,980,17.8,15.7
Adoption,England & Wales,4 Neither,2024-Q2,945,17.4,15
Adoption,England & Wales,4 Neither,2024-Q3,917,17.1,14.6
Adoption,England & Wales,4 Neither,2024-Q4,841,17.4,14.4
Adoption,England & Wales,4 Neither,2025-Q1,890,16.8,14
Adoption,England & Wales,4 Neither,2025-Q2,802,16.6,14.3
Adoption,England & Wales,4 Neither,2025-Q3,801,17.1,14.9
Adoption,England & Wales,4 Neither,2025-Q4,792,17,14.6
Adoption,England & Wales,5 Unknown,2011-Q1,46,14.1,12.6
Adoption,England & Wales,5 Unknown,2011-Q2,38,15.3,14.9
Adoption,England & Wales,5 Unknown,2011-Q3,58,14.3,14
Adoption,England & Wales,5 Unknown,2011-Q4,30,17.5,13.9
Adoption,England & Wales,5 Unknown,2012-Q1,24,17.6,10.1
Adoption,England & Wales,5 Unknown,2012-Q2,35,20.2,15.4
Adoption,England & Wales,5 Unknown,2012-Q3,24,19.5,15.2
Adoption,England & Wales,5 Unknown,2012-Q4,21,17.5,11
Adoption,England & Wales,5 Unknown,2013-Q1,11,19.1,16.7
Adoption,England & Wales,5 Unknown,2013-Q2,25,14.7,11.7
Adoption,England & Wales,5 Unknown,2013-Q3,15,17.7,15.7
Adoption,England & Wales,5 Unknown,2013-Q4,11,10.1,9.7
Adoption,England & Wales,5 Unknown,2014-Q1,17,15,14
Adoption,England & Wales,5 Unknown,2014-Q2,14,10.1,10
Adoption,England & Wales,5 Unknown,2014-Q3,15,82.7,15.1
Adoption,England & Wales,5 Unknown,2014-Q4,15,17.9,13.6
Adoption,England & Wales,5 Unknown,2015-Q1,20,13,10.1
Adoption,England & Wales,5 Unknown,2015-Q2,18,15.3,11.9
Adoption,England & Wales,5 Unknown,2015-Q3,15,20.4,18
Adoption,England & Wales,5 Unknown,2015-Q4,16,15,12.8
Adoption,England & Wales,5 Unknown,2016-Q1,10,14.5,10
Adoption,England & Wales,5 Unknown,2016-Q2,9,12.3,12.7
Adoption,England & Wales,5 Unknown,2016-Q3,4,16.7,16.9
Adoption,England & Wales,5 Unknown,2016-Q4,8,14.2,8.6
Adoption,England & Wales,5 Unknown,2017-Q1,11,31.5,12.1
Adoption,England & Wales,5 Unknown,2017-Q2,8,10.8,13
Adoption,England & Wales,5 Unknown,2017-Q3,10,11.9,10
Adoption,England & Wales,5 Unknown,2017-Q4,9,13.1,10.3
Adoption,England & Wales,5 Unknown,2018-Q1,7,16.3,16.7
Adoption,England & Wales,5 Unknown,2018-Q2,6,27.7,24.8
Adoption,England & Wales,5 Unknown,2018-Q3,3,26.4,27
Adoption,England & Wales,5 Unknown,2018-Q4,4,21.4,19.7
Adoption,England & Wales,5 Unknown,2019-Q1,5,10,11.6
Adoption,England & Wales,5 Unknown,2019-Q2,8,15.3,14.6
Adoption,England & Wales,5 Unknown,2019-Q3,10,11.9,12.9
Adoption,England & Wales,5 Unknown,2019-Q4,7,17.7,14.7
Adoption,England & Wales,5 Unknown,2020-Q1,8,12.1,9.4
Adoption,England & Wales,5 Unknown,2020-Q2,3,22,27.3
Adoption,England & Wales,5 Unknown,2020-Q3,2,13,13
Adoption,England & Wales,5 Unknown,2020-Q4,8,21.4,19.2
Adoption,England & Wales,5 Unknown,2021-Q1,8,12.9,11.7
Adoption,England & Wales,5 Unknown,2021-Q2,4,28.3,16.9
Adoption,England & Wales,5 Unknown,2021-Q3,11,18.9,14.4
Adoption,England & Wales,5 Unknown,2021-Q4,9,14.9,12
Adoption,England & Wales,5 Unknown,2022-Q1,8,18.1,14.9
Adoption,England & Wales,5 Unknown,2022-Q2,9,14.2,13.3
Adoption,England & Wales,5 Unknown,2022-Q3,11,18.5,14.3
Adoption,England & Wales,5 Unknown,2022-Q4,16,20.1,12.1
Adoption,England & Wales,5 Unknown,2023-Q1,11,15.9,13
Adoption,England & Wales,5 Unknown,2023-Q2,7,27.1,21.1
Adoption,England & Wales,5 Unknown,2023-Q3,11,18.2,11.4
Adoption,England & Wales,5 Unknown,2023-Q4,17,21.5,20.6
Adoption,England & Wales,5 Unknown,2024-Q1,7,13,10.1
Adoption,England & Wales,5 Unknown,2024-Q2,14,23.5,18.3
Adoption,England & Wales,5 Unknown,2024-Q3,9,20.5,20.9
Adoption,England & Wales,5 Unknown,2024-Q4,6,20.9,18.6
Adoption,England & Wales,5 Unknown,2025-Q1,2,22.2,22.2
Adoption,England & Wales,5 Unknown,2025-Q2,3,4.2,2.1
Adoption,England & Wales,5 Unknown,2025-Q3,7,24.6,23
Adoption,England & Wales,5 Unknown,2025-Q4,4,19,20.4
Adoption,England & Wales,All types,2011-Q1,1072,16.6,14.3
Adoption,England & Wales,All types,2011-Q2,1200,15.3,13
Adoption,England & Wales,All types,2011-Q3,1157,16.2,14.3
Adoption,England & Wales,All types,2011-Q4,1224,16.4,13.4
Adoption,England & Wales,All types,2012-Q1,1191,15.6,13.6
Adoption,England & Wales,All types,2012-Q2,1246,15.5,13
Adoption,England & Wales,All types,2012-Q3,1330,15.4,13.3
Adoption,England & Wales,All types,2012-Q4,1429,14.5,12.4
Adoption,England & Wales,All types,2013-Q1,1325,15.4,13.4
Adoption,England & Wales,All types,2013-Q2,1610,14.4,12.4
Adoption,England & Wales,All types,2013-Q3,1559,14.1,12.1
Adoption,England & Wales,All types,2013-Q4,1521,15,13
Adoption,England & Wales,All types,2014-Q1,1623,14.9,13.4
Adoption,England & Wales,All types,2014-Q2,1668,15.4,13.4
Adoption,England & Wales,All types,2014-Q3,1750,17.7,13.6
Adoption,England & Wales,All types,2014-Q4,1637,16,13.9
Adoption,England & Wales,All types,2015-Q1,1598,15.7,13.9
Adoption,England & Wales,All types,2015-Q2,1612,15.9,13.4
Adoption,England & Wales,All types,2015-Q3,1459,15.9,13.3
Adoption,England & Wales,All types,2015-Q4,1463,16.2,14.3
Adoption,England & Wales,All types,2016-Q1,1555,17,14.4
Adoption,England & Wales,All types,2016-Q2,1481,16.1,13.9
Adoption,England & Wales,All types,2016-Q3,1459,16.2,13.7
Adoption,England & Wales,All types,2016-Q4,1294,15.6,13.4
Adoption,England & Wales,All types,2017-Q1,1412,16.9,14.4
Adoption,England & Wales,All types,2017-Q2,1375,16.9,14.1
Adoption,England & Wales,All types,2017-Q3,1303,16.4,14.4
Adoption,England & Wales,All types,2017-Q4,1307,17,14.6
Adoption,England & Wales,All types,2018-Q1,1277,17.5,15
Adoption,England & Wales,All types,2018-Q2,1259,17,14.7
Adoption,England & Wales,All types,2018-Q3,1161,17,14.1
Adoption,England & Wales,All types,2018-Q4,1177,17.3,15
Adoption,England & Wales,All types,2019-Q1,1324,18.2,15.1
Adoption,England & Wales,All types,2019-Q2,1193,17.6,14.4
Adoption,England & Wales,All types,2019-Q3,1256,16.9,14.4
Adoption,England & Wales,All types,2019-Q4,1198,17.9,14.9
Adoption,England & Wales,All types,2020-Q1,1093,16.7,14.3
Adoption,England & Wales,All types,2020-Q2,584,19.6,16.9
Adoption,England & Wales,All types,2020-Q3,1016,23.4,20.9
Adoption,England & Wales,All types,2020-Q4,1093,23.4,18.3
Adoption,England & Wales,All types,2021-Q1,1168,21,17.3
Adoption,England & Wales,All types,2021-Q2,1152,20.7,16.6
Adoption,England & Wales,All types,2021-Q3,1102,21.7,18
Adoption,England & Wales,All types,2021-Q4,981,19.6,16.1
Adoption,England & Wales,All types,2022-Q1,885,21.8,18.1
Adoption,England & Wales,All types,2022-Q2,983,22,18
Adoption,England & Wales,All types,2022-Q3,1031,22.9,19.1
Adoption,England & Wales,All types,2022-Q4,1058,20.9,17.9
Adoption,England & Wales,All types,2023-Q1,1046,21,17
Adoption,England & Wales,All types,2023-Q2,1026,20.3,16.4
Adoption,England & Wales,All types,2023-Q3,1000,19.3,16.3
Adoption,England & Wales,All types,2023-Q4,1054,20.2,16.6
Adoption,England & Wales,All types,2024-Q1,1086,19,16.4
Adoption,England & Wales,All types,2024-Q2,1092,18.7,16.1
Adoption,England & Wales,All types,2024-Q3,1058,18.7,15.6
Adoption,England & Wales,All types,2024-Q4,990,18.8,15.7
Adoption,England & Wales,All types,2025-Q1,998,17.9,15
Adoption,England & Wales,All types,2025-Q2,956,17.8,15
Adoption,England & Wales,All types,2025-Q3,923,18.4,15.9
Adoption,England & Wales,All types,2025-Q4,907,18,15.3
Adoption,LONDON,1 Both,2011-Q1,2,14.9,14.9
Adoption,LONDON,1 Both,2011-Q2,4,30.7,32.1
Adoption,LONDON,1 Both,2011-Q3,11,21,22.3
Adoption,LONDON,1 Both,2011-Q4,8,38.9,33.9
Adoption,LONDON,1 Both,2012-Q1,8,35.8,35.8
Adoption,LONDON,1 Both,2012-Q2,6,23,21
Adoption,LONDON,1 Both,2012-Q3,8,20.1,13.4
Adoption,LONDON,1 Both,2012-Q4,9,28.8,23.7
Adoption,LONDON,1 Both,2013-Q1,10,23.8,28.4
Adoption,LONDON,1 Both,2013-Q2,7,13.7,11.7
Adoption,LONDON,1 Both,2013-Q3,4,28.9,21.9
Adoption,LONDON,1 Both,2013-Q4,5,15.2,13.3
Adoption,LONDON,1 Both,2014-Q1,1,14.6,14.6
Adoption,LONDON,1 Both,2014-Q2,11,30.2,25.6
Adoption,LONDON,1 Both,2014-Q3,8,29.4,30
Adoption,LONDON,1 Both,2014-Q4,6,39.1,42.4
Adoption,LONDON,1 Both,2015-Q1,5,23.3,21.7
Adoption,LONDON,1 Both,2015-Q2,7,25.9,24.3
Adoption,LONDON,1 Both,2015-Q3,5,24.6,27.3
Adoption,LONDON,1 Both,2015-Q4,6,27.9,27.6
Adoption,LONDON,1 Both,2016-Q1,7,49.6,55.9
Adoption,LONDON,1 Both,2016-Q2,3,26.7,21.4
Adoption,LONDON,1 Both,2016-Q3,5,27,24
Adoption,LONDON,1 Both,2016-Q4,2,25.3,25.3
Adoption,LONDON,1 Both,2017-Q1,1,43.1,43.1
Adoption,LONDON,1 Both,2017-Q2,4,48.4,21.8
Adoption,LONDON,1 Both,2017-Q3,1,66.1,66.1
Adoption,LONDON,1 Both,2017-Q4,2,33.8,33.8
Adoption,LONDON,1 Both,2018-Q1,2,52.8,52.8
Adoption,LONDON,1 Both,2018-Q2,3,51.9,54
Adoption,LONDON,1 Both,2018-Q4,3,38.6,40.4
Adoption,LONDON,1 Both,2019-Q1,5,50.3,46.1
Adoption,LONDON,1 Both,2019-Q2,3,32.9,28.3
Adoption,LONDON,1 Both,2019-Q3,2,49.7,49.7
Adoption,LONDON,1 Both,2019-Q4,1,33.6,33.6
Adoption,LONDON,1 Both,2020-Q1,2,33.6,33.6
Adoption,LONDON,1 Both,2020-Q2,1,54.3,54.3
Adoption,LONDON,1 Both,2020-Q3,2,81.7,81.7
Adoption,LONDON,1 Both,2020-Q4,3,63.6,63
Adoption,LONDON,1 Both,2021-Q3,1,57,57
Adoption,LONDON,1 Both,2022-Q1,2,58.6,58.6
Adoption,LONDON,1 Both,2022-Q3,1,80.9,80.9
Adoption,LONDON,1 Both,2022-Q4,1,52.4,52.4
Adoption,LONDON,1 Both,2023-Q1,2,42.3,42.3
Adoption,LONDON,1 Both,2023-Q3,2,21.4,21.4
Adoption,LONDON,1 Both,2023-Q4,2,47.4,47.4
Adoption,LONDON,1 Both,2024-Q1,3,39.3,39.7
Adoption,LONDON,1 Both,2024-Q2,1,72,72
Adoption,LONDON,2 Applicant Only,2011-Q1,27,10.4,11.4
Adoption,LONDON,2 Applicant Only,2011-Q2,25,12.8,10.7
Adoption,LONDON,2 Applicant Only,2011-Q3,21,15.1,12.9
Adoption,LONDON,2 Applicant Only,2011-Q4,38,16.3,14.5
Adoption,LONDON,2 Applicant Only,2012-Q1,29,18.6,14.1
Adoption,LONDON,2 Applicant Only,2012-Q2,15,21.6,14.4
Adoption,LONDON,2 Applicant Only,2012-Q3,28,19.4,14.4
Adoption,LONDON,2 Applicant Only,2012-Q4,20,22,14.9
Adoption,LONDON,2 Applicant Only,2013-Q1,22,13.5,12.9
Adoption,LONDON,2 Applicant Only,2013-Q2,27,13,9.3
Adoption,LONDON,2 Applicant Only,2013-Q3,27,18.9,14.6
Adoption,LONDON,2 Applicant Only,2013-Q4,18,16.1,16.1
Adoption,LONDON,2 Applicant Only,2014-Q1,18,12.1,10.4
Adoption,LONDON,2 Applicant Only,2014-Q2,26,16.9,14.7
Adoption,LONDON,2 Applicant Only,2014-Q3,25,23.2,17.6
Adoption,LONDON,2 Applicant Only,2014-Q4,20,18.1,14.9
Adoption,LONDON,2 Applicant Only,2015-Q1,20,23,17.9
Adoption,LONDON,2 Applicant Only,2015-Q2,10,15.7,13.6
Adoption,LONDON,2 Applicant Only,2015-Q3,23,17.5,12.7
Adoption,LONDON,2 Applicant Only,2015-Q4,19,20.1,16.4
Adoption,LONDON,2 Applicant Only,2016-Q1,17,24.1,22.4
Adoption,LONDON,2 Applicant Only,2016-Q2,18,28.4,23.6
Adoption,LONDON,2 Applicant Only,2016-Q3,12,21.2,20.4
Adoption,LONDON,2 Applicant Only,2016-Q4,8,18.8,15.6
Adoption,LONDON,2 Applicant Only,2017-Q1,5,17.7,16.7
Adoption,LONDON,2 Applicant Only,2017-Q2,15,29.7,19.3
Adoption,LONDON,2 Applicant Only,2017-Q3,9,13.8,14.4
Adoption,LONDON,2 Applicant Only,2017-Q4,8,18.6,11.4
Adoption,LONDON,2 Applicant Only,2018-Q1,8,45.3,16.1
Adoption,LONDON,2 Applicant Only,2018-Q2,10,20.7,16.9
Adoption,LONDON,2 Applicant Only,2018-Q3,13,28.9,20.4
Adoption,LONDON,2 Applicant Only,2018-Q4,13,19.7,19.9
Adoption,LONDON,2 Applicant Only,2019-Q1,5,16.3,15.6
Adoption,LONDON,2 Applicant Only,2019-Q2,6,21.4,20.6
Adoption,LONDON,2 Applicant Only,2019-Q3,9,21.7,20.6
Adoption,LONDON,2 Applicant Only,2019-Q4,3,12.5,11.3
Adoption,LONDON,2 Applicant Only,2020-Q1,8,16.1,8.1
Adoption,LONDON,2 Applicant Only,2020-Q2,3,13.9,11.9
Adoption,LONDON,2 Applicant Only,2020-Q3,12,28.3,16.4
Adoption,LONDON,2 Applicant Only,2020-Q4,5,18.8,23.1
Adoption,LONDON,2 Applicant Only,2021-Q1,5,29.7,31.4
Adoption,LONDON,2 Applicant Only,2021-Q2,3,40.4,16.3
Adoption,LONDON,2 Applicant Only,2021-Q3,8,30.3,17.5
Adoption,LONDON,2 Applicant Only,2021-Q4,4,28,20.4
Adoption,LONDON,2 Applicant Only,2022-Q1,8,25.2,23.4
Adoption,LONDON,2 Applicant Only,2022-Q2,5,22.8,21
Adoption,LONDON,2 Applicant Only,2022-Q3,4,16.1,15.1
Adoption,LONDON,2 Applicant Only,2022-Q4,4,31.1,32
Adoption,LONDON,2 Applicant Only,2023-Q1,7,43.3,27.3
Adoption,LONDON,2 Applicant Only,2023-Q2,3,54.9,34.6
Adoption,LONDON,2 Applicant Only,2023-Q3,5,25.4,29.3
Adoption,LONDON,2 Applicant Only,2023-Q4,10,49.7,20.1
Adoption,LONDON,2 Applicant Only,2024-Q1,7,35.9,17
Adoption,LONDON,2 Applicant Only,2024-Q2,5,25.5,19.7
Adoption,LONDON,2 Applicant Only,2024-Q3,7,33.1,36.3
Adoption,LONDON,2 Applicant Only,2024-Q4,13,37,27
Adoption,LONDON,2 Applicant Only,2025-Q1,5,19.3,20.1
Adoption,LONDON,2 Applicant Only,2025-Q2,5,25.9,19.9
Adoption,LONDON,2 Applicant Only,2025-Q3,6,22,19.2
Adoption,LONDON,2 Applicant Only,2025-Q4,7,22.7,24.1
Adoption,LONDON,3 Respondent Only,2011-Q1,1,84,84
Adoption,LONDON,3 Respondent Only,2011-Q2,6,15.5,12.9
Adoption,LONDON,3 Respondent Only,2011-Q3,6,17.2,17.6
Adoption,LONDON,3 Respondent Only,2011-Q4,7,26.5,13.9
Adoption,LONDON,3 Respondent Only,2012-Q1,3,15,14.3
Adoption,LONDON,3 Respondent Only,2012-Q2,6,16.6,17.4
Adoption,LONDON,3 Respondent Only,2012-Q3,4,31.9,33.5
Adoption,LONDON,3 Respondent Only,2012-Q4,6,11.9,10.4
Adoption,LONDON,3 Respondent Only,2013-Q1,7,33.2,29.6
Adoption,LONDON,3 Respondent Only,2013-Q2,5,17.4,15.1
Adoption,LONDON,3 Respondent Only,2013-Q3,5,15.9,14.6
Adoption,LONDON,3 Respondent Only,2013-Q4,4,15.9,15.6
Adoption,LONDON,3 Respondent Only,2014-Q1,7,13.4,13.4
Adoption,LONDON,3 Respondent Only,2014-Q2,5,21.4,23.6
Adoption,LONDON,3 Respondent Only,2014-Q3,10,21.8,19.2
Adoption,LONDON,3 Respondent Only,2014-Q4,14,22.5,20
Adoption,LONDON,3 Respondent Only,2015-Q1,4,24.1,23.6
Adoption,LONDON,3 Respondent Only,2015-Q2,7,23,25.6
Adoption,LONDON,3 Respondent Only,2015-Q3,10,22.5,17.6
Adoption,LONDON,3 Respondent Only,2015-Q4,9,23.6,20.7
Adoption,LONDON,3 Respondent Only,2016-Q1,22,33.8,31.9
Adoption,LONDON,3 Respondent Only,2016-Q2,5,24.8,15.3
Adoption,LONDON,3 Respondent Only,2016-Q3,5,27.1,27.3
Adoption,LONDON,3 Respondent Only,2016-Q4,5,34.8,35.9
Adoption,LONDON,3 Respondent Only,2017-Q1,4,23.8,24.1
Adoption,LONDON,3 Respondent Only,2017-Q2,5,29.4,24.1
Adoption,LONDON,3 Respondent Only,2017-Q3,3,22.3,22.1
Adoption,LONDON,3 Respondent Only,2017-Q4,11,28.4,26.6
Adoption,LONDON,3 Respondent Only,2018-Q1,6,38.9,42.4
Adoption,LONDON,3 Respondent Only,2018-Q2,2,35.3,35.3
Adoption,LONDON,3 Respondent Only,2018-Q3,1,23.9,23.9
Adoption,LONDON,3 Respondent Only,2018-Q4,5,34.3,26.4
Adoption,LONDON,3 Respondent Only,2019-Q1,12,37.6,35.5
Adoption,LONDON,3 Respondent Only,2019-Q2,6,25.6,26.9
Adoption,LONDON,3 Respondent Only,2019-Q3,12,37.5,34
Adoption,LONDON,3 Respondent Only,2019-Q4,5,36.2,35.6
Adoption,LONDON,3 Respondent Only,2020-Q1,5,29.3,29.4
Adoption,LONDON,3 Respondent Only,2020-Q2,1,17.6,17.6
Adoption,LONDON,3 Respondent Only,2020-Q3,7,36.5,30.4
Adoption,LONDON,3 Respondent Only,2020-Q4,6,34,37.4
Adoption,LONDON,3 Respondent Only,2021-Q1,8,51.3,50.4
Adoption,LONDON,3 Respondent Only,2021-Q2,7,43.3,45.3
Adoption,LONDON,3 Respondent Only,2021-Q3,17,29.7,30
Adoption,LONDON,3 Respondent Only,2021-Q4,6,43.3,33
Adoption,LONDON,3 Respondent Only,2022-Q1,1,28,28
Adoption,LONDON,3 Respondent Only,2022-Q2,8,34.2,35.9
Adoption,LONDON,3 Respondent Only,2022-Q3,9,37.3,40.4
Adoption,LONDON,3 Respondent Only,2022-Q4,2,33.2,33.2
Adoption,LONDON,3 Respondent Only,2023-Q1,7,38.9,38.7
Adoption,LONDON,3 Respondent Only,2023-Q2,8,47.1,51.7
Adoption,LONDON,3 Respondent Only,2023-Q3,3,30.5,26.7
Adoption,LONDON,3 Respondent Only,2023-Q4,5,39.8,36
Adoption,LONDON,3 Respondent Only,2024-Q1,7,33.6,37.1
Adoption,LONDON,3 Respondent Only,2024-Q2,5,40.3,40.4
Adoption,LONDON,3 Respondent Only,2024-Q3,6,35.1,32.9
Adoption,LONDON,3 Respondent Only,2024-Q4,12,32.4,31.8
Adoption,LONDON,3 Respondent Only,2025-Q1,7,34.6,34.1
Adoption,LONDON,3 Respondent Only,2025-Q2,10,38.2,38.9
Adoption,LONDON,3 Respondent Only,2025-Q3,16,38,37.4
Adoption,LONDON,3 Respondent Only,2025-Q4,3,21.1,24
Adoption,LONDON,4 Neither,2011-Q1,102,14.1,12.6
Adoption,LONDON,4 Neither,2011-Q2,90,15.3,13.1
Adoption,LONDON,4 Neither,2011-Q3,86,14.8,13.3
Adoption,LONDON,4 Neither,2011-Q4,118,16.3,13.3
Adoption,LONDON,4 Neither,2012-Q1,107,14.2,13
Adoption,LONDON,4 Neither,2012-Q2,121,13.7,12
Adoption,LONDON,4 Neither,2012-Q3,98,12.7,11.8
Adoption,LONDON,4 Neither,2012-Q4,140,12.6,10.8
Adoption,LONDON,4 Neither,2013-Q1,104,14.8,12.1
Adoption,LONDON,4 Neither,2013-Q2,160,14.7,10.6
Adoption,LONDON,4 Neither,2013-Q3,134,11.3,9.9
Adoption,LONDON,4 Neither,2013-Q4,127,11.6,9.1
Adoption,LONDON,4 Neither,2014-Q1,105,11.4,9.9
Adoption,LONDON,4 Neither,2014-Q2,138,13.4,12.1
Adoption,LONDON,4 Neither,2014-Q3,127,14.4,11.9
Adoption,LONDON,4 Neither,2014-Q4,111,13.8,10.3
Adoption,LONDON,4 Neither,2015-Q1,114,12.8,9.5
Adoption,LONDON,4 Neither,2015-Q2,105,15,11.7
Adoption,LONDON,4 Neither,2015-Q3,85,13.4,10
Adoption,LONDON,4 Neither,2015-Q4,108,13.5,11.6
Adoption,LONDON,4 Neither,2016-Q1,102,18.5,14.4
Adoption,LONDON,4 Neither,2016-Q2,82,14.6,12.4
Adoption,LONDON,4 Neither,2016-Q3,94,16.7,10.7
Adoption,LONDON,4 Neither,2016-Q4,83,16,11.9
Adoption,LONDON,4 Neither,2017-Q1,89,15.6,13.9
Adoption,LONDON,4 Neither,2017-Q2,96,12.9,11.1
Adoption,LONDON,4 Neither,2017-Q3,88,13.2,11
Adoption,LONDON,4 Neither,2017-Q4,89,16.2,13
Adoption,LONDON,4 Neither,2018-Q1,72,15.8,13.3
Adoption,LONDON,4 Neither,2018-Q2,67,15.2,13.1
Adoption,LONDON,4 Neither,2018-Q3,81,18.9,14.6
Adoption,LONDON,4 Neither,2018-Q4,68,17.3,14.6
Adoption,LONDON,4 Neither,2019-Q1,103,18.7,15.9
Adoption,LONDON,4 Neither,2019-Q2,62,16.3,12.4
Adoption,LONDON,4 Neither,2019-Q3,74,15.7,12.9
Adoption,LONDON,4 Neither,2019-Q4,78,17.6,15.2
Adoption,LONDON,4 Neither,2020-Q1,68,18.6,15.4
Adoption,LONDON,4 Neither,2020-Q2,43,18.6,16
Adoption,LONDON,4 Neither,2020-Q3,43,26,18.1
Adoption,LONDON,4 Neither,2020-Q4,54,26.2,20.9
Adoption,LONDON,4 Neither,2021-Q1,59,21.2,19.1
Adoption,LONDON,4 Neither,2021-Q2,63,18.3,13.1
Adoption,LONDON,4 Neither,2021-Q3,55,19.4,15.9
Adoption,LONDON,4 Neither,2021-Q4,55,21.4,13.9
Adoption,LONDON,4 Neither,2022-Q1,56,19.9,16.9
Adoption,LONDON,4 Neither,2022-Q2,58,23.3,21.2
Adoption,LONDON,4 Neither,2022-Q3,52,23.3,16.2
Adoption,LONDON,4 Neither,2022-Q4,58,19.1,16.1
Adoption,LONDON,4 Neither,2023-Q1,45,20.4,16
Adoption,LONDON,4 Neither,2023-Q2,62,21.9,18.6
Adoption,LONDON,4 Neither,2023-Q3,57,21.4,18.4
Adoption,LONDON,4 Neither,2023-Q4,37,25.3,16.6
Adoption,LONDON,4 Neither,2024-Q1,64,19.4,14.2
Adoption,LONDON,4 Neither,2024-Q2,56,20.2,17.6
Adoption,LONDON,4 Neither,2024-Q3,45,18.4,16.1
Adoption,LONDON,4 Neither,2024-Q4,52,23.1,18.1
Adoption,LONDON,4 Neither,2025-Q1,75,19.7,15.3
Adoption,LONDON,4 Neither,2025-Q2,69,21.9,18.3
Adoption,LONDON,4 Neither,2025-Q3,68,20.3,17.7
Adoption,LONDON,4 Neither,2025-Q4,61,18.5,14.9
Adoption,LONDON,5 Unknown,2011-Q1,7,14.3,9.1
Adoption,LONDON,5 Unknown,2011-Q2,8,12.9,13.3
Adoption,LONDON,5 Unknown,2011-Q3,11,13.6,12.6
Adoption,LONDON,5 Unknown,2011-Q4,8,16.9,11.9
Adoption,LONDON,5 Unknown,2012-Q1,8,22.9,10.6
Adoption,LONDON,5 Unknown,2012-Q2,14,15,13
Adoption,LONDON,5 Unknown,2012-Q3,3,13.3,13.7
Adoption,LONDON,5 Unknown,2012-Q4,9,11.6,8
Adoption,LONDON,5 Unknown,2013-Q1,4,13.1,10.6
Adoption,LONDON,5 Unknown,2013-Q2,4,10.3,10
Adoption,LONDON,5 Unknown,2013-Q3,4,12.3,11.1
Adoption,LONDON,5 Unknown,2013-Q4,7,8.3,9
Adoption,LONDON,5 Unknown,2014-Q1,6,13.8,13.7
Adoption,LONDON,5 Unknown,2014-Q2,6,10.6,11.2
Adoption,LONDON,5 Unknown,2014-Q3,4,106.6,13
Adoption,LONDON,5 Unknown,2014-Q4,2,7.6,7.6
Adoption,LONDON,5 Unknown,2015-Q1,11,14.4,10.1
Adoption,LONDON,5 Unknown,2015-Q2,8,9.8,8.4
Adoption,LONDON,5 Unknown,2015-Q3,2,9.7,9.7
Adoption,LONDON,5 Unknown,2015-Q4,6,10.5,10.7
Adoption,LONDON,5 Unknown,2016-Q1,5,9.9,9.3
Adoption,LONDON,5 Unknown,2016-Q2,6,10.4,9.7
Adoption,LONDON,5 Unknown,2016-Q3,2,16.1,16.1
Adoption,LONDON,5 Unknown,2016-Q4,6,9.9,7.6
Adoption,LONDON,5 Unknown,2017-Q1,7,16.7,11.1
Adoption,LONDON,5 Unknown,2017-Q2,2,9.1,9.1
Adoption,LONDON,5 Unknown,2017-Q3,6,12.4,10.5
Adoption,LONDON,5 Unknown,2017-Q4,7,11.8,10
Adoption,LONDON,5 Unknown,2018-Q1,3,15.4,13.9
Adoption,LONDON,5 Unknown,2018-Q2,1,37.9,37.9
Adoption,LONDON,5 Unknown,2018-Q4,3,17,14.3
Adoption,LONDON,5 Unknown,2019-Q1,2,13.5,13.5
Adoption,LONDON,5 Unknown,2019-Q2,4,16.6,14.8
Adoption,LONDON,5 Unknown,2019-Q3,7,12.1,12.7
Adoption,LONDON,5 Unknown,2019-Q4,4,20.6,12.4
Adoption,LONDON,5 Unknown,2020-Q1,4,8.8,8.1
Adoption,LONDON,5 Unknown,2020-Q3,1,13,13
Adoption,LONDON,5 Unknown,2020-Q4,3,10.5,11.1
Adoption,LONDON,5 Unknown,2021-Q1,4,9.2,9.7
Adoption,LONDON,5 Unknown,2021-Q2,2,39.7,39.7
Adoption,LONDON,5 Unknown,2021-Q3,7,10.9,9.4
Adoption,LONDON,5 Unknown,2021-Q4,8,15.9,13
Adoption,LONDON,5 Unknown,2022-Q1,3,9.7,9.3
Adoption,LONDON,5 Unknown,2022-Q2,6,12.9,13.3
Adoption,LONDON,5 Unknown,2022-Q3,8,20.2,14.1
Adoption,LONDON,5 Unknown,2022-Q4,8,28.1,27.8
Adoption,LONDON,5 Unknown,2023-Q1,11,15.9,13
Adoption,LONDON,5 Unknown,2023-Q2,4,21.6,18.2
Adoption,LONDON,5 Unknown,2023-Q3,6,13,10.1
Adoption,LONDON,5 Unknown,2023-Q4,14,21.6,21.1
Adoption,LONDON,5 Unknown,2024-Q1,5,13.9,7
Adoption,LONDON,5 Unknown,2024-Q2,12,24.4,18.1
Adoption,LONDON,5 Unknown,2024-Q3,6,22.7,24.4
Adoption,LONDON,5 Unknown,2024-Q4,4,27.9,20.1
Adoption,LONDON,5 Unknown,2025-Q1,2,22.2,22.2
Adoption,LONDON,5 Unknown,2025-Q2,1,2,2
Adoption,LONDON,5 Unknown,2025-Q3,3,28.6,23.3
Adoption,LONDON,5 Unknown,2025-Q4,2,20.4,20.4
Adoption,LONDON,All types,2011-Q1,139,13.9,12
Adoption,LONDON,All types,2011-Q2,133,15.2,13
Adoption,LONDON,All types,2011-Q3,135,15.3,13.7
Adoption,LONDON,All types,2011-Q4,179,17.7,13.6
Adoption,LONDON,All types,2012-Q1,155,16.6,13.4
Adoption,LONDON,All types,2012-Q2,162,15,12.1
Adoption,LONDON,All types,2012-Q3,141,15,12
Adoption,LONDON,All types,2012-Q4,184,14.3,11.1
Adoption,LONDON,All types,2013-Q1,147,16,12.6
Adoption,LONDON,All types,2013-Q2,203,14.4,10.6
Adoption,LONDON,All types,2013-Q3,174,13,10.4
Adoption,LONDON,All types,2013-Q4,161,12.2,10.1
Adoption,LONDON,All types,2014-Q1,137,11.7,10.4
Adoption,LONDON,All types,2014-Q2,186,15,13.3
Adoption,LONDON,All types,2014-Q3,174,18.9,13.5
Adoption,LONDON,All types,2014-Q4,153,16.1,12
Adoption,LONDON,All types,2015-Q1,154,14.9,10.3
Adoption,LONDON,All types,2015-Q2,137,15.7,12.9
Adoption,LONDON,All types,2015-Q3,125,15.3,11.3
Adoption,LONDON,All types,2015-Q4,148,15.4,13.1
Adoption,LONDON,All types,2016-Q1,153,22.5,16.4
Adoption,LONDON,All types,2016-Q2,114,17.3,13.8
Adoption,LONDON,All types,2016-Q3,118,18.1,13.7
Adoption,LONDON,All types,2016-Q4,104,17,12
Adoption,LONDON,All types,2017-Q1,106,16.4,14.1
Adoption,LONDON,All types,2017-Q2,122,16.8,12
Adoption,LONDON,All types,2017-Q3,107,14,11.1
Adoption,LONDON,All types,2017-Q4,117,17.5,13.6
Adoption,LONDON,All types,2018-Q1,91,20.8,15
Adoption,LONDON,All types,2018-Q2,83,18,13.9
Adoption,LONDON,All types,2018-Q3,95,20.3,14.7
Adoption,LONDON,All types,2018-Q4,92,19.3,15.7
Adoption,LONDON,All types,2019-Q1,127,21.6,16.9
Adoption,LONDON,All types,2019-Q2,81,18,14.1
Adoption,LONDON,All types,2019-Q3,104,19.1,15.1
Adoption,LONDON,All types,2019-Q4,91,18.7,15.4
Adoption,LONDON,All types,2020-Q1,87,18.9,15
Adoption,LONDON,All types,2020-Q2,48,19,16.1
Adoption,LONDON,All types,2020-Q3,65,29.1,20.9
Adoption,LONDON,All types,2020-Q4,71,27.3,22.7
Adoption,LONDON,All types,2021-Q1,76,24.3,21.8
Adoption,LONDON,All types,2021-Q2,75,22.1,15.1
Adoption,LONDON,All types,2021-Q3,88,22.1,17.3
Adoption,LONDON,All types,2021-Q4,73,23,14.9
Adoption,LONDON,All types,2022-Q1,70,21.3,17.1
Adoption,LONDON,All types,2022-Q2,77,23.6,21.1
Adoption,LONDON,All types,2022-Q3,74,25,18.1
Adoption,LONDON,All types,2022-Q4,73,21.6,16.7
Adoption,LONDON,All types,2023-Q1,72,24.4,17.3
Adoption,LONDON,All types,2023-Q2,77,25.8,19.6
Adoption,LONDON,All types,2023-Q3,73,21.4,18.9
Adoption,LONDON,All types,2023-Q4,68,29.9,19.3
Adoption,LONDON,All types,2024-Q1,86,22.3,15.1
Adoption,LONDON,All types,2024-Q2,79,23.1,18.3
Adoption,LONDON,All types,2024-Q3,64,22,18.6
Adoption,LONDON,All types,2024-Q4,81,26.9,21.7
Adoption,LONDON,All types,2025-Q1,89,20.9,16
Adoption,LONDON,All types,2025-Q2,85,23.8,19.9
Adoption,LONDON,All types,2025-Q3,93,23.7,21.7
Adoption,LONDON,All types,2025-Q4,73,19.1,15.3
Adoption,MIDLANDS,1 Both,2011-Q2,4,38.3,33.7
Adoption,MIDLANDS,1 Both,2011-Q3,2,65,65
Adoption,MIDLANDS,1 Both,2011-Q4,6,16.6,14.8
Adoption,MIDLANDS,1 Both,2012-Q2,1,41.3,41.3
Adoption,MIDLANDS,1 Both,2012-Q3,2,40.6,40.6
Adoption,MIDLANDS,1 Both,2012-Q4,1,13.6,13.6
Adoption,MIDLANDS,1 Both,2013-Q1,1,18.7,18.7
Adoption,MIDLANDS,1 Both,2013-Q2,1,15.1,15.1
Adoption,MIDLANDS,1 Both,2013-Q3,2,48.9,48.9
Adoption,MIDLANDS,1 Both,2013-Q4,5,33.6,31.7
Adoption,MIDLANDS,1 Both,2014-Q1,1,23.9,23.9
Adoption,MIDLANDS,1 Both,2014-Q2,1,34.4,34.4
Adoption,MIDLANDS,1 Both,2014-Q3,1,22.1,22.1
Adoption,MIDLANDS,1 Both,2014-Q4,4,23.5,22.6
Adoption,MIDLANDS,1 Both,2015-Q1,1,21.1,21.1
Adoption,MIDLANDS,1 Both,2015-Q2,2,7,7
Adoption,MIDLANDS,1 Both,2015-Q3,3,50.3,56
Adoption,MIDLANDS,1 Both,2015-Q4,1,31.9,31.9
Adoption,MIDLANDS,1 Both,2016-Q1,4,38.7,33.9
Adoption,MIDLANDS,1 Both,2016-Q2,3,35.5,21.3
Adoption,MIDLANDS,1 Both,2016-Q4,1,44.7,44.7
Adoption,MIDLANDS,1 Both,2017-Q2,2,36.6,36.6
Adoption,MIDLANDS,1 Both,2017-Q3,2,35,35
Adoption,MIDLANDS,1 Both,2018-Q1,1,18.9,18.9
Adoption,MIDLANDS,1 Both,2018-Q3,1,21.6,21.6
Adoption,MIDLANDS,1 Both,2018-Q4,2,53,53
Adoption,MIDLANDS,1 Both,2019-Q1,2,112.9,112.9
Adoption,MIDLANDS,1 Both,2019-Q2,2,37,37
Adoption,MIDLANDS,1 Both,2019-Q4,1,24.6,24.6
Adoption,MIDLANDS,1 Both,2020-Q1,1,35.7,35.7
Adoption,MIDLANDS,1 Both,2020-Q4,1,53.7,53.7
Adoption,MIDLANDS,1 Both,2021-Q3,3,124.7,137.7
Adoption,MIDLANDS,1 Both,2021-Q4,2,68,68
Adoption,MIDLANDS,1 Both,2022-Q2,2,53.6,53.6
Adoption,MIDLANDS,1 Both,2022-Q3,1,55.7,55.7
Adoption,MIDLANDS,1 Both,2022-Q4,1,47,47
Adoption,MIDLANDS,1 Both,2023-Q1,2,18.9,18.9
Adoption,MIDLANDS,1 Both,2023-Q2,2,23.7,23.7
Adoption,MIDLANDS,1 Both,2023-Q3,4,53.9,49.1
Adoption,MIDLANDS,1 Both,2024-Q2,1,33,33
Adoption,MIDLANDS,1 Both,2024-Q3,1,28.9,28.9
Adoption,MIDLANDS,1 Both,2024-Q4,2,41.2,41.2
Adoption,MIDLANDS,1 Both,2025-Q2,1,50.4,50.4
Adoption,MIDLANDS,1 Both,2025-Q4,1,50.6,50.6
Adoption,MIDLANDS,2 Applicant Only,2011-Q1,8,44.2,53.6
Adoption,MIDLANDS,2 Applicant Only,2011-Q2,6,44.3,16.6
Adoption,MIDLANDS,2 Applicant Only,2011-Q3,8,24.3,26.1
Adoption,MIDLANDS,2 Applicant Only,2011-Q4,8,30.2,15.4
Adoption,MIDLANDS,2 Applicant Only,2012-Q1,7,37.7,26.4
Adoption,MIDLANDS,2 Applicant Only,2012-Q2,8,15.8,13.3
Adoption,MIDLANDS,2 Applicant Only,2012-Q3,4,23,21.1
Adoption,MIDLANDS,2 Applicant Only,2012-Q4,11,25.3,24.1
Adoption,MIDLANDS,2 Applicant Only,2013-Q1,3,108.2,18.6
Adoption,MIDLANDS,2 Applicant Only,2013-Q2,5,28.6,25.1
Adoption,MIDLANDS,2 Applicant Only,2013-Q3,5,40.7,30.4
Adoption,MIDLANDS,2 Applicant Only,2013-Q4,6,30.7,21.1
Adoption,MIDLANDS,2 Applicant Only,2014-Q1,9,26.2,19.1
Adoption,MIDLANDS,2 Applicant Only,2014-Q2,4,29.3,25.2
Adoption,MIDLANDS,2 Applicant Only,2014-Q3,8,19.4,18.1
Adoption,MIDLANDS,2 Applicant Only,2014-Q4,12,28.7,24.3
Adoption,MIDLANDS,2 Applicant Only,2015-Q1,12,24.2,22.4
Adoption,MIDLANDS,2 Applicant Only,2015-Q2,5,20.6,19
Adoption,MIDLANDS,2 Applicant Only,2015-Q3,4,31.1,28.9
Adoption,MIDLANDS,2 Applicant Only,2015-Q4,4,21.3,20.9
Adoption,MIDLANDS,2 Applicant Only,2016-Q1,3,37.4,34.7
Adoption,MIDLANDS,2 Applicant Only,2016-Q3,5,22.1,17.4
Adoption,MIDLANDS,2 Applicant Only,2016-Q4,14,20.6,19.1
Adoption,MIDLANDS,2 Applicant Only,2017-Q1,3,15.9,13.9
Adoption,MIDLANDS,2 Applicant Only,2017-Q2,3,25.5,27.9
Adoption,MIDLANDS,2 Applicant Only,2017-Q3,6,32.8,28.4
Adoption,MIDLANDS,2 Applicant Only,2017-Q4,5,14.9,15.7
Adoption,MIDLANDS,2 Applicant Only,2018-Q1,3,34.4,29.9
Adoption,MIDLANDS,2 Applicant Only,2018-Q2,3,23.1,18.1
Adoption,MIDLANDS,2 Applicant Only,2018-Q3,7,36.1,40
Adoption,MIDLANDS,2 Applicant Only,2018-Q4,3,36.9,39.6
Adoption,MIDLANDS,2 Applicant Only,2019-Q3,4,47.4,50.7
Adoption,MIDLANDS,2 Applicant Only,2019-Q4,6,27.8,27.3
Adoption,MIDLANDS,2 Applicant Only,2020-Q1,3,28.6,35.6
Adoption,MIDLANDS,2 Applicant Only,2020-Q2,1,18.3,18.3
Adoption,MIDLANDS,2 Applicant Only,2020-Q3,1,58.1,58.1
Adoption,MIDLANDS,2 Applicant Only,2020-Q4,5,47.5,51.1
Adoption,MIDLANDS,2 Applicant Only,2021-Q1,4,43,28.2
Adoption,MIDLANDS,2 Applicant Only,2021-Q3,2,33.8,33.8
Adoption,MIDLANDS,2 Applicant Only,2021-Q4,2,22.8,22.8
Adoption,MIDLANDS,2 Applicant Only,2022-Q1,4,34.7,38.9
Adoption,MIDLANDS,2 Applicant Only,2022-Q2,3,33.1,32.6
Adoption,MIDLANDS,2 Applicant Only,2022-Q3,1,50.6,50.6
Adoption,MIDLANDS,2 Applicant Only,2022-Q4,4,41.7,42.7
Adoption,MIDLANDS,2 Applicant Only,2023-Q1,2,34.1,34.1
Adoption,MIDLANDS,2 Applicant Only,2023-Q2,7,37.7,29.6
Adoption,MIDLANDS,2 Applicant Only,2023-Q3,1,51.6,51.6
Adoption,MIDLANDS,2 Applicant Only,2023-Q4,3,29.7,30.9
Adoption,MIDLANDS,2 Applicant Only,2024-Q1,2,36.4,36.4
Adoption,MIDLANDS,2 Applicant Only,2024-Q2,2,18.4,18.4
Adoption,MIDLANDS,2 Applicant Only,2024-Q3,4,10,9.1
Adoption,MIDLANDS,2 Applicant Only,2024-Q4,5,28.7,27.1
Adoption,MIDLANDS,2 Applicant Only,2025-Q1,1,23.3,23.3
Adoption,MIDLANDS,2 Applicant Only,2025-Q3,7,30.7,24.4
Adoption,MIDLANDS,2 Applicant Only,2025-Q4,6,35.9,37.7
Adoption,MIDLANDS,3 Respondent Only,2011-Q1,4,37.7,44.4
Adoption,MIDLANDS,3 Respondent Only,2011-Q2,3,15.1,18.6
Adoption,MIDLANDS,3 Respondent Only,2011-Q3,9,20,17.1
Adoption,MIDLANDS,3 Respondent Only,2011-Q4,5,17.5,18
Adoption,MIDLANDS,3 Respondent Only,2012-Q1,7,19.1,15
Adoption,MIDLANDS,3 Respondent Only,2012-Q2,4,13,13.8
Adoption,MIDLANDS,3 Respondent Only,2012-Q3,6,19.5,17
Adoption,MIDLANDS,3 Respondent Only,2012-Q4,7,22.3,18
Adoption,MIDLANDS,3 Respondent Only,2013-Q1,6,10.9,11.1
Adoption,MIDLANDS,3 Respondent Only,2013-Q2,7,16.5,9.1
Adoption,MIDLANDS,3 Respondent Only,2013-Q3,3,20.1,25.6
Adoption,MIDLANDS,3 Respondent Only,2013-Q4,2,14.9,14.9
Adoption,MIDLANDS,3 Respondent Only,2014-Q1,6,20.9,17.5
Adoption,MIDLANDS,3 Respondent Only,2014-Q2,3,33,18
Adoption,MIDLANDS,3 Respondent Only,2014-Q3,10,24.6,21.2
Adoption,MIDLANDS,3 Respondent Only,2014-Q4,8,33.3,28.3
Adoption,MIDLANDS,3 Respondent Only,2015-Q1,9,23.7,23.9
Adoption,MIDLANDS,3 Respondent Only,2015-Q2,16,30.4,27.6
Adoption,MIDLANDS,3 Respondent Only,2015-Q3,7,22.2,24.3
Adoption,MIDLANDS,3 Respondent Only,2015-Q4,12,19.6,17.1
Adoption,MIDLANDS,3 Respondent Only,2016-Q1,15,29.8,21
Adoption,MIDLANDS,3 Respondent Only,2016-Q2,14,26.4,29.1
Adoption,MIDLANDS,3 Respondent Only,2016-Q3,14,27.6,23.6
Adoption,MIDLANDS,3 Respondent Only,2016-Q4,16,26.5,26.6
Adoption,MIDLANDS,3 Respondent Only,2017-Q1,9,33.1,29
Adoption,MIDLANDS,3 Respondent Only,2017-Q2,12,30.4,32.4
Adoption,MIDLANDS,3 Respondent Only,2017-Q3,6,23.2,23.5
Adoption,MIDLANDS,3 Respondent Only,2017-Q4,9,36.2,30.6
Adoption,MIDLANDS,3 Respondent Only,2018-Q1,5,37.6,38
Adoption,MIDLANDS,3 Respondent Only,2018-Q2,8,32.1,29.3
Adoption,MIDLANDS,3 Respondent Only,2018-Q3,8,29.1,24.8
Adoption,MIDLANDS,3 Respondent Only,2018-Q4,5,31.9,33.7
Adoption,MIDLANDS,3 Respondent Only,2019-Q1,13,29.5,27.7
Adoption,MIDLANDS,3 Respondent Only,2019-Q2,11,28.9,28.3
Adoption,MIDLANDS,3 Respondent Only,2019-Q3,9,27.3,22.4
Adoption,MIDLANDS,3 Respondent Only,2019-Q4,4,27.6,25.4
Adoption,MIDLANDS,3 Respondent Only,2020-Q1,10,32.6,29.6
Adoption,MIDLANDS,3 Respondent Only,2020-Q2,2,32,32
Adoption,MIDLANDS,3 Respondent Only,2020-Q3,10,43.1,39.7
Adoption,MIDLANDS,3 Respondent Only,2020-Q4,13,40.7,41.9
Adoption,MIDLANDS,3 Respondent Only,2021-Q1,5,45.7,46.7
Adoption,MIDLANDS,3 Respondent Only,2021-Q2,9,40.1,41
Adoption,MIDLANDS,3 Respondent Only,2021-Q3,18,32.2,31.1
Adoption,MIDLANDS,3 Respondent Only,2021-Q4,7,26.2,28.3
Adoption,MIDLANDS,3 Respondent Only,2022-Q1,9,47.7,41.4
Adoption,MIDLANDS,3 Respondent Only,2022-Q2,3,27.9,29.3
Adoption,MIDLANDS,3 Respondent Only,2022-Q3,7,54.1,40.9
Adoption,MIDLANDS,3 Respondent Only,2022-Q4,8,40,30.4
Adoption,MIDLANDS,3 Respondent Only,2023-Q1,8,40,31.6
Adoption,MIDLANDS,3 Respondent Only,2023-Q2,12,33.7,34
Adoption,MIDLANDS,3 Respondent Only,2023-Q3,10,36,29.4
Adoption,MIDLANDS,3 Respondent Only,2023-Q4,12,28.9,27.1
Adoption,MIDLANDS,3 Respondent Only,2024-Q1,12,37.9,28.6
Adoption,MIDLANDS,3 Respondent Only,2024-Q2,23,28.5,27
Adoption,MIDLANDS,3 Respondent Only,2024-Q3,26,33.3,29.7
Adoption,MIDLANDS,3 Respondent Only,2024-Q4,24,25.3,24.9
Adoption,MIDLANDS,3 Respondent Only,2025-Q1,20,23.7,20.6
Adoption,MIDLANDS,3 Respondent Only,2025-Q2,33,24,23.1
Adoption,MIDLANDS,3 Respondent Only,2025-Q3,28,24.7,23.7
Adoption,MIDLANDS,3 Respondent Only,2025-Q4,21,25.6,25.3
Adoption,MIDLANDS,4 Neither,2011-Q1,166,16.1,15.4
Adoption,MIDLANDS,4 Neither,2011-Q2,164,15.2,14.3
Adoption,MIDLANDS,4 Neither,2011-Q3,173,17.1,16
Adoption,MIDLANDS,4 Neither,2011-Q4,181,15.8,13.7
Adoption,MIDLANDS,4 Neither,2012-Q1,209,16.1,14.6
Adoption,MIDLANDS,4 Neither,2012-Q2,214,15.8,14.6
Adoption,MIDLANDS,4 Neither,2012-Q3,229,15.7,14.7
Adoption,MIDLANDS,4 Neither,2012-Q4,248,12.9,11.9
Adoption,MIDLANDS,4 Neither,2013-Q1,223,14.7,13.4
Adoption,MIDLANDS,4 Neither,2013-Q2,268,14,13.4
Adoption,MIDLANDS,4 Neither,2013-Q3,274,14,12.7
Adoption,MIDLANDS,4 Neither,2013-Q4,308,16.2,15
Adoption,MIDLANDS,4 Neither,2014-Q1,318,15.5,14.4
Adoption,MIDLANDS,4 Neither,2014-Q2,322,15.2,13.9
Adoption,MIDLANDS,4 Neither,2014-Q3,327,24.1,14.1
Adoption,MIDLANDS,4 Neither,2014-Q4,290,15,13.9
Adoption,MIDLANDS,4 Neither,2015-Q1,320,16.3,16
Adoption,MIDLANDS,4 Neither,2015-Q2,263,15.8,15
Adoption,MIDLANDS,4 Neither,2015-Q3,256,17.1,15.4
Adoption,MIDLANDS,4 Neither,2015-Q4,268,16.3,15.9
Adoption,MIDLANDS,4 Neither,2016-Q1,329,16.1,15.3
Adoption,MIDLANDS,4 Neither,2016-Q2,301,18,17
Adoption,MIDLANDS,4 Neither,2016-Q3,259,16.8,15.1
Adoption,MIDLANDS,4 Neither,2016-Q4,226,17.8,16.7
Adoption,MIDLANDS,4 Neither,2017-Q1,267,18.5,17.3
Adoption,MIDLANDS,4 Neither,2017-Q2,223,17.5,16.4
Adoption,MIDLANDS,4 Neither,2017-Q3,217,18,17
Adoption,MIDLANDS,4 Neither,2017-Q4,248,17.5,17.2
Adoption,MIDLANDS,4 Neither,2018-Q1,237,17.8,17
Adoption,MIDLANDS,4 Neither,2018-Q2,245,17.3,15.4
Adoption,MIDLANDS,4 Neither,2018-Q3,199,16.1,14.1
Adoption,MIDLANDS,4 Neither,2018-Q4,201,16.8,15.9
Adoption,MIDLANDS,4 Neither,2019-Q1,243,16.9,15
Adoption,MIDLANDS,4 Neither,2019-Q2,206,17.3,13.9
Adoption,MIDLANDS,4 Neither,2019-Q3,222,16.8,15
Adoption,MIDLANDS,4 Neither,2019-Q4,190,18.2,15
Adoption,MIDLANDS,4 Neither,2020-Q1,179,17.6,16
Adoption,MIDLANDS,4 Neither,2020-Q2,81,19.7,16.1
Adoption,MIDLANDS,4 Neither,2020-Q3,170,28.3,26.3
Adoption,MIDLANDS,4 Neither,2020-Q4,208,25.6,19.7
Adoption,MIDLANDS,4 Neither,2021-Q1,232,23.8,19.7
Adoption,MIDLANDS,4 Neither,2021-Q2,230,23.1,18.4
Adoption,MIDLANDS,4 Neither,2021-Q3,197,24.3,19.7
Adoption,MIDLANDS,4 Neither,2021-Q4,198,21.8,17.4
Adoption,MIDLANDS,4 Neither,2022-Q1,199,23.6,18.9
Adoption,MIDLANDS,4 Neither,2022-Q2,177,21.6,17.6
Adoption,MIDLANDS,4 Neither,2022-Q3,199,21.7,18.7
Adoption,MIDLANDS,4 Neither,2022-Q4,174,20.4,17.1
Adoption,MIDLANDS,4 Neither,2023-Q1,214,19.7,17
Adoption,MIDLANDS,4 Neither,2023-Q2,198,19.7,17.6
Adoption,MIDLANDS,4 Neither,2023-Q3,163,18.7,16.3
Adoption,MIDLANDS,4 Neither,2023-Q4,215,18.2,16.3
Adoption,MIDLANDS,4 Neither,2024-Q1,211,18.3,17.1
Adoption,MIDLANDS,4 Neither,2024-Q2,175,18.1,15
Adoption,MIDLANDS,4 Neither,2024-Q3,191,17,15
Adoption,MIDLANDS,4 Neither,2024-Q4,183,17.6,15.1
Adoption,MIDLANDS,4 Neither,2025-Q1,188,16.7,15.3
Adoption,MIDLANDS,4 Neither,2025-Q2,178,16.2,15
Adoption,MIDLANDS,4 Neither,2025-Q3,159,17,14.9
Adoption,MIDLANDS,4 Neither,2025-Q4,186,18.4,15.3
Adoption,MIDLANDS,5 Unknown,2011-Q1,6,16.6,15.3
Adoption,MIDLANDS,5 Unknown,2011-Q2,2,19.6,19.6
Adoption,MIDLANDS,5 Unknown,2011-Q3,2,2.4,2.4
Adoption,MIDLANDS,5 Unknown,2011-Q4,6,11,11.4
Adoption,MIDLANDS,5 Unknown,2012-Q1,1,10.1,10.1
Adoption,MIDLANDS,5 Unknown,2012-Q2,2,23.4,23.4
Adoption,MIDLANDS,5 Unknown,2012-Q3,4,24.1,24.2
Adoption,MIDLANDS,5 Unknown,2012-Q4,3,10.5,11
Adoption,MIDLANDS,5 Unknown,2013-Q2,5,22.6,15
Adoption,MIDLANDS,5 Unknown,2013-Q3,3,20.3,19
Adoption,MIDLANDS,5 Unknown,2013-Q4,1,8,8
Adoption,MIDLANDS,5 Unknown,2014-Q1,2,22.3,22.3
Adoption,MIDLANDS,5 Unknown,2014-Q2,1,8,8
Adoption,MIDLANDS,5 Unknown,2014-Q3,4,170.6,222.4
Adoption,MIDLANDS,5 Unknown,2014-Q4,4,18.5,19.3
Adoption,MIDLANDS,5 Unknown,2015-Q1,1,15.7,15.7
Adoption,MIDLANDS,5 Unknown,2015-Q2,1,4.1,4.1
Adoption,MIDLANDS,5 Unknown,2015-Q3,4,18.3,20.2
Adoption,MIDLANDS,5 Unknown,2015-Q4,2,13.1,13.1
Adoption,MIDLANDS,5 Unknown,2016-Q1,2,20.2,20.2
Adoption,MIDLANDS,5 Unknown,2016-Q2,1,18.7,18.7
Adoption,MIDLANDS,5 Unknown,2017-Q3,1,10.3,10.3
Adoption,MIDLANDS,5 Unknown,2017-Q4,1,10.3,10.3
Adoption,MIDLANDS,5 Unknown,2018-Q2,1,13.3,13.3
Adoption,MIDLANDS,5 Unknown,2018-Q3,1,27,27
Adoption,MIDLANDS,5 Unknown,2018-Q4,1,34.6,34.6
Adoption,MIDLANDS,5 Unknown,2019-Q3,1,18,18
Adoption,MIDLANDS,5 Unknown,2019-Q4,1,14.7,14.7
Adoption,MIDLANDS,5 Unknown,2020-Q4,2,34.4,34.4
Adoption,MIDLANDS,5 Unknown,2021-Q1,2,18.1,18.1
Adoption,MIDLANDS,5 Unknown,2021-Q3,1,18.1,18.1
Adoption,MIDLANDS,5 Unknown,2022-Q2,1,20.7,20.7
Adoption,MIDLANDS,5 Unknown,2023-Q2,1,15,15
Adoption,MIDLANDS,5 Unknown,2023-Q4,2,24.3,24.3
Adoption,MIDLANDS,5 Unknown,2024-Q1,2,10.8,10.8
Adoption,MIDLANDS,5 Unknown,2024-Q2,1,17.7,17.7
Adoption,MIDLANDS,5 Unknown,2024-Q3,2,13.7,13.7
Adoption,MIDLANDS,5 Unknown,2025-Q2,1,2.1,2.1
Adoption,MIDLANDS,5 Unknown,2025-Q3,2,13.8,13.8
Adoption,MIDLANDS,All types,2011-Q1,184,17.8,15.7
Adoption,MIDLANDS,All types,2011-Q2,179,16.8,15
Adoption,MIDLANDS,All types,2011-Q3,194,17.9,16.2
Adoption,MIDLANDS,All types,2011-Q4,206,16.3,13.7
Adoption,MIDLANDS,All types,2012-Q1,224,16.8,14.6
Adoption,MIDLANDS,All types,2012-Q2,229,16,14.4
Adoption,MIDLANDS,All types,2012-Q3,245,16.3,15
Adoption,MIDLANDS,All types,2012-Q4,270,13.7,12
Adoption,MIDLANDS,All types,2013-Q1,233,15.8,13.6
Adoption,MIDLANDS,All types,2013-Q2,286,14.4,13.6
Adoption,MIDLANDS,All types,2013-Q3,287,14.8,12.9
Adoption,MIDLANDS,All types,2013-Q4,322,16.7,15.2
Adoption,MIDLANDS,All types,2014-Q1,336,15.9,14.7
Adoption,MIDLANDS,All types,2014-Q2,331,15.5,14.1
Adoption,MIDLANDS,All types,2014-Q3,350,25.7,14.4
Adoption,MIDLANDS,All types,2014-Q4,318,16.1,14.3
Adoption,MIDLANDS,All types,2015-Q1,343,16.8,16.3
Adoption,MIDLANDS,All types,2015-Q2,287,16.6,15.3
Adoption,MIDLANDS,All types,2015-Q3,274,17.8,15.7
Adoption,MIDLANDS,All types,2015-Q4,287,16.5,16
Adoption,MIDLANDS,All types,2016-Q1,353,17.2,16
Adoption,MIDLANDS,All types,2016-Q2,319,18.6,17.3
Adoption,MIDLANDS,All types,2016-Q3,278,17.5,15.9
Adoption,MIDLANDS,All types,2016-Q4,257,18.6,17.1
Adoption,MIDLANDS,All types,2017-Q1,279,19,17.9
Adoption,MIDLANDS,All types,2017-Q2,240,18.4,16.9
Adoption,MIDLANDS,All types,2017-Q3,232,18.7,17.4
Adoption,MIDLANDS,All types,2017-Q4,263,18.1,17.3
Adoption,MIDLANDS,All types,2018-Q1,246,18.4,17.1
Adoption,MIDLANDS,All types,2018-Q2,257,17.8,15.6
Adoption,MIDLANDS,All types,2018-Q3,216,17.3,14.7
Adoption,MIDLANDS,All types,2018-Q4,212,17.9,16.1
Adoption,MIDLANDS,All types,2019-Q1,258,18.3,15.2
Adoption,MIDLANDS,All types,2019-Q2,219,18.1,14
Adoption,MIDLANDS,All types,2019-Q3,236,17.7,15.4
Adoption,MIDLANDS,All types,2019-Q4,202,18.7,15.2
Adoption,MIDLANDS,All types,2020-Q1,193,18.7,16
Adoption,MIDLANDS,All types,2020-Q2,84,20,17
Adoption,MIDLANDS,All types,2020-Q3,181,29.3,26.9
Adoption,MIDLANDS,All types,2020-Q4,229,27.1,21.9
Adoption,MIDLANDS,All types,2021-Q1,243,24.5,19.9
Adoption,MIDLANDS,All types,2021-Q2,239,23.8,19
Adoption,MIDLANDS,All types,2021-Q3,221,26.4,21.7
Adoption,MIDLANDS,All types,2021-Q4,209,22.4,17.6
Adoption,MIDLANDS,All types,2022-Q1,212,24.9,19.8
Adoption,MIDLANDS,All types,2022-Q2,186,22.3,18.5
Adoption,MIDLANDS,All types,2022-Q3,208,23.1,19.1
Adoption,MIDLANDS,All types,2022-Q4,187,21.8,18.1
Adoption,MIDLANDS,All types,2023-Q1,226,20.6,17.5
Adoption,MIDLANDS,All types,2023-Q2,220,21.1,18
Adoption,MIDLANDS,All types,2023-Q3,178,20.7,17.8
Adoption,MIDLANDS,All types,2023-Q4,232,18.9,16.7
Adoption,MIDLANDS,All types,2024-Q1,227,19.4,17.9
Adoption,MIDLANDS,All types,2024-Q2,202,19.4,15.9
Adoption,MIDLANDS,All types,2024-Q3,224,18.8,15.9
Adoption,MIDLANDS,All types,2024-Q4,214,18.9,16
Adoption,MIDLANDS,All types,2025-Q1,209,17.4,15.7
Adoption,MIDLANDS,All types,2025-Q2,213,17.5,15.6
Adoption,MIDLANDS,All types,2025-Q3,196,18.5,16.4
Adoption,MIDLANDS,All types,2025-Q4,214,19.7,16.6
Adoption,NORTH EAST,1 Both,2011-Q1,1,21,21
Adoption,NORTH EAST,1 Both,2011-Q2,2,24.6,24.6
Adoption,NORTH EAST,1 Both,2011-Q4,3,33,30.6
Adoption,NORTH EAST,1 Both,2012-Q1,1,17.3,17.3
Adoption,NORTH EAST,1 Both,2012-Q2,3,29.2,24.1
Adoption,NORTH EAST,1 Both,2012-Q3,2,40.1,40.1
Adoption,NORTH EAST,1 Both,2013-Q1,5,84,44
Adoption,NORTH EAST,1 Both,2013-Q2,4,11.1,12.9
Adoption,NORTH EAST,1 Both,2013-Q3,1,19.7,19.7
Adoption,NORTH EAST,1 Both,2013-Q4,2,21.2,21.2
Adoption,NORTH EAST,1 Both,2014-Q3,3,31.2,30.9
Adoption,NORTH EAST,1 Both,2014-Q4,1,26.9,26.9
Adoption,NORTH EAST,1 Both,2015-Q1,2,31.1,31.1
Adoption,NORTH EAST,1 Both,2015-Q2,3,46.2,49
Adoption,NORTH EAST,1 Both,2015-Q3,2,50.4,50.4
Adoption,NORTH EAST,1 Both,2015-Q4,1,49,49
Adoption,NORTH EAST,1 Both,2016-Q3,2,29.9,29.9
Adoption,NORTH EAST,1 Both,2016-Q4,2,19.1,19.1
Adoption,NORTH EAST,1 Both,2017-Q1,1,37.3,37.3
Adoption,NORTH EAST,1 Both,2017-Q2,1,37.1,37.1
Adoption,NORTH EAST,1 Both,2017-Q4,1,59,59
Adoption,NORTH EAST,1 Both,2018-Q4,1,56.7,56.7
Adoption,NORTH EAST,1 Both,2019-Q1,2,38.1,38.1
Adoption,NORTH EAST,1 Both,2019-Q2,4,49.9,53.6
Adoption,NORTH EAST,1 Both,2019-Q3,1,31.4,31.4
Adoption,NORTH EAST,1 Both,2020-Q4,3,67.2,55.9
Adoption,NORTH EAST,1 Both,2021-Q2,2,61.4,61.4
Adoption,NORTH EAST,1 Both,2022-Q4,2,55.2,55.2
Adoption,NORTH EAST,1 Both,2023-Q2,3,21.1,9.6
Adoption,NORTH EAST,1 Both,2023-Q3,1,34.6,34.6
Adoption,NORTH EAST,1 Both,2024-Q2,1,27.3,27.3
Adoption,NORTH EAST,1 Both,2024-Q3,1,17.9,17.9
Adoption,NORTH EAST,1 Both,2025-Q2,2,52.3,52.3
Adoption,NORTH EAST,1 Both,2025-Q3,1,53.3,53.3
Adoption,NORTH EAST,1 Both,2025-Q4,1,6.3,6.3
Adoption,NORTH EAST,2 Applicant Only,2011-Q1,7,32.1,13.7
Adoption,NORTH EAST,2 Applicant Only,2011-Q2,7,20.6,15.9
Adoption,NORTH EAST,2 Applicant Only,2011-Q3,7,18.3,19.9
Adoption,NORTH EAST,2 Applicant Only,2011-Q4,13,18.4,20.7
Adoption,NORTH EAST,2 Applicant Only,2012-Q1,7,35.8,35.4
Adoption,NORTH EAST,2 Applicant Only,2012-Q2,11,29.8,28
Adoption,NORTH EAST,2 Applicant Only,2012-Q3,9,26.9,19
Adoption,NORTH EAST,2 Applicant Only,2012-Q4,10,28.8,27.3
Adoption,NORTH EAST,2 Applicant Only,2013-Q1,8,16.3,11.5
Adoption,NORTH EAST,2 Applicant Only,2013-Q2,6,22.3,18
Adoption,NORTH EAST,2 Applicant Only,2013-Q3,5,10.3,10.4
Adoption,NORTH EAST,2 Applicant Only,2013-Q4,4,17.1,17.3
Adoption,NORTH EAST,2 Applicant Only,2014-Q1,2,17.5,17.5
Adoption,NORTH EAST,2 Applicant Only,2014-Q2,6,30.4,23.9
Adoption,NORTH EAST,2 Applicant Only,2014-Q3,6,18.3,15.3
Adoption,NORTH EAST,2 Applicant Only,2014-Q4,11,30.4,33.9
Adoption,NORTH EAST,2 Applicant Only,2015-Q1,10,18.7,14.1
Adoption,NORTH EAST,2 Applicant Only,2015-Q2,7,14.6,13.9
Adoption,NORTH EAST,2 Applicant Only,2015-Q3,9,26.1,23.7
Adoption,NORTH EAST,2 Applicant Only,2015-Q4,4,14.3,12.9
Adoption,NORTH EAST,2 Applicant Only,2016-Q1,6,19.2,15.6
Adoption,NORTH EAST,2 Applicant Only,2016-Q2,3,27,29.6
Adoption,NORTH EAST,2 Applicant Only,2016-Q3,6,31.9,31.4
Adoption,NORTH EAST,2 Applicant Only,2016-Q4,2,25.2,25.2
Adoption,NORTH EAST,2 Applicant Only,2017-Q1,5,37.8,32.7
Adoption,NORTH EAST,2 Applicant Only,2017-Q2,3,37.9,36.7
Adoption,NORTH EAST,2 Applicant Only,2017-Q3,5,23.6,23.4
Adoption,NORTH EAST,2 Applicant Only,2017-Q4,5,27.7,31.1
Adoption,NORTH EAST,2 Applicant Only,2018-Q1,5,11.3,12.9
Adoption,NORTH EAST,2 Applicant Only,2018-Q2,1,13,13
Adoption,NORTH EAST,2 Applicant Only,2018-Q3,2,36.1,36.1
Adoption,NORTH EAST,2 Applicant Only,2018-Q4,5,27.6,38
Adoption,NORTH EAST,2 Applicant Only,2019-Q1,7,22.1,16
Adoption,NORTH EAST,2 Applicant Only,2019-Q2,6,20.9,17
Adoption,NORTH EAST,2 Applicant Only,2019-Q3,2,27,27
Adoption,NORTH EAST,2 Applicant Only,2019-Q4,3,31,25.3
Adoption,NORTH EAST,2 Applicant Only,2020-Q1,4,21.5,19.8
Adoption,NORTH EAST,2 Applicant Only,2020-Q2,6,24.6,23.8
Adoption,NORTH EAST,2 Applicant Only,2020-Q3,2,16.9,16.9
Adoption,NORTH EAST,2 Applicant Only,2020-Q4,4,17.1,14.8
Adoption,NORTH EAST,2 Applicant Only,2021-Q1,3,28.1,26
Adoption,NORTH EAST,2 Applicant Only,2021-Q2,2,29.1,29.1
Adoption,NORTH EAST,2 Applicant Only,2021-Q3,3,43.9,44.3
Adoption,NORTH EAST,2 Applicant Only,2021-Q4,1,64.9,64.9
Adoption,NORTH EAST,2 Applicant Only,2022-Q1,2,22.4,22.4
Adoption,NORTH EAST,2 Applicant Only,2022-Q3,1,35.9,35.9
Adoption,NORTH EAST,2 Applicant Only,2022-Q4,2,40.6,40.6
Adoption,NORTH EAST,2 Applicant Only,2023-Q1,4,28,23.7
Adoption,NORTH EAST,2 Applicant Only,2023-Q2,3,24.7,13.9
Adoption,NORTH EAST,2 Applicant Only,2023-Q3,1,25.9,25.9
Adoption,NORTH EAST,2 Applicant Only,2023-Q4,2,29.5,29.5
Adoption,NORTH EAST,2 Applicant Only,2024-Q1,1,16,16
Adoption,NORTH EAST,2 Applicant Only,2024-Q2,3,23.6,10.9
Adoption,NORTH EAST,2 Applicant Only,2024-Q3,3,18.4,13.1
Adoption,NORTH EAST,2 Applicant Only,2025-Q1,2,28.3,28.3
Adoption,NORTH EAST,2 Applicant Only,2025-Q2,2,11.1,11.1
Adoption,NORTH EAST,3 Respondent Only,2011-Q1,3,22.6,21.4
Adoption,NORTH EAST,3 Respondent Only,2011-Q2,4,15.7,16.6
Adoption,NORTH EAST,3 Respondent Only,2011-Q3,6,25.6,21.2
Adoption,NORTH EAST,3 Respondent Only,2011-Q4,13,13.6,13.9
Adoption,NORTH EAST,3 Respondent Only,2012-Q1,3,17,17.9
Adoption,NORTH EAST,3 Respondent Only,2012-Q2,5,17.2,19
Adoption,NORTH EAST,3 Respondent Only,2012-Q3,7,15.3,18
Adoption,NORTH EAST,3 Respondent Only,2012-Q4,7,15.8,19.7
Adoption,NORTH EAST,3 Respondent Only,2013-Q1,11,17.4,17.1
Adoption,NORTH EAST,3 Respondent Only,2013-Q2,8,20.1,16.3
Adoption,NORTH EAST,3 Respondent Only,2013-Q3,4,16.5,9.1
Adoption,NORTH EAST,3 Respondent Only,2013-Q4,2,8.1,8.1
Adoption,NORTH EAST,3 Respondent Only,2014-Q1,9,19.1,19.6
Adoption,NORTH EAST,3 Respondent Only,2014-Q2,7,28.7,30.6
Adoption,NORTH EAST,3 Respondent Only,2014-Q3,8,23.8,25.5
Adoption,NORTH EAST,3 Respondent Only,2014-Q4,8,19,16.7
Adoption,NORTH EAST,3 Respondent Only,2015-Q1,11,26.1,24.6
Adoption,NORTH EAST,3 Respondent Only,2015-Q2,7,22.2,22.6
Adoption,NORTH EAST,3 Respondent Only,2015-Q3,7,29,23.7
Adoption,NORTH EAST,3 Respondent Only,2015-Q4,9,21.6,16.1
Adoption,NORTH EAST,3 Respondent Only,2016-Q1,10,31.1,30.8
Adoption,NORTH EAST,3 Respondent Only,2016-Q2,14,31.3,23.9
Adoption,NORTH EAST,3 Respondent Only,2016-Q3,11,19.3,21.9
Adoption,NORTH EAST,3 Respondent Only,2016-Q4,3,33.3,24.1
Adoption,NORTH EAST,3 Respondent Only,2017-Q1,8,26.8,27.9
Adoption,NORTH EAST,3 Respondent Only,2017-Q2,8,35.1,28.6
Adoption,NORTH EAST,3 Respondent Only,2017-Q3,9,34.7,29
Adoption,NORTH EAST,3 Respondent Only,2017-Q4,7,27,26.7
Adoption,NORTH EAST,3 Respondent Only,2018-Q1,2,28.1,28.1
Adoption,NORTH EAST,3 Respondent Only,2018-Q2,2,22.6,22.6
Adoption,NORTH EAST,3 Respondent Only,2018-Q3,1,25,25
Adoption,NORTH EAST,3 Respondent Only,2018-Q4,2,36.4,36.4
Adoption,NORTH EAST,3 Respondent Only,2019-Q1,4,34.4,33.4
Adoption,NORTH EAST,3 Respondent Only,2019-Q2,8,27.9,29.1
Adoption,NORTH EAST,3 Respondent Only,2019-Q3,4,23.3,22
Adoption,NORTH EAST,3 Respondent Only,2019-Q4,2,24.3,24.3
Adoption,NORTH EAST,3 Respondent Only,2020-Q1,2,20.4,20.4
Adoption,NORTH EAST,3 Respondent Only,2020-Q2,2,25.9,25.9
Adoption,NORTH EAST,3 Respondent Only,2020-Q3,4,30.2,36.7
Adoption,NORTH EAST,3 Respondent Only,2020-Q4,4,35.5,31.3
Adoption,NORTH EAST,3 Respondent Only,2021-Q1,7,34.1,33.3
Adoption,NORTH EAST,3 Respondent Only,2021-Q2,3,51.8,48
Adoption,NORTH EAST,3 Respondent Only,2021-Q3,11,33.5,31
Adoption,NORTH EAST,3 Respondent Only,2021-Q4,6,23.6,22.9
Adoption,NORTH EAST,3 Respondent Only,2022-Q1,8,37.5,44.2
Adoption,NORTH EAST,3 Respondent Only,2022-Q2,5,35.6,35.1
Adoption,NORTH EAST,3 Respondent Only,2022-Q3,7,35.8,40.1
Adoption,NORTH EAST,3 Respondent Only,2022-Q4,8,27.1,24
Adoption,NORTH EAST,3 Respondent Only,2023-Q1,5,27.6,30.1
Adoption,NORTH EAST,3 Respondent Only,2023-Q2,3,26.1,26
Adoption,NORTH EAST,3 Respondent Only,2023-Q3,10,26,20.8
Adoption,NORTH EAST,3 Respondent Only,2023-Q4,11,37.4,29.3
Adoption,NORTH EAST,3 Respondent Only,2024-Q1,16,24.5,19.8
Adoption,NORTH EAST,3 Respondent Only,2024-Q2,10,23.6,21.4
Adoption,NORTH EAST,3 Respondent Only,2024-Q3,19,35.8,31.9
Adoption,NORTH EAST,3 Respondent Only,2024-Q4,13,17.7,17.9
Adoption,NORTH EAST,3 Respondent Only,2025-Q1,8,30.1,28.8
Adoption,NORTH EAST,3 Respondent Only,2025-Q2,24,20.6,20.1
Adoption,NORTH EAST,3 Respondent Only,2025-Q3,8,18.3,17.9
Adoption,NORTH EAST,3 Respondent Only,2025-Q4,24,24.7,21.6
Adoption,NORTH EAST,4 Neither,2011-Q1,148,14.3,12.6
Adoption,NORTH EAST,4 Neither,2011-Q2,196,11.8,10.8
Adoption,NORTH EAST,4 Neither,2011-Q3,192,13.5,11.9
Adoption,NORTH EAST,4 Neither,2011-Q4,208,14.1,11.3
Adoption,NORTH EAST,4 Neither,2012-Q1,161,13.4,12
Adoption,NORTH EAST,4 Neither,2012-Q2,188,12.9,11.1
Adoption,NORTH EAST,4 Neither,2012-Q3,193,12.8,11.1
Adoption,NORTH EAST,4 Neither,2012-Q4,238,12.9,11.5
Adoption,NORTH EAST,4 Neither,2013-Q1,230,13.6,11.9
Adoption,NORTH EAST,4 Neither,2013-Q2,260,13.4,11
Adoption,NORTH EAST,4 Neither,2013-Q3,276,13,10.7
Adoption,NORTH EAST,4 Neither,2013-Q4,250,13.7,11.9
Adoption,NORTH EAST,4 Neither,2014-Q1,293,13.7,12.3
Adoption,NORTH EAST,4 Neither,2014-Q2,266,15.4,12.7
Adoption,NORTH EAST,4 Neither,2014-Q3,311,14.1,12
Adoption,NORTH EAST,4 Neither,2014-Q4,286,14.8,12.9
Adoption,NORTH EAST,4 Neither,2015-Q1,259,15.4,13.1
Adoption,NORTH EAST,4 Neither,2015-Q2,251,14.2,11.6
Adoption,NORTH EAST,4 Neither,2015-Q3,289,13.1,11.1
Adoption,NORTH EAST,4 Neither,2015-Q4,221,14.6,12
Adoption,NORTH EAST,4 Neither,2016-Q1,229,14.6,11.7
Adoption,NORTH EAST,4 Neither,2016-Q2,223,13.8,11.6
Adoption,NORTH EAST,4 Neither,2016-Q3,222,15.7,12.3
Adoption,NORTH EAST,4 Neither,2016-Q4,189,14.4,12.4
Adoption,NORTH EAST,4 Neither,2017-Q1,222,14.2,12
Adoption,NORTH EAST,4 Neither,2017-Q2,235,17.1,15
Adoption,NORTH EAST,4 Neither,2017-Q3,237,13.8,12
Adoption,NORTH EAST,4 Neither,2017-Q4,178,14.4,12.1
Adoption,NORTH EAST,4 Neither,2018-Q1,229,16.2,14
Adoption,NORTH EAST,4 Neither,2018-Q2,211,16.3,12.6
Adoption,NORTH EAST,4 Neither,2018-Q3,211,15.6,13
Adoption,NORTH EAST,4 Neither,2018-Q4,206,16.3,13.3
Adoption,NORTH EAST,4 Neither,2019-Q1,201,16.5,14
Adoption,NORTH EAST,4 Neither,2019-Q2,191,13.8,11.7
Adoption,NORTH EAST,4 Neither,2019-Q3,202,14.7,12.4
Adoption,NORTH EAST,4 Neither,2019-Q4,211,16.1,11.6
Adoption,NORTH EAST,4 Neither,2020-Q1,183,14.1,11.6
Adoption,NORTH EAST,4 Neither,2020-Q2,97,20,16.3
Adoption,NORTH EAST,4 Neither,2020-Q3,195,20.8,18.6
Adoption,NORTH EAST,4 Neither,2020-Q4,207,22.7,16.3
Adoption,NORTH EAST,4 Neither,2021-Q1,227,18.7,15.7
Adoption,NORTH EAST,4 Neither,2021-Q2,257,18.6,15
Adoption,NORTH EAST,4 Neither,2021-Q3,191,18.1,14.1
Adoption,NORTH EAST,4 Neither,2021-Q4,184,16.1,12.9
Adoption,NORTH EAST,4 Neither,2022-Q1,160,20.2,17.6
Adoption,NORTH EAST,4 Neither,2022-Q2,142,18,15.4
Adoption,NORTH EAST,4 Neither,2022-Q3,210,22.3,21
Adoption,NORTH EAST,4 Neither,2022-Q4,220,21,16.6
Adoption,NORTH EAST,4 Neither,2023-Q1,203,17.6,14
Adoption,NORTH EAST,4 Neither,2023-Q2,175,15.4,11.9
Adoption,NORTH EAST,4 Neither,2023-Q3,183,15.5,11.9
Adoption,NORTH EAST,4 Neither,2023-Q4,181,16,12.6
Adoption,NORTH EAST,4 Neither,2024-Q1,188,13.9,12.9
Adoption,NORTH EAST,4 Neither,2024-Q2,185,13.9,11.3
Adoption,NORTH EAST,4 Neither,2024-Q3,170,14.3,11
Adoption,NORTH EAST,4 Neither,2024-Q4,189,13.7,11
Adoption,NORTH EAST,4 Neither,2025-Q1,162,13.5,12.1
Adoption,NORTH EAST,4 Neither,2025-Q2,157,13.9,11.9
Adoption,NORTH EAST,4 Neither,2025-Q3,158,14.5,11.1
Adoption,NORTH EAST,4 Neither,2025-Q4,143,13.4,11
Adoption,NORTH EAST,5 Unknown,2011-Q1,12,13.5,14.1
Adoption,NORTH EAST,5 Unknown,2011-Q2,8,14.2,12
Adoption,NORTH EAST,5 Unknown,2011-Q3,15,17.3,20.3
Adoption,NORTH EAST,5 Unknown,2011-Q4,4,29.8,29.5
Adoption,NORTH EAST,5 Unknown,2012-Q1,3,20.2,10
Adoption,NORTH EAST,5 Unknown,2012-Q2,4,27,17
Adoption,NORTH EAST,5 Unknown,2012-Q3,5,37.4,17.7
Adoption,NORTH EAST,5 Unknown,2012-Q4,4,39.5,43.1
Adoption,NORTH EAST,5 Unknown,2013-Q1,1,53.3,53.3
Adoption,NORTH EAST,5 Unknown,2013-Q2,4,21,20.5
Adoption,NORTH EAST,5 Unknown,2013-Q3,2,11.6,11.6
Adoption,NORTH EAST,5 Unknown,2013-Q4,2,11.6,11.6
Adoption,NORTH EAST,5 Unknown,2014-Q1,1,10.7,10.7
Adoption,NORTH EAST,5 Unknown,2014-Q3,1,12.9,12.9
Adoption,NORTH EAST,5 Unknown,2014-Q4,1,11.1,11.1
Adoption,NORTH EAST,5 Unknown,2015-Q1,1,10.3,10.3
Adoption,NORTH EAST,5 Unknown,2015-Q2,1,14.9,14.9
Adoption,NORTH EAST,5 Unknown,2015-Q3,4,27.3,32
Adoption,NORTH EAST,5 Unknown,2016-Q3,1,17.1,17.1
Adoption,NORTH EAST,5 Unknown,2017-Q3,1,7.7,7.7
Adoption,NORTH EAST,5 Unknown,2018-Q1,1,16.7,16.7
Adoption,NORTH EAST,5 Unknown,2019-Q3,1,13.9,13.9
Adoption,NORTH EAST,5 Unknown,2020-Q2,2,27.3,27.3
Adoption,NORTH EAST,5 Unknown,2020-Q4,1,16.6,16.6
Adoption,NORTH EAST,5 Unknown,2021-Q1,1,17,17
Adoption,NORTH EAST,5 Unknown,2021-Q3,1,56.7,56.7
Adoption,NORTH EAST,5 Unknown,2022-Q1,1,40.9,40.9
Adoption,NORTH EAST,5 Unknown,2022-Q2,1,12.1,12.1
Adoption,NORTH EAST,5 Unknown,2023-Q3,1,6.6,6.6
Adoption,NORTH EAST,5 Unknown,2023-Q4,1,14.3,14.3
Adoption,NORTH EAST,5 Unknown,2024-Q2,1,18.9,18.9
Adoption,NORTH EAST,All types,2011-Q1,171,15.2,13
Adoption,NORTH EAST,All types,2011-Q2,217,12.4,11.3
Adoption,NORTH EAST,All types,2011-Q3,220,14.2,13.6
Adoption,NORTH EAST,All types,2011-Q4,241,14.8,12.1
Adoption,NORTH EAST,All types,2012-Q1,175,14.5,12.3
Adoption,NORTH EAST,All types,2012-Q2,211,14.4,12
Adoption,NORTH EAST,All types,2012-Q3,216,14.3,11.6
Adoption,NORTH EAST,All types,2012-Q4,259,14,11.9
Adoption,NORTH EAST,All types,2013-Q1,255,15.4,12
Adoption,NORTH EAST,All types,2013-Q2,282,13.8,11.5
Adoption,NORTH EAST,All types,2013-Q3,288,13,10.7
Adoption,NORTH EAST,All types,2013-Q4,260,13.8,11.9
Adoption,NORTH EAST,All types,2014-Q1,305,13.8,12.7
Adoption,NORTH EAST,All types,2014-Q2,279,16,13.1
Adoption,NORTH EAST,All types,2014-Q3,329,14.6,12.7
Adoption,NORTH EAST,All types,2014-Q4,307,15.5,13.1
Adoption,NORTH EAST,All types,2015-Q1,283,16,13.7
Adoption,NORTH EAST,All types,2015-Q2,269,14.8,12
Adoption,NORTH EAST,All types,2015-Q3,311,14.3,11.6
Adoption,NORTH EAST,All types,2015-Q4,235,15,12.4
Adoption,NORTH EAST,All types,2016-Q1,245,15.4,12.3
Adoption,NORTH EAST,All types,2016-Q2,240,14.9,12
Adoption,NORTH EAST,All types,2016-Q3,242,16.4,13.1
Adoption,NORTH EAST,All types,2016-Q4,196,14.8,12.9
Adoption,NORTH EAST,All types,2017-Q1,236,15.2,12.4
Adoption,NORTH EAST,All types,2017-Q2,247,18,15.9
Adoption,NORTH EAST,All types,2017-Q3,252,14.7,12.3
Adoption,NORTH EAST,All types,2017-Q4,191,15.5,12.9
Adoption,NORTH EAST,All types,2018-Q1,237,16.2,14
Adoption,NORTH EAST,All types,2018-Q2,214,16.4,12.8
Adoption,NORTH EAST,All types,2018-Q3,214,15.8,13.2
Adoption,NORTH EAST,All types,2018-Q4,214,16.9,13.9
Adoption,NORTH EAST,All types,2019-Q1,214,17.2,14
Adoption,NORTH EAST,All types,2019-Q2,209,15.2,12.1
Adoption,NORTH EAST,All types,2019-Q3,210,15.1,12.9
Adoption,NORTH EAST,All types,2019-Q4,216,16.4,12
Adoption,NORTH EAST,All types,2020-Q1,189,14.3,11.7
Adoption,NORTH EAST,All types,2020-Q2,107,20.5,16.7
Adoption,NORTH EAST,All types,2020-Q3,201,21,19
Adoption,NORTH EAST,All types,2020-Q4,219,23.4,16.6
Adoption,NORTH EAST,All types,2021-Q1,238,19.3,16.1
Adoption,NORTH EAST,All types,2021-Q2,264,19.4,15.3
Adoption,NORTH EAST,All types,2021-Q3,206,19.5,15.1
Adoption,NORTH EAST,All types,2021-Q4,191,16.6,12.9
Adoption,NORTH EAST,All types,2022-Q1,171,21.2,17.9
Adoption,NORTH EAST,All types,2022-Q2,148,18.5,15.4
Adoption,NORTH EAST,All types,2022-Q3,218,22.8,21.1
Adoption,NORTH EAST,All types,2022-Q4,232,21.7,17
Adoption,NORTH EAST,All types,2023-Q1,212,18.1,14.3
Adoption,NORTH EAST,All types,2023-Q2,184,15.8,12.1
Adoption,NORTH EAST,All types,2023-Q3,196,16.2,12.5
Adoption,NORTH EAST,All types,2023-Q4,195,17.3,13
Adoption,NORTH EAST,All types,2024-Q1,205,14.8,13.3
Adoption,NORTH EAST,All types,2024-Q2,200,14.6,12.1
Adoption,NORTH EAST,All types,2024-Q3,193,16.5,11.9
Adoption,NORTH EAST,All types,2024-Q4,202,14,11.3
Adoption,NORTH EAST,All types,2025-Q1,172,14.4,12.1
Adoption,NORTH EAST,All types,2025-Q2,185,15.1,12.1
Adoption,NORTH EAST,All types,2025-Q3,167,14.9,11.3
Adoption,NORTH EAST,All types,2025-Q4,168,15,12.7
Adoption,NORTH WEST,1 Both,2011-Q1,5,31.9,25.1
Adoption,NORTH WEST,1 Both,2011-Q2,3,42.1,48.9
Adoption,NORTH WEST,1 Both,2011-Q3,3,19.8,18.9
Adoption,NORTH WEST,1 Both,2011-Q4,1,37.6,37.6
Adoption,NORTH WEST,1 Both,2012-Q3,2,16.1,16.1
Adoption,NORTH WEST,1 Both,2012-Q4,4,41.5,44.4
Adoption,NORTH WEST,1 Both,2013-Q2,3,26,26
Adoption,NORTH WEST,1 Both,2013-Q3,1,23,23
Adoption,NORTH WEST,1 Both,2013-Q4,1,43.7,43.7
Adoption,NORTH WEST,1 Both,2014-Q1,1,22,22
Adoption,NORTH WEST,1 Both,2014-Q4,2,17.7,17.7
Adoption,NORTH WEST,1 Both,2015-Q1,1,34.9,34.9
Adoption,NORTH WEST,1 Both,2015-Q3,1,40.4,40.4
Adoption,NORTH WEST,1 Both,2016-Q1,2,42.4,42.4
Adoption,NORTH WEST,1 Both,2016-Q2,2,35.3,35.3
Adoption,NORTH WEST,1 Both,2016-Q3,1,43,43
Adoption,NORTH WEST,1 Both,2017-Q3,1,28.7,28.7
Adoption,NORTH WEST,1 Both,2017-Q4,1,50,50
Adoption,NORTH WEST,1 Both,2018-Q1,2,31.6,31.6
Adoption,NORTH WEST,1 Both,2018-Q4,1,29.7,29.7
Adoption,NORTH WEST,1 Both,2019-Q1,3,36.6,33
Adoption,NORTH WEST,1 Both,2020-Q2,1,28.7,28.7
Adoption,NORTH WEST,1 Both,2021-Q1,1,38,38
Adoption,NORTH WEST,1 Both,2021-Q2,2,43.9,43.9
Adoption,NORTH WEST,1 Both,2023-Q4,2,18.9,18.9
Adoption,NORTH WEST,1 Both,2025-Q2,3,56.5,58
Adoption,NORTH WEST,1 Both,2025-Q4,1,48.3,48.3
Adoption,NORTH WEST,2 Applicant Only,2011-Q1,2,78.6,78.6
Adoption,NORTH WEST,2 Applicant Only,2011-Q2,4,23.1,23.2
Adoption,NORTH WEST,2 Applicant Only,2011-Q3,6,18.4,18.8
Adoption,NORTH WEST,2 Applicant Only,2011-Q4,4,17.5,14.4
Adoption,NORTH WEST,2 Applicant Only,2012-Q1,7,20.5,15.3
Adoption,NORTH WEST,2 Applicant Only,2012-Q2,6,46,41
Adoption,NORTH WEST,2 Applicant Only,2012-Q3,4,27.8,20.9
Adoption,NORTH WEST,2 Applicant Only,2012-Q4,2,38,38
Adoption,NORTH WEST,2 Applicant Only,2013-Q1,4,34.1,31
Adoption,NORTH WEST,2 Applicant Only,2013-Q2,1,55.4,55.4
Adoption,NORTH WEST,2 Applicant Only,2013-Q3,4,24,20.6
Adoption,NORTH WEST,2 Applicant Only,2013-Q4,3,38.1,23
Adoption,NORTH WEST,2 Applicant Only,2014-Q2,7,41.3,47.3
Adoption,NORTH WEST,2 Applicant Only,2014-Q3,10,18.2,15.3
Adoption,NORTH WEST,2 Applicant Only,2014-Q4,4,19.6,17.2
Adoption,NORTH WEST,2 Applicant Only,2015-Q1,2,17.6,17.6
Adoption,NORTH WEST,2 Applicant Only,2015-Q2,1,29.6,29.6
Adoption,NORTH WEST,2 Applicant Only,2015-Q3,5,32.8,31.3
Adoption,NORTH WEST,2 Applicant Only,2015-Q4,2,26.1,26.1
Adoption,NORTH WEST,2 Applicant Only,2016-Q1,3,23.2,22.4
Adoption,NORTH WEST,2 Applicant Only,2016-Q2,4,20.6,12.6
Adoption,NORTH WEST,2 Applicant Only,2016-Q3,1,33,33
Adoption,NORTH WEST,2 Applicant Only,2017-Q1,6,28.9,31
Adoption,NORTH WEST,2 Applicant Only,2017-Q2,7,33.9,36.3
Adoption,NORTH WEST,2 Applicant Only,2017-Q3,6,43.4,40.6
Adoption,NORTH WEST,2 Applicant Only,2017-Q4,5,34.7,35
Adoption,NORTH WEST,2 Applicant Only,2018-Q1,1,34,34
Adoption,NORTH WEST,2 Applicant Only,2018-Q2,3,20.2,24.4
Adoption,NORTH WEST,2 Applicant Only,2018-Q3,4,33,27.6
Adoption,NORTH WEST,2 Applicant Only,2018-Q4,6,27.8,29.7
Adoption,NORTH WEST,2 Applicant Only,2019-Q1,5,31.1,31.7
Adoption,NORTH WEST,2 Applicant Only,2019-Q2,1,17.9,17.9
Adoption,NORTH WEST,2 Applicant Only,2019-Q3,2,32.1,32.1
Adoption,NORTH WEST,2 Applicant Only,2019-Q4,3,23.3,23.3
Adoption,NORTH WEST,2 Applicant Only,2020-Q1,4,17.6,13.9
Adoption,NORTH WEST,2 Applicant Only,2020-Q3,1,22,22
Adoption,NORTH WEST,2 Applicant Only,2021-Q1,2,45.8,45.8
Adoption,NORTH WEST,2 Applicant Only,2021-Q2,5,29.9,31.1
Adoption,NORTH WEST,2 Applicant Only,2021-Q4,4,29.5,29.1
Adoption,NORTH WEST,2 Applicant Only,2022-Q1,7,44.2,33
Adoption,NORTH WEST,2 Applicant Only,2022-Q3,1,17.4,17.4
Adoption,NORTH WEST,2 Applicant Only,2022-Q4,4,21.5,21.6
Adoption,NORTH WEST,2 Applicant Only,2023-Q1,5,51.6,55.6
Adoption,NORTH WEST,2 Applicant Only,2023-Q2,2,49,49
Adoption,NORTH WEST,2 Applicant Only,2023-Q3,2,9.6,9.6
Adoption,NORTH WEST,2 Applicant Only,2023-Q4,1,17,17
Adoption,NORTH WEST,2 Applicant Only,2024-Q1,3,41.6,58.1
Adoption,NORTH WEST,2 Applicant Only,2024-Q2,2,11.6,11.6
Adoption,NORTH WEST,2 Applicant Only,2024-Q3,5,21.4,13
Adoption,NORTH WEST,2 Applicant Only,2024-Q4,2,50.4,50.4
Adoption,NORTH WEST,2 Applicant Only,2025-Q1,4,31.9,31.6
Adoption,NORTH WEST,2 Applicant Only,2025-Q2,5,19.7,10.6
Adoption,NORTH WEST,2 Applicant Only,2025-Q3,2,23.7,23.7
Adoption,NORTH WEST,2 Applicant Only,2025-Q4,3,18.8,18
Adoption,NORTH WEST,3 Respondent Only,2011-Q1,1,22.1,22.1
Adoption,NORTH WEST,3 Respondent Only,2011-Q2,6,18.1,17.9
Adoption,NORTH WEST,3 Respondent Only,2011-Q3,3,20.1,21
Adoption,NORTH WEST,3 Respondent Only,2011-Q4,2,51.8,51.8
Adoption,NORTH WEST,3 Respondent Only,2012-Q1,7,21.4,19.1
Adoption,NORTH WEST,3 Respondent Only,2012-Q2,8,25.6,23.1
Adoption,NORTH WEST,3 Respondent Only,2012-Q3,4,29,25.1
Adoption,NORTH WEST,3 Respondent Only,2012-Q4,3,26.1,23.4
Adoption,NORTH WEST,3 Respondent Only,2013-Q1,7,19.1,19.4
Adoption,NORTH WEST,3 Respondent Only,2013-Q2,8,24.6,19.9
Adoption,NORTH WEST,3 Respondent Only,2013-Q3,2,20.6,20.6
Adoption,NORTH WEST,3 Respondent Only,2013-Q4,4,28.5,25.8
Adoption,NORTH WEST,3 Respondent Only,2014-Q1,6,40.4,37.1
Adoption,NORTH WEST,3 Respondent Only,2014-Q2,10,20.8,17.1
Adoption,NORTH WEST,3 Respondent Only,2014-Q3,3,25.3,22.3
Adoption,NORTH WEST,3 Respondent Only,2014-Q4,5,26.4,27.7
Adoption,NORTH WEST,3 Respondent Only,2015-Q1,10,27.1,21.2
Adoption,NORTH WEST,3 Respondent Only,2015-Q2,5,30.2,31
Adoption,NORTH WEST,3 Respondent Only,2015-Q3,4,36.3,37.2
Adoption,NORTH WEST,3 Respondent Only,2015-Q4,19,26.5,22.4
Adoption,NORTH WEST,3 Respondent Only,2016-Q1,13,26.4,29
Adoption,NORTH WEST,3 Respondent Only,2016-Q2,16,29.6,25.8
Adoption,NORTH WEST,3 Respondent Only,2016-Q3,13,28.2,26.6
Adoption,NORTH WEST,3 Respondent Only,2016-Q4,5,26.9,30.4
Adoption,NORTH WEST,3 Respondent Only,2017-Q1,9,23.2,20.7
Adoption,NORTH WEST,3 Respondent Only,2017-Q2,10,35.6,37
Adoption,NORTH WEST,3 Respondent Only,2017-Q3,11,26.7,25.6
Adoption,NORTH WEST,3 Respondent Only,2017-Q4,4,26.3,26.2
Adoption,NORTH WEST,3 Respondent Only,2018-Q1,3,30.5,34.6
Adoption,NORTH WEST,3 Respondent Only,2018-Q2,4,35.1,32.5
Adoption,NORTH WEST,3 Respondent Only,2018-Q3,2,23.6,23.6
Adoption,NORTH WEST,3 Respondent Only,2018-Q4,5,33,34.6
Adoption,NORTH WEST,3 Respondent Only,2019-Q1,2,19,19
Adoption,NORTH WEST,3 Respondent Only,2019-Q2,8,28.7,28.4
Adoption,NORTH WEST,3 Respondent Only,2019-Q3,5,33.7,28
Adoption,NORTH WEST,3 Respondent Only,2019-Q4,11,26.6,29.6
Adoption,NORTH WEST,3 Respondent Only,2020-Q1,15,31.2,28.9
Adoption,NORTH WEST,3 Respondent Only,2020-Q2,6,20.7,21.6
Adoption,NORTH WEST,3 Respondent Only,2020-Q3,13,34.5,32.1
Adoption,NORTH WEST,3 Respondent Only,2020-Q4,18,46.1,46.6
Adoption,NORTH WEST,3 Respondent Only,2021-Q1,8,35.3,33.9
Adoption,NORTH WEST,3 Respondent Only,2021-Q2,10,35.9,30.7
Adoption,NORTH WEST,3 Respondent Only,2021-Q3,10,33.5,31.9
Adoption,NORTH WEST,3 Respondent Only,2021-Q4,3,34.4,34.7
Adoption,NORTH WEST,3 Respondent Only,2022-Q1,8,30.4,25.9
Adoption,NORTH WEST,3 Respondent Only,2022-Q2,8,38.9,32.1
Adoption,NORTH WEST,3 Respondent Only,2022-Q3,2,33,33
Adoption,NORTH WEST,3 Respondent Only,2022-Q4,5,32.5,33.7
Adoption,NORTH WEST,3 Respondent Only,2023-Q1,9,33.6,31.9
Adoption,NORTH WEST,3 Respondent Only,2023-Q2,5,34.1,28.7
Adoption,NORTH WEST,3 Respondent Only,2023-Q3,16,31.2,28.4
Adoption,NORTH WEST,3 Respondent Only,2023-Q4,11,32.6,29.6
Adoption,NORTH WEST,3 Respondent Only,2024-Q1,11,35.5,26.9
Adoption,NORTH WEST,3 Respondent Only,2024-Q2,25,31.6,28.9
Adoption,NORTH WEST,3 Respondent Only,2024-Q3,15,35.2,32.4
Adoption,NORTH WEST,3 Respondent Only,2024-Q4,21,26.2,27.1
Adoption,NORTH WEST,3 Respondent Only,2025-Q1,6,27.2,27.2
Adoption,NORTH WEST,3 Respondent Only,2025-Q2,14,29.3,29.6
Adoption,NORTH WEST,3 Respondent Only,2025-Q3,13,31.5,29.7
Adoption,NORTH WEST,3 Respondent Only,2025-Q4,4,30.6,29
Adoption,NORTH WEST,4 Neither,2011-Q1,120,20.7,18.5
Adoption,NORTH WEST,4 Neither,2011-Q2,139,22.6,18.1
Adoption,NORTH WEST,4 Neither,2011-Q3,163,21.1,18.3
Adoption,NORTH WEST,4 Neither,2011-Q4,157,22.3,18.6
Adoption,NORTH WEST,4 Neither,2012-Q1,177,19.8,17.6
Adoption,NORTH WEST,4 Neither,2012-Q2,160,18.8,16.8
Adoption,NORTH WEST,4 Neither,2012-Q3,168,18,16.4
Adoption,NORTH WEST,4 Neither,2012-Q4,171,19.4,17.6
Adoption,NORTH WEST,4 Neither,2013-Q1,194,18.4,16.6
Adoption,NORTH WEST,4 Neither,2013-Q2,194,18.7,16.7
Adoption,NORTH WEST,4 Neither,2013-Q3,195,18,16.4
Adoption,NORTH WEST,4 Neither,2013-Q4,209,20.1,16.3
Adoption,NORTH WEST,4 Neither,2014-Q1,212,19.4,17.9
Adoption,NORTH WEST,4 Neither,2014-Q2,212,17.8,16.4
Adoption,NORTH WEST,4 Neither,2014-Q3,229,18.3,16.9
Adoption,NORTH WEST,4 Neither,2014-Q4,253,18.7,16.4
Adoption,NORTH WEST,4 Neither,2015-Q1,213,18.5,15.7
Adoption,NORTH WEST,4 Neither,2015-Q2,254,19.5,17.1
Adoption,NORTH WEST,4 Neither,2015-Q3,215,19.4,17.3
Adoption,NORTH WEST,4 Neither,2015-Q4,211,20.2,17.9
Adoption,NORTH WEST,4 Neither,2016-Q1,211,18.8,17
Adoption,NORTH WEST,4 Neither,2016-Q2,211,16.4,14.3
Adoption,NORTH WEST,4 Neither,2016-Q3,210,16.7,13.5
Adoption,NORTH WEST,4 Neither,2016-Q4,148,16,13.9
Adoption,NORTH WEST,4 Neither,2017-Q1,215,19.1,15.9
Adoption,NORTH WEST,4 Neither,2017-Q2,183,18.2,15.9
Adoption,NORTH WEST,4 Neither,2017-Q3,161,17.1,15.7
Adoption,NORTH WEST,4 Neither,2017-Q4,200,17.5,15.9
Adoption,NORTH WEST,4 Neither,2018-Q1,187,18.6,16.6
Adoption,NORTH WEST,4 Neither,2018-Q2,155,17.6,16.9
Adoption,NORTH WEST,4 Neither,2018-Q3,158,18.6,17
Adoption,NORTH WEST,4 Neither,2018-Q4,152,18.2,16.1
Adoption,NORTH WEST,4 Neither,2019-Q1,164,20.9,18.1
Adoption,NORTH WEST,4 Neither,2019-Q2,203,20.6,17.3
Adoption,NORTH WEST,4 Neither,2019-Q3,177,19.2,16.7
Adoption,NORTH WEST,4 Neither,2019-Q4,198,18.7,16
Adoption,NORTH WEST,4 Neither,2020-Q1,177,18.1,17
Adoption,NORTH WEST,4 Neither,2020-Q2,82,24.2,19.5
Adoption,NORTH WEST,4 Neither,2020-Q3,107,24.9,23.6
Adoption,NORTH WEST,4 Neither,2020-Q4,144,23.7,18.9
Adoption,NORTH WEST,4 Neither,2021-Q1,184,22.2,18.4
Adoption,NORTH WEST,4 Neither,2021-Q2,137,22.6,17.7
Adoption,NORTH WEST,4 Neither,2021-Q3,152,21.6,18.2
Adoption,NORTH WEST,4 Neither,2021-Q4,114,20.9,19.4
Adoption,NORTH WEST,4 Neither,2022-Q1,102,21,17.3
Adoption,NORTH WEST,4 Neither,2022-Q2,158,23.7,18.1
Adoption,NORTH WEST,4 Neither,2022-Q3,105,24.2,21.3
Adoption,NORTH WEST,4 Neither,2022-Q4,121,23.1,19.7
Adoption,NORTH WEST,4 Neither,2023-Q1,131,21.3,17.3
Adoption,NORTH WEST,4 Neither,2023-Q2,115,22.7,19.4
Adoption,NORTH WEST,4 Neither,2023-Q3,155,18.4,16.6
Adoption,NORTH WEST,4 Neither,2023-Q4,135,21.8,18
Adoption,NORTH WEST,4 Neither,2024-Q1,123,21.5,19.4
Adoption,NORTH WEST,4 Neither,2024-Q2,151,18.1,16.7
Adoption,NORTH WEST,4 Neither,2024-Q3,124,18.8,17
Adoption,NORTH WEST,4 Neither,2024-Q4,118,19.9,17.8
Adoption,NORTH WEST,4 Neither,2025-Q1,126,19.1,17.6
Adoption,NORTH WEST,4 Neither,2025-Q2,99,19.5,18
Adoption,NORTH WEST,4 Neither,2025-Q3,104,20.4,18
Adoption,NORTH WEST,4 Neither,2025-Q4,100,23.5,19.6
Adoption,NORTH WEST,5 Unknown,2011-Q1,5,15.9,17.3
Adoption,NORTH WEST,5 Unknown,2011-Q2,3,11.3,9.1
Adoption,NORTH WEST,5 Unknown,2011-Q3,6,14.2,14
Adoption,NORTH WEST,5 Unknown,2011-Q4,3,17.8,22.4
Adoption,NORTH WEST,5 Unknown,2012-Q1,1,8.6,8.6
Adoption,NORTH WEST,5 Unknown,2012-Q2,4,13,11
Adoption,NORTH WEST,5 Unknown,2012-Q3,4,10.7,10.4
Adoption,NORTH WEST,5 Unknown,2012-Q4,1,7,7
Adoption,NORTH WEST,5 Unknown,2013-Q1,2,21.7,21.7
Adoption,NORTH WEST,5 Unknown,2013-Q2,2,18.9,18.9
Adoption,NORTH WEST,5 Unknown,2013-Q3,2,32.4,32.4
Adoption,NORTH WEST,5 Unknown,2013-Q4,1,22.3,22.3
Adoption,NORTH WEST,5 Unknown,2014-Q2,5,10.9,11
Adoption,NORTH WEST,5 Unknown,2014-Q3,1,49,49
Adoption,NORTH WEST,5 Unknown,2014-Q4,3,33.2,32
Adoption,NORTH WEST,5 Unknown,2015-Q1,2,13.7,13.7
Adoption,NORTH WEST,5 Unknown,2015-Q2,2,27.2,27.2
Adoption,NORTH WEST,5 Unknown,2015-Q3,2,36,36
Adoption,NORTH WEST,5 Unknown,2015-Q4,4,24.9,20.6
Adoption,NORTH WEST,5 Unknown,2016-Q1,3,18.2,11
Adoption,NORTH WEST,5 Unknown,2017-Q1,2,97.4,97.4
Adoption,NORTH WEST,5 Unknown,2018-Q1,3,17,20.6
Adoption,NORTH WEST,5 Unknown,2018-Q2,2,24.8,24.8
Adoption,NORTH WEST,5 Unknown,2019-Q2,1,17.3,17.3
Adoption,NORTH WEST,5 Unknown,2019-Q3,1,2.7,2.7
Adoption,NORTH WEST,5 Unknown,2021-Q3,1,42.1,42.1
Adoption,NORTH WEST,5 Unknown,2022-Q1,1,17,17
Adoption,NORTH WEST,5 Unknown,2022-Q2,1,17.7,17.7
Adoption,NORTH WEST,5 Unknown,2022-Q3,1,14.3,14.3
Adoption,NORTH WEST,5 Unknown,2022-Q4,2,9.4,9.4
Adoption,NORTH WEST,5 Unknown,2023-Q3,1,34.7,34.7
Adoption,NORTH WEST,5 Unknown,2024-Q3,1,20.9,20.9
Adoption,NORTH WEST,5 Unknown,2025-Q3,2,29.2,29.2
Adoption,NORTH WEST,5 Unknown,2025-Q4,2,17.6,17.6
Adoption,NORTH WEST,All types,2011-Q1,133,21.9,18.7
Adoption,NORTH WEST,All types,2011-Q2,155,22.6,18
Adoption,NORTH WEST,All types,2011-Q3,181,20.8,18.3
Adoption,NORTH WEST,All types,2011-Q4,167,22.5,18.7
Adoption,NORTH WEST,All types,2012-Q1,192,19.8,17.6
Adoption,NORTH WEST,All types,2012-Q2,178,19.9,17
Adoption,NORTH WEST,All types,2012-Q3,182,18.2,16.4
Adoption,NORTH WEST,All types,2012-Q4,181,20.1,17.7
Adoption,NORTH WEST,All types,2013-Q1,207,18.8,16.9
Adoption,NORTH WEST,All types,2013-Q2,208,19.2,16.9
Adoption,NORTH WEST,All types,2013-Q3,204,18.3,16.7
Adoption,NORTH WEST,All types,2013-Q4,218,20.6,16.6
Adoption,NORTH WEST,All types,2014-Q1,219,20,18
Adoption,NORTH WEST,All types,2014-Q2,234,18.5,16.4
Adoption,NORTH WEST,All types,2014-Q3,243,18.5,16.9
Adoption,NORTH WEST,All types,2014-Q4,267,19,16.7
Adoption,NORTH WEST,All types,2015-Q1,228,18.9,15.9
Adoption,NORTH WEST,All types,2015-Q2,262,19.8,17.1
Adoption,NORTH WEST,All types,2015-Q3,227,20.2,17.6
Adoption,NORTH WEST,All types,2015-Q4,236,20.9,18.2
Adoption,NORTH WEST,All types,2016-Q1,232,19.5,17.6
Adoption,NORTH WEST,All types,2016-Q2,233,17.6,14.7
Adoption,NORTH WEST,All types,2016-Q3,225,17.5,14.3
Adoption,NORTH WEST,All types,2016-Q4,153,16.4,14.3
Adoption,NORTH WEST,All types,2017-Q1,232,20.2,16
Adoption,NORTH WEST,All types,2017-Q2,200,19.7,16.7
Adoption,NORTH WEST,All types,2017-Q3,179,18.6,16
Adoption,NORTH WEST,All types,2017-Q4,210,18.2,15.9
Adoption,NORTH WEST,All types,2018-Q1,196,19,17.1
Adoption,NORTH WEST,All types,2018-Q2,164,18.1,17
Adoption,NORTH WEST,All types,2018-Q3,164,19,17.3
Adoption,NORTH WEST,All types,2018-Q4,164,19,16.6
Adoption,NORTH WEST,All types,2019-Q1,174,21.5,18.8
Adoption,NORTH WEST,All types,2019-Q2,213,20.9,17.6
Adoption,NORTH WEST,All types,2019-Q3,185,19.6,17
Adoption,NORTH WEST,All types,2019-Q4,212,19.2,16.1
Adoption,NORTH WEST,All types,2020-Q1,196,19.1,17.6
Adoption,NORTH WEST,All types,2020-Q2,89,24,19.9
Adoption,NORTH WEST,All types,2020-Q3,121,25.9,25
Adoption,NORTH WEST,All types,2020-Q4,162,26.2,20.6
Adoption,NORTH WEST,All types,2021-Q1,195,23.1,18.7
Adoption,NORTH WEST,All types,2021-Q2,154,23.9,18.6
Adoption,NORTH WEST,All types,2021-Q3,163,22.5,19.1
Adoption,NORTH WEST,All types,2021-Q4,121,21.6,20
Adoption,NORTH WEST,All types,2022-Q1,118,23,17.8
Adoption,NORTH WEST,All types,2022-Q2,167,24.4,18.6
Adoption,NORTH WEST,All types,2022-Q3,109,24.2,21.3
Adoption,NORTH WEST,All types,2022-Q4,132,23.2,20.1
Adoption,NORTH WEST,All types,2023-Q1,145,23.1,17.7
Adoption,NORTH WEST,All types,2023-Q2,122,23.6,20
Adoption,NORTH WEST,All types,2023-Q3,174,19.6,17.1
Adoption,NORTH WEST,All types,2023-Q4,149,22.6,18.9
Adoption,NORTH WEST,All types,2024-Q1,137,23.1,20.1
Adoption,NORTH WEST,All types,2024-Q2,178,19.9,17.3
Adoption,NORTH WEST,All types,2024-Q3,145,20.6,17.9
Adoption,NORTH WEST,All types,2024-Q4,141,21.3,19
Adoption,NORTH WEST,All types,2025-Q1,136,19.9,18.4
Adoption,NORTH WEST,All types,2025-Q2,121,21.6,19.4
Adoption,NORTH WEST,All types,2025-Q3,121,21.8,18.7
Adoption,NORTH WEST,All types,2025-Q4,110,23.7,20.1
Adoption,SOUTH EAST,1 Both,2011-Q1,5,28.5,29.7
Adoption,SOUTH EAST,1 Both,2011-Q2,1,12.9,12.9
Adoption,SOUTH EAST,1 Both,2011-Q3,6,18.7,19.8
Adoption,SOUTH EAST,1 Both,2011-Q4,9,23.7,19.4
Adoption,SOUTH EAST,1 Both,2012-Q1,3,11.1,7.9
Adoption,SOUTH EAST,1 Both,2012-Q2,2,62.8,62.8
Adoption,SOUTH EAST,1 Both,2012-Q3,4,35.1,41.6
Adoption,SOUTH EAST,1 Both,2012-Q4,6,17.8,20.1
Adoption,SOUTH EAST,1 Both,2013-Q1,5,28.5,18.7
Adoption,SOUTH EAST,1 Both,2013-Q2,2,9.7,9.7
Adoption,SOUTH EAST,1 Both,2013-Q3,3,21.3,18.9
Adoption,SOUTH EAST,1 Both,2013-Q4,2,22,22
Adoption,SOUTH EAST,1 Both,2014-Q1,1,14,14
Adoption,SOUTH EAST,1 Both,2014-Q2,2,27.3,27.3
Adoption,SOUTH EAST,1 Both,2014-Q3,4,32.9,29.6
Adoption,SOUTH EAST,1 Both,2014-Q4,3,40.8,36
Adoption,SOUTH EAST,1 Both,2015-Q1,1,31.6,31.6
Adoption,SOUTH EAST,1 Both,2015-Q3,4,10.4,10.4
Adoption,SOUTH EAST,1 Both,2016-Q1,6,47.2,48.1
Adoption,SOUTH EAST,1 Both,2016-Q4,2,26.2,26.2
Adoption,SOUTH EAST,1 Both,2017-Q1,1,27.3,27.3
Adoption,SOUTH EAST,1 Both,2017-Q2,1,55.9,55.9
Adoption,SOUTH EAST,1 Both,2018-Q2,4,27.7,26.8
Adoption,SOUTH EAST,1 Both,2018-Q4,4,30.3,31
Adoption,SOUTH EAST,1 Both,2019-Q1,2,32.7,32.7
Adoption,SOUTH EAST,1 Both,2019-Q3,4,33,39
Adoption,SOUTH EAST,1 Both,2019-Q4,2,40.9,40.9
Adoption,SOUTH EAST,1 Both,2020-Q2,1,22,22
Adoption,SOUTH EAST,1 Both,2020-Q3,2,28.2,28.2
Adoption,SOUTH EAST,1 Both,2021-Q2,2,15.6,15.6
Adoption,SOUTH EAST,1 Both,2022-Q1,3,28.5,20.4
Adoption,SOUTH EAST,1 Both,2022-Q2,1,54.7,54.7
Adoption,SOUTH EAST,1 Both,2022-Q3,2,27.1,27.1
Adoption,SOUTH EAST,1 Both,2023-Q1,1,0,0
Adoption,SOUTH EAST,1 Both,2023-Q4,2,28.1,28.1
Adoption,SOUTH EAST,1 Both,2024-Q4,1,13.6,13.6
Adoption,SOUTH EAST,1 Both,2025-Q2,2,44.4,44.4
Adoption,SOUTH EAST,1 Both,2025-Q3,1,40.3,40.3
Adoption,SOUTH EAST,1 Both,2025-Q4,1,40.7,40.7
Adoption,SOUTH EAST,2 Applicant Only,2011-Q1,10,23.6,18.9
Adoption,SOUTH EAST,2 Applicant Only,2011-Q2,3,18.1,17.9
Adoption,SOUTH EAST,2 Applicant Only,2011-Q3,9,12.2,12
Adoption,SOUTH EAST,2 Applicant Only,2011-Q4,5,12.5,11.1
Adoption,SOUTH EAST,2 Applicant Only,2012-Q1,6,17,16.9
Adoption,SOUTH EAST,2 Applicant Only,2012-Q2,9,47.5,25
Adoption,SOUTH EAST,2 Applicant Only,2012-Q3,3,18.9,22.1
Adoption,SOUTH EAST,2 Applicant Only,2012-Q4,6,12.6,13.3
Adoption,SOUTH EAST,2 Applicant Only,2013-Q1,8,14.2,10.4
Adoption,SOUTH EAST,2 Applicant Only,2013-Q2,4,19.8,18.7
Adoption,SOUTH EAST,2 Applicant Only,2013-Q3,4,9.7,10.1
Adoption,SOUTH EAST,2 Applicant Only,2013-Q4,6,46.4,29.9
Adoption,SOUTH EAST,2 Applicant Only,2014-Q1,14,21.2,20.7
Adoption,SOUTH EAST,2 Applicant Only,2014-Q2,5,14.6,11.6
Adoption,SOUTH EAST,2 Applicant Only,2014-Q3,12,19.6,18.2
Adoption,SOUTH EAST,2 Applicant Only,2014-Q4,7,42.8,31.1
Adoption,SOUTH EAST,2 Applicant Only,2015-Q1,9,19,16.1
Adoption,SOUTH EAST,2 Applicant Only,2015-Q2,4,20.5,19.8
Adoption,SOUTH EAST,2 Applicant Only,2015-Q3,6,23.7,23.3
Adoption,SOUTH EAST,2 Applicant Only,2015-Q4,8,17.3,11.6
Adoption,SOUTH EAST,2 Applicant Only,2016-Q1,6,20.2,16.5
Adoption,SOUTH EAST,2 Applicant Only,2016-Q2,7,15.9,15.4
Adoption,SOUTH EAST,2 Applicant Only,2016-Q3,4,22.1,26
Adoption,SOUTH EAST,2 Applicant Only,2016-Q4,8,29.9,27.7
Adoption,SOUTH EAST,2 Applicant Only,2017-Q1,2,14.9,14.9
Adoption,SOUTH EAST,2 Applicant Only,2017-Q2,8,20.5,17.6
Adoption,SOUTH EAST,2 Applicant Only,2017-Q3,8,21,13.7
Adoption,SOUTH EAST,2 Applicant Only,2017-Q4,5,35,25.1
Adoption,SOUTH EAST,2 Applicant Only,2018-Q1,4,19.6,17.1
Adoption,SOUTH EAST,2 Applicant Only,2018-Q2,3,30.7,42
Adoption,SOUTH EAST,2 Applicant Only,2018-Q3,3,20.3,21
Adoption,SOUTH EAST,2 Applicant Only,2018-Q4,3,26.9,21.3
Adoption,SOUTH EAST,2 Applicant Only,2019-Q1,6,25,24.4
Adoption,SOUTH EAST,2 Applicant Only,2019-Q2,4,26.5,32.8
Adoption,SOUTH EAST,2 Applicant Only,2019-Q3,6,24.3,22.3
Adoption,SOUTH EAST,2 Applicant Only,2020-Q1,9,13.6,14.6
Adoption,SOUTH EAST,2 Applicant Only,2020-Q2,1,22,22
Adoption,SOUTH EAST,2 Applicant Only,2020-Q3,3,30.6,16.6
Adoption,SOUTH EAST,2 Applicant Only,2020-Q4,4,16.1,7.9
Adoption,SOUTH EAST,2 Applicant Only,2021-Q1,4,22.9,22.1
Adoption,SOUTH EAST,2 Applicant Only,2021-Q2,10,25.5,20.8
Adoption,SOUTH EAST,2 Applicant Only,2021-Q3,4,21.4,20
Adoption,SOUTH EAST,2 Applicant Only,2021-Q4,6,14.9,14.1
Adoption,SOUTH EAST,2 Applicant Only,2022-Q1,2,22.1,22.1
Adoption,SOUTH EAST,2 Applicant Only,2022-Q2,5,19.2,19.7
Adoption,SOUTH EAST,2 Applicant Only,2022-Q3,2,26.5,26.5
Adoption,SOUTH EAST,2 Applicant Only,2022-Q4,6,30.6,27.9
Adoption,SOUTH EAST,2 Applicant Only,2023-Q2,3,21,20.3
Adoption,SOUTH EAST,2 Applicant Only,2023-Q3,6,19.4,14.7
Adoption,SOUTH EAST,2 Applicant Only,2023-Q4,4,38.6,40.9
Adoption,SOUTH EAST,2 Applicant Only,2024-Q1,3,27.6,21.6
Adoption,SOUTH EAST,2 Applicant Only,2024-Q2,3,25.1,25.1
Adoption,SOUTH EAST,2 Applicant Only,2024-Q3,3,21.3,23.6
Adoption,SOUTH EAST,2 Applicant Only,2024-Q4,3,37.4,27.7
Adoption,SOUTH EAST,2 Applicant Only,2025-Q1,6,21.1,20.9
Adoption,SOUTH EAST,2 Applicant Only,2025-Q2,5,24.6,14
Adoption,SOUTH EAST,2 Applicant Only,2025-Q3,6,20,20.4
Adoption,SOUTH EAST,2 Applicant Only,2025-Q4,5,18.6,12.1
Adoption,SOUTH EAST,3 Respondent Only,2011-Q1,8,17.1,13.1
Adoption,SOUTH EAST,3 Respondent Only,2011-Q2,17,19.2,20
Adoption,SOUTH EAST,3 Respondent Only,2011-Q3,4,21.4,21.6
Adoption,SOUTH EAST,3 Respondent Only,2011-Q4,13,17.3,17.1
Adoption,SOUTH EAST,3 Respondent Only,2012-Q1,4,24.6,25.6
Adoption,SOUTH EAST,3 Respondent Only,2012-Q2,4,19.8,21.8
Adoption,SOUTH EAST,3 Respondent Only,2012-Q3,10,22.8,24.9
Adoption,SOUTH EAST,3 Respondent Only,2012-Q4,13,14.8,14
Adoption,SOUTH EAST,3 Respondent Only,2013-Q1,10,21.9,16.4
Adoption,SOUTH EAST,3 Respondent Only,2013-Q2,12,18.4,16.3
Adoption,SOUTH EAST,3 Respondent Only,2013-Q3,12,17.5,16.4
Adoption,SOUTH EAST,3 Respondent Only,2013-Q4,4,14.4,15.1
Adoption,SOUTH EAST,3 Respondent Only,2014-Q1,8,21.2,22.4
Adoption,SOUTH EAST,3 Respondent Only,2014-Q2,10,24.3,24.4
Adoption,SOUTH EAST,3 Respondent Only,2014-Q3,6,17.2,16.8
Adoption,SOUTH EAST,3 Respondent Only,2014-Q4,13,25.6,26.6
Adoption,SOUTH EAST,3 Respondent Only,2015-Q1,11,24.2,21.4
Adoption,SOUTH EAST,3 Respondent Only,2015-Q2,4,25.3,25.4
Adoption,SOUTH EAST,3 Respondent Only,2015-Q3,7,33.7,24
Adoption,SOUTH EAST,3 Respondent Only,2015-Q4,3,26.2,27.1
Adoption,SOUTH EAST,3 Respondent Only,2016-Q1,4,22,22
Adoption,SOUTH EAST,3 Respondent Only,2016-Q2,8,25.7,27.1
Adoption,SOUTH EAST,3 Respondent Only,2016-Q3,19,22.5,21.1
Adoption,SOUTH EAST,3 Respondent Only,2016-Q4,14,18.5,17.1
Adoption,SOUTH EAST,3 Respondent Only,2017-Q1,2,15.6,15.6
Adoption,SOUTH EAST,3 Respondent Only,2017-Q2,14,25.3,24.6
Adoption,SOUTH EAST,3 Respondent Only,2017-Q3,13,20.6,19.1
Adoption,SOUTH EAST,3 Respondent Only,2017-Q4,7,23.9,21.1
Adoption,SOUTH EAST,3 Respondent Only,2018-Q1,4,35.5,24.3
Adoption,SOUTH EAST,3 Respondent Only,2018-Q2,13,27.3,24.7
Adoption,SOUTH EAST,3 Respondent Only,2018-Q3,20,23.5,24.1
Adoption,SOUTH EAST,3 Respondent Only,2018-Q4,11,25.4,25.4
Adoption,SOUTH EAST,3 Respondent Only,2019-Q1,10,24.6,24.3
Adoption,SOUTH EAST,3 Respondent Only,2019-Q2,11,31.7,29.7
Adoption,SOUTH EAST,3 Respondent Only,2019-Q3,12,24.1,22.7
Adoption,SOUTH EAST,3 Respondent Only,2019-Q4,14,23.1,22.7
Adoption,SOUTH EAST,3 Respondent Only,2020-Q1,1,33.7,33.7
Adoption,SOUTH EAST,3 Respondent Only,2020-Q2,1,23.1,23.1
Adoption,SOUTH EAST,3 Respondent Only,2020-Q3,6,27.7,22.5
Adoption,SOUTH EAST,3 Respondent Only,2020-Q4,8,30.1,31.2
Adoption,SOUTH EAST,3 Respondent Only,2021-Q1,3,20.6,19.1
Adoption,SOUTH EAST,3 Respondent Only,2021-Q2,6,29.5,20.9
Adoption,SOUTH EAST,3 Respondent Only,2021-Q3,7,30.3,28.1
Adoption,SOUTH EAST,3 Respondent Only,2021-Q4,10,34.2,27.5
Adoption,SOUTH EAST,3 Respondent Only,2022-Q1,15,25,23.1
Adoption,SOUTH EAST,3 Respondent Only,2022-Q2,16,27.7,27
Adoption,SOUTH EAST,3 Respondent Only,2022-Q3,20,35,34.1
Adoption,SOUTH EAST,3 Respondent Only,2022-Q4,23,27.1,25.3
Adoption,SOUTH EAST,3 Respondent Only,2023-Q1,23,27.4,24
Adoption,SOUTH EAST,3 Respondent Only,2023-Q2,23,28.8,27
Adoption,SOUTH EAST,3 Respondent Only,2023-Q3,22,32.5,30.1
Adoption,SOUTH EAST,3 Respondent Only,2023-Q4,20,23,24
Adoption,SOUTH EAST,3 Respondent Only,2024-Q1,20,28.7,23
Adoption,SOUTH EAST,3 Respondent Only,2024-Q2,34,24.8,23.2
Adoption,SOUTH EAST,3 Respondent Only,2024-Q3,31,24.9,21.7
Adoption,SOUTH EAST,3 Respondent Only,2024-Q4,29,22.8,20.9
Adoption,SOUTH EAST,3 Respondent Only,2025-Q1,30,23.4,24.9
Adoption,SOUTH EAST,3 Respondent Only,2025-Q2,26,19,14.1
Adoption,SOUTH EAST,3 Respondent Only,2025-Q3,12,23,18.8
Adoption,SOUTH EAST,3 Respondent Only,2025-Q4,23,21.8,19
Adoption,SOUTH EAST,4 Neither,2011-Q1,179,15.1,13.3
Adoption,SOUTH EAST,4 Neither,2011-Q2,270,13.1,12
Adoption,SOUTH EAST,4 Neither,2011-Q3,191,13.3,12.1
Adoption,SOUTH EAST,4 Neither,2011-Q4,164,13.2,11
Adoption,SOUTH EAST,4 Neither,2012-Q1,229,13.1,12.1
Adoption,SOUTH EAST,4 Neither,2012-Q2,231,13.7,12.1
Adoption,SOUTH EAST,4 Neither,2012-Q3,261,13.6,12
Adoption,SOUTH EAST,4 Neither,2012-Q4,274,13.3,11.1
Adoption,SOUTH EAST,4 Neither,2013-Q1,224,13.2,12.4
Adoption,SOUTH EAST,4 Neither,2013-Q2,339,12.3,11
Adoption,SOUTH EAST,4 Neither,2013-Q3,307,12.7,11
Adoption,SOUTH EAST,4 Neither,2013-Q4,320,12.2,10.6
Adoption,SOUTH EAST,4 Neither,2014-Q1,315,13.5,12
Adoption,SOUTH EAST,4 Neither,2014-Q2,336,13.2,11.6
Adoption,SOUTH EAST,4 Neither,2014-Q3,335,13.2,11.6
Adoption,SOUTH EAST,4 Neither,2014-Q4,299,13.8,11.7
Adoption,SOUTH EAST,4 Neither,2015-Q1,271,13.3,12
Adoption,SOUTH EAST,4 Neither,2015-Q2,338,13.9,11.2
Adoption,SOUTH EAST,4 Neither,2015-Q3,259,13.4,11.4
Adoption,SOUTH EAST,4 Neither,2015-Q4,275,13.7,12.1
Adoption,SOUTH EAST,4 Neither,2016-Q1,261,14.7,12.4
Adoption,SOUTH EAST,4 Neither,2016-Q2,275,13.8,12.4
Adoption,SOUTH EAST,4 Neither,2016-Q3,271,14.2,12.9
Adoption,SOUTH EAST,4 Neither,2016-Q4,290,13.9,12.3
Adoption,SOUTH EAST,4 Neither,2017-Q1,294,14.2,12.3
Adoption,SOUTH EAST,4 Neither,2017-Q2,265,14.4,12.6
Adoption,SOUTH EAST,4 Neither,2017-Q3,253,15,13.6
Adoption,SOUTH EAST,4 Neither,2017-Q4,269,15.5,12.6
Adoption,SOUTH EAST,4 Neither,2018-Q1,263,15.1,13.1
Adoption,SOUTH EAST,4 Neither,2018-Q2,266,15.5,13.9
Adoption,SOUTH EAST,4 Neither,2018-Q3,234,14.5,12.2
Adoption,SOUTH EAST,4 Neither,2018-Q4,238,14.3,12.3
Adoption,SOUTH EAST,4 Neither,2019-Q1,271,15.8,14.1
Adoption,SOUTH EAST,4 Neither,2019-Q2,209,15.1,13.3
Adoption,SOUTH EAST,4 Neither,2019-Q3,256,15.2,13.4
Adoption,SOUTH EAST,4 Neither,2019-Q4,218,16,14.1
Adoption,SOUTH EAST,4 Neither,2020-Q1,185,14,11.9
Adoption,SOUTH EAST,4 Neither,2020-Q2,142,15.9,14.9
Adoption,SOUTH EAST,4 Neither,2020-Q3,206,19.8,16.9
Adoption,SOUTH EAST,4 Neither,2020-Q4,181,18.7,16.4
Adoption,SOUTH EAST,4 Neither,2021-Q1,169,18.4,16.9
Adoption,SOUTH EAST,4 Neither,2021-Q2,176,17.1,15.3
Adoption,SOUTH EAST,4 Neither,2021-Q3,222,19.4,16.9
Adoption,SOUTH EAST,4 Neither,2021-Q4,147,18.5,16.9
Adoption,SOUTH EAST,4 Neither,2022-Q1,146,19.4,17.6
Adoption,SOUTH EAST,4 Neither,2022-Q2,177,22.4,17.7
Adoption,SOUTH EAST,4 Neither,2022-Q3,172,18.6,16.4
Adoption,SOUTH EAST,4 Neither,2022-Q4,165,19.1,17.6
Adoption,SOUTH EAST,4 Neither,2023-Q1,168,22.6,17.6
Adoption,SOUTH EAST,4 Neither,2023-Q2,159,20.9,16.9
Adoption,SOUTH EAST,4 Neither,2023-Q3,172,18.4,16.9
Adoption,SOUTH EAST,4 Neither,2023-Q4,159,23.5,18.4
Adoption,SOUTH EAST,4 Neither,2024-Q1,196,19.2,17
Adoption,SOUTH EAST,4 Neither,2024-Q2,161,19.6,16.6
Adoption,SOUTH EAST,4 Neither,2024-Q3,186,18.3,14.6
Adoption,SOUTH EAST,4 Neither,2024-Q4,141,17.8,14.4
Adoption,SOUTH EAST,4 Neither,2025-Q1,151,18.7,15.7
Adoption,SOUTH EAST,4 Neither,2025-Q2,130,17.9,14.9
Adoption,SOUTH EAST,4 Neither,2025-Q3,143,18.5,16.1
Adoption,SOUTH EAST,4 Neither,2025-Q4,143,16,14.4
Adoption,SOUTH EAST,5 Unknown,2011-Q1,2,27.3,27.3
Adoption,SOUTH EAST,5 Unknown,2011-Q2,9,16.3,16
Adoption,SOUTH EAST,5 Unknown,2011-Q3,5,13.1,13
Adoption,SOUTH EAST,5 Unknown,2011-Q4,1,13.4,13.4
Adoption,SOUTH EAST,5 Unknown,2012-Q1,1,40.6,40.6
Adoption,SOUTH EAST,5 Unknown,2012-Q2,3,42.2,28.1
Adoption,SOUTH EAST,5 Unknown,2012-Q3,1,20,20
Adoption,SOUTH EAST,5 Unknown,2013-Q1,2,13.8,13.8
Adoption,SOUTH EAST,5 Unknown,2013-Q3,2,19.7,19.7
Adoption,SOUTH EAST,5 Unknown,2014-Q2,1,5,5
Adoption,SOUTH EAST,5 Unknown,2014-Q3,1,8.1,8.1
Adoption,SOUTH EAST,5 Unknown,2015-Q1,2,7.6,7.6
Adoption,SOUTH EAST,5 Unknown,2015-Q4,1,16.6,16.6
Adoption,SOUTH EAST,5 Unknown,2016-Q4,1,8.7,8.7
Adoption,SOUTH EAST,5 Unknown,2017-Q1,1,8,8
Adoption,SOUTH EAST,5 Unknown,2017-Q2,6,11.4,13
Adoption,SOUTH EAST,5 Unknown,2017-Q3,1,9,9
Adoption,SOUTH EAST,5 Unknown,2017-Q4,1,25.1,25.1
Adoption,SOUTH EAST,5 Unknown,2019-Q1,2,6,6
Adoption,SOUTH EAST,5 Unknown,2019-Q2,2,14.6,14.6
Adoption,SOUTH EAST,5 Unknown,2019-Q4,1,9.9,9.9
Adoption,SOUTH EAST,5 Unknown,2020-Q1,3,11.7,10.3
Adoption,SOUTH EAST,5 Unknown,2021-Q1,1,13.4,13.4
Adoption,SOUTH EAST,5 Unknown,2021-Q2,2,16.9,16.9
Adoption,SOUTH EAST,5 Unknown,2021-Q3,1,14.4,14.4
Adoption,SOUTH EAST,5 Unknown,2021-Q4,1,6.7,6.7
Adoption,SOUTH EAST,5 Unknown,2022-Q1,3,19.2,22.4
Adoption,SOUTH EAST,5 Unknown,2022-Q3,2,14.1,14.1
Adoption,SOUTH EAST,5 Unknown,2022-Q4,3,11.1,12.1
Adoption,SOUTH EAST,5 Unknown,2023-Q2,2,44.1,44.1
Adoption,SOUTH EAST,5 Unknown,2023-Q3,3,27.1,35.9
Adoption,SOUTH EAST,5 Unknown,2024-Q4,2,6.8,6.8
Adoption,SOUTH EAST,5 Unknown,2025-Q2,1,8.6,8.6
Adoption,SOUTH EAST,All types,2011-Q1,204,16,13.4
Adoption,SOUTH EAST,All types,2011-Q2,300,13.6,12.4
Adoption,SOUTH EAST,All types,2011-Q3,215,13.5,12.3
Adoption,SOUTH EAST,All types,2011-Q4,192,13.9,11.7
Adoption,SOUTH EAST,All types,2012-Q1,243,13.5,12.3
Adoption,SOUTH EAST,All types,2012-Q2,249,15.7,12.4
Adoption,SOUTH EAST,All types,2012-Q3,279,14.3,12.4
Adoption,SOUTH EAST,All types,2012-Q4,299,13.4,11.3
Adoption,SOUTH EAST,All types,2013-Q1,249,13.9,12.7
Adoption,SOUTH EAST,All types,2013-Q2,357,12.5,11.1
Adoption,SOUTH EAST,All types,2013-Q3,328,12.9,11.2
Adoption,SOUTH EAST,All types,2013-Q4,332,12.9,10.7
Adoption,SOUTH EAST,All types,2014-Q1,338,14,12.1
Adoption,SOUTH EAST,All types,2014-Q2,354,13.6,11.9
Adoption,SOUTH EAST,All types,2014-Q3,358,13.7,11.9
Adoption,SOUTH EAST,All types,2014-Q4,322,15.1,12
Adoption,SOUTH EAST,All types,2015-Q1,294,13.9,12
Adoption,SOUTH EAST,All types,2015-Q2,346,14.1,11.3
Adoption,SOUTH EAST,All types,2015-Q3,276,14.1,11.7
Adoption,SOUTH EAST,All types,2015-Q4,287,13.9,12.1
Adoption,SOUTH EAST,All types,2016-Q1,277,15.6,13
Adoption,SOUTH EAST,All types,2016-Q2,290,14.2,12.7
Adoption,SOUTH EAST,All types,2016-Q3,294,14.9,13.1
Adoption,SOUTH EAST,All types,2016-Q4,315,14.6,13.3
Adoption,SOUTH EAST,All types,2017-Q1,300,14.3,12.3
Adoption,SOUTH EAST,All types,2017-Q2,294,15.2,13
Adoption,SOUTH EAST,All types,2017-Q3,275,15.4,13.7
Adoption,SOUTH EAST,All types,2017-Q4,282,16.1,13
Adoption,SOUTH EAST,All types,2018-Q1,271,15.4,13.1
Adoption,SOUTH EAST,All types,2018-Q2,286,16.4,14.2
Adoption,SOUTH EAST,All types,2018-Q3,257,15.3,12.9
Adoption,SOUTH EAST,All types,2018-Q4,256,15.2,13
Adoption,SOUTH EAST,All types,2019-Q1,291,16.3,14.4
Adoption,SOUTH EAST,All types,2019-Q2,226,16.1,13.8
Adoption,SOUTH EAST,All types,2019-Q3,278,16,14
Adoption,SOUTH EAST,All types,2019-Q4,235,16.6,14.4
Adoption,SOUTH EAST,All types,2020-Q1,198,14,12.1
Adoption,SOUTH EAST,All types,2020-Q2,145,16,14.9
Adoption,SOUTH EAST,All types,2020-Q3,217,20.3,17.1
Adoption,SOUTH EAST,All types,2020-Q4,193,19.1,16.7
Adoption,SOUTH EAST,All types,2021-Q1,177,18.5,16.9
Adoption,SOUTH EAST,All types,2021-Q2,196,17.9,16.1
Adoption,SOUTH EAST,All types,2021-Q3,234,19.7,17.4
Adoption,SOUTH EAST,All types,2021-Q4,164,19.3,16.9
Adoption,SOUTH EAST,All types,2022-Q1,169,20.1,17.7
Adoption,SOUTH EAST,All types,2022-Q2,199,22.9,19
Adoption,SOUTH EAST,All types,2022-Q3,198,20.4,17.9
Adoption,SOUTH EAST,All types,2022-Q4,197,20.2,18.4
Adoption,SOUTH EAST,All types,2023-Q1,192,23,18.4
Adoption,SOUTH EAST,All types,2023-Q2,187,22.1,17.6
Adoption,SOUTH EAST,All types,2023-Q3,203,20.1,17.7
Adoption,SOUTH EAST,All types,2023-Q4,185,23.8,18.7
Adoption,SOUTH EAST,All types,2024-Q1,219,20.2,18
Adoption,SOUTH EAST,All types,2024-Q2,198,20.5,17.6
Adoption,SOUTH EAST,All types,2024-Q3,220,19.3,15.1
Adoption,SOUTH EAST,All types,2024-Q4,176,18.8,15.4
Adoption,SOUTH EAST,All types,2025-Q1,187,19.5,16
Adoption,SOUTH EAST,All types,2025-Q2,164,18.5,14.9
Adoption,SOUTH EAST,All types,2025-Q3,162,19,17.2
Adoption,SOUTH EAST,All types,2025-Q4,172,17,15.4
Adoption,SOUTH WEST,1 Both,2011-Q1,4,57.1,58.7
Adoption,SOUTH WEST,1 Both,2011-Q2,4,30.8,21.4
Adoption,SOUTH WEST,1 Both,2011-Q3,5,36.1,41.1
Adoption,SOUTH WEST,1 Both,2011-Q4,3,12.9,12.9
Adoption,SOUTH WEST,1 Both,2012-Q2,2,20.7,20.7
Adoption,SOUTH WEST,1 Both,2012-Q3,3,26.6,25.6
Adoption,SOUTH WEST,1 Both,2012-Q4,1,8.1,8.1
Adoption,SOUTH WEST,1 Both,2013-Q2,4,49.4,51.3
Adoption,SOUTH WEST,1 Both,2013-Q3,1,45.7,45.7
Adoption,SOUTH WEST,1 Both,2013-Q4,2,4.9,4.9
Adoption,SOUTH WEST,1 Both,2014-Q1,1,27,27
Adoption,SOUTH WEST,1 Both,2014-Q3,1,14.7,14.7
Adoption,SOUTH WEST,1 Both,2014-Q4,1,23.3,23.3
Adoption,SOUTH WEST,1 Both,2015-Q1,2,27.3,27.3
Adoption,SOUTH WEST,1 Both,2015-Q2,5,17.1,12.4
Adoption,SOUTH WEST,1 Both,2015-Q4,1,20.1,20.1
Adoption,SOUTH WEST,1 Both,2016-Q2,4,44.8,45.7
Adoption,SOUTH WEST,1 Both,2016-Q3,4,22.9,23.7
Adoption,SOUTH WEST,1 Both,2016-Q4,2,27.9,27.9
Adoption,SOUTH WEST,1 Both,2017-Q1,1,55.9,55.9
Adoption,SOUTH WEST,1 Both,2017-Q3,3,23.6,24.1
Adoption,SOUTH WEST,1 Both,2017-Q4,3,12,12.4
Adoption,SOUTH WEST,1 Both,2018-Q2,2,28.3,28.3
Adoption,SOUTH WEST,1 Both,2018-Q3,3,39.2,38.1
Adoption,SOUTH WEST,1 Both,2018-Q4,1,29.7,29.7
Adoption,SOUTH WEST,1 Both,2019-Q1,1,19.4,19.4
Adoption,SOUTH WEST,1 Both,2019-Q2,1,51.1,51.1
Adoption,SOUTH WEST,1 Both,2019-Q4,2,46.4,46.4
Adoption,SOUTH WEST,1 Both,2020-Q3,3,42,43.6
Adoption,SOUTH WEST,1 Both,2021-Q2,1,80.1,80.1
Adoption,SOUTH WEST,1 Both,2021-Q3,1,38.9,38.9
Adoption,SOUTH WEST,1 Both,2021-Q4,1,51.9,51.9
Adoption,SOUTH WEST,1 Both,2022-Q2,1,48.4,48.4
Adoption,SOUTH WEST,1 Both,2022-Q4,3,21.1,21.1
Adoption,SOUTH WEST,1 Both,2023-Q1,1,26.6,26.6
Adoption,SOUTH WEST,1 Both,2023-Q2,1,6.1,6.1
Adoption,SOUTH WEST,1 Both,2023-Q3,1,13.9,13.9
Adoption,SOUTH WEST,1 Both,2023-Q4,1,10,10
Adoption,SOUTH WEST,1 Both,2024-Q4,1,56.9,56.9
Adoption,SOUTH WEST,1 Both,2025-Q4,1,21.7,21.7
Adoption,SOUTH WEST,2 Applicant Only,2011-Q1,6,10.4,9.4
Adoption,SOUTH WEST,2 Applicant Only,2011-Q2,5,17,16.4
Adoption,SOUTH WEST,2 Applicant Only,2011-Q3,8,19,11.4
Adoption,SOUTH WEST,2 Applicant Only,2011-Q4,4,25.1,18.6
Adoption,SOUTH WEST,2 Applicant Only,2012-Q1,2,14.4,14.4
Adoption,SOUTH WEST,2 Applicant Only,2012-Q2,8,10.9,11.6
Adoption,SOUTH WEST,2 Applicant Only,2012-Q3,3,15.2,13.1
Adoption,SOUTH WEST,2 Applicant Only,2012-Q4,6,12.1,9.9
Adoption,SOUTH WEST,2 Applicant Only,2013-Q1,7,16,6.9
Adoption,SOUTH WEST,2 Applicant Only,2013-Q2,11,18.9,14
Adoption,SOUTH WEST,2 Applicant Only,2013-Q3,12,14.3,9.7
Adoption,SOUTH WEST,2 Applicant Only,2013-Q4,1,14.9,14.9
Adoption,SOUTH WEST,2 Applicant Only,2014-Q1,5,13.5,14.3
Adoption,SOUTH WEST,2 Applicant Only,2014-Q2,4,26,18.6
Adoption,SOUTH WEST,2 Applicant Only,2014-Q3,1,30.6,30.6
Adoption,SOUTH WEST,2 Applicant Only,2014-Q4,10,17.5,13.6
Adoption,SOUTH WEST,2 Applicant Only,2015-Q1,6,18,8.1
Adoption,SOUTH WEST,2 Applicant Only,2015-Q2,5,9.9,8.9
Adoption,SOUTH WEST,2 Applicant Only,2015-Q3,9,21.6,14.6
Adoption,SOUTH WEST,2 Applicant Only,2015-Q4,8,16.1,11.6
Adoption,SOUTH WEST,2 Applicant Only,2016-Q1,6,16.5,16.4
Adoption,SOUTH WEST,2 Applicant Only,2016-Q2,3,8.7,5.7
Adoption,SOUTH WEST,2 Applicant Only,2016-Q3,4,31.3,34.5
Adoption,SOUTH WEST,2 Applicant Only,2016-Q4,2,6.4,6.4
Adoption,SOUTH WEST,2 Applicant Only,2017-Q1,6,14.6,15.1
Adoption,SOUTH WEST,2 Applicant Only,2017-Q2,7,16.3,16.9
Adoption,SOUTH WEST,2 Applicant Only,2017-Q3,5,17.1,15.1
Adoption,SOUTH WEST,2 Applicant Only,2017-Q4,5,17.8,19.9
Adoption,SOUTH WEST,2 Applicant Only,2018-Q1,5,21.8,24
Adoption,SOUTH WEST,2 Applicant Only,2018-Q2,3,46,40
Adoption,SOUTH WEST,2 Applicant Only,2018-Q3,4,18.2,18.4
Adoption,SOUTH WEST,2 Applicant Only,2018-Q4,8,24.6,20.4
Adoption,SOUTH WEST,2 Applicant Only,2019-Q1,2,23.5,23.5
Adoption,SOUTH WEST,2 Applicant Only,2019-Q2,3,45.4,47.4
Adoption,SOUTH WEST,2 Applicant Only,2019-Q3,1,24.4,24.4
Adoption,SOUTH WEST,2 Applicant Only,2020-Q1,2,18.2,18.2
Adoption,SOUTH WEST,2 Applicant Only,2020-Q2,1,50.9,50.9
Adoption,SOUTH WEST,2 Applicant Only,2020-Q3,1,27.6,27.6
Adoption,SOUTH WEST,2 Applicant Only,2021-Q1,3,57.4,52.6
Adoption,SOUTH WEST,2 Applicant Only,2021-Q2,3,31.7,29.6
Adoption,SOUTH WEST,2 Applicant Only,2021-Q3,2,9,9
Adoption,SOUTH WEST,2 Applicant Only,2021-Q4,5,22.2,20.6
Adoption,SOUTH WEST,2 Applicant Only,2022-Q1,2,29.9,29.9
Adoption,SOUTH WEST,2 Applicant Only,2022-Q3,4,46.3,51.7
Adoption,SOUTH WEST,2 Applicant Only,2023-Q1,2,33.9,33.9
Adoption,SOUTH WEST,2 Applicant Only,2023-Q2,3,16.7,16.4
Adoption,SOUTH WEST,2 Applicant Only,2023-Q3,4,48.9,57.4
Adoption,SOUTH WEST,2 Applicant Only,2023-Q4,4,31.7,23.9
Adoption,SOUTH WEST,2 Applicant Only,2024-Q1,3,34.8,26.1
Adoption,SOUTH WEST,2 Applicant Only,2024-Q2,1,14.6,14.6
Adoption,SOUTH WEST,2 Applicant Only,2024-Q3,3,45.1,28.9
Adoption,SOUTH WEST,2 Applicant Only,2024-Q4,1,17.1,17.1
Adoption,SOUTH WEST,2 Applicant Only,2025-Q1,5,25.5,18
Adoption,SOUTH WEST,2 Applicant Only,2025-Q2,5,15,14.9
Adoption,SOUTH WEST,2 Applicant Only,2025-Q3,3,30.3,28.3
Adoption,SOUTH WEST,2 Applicant Only,2025-Q4,2,42.1,42.1
Adoption,SOUTH WEST,3 Respondent Only,2011-Q1,14,13.3,12.1
Adoption,SOUTH WEST,3 Respondent Only,2011-Q2,7,11.4,9.6
Adoption,SOUTH WEST,3 Respondent Only,2011-Q3,10,19.5,17.5
Adoption,SOUTH WEST,3 Respondent Only,2011-Q4,6,12.7,12.4
Adoption,SOUTH WEST,3 Respondent Only,2012-Q1,9,23.2,22.4
Adoption,SOUTH WEST,3 Respondent Only,2012-Q2,5,10.3,9
Adoption,SOUTH WEST,3 Respondent Only,2012-Q3,2,18.6,18.6
Adoption,SOUTH WEST,3 Respondent Only,2012-Q4,3,20,17.9
Adoption,SOUTH WEST,3 Respondent Only,2013-Q1,4,14.6,15.2
Adoption,SOUTH WEST,3 Respondent Only,2013-Q2,9,13.9,13.4
Adoption,SOUTH WEST,3 Respondent Only,2013-Q3,2,30.2,30.2
Adoption,SOUTH WEST,3 Respondent Only,2013-Q4,2,19.5,19.5
Adoption,SOUTH WEST,3 Respondent Only,2014-Q2,2,21.1,21.1
Adoption,SOUTH WEST,3 Respondent Only,2014-Q3,9,28.3,27.6
Adoption,SOUTH WEST,3 Respondent Only,2014-Q4,4,21.2,24.5
Adoption,SOUTH WEST,3 Respondent Only,2015-Q1,12,23.5,20
Adoption,SOUTH WEST,3 Respondent Only,2015-Q2,7,23.2,20
Adoption,SOUTH WEST,3 Respondent Only,2015-Q3,4,35.4,32.9
Adoption,SOUTH WEST,3 Respondent Only,2015-Q4,4,14.8,14.4
Adoption,SOUTH WEST,3 Respondent Only,2016-Q1,6,22,19.5
Adoption,SOUTH WEST,3 Respondent Only,2016-Q2,11,23,24
Adoption,SOUTH WEST,3 Respondent Only,2016-Q3,7,24.7,25.1
Adoption,SOUTH WEST,3 Respondent Only,2016-Q4,4,16.4,19
Adoption,SOUTH WEST,3 Respondent Only,2017-Q1,6,28.9,24.8
Adoption,SOUTH WEST,3 Respondent Only,2017-Q2,7,15.4,17.1
Adoption,SOUTH WEST,3 Respondent Only,2017-Q3,5,21.8,23.4
Adoption,SOUTH WEST,3 Respondent Only,2017-Q4,8,28.6,29
Adoption,SOUTH WEST,3 Respondent Only,2018-Q1,3,28.3,27
Adoption,SOUTH WEST,3 Respondent Only,2018-Q2,8,33,24.3
Adoption,SOUTH WEST,3 Respondent Only,2018-Q3,3,20.6,20
Adoption,SOUTH WEST,3 Respondent Only,2018-Q4,2,16.2,16.2
Adoption,SOUTH WEST,3 Respondent Only,2019-Q1,1,9.9,9.9
Adoption,SOUTH WEST,3 Respondent Only,2019-Q2,1,1.4,1.4
Adoption,SOUTH WEST,3 Respondent Only,2019-Q3,4,23.3,22.9
Adoption,SOUTH WEST,3 Respondent Only,2019-Q4,3,20.9,20.4
Adoption,SOUTH WEST,3 Respondent Only,2020-Q2,1,20.4,20.4
Adoption,SOUTH WEST,3 Respondent Only,2020-Q3,5,36.8,29.7
Adoption,SOUTH WEST,3 Respondent Only,2020-Q4,1,25,25
Adoption,SOUTH WEST,3 Respondent Only,2021-Q1,4,30.7,27.8
Adoption,SOUTH WEST,3 Respondent Only,2021-Q2,6,19.9,16.4
Adoption,SOUTH WEST,3 Respondent Only,2021-Q3,4,42.5,42.9
Adoption,SOUTH WEST,3 Respondent Only,2021-Q4,5,44.1,39.6
Adoption,SOUTH WEST,3 Respondent Only,2022-Q1,2,41.6,41.6
Adoption,SOUTH WEST,3 Respondent Only,2022-Q2,3,21.8,12.3
Adoption,SOUTH WEST,3 Respondent Only,2022-Q3,3,42.5,50.3
Adoption,SOUTH WEST,3 Respondent Only,2022-Q4,2,26.3,26.3
Adoption,SOUTH WEST,3 Respondent Only,2023-Q1,1,66.7,66.7
Adoption,SOUTH WEST,3 Respondent Only,2023-Q3,5,31.8,32.3
Adoption,SOUTH WEST,3 Respondent Only,2023-Q4,6,33.5,17.8
Adoption,SOUTH WEST,3 Respondent Only,2024-Q1,3,28.2,35.1
Adoption,SOUTH WEST,3 Respondent Only,2024-Q2,9,30,33.6
Adoption,SOUTH WEST,3 Respondent Only,2024-Q3,4,20.4,19.4
Adoption,SOUTH WEST,3 Respondent Only,2024-Q4,6,27.1,28.8
Adoption,SOUTH WEST,3 Respondent Only,2025-Q1,7,48.9,36.1
Adoption,SOUTH WEST,3 Respondent Only,2025-Q2,7,20.8,19.7
Adoption,SOUTH WEST,3 Respondent Only,2025-Q3,6,30.8,32.1
Adoption,SOUTH WEST,3 Respondent Only,2025-Q4,3,15.5,15.1
Adoption,SOUTH WEST,4 Neither,2011-Q1,113,14.6,12.7
Adoption,SOUTH WEST,4 Neither,2011-Q2,115,15,12
Adoption,SOUTH WEST,4 Neither,2011-Q3,112,18,13.8
Adoption,SOUTH WEST,4 Neither,2011-Q4,126,15.8,12.1
Adoption,SOUTH WEST,4 Neither,2012-Q1,110,12.4,11.6
Adoption,SOUTH WEST,4 Neither,2012-Q2,89,14,11.4
Adoption,SOUTH WEST,4 Neither,2012-Q3,152,13.6,10.9
Adoption,SOUTH WEST,4 Neither,2012-Q4,133,13.9,10.6
Adoption,SOUTH WEST,4 Neither,2013-Q1,131,12.7,11
Adoption,SOUTH WEST,4 Neither,2013-Q2,137,14.1,10.6
Adoption,SOUTH WEST,4 Neither,2013-Q3,167,13.2,11.1
Adoption,SOUTH WEST,4 Neither,2013-Q4,141,14.3,12
Adoption,SOUTH WEST,4 Neither,2014-Q1,176,13,11.6
Adoption,SOUTH WEST,4 Neither,2014-Q2,155,12.5,9.6
Adoption,SOUTH WEST,4 Neither,2014-Q3,177,14.7,10.7
Adoption,SOUTH WEST,4 Neither,2014-Q4,163,13.7,10.7
Adoption,SOUTH WEST,4 Neither,2015-Q1,175,13.8,10.7
Adoption,SOUTH WEST,4 Neither,2015-Q2,166,14.6,11.7
Adoption,SOUTH WEST,4 Neither,2015-Q3,153,13.5,10.1
Adoption,SOUTH WEST,4 Neither,2015-Q4,136,14.8,11.5
Adoption,SOUTH WEST,4 Neither,2016-Q1,202,14.2,12
Adoption,SOUTH WEST,4 Neither,2016-Q2,156,13.5,10.8
Adoption,SOUTH WEST,4 Neither,2016-Q3,184,12.9,10.9
Adoption,SOUTH WEST,4 Neither,2016-Q4,173,13.1,10.3
Adoption,SOUTH WEST,4 Neither,2017-Q1,172,15.7,12.9
Adoption,SOUTH WEST,4 Neither,2017-Q2,169,14.3,11.9
Adoption,SOUTH WEST,4 Neither,2017-Q3,163,16.4,12.9
Adoption,SOUTH WEST,4 Neither,2017-Q4,126,15.3,12.8
Adoption,SOUTH WEST,4 Neither,2018-Q1,141,16.8,13
Adoption,SOUTH WEST,4 Neither,2018-Q2,133,15.2,12.1
Adoption,SOUTH WEST,4 Neither,2018-Q3,130,15.6,13.5
Adoption,SOUTH WEST,4 Neither,2018-Q4,152,16.8,13.5
Adoption,SOUTH WEST,4 Neither,2019-Q1,141,15.5,13.4
Adoption,SOUTH WEST,4 Neither,2019-Q2,139,16.7,12.4
Adoption,SOUTH WEST,4 Neither,2019-Q3,143,15.3,13.7
Adoption,SOUTH WEST,4 Neither,2019-Q4,141,17.7,12.1
Adoption,SOUTH WEST,4 Neither,2020-Q1,139,15.4,12
Adoption,SOUTH WEST,4 Neither,2020-Q2,40,19.4,17.9
Adoption,SOUTH WEST,4 Neither,2020-Q3,144,20.2,18.6
Adoption,SOUTH WEST,4 Neither,2020-Q4,139,19.4,16
Adoption,SOUTH WEST,4 Neither,2021-Q1,133,16.5,14
Adoption,SOUTH WEST,4 Neither,2021-Q2,134,15.6,12.6
Adoption,SOUTH WEST,4 Neither,2021-Q3,84,19.6,16.1
Adoption,SOUTH WEST,4 Neither,2021-Q4,119,15.4,13.6
Adoption,SOUTH WEST,4 Neither,2022-Q1,66,18.7,18.5
Adoption,SOUTH WEST,4 Neither,2022-Q2,98,22.1,15.9
Adoption,SOUTH WEST,4 Neither,2022-Q3,145,25.8,20.4
Adoption,SOUTH WEST,4 Neither,2022-Q4,156,19,16.7
Adoption,SOUTH WEST,4 Neither,2023-Q1,126,19.9,16.3
Adoption,SOUTH WEST,4 Neither,2023-Q2,141,18.4,14.3
Adoption,SOUTH WEST,4 Neither,2023-Q3,98,20,15.6
Adoption,SOUTH WEST,4 Neither,2023-Q4,108,18.4,13.9
Adoption,SOUTH WEST,4 Neither,2024-Q1,127,17.3,14.1
Adoption,SOUTH WEST,4 Neither,2024-Q2,153,18,15.6
Adoption,SOUTH WEST,4 Neither,2024-Q3,143,19.6,15.7
Adoption,SOUTH WEST,4 Neither,2024-Q4,104,20.1,14
Adoption,SOUTH WEST,4 Neither,2025-Q1,131,16.9,12.6
Adoption,SOUTH WEST,4 Neither,2025-Q2,108,15.6,12.4
Adoption,SOUTH WEST,4 Neither,2025-Q3,110,16.2,14.4
Adoption,SOUTH WEST,4 Neither,2025-Q4,95,16.7,14.1
Adoption,SOUTH WEST,5 Unknown,2011-Q1,10,9,8.6
Adoption,SOUTH WEST,5 Unknown,2011-Q2,5,17.7,18.6
Adoption,SOUTH WEST,5 Unknown,2011-Q3,7,13,12
Adoption,SOUTH WEST,5 Unknown,2011-Q4,5,13.6,12.3
Adoption,SOUTH WEST,5 Unknown,2012-Q1,10,12,11.1
Adoption,SOUTH WEST,5 Unknown,2012-Q2,4,21.6,19.6
Adoption,SOUTH WEST,5 Unknown,2012-Q3,5,11.4,9.7
Adoption,SOUTH WEST,5 Unknown,2012-Q4,2,22.9,22.9
Adoption,SOUTH WEST,5 Unknown,2013-Q1,2,16.9,16.9
Adoption,SOUTH WEST,5 Unknown,2013-Q2,7,10.1,6.7
Adoption,SOUTH WEST,5 Unknown,2014-Q1,1,10.9,10.9
Adoption,SOUTH WEST,5 Unknown,2014-Q3,2,19.1,19.1
Adoption,SOUTH WEST,5 Unknown,2014-Q4,2,10.4,10.4
Adoption,SOUTH WEST,5 Unknown,2015-Q1,2,8.5,8.5
Adoption,SOUTH WEST,5 Unknown,2015-Q2,3,24.4,12.1
Adoption,SOUTH WEST,5 Unknown,2015-Q3,2,8.9,8.9
Adoption,SOUTH WEST,5 Unknown,2015-Q4,3,11.4,12
Adoption,SOUTH WEST,5 Unknown,2016-Q2,2,14.6,14.6
Adoption,SOUTH WEST,5 Unknown,2016-Q3,1,17.3,17.3
Adoption,SOUTH WEST,5 Unknown,2016-Q4,1,46,46
Adoption,SOUTH WEST,5 Unknown,2017-Q3,1,18,18
Adoption,SOUTH WEST,5 Unknown,2018-Q2,2,32.7,32.7
Adoption,SOUTH WEST,5 Unknown,2018-Q3,2,26.1,26.1
Adoption,SOUTH WEST,5 Unknown,2019-Q1,1,11.1,11.1
Adoption,SOUTH WEST,5 Unknown,2019-Q2,1,9.3,9.3
Adoption,SOUTH WEST,5 Unknown,2019-Q4,1,16.9,16.9
Adoption,SOUTH WEST,5 Unknown,2020-Q1,1,26.6,26.6
Adoption,SOUTH WEST,5 Unknown,2020-Q2,1,11.3,11.3
Adoption,SOUTH WEST,5 Unknown,2020-Q3,1,13,13
Adoption,SOUTH WEST,5 Unknown,2020-Q4,2,27.1,27.1
Adoption,SOUTH WEST,5 Unknown,2022-Q4,3,14.7,14.7
Adoption,SOUTH WEST,All types,2011-Q1,147,15.1,11.7
Adoption,SOUTH WEST,All types,2011-Q2,136,15.4,12.2
Adoption,SOUTH WEST,All types,2011-Q3,142,18.5,13.7
Adoption,SOUTH WEST,All types,2011-Q4,144,15.8,12.4
Adoption,SOUTH WEST,All types,2012-Q1,131,13.2,12.1
Adoption,SOUTH WEST,All types,2012-Q2,108,14,11.6
Adoption,SOUTH WEST,All types,2012-Q3,165,13.8,11.1
Adoption,SOUTH WEST,All types,2012-Q4,145,14.1,10.6
Adoption,SOUTH WEST,All types,2013-Q1,144,13,10.9
Adoption,SOUTH WEST,All types,2013-Q2,168,15.1,11.2
Adoption,SOUTH WEST,All types,2013-Q3,182,13.6,11.1
Adoption,SOUTH WEST,All types,2013-Q4,146,14.2,12
Adoption,SOUTH WEST,All types,2014-Q1,183,13,11.7
Adoption,SOUTH WEST,All types,2014-Q2,161,12.9,9.7
Adoption,SOUTH WEST,All types,2014-Q3,190,15.4,11.3
Adoption,SOUTH WEST,All types,2014-Q4,180,14.1,10.9
Adoption,SOUTH WEST,All types,2015-Q1,197,14.6,11
Adoption,SOUTH WEST,All types,2015-Q2,186,15,11.9
Adoption,SOUTH WEST,All types,2015-Q3,168,14.4,10.6
Adoption,SOUTH WEST,All types,2015-Q4,152,14.8,11.6
Adoption,SOUTH WEST,All types,2016-Q1,214,14.4,12.1
Adoption,SOUTH WEST,All types,2016-Q2,176,14.7,11.9
Adoption,SOUTH WEST,All types,2016-Q3,200,13.9,11.4
Adoption,SOUTH WEST,All types,2016-Q4,182,13.4,10.6
Adoption,SOUTH WEST,All types,2017-Q1,185,16.3,13
Adoption,SOUTH WEST,All types,2017-Q2,183,14.4,12
Adoption,SOUTH WEST,All types,2017-Q3,177,16.7,13.7
Adoption,SOUTH WEST,All types,2017-Q4,142,16.1,13.1
Adoption,SOUTH WEST,All types,2018-Q1,149,17.2,13.3
Adoption,SOUTH WEST,All types,2018-Q2,148,17.2,13.5
Adoption,SOUTH WEST,All types,2018-Q3,142,16.4,14.1
Adoption,SOUTH WEST,All types,2018-Q4,163,17.2,13.7
Adoption,SOUTH WEST,All types,2019-Q1,146,15.6,13.4
Adoption,SOUTH WEST,All types,2019-Q2,145,17.4,12.4
Adoption,SOUTH WEST,All types,2019-Q3,148,15.6,13.7
Adoption,SOUTH WEST,All types,2019-Q4,147,18.2,12.9
Adoption,SOUTH WEST,All types,2020-Q1,142,15.6,12
Adoption,SOUTH WEST,All types,2020-Q2,43,20,18.1
Adoption,SOUTH WEST,All types,2020-Q3,154,21.1,19.4
Adoption,SOUTH WEST,All types,2020-Q4,142,19.5,16.3
Adoption,SOUTH WEST,All types,2021-Q1,140,17.8,14.4
Adoption,SOUTH WEST,All types,2021-Q2,144,16.6,13.3
Adoption,SOUTH WEST,All types,2021-Q3,91,20.6,17
Adoption,SOUTH WEST,All types,2021-Q4,130,17,14.6
Adoption,SOUTH WEST,All types,2022-Q1,70,19.7,18.9
Adoption,SOUTH WEST,All types,2022-Q2,102,22.3,15.9
Adoption,SOUTH WEST,All types,2022-Q3,152,26.6,21
Adoption,SOUTH WEST,All types,2022-Q4,164,19,17.2
Adoption,SOUTH WEST,All types,2023-Q1,130,20.5,16.6
Adoption,SOUTH WEST,All types,2023-Q2,145,18.2,14.3
Adoption,SOUTH WEST,All types,2023-Q3,108,21.6,16.1
Adoption,SOUTH WEST,All types,2023-Q4,119,19.6,14.4
Adoption,SOUTH WEST,All types,2024-Q1,133,18,14.3
Adoption,SOUTH WEST,All types,2024-Q2,163,18.7,16.7
Adoption,SOUTH WEST,All types,2024-Q3,150,20.1,16.1
Adoption,SOUTH WEST,All types,2024-Q4,112,20.8,15
Adoption,SOUTH WEST,All types,2025-Q1,143,18.7,13.1
Adoption,SOUTH WEST,All types,2025-Q2,120,15.8,13.1
Adoption,SOUTH WEST,All types,2025-Q3,119,17.3,15
Adoption,SOUTH WEST,All types,2025-Q4,101,17.2,14.6
Adoption,WALES,1 Both,2011-Q1,2,15.9,15.9
Adoption,WALES,1 Both,2011-Q4,1,39,39
Adoption,WALES,1 Both,2012-Q1,1,17.9,17.9
Adoption,WALES,1 Both,2012-Q2,1,17.9,17.9
Adoption,WALES,1 Both,2012-Q3,1,39.4,39.4
Adoption,WALES,1 Both,2012-Q4,1,32.6,32.6
Adoption,WALES,1 Both,2013-Q1,1,3.3,3.3
Adoption,WALES,1 Both,2013-Q3,1,20.1,20.1
Adoption,WALES,1 Both,2014-Q2,1,93.1,93.1
Adoption,WALES,1 Both,2014-Q3,1,22.6,22.6
Adoption,WALES,1 Both,2014-Q4,1,16.4,16.4
Adoption,WALES,1 Both,2015-Q1,1,41.1,41.1
Adoption,WALES,1 Both,2015-Q2,3,46.8,51
Adoption,WALES,1 Both,2015-Q3,1,1.9,1.9
Adoption,WALES,1 Both,2015-Q4,1,38.7,38.7
Adoption,WALES,1 Both,2016-Q1,1,16.7,16.7
Adoption,WALES,1 Both,2016-Q2,3,41.7,53.9
Adoption,WALES,1 Both,2016-Q4,1,31.4,31.4
Adoption,WALES,1 Both,2017-Q1,1,44.9,44.9
Adoption,WALES,1 Both,2017-Q4,3,30.5,21.7
Adoption,WALES,1 Both,2018-Q2,3,17.9,16.4
Adoption,WALES,1 Both,2018-Q3,3,21.5,20
Adoption,WALES,1 Both,2019-Q3,1,37.6,37.6
Adoption,WALES,1 Both,2020-Q1,1,27.9,27.9
Adoption,WALES,1 Both,2021-Q1,2,42.1,42.1
Adoption,WALES,1 Both,2021-Q2,2,85.4,85.4
Adoption,WALES,1 Both,2022-Q1,1,33.1,33.1
Adoption,WALES,1 Both,2023-Q3,1,41.7,41.7
Adoption,WALES,1 Both,2024-Q1,2,28.6,28.6
Adoption,WALES,1 Both,2025-Q1,1,32.3,32.3
Adoption,WALES,1 Both,2025-Q2,1,10.9,10.9
Adoption,WALES,2 Applicant Only,2011-Q1,3,22.7,23.9
Adoption,WALES,2 Applicant Only,2011-Q2,1,37.6,37.6
Adoption,WALES,2 Applicant Only,2011-Q3,2,19.1,19.1
Adoption,WALES,2 Applicant Only,2011-Q4,2,38.2,38.2
Adoption,WALES,2 Applicant Only,2012-Q1,1,12.9,12.9
Adoption,WALES,2 Applicant Only,2012-Q2,6,14.4,12.1
Adoption,WALES,2 Applicant Only,2012-Q3,1,16.4,16.4
Adoption,WALES,2 Applicant Only,2013-Q1,2,17.9,17.9
Adoption,WALES,2 Applicant Only,2013-Q2,2,26.3,26.3
Adoption,WALES,2 Applicant Only,2013-Q3,2,32.4,32.4
Adoption,WALES,2 Applicant Only,2014-Q1,4,21.7,23.4
Adoption,WALES,2 Applicant Only,2014-Q2,4,45.5,36.6
Adoption,WALES,2 Applicant Only,2014-Q3,2,26.6,26.6
Adoption,WALES,2 Applicant Only,2014-Q4,3,22.2,21.6
Adoption,WALES,2 Applicant Only,2015-Q1,3,17.3,19
Adoption,WALES,2 Applicant Only,2015-Q2,4,34.9,29.6
Adoption,WALES,2 Applicant Only,2015-Q3,2,10.3,10.3
Adoption,WALES,2 Applicant Only,2015-Q4,3,26.6,25.7
Adoption,WALES,2 Applicant Only,2016-Q1,2,19.4,19.4
Adoption,WALES,2 Applicant Only,2016-Q2,1,8.6,8.6
Adoption,WALES,2 Applicant Only,2016-Q3,4,21.1,21.5
Adoption,WALES,2 Applicant Only,2016-Q4,1,17,17
Adoption,WALES,2 Applicant Only,2017-Q1,1,7.6,7.6
Adoption,WALES,2 Applicant Only,2017-Q2,2,13.8,13.8
Adoption,WALES,2 Applicant Only,2017-Q3,2,20.6,20.6
Adoption,WALES,2 Applicant Only,2017-Q4,2,16.9,16.9
Adoption,WALES,2 Applicant Only,2018-Q1,2,81.4,81.4
Adoption,WALES,2 Applicant Only,2018-Q2,2,30.1,30.1
Adoption,WALES,2 Applicant Only,2018-Q3,2,14.1,14.1
Adoption,WALES,2 Applicant Only,2018-Q4,3,23.8,28
Adoption,WALES,2 Applicant Only,2019-Q1,1,8.9,8.9
Adoption,WALES,2 Applicant Only,2019-Q2,2,22.4,22.4
Adoption,WALES,2 Applicant Only,2019-Q3,2,23.7,23.7
Adoption,WALES,2 Applicant Only,2019-Q4,2,31.4,31.4
Adoption,WALES,2 Applicant Only,2020-Q1,9,24.6,15
Adoption,WALES,2 Applicant Only,2020-Q4,1,74.4,74.4
Adoption,WALES,2 Applicant Only,2021-Q1,2,26.9,26.9
Adoption,WALES,2 Applicant Only,2022-Q1,5,24.7,26.7
Adoption,WALES,2 Applicant Only,2022-Q2,3,17.2,12.6
Adoption,WALES,2 Applicant Only,2022-Q3,2,5.9,5.9
Adoption,WALES,2 Applicant Only,2022-Q4,2,28.1,28.1
Adoption,WALES,2 Applicant Only,2023-Q1,1,26.4,26.4
Adoption,WALES,2 Applicant Only,2023-Q2,1,33.1,33.1
Adoption,WALES,2 Applicant Only,2023-Q3,2,32.3,32.3
Adoption,WALES,2 Applicant Only,2023-Q4,2,22.9,22.9
Adoption,WALES,2 Applicant Only,2024-Q1,2,7.4,7.4
Adoption,WALES,2 Applicant Only,2024-Q2,2,46.4,46.4
Adoption,WALES,2 Applicant Only,2024-Q3,1,23.9,23.9
Adoption,WALES,2 Applicant Only,2024-Q4,2,9.1,9.1
Adoption,WALES,2 Applicant Only,2025-Q1,2,13.1,13.1
Adoption,WALES,2 Applicant Only,2025-Q2,2,11.9,11.9
Adoption,WALES,3 Respondent Only,2011-Q1,7,21.7,25.4
Adoption,WALES,3 Respondent Only,2011-Q2,1,14.3,14.3
Adoption,WALES,3 Respondent Only,2011-Q3,6,16.8,11.7
Adoption,WALES,3 Respondent Only,2011-Q4,6,21.8,17.7
Adoption,WALES,3 Respondent Only,2012-Q1,6,16,18.3
Adoption,WALES,3 Respondent Only,2012-Q2,7,18.1,18.9
Adoption,WALES,3 Respondent Only,2012-Q3,4,18.8,20.1
Adoption,WALES,3 Respondent Only,2012-Q4,3,13.4,13.6
Adoption,WALES,3 Respondent Only,2013-Q1,3,40.3,24.9
Adoption,WALES,3 Respondent Only,2013-Q2,5,12.1,11.9
Adoption,WALES,3 Respondent Only,2013-Q4,5,18.5,12
Adoption,WALES,3 Respondent Only,2014-Q1,1,26.3,26.3
Adoption,WALES,3 Respondent Only,2014-Q2,9,23.4,21
Adoption,WALES,3 Respondent Only,2014-Q3,11,19.3,22.6
Adoption,WALES,3 Respondent Only,2014-Q4,6,16.2,18.1
Adoption,WALES,3 Respondent Only,2015-Q1,7,17.6,12.1
Adoption,WALES,3 Respondent Only,2015-Q2,7,21.8,21.3
Adoption,WALES,3 Respondent Only,2015-Q3,5,25.5,27.6
Adoption,WALES,3 Respondent Only,2015-Q4,8,23.8,22.4
Adoption,WALES,3 Respondent Only,2016-Q1,5,23.6,27.9
Adoption,WALES,3 Respondent Only,2016-Q2,4,27.5,28.7
Adoption,WALES,3 Respondent Only,2016-Q3,8,25.9,26.9
Adoption,WALES,3 Respondent Only,2016-Q4,5,15.1,19
Adoption,WALES,3 Respondent Only,2017-Q1,8,33,34.4
Adoption,WALES,3 Respondent Only,2017-Q2,10,20.9,23.7
Adoption,WALES,3 Respondent Only,2017-Q3,11,19.2,19
Adoption,WALES,3 Respondent Only,2017-Q4,10,22.5,17.3
Adoption,WALES,3 Respondent Only,2018-Q1,4,21.1,21.1
Adoption,WALES,3 Respondent Only,2018-Q2,5,25.5,22.1
Adoption,WALES,3 Respondent Only,2018-Q3,8,30.8,28.9
Adoption,WALES,3 Respondent Only,2018-Q4,2,11.9,11.9
Adoption,WALES,3 Respondent Only,2019-Q1,10,24.2,22.6
Adoption,WALES,3 Respondent Only,2019-Q2,13,24.1,25.3
Adoption,WALES,3 Respondent Only,2019-Q3,7,22.9,22.9
Adoption,WALES,3 Respondent Only,2019-Q4,3,32.6,33
Adoption,WALES,3 Respondent Only,2020-Q1,9,22,17.9
Adoption,WALES,3 Respondent Only,2020-Q2,8,23.9,22.9
Adoption,WALES,3 Respondent Only,2020-Q3,7,28.6,35.7
Adoption,WALES,3 Respondent Only,2020-Q4,6,36.3,37.4
Adoption,WALES,3 Respondent Only,2021-Q1,5,22.9,20.3
Adoption,WALES,3 Respondent Only,2021-Q2,6,36.4,39.8
Adoption,WALES,3 Respondent Only,2021-Q3,6,24.3,26.8
Adoption,WALES,3 Respondent Only,2021-Q4,7,21.9,21.7
Adoption,WALES,3 Respondent Only,2022-Q1,2,11.9,11.9
Adoption,WALES,3 Respondent Only,2022-Q2,5,27.3,22.6
Adoption,WALES,3 Respondent Only,2022-Q3,11,26.1,22.4
Adoption,WALES,3 Respondent Only,2022-Q4,11,20.3,19.1
Adoption,WALES,3 Respondent Only,2023-Q1,4,72.2,72.4
Adoption,WALES,3 Respondent Only,2023-Q2,8,19.4,19.6
Adoption,WALES,3 Respondent Only,2023-Q3,9,19.4,18
Adoption,WALES,3 Respondent Only,2023-Q4,6,18.2,18.7
Adoption,WALES,3 Respondent Only,2024-Q1,4,20.8,21.3
Adoption,WALES,3 Respondent Only,2024-Q2,6,19.7,19.8
Adoption,WALES,3 Respondent Only,2024-Q3,3,17.9,20.4
Adoption,WALES,3 Respondent Only,2024-Q4,8,25.6,26.6
Adoption,WALES,3 Respondent Only,2025-Q1,2,22.9,22.9
Adoption,WALES,3 Respondent Only,2025-Q2,4,18.8,19.1
Adoption,WALES,3 Respondent Only,2025-Q3,6,21.2,21.6
Adoption,WALES,3 Respondent Only,2025-Q4,5,29.3,32.4
Adoption,WALES,4 Neither,2011-Q1,78,16.6,13
Adoption,WALES,4 Neither,2011-Q2,75,11.3,9.9
Adoption,WALES,4 Neither,2011-Q3,50,9.9,9.4
Adoption,WALES,4 Neither,2011-Q4,83,11.8,9.9
Adoption,WALES,4 Neither,2012-Q1,63,11.6,9.7
Adoption,WALES,4 Neither,2012-Q2,91,10.5,9.3
Adoption,WALES,4 Neither,2012-Q3,94,16.1,10.7
Adoption,WALES,4 Neither,2012-Q4,85,12.3,9.9
Adoption,WALES,4 Neither,2013-Q1,84,13.1,11.5
Adoption,WALES,4 Neither,2013-Q2,96,11.8,10.3
Adoption,WALES,4 Neither,2013-Q3,91,11.8,10
Adoption,WALES,4 Neither,2013-Q4,77,11.9,11.1
Adoption,WALES,4 Neither,2014-Q1,93,14.4,11.6
Adoption,WALES,4 Neither,2014-Q2,108,14.5,11.5
Adoption,WALES,4 Neither,2014-Q3,90,13.1,10.8
Adoption,WALES,4 Neither,2014-Q4,77,15.7,13
Adoption,WALES,4 Neither,2015-Q1,87,12.2,11.1
Adoption,WALES,4 Neither,2015-Q2,108,13.5,10.6
Adoption,WALES,4 Neither,2015-Q3,69,12.1,10.1
Adoption,WALES,4 Neither,2015-Q4,106,15.7,11.6
Adoption,WALES,4 Neither,2016-Q1,73,15.4,11.1
Adoption,WALES,4 Neither,2016-Q2,101,12.9,11.4
Adoption,WALES,4 Neither,2016-Q3,90,14.7,13.6
Adoption,WALES,4 Neither,2016-Q4,80,13.7,12.7
Adoption,WALES,4 Neither,2017-Q1,63,15.1,14.3
Adoption,WALES,4 Neither,2017-Q2,77,13.9,11
Adoption,WALES,4 Neither,2017-Q3,68,15.6,13.1
Adoption,WALES,4 Neither,2017-Q4,87,16.3,12.4
Adoption,WALES,4 Neither,2018-Q1,81,16.6,15.7
Adoption,WALES,4 Neither,2018-Q2,97,13.9,10.9
Adoption,WALES,4 Neither,2018-Q3,60,16.2,12.6
Adoption,WALES,4 Neither,2018-Q4,71,17.4,15.1
Adoption,WALES,4 Neither,2019-Q1,103,18.5,15
Adoption,WALES,4 Neither,2019-Q2,85,16.5,13.7
Adoption,WALES,4 Neither,2019-Q3,85,14.8,11.9
Adoption,WALES,4 Neither,2019-Q4,90,17.6,14.7
Adoption,WALES,4 Neither,2020-Q1,69,16,13.7
Adoption,WALES,4 Neither,2020-Q2,60,19,17.1
Adoption,WALES,4 Neither,2020-Q3,70,19.6,17.6
Adoption,WALES,4 Neither,2020-Q4,70,18,13.6
Adoption,WALES,4 Neither,2021-Q1,90,17.5,14.5
Adoption,WALES,4 Neither,2021-Q2,72,20.3,16.1
Adoption,WALES,4 Neither,2021-Q3,93,19.4,15.6
Adoption,WALES,4 Neither,2021-Q4,86,18.3,15.9
Adoption,WALES,4 Neither,2022-Q1,67,19.1,15.7
Adoption,WALES,4 Neither,2022-Q2,96,19.5,15
Adoption,WALES,4 Neither,2022-Q3,59,15.6,15.1
Adoption,WALES,4 Neither,2022-Q4,60,16.9,14.8
Adoption,WALES,4 Neither,2023-Q1,64,16,14.1
Adoption,WALES,4 Neither,2023-Q2,82,17.8,13.6
Adoption,WALES,4 Neither,2023-Q3,56,14.6,12.6
Adoption,WALES,4 Neither,2023-Q4,98,12.7,9.9
Adoption,WALES,4 Neither,2024-Q1,71,15.6,13
Adoption,WALES,4 Neither,2024-Q2,64,13.8,11.4
Adoption,WALES,4 Neither,2024-Q3,58,11.7,9.9
Adoption,WALES,4 Neither,2024-Q4,54,12.2,10.6
Adoption,WALES,4 Neither,2025-Q1,57,13,11.7
Adoption,WALES,4 Neither,2025-Q2,61,13.6,12.7
Adoption,WALES,4 Neither,2025-Q3,59,13.4,12.1
Adoption,WALES,4 Neither,2025-Q4,64,11.5,10.1
Adoption,WALES,5 Unknown,2011-Q1,4,16.3,18.1
Adoption,WALES,5 Unknown,2011-Q2,3,18.8,12.1
Adoption,WALES,5 Unknown,2011-Q3,12,14.4,14.4
Adoption,WALES,5 Unknown,2011-Q4,3,23.1,22.3
Adoption,WALES,5 Unknown,2012-Q2,4,19.3,16.7
Adoption,WALES,5 Unknown,2012-Q3,2,12.9,12.9
Adoption,WALES,5 Unknown,2012-Q4,2,10.6,10.6
Adoption,WALES,5 Unknown,2013-Q2,3,7.1,7
Adoption,WALES,5 Unknown,2013-Q3,2,14.1,14.1
Adoption,WALES,5 Unknown,2014-Q1,7,15.1,14.3
Adoption,WALES,5 Unknown,2014-Q2,1,10,10
Adoption,WALES,5 Unknown,2014-Q3,2,11.6,11.6
Adoption,WALES,5 Unknown,2014-Q4,3,16,13.4
Adoption,WALES,5 Unknown,2015-Q1,1,15.4,15.4
Adoption,WALES,5 Unknown,2015-Q2,3,16.7,20
Adoption,WALES,5 Unknown,2015-Q3,1,15.3,15.3
Adoption,WALES,5 Unknown,2017-Q1,1,27.1,27.1
Adoption,WALES,All types,2011-Q1,94,17.1,14.1
Adoption,WALES,All types,2011-Q2,80,12,10.4
Adoption,WALES,All types,2011-Q3,70,11.5,9.9
Adoption,WALES,All types,2011-Q4,95,13.6,10.1
Adoption,WALES,All types,2012-Q1,71,12.1,11.3
Adoption,WALES,All types,2012-Q2,109,11.6,10
Adoption,WALES,All types,2012-Q3,102,16.4,11
Adoption,WALES,All types,2012-Q4,91,12.5,10.3
Adoption,WALES,All types,2013-Q1,90,14,12.1
Adoption,WALES,All types,2013-Q2,106,11.9,10.5
Adoption,WALES,All types,2013-Q3,96,12.3,10
Adoption,WALES,All types,2013-Q4,82,12.3,11.4
Adoption,WALES,All types,2014-Q1,105,14.9,12
Adoption,WALES,All types,2014-Q2,123,16.8,12
Adoption,WALES,All types,2014-Q3,106,14,12.1
Adoption,WALES,All types,2014-Q4,90,16,13.9
Adoption,WALES,All types,2015-Q1,99,13.1,11.7
Adoption,WALES,All types,2015-Q2,125,15.5,11
Adoption,WALES,All types,2015-Q3,78,12.9,10.3
Adoption,WALES,All types,2015-Q4,118,16.7,12.7
Adoption,WALES,All types,2016-Q1,81,16,12.4
Adoption,WALES,All types,2016-Q2,109,14.2,11.9
Adoption,WALES,All types,2016-Q3,102,15.8,13.9
Adoption,WALES,All types,2016-Q4,87,14.1,12.7
Adoption,WALES,All types,2017-Q1,74,17.5,15.8
Adoption,WALES,All types,2017-Q2,89,14.7,11.4
Adoption,WALES,All types,2017-Q3,81,16.2,15
Adoption,WALES,All types,2017-Q4,102,17.3,14.7
Adoption,WALES,All types,2018-Q1,87,18.3,15.7
Adoption,WALES,All types,2018-Q2,107,14.9,11.4
Adoption,WALES,All types,2018-Q3,73,17.9,14
Adoption,WALES,All types,2018-Q4,76,17.5,15.1
Adoption,WALES,All types,2019-Q1,114,18.9,15.3
Adoption,WALES,All types,2019-Q2,100,17.6,15
Adoption,WALES,All types,2019-Q3,95,15.8,13.1
Adoption,WALES,All types,2019-Q4,95,18.4,14.7
Adoption,WALES,All types,2020-Q1,88,17.6,14.7
Adoption,WALES,All types,2020-Q2,68,19.6,17.2
Adoption,WALES,All types,2020-Q3,77,20.4,18.1
Adoption,WALES,All types,2020-Q4,77,20.1,14.1
Adoption,WALES,All types,2021-Q1,99,18.4,16
Adoption,WALES,All types,2021-Q2,80,23.2,16.6
Adoption,WALES,All types,2021-Q3,99,19.7,16.7
Adoption,WALES,All types,2021-Q4,93,18.6,16.1
Adoption,WALES,All types,2022-Q1,75,19.5,15.7
Adoption,WALES,All types,2022-Q2,104,19.8,15.5
Adoption,WALES,All types,2022-Q3,72,16.9,17.1
Adoption,WALES,All types,2022-Q4,73,17.7,16.1
Adoption,WALES,All types,2023-Q1,69,19.4,14.7
Adoption,WALES,All types,2023-Q2,91,18.1,14
Adoption,WALES,All types,2023-Q3,68,16.1,13.8
Adoption,WALES,All types,2023-Q4,106,13.2,10.5
Adoption,WALES,All types,2024-Q1,79,16,13.4
Adoption,WALES,All types,2024-Q2,72,15.2,12
Adoption,WALES,All types,2024-Q3,62,12.2,10.1
Adoption,WALES,All types,2024-Q4,64,13.8,11.1
Adoption,WALES,All types,2025-Q1,62,13.6,12.5
Adoption,WALES,All types,2025-Q2,68,13.8,12.9
Adoption,WALES,All types,2025-Q3,65,14.1,13
Adoption,WALES,All types,2025-Q4,69,12.8,11.1
Children Act (Private),England & Wales,1 Both,2011-Q1,4836,38.4,30.4
Children Act (Private),England & Wales,1 Both,2011-Q2,4348,39.5,30.9
Children Act (Private),England & Wales,1 Both,2011-Q3,4391,40.2,31.3
Children Act (Private),England & Wales,1 Both,2011-Q4,4290,41.4,32.6
Children Act (Private),England & Wales,1 Both,2012-Q1,4362,42.6,30.9
Children Act (Private),England & Wales,1 Both,2012-Q2,4205,40.7,29.7
Children Act (Private),England & Wales,1 Both,2012-Q3,4191,39.9,29.1
Children Act (Private),England & Wales,1 Both,2012-Q4,4297,39.7,29.3
Children Act (Private),England & Wales,1 Both,2013-Q1,3982,40.8,30
Children Act (Private),England & Wales,1 Both,2013-Q2,4098,41.4,32
Children Act (Private),England & Wales,1 Both,2013-Q3,3771,42.5,33.1
Children Act (Private),England & Wales,1 Both,2013-Q4,3225,43.5,35.4
Children Act (Private),England & Wales,1 Both,2014-Q1,2557,45.4,36.7
Children Act (Private),England & Wales,1 Both,2014-Q2,2385,46.7,37.1
Children Act (Private),England & Wales,1 Both,2014-Q3,2436,59.4,38.3
Children Act (Private),England & Wales,1 Both,2014-Q4,1811,43.5,29.9
Children Act (Private),England & Wales,1 Both,2015-Q1,1706,41.3,25.7
Children Act (Private),England & Wales,1 Both,2015-Q2,1734,48.9,26.1
Children Act (Private),England & Wales,1 Both,2015-Q3,1853,37.6,24.1
Children Act (Private),England & Wales,1 Both,2015-Q4,1693,35,23.9
Children Act (Private),England & Wales,1 Both,2016-Q1,1644,31.5,22.4
Children Act (Private),England & Wales,1 Both,2016-Q2,1813,29.4,21.1
Children Act (Private),England & Wales,1 Both,2016-Q3,1720,27.4,21.1
Children Act (Private),England & Wales,1 Both,2016-Q4,1630,29.2,22.1
Children Act (Private),England & Wales,1 Both,2017-Q1,1709,29,22.3
Children Act (Private),England & Wales,1 Both,2017-Q2,1591,29.2,22.9
Children Act (Private),England & Wales,1 Both,2017-Q3,1722,28,22.4
Children Act (Private),England & Wales,1 Both,2017-Q4,1640,29.6,23.3
Children Act (Private),England & Wales,1 Both,2018-Q1,1496,30.7,24
Children Act (Private),England & Wales,1 Both,2018-Q2,1606,31.6,26.1
Children Act (Private),England & Wales,1 Both,2018-Q3,1618,30.6,24.4
Children Act (Private),England & Wales,1 Both,2018-Q4,1634,33,26.6
Children Act (Private),England & Wales,1 Both,2019-Q1,1588,34.1,28.2
Children Act (Private),England & Wales,1 Both,2019-Q2,1654,33.7,28
Children Act (Private),England & Wales,1 Both,2019-Q3,1702,34.9,28.3
Children Act (Private),England & Wales,1 Both,2019-Q4,1639,36,29.1
Children Act (Private),England & Wales,1 Both,2020-Q1,1619,36.7,29.7
Children Act (Private),England & Wales,1 Both,2020-Q2,906,34.6,27.7
Children Act (Private),England & Wales,1 Both,2020-Q3,1530,38.3,32
Children Act (Private),England & Wales,1 Both,2020-Q4,1701,44.9,37.3
Children Act (Private),England & Wales,1 Both,2021-Q1,1804,45.6,37.1
Children Act (Private),England & Wales,1 Both,2021-Q2,1826,45,38.3
Children Act (Private),England & Wales,1 Both,2021-Q3,1796,48.8,41.3
Children Act (Private),England & Wales,1 Both,2021-Q4,1708,49.3,42.4
Children Act (Private),England & Wales,1 Both,2022-Q1,1649,51.6,44
Children Act (Private),England & Wales,1 Both,2022-Q2,1645,53.6,44.4
Children Act (Private),England & Wales,1 Both,2022-Q3,1576,53.9,45.6
Children Act (Private),England & Wales,1 Both,2022-Q4,1665,55.9,46.7
Children Act (Private),England & Wales,1 Both,2023-Q1,1818,56.9,47.1
Children Act (Private),England & Wales,1 Both,2023-Q2,1793,54.9,43.9
Children Act (Private),England & Wales,1 Both,2023-Q3,1633,53.6,42.9
Children Act (Private),England & Wales,1 Both,2023-Q4,1687,52.7,41.3
Children Act (Private),England & Wales,1 Both,2024-Q1,1825,51.7,40.9
Children Act (Private),England & Wales,1 Both,2024-Q2,1840,52.3,39.7
Children Act (Private),England & Wales,1 Both,2024-Q3,1921,50.7,38.4
Children Act (Private),England & Wales,1 Both,2024-Q4,1658,47.6,37.6
Children Act (Private),England & Wales,1 Both,2025-Q1,1699,48.6,37
Children Act (Private),England & Wales,1 Both,2025-Q2,1598,46.3,35
Children Act (Private),England & Wales,1 Both,2025-Q3,1732,45.2,35.9
Children Act (Private),England & Wales,1 Both,2025-Q4,1564,42.4,31.3
Children Act (Private),England & Wales,2 Applicant Only,2011-Q1,3230,24.7,16.7
Children Act (Private),England & Wales,2 Applicant Only,2011-Q2,2825,24.1,15.9
Children Act (Private),England & Wales,2 Applicant Only,2011-Q3,2848,23.8,15.3
Children Act (Private),England & Wales,2 Applicant Only,2011-Q4,2719,24.6,15.7
Children Act (Private),England & Wales,2 Applicant Only,2012-Q1,2923,26.6,16
Children Act (Private),England & Wales,2 Applicant Only,2012-Q2,2999,24.2,15.9
Children Act (Private),England & Wales,2 Applicant Only,2012-Q3,3123,23.4,15.9
Children Act (Private),England & Wales,2 Applicant Only,2012-Q4,3172,25,15.4
Children Act (Private),England & Wales,2 Applicant Only,2013-Q1,3375,26.3,17
Children Act (Private),England & Wales,2 Applicant Only,2013-Q2,3535,24.4,15.1
Children Act (Private),England & Wales,2 Applicant Only,2013-Q3,4202,23.4,16
Children Act (Private),England & Wales,2 Applicant Only,2013-Q4,4150,25.3,20
Children Act (Private),England & Wales,2 Applicant Only,2014-Q1,3730,26.5,21.6
Children Act (Private),England & Wales,2 Applicant Only,2014-Q2,3429,27.9,20.7
Children Act (Private),England & Wales,2 Applicant Only,2014-Q3,3666,40.8,22.3
Children Act (Private),England & Wales,2 Applicant Only,2014-Q4,2948,26,17.1
Children Act (Private),England & Wales,2 Applicant Only,2015-Q1,2876,26.6,17.9
Children Act (Private),England & Wales,2 Applicant Only,2015-Q2,2860,31.2,16.3
Children Act (Private),England & Wales,2 Applicant Only,2015-Q3,3149,27.6,16.7
Children Act (Private),England & Wales,2 Applicant Only,2015-Q4,2826,24.6,16
Children Act (Private),England & Wales,2 Applicant Only,2016-Q1,2887,21.2,15.7
Children Act (Private),England & Wales,2 Applicant Only,2016-Q2,2936,21.5,15.9
Children Act (Private),England & Wales,2 Applicant Only,2016-Q3,2892,19.2,14.3
Children Act (Private),England & Wales,2 Applicant Only,2016-Q4,2837,19.6,15.1
Children Act (Private),England & Wales,2 Applicant Only,2017-Q1,2752,19.8,15.7
Children Act (Private),England & Wales,2 Applicant Only,2017-Q2,2761,20.2,15.7
Children Act (Private),England & Wales,2 Applicant Only,2017-Q3,2976,19.7,15
Children Act (Private),England & Wales,2 Applicant Only,2017-Q4,2654,21.3,17.1
Children Act (Private),England & Wales,2 Applicant Only,2018-Q1,2589,22.8,18.1
Children Act (Private),England & Wales,2 Applicant Only,2018-Q2,2780,22.4,18.3
Children Act (Private),England & Wales,2 Applicant Only,2018-Q3,2716,22,17.9
Children Act (Private),England & Wales,2 Applicant Only,2018-Q4,2626,22.9,18.4
Children Act (Private),England & Wales,2 Applicant Only,2019-Q1,2696,24.9,19.8
Children Act (Private),England & Wales,2 Applicant Only,2019-Q2,2629,24.9,19.9
Children Act (Private),England & Wales,2 Applicant Only,2019-Q3,2838,24.3,19.1
Children Act (Private),England & Wales,2 Applicant Only,2019-Q4,2569,25,20
Children Act (Private),England & Wales,2 Applicant Only,2020-Q1,2550,27.2,22.1
Children Act (Private),England & Wales,2 Applicant Only,2020-Q2,1507,25.4,20.1
Children Act (Private),England & Wales,2 Applicant Only,2020-Q3,2241,29.8,24.1
Children Act (Private),England & Wales,2 Applicant Only,2020-Q4,2335,34.6,27
Children Act (Private),England & Wales,2 Applicant Only,2021-Q1,2447,35.1,28.3
Children Act (Private),England & Wales,2 Applicant Only,2021-Q2,2485,37.5,31.3
Children Act (Private),England & Wales,2 Applicant Only,2021-Q3,2475,37.3,29.4
Children Act (Private),England & Wales,2 Applicant Only,2021-Q4,2321,38.3,30.3
Children Act (Private),England & Wales,2 Applicant Only,2022-Q1,2481,40,32.7
Children Act (Private),England & Wales,2 Applicant Only,2022-Q2,2314,38.9,31
Children Act (Private),England & Wales,2 Applicant Only,2022-Q3,2525,40.3,32.3
Children Act (Private),England & Wales,2 Applicant Only,2022-Q4,2556,40.6,31.1
Children Act (Private),England & Wales,2 Applicant Only,2023-Q1,2742,41.3,31.3
Children Act (Private),England & Wales,2 Applicant Only,2023-Q2,2562,39.3,29.1
Children Act (Private),England & Wales,2 Applicant Only,2023-Q3,2643,37.9,27.7
Children Act (Private),England & Wales,2 Applicant Only,2023-Q4,2480,39.2,28.1
Children Act (Private),England & Wales,2 Applicant Only,2024-Q1,2720,38.1,28.1
Children Act (Private),England & Wales,2 Applicant Only,2024-Q2,2700,37.2,28.8
Children Act (Private),England & Wales,2 Applicant Only,2024-Q3,2796,34.7,24.7
Children Act (Private),England & Wales,2 Applicant Only,2024-Q4,2643,34.7,25.1
Children Act (Private),England & Wales,2 Applicant Only,2025-Q1,2649,34.7,26
Children Act (Private),England & Wales,2 Applicant Only,2025-Q2,2498,33.2,24
Children Act (Private),England & Wales,2 Applicant Only,2025-Q3,2675,31.2,22.9
Children Act (Private),England & Wales,2 Applicant Only,2025-Q4,2383,32.4,22.7
Children Act (Private),England & Wales,3 Respondent Only,2011-Q1,995,38.2,30.3
Children Act (Private),England & Wales,3 Respondent Only,2011-Q2,903,37.1,29.3
Children Act (Private),England & Wales,3 Respondent Only,2011-Q3,928,39.1,29
Children Act (Private),England & Wales,3 Respondent Only,2011-Q4,930,39.4,30.6
Children Act (Private),England & Wales,3 Respondent Only,2012-Q1,975,40.5,29.3
Children Act (Private),England & Wales,3 Respondent Only,2012-Q2,982,39.3,29.3
Children Act (Private),England & Wales,3 Respondent Only,2012-Q3,1006,36.3,25.9
Children Act (Private),England & Wales,3 Respondent Only,2012-Q4,1025,39.8,29.3
Children Act (Private),England & Wales,3 Respondent Only,2013-Q1,1009,37.5,28.3
Children Act (Private),England & Wales,3 Respondent Only,2013-Q2,1121,40.2,29
Children Act (Private),England & Wales,3 Respondent Only,2013-Q3,1026,41.2,32.1
Children Act (Private),England & Wales,3 Respondent Only,2013-Q4,1009,37.9,27.7
Children Act (Private),England & Wales,3 Respondent Only,2014-Q1,1012,42.1,30.4
Children Act (Private),England & Wales,3 Respondent Only,2014-Q2,1056,39.7,31.4
Children Act (Private),England & Wales,3 Respondent Only,2014-Q3,1081,49.2,30.9
Children Act (Private),England & Wales,3 Respondent Only,2014-Q4,980,36.7,26.7
Children Act (Private),England & Wales,3 Respondent Only,2015-Q1,991,38.3,26
Children Act (Private),England & Wales,3 Respondent Only,2015-Q2,1005,39.1,27.1
Children Act (Private),England & Wales,3 Respondent Only,2015-Q3,1089,37.4,26.3
Children Act (Private),England & Wales,3 Respondent Only,2015-Q4,1049,32.8,22.6
Children Act (Private),England & Wales,3 Respondent Only,2016-Q1,1087,30.7,23.3
Children Act (Private),England & Wales,3 Respondent Only,2016-Q2,1120,30.1,24.1
Children Act (Private),England & Wales,3 Respondent Only,2016-Q3,1142,28.2,21.9
Children Act (Private),England & Wales,3 Respondent Only,2016-Q4,1140,29.3,22.1
Children Act (Private),England & Wales,3 Respondent Only,2017-Q1,1166,30.7,24.1
Children Act (Private),England & Wales,3 Respondent Only,2017-Q2,1126,30.3,24
Children Act (Private),England & Wales,3 Respondent Only,2017-Q3,1180,31.5,25.4
Children Act (Private),England & Wales,3 Respondent Only,2017-Q4,1170,32.6,24.6
Children Act (Private),England & Wales,3 Respondent Only,2018-Q1,1120,32.9,26
Children Act (Private),England & Wales,3 Respondent Only,2018-Q2,1112,32.9,26.8
Children Act (Private),England & Wales,3 Respondent Only,2018-Q3,1113,34,27
Children Act (Private),England & Wales,3 Respondent Only,2018-Q4,1139,36.1,29
Children Act (Private),England & Wales,3 Respondent Only,2019-Q1,1244,37.6,31
Children Act (Private),England & Wales,3 Respondent Only,2019-Q2,1258,36.5,29.4
Children Act (Private),England & Wales,3 Respondent Only,2019-Q3,1413,39.5,31.1
Children Act (Private),England & Wales,3 Respondent Only,2019-Q4,1318,40.2,33.6
Children Act (Private),England & Wales,3 Respondent Only,2020-Q1,1292,39.3,31.7
Children Act (Private),England & Wales,3 Respondent Only,2020-Q2,686,38,30
Children Act (Private),England & Wales,3 Respondent Only,2020-Q3,1179,42.9,35.6
Children Act (Private),England & Wales,3 Respondent Only,2020-Q4,1348,49.8,41.9
Children Act (Private),England & Wales,3 Respondent Only,2021-Q1,1343,49.7,42
Children Act (Private),England & Wales,3 Respondent Only,2021-Q2,1416,50.9,43.4
Children Act (Private),England & Wales,3 Respondent Only,2021-Q3,1519,52.3,43.6
Children Act (Private),England & Wales,3 Respondent Only,2021-Q4,1418,55.2,47.2
Children Act (Private),England & Wales,3 Respondent Only,2022-Q1,1531,55.8,48.1
Children Act (Private),England & Wales,3 Respondent Only,2022-Q2,1459,58.1,49
Children Act (Private),England & Wales,3 Respondent Only,2022-Q3,1562,59.5,51.1
Children Act (Private),England & Wales,3 Respondent Only,2022-Q4,1538,60.9,50.3
Children Act (Private),England & Wales,3 Respondent Only,2023-Q1,1806,61.5,49.9
Children Act (Private),England & Wales,3 Respondent Only,2023-Q2,1601,60.5,49.1
Children Act (Private),England & Wales,3 Respondent Only,2023-Q3,1650,60.3,48.9
Children Act (Private),England & Wales,3 Respondent Only,2023-Q4,1647,59.8,47.1
Children Act (Private),England & Wales,3 Respondent Only,2024-Q1,1799,56.6,44.1
Children Act (Private),England & Wales,3 Respondent Only,2024-Q2,1746,55.9,43.5
Children Act (Private),England & Wales,3 Respondent Only,2024-Q3,1861,56.2,43.1
Children Act (Private),England & Wales,3 Respondent Only,2024-Q4,1772,55.3,42.1
Children Act (Private),England & Wales,3 Respondent Only,2025-Q1,1772,55.1,42.3
Children Act (Private),England & Wales,3 Respondent Only,2025-Q2,1715,51.2,39.3
Children Act (Private),England & Wales,3 Respondent Only,2025-Q3,1790,48.2,36.3
Children Act (Private),England & Wales,3 Respondent Only,2025-Q4,1522,48.7,37.9
Children Act (Private),England & Wales,4 Neither,2011-Q1,1405,25.5,16.1
Children Act (Private),England & Wales,4 Neither,2011-Q2,1332,22.5,14
Children Act (Private),England & Wales,4 Neither,2011-Q3,1445,23,14.7
Children Act (Private),England & Wales,4 Neither,2011-Q4,1385,25.5,16
Children Act (Private),England & Wales,4 Neither,2012-Q1,1505,29.1,18
Children Act (Private),England & Wales,4 Neither,2012-Q2,1510,25.3,15.4
Children Act (Private),England & Wales,4 Neither,2012-Q3,1560,24.9,15.4
Children Act (Private),England & Wales,4 Neither,2012-Q4,1676,26,17.1
Children Act (Private),England & Wales,4 Neither,2013-Q1,1706,27.4,17.9
Children Act (Private),England & Wales,4 Neither,2013-Q2,2003,23.9,14.3
Children Act (Private),England & Wales,4 Neither,2013-Q3,2502,21.8,12.9
Children Act (Private),England & Wales,4 Neither,2013-Q4,2926,21,14.6
Children Act (Private),England & Wales,4 Neither,2014-Q1,3191,21.6,17
Children Act (Private),England & Wales,4 Neither,2014-Q2,3433,23.3,17.6
Children Act (Private),England & Wales,4 Neither,2014-Q3,3562,33.2,20.9
Children Act (Private),England & Wales,4 Neither,2014-Q4,2921,24.4,17.7
Children Act (Private),England & Wales,4 Neither,2015-Q1,3088,24.8,18.1
Children Act (Private),England & Wales,4 Neither,2015-Q2,3212,27,17.7
Children Act (Private),England & Wales,4 Neither,2015-Q3,3796,24.7,17.6
Children Act (Private),England & Wales,4 Neither,2015-Q4,3391,22.3,15.9
Children Act (Private),England & Wales,4 Neither,2016-Q1,3694,21.3,16.3
Children Act (Private),England & Wales,4 Neither,2016-Q2,3935,21.5,15.4
Children Act (Private),England & Wales,4 Neither,2016-Q3,3852,19.2,14.3
Children Act (Private),England & Wales,4 Neither,2016-Q4,3713,20.4,15.4
Children Act (Private),England & Wales,4 Neither,2017-Q1,3870,20.9,16.4
Children Act (Private),England & Wales,4 Neither,2017-Q2,3929,21.3,15.9
Children Act (Private),England & Wales,4 Neither,2017-Q3,4212,20.3,16.1
Children Act (Private),England & Wales,4 Neither,2017-Q4,4037,21.7,17
Children Act (Private),England & Wales,4 Neither,2018-Q1,3891,23.7,19
Children Act (Private),England & Wales,4 Neither,2018-Q2,4225,23.8,18.9
Children Act (Private),England & Wales,4 Neither,2018-Q3,4221,23.6,18.3
Children Act (Private),England & Wales,4 Neither,2018-Q4,4172,24.1,19
Children Act (Private),England & Wales,4 Neither,2019-Q1,4347,25.4,20.4
Children Act (Private),England & Wales,4 Neither,2019-Q2,4667,25.2,19.9
Children Act (Private),England & Wales,4 Neither,2019-Q3,4779,25,20
Children Act (Private),England & Wales,4 Neither,2019-Q4,4561,25.7,20
Children Act (Private),England & Wales,4 Neither,2020-Q1,4421,27.4,21
Children Act (Private),England & Wales,4 Neither,2020-Q2,2578,25.9,21
Children Act (Private),England & Wales,4 Neither,2020-Q3,3813,31,25.9
Children Act (Private),England & Wales,4 Neither,2020-Q4,4116,34.4,27.7
Children Act (Private),England & Wales,4 Neither,2021-Q1,4304,36.3,28.9
Children Act (Private),England & Wales,4 Neither,2021-Q2,4375,36.9,30
Children Act (Private),England & Wales,4 Neither,2021-Q3,4375,36.1,28.4
Children Act (Private),England & Wales,4 Neither,2021-Q4,4152,38.1,31.6
Children Act (Private),England & Wales,4 Neither,2022-Q1,4398,39,32.3
Children Act (Private),England & Wales,4 Neither,2022-Q2,4468,39.3,31
Children Act (Private),England & Wales,4 Neither,2022-Q3,4779,38.6,30
Children Act (Private),England & Wales,4 Neither,2022-Q4,4941,40.5,30.7
Children Act (Private),England & Wales,4 Neither,2023-Q1,5755,40.5,31
Children Act (Private),England & Wales,4 Neither,2023-Q2,5086,39.3,29.7
Children Act (Private),England & Wales,4 Neither,2023-Q3,5319,39.3,28.9
Children Act (Private),England & Wales,4 Neither,2023-Q4,4770,39.2,28.6
Children Act (Private),England & Wales,4 Neither,2024-Q1,5248,37.1,27.3
Children Act (Private),England & Wales,4 Neither,2024-Q2,5653,37.3,27.9
Children Act (Private),England & Wales,4 Neither,2024-Q3,5471,33.8,24.4
Children Act (Private),England & Wales,4 Neither,2024-Q4,4990,33.8,24.8
Children Act (Private),England & Wales,4 Neither,2025-Q1,5302,33.7,24.7
Children Act (Private),England & Wales,4 Neither,2025-Q2,5373,31.9,22.6
Children Act (Private),England & Wales,4 Neither,2025-Q3,5400,31.4,22.3
Children Act (Private),England & Wales,4 Neither,2025-Q4,5097,29.8,21.9
Children Act (Private),England & Wales,All types,2011-Q1,10466,32.5,23.9
Children Act (Private),England & Wales,All types,2011-Q2,9408,32.3,23
Children Act (Private),England & Wales,All types,2011-Q3,9612,32.6,23.7
Children Act (Private),England & Wales,All types,2011-Q4,9324,33.9,23.1
Children Act (Private),England & Wales,All types,2012-Q1,9765,35.5,23.6
Children Act (Private),England & Wales,All types,2012-Q2,9696,33.1,22.6
Children Act (Private),England & Wales,All types,2012-Q3,9880,31.9,22
Children Act (Private),England & Wales,All types,2012-Q4,10170,32.9,22.6
Children Act (Private),England & Wales,All types,2013-Q1,10072,33.3,23.1
Children Act (Private),England & Wales,All types,2013-Q2,10757,32.5,22.9
Children Act (Private),England & Wales,All types,2013-Q3,11501,30.9,21.1
Children Act (Private),England & Wales,All types,2013-Q4,11310,30.5,22
Children Act (Private),England & Wales,All types,2014-Q1,10490,31.1,23.3
Children Act (Private),England & Wales,All types,2014-Q2,10303,31.9,23.3
Children Act (Private),England & Wales,All types,2014-Q3,10745,43.3,24.9
Children Act (Private),England & Wales,All types,2014-Q4,8660,30.3,20
Children Act (Private),England & Wales,All types,2015-Q1,8661,30.2,20
Children Act (Private),England & Wales,All types,2015-Q2,8811,34,19.7
Children Act (Private),England & Wales,All types,2015-Q3,9887,29.4,19.3
Children Act (Private),England & Wales,All types,2015-Q4,8959,26.7,18.1
Children Act (Private),England & Wales,All types,2016-Q1,9312,24.1,18
Children Act (Private),England & Wales,All types,2016-Q2,9804,23.9,17.7
Children Act (Private),England & Wales,All types,2016-Q3,9606,21.8,16.3
Children Act (Private),England & Wales,All types,2016-Q4,9320,22.8,17.3
Children Act (Private),England & Wales,All types,2017-Q1,9497,23.3,18.1
Children Act (Private),England & Wales,All types,2017-Q2,9407,23.4,17.7
Children Act (Private),England & Wales,All types,2017-Q3,10090,22.7,17.9
Children Act (Private),England & Wales,All types,2017-Q4,9501,24.3,19
Children Act (Private),England & Wales,All types,2018-Q1,9096,25.7,20
Children Act (Private),England & Wales,All types,2018-Q2,9723,25.7,20.6
Children Act (Private),England & Wales,All types,2018-Q3,9668,25.5,19.9
Children Act (Private),England & Wales,All types,2018-Q4,9571,26.7,20.7
Children Act (Private),England & Wales,All types,2019-Q1,9875,28.2,22.1
Children Act (Private),England & Wales,All types,2019-Q2,10208,27.9,22
Children Act (Private),England & Wales,All types,2019-Q3,10732,28.3,22
Children Act (Private),England & Wales,All types,2019-Q4,10087,29.1,22.3
Children Act (Private),England & Wales,All types,2020-Q1,9882,30.4,23.6
Children Act (Private),England & Wales,All types,2020-Q2,5677,28.6,22.7
Children Act (Private),England & Wales,All types,2020-Q3,8763,33.6,27.7
Children Act (Private),England & Wales,All types,2020-Q4,9500,38.5,30.9
Children Act (Private),England & Wales,All types,2021-Q1,9898,39.5,31.6
Children Act (Private),England & Wales,All types,2021-Q2,10102,40.5,33.4
Children Act (Private),England & Wales,All types,2021-Q3,10165,41.1,33.4
Children Act (Private),England & Wales,All types,2021-Q4,9599,42.7,34.9
Children Act (Private),England & Wales,All types,2022-Q1,10059,43.9,36.4
Children Act (Private),England & Wales,All types,2022-Q2,9886,44.4,35.4
Children Act (Private),England & Wales,All types,2022-Q3,10442,44.5,35.6
Children Act (Private),England & Wales,All types,2022-Q4,10700,45.8,35.3
Children Act (Private),England & Wales,All types,2023-Q1,12121,46.3,35.4
Children Act (Private),England & Wales,All types,2023-Q2,11042,44.9,33.9
Children Act (Private),England & Wales,All types,2023-Q3,11245,44.1,33.1
Children Act (Private),England & Wales,All types,2023-Q4,10584,44.6,32.9
Children Act (Private),England & Wales,All types,2024-Q1,11592,42.7,31.6
Children Act (Private),England & Wales,All types,2024-Q2,11939,42.3,31.4
Children Act (Private),England & Wales,All types,2024-Q3,12049,40.2,28.6
Children Act (Private),England & Wales,All types,2024-Q4,11063,39.5,29
Children Act (Private),England & Wales,All types,2025-Q1,11422,39.5,29
Children Act (Private),England & Wales,All types,2025-Q2,11184,37.2,26.9
Children Act (Private),England & Wales,All types,2025-Q3,11597,36,25.6
Children Act (Private),England & Wales,All types,2025-Q4,10566,35,25.1
Children Act (Private),London,1 Both,2011-Q1,434,39.6,30.4
Children Act (Private),London,1 Both,2011-Q2,360,41.1,33.4
Children Act (Private),London,1 Both,2011-Q3,320,40,30.2
Children Act (Private),London,1 Both,2011-Q4,279,42.2,35
Children Act (Private),London,1 Both,2012-Q1,365,70.2,46.1
Children Act (Private),London,1 Both,2012-Q2,268,51.1,35.8
Children Act (Private),London,1 Both,2012-Q3,311,50.8,38.1
Children Act (Private),London,1 Both,2012-Q4,308,45.9,32.8
Children Act (Private),London,1 Both,2013-Q1,342,55.3,38.8
Children Act (Private),London,1 Both,2013-Q2,339,53.7,40.4
Children Act (Private),London,1 Both,2013-Q3,272,50.3,39.9
Children Act (Private),London,1 Both,2013-Q4,240,53.9,42.7
Children Act (Private),London,1 Both,2014-Q1,260,54.2,44.9
Children Act (Private),London,1 Both,2014-Q2,202,61.5,50.6
Children Act (Private),London,1 Both,2014-Q3,377,134.6,101.4
Children Act (Private),London,1 Both,2014-Q4,171,57.8,43.1
Children Act (Private),London,1 Both,2015-Q1,171,62,46.9
Children Act (Private),London,1 Both,2015-Q2,189,57.8,34.9
Children Act (Private),London,1 Both,2015-Q3,309,63.1,49.6
Children Act (Private),London,1 Both,2015-Q4,229,68.1,45.6
Children Act (Private),London,1 Both,2016-Q1,214,45.5,26.5
Children Act (Private),London,1 Both,2016-Q2,204,38.5,28.3
Children Act (Private),London,1 Both,2016-Q3,178,39.3,29.9
Children Act (Private),London,1 Both,2016-Q4,159,40,26.4
Children Act (Private),London,1 Both,2017-Q1,177,43.4,31.6
Children Act (Private),London,1 Both,2017-Q2,145,36.5,30.7
Children Act (Private),London,1 Both,2017-Q3,155,35.6,30
Children Act (Private),London,1 Both,2017-Q4,133,42,32.3
Children Act (Private),London,1 Both,2018-Q1,142,42.6,35.5
Children Act (Private),London,1 Both,2018-Q2,144,39,35.4
Children Act (Private),London,1 Both,2018-Q3,138,39.9,33.1
Children Act (Private),London,1 Both,2018-Q4,146,44.6,37.2
Children Act (Private),London,1 Both,2019-Q1,142,45.9,40.5
Children Act (Private),London,1 Both,2019-Q2,141,41.6,39.3
Children Act (Private),London,1 Both,2019-Q3,184,45.3,38.1
Children Act (Private),London,1 Both,2019-Q4,166,52.7,40.6
Children Act (Private),London,1 Both,2020-Q1,140,46.6,39.6
Children Act (Private),London,1 Both,2020-Q2,68,42.6,32.2
Children Act (Private),London,1 Both,2020-Q3,129,56.3,51.1
Children Act (Private),London,1 Both,2020-Q4,155,69.7,61.1
Children Act (Private),London,1 Both,2021-Q1,106,63.6,58.1
Children Act (Private),London,1 Both,2021-Q2,129,56.7,46
Children Act (Private),London,1 Both,2021-Q3,139,68.9,56
Children Act (Private),London,1 Both,2021-Q4,136,62.4,58.1
Children Act (Private),London,1 Both,2022-Q1,138,62.5,56.2
Children Act (Private),London,1 Both,2022-Q2,140,67.8,59.7
Children Act (Private),London,1 Both,2022-Q3,159,74.4,66.1
Children Act (Private),London,1 Both,2022-Q4,153,81.2,75
Children Act (Private),London,1 Both,2023-Q1,201,82.2,78.9
Children Act (Private),London,1 Both,2023-Q2,208,76.9,62.1
Children Act (Private),London,1 Both,2023-Q3,134,83.7,71.7
Children Act (Private),London,1 Both,2023-Q4,165,85.8,78.6
Children Act (Private),London,1 Both,2024-Q1,158,87.5,78.7
Children Act (Private),London,1 Both,2024-Q2,233,89.3,74.9
Children Act (Private),London,1 Both,2024-Q3,190,84.2,69.7
Children Act (Private),London,1 Both,2024-Q4,161,78.7,68.3
Children Act (Private),London,1 Both,2025-Q1,186,84.3,69.7
Children Act (Private),London,1 Both,2025-Q2,170,80.6,69.9
Children Act (Private),London,1 Both,2025-Q3,181,78.6,59.1
Children Act (Private),London,1 Both,2025-Q4,169,75.1,66.9
Children Act (Private),London,2 Applicant Only,2011-Q1,419,22.9,11.6
Children Act (Private),London,2 Applicant Only,2011-Q2,388,22.5,12.4
Children Act (Private),London,2 Applicant Only,2011-Q3,340,18.7,9
Children Act (Private),London,2 Applicant Only,2011-Q4,319,24.1,13.4
Children Act (Private),London,2 Applicant Only,2012-Q1,338,42.9,19.1
Children Act (Private),London,2 Applicant Only,2012-Q2,330,22.6,14.1
Children Act (Private),London,2 Applicant Only,2012-Q3,319,25,15.6
Children Act (Private),London,2 Applicant Only,2012-Q4,322,27.8,15.8
Children Act (Private),London,2 Applicant Only,2013-Q1,416,38.1,19.9
Children Act (Private),London,2 Applicant Only,2013-Q2,443,32.5,21.9
Children Act (Private),London,2 Applicant Only,2013-Q3,406,32.3,21
Children Act (Private),London,2 Applicant Only,2013-Q4,362,31.8,21.3
Children Act (Private),London,2 Applicant Only,2014-Q1,363,31.2,25.1
Children Act (Private),London,2 Applicant Only,2014-Q2,379,32.2,25.1
Children Act (Private),London,2 Applicant Only,2014-Q3,731,90,54.9
Children Act (Private),London,2 Applicant Only,2014-Q4,301,33.3,21
Children Act (Private),London,2 Applicant Only,2015-Q1,336,39.1,25.1
Children Act (Private),London,2 Applicant Only,2015-Q2,357,41.2,24.1
Children Act (Private),London,2 Applicant Only,2015-Q3,602,52.1,40.8
Children Act (Private),London,2 Applicant Only,2015-Q4,382,47.5,24.7
Children Act (Private),London,2 Applicant Only,2016-Q1,364,29,18.7
Children Act (Private),London,2 Applicant Only,2016-Q2,421,29.8,22.6
Children Act (Private),London,2 Applicant Only,2016-Q3,330,25,16.9
Children Act (Private),London,2 Applicant Only,2016-Q4,325,26.8,17
Children Act (Private),London,2 Applicant Only,2017-Q1,290,23.6,18.4
Children Act (Private),London,2 Applicant Only,2017-Q2,287,25,18
Children Act (Private),London,2 Applicant Only,2017-Q3,288,23.3,17.7
Children Act (Private),London,2 Applicant Only,2017-Q4,292,29.6,21.7
Children Act (Private),London,2 Applicant Only,2018-Q1,275,29.7,22.7
Children Act (Private),London,2 Applicant Only,2018-Q2,266,23.8,19.9
Children Act (Private),London,2 Applicant Only,2018-Q3,279,26.1,20.3
Children Act (Private),London,2 Applicant Only,2018-Q4,280,29,23
Children Act (Private),London,2 Applicant Only,2019-Q1,266,32.8,24
Children Act (Private),London,2 Applicant Only,2019-Q2,286,30.1,23.8
Children Act (Private),London,2 Applicant Only,2019-Q3,289,32,25.4
Children Act (Private),London,2 Applicant Only,2019-Q4,274,31.1,23.9
Children Act (Private),London,2 Applicant Only,2020-Q1,271,32,26.7
Children Act (Private),London,2 Applicant Only,2020-Q2,129,34.5,27.4
Children Act (Private),London,2 Applicant Only,2020-Q3,234,36.9,31.6
Children Act (Private),London,2 Applicant Only,2020-Q4,243,50.3,39.7
Children Act (Private),London,2 Applicant Only,2021-Q1,211,38.2,28.4
Children Act (Private),London,2 Applicant Only,2021-Q2,188,52.2,44.8
Children Act (Private),London,2 Applicant Only,2021-Q3,262,45.5,35.7
Children Act (Private),London,2 Applicant Only,2021-Q4,228,45.3,36.1
Children Act (Private),London,2 Applicant Only,2022-Q1,233,47.8,43.4
Children Act (Private),London,2 Applicant Only,2022-Q2,276,46.6,35.2
Children Act (Private),London,2 Applicant Only,2022-Q3,269,51.2,40.6
Children Act (Private),London,2 Applicant Only,2022-Q4,360,50.7,41.2
Children Act (Private),London,2 Applicant Only,2023-Q1,394,54.7,45.2
Children Act (Private),London,2 Applicant Only,2023-Q2,353,53.8,40.3
Children Act (Private),London,2 Applicant Only,2023-Q3,348,51.7,39.6
Children Act (Private),London,2 Applicant Only,2023-Q4,344,58,42.8
Children Act (Private),London,2 Applicant Only,2024-Q1,330,54.6,41.1
Children Act (Private),London,2 Applicant Only,2024-Q2,464,55.5,43.9
Children Act (Private),London,2 Applicant Only,2024-Q3,354,52.8,38.1
Children Act (Private),London,2 Applicant Only,2024-Q4,320,56.6,37.5
Children Act (Private),London,2 Applicant Only,2025-Q1,373,54,38.1
Children Act (Private),London,2 Applicant Only,2025-Q2,344,50.9,36
Children Act (Private),London,2 Applicant Only,2025-Q3,359,47.6,39.1
Children Act (Private),London,2 Applicant Only,2025-Q4,333,52.6,35.6
Children Act (Private),London,3 Respondent Only,2011-Q1,136,44,30.7
Children Act (Private),London,3 Respondent Only,2011-Q2,97,41.7,35.7
Children Act (Private),London,3 Respondent Only,2011-Q3,115,44.1,27.3
Children Act (Private),London,3 Respondent Only,2011-Q4,97,39.1,33.1
Children Act (Private),London,3 Respondent Only,2012-Q1,117,56.2,35.7
Children Act (Private),London,3 Respondent Only,2012-Q2,113,48.1,39.3
Children Act (Private),London,3 Respondent Only,2012-Q3,87,39.5,29.1
Children Act (Private),London,3 Respondent Only,2012-Q4,119,44.4,35.1
Children Act (Private),London,3 Respondent Only,2013-Q1,123,50.1,40.9
Children Act (Private),London,3 Respondent Only,2013-Q2,132,59.1,42.2
Children Act (Private),London,3 Respondent Only,2013-Q3,119,58.3,40.1
Children Act (Private),London,3 Respondent Only,2013-Q4,84,55.9,36.1
Children Act (Private),London,3 Respondent Only,2014-Q1,112,64.8,42.7
Children Act (Private),London,3 Respondent Only,2014-Q2,105,54,38.1
Children Act (Private),London,3 Respondent Only,2014-Q3,181,101.7,72.1
Children Act (Private),London,3 Respondent Only,2014-Q4,89,55.8,41.9
Children Act (Private),London,3 Respondent Only,2015-Q1,110,63.8,50.1
Children Act (Private),London,3 Respondent Only,2015-Q2,124,55.2,36.6
Children Act (Private),London,3 Respondent Only,2015-Q3,172,54.9,45.5
Children Act (Private),London,3 Respondent Only,2015-Q4,137,53.6,36.6
Children Act (Private),London,3 Respondent Only,2016-Q1,132,40.2,33.3
Children Act (Private),London,3 Respondent Only,2016-Q2,143,36.4,30.7
Children Act (Private),London,3 Respondent Only,2016-Q3,98,36,20.6
Children Act (Private),London,3 Respondent Only,2016-Q4,118,43.9,27.7
Children Act (Private),London,3 Respondent Only,2017-Q1,121,38.7,30.9
Children Act (Private),London,3 Respondent Only,2017-Q2,123,37.4,32.9
Children Act (Private),London,3 Respondent Only,2017-Q3,143,40.1,32.9
Children Act (Private),London,3 Respondent Only,2017-Q4,111,44.3,37.3
Children Act (Private),London,3 Respondent Only,2018-Q1,115,43.5,34.3
Children Act (Private),London,3 Respondent Only,2018-Q2,101,38.3,35.3
Children Act (Private),London,3 Respondent Only,2018-Q3,100,47.1,38.2
Children Act (Private),London,3 Respondent Only,2018-Q4,116,52.7,39.6
Children Act (Private),London,3 Respondent Only,2019-Q1,140,49.5,42.2
Children Act (Private),London,3 Respondent Only,2019-Q2,123,54,45.7
Children Act (Private),London,3 Respondent Only,2019-Q3,139,48.9,41.1
Children Act (Private),London,3 Respondent Only,2019-Q4,152,55.8,49
Children Act (Private),London,3 Respondent Only,2020-Q1,136,47.2,38.1
Children Act (Private),London,3 Respondent Only,2020-Q2,62,54.6,43.5
Children Act (Private),London,3 Respondent Only,2020-Q3,114,59.6,49.4
Children Act (Private),London,3 Respondent Only,2020-Q4,129,74.1,65.1
Children Act (Private),London,3 Respondent Only,2021-Q1,95,65.8,51.7
Children Act (Private),London,3 Respondent Only,2021-Q2,109,70.3,64
Children Act (Private),London,3 Respondent Only,2021-Q3,113,66.2,60.3
Children Act (Private),London,3 Respondent Only,2021-Q4,110,74.5,62
Children Act (Private),London,3 Respondent Only,2022-Q1,126,76,66.1
Children Act (Private),London,3 Respondent Only,2022-Q2,121,80.2,75.9
Children Act (Private),London,3 Respondent Only,2022-Q3,153,85.2,75.7
Children Act (Private),London,3 Respondent Only,2022-Q4,155,86.3,77.6
Children Act (Private),London,3 Respondent Only,2023-Q1,227,87,82.7
Children Act (Private),London,3 Respondent Only,2023-Q2,187,87.4,79.6
Children Act (Private),London,3 Respondent Only,2023-Q3,207,83.1,75.4
Children Act (Private),London,3 Respondent Only,2023-Q4,196,89.6,79.2
Children Act (Private),London,3 Respondent Only,2024-Q1,196,91.5,81.5
Children Act (Private),London,3 Respondent Only,2024-Q2,242,85.7,71.5
Children Act (Private),London,3 Respondent Only,2024-Q3,226,92.8,76.8
Children Act (Private),London,3 Respondent Only,2024-Q4,216,95,88.3
Children Act (Private),London,3 Respondent Only,2025-Q1,224,90.2,80
Children Act (Private),London,3 Respondent Only,2025-Q2,228,83.8,71.2
Children Act (Private),London,3 Respondent Only,2025-Q3,203,82.7,68.7
Children Act (Private),London,3 Respondent Only,2025-Q4,188,75.8,63.1
Children Act (Private),London,4 Neither,2011-Q1,274,23.7,13.8
Children Act (Private),London,4 Neither,2011-Q2,236,23.5,13.9
Children Act (Private),London,4 Neither,2011-Q3,243,24.3,13.6
Children Act (Private),London,4 Neither,2011-Q4,216,25.9,14.2
Children Act (Private),London,4 Neither,2012-Q1,271,42.8,24.9
Children Act (Private),London,4 Neither,2012-Q2,224,26.5,15.8
Children Act (Private),London,4 Neither,2012-Q3,229,26.1,16.4
Children Act (Private),London,4 Neither,2012-Q4,256,27.9,17.8
Children Act (Private),London,4 Neither,2013-Q1,296,41.9,27.5
Children Act (Private),London,4 Neither,2013-Q2,331,31.7,21.7
Children Act (Private),London,4 Neither,2013-Q3,319,29,16.7
Children Act (Private),London,4 Neither,2013-Q4,325,25.7,17
Children Act (Private),London,4 Neither,2014-Q1,348,26.4,21
Children Act (Private),London,4 Neither,2014-Q2,366,29.7,22.4
Children Act (Private),London,4 Neither,2014-Q3,661,71.2,39.1
Children Act (Private),London,4 Neither,2014-Q4,288,32.5,22.6
Children Act (Private),London,4 Neither,2015-Q1,403,36.6,24
Children Act (Private),London,4 Neither,2015-Q2,447,40.3,25
Children Act (Private),London,4 Neither,2015-Q3,749,40,28
Children Act (Private),London,4 Neither,2015-Q4,437,36.4,21
Children Act (Private),London,4 Neither,2016-Q1,525,29.3,21.1
Children Act (Private),London,4 Neither,2016-Q2,632,30.6,23
Children Act (Private),London,4 Neither,2016-Q3,508,22.9,16.4
Children Act (Private),London,4 Neither,2016-Q4,405,25.2,17.9
Children Act (Private),London,4 Neither,2017-Q1,471,26,19.7
Children Act (Private),London,4 Neither,2017-Q2,444,27.6,19
Children Act (Private),London,4 Neither,2017-Q3,449,24.7,20.6
Children Act (Private),London,4 Neither,2017-Q4,462,30.9,22.4
Children Act (Private),London,4 Neither,2018-Q1,431,28.7,23.3
Children Act (Private),London,4 Neither,2018-Q2,472,28.7,23.9
Children Act (Private),London,4 Neither,2018-Q3,460,27.6,19.5
Children Act (Private),London,4 Neither,2018-Q4,471,32.1,25.1
Children Act (Private),London,4 Neither,2019-Q1,468,34.1,27.4
Children Act (Private),London,4 Neither,2019-Q2,523,30.4,24.1
Children Act (Private),London,4 Neither,2019-Q3,477,31.4,24.9
Children Act (Private),London,4 Neither,2019-Q4,478,35.1,25.7
Children Act (Private),London,4 Neither,2020-Q1,429,34.2,25.6
Children Act (Private),London,4 Neither,2020-Q2,224,33.4,27.9
Children Act (Private),London,4 Neither,2020-Q3,394,39.9,32.7
Children Act (Private),London,4 Neither,2020-Q4,408,48.5,40.9
Children Act (Private),London,4 Neither,2021-Q1,337,47.2,35.7
Children Act (Private),London,4 Neither,2021-Q2,383,48.8,37.1
Children Act (Private),London,4 Neither,2021-Q3,359,43.1,36
Children Act (Private),London,4 Neither,2021-Q4,396,48.1,38.5
Children Act (Private),London,4 Neither,2022-Q1,421,51.1,45
Children Act (Private),London,4 Neither,2022-Q2,425,47.4,37.4
Children Act (Private),London,4 Neither,2022-Q3,523,52.2,45
Children Act (Private),London,4 Neither,2022-Q4,565,55.4,42.3
Children Act (Private),London,4 Neither,2023-Q1,720,58.8,46.8
Children Act (Private),London,4 Neither,2023-Q2,574,58.2,48.3
Children Act (Private),London,4 Neither,2023-Q3,665,55.7,46.3
Children Act (Private),London,4 Neither,2023-Q4,594,58.4,40.4
Children Act (Private),London,4 Neither,2024-Q1,554,57.9,44.7
Children Act (Private),London,4 Neither,2024-Q2,833,59.8,46.9
Children Act (Private),London,4 Neither,2024-Q3,624,53.5,41.7
Children Act (Private),London,4 Neither,2024-Q4,528,57.6,39.6
Children Act (Private),London,4 Neither,2025-Q1,654,55.5,44.1
Children Act (Private),London,4 Neither,2025-Q2,689,53.6,41
Children Act (Private),London,4 Neither,2025-Q3,701,51.5,41
Children Act (Private),London,4 Neither,2025-Q4,684,48.1,35.6
Children Act (Private),London,All types,2011-Q1,1263,31.1,20
Children Act (Private),London,All types,2011-Q2,1081,30.6,20
Children Act (Private),London,All types,2011-Q3,1018,29.6,18.1
Children Act (Private),London,All types,2011-Q4,911,31.7,20
Children Act (Private),London,All types,2012-Q1,1091,53.4,31.1
Children Act (Private),London,All types,2012-Q2,935,34.8,23
Children Act (Private),London,All types,2012-Q3,946,35.1,22.1
Children Act (Private),London,All types,2012-Q4,1005,35.3,23.4
Children Act (Private),London,All types,2013-Q1,1177,45.3,30.7
Children Act (Private),London,All types,2013-Q2,1245,40.9,28.3
Children Act (Private),London,All types,2013-Q3,1116,38.5,24.6
Children Act (Private),London,All types,2013-Q4,1011,37.1,24
Children Act (Private),London,All types,2014-Q1,1083,38.6,28
Children Act (Private),London,All types,2014-Q2,1052,39.1,28.7
Children Act (Private),London,All types,2014-Q3,1950,93.3,56.6
Children Act (Private),London,All types,2014-Q4,849,40.3,27.9
Children Act (Private),London,All types,2015-Q1,1020,44.6,28
Children Act (Private),London,All types,2015-Q2,1117,45.2,27.4
Children Act (Private),London,All types,2015-Q3,1832,49.2,36.3
Children Act (Private),London,All types,2015-Q4,1185,48.1,26.4
Children Act (Private),London,All types,2016-Q1,1235,33.2,23.7
Children Act (Private),London,All types,2016-Q2,1400,32.1,23.9
Children Act (Private),London,All types,2016-Q3,1114,27.3,18.6
Children Act (Private),London,All types,2016-Q4,1007,30.3,20.3
Children Act (Private),London,All types,2017-Q1,1059,29.7,22
Children Act (Private),London,All types,2017-Q2,999,29.4,22
Children Act (Private),London,All types,2017-Q3,1035,28.1,21.9
Children Act (Private),London,All types,2017-Q4,998,33.5,25
Children Act (Private),London,All types,2018-Q1,963,32.8,26.3
Children Act (Private),London,All types,2018-Q2,983,29.9,24.7
Children Act (Private),London,All types,2018-Q3,977,30.9,23.1
Children Act (Private),London,All types,2018-Q4,1013,35.4,27.3
Children Act (Private),London,All types,2019-Q1,1016,37.5,29.9
Children Act (Private),London,All types,2019-Q2,1073,34.5,27
Children Act (Private),London,All types,2019-Q3,1089,36.1,29
Children Act (Private),London,All types,2019-Q4,1070,39.7,30.1
Children Act (Private),London,All types,2020-Q1,976,37.2,29.6
Children Act (Private),London,All types,2020-Q2,483,37.7,29.4
Children Act (Private),London,All types,2020-Q3,871,44.1,35.7
Children Act (Private),London,All types,2020-Q4,935,56,45.9
Children Act (Private),London,All types,2021-Q1,749,49.3,39.4
Children Act (Private),London,All types,2021-Q2,809,53.8,43.1
Children Act (Private),London,All types,2021-Q3,873,50.9,41.4
Children Act (Private),London,All types,2021-Q4,870,52.9,42.1
Children Act (Private),London,All types,2022-Q1,918,55.4,49.7
Children Act (Private),London,All types,2022-Q2,962,54.3,43.4
Children Act (Private),London,All types,2022-Q3,1104,59.7,52.4
Children Act (Private),London,All types,2022-Q4,1233,61.1,50.7
Children Act (Private),London,All types,2023-Q1,1542,65,55
Children Act (Private),London,All types,2023-Q2,1322,64.1,53.7
Children Act (Private),London,All types,2023-Q3,1354,61.6,49.4
Children Act (Private),London,All types,2023-Q4,1299,66.5,52.4
Children Act (Private),London,All types,2024-Q1,1238,66.1,51.4
Children Act (Private),London,All types,2024-Q2,1772,66.1,51.5
Children Act (Private),London,All types,2024-Q3,1394,63.9,49.6
Children Act (Private),London,All types,2024-Q4,1225,66.7,47.9
Children Act (Private),London,All types,2025-Q1,1437,64.3,52.6
Children Act (Private),London,All types,2025-Q2,1431,60.9,48.7
Children Act (Private),London,All types,2025-Q3,1444,58.3,44
Children Act (Private),London,All types,2025-Q4,1374,56.3,40.2
Children Act (Private),Midlands,1 Both,2011-Q1,963,38.6,32.3
Children Act (Private),Midlands,1 Both,2011-Q2,847,41.7,31.7
Children Act (Private),Midlands,1 Both,2011-Q3,844,41.8,32.9
Children Act (Private),Midlands,1 Both,2011-Q4,897,45.2,36.1
Children Act (Private),Midlands,1 Both,2012-Q1,837,42.3,31
Children Act (Private),Midlands,1 Both,2012-Q2,856,40.8,29.1
Children Act (Private),Midlands,1 Both,2012-Q3,787,41.7,32
Children Act (Private),Midlands,1 Both,2012-Q4,855,43.9,32.6
Children Act (Private),Midlands,1 Both,2013-Q1,781,41.5,31.7
Children Act (Private),Midlands,1 Both,2013-Q2,838,41.9,32.6
Children Act (Private),Midlands,1 Both,2013-Q3,747,42.7,34.1
Children Act (Private),Midlands,1 Both,2013-Q4,623,43.9,37.4
Children Act (Private),Midlands,1 Both,2014-Q1,548,45.7,37.1
Children Act (Private),Midlands,1 Both,2014-Q2,489,50.3,42.7
Children Act (Private),Midlands,1 Both,2014-Q3,435,49.7,41
Children Act (Private),Midlands,1 Both,2014-Q4,392,44.9,32.9
Children Act (Private),Midlands,1 Both,2015-Q1,337,45.9,31.6
Children Act (Private),Midlands,1 Both,2015-Q2,360,41.3,28.4
Children Act (Private),Midlands,1 Both,2015-Q3,345,39.1,26.6
Children Act (Private),Midlands,1 Both,2015-Q4,322,31,23.8
Children Act (Private),Midlands,1 Both,2016-Q1,357,31.7,24.3
Children Act (Private),Midlands,1 Both,2016-Q2,346,28.7,24
Children Act (Private),Midlands,1 Both,2016-Q3,373,28.7,23
Children Act (Private),Midlands,1 Both,2016-Q4,359,29.6,22.6
Children Act (Private),Midlands,1 Both,2017-Q1,351,30.1,23
Children Act (Private),Midlands,1 Both,2017-Q2,318,29.7,22.7
Children Act (Private),Midlands,1 Both,2017-Q3,352,27.8,22.4
Children Act (Private),Midlands,1 Both,2017-Q4,353,31.9,24.4
Children Act (Private),Midlands,1 Both,2018-Q1,297,35,27.7
Children Act (Private),Midlands,1 Both,2018-Q2,311,32.3,26.9
Children Act (Private),Midlands,1 Both,2018-Q3,308,32.4,26.4
Children Act (Private),Midlands,1 Both,2018-Q4,305,35.3,27.9
Children Act (Private),Midlands,1 Both,2019-Q1,311,36.1,29.4
Children Act (Private),Midlands,1 Both,2019-Q2,345,35.2,29
Children Act (Private),Midlands,1 Both,2019-Q3,345,35.4,30.1
Children Act (Private),Midlands,1 Both,2019-Q4,313,36.8,31.9
Children Act (Private),Midlands,1 Both,2020-Q1,331,38.4,30.3
Children Act (Private),Midlands,1 Both,2020-Q2,137,36.2,30
Children Act (Private),Midlands,1 Both,2020-Q3,285,39.8,33.7
Children Act (Private),Midlands,1 Both,2020-Q4,306,48.4,41.1
Children Act (Private),Midlands,1 Both,2021-Q1,343,48.3,41.1
Children Act (Private),Midlands,1 Both,2021-Q2,359,51.8,42.9
Children Act (Private),Midlands,1 Both,2021-Q3,348,54.6,46.1
Children Act (Private),Midlands,1 Both,2021-Q4,342,54.2,48.4
Children Act (Private),Midlands,1 Both,2022-Q1,341,56.2,49.1
Children Act (Private),Midlands,1 Both,2022-Q2,371,60.5,52.1
Children Act (Private),Midlands,1 Both,2022-Q3,318,63.9,52.3
Children Act (Private),Midlands,1 Both,2022-Q4,336,62.6,53
Children Act (Private),Midlands,1 Both,2023-Q1,349,64.3,57
Children Act (Private),Midlands,1 Both,2023-Q2,321,57.6,46.1
Children Act (Private),Midlands,1 Both,2023-Q3,310,57.5,48.1
Children Act (Private),Midlands,1 Both,2023-Q4,334,54.4,43.2
Children Act (Private),Midlands,1 Both,2024-Q1,375,54.6,46.9
Children Act (Private),Midlands,1 Both,2024-Q2,361,53.8,43.6
Children Act (Private),Midlands,1 Both,2024-Q3,385,52.3,40.1
Children Act (Private),Midlands,1 Both,2024-Q4,318,47.2,39.9
Children Act (Private),Midlands,1 Both,2025-Q1,348,49.1,40
Children Act (Private),Midlands,1 Both,2025-Q2,324,42.7,35.3
Children Act (Private),Midlands,1 Both,2025-Q3,323,43.1,35.3
Children Act (Private),Midlands,1 Both,2025-Q4,299,41,33.3
Children Act (Private),Midlands,2 Applicant Only,2011-Q1,684,25.8,18.6
Children Act (Private),Midlands,2 Applicant Only,2011-Q2,551,27.3,16.9
Children Act (Private),Midlands,2 Applicant Only,2011-Q3,537,24.9,15.3
Children Act (Private),Midlands,2 Applicant Only,2011-Q4,545,24.3,15.1
Children Act (Private),Midlands,2 Applicant Only,2012-Q1,576,23.3,15.8
Children Act (Private),Midlands,2 Applicant Only,2012-Q2,561,23.2,16.3
Children Act (Private),Midlands,2 Applicant Only,2012-Q3,637,22,15
Children Act (Private),Midlands,2 Applicant Only,2012-Q4,561,25.6,15.4
Children Act (Private),Midlands,2 Applicant Only,2013-Q1,673,25.5,15.9
Children Act (Private),Midlands,2 Applicant Only,2013-Q2,663,23.1,15.1
Children Act (Private),Midlands,2 Applicant Only,2013-Q3,791,23.8,17.6
Children Act (Private),Midlands,2 Applicant Only,2013-Q4,803,25.9,21.1
Children Act (Private),Midlands,2 Applicant Only,2014-Q1,788,26.2,21.6
Children Act (Private),Midlands,2 Applicant Only,2014-Q2,693,29.1,22.4
Children Act (Private),Midlands,2 Applicant Only,2014-Q3,649,31.1,22.1
Children Act (Private),Midlands,2 Applicant Only,2014-Q4,607,29.1,19.6
Children Act (Private),Midlands,2 Applicant Only,2015-Q1,525,26.8,19.1
Children Act (Private),Midlands,2 Applicant Only,2015-Q2,511,26.5,18.4
Children Act (Private),Midlands,2 Applicant Only,2015-Q3,531,27.6,17.9
Children Act (Private),Midlands,2 Applicant Only,2015-Q4,527,24.3,17.9
Children Act (Private),Midlands,2 Applicant Only,2016-Q1,572,21.1,16.5
Children Act (Private),Midlands,2 Applicant Only,2016-Q2,582,22,16.7
Children Act (Private),Midlands,2 Applicant Only,2016-Q3,575,18.8,14.4
Children Act (Private),Midlands,2 Applicant Only,2016-Q4,584,18.9,16.7
Children Act (Private),Midlands,2 Applicant Only,2017-Q1,574,21.2,16.4
Children Act (Private),Midlands,2 Applicant Only,2017-Q2,565,21.1,16.9
Children Act (Private),Midlands,2 Applicant Only,2017-Q3,613,19.7,16.4
Children Act (Private),Midlands,2 Applicant Only,2017-Q4,544,21.3,17.5
Children Act (Private),Midlands,2 Applicant Only,2018-Q1,526,24.3,19.5
Children Act (Private),Midlands,2 Applicant Only,2018-Q2,614,23.4,18.3
Children Act (Private),Midlands,2 Applicant Only,2018-Q3,552,23.1,19.4
Children Act (Private),Midlands,2 Applicant Only,2018-Q4,481,23.7,20.1
Children Act (Private),Midlands,2 Applicant Only,2019-Q1,522,25.2,20
Children Act (Private),Midlands,2 Applicant Only,2019-Q2,555,24.6,20.3
Children Act (Private),Midlands,2 Applicant Only,2019-Q3,562,26.4,21.4
Children Act (Private),Midlands,2 Applicant Only,2019-Q4,526,26.3,21.1
Children Act (Private),Midlands,2 Applicant Only,2020-Q1,506,27.9,23.1
Children Act (Private),Midlands,2 Applicant Only,2020-Q2,217,27.4,22
Children Act (Private),Midlands,2 Applicant Only,2020-Q3,376,32.5,25.1
Children Act (Private),Midlands,2 Applicant Only,2020-Q4,446,36.5,30
Children Act (Private),Midlands,2 Applicant Only,2021-Q1,486,40.3,33.4
Children Act (Private),Midlands,2 Applicant Only,2021-Q2,494,42.7,36.4
Children Act (Private),Midlands,2 Applicant Only,2021-Q3,530,39.9,33.4
Children Act (Private),Midlands,2 Applicant Only,2021-Q4,508,45.8,38.1
Children Act (Private),Midlands,2 Applicant Only,2022-Q1,568,45.1,37.7
Children Act (Private),Midlands,2 Applicant Only,2022-Q2,499,44.1,37.9
Children Act (Private),Midlands,2 Applicant Only,2022-Q3,488,46,39.7
Children Act (Private),Midlands,2 Applicant Only,2022-Q4,544,44.8,36.2
Children Act (Private),Midlands,2 Applicant Only,2023-Q1,572,43.2,35.5
Children Act (Private),Midlands,2 Applicant Only,2023-Q2,538,41.6,32.1
Children Act (Private),Midlands,2 Applicant Only,2023-Q3,513,38.5,29.7
Children Act (Private),Midlands,2 Applicant Only,2023-Q4,504,40.3,31.6
Children Act (Private),Midlands,2 Applicant Only,2024-Q1,615,39,30.9
Children Act (Private),Midlands,2 Applicant Only,2024-Q2,589,34.8,28
Children Act (Private),Midlands,2 Applicant Only,2024-Q3,576,34.1,25.7
Children Act (Private),Midlands,2 Applicant Only,2024-Q4,548,31,22.7
Children Act (Private),Midlands,2 Applicant Only,2025-Q1,566,30.5,24.9
Children Act (Private),Midlands,2 Applicant Only,2025-Q2,464,29.1,21.5
Children Act (Private),Midlands,2 Applicant Only,2025-Q3,562,27.3,21.8
Children Act (Private),Midlands,2 Applicant Only,2025-Q4,488,25.4,19.2
Children Act (Private),Midlands,3 Respondent Only,2011-Q1,194,42.3,31.5
Children Act (Private),Midlands,3 Respondent Only,2011-Q2,169,38.8,29.3
Children Act (Private),Midlands,3 Respondent Only,2011-Q3,154,37.9,28.9
Children Act (Private),Midlands,3 Respondent Only,2011-Q4,191,40.6,30.1
Children Act (Private),Midlands,3 Respondent Only,2012-Q1,183,44.8,34.4
Children Act (Private),Midlands,3 Respondent Only,2012-Q2,169,34.3,26.1
Children Act (Private),Midlands,3 Respondent Only,2012-Q3,182,38,29.1
Children Act (Private),Midlands,3 Respondent Only,2012-Q4,185,43.7,33
Children Act (Private),Midlands,3 Respondent Only,2013-Q1,163,34.1,28.3
Children Act (Private),Midlands,3 Respondent Only,2013-Q2,185,39.4,33.3
Children Act (Private),Midlands,3 Respondent Only,2013-Q3,186,39.2,28.8
Children Act (Private),Midlands,3 Respondent Only,2013-Q4,211,36.8,28
Children Act (Private),Midlands,3 Respondent Only,2014-Q1,186,43.1,33
Children Act (Private),Midlands,3 Respondent Only,2014-Q2,221,40,31.7
Children Act (Private),Midlands,3 Respondent Only,2014-Q3,191,38.6,28.7
Children Act (Private),Midlands,3 Respondent Only,2014-Q4,192,38.4,29.8
Children Act (Private),Midlands,3 Respondent Only,2015-Q1,199,40.4,28.7
Children Act (Private),Midlands,3 Respondent Only,2015-Q2,187,36.9,30.1
Children Act (Private),Midlands,3 Respondent Only,2015-Q3,202,36.5,26
Children Act (Private),Midlands,3 Respondent Only,2015-Q4,210,35,27.3
Children Act (Private),Midlands,3 Respondent Only,2016-Q1,208,34,26.8
Children Act (Private),Midlands,3 Respondent Only,2016-Q2,203,31.1,25
Children Act (Private),Midlands,3 Respondent Only,2016-Q3,243,31.1,24.4
Children Act (Private),Midlands,3 Respondent Only,2016-Q4,218,29.1,23.3
Children Act (Private),Midlands,3 Respondent Only,2017-Q1,240,30.3,23.8
Children Act (Private),Midlands,3 Respondent Only,2017-Q2,211,34,25.9
Children Act (Private),Midlands,3 Respondent Only,2017-Q3,228,33.4,26.6
Children Act (Private),Midlands,3 Respondent Only,2017-Q4,210,29.3,23.1
Children Act (Private),Midlands,3 Respondent Only,2018-Q1,216,36.3,29.1
Children Act (Private),Midlands,3 Respondent Only,2018-Q2,242,34.9,28.1
Children Act (Private),Midlands,3 Respondent Only,2018-Q3,205,38,29.4
Children Act (Private),Midlands,3 Respondent Only,2018-Q4,206,36.1,29
Children Act (Private),Midlands,3 Respondent Only,2019-Q1,224,41.3,32.4
Children Act (Private),Midlands,3 Respondent Only,2019-Q2,227,38.2,31.3
Children Act (Private),Midlands,3 Respondent Only,2019-Q3,266,40.7,32.7
Children Act (Private),Midlands,3 Respondent Only,2019-Q4,255,41.2,34.4
Children Act (Private),Midlands,3 Respondent Only,2020-Q1,215,41,31.3
Children Act (Private),Midlands,3 Respondent Only,2020-Q2,99,39.3,30.9
Children Act (Private),Midlands,3 Respondent Only,2020-Q3,183,43,37
Children Act (Private),Midlands,3 Respondent Only,2020-Q4,206,48.9,40.6
Children Act (Private),Midlands,3 Respondent Only,2021-Q1,207,54.9,46.7
Children Act (Private),Midlands,3 Respondent Only,2021-Q2,269,54.1,48
Children Act (Private),Midlands,3 Respondent Only,2021-Q3,299,55,49.9
Children Act (Private),Midlands,3 Respondent Only,2021-Q4,239,58.7,51.1
Children Act (Private),Midlands,3 Respondent Only,2022-Q1,278,67.7,57
Children Act (Private),Midlands,3 Respondent Only,2022-Q2,252,63.7,52.5
Children Act (Private),Midlands,3 Respondent Only,2022-Q3,293,67,59.1
Children Act (Private),Midlands,3 Respondent Only,2022-Q4,266,65.8,53.8
Children Act (Private),Midlands,3 Respondent Only,2023-Q1,325,64.2,49.3
Children Act (Private),Midlands,3 Respondent Only,2023-Q2,301,61.1,47.1
Children Act (Private),Midlands,3 Respondent Only,2023-Q3,335,59.5,48.7
Children Act (Private),Midlands,3 Respondent Only,2023-Q4,341,60.8,48.4
Children Act (Private),Midlands,3 Respondent Only,2024-Q1,331,58.1,45.6
Children Act (Private),Midlands,3 Respondent Only,2024-Q2,336,56.1,44.1
Children Act (Private),Midlands,3 Respondent Only,2024-Q3,365,52.3,41.3
Children Act (Private),Midlands,3 Respondent Only,2024-Q4,324,48.7,38.8
Children Act (Private),Midlands,3 Respondent Only,2025-Q1,331,51.4,41
Children Act (Private),Midlands,3 Respondent Only,2025-Q2,363,45.3,39
Children Act (Private),Midlands,3 Respondent Only,2025-Q3,335,42.9,35.3
Children Act (Private),Midlands,3 Respondent Only,2025-Q4,277,43.4,36.1
Children Act (Private),Midlands,4 Neither,2011-Q1,273,27.6,18.1
Children Act (Private),Midlands,4 Neither,2011-Q2,240,22.8,12.7
Children Act (Private),Midlands,4 Neither,2011-Q3,270,22.5,15.7
Children Act (Private),Midlands,4 Neither,2011-Q4,234,25.2,15.1
Children Act (Private),Midlands,4 Neither,2012-Q1,256,27.7,18.5
Children Act (Private),Midlands,4 Neither,2012-Q2,283,26,16.9
Children Act (Private),Midlands,4 Neither,2012-Q3,284,21.9,15.5
Children Act (Private),Midlands,4 Neither,2012-Q4,263,22.6,17.3
Children Act (Private),Midlands,4 Neither,2013-Q1,319,24.2,17.1
Children Act (Private),Midlands,4 Neither,2013-Q2,366,23.8,14.6
Children Act (Private),Midlands,4 Neither,2013-Q3,413,20.2,13.6
Children Act (Private),Midlands,4 Neither,2013-Q4,521,20.3,16
Children Act (Private),Midlands,4 Neither,2014-Q1,611,21,17.6
Children Act (Private),Midlands,4 Neither,2014-Q2,685,24.3,19.1
Children Act (Private),Midlands,4 Neither,2014-Q3,627,25.7,19.7
Children Act (Private),Midlands,4 Neither,2014-Q4,555,25.1,17.6
Children Act (Private),Midlands,4 Neither,2015-Q1,607,25.6,18.9
Children Act (Private),Midlands,4 Neither,2015-Q2,564,26.6,20
Children Act (Private),Midlands,4 Neither,2015-Q3,635,24.5,18.1
Children Act (Private),Midlands,4 Neither,2015-Q4,595,23.5,16.9
Children Act (Private),Midlands,4 Neither,2016-Q1,636,22.7,17.6
Children Act (Private),Midlands,4 Neither,2016-Q2,634,21.6,16.6
Children Act (Private),Midlands,4 Neither,2016-Q3,713,20.1,15
Children Act (Private),Midlands,4 Neither,2016-Q4,803,20.4,15.6
Children Act (Private),Midlands,4 Neither,2017-Q1,747,19.9,17.1
Children Act (Private),Midlands,4 Neither,2017-Q2,712,20.9,16.5
Children Act (Private),Midlands,4 Neither,2017-Q3,863,21.1,16.7
Children Act (Private),Midlands,4 Neither,2017-Q4,799,21.8,17.6
Children Act (Private),Midlands,4 Neither,2018-Q1,792,25.5,20
Children Act (Private),Midlands,4 Neither,2018-Q2,858,27.1,21.3
Children Act (Private),Midlands,4 Neither,2018-Q3,828,24.6,19.1
Children Act (Private),Midlands,4 Neither,2018-Q4,805,24.4,19
Children Act (Private),Midlands,4 Neither,2019-Q1,844,25.2,21
Children Act (Private),Midlands,4 Neither,2019-Q2,859,26.8,20.9
Children Act (Private),Midlands,4 Neither,2019-Q3,869,26.6,20.6
Children Act (Private),Midlands,4 Neither,2019-Q4,863,25.7,20.7
Children Act (Private),Midlands,4 Neither,2020-Q1,828,28.7,22.7
Children Act (Private),Midlands,4 Neither,2020-Q2,325,27.5,23.1
Children Act (Private),Midlands,4 Neither,2020-Q3,575,30.7,26.6
Children Act (Private),Midlands,4 Neither,2020-Q4,676,37.8,32.2
Children Act (Private),Midlands,4 Neither,2021-Q1,765,41.1,33.7
Children Act (Private),Midlands,4 Neither,2021-Q2,796,42.8,35.4
Children Act (Private),Midlands,4 Neither,2021-Q3,835,41,35.9
Children Act (Private),Midlands,4 Neither,2021-Q4,816,41.9,35.7
Children Act (Private),Midlands,4 Neither,2022-Q1,840,45.6,38.5
Children Act (Private),Midlands,4 Neither,2022-Q2,891,47.7,38.9
Children Act (Private),Midlands,4 Neither,2022-Q3,871,43,36.3
Children Act (Private),Midlands,4 Neither,2022-Q4,903,43.1,34.6
Children Act (Private),Midlands,4 Neither,2023-Q1,1085,43.3,34.3
Children Act (Private),Midlands,4 Neither,2023-Q2,942,41,32.1
Children Act (Private),Midlands,4 Neither,2023-Q3,1042,40.9,31.2
Children Act (Private),Midlands,4 Neither,2023-Q4,890,40.9,31.5
Children Act (Private),Midlands,4 Neither,2024-Q1,1067,37.2,28.6
Children Act (Private),Midlands,4 Neither,2024-Q2,1142,34.8,26.1
Children Act (Private),Midlands,4 Neither,2024-Q3,1047,31.9,23.1
Children Act (Private),Midlands,4 Neither,2024-Q4,991,29.9,21.3
Children Act (Private),Midlands,4 Neither,2025-Q1,1119,28.9,23
Children Act (Private),Midlands,4 Neither,2025-Q2,1029,25.1,18.4
Children Act (Private),Midlands,4 Neither,2025-Q3,1040,25,19
Children Act (Private),Midlands,4 Neither,2025-Q4,1069,23.1,18.4
Children Act (Private),Midlands,All types,2011-Q1,2114,33.4,25.7
Children Act (Private),Midlands,All types,2011-Q2,1807,34.5,24.9
Children Act (Private),Midlands,All types,2011-Q3,1805,33.5,24.4
Children Act (Private),Midlands,All types,2011-Q4,1867,36.1,25.7
Children Act (Private),Midlands,All types,2012-Q1,1852,34.6,23.1
Children Act (Private),Midlands,All types,2012-Q2,1869,32.7,22.4
Children Act (Private),Midlands,All types,2012-Q3,1890,31.8,22.1
Children Act (Private),Midlands,All types,2012-Q4,1864,35.3,24.3
Children Act (Private),Midlands,All types,2013-Q1,1936,32.5,23.1
Children Act (Private),Midlands,All types,2013-Q2,2052,32.3,23.6
Children Act (Private),Midlands,All types,2013-Q3,2137,31.1,21.9
Children Act (Private),Midlands,All types,2013-Q4,2158,30.8,23.1
Children Act (Private),Midlands,All types,2014-Q1,2133,31.2,24.1
Children Act (Private),Midlands,All types,2014-Q2,2088,33.6,25.6
Children Act (Private),Midlands,All types,2014-Q3,1902,34.3,24.3
Children Act (Private),Midlands,All types,2014-Q4,1746,32.4,22.1
Children Act (Private),Midlands,All types,2015-Q1,1668,31.8,21.7
Children Act (Private),Midlands,All types,2015-Q2,1622,31,22
Children Act (Private),Midlands,All types,2015-Q3,1713,29.8,20.4
Children Act (Private),Midlands,All types,2015-Q4,1654,26.7,19.1
Children Act (Private),Midlands,All types,2016-Q1,1773,25.3,19
Children Act (Private),Midlands,All types,2016-Q2,1765,24.2,18.1
Children Act (Private),Midlands,All types,2016-Q3,1904,22.8,16.9
Children Act (Private),Midlands,All types,2016-Q4,1964,22.6,17.7
Children Act (Private),Midlands,All types,2017-Q1,1912,23.5,18.7
Children Act (Private),Midlands,All types,2017-Q2,1806,24,18
Children Act (Private),Midlands,All types,2017-Q3,2056,23.2,18.3
Children Act (Private),Midlands,All types,2017-Q4,1906,24.4,19.3
Children Act (Private),Midlands,All types,2018-Q1,1831,28,21.9
Children Act (Private),Midlands,All types,2018-Q2,2025,27.7,22
Children Act (Private),Midlands,All types,2018-Q3,1893,26.9,20.9
Children Act (Private),Midlands,All types,2018-Q4,1797,27.4,21.4
Children Act (Private),Midlands,All types,2019-Q1,1901,28.9,22.6
Children Act (Private),Midlands,All types,2019-Q2,1986,28.9,22.4
Children Act (Private),Midlands,All types,2019-Q3,2042,29.9,23.1
Children Act (Private),Midlands,All types,2019-Q4,1957,29.6,23.9
Children Act (Private),Midlands,All types,2020-Q1,1880,31.6,24.6
Children Act (Private),Midlands,All types,2020-Q2,778,30.5,24.9
Children Act (Private),Midlands,All types,2020-Q3,1419,34.6,28.4
Children Act (Private),Midlands,All types,2020-Q4,1634,40.8,35.2
Children Act (Private),Midlands,All types,2021-Q1,1801,43.8,35.9
Children Act (Private),Midlands,All types,2021-Q2,1918,46,38.4
Children Act (Private),Midlands,All types,2021-Q3,2012,45.1,38.9
Children Act (Private),Midlands,All types,2021-Q4,1905,47.3,39.7
Children Act (Private),Midlands,All types,2022-Q1,2027,50.3,42.4
Children Act (Private),Midlands,All types,2022-Q2,2013,51.2,42.4
Children Act (Private),Midlands,All types,2022-Q3,1970,50.7,43.9
Children Act (Private),Midlands,All types,2022-Q4,2049,49.7,39.7
Children Act (Private),Midlands,All types,2023-Q1,2331,49.4,40.1
Children Act (Private),Midlands,All types,2023-Q2,2102,46.6,36.1
Children Act (Private),Midlands,All types,2023-Q3,2200,45.5,35.4
Children Act (Private),Midlands,All types,2023-Q4,2069,46.2,35.6
Children Act (Private),Midlands,All types,2024-Q1,2388,43.3,33.2
Children Act (Private),Midlands,All types,2024-Q2,2428,40.6,31.2
Children Act (Private),Midlands,All types,2024-Q3,2373,38.9,27.7
Children Act (Private),Midlands,All types,2024-Q4,2181,35.5,25.9
Children Act (Private),Midlands,All types,2025-Q1,2364,35.4,27.4
Children Act (Private),Midlands,All types,2025-Q2,2180,31.9,25
Children Act (Private),Midlands,All types,2025-Q3,2260,30.8,24.1
Children Act (Private),Midlands,All types,2025-Q4,2133,28.8,23
Children Act (Private),National Business Centres,1 Both,2022-Q3,1,39.6,39.6
Children Act (Private),National Business Centres,1 Both,2023-Q1,1,38.3,38.3
Children Act (Private),National Business Centres,1 Both,2024-Q3,1,17,17
Children Act (Private),National Business Centres,1 Both,2025-Q3,1,39.3,39.3
Children Act (Private),National Business Centres,1 Both,2025-Q4,1,34.9,34.9
Children Act (Private),National Business Centres,2 Applicant Only,2021-Q3,1,16.9,16.9
Children Act (Private),National Business Centres,2 Applicant Only,2022-Q2,1,32,32
Children Act (Private),National Business Centres,2 Applicant Only,2022-Q3,1,7.7,7.7
Children Act (Private),National Business Centres,2 Applicant Only,2022-Q4,2,45.8,45.8
Children Act (Private),National Business Centres,2 Applicant Only,2023-Q1,1,23.7,23.7
Children Act (Private),National Business Centres,2 Applicant Only,2023-Q2,2,43.3,43.3
Children Act (Private),National Business Centres,2 Applicant Only,2023-Q3,1,20.1,20.1
Children Act (Private),National Business Centres,2 Applicant Only,2024-Q1,1,47.9,47.9
Children Act (Private),National Business Centres,2 Applicant Only,2024-Q2,2,14.5,14.5
Children Act (Private),National Business Centres,2 Applicant Only,2024-Q3,1,15.7,15.7
Children Act (Private),National Business Centres,2 Applicant Only,2024-Q4,2,32.9,32.9
Children Act (Private),National Business Centres,2 Applicant Only,2025-Q2,2,27.8,27.8
Children Act (Private),National Business Centres,2 Applicant Only,2025-Q3,2,30.2,30.2
Children Act (Private),National Business Centres,3 Respondent Only,2022-Q1,1,24,24
Children Act (Private),National Business Centres,3 Respondent Only,2023-Q2,1,106.7,106.7
Children Act (Private),National Business Centres,3 Respondent Only,2023-Q4,1,138.9,138.9
Children Act (Private),National Business Centres,3 Respondent Only,2024-Q4,3,45.8,33
Children Act (Private),National Business Centres,3 Respondent Only,2025-Q1,1,26.3,26.3
Children Act (Private),National Business Centres,3 Respondent Only,2025-Q2,2,63.9,63.9
Children Act (Private),National Business Centres,3 Respondent Only,2025-Q3,1,108,108
Children Act (Private),National Business Centres,3 Respondent Only,2025-Q4,1,53.9,53.9
Children Act (Private),National Business Centres,4 Neither,2021-Q4,1,14.1,14.1
Children Act (Private),National Business Centres,4 Neither,2022-Q1,3,41,45
Children Act (Private),National Business Centres,4 Neither,2022-Q2,2,18.8,18.8
Children Act (Private),National Business Centres,4 Neither,2022-Q3,2,37.6,37.6
Children Act (Private),National Business Centres,4 Neither,2023-Q1,4,22.4,14.9
Children Act (Private),National Business Centres,4 Neither,2023-Q2,2,46.2,46.2
Children Act (Private),National Business Centres,4 Neither,2023-Q3,1,1.4,1.4
Children Act (Private),National Business Centres,4 Neither,2023-Q4,3,54.3,55
Children Act (Private),National Business Centres,4 Neither,2024-Q1,3,11,13
Children Act (Private),National Business Centres,4 Neither,2024-Q2,2,12,12
Children Act (Private),National Business Centres,4 Neither,2024-Q3,3,38.2,31
Children Act (Private),National Business Centres,4 Neither,2024-Q4,4,20.2,15.7
Children Act (Private),National Business Centres,4 Neither,2025-Q1,4,33,24.6
Children Act (Private),National Business Centres,4 Neither,2025-Q2,3,16.4,12.3
Children Act (Private),National Business Centres,4 Neither,2025-Q3,8,22,25.8
Children Act (Private),National Business Centres,4 Neither,2025-Q4,4,35.7,36.5
Children Act (Private),National Business Centres,All types,2021-Q3,1,16.9,16.9
Children Act (Private),National Business Centres,All types,2021-Q4,1,14.1,14.1
Children Act (Private),National Business Centres,All types,2022-Q1,4,36.8,34.5
Children Act (Private),National Business Centres,All types,2022-Q2,3,23.2,27.4
Children Act (Private),National Business Centres,All types,2022-Q3,4,30.6,23.7
Children Act (Private),National Business Centres,All types,2022-Q4,2,45.8,45.8
Children Act (Private),National Business Centres,All types,2023-Q1,6,25.3,20.5
Children Act (Private),National Business Centres,All types,2023-Q2,5,57.1,58.3
Children Act (Private),National Business Centres,All types,2023-Q3,2,10.8,10.8
Children Act (Private),National Business Centres,All types,2023-Q4,4,75.4,56.1
Children Act (Private),National Business Centres,All types,2024-Q1,4,20.3,16.6
Children Act (Private),National Business Centres,All types,2024-Q2,4,13.2,13.2
Children Act (Private),National Business Centres,All types,2024-Q3,5,29.4,19.6
Children Act (Private),National Business Centres,All types,2024-Q4,9,31.5,23.3
Children Act (Private),National Business Centres,All types,2025-Q1,5,31.7,26.3
Children Act (Private),National Business Centres,All types,2025-Q2,7,33.2,24.9
Children Act (Private),National Business Centres,All types,2025-Q3,12,32,29.1
Children Act (Private),National Business Centres,All types,2025-Q4,6,38.6,43.5
Children Act (Private),North East,1 Both,2011-Q1,1073,40.7,33
Children Act (Private),North East,1 Both,2011-Q2,907,41.7,31.4
Children Act (Private),North East,1 Both,2011-Q3,907,38.9,29
Children Act (Private),North East,1 Both,2011-Q4,851,41.2,33.3
Children Act (Private),North East,1 Both,2012-Q1,973,40.1,30.9
Children Act (Private),North East,1 Both,2012-Q2,861,40.6,31.4
Children Act (Private),North East,1 Both,2012-Q3,840,38.6,28.8
Children Act (Private),North East,1 Both,2012-Q4,902,37.4,28.4
Children Act (Private),North East,1 Both,2013-Q1,777,41.3,30.4
Children Act (Private),North East,1 Both,2013-Q2,859,42.2,32
Children Act (Private),North East,1 Both,2013-Q3,843,43.4,34.7
Children Act (Private),North East,1 Both,2013-Q4,702,46.2,39
Children Act (Private),North East,1 Both,2014-Q1,479,47.5,38.1
Children Act (Private),North East,1 Both,2014-Q2,484,49.4,41.3
Children Act (Private),North East,1 Both,2014-Q3,433,46.9,33.6
Children Act (Private),North East,1 Both,2014-Q4,346,45.4,32.8
Children Act (Private),North East,1 Both,2015-Q1,310,41.9,26.2
Children Act (Private),North East,1 Both,2015-Q2,269,38.1,22.9
Children Act (Private),North East,1 Both,2015-Q3,296,35.5,23.2
Children Act (Private),North East,1 Both,2015-Q4,264,34.5,26
Children Act (Private),North East,1 Both,2016-Q1,260,33.5,23.4
Children Act (Private),North East,1 Both,2016-Q2,311,33.2,23.3
Children Act (Private),North East,1 Both,2016-Q3,259,28.2,21.3
Children Act (Private),North East,1 Both,2016-Q4,257,30.8,22.9
Children Act (Private),North East,1 Both,2017-Q1,276,27.5,20.9
Children Act (Private),North East,1 Both,2017-Q2,266,32.6,26.3
Children Act (Private),North East,1 Both,2017-Q3,304,30.7,24
Children Act (Private),North East,1 Both,2017-Q4,290,31.6,25.7
Children Act (Private),North East,1 Both,2018-Q1,234,34.7,28.5
Children Act (Private),North East,1 Both,2018-Q2,237,34.4,28.4
Children Act (Private),North East,1 Both,2018-Q3,261,32.2,25.1
Children Act (Private),North East,1 Both,2018-Q4,280,34.7,27.8
Children Act (Private),North East,1 Both,2019-Q1,239,34.8,29.6
Children Act (Private),North East,1 Both,2019-Q2,237,34.7,27.4
Children Act (Private),North East,1 Both,2019-Q3,271,36.6,28.4
Children Act (Private),North East,1 Both,2019-Q4,257,37.2,28.1
Children Act (Private),North East,1 Both,2020-Q1,262,36.1,29.7
Children Act (Private),North East,1 Both,2020-Q2,160,39.8,31.1
Children Act (Private),North East,1 Both,2020-Q3,244,37.7,31
Children Act (Private),North East,1 Both,2020-Q4,275,42.2,31.4
Children Act (Private),North East,1 Both,2021-Q1,339,48.2,36.6
Children Act (Private),North East,1 Both,2021-Q2,298,39.9,32.2
Children Act (Private),North East,1 Both,2021-Q3,320,46.2,37.8
Children Act (Private),North East,1 Both,2021-Q4,303,43.1,33.9
Children Act (Private),North East,1 Both,2022-Q1,263,49.2,40.1
Children Act (Private),North East,1 Both,2022-Q2,277,47.1,38
Children Act (Private),North East,1 Both,2022-Q3,262,44.7,33.4
Children Act (Private),North East,1 Both,2022-Q4,290,48.2,37.5
Children Act (Private),North East,1 Both,2023-Q1,299,48.3,37
Children Act (Private),North East,1 Both,2023-Q2,274,51.1,38
Children Act (Private),North East,1 Both,2023-Q3,252,45.3,34.2
Children Act (Private),North East,1 Both,2023-Q4,294,40.7,29.9
Children Act (Private),North East,1 Both,2024-Q1,244,40.2,32.4
Children Act (Private),North East,1 Both,2024-Q2,256,38.7,31.9
Children Act (Private),North East,1 Both,2024-Q3,278,42,30.9
Children Act (Private),North East,1 Both,2024-Q4,266,40.2,32
Children Act (Private),North East,1 Both,2025-Q1,253,39.7,35
Children Act (Private),North East,1 Both,2025-Q2,269,35.7,28.9
Children Act (Private),North East,1 Both,2025-Q3,303,34.6,27.6
Children Act (Private),North East,1 Both,2025-Q4,274,31.9,26.9
Children Act (Private),North East,2 Applicant Only,2011-Q1,528,25.1,18.2
Children Act (Private),North East,2 Applicant Only,2011-Q2,504,23.8,16
Children Act (Private),North East,2 Applicant Only,2011-Q3,492,22.5,15.3
Children Act (Private),North East,2 Applicant Only,2011-Q4,469,25.7,17.3
Children Act (Private),North East,2 Applicant Only,2012-Q1,511,28.1,17.9
Children Act (Private),North East,2 Applicant Only,2012-Q2,530,24.1,14.7
Children Act (Private),North East,2 Applicant Only,2012-Q3,525,24.5,17.6
Children Act (Private),North East,2 Applicant Only,2012-Q4,519,23.9,16.3
Children Act (Private),North East,2 Applicant Only,2013-Q1,553,24,17.6
Children Act (Private),North East,2 Applicant Only,2013-Q2,602,25.7,15.8
Children Act (Private),North East,2 Applicant Only,2013-Q3,783,23.2,15.3
Children Act (Private),North East,2 Applicant Only,2013-Q4,794,26,20.1
Children Act (Private),North East,2 Applicant Only,2014-Q1,666,27.6,23.1
Children Act (Private),North East,2 Applicant Only,2014-Q2,650,28.4,23
Children Act (Private),North East,2 Applicant Only,2014-Q3,562,28.1,19.8
Children Act (Private),North East,2 Applicant Only,2014-Q4,522,25,18.1
Children Act (Private),North East,2 Applicant Only,2015-Q1,493,25.2,17.7
Children Act (Private),North East,2 Applicant Only,2015-Q2,458,25.3,17.4
Children Act (Private),North East,2 Applicant Only,2015-Q3,464,21.1,14.7
Children Act (Private),North East,2 Applicant Only,2015-Q4,476,21.4,15.6
Children Act (Private),North East,2 Applicant Only,2016-Q1,449,22.1,17.1
Children Act (Private),North East,2 Applicant Only,2016-Q2,447,20.8,16
Children Act (Private),North East,2 Applicant Only,2016-Q3,453,20.6,14.9
Children Act (Private),North East,2 Applicant Only,2016-Q4,436,20,16.9
Children Act (Private),North East,2 Applicant Only,2017-Q1,471,21,17.4
Children Act (Private),North East,2 Applicant Only,2017-Q2,446,22.1,17.2
Children Act (Private),North East,2 Applicant Only,2017-Q3,571,21.8,16.9
Children Act (Private),North East,2 Applicant Only,2017-Q4,478,21.1,18
Children Act (Private),North East,2 Applicant Only,2018-Q1,411,23.5,18.9
Children Act (Private),North East,2 Applicant Only,2018-Q2,442,22.1,18.6
Children Act (Private),North East,2 Applicant Only,2018-Q3,438,23.3,19.5
Children Act (Private),North East,2 Applicant Only,2018-Q4,443,24.3,19.3
Children Act (Private),North East,2 Applicant Only,2019-Q1,505,24,19.3
Children Act (Private),North East,2 Applicant Only,2019-Q2,433,26.2,19.9
Children Act (Private),North East,2 Applicant Only,2019-Q3,453,23,18.9
Children Act (Private),North East,2 Applicant Only,2019-Q4,427,24.7,19.9
Children Act (Private),North East,2 Applicant Only,2020-Q1,449,26.8,22.3
Children Act (Private),North East,2 Applicant Only,2020-Q2,318,26,21.2
Children Act (Private),North East,2 Applicant Only,2020-Q3,415,30.9,25.4
Children Act (Private),North East,2 Applicant Only,2020-Q4,435,32.5,24.9
Children Act (Private),North East,2 Applicant Only,2021-Q1,498,31.6,24.7
Children Act (Private),North East,2 Applicant Only,2021-Q2,455,33.3,27.9
Children Act (Private),North East,2 Applicant Only,2021-Q3,401,33.7,25.4
Children Act (Private),North East,2 Applicant Only,2021-Q4,419,33.7,24.1
Children Act (Private),North East,2 Applicant Only,2022-Q1,424,35.3,26.9
Children Act (Private),North East,2 Applicant Only,2022-Q2,380,31.5,24.1
Children Act (Private),North East,2 Applicant Only,2022-Q3,463,33.2,26.4
Children Act (Private),North East,2 Applicant Only,2022-Q4,400,33.3,24.4
Children Act (Private),North East,2 Applicant Only,2023-Q1,403,32,23.3
Children Act (Private),North East,2 Applicant Only,2023-Q2,373,30.7,23.7
Children Act (Private),North East,2 Applicant Only,2023-Q3,407,32.4,24
Children Act (Private),North East,2 Applicant Only,2023-Q4,406,30.2,22
Children Act (Private),North East,2 Applicant Only,2024-Q1,379,27.5,20.9
Children Act (Private),North East,2 Applicant Only,2024-Q2,350,25.7,21.9
Children Act (Private),North East,2 Applicant Only,2024-Q3,407,28.8,20.9
Children Act (Private),North East,2 Applicant Only,2024-Q4,389,27,20.9
Children Act (Private),North East,2 Applicant Only,2025-Q1,395,25.4,20.4
Children Act (Private),North East,2 Applicant Only,2025-Q2,397,24,20
Children Act (Private),North East,2 Applicant Only,2025-Q3,395,21.1,19.7
Children Act (Private),North East,2 Applicant Only,2025-Q4,365,22.2,17.9
Children Act (Private),North East,3 Respondent Only,2011-Q1,129,35.9,28.3
Children Act (Private),North East,3 Respondent Only,2011-Q2,108,36.5,28.3
Children Act (Private),North East,3 Respondent Only,2011-Q3,132,39.8,31.5
Children Act (Private),North East,3 Respondent Only,2011-Q4,121,42.4,35.1
Children Act (Private),North East,3 Respondent Only,2012-Q1,141,37.8,26
Children Act (Private),North East,3 Respondent Only,2012-Q2,136,42.6,32.8
Children Act (Private),North East,3 Respondent Only,2012-Q3,133,40.3,25.9
Children Act (Private),North East,3 Respondent Only,2012-Q4,161,38.6,31
Children Act (Private),North East,3 Respondent Only,2013-Q1,144,38.1,26
Children Act (Private),North East,3 Respondent Only,2013-Q2,156,40.1,28.2
Children Act (Private),North East,3 Respondent Only,2013-Q3,168,45,38.3
Children Act (Private),North East,3 Respondent Only,2013-Q4,159,40.7,31
Children Act (Private),North East,3 Respondent Only,2014-Q1,144,40.7,31.7
Children Act (Private),North East,3 Respondent Only,2014-Q2,171,37.8,31.7
Children Act (Private),North East,3 Respondent Only,2014-Q3,151,42.1,30.3
Children Act (Private),North East,3 Respondent Only,2014-Q4,152,34.8,25.4
Children Act (Private),North East,3 Respondent Only,2015-Q1,150,36.9,27.3
Children Act (Private),North East,3 Respondent Only,2015-Q2,153,33.4,25.1
Children Act (Private),North East,3 Respondent Only,2015-Q3,140,36,25
Children Act (Private),North East,3 Respondent Only,2015-Q4,151,27.7,21.6
Children Act (Private),North East,3 Respondent Only,2016-Q1,158,31.8,23.4
Children Act (Private),North East,3 Respondent Only,2016-Q2,173,33.4,25
Children Act (Private),North East,3 Respondent Only,2016-Q3,149,32.2,24.4
Children Act (Private),North East,3 Respondent Only,2016-Q4,167,32.3,24.3
Children Act (Private),North East,3 Respondent Only,2017-Q1,184,32.1,27.6
Children Act (Private),North East,3 Respondent Only,2017-Q2,169,31.9,23.7
Children Act (Private),North East,3 Respondent Only,2017-Q3,176,29.5,27
Children Act (Private),North East,3 Respondent Only,2017-Q4,189,33.4,26.1
Children Act (Private),North East,3 Respondent Only,2018-Q1,167,32.1,23.6
Children Act (Private),North East,3 Respondent Only,2018-Q2,144,34.2,29.5
Children Act (Private),North East,3 Respondent Only,2018-Q3,189,31.4,26.3
Children Act (Private),North East,3 Respondent Only,2018-Q4,163,36.9,30.3
Children Act (Private),North East,3 Respondent Only,2019-Q1,202,34.9,30.1
Children Act (Private),North East,3 Respondent Only,2019-Q2,198,37.8,30.1
Children Act (Private),North East,3 Respondent Only,2019-Q3,202,40.2,29.9
Children Act (Private),North East,3 Respondent Only,2019-Q4,207,44.1,35.3
Children Act (Private),North East,3 Respondent Only,2020-Q1,213,41,32.4
Children Act (Private),North East,3 Respondent Only,2020-Q2,118,39.3,30.5
Children Act (Private),North East,3 Respondent Only,2020-Q3,206,44.8,35.4
Children Act (Private),North East,3 Respondent Only,2020-Q4,244,50.2,42
Children Act (Private),North East,3 Respondent Only,2021-Q1,257,46.7,38
Children Act (Private),North East,3 Respondent Only,2021-Q2,245,46.8,39.9
Children Act (Private),North East,3 Respondent Only,2021-Q3,243,54.1,38.1
Children Act (Private),North East,3 Respondent Only,2021-Q4,227,51.9,43.1
Children Act (Private),North East,3 Respondent Only,2022-Q1,249,46.5,36.3
Children Act (Private),North East,3 Respondent Only,2022-Q2,272,48.3,39.2
Children Act (Private),North East,3 Respondent Only,2022-Q3,256,48.5,37.5
Children Act (Private),North East,3 Respondent Only,2022-Q4,262,53.4,44.5
Children Act (Private),North East,3 Respondent Only,2023-Q1,275,51.2,37.7
Children Act (Private),North East,3 Respondent Only,2023-Q2,242,49.9,38.4
Children Act (Private),North East,3 Respondent Only,2023-Q3,234,43.7,36
Children Act (Private),North East,3 Respondent Only,2023-Q4,230,46,35.2
Children Act (Private),North East,3 Respondent Only,2024-Q1,273,44.8,33.4
Children Act (Private),North East,3 Respondent Only,2024-Q2,237,42.3,30.9
Children Act (Private),North East,3 Respondent Only,2024-Q3,275,43.3,33.4
Children Act (Private),North East,3 Respondent Only,2024-Q4,251,40.1,32.6
Children Act (Private),North East,3 Respondent Only,2025-Q1,278,40.2,31.2
Children Act (Private),North East,3 Respondent Only,2025-Q2,238,37,31
Children Act (Private),North East,3 Respondent Only,2025-Q3,263,31.3,25
Children Act (Private),North East,3 Respondent Only,2025-Q4,238,32.7,27.8
Children Act (Private),North East,4 Neither,2011-Q1,137,23.9,15.6
Children Act (Private),North East,4 Neither,2011-Q2,144,19.2,13
Children Act (Private),North East,4 Neither,2011-Q3,153,19.4,11
Children Act (Private),North East,4 Neither,2011-Q4,160,25.4,15
Children Act (Private),North East,4 Neither,2012-Q1,174,27,16.6
Children Act (Private),North East,4 Neither,2012-Q2,179,22.4,13.9
Children Act (Private),North East,4 Neither,2012-Q3,194,29,16.8
Children Act (Private),North East,4 Neither,2012-Q4,189,22.3,14.7
Children Act (Private),North East,4 Neither,2013-Q1,184,27.3,18.5
Children Act (Private),North East,4 Neither,2013-Q2,239,26.2,16
Children Act (Private),North East,4 Neither,2013-Q3,352,22.1,12.4
Children Act (Private),North East,4 Neither,2013-Q4,386,25.4,16.3
Children Act (Private),North East,4 Neither,2014-Q1,477,21.1,18.6
Children Act (Private),North East,4 Neither,2014-Q2,514,22.9,17.2
Children Act (Private),North East,4 Neither,2014-Q3,441,25.1,20.4
Children Act (Private),North East,4 Neither,2014-Q4,409,25,18.7
Children Act (Private),North East,4 Neither,2015-Q1,389,21.9,18.1
Children Act (Private),North East,4 Neither,2015-Q2,422,22.9,16.1
Children Act (Private),North East,4 Neither,2015-Q3,514,19.9,15.4
Children Act (Private),North East,4 Neither,2015-Q4,464,22.9,17.9
Children Act (Private),North East,4 Neither,2016-Q1,475,20.5,16
Children Act (Private),North East,4 Neither,2016-Q2,546,20.5,15.4
Children Act (Private),North East,4 Neither,2016-Q3,508,20,15.9
Children Act (Private),North East,4 Neither,2016-Q4,485,22.2,17.9
Children Act (Private),North East,4 Neither,2017-Q1,509,22.4,18
Children Act (Private),North East,4 Neither,2017-Q2,534,23.2,17.2
Children Act (Private),North East,4 Neither,2017-Q3,649,22.7,18.6
Children Act (Private),North East,4 Neither,2017-Q4,583,23,19.4
Children Act (Private),North East,4 Neither,2018-Q1,496,26.7,20.1
Children Act (Private),North East,4 Neither,2018-Q2,506,23.7,18.6
Children Act (Private),North East,4 Neither,2018-Q3,598,25.3,19.3
Children Act (Private),North East,4 Neither,2018-Q4,570,24.2,18.8
Children Act (Private),North East,4 Neither,2019-Q1,582,25.3,19.9
Children Act (Private),North East,4 Neither,2019-Q2,657,25,20.3
Children Act (Private),North East,4 Neither,2019-Q3,687,24.2,19
Children Act (Private),North East,4 Neither,2019-Q4,663,25.4,19.9
Children Act (Private),North East,4 Neither,2020-Q1,663,28,21.4
Children Act (Private),North East,4 Neither,2020-Q2,454,27.3,22.1
Children Act (Private),North East,4 Neither,2020-Q3,569,30.9,24.7
Children Act (Private),North East,4 Neither,2020-Q4,671,31.5,23.7
Children Act (Private),North East,4 Neither,2021-Q1,733,33.8,24.7
Children Act (Private),North East,4 Neither,2021-Q2,682,30.3,22.8
Children Act (Private),North East,4 Neither,2021-Q3,623,31.7,22.6
Children Act (Private),North East,4 Neither,2021-Q4,632,31.6,23.6
Children Act (Private),North East,4 Neither,2022-Q1,686,30.5,25.1
Children Act (Private),North East,4 Neither,2022-Q2,703,29.4,22.4
Children Act (Private),North East,4 Neither,2022-Q3,659,30.2,21.6
Children Act (Private),North East,4 Neither,2022-Q4,672,32.1,24.1
Children Act (Private),North East,4 Neither,2023-Q1,752,29.3,23
Children Act (Private),North East,4 Neither,2023-Q2,648,29.2,21.8
Children Act (Private),North East,4 Neither,2023-Q3,653,29.2,21.9
Children Act (Private),North East,4 Neither,2023-Q4,611,28.6,21.7
Children Act (Private),North East,4 Neither,2024-Q1,659,27,21.3
Children Act (Private),North East,4 Neither,2024-Q2,668,24.8,19.4
Children Act (Private),North East,4 Neither,2024-Q3,715,25.7,20.7
Children Act (Private),North East,4 Neither,2024-Q4,653,24.4,18.9
Children Act (Private),North East,4 Neither,2025-Q1,646,23.2,19.1
Children Act (Private),North East,4 Neither,2025-Q2,704,23,18.1
Children Act (Private),North East,4 Neither,2025-Q3,710,20.6,15
Children Act (Private),North East,4 Neither,2025-Q4,685,20.4,14.9
Children Act (Private),North East,All types,2011-Q1,1867,34.7,25.6
Children Act (Private),North East,All types,2011-Q2,1663,34,24.1
Children Act (Private),North East,All types,2011-Q3,1684,32.4,23.1
Children Act (Private),North East,All types,2011-Q4,1601,35.2,25.3
Children Act (Private),North East,All types,2012-Q1,1799,35.3,24.9
Children Act (Private),North East,All types,2012-Q2,1706,33.7,23.7
Children Act (Private),North East,All types,2012-Q3,1692,33.3,23.1
Children Act (Private),North East,All types,2012-Q4,1771,32,23.1
Children Act (Private),North East,All types,2013-Q1,1658,33.7,24.9
Children Act (Private),North East,All types,2013-Q2,1856,34.6,25
Children Act (Private),North East,All types,2013-Q3,2146,32.7,22.9
Children Act (Private),North East,All types,2013-Q4,2041,34,24.3
Children Act (Private),North East,All types,2014-Q1,1766,32.3,25
Children Act (Private),North East,All types,2014-Q2,1819,33.3,25.1
Children Act (Private),North East,All types,2014-Q3,1587,33.7,23.6
Children Act (Private),North East,All types,2014-Q4,1429,31,20.7
Children Act (Private),North East,All types,2015-Q1,1342,29.4,19.6
Children Act (Private),North East,All types,2015-Q2,1302,28.1,19
Children Act (Private),North East,All types,2015-Q3,1414,25.2,17.9
Children Act (Private),North East,All types,2015-Q4,1355,25.2,18.6
Children Act (Private),North East,All types,2016-Q1,1342,24.9,18.9
Children Act (Private),North East,All types,2016-Q2,1477,24.8,18
Children Act (Private),North East,All types,2016-Q3,1369,23.1,18.3
Children Act (Private),North East,All types,2016-Q4,1345,24.4,19
Children Act (Private),North East,All types,2017-Q1,1440,24.2,19.4
Children Act (Private),North East,All types,2017-Q2,1415,25.6,19.4
Children Act (Private),North East,All types,2017-Q3,1700,24.5,19.6
Children Act (Private),North East,All types,2017-Q4,1540,25.3,19.9
Children Act (Private),North East,All types,2018-Q1,1308,27.8,21
Children Act (Private),North East,All types,2018-Q2,1329,26.2,20.9
Children Act (Private),North East,All types,2018-Q3,1486,26.7,20.9
Children Act (Private),North East,All types,2018-Q4,1456,27.7,21
Children Act (Private),North East,All types,2019-Q1,1528,27.6,21.7
Children Act (Private),North East,All types,2019-Q2,1525,28.5,21.9
Children Act (Private),North East,All types,2019-Q3,1613,27.9,21
Children Act (Private),North East,All types,2019-Q4,1554,29.7,22.1
Children Act (Private),North East,All types,2020-Q1,1587,30.7,23.7
Children Act (Private),North East,All types,2020-Q2,1050,30.2,23.6
Children Act (Private),North East,All types,2020-Q3,1434,34.1,27.6
Children Act (Private),North East,All types,2020-Q4,1625,36.4,28.1
Children Act (Private),North East,All types,2021-Q1,1827,37.7,28.1
Children Act (Private),North East,All types,2021-Q2,1680,35.2,27.5
Children Act (Private),North East,All types,2021-Q3,1587,38.6,28.1
Children Act (Private),North East,All types,2021-Q4,1581,37.3,28
Children Act (Private),North East,All types,2022-Q1,1622,37.2,29.9
Children Act (Private),North East,All types,2022-Q2,1632,36.1,27.1
Children Act (Private),North East,All types,2022-Q3,1640,36.2,26.1
Children Act (Private),North East,All types,2022-Q4,1624,38.7,27.9
Children Act (Private),North East,All types,2023-Q1,1729,36.7,26.7
Children Act (Private),North East,All types,2023-Q2,1537,36.7,27.3
Children Act (Private),North East,All types,2023-Q3,1546,34.9,25.4
Children Act (Private),North East,All types,2023-Q4,1541,33.9,25
Children Act (Private),North East,All types,2024-Q1,1555,32.4,23.9
Children Act (Private),North East,All types,2024-Q2,1511,30.1,23.1
Children Act (Private),North East,All types,2024-Q3,1675,32.1,23.6
Children Act (Private),North East,All types,2024-Q4,1559,30.3,23.4
Children Act (Private),North East,All types,2025-Q1,1572,29.4,23
Children Act (Private),North East,All types,2025-Q2,1608,27.4,22
Children Act (Private),North East,All types,2025-Q3,1671,24.9,20.1
Children Act (Private),North East,All types,2025-Q4,1562,24.7,19.1
Children Act (Private),North West,1 Both,2011-Q1,832,42,32.4
Children Act (Private),North West,1 Both,2011-Q2,770,40.6,32.9
Children Act (Private),North West,1 Both,2011-Q3,792,42.2,35
Children Act (Private),North West,1 Both,2011-Q4,764,44.7,36.1
Children Act (Private),North West,1 Both,2012-Q1,752,43.4,32
Children Act (Private),North West,1 Both,2012-Q2,724,43,32.3
Children Act (Private),North West,1 Both,2012-Q3,741,38.5,29.4
Children Act (Private),North West,1 Both,2012-Q4,697,40.9,31.6
Children Act (Private),North West,1 Both,2013-Q1,671,42.3,30.7
Children Act (Private),North West,1 Both,2013-Q2,647,40.3,32.7
Children Act (Private),North West,1 Both,2013-Q3,601,44.3,34.7
Children Act (Private),North West,1 Both,2013-Q4,514,43.4,36.5
Children Act (Private),North West,1 Both,2014-Q1,377,44.7,37.1
Children Act (Private),North West,1 Both,2014-Q2,351,49.3,41.9
Children Act (Private),North West,1 Both,2014-Q3,320,47,37.3
Children Act (Private),North West,1 Both,2014-Q4,263,47.3,36.9
Children Act (Private),North West,1 Both,2015-Q1,232,40.4,26.8
Children Act (Private),North West,1 Both,2015-Q2,232,44.5,27.5
Children Act (Private),North West,1 Both,2015-Q3,229,29.8,19
Children Act (Private),North West,1 Both,2015-Q4,225,29.7,23
Children Act (Private),North West,1 Both,2016-Q1,213,30.5,22.7
Children Act (Private),North West,1 Both,2016-Q2,240,30.4,21.1
Children Act (Private),North West,1 Both,2016-Q3,240,26.5,20
Children Act (Private),North West,1 Both,2016-Q4,214,28.6,22.1
Children Act (Private),North West,1 Both,2017-Q1,227,26.6,22.7
Children Act (Private),North West,1 Both,2017-Q2,212,30.2,24
Children Act (Private),North West,1 Both,2017-Q3,192,30.3,25.2
Children Act (Private),North West,1 Both,2017-Q4,217,27.1,22.4
Children Act (Private),North West,1 Both,2018-Q1,176,27.4,20.4
Children Act (Private),North West,1 Both,2018-Q2,223,32.2,29.4
Children Act (Private),North West,1 Both,2018-Q3,197,29.3,23
Children Act (Private),North West,1 Both,2018-Q4,214,33.1,27.6
Children Act (Private),North West,1 Both,2019-Q1,215,34.9,28.1
Children Act (Private),North West,1 Both,2019-Q2,209,34.8,30.6
Children Act (Private),North West,1 Both,2019-Q3,209,35.6,30
Children Act (Private),North West,1 Both,2019-Q4,201,36.2,29.1
Children Act (Private),North West,1 Both,2020-Q1,198,35.7,28.1
Children Act (Private),North West,1 Both,2020-Q2,122,33.3,26.2
Children Act (Private),North West,1 Both,2020-Q3,189,39.7,35
Children Act (Private),North West,1 Both,2020-Q4,224,44.6,39.1
Children Act (Private),North West,1 Both,2021-Q1,222,44,36.2
Children Act (Private),North West,1 Both,2021-Q2,249,43.2,37.9
Children Act (Private),North West,1 Both,2021-Q3,209,49.6,39.7
Children Act (Private),North West,1 Both,2021-Q4,211,48.2,39.6
Children Act (Private),North West,1 Both,2022-Q1,220,49.3,42
Children Act (Private),North West,1 Both,2022-Q2,227,52.2,43.9
Children Act (Private),North West,1 Both,2022-Q3,187,49,39.3
Children Act (Private),North West,1 Both,2022-Q4,195,52.4,46.9
Children Act (Private),North West,1 Both,2023-Q1,204,48.6,38.4
Children Act (Private),North West,1 Both,2023-Q2,252,50.9,41.7
Children Act (Private),North West,1 Both,2023-Q3,188,49,39.5
Children Act (Private),North West,1 Both,2023-Q4,196,49.8,39.1
Children Act (Private),North West,1 Both,2024-Q1,219,48.8,40
Children Act (Private),North West,1 Both,2024-Q2,196,49,36.1
Children Act (Private),North West,1 Both,2024-Q3,227,46.2,37.6
Children Act (Private),North West,1 Both,2024-Q4,188,50.1,45.5
Children Act (Private),North West,1 Both,2025-Q1,187,44.3,35
Children Act (Private),North West,1 Both,2025-Q2,197,48.1,39.1
Children Act (Private),North West,1 Both,2025-Q3,214,46.2,38.7
Children Act (Private),North West,1 Both,2025-Q4,174,45.8,36.3
Children Act (Private),North West,2 Applicant Only,2011-Q1,533,29.6,20.3
Children Act (Private),North West,2 Applicant Only,2011-Q2,435,26.3,18.6
Children Act (Private),North West,2 Applicant Only,2011-Q3,499,27,20.7
Children Act (Private),North West,2 Applicant Only,2011-Q4,413,25.5,17.4
Children Act (Private),North West,2 Applicant Only,2012-Q1,478,25.2,17.1
Children Act (Private),North West,2 Applicant Only,2012-Q2,476,25.5,18.4
Children Act (Private),North West,2 Applicant Only,2012-Q3,479,24.6,17
Children Act (Private),North West,2 Applicant Only,2012-Q4,505,26,18
Children Act (Private),North West,2 Applicant Only,2013-Q1,553,26.1,17.7
Children Act (Private),North West,2 Applicant Only,2013-Q2,550,25.9,17.5
Children Act (Private),North West,2 Applicant Only,2013-Q3,683,23.7,16.7
Children Act (Private),North West,2 Applicant Only,2013-Q4,686,27.2,22
Children Act (Private),North West,2 Applicant Only,2014-Q1,610,27.5,22.4
Children Act (Private),North West,2 Applicant Only,2014-Q2,523,26.9,21
Children Act (Private),North West,2 Applicant Only,2014-Q3,516,29.7,21.3
Children Act (Private),North West,2 Applicant Only,2014-Q4,465,26.5,16.9
Children Act (Private),North West,2 Applicant Only,2015-Q1,430,25.8,18.8
Children Act (Private),North West,2 Applicant Only,2015-Q2,461,24.6,15.9
Children Act (Private),North West,2 Applicant Only,2015-Q3,395,20.6,14.4
Children Act (Private),North West,2 Applicant Only,2015-Q4,380,22.5,16.7
Children Act (Private),North West,2 Applicant Only,2016-Q1,351,20.3,15.3
Children Act (Private),North West,2 Applicant Only,2016-Q2,420,20.7,15.3
Children Act (Private),North West,2 Applicant Only,2016-Q3,419,18.1,14.7
Children Act (Private),North West,2 Applicant Only,2016-Q4,378,19.2,16.4
Children Act (Private),North West,2 Applicant Only,2017-Q1,400,19.5,16.4
Children Act (Private),North West,2 Applicant Only,2017-Q2,433,20.6,16.9
Children Act (Private),North West,2 Applicant Only,2017-Q3,413,20.2,15.3
Children Act (Private),North West,2 Applicant Only,2017-Q4,363,21.6,18.4
Children Act (Private),North West,2 Applicant Only,2018-Q1,378,23.3,18.4
Children Act (Private),North West,2 Applicant Only,2018-Q2,401,23.1,19.4
Children Act (Private),North West,2 Applicant Only,2018-Q3,393,22.2,17.9
Children Act (Private),North West,2 Applicant Only,2018-Q4,366,23.1,18.7
Children Act (Private),North West,2 Applicant Only,2019-Q1,374,24.6,21
Children Act (Private),North West,2 Applicant Only,2019-Q2,380,24.7,19.7
Children Act (Private),North West,2 Applicant Only,2019-Q3,415,23.8,19.3
Children Act (Private),North West,2 Applicant Only,2019-Q4,357,24.1,19.7
Children Act (Private),North West,2 Applicant Only,2020-Q1,387,26.9,22.3
Children Act (Private),North West,2 Applicant Only,2020-Q2,237,25.5,20.9
Children Act (Private),North West,2 Applicant Only,2020-Q3,297,30.8,24.6
Children Act (Private),North West,2 Applicant Only,2020-Q4,337,31.8,26.4
Children Act (Private),North West,2 Applicant Only,2021-Q1,345,33.8,26.6
Children Act (Private),North West,2 Applicant Only,2021-Q2,363,35.2,29.9
Children Act (Private),North West,2 Applicant Only,2021-Q3,351,37.2,29.1
Children Act (Private),North West,2 Applicant Only,2021-Q4,329,35.5,26.4
Children Act (Private),North West,2 Applicant Only,2022-Q1,381,39.3,33.6
Children Act (Private),North West,2 Applicant Only,2022-Q2,369,36.9,28.3
Children Act (Private),North West,2 Applicant Only,2022-Q3,373,37.6,31
Children Act (Private),North West,2 Applicant Only,2022-Q4,348,36.1,31
Children Act (Private),North West,2 Applicant Only,2023-Q1,309,38,29.9
Children Act (Private),North West,2 Applicant Only,2023-Q2,324,37.8,30
Children Act (Private),North West,2 Applicant Only,2023-Q3,290,36.1,27.7
Children Act (Private),North West,2 Applicant Only,2023-Q4,281,34.4,26
Children Act (Private),North West,2 Applicant Only,2024-Q1,345,35.2,28.1
Children Act (Private),North West,2 Applicant Only,2024-Q2,289,31.4,27.4
Children Act (Private),North West,2 Applicant Only,2024-Q3,341,31.6,25.6
Children Act (Private),North West,2 Applicant Only,2024-Q4,339,35.3,27.3
Children Act (Private),North West,2 Applicant Only,2025-Q1,343,35,28.9
Children Act (Private),North West,2 Applicant Only,2025-Q2,316,39.7,33
Children Act (Private),North West,2 Applicant Only,2025-Q3,298,33.7,25.8
Children Act (Private),North West,2 Applicant Only,2025-Q4,298,39.5,28.4
Children Act (Private),North West,3 Respondent Only,2011-Q1,132,41.7,35
Children Act (Private),North West,3 Respondent Only,2011-Q2,149,33.4,29.3
Children Act (Private),North West,3 Respondent Only,2011-Q3,135,46.3,32.1
Children Act (Private),North West,3 Respondent Only,2011-Q4,115,42.2,34.1
Children Act (Private),North West,3 Respondent Only,2012-Q1,129,36,28.7
Children Act (Private),North West,3 Respondent Only,2012-Q2,136,42.9,30
Children Act (Private),North West,3 Respondent Only,2012-Q3,138,36.8,27.7
Children Act (Private),North West,3 Respondent Only,2012-Q4,124,41.9,31.8
Children Act (Private),North West,3 Respondent Only,2013-Q1,147,42.4,33.4
Children Act (Private),North West,3 Respondent Only,2013-Q2,141,36.2,29
Children Act (Private),North West,3 Respondent Only,2013-Q3,148,37.8,33
Children Act (Private),North West,3 Respondent Only,2013-Q4,129,36.6,30.1
Children Act (Private),North West,3 Respondent Only,2014-Q1,145,37.8,30.6
Children Act (Private),North West,3 Respondent Only,2014-Q2,148,38.8,31.6
Children Act (Private),North West,3 Respondent Only,2014-Q3,140,36.5,25.8
Children Act (Private),North West,3 Respondent Only,2014-Q4,141,37.9,27.9
Children Act (Private),North West,3 Respondent Only,2015-Q1,127,33.1,21.9
Children Act (Private),North West,3 Respondent Only,2015-Q2,144,36.7,27.9
Children Act (Private),North West,3 Respondent Only,2015-Q3,138,33.6,24.5
Children Act (Private),North West,3 Respondent Only,2015-Q4,136,29.2,20.8
Children Act (Private),North West,3 Respondent Only,2016-Q1,154,28.4,21.2
Children Act (Private),North West,3 Respondent Only,2016-Q2,132,28.2,25.9
Children Act (Private),North West,3 Respondent Only,2016-Q3,173,24.3,19.4
Children Act (Private),North West,3 Respondent Only,2016-Q4,154,30.1,22.7
Children Act (Private),North West,3 Respondent Only,2017-Q1,168,28.8,23.4
Children Act (Private),North West,3 Respondent Only,2017-Q2,184,31.3,27.2
Children Act (Private),North West,3 Respondent Only,2017-Q3,167,32.1,24.9
Children Act (Private),North West,3 Respondent Only,2017-Q4,175,35,27.6
Children Act (Private),North West,3 Respondent Only,2018-Q1,151,30.9,24.6
Children Act (Private),North West,3 Respondent Only,2018-Q2,175,34.8,27
Children Act (Private),North West,3 Respondent Only,2018-Q3,170,31.8,26.4
Children Act (Private),North West,3 Respondent Only,2018-Q4,139,35.9,31.4
Children Act (Private),North West,3 Respondent Only,2019-Q1,161,40.2,33.6
Children Act (Private),North West,3 Respondent Only,2019-Q2,165,36.8,26.1
Children Act (Private),North West,3 Respondent Only,2019-Q3,208,36.7,29.2
Children Act (Private),North West,3 Respondent Only,2019-Q4,162,39.2,32
Children Act (Private),North West,3 Respondent Only,2020-Q1,179,39.7,30.6
Children Act (Private),North West,3 Respondent Only,2020-Q2,101,41.9,32.7
Children Act (Private),North West,3 Respondent Only,2020-Q3,193,43.3,36.3
Children Act (Private),North West,3 Respondent Only,2020-Q4,191,50.6,43.1
Children Act (Private),North West,3 Respondent Only,2021-Q1,201,51.4,45
Children Act (Private),North West,3 Respondent Only,2021-Q2,189,56.5,46.3
Children Act (Private),North West,3 Respondent Only,2021-Q3,230,49.7,41.1
Children Act (Private),North West,3 Respondent Only,2021-Q4,231,53.2,45
Children Act (Private),North West,3 Respondent Only,2022-Q1,234,54.5,50.8
Children Act (Private),North West,3 Respondent Only,2022-Q2,196,54.2,42.6
Children Act (Private),North West,3 Respondent Only,2022-Q3,228,52.5,42.1
Children Act (Private),North West,3 Respondent Only,2022-Q4,221,53.3,42.6
Children Act (Private),North West,3 Respondent Only,2023-Q1,223,56.3,45
Children Act (Private),North West,3 Respondent Only,2023-Q2,203,52.8,44.1
Children Act (Private),North West,3 Respondent Only,2023-Q3,188,55.8,46.2
Children Act (Private),North West,3 Respondent Only,2023-Q4,223,55.3,51.1
Children Act (Private),North West,3 Respondent Only,2024-Q1,224,51.9,44
Children Act (Private),North West,3 Respondent Only,2024-Q2,228,53.4,43.5
Children Act (Private),North West,3 Respondent Only,2024-Q3,257,48.4,40.9
Children Act (Private),North West,3 Respondent Only,2024-Q4,238,54,45.8
Children Act (Private),North West,3 Respondent Only,2025-Q1,241,52.6,44.1
Children Act (Private),North West,3 Respondent Only,2025-Q2,204,50.3,39.1
Children Act (Private),North West,3 Respondent Only,2025-Q3,247,52.6,41.1
Children Act (Private),North West,3 Respondent Only,2025-Q4,208,55.5,40.1
Children Act (Private),North West,4 Neither,2011-Q1,171,31.3,19.1
Children Act (Private),North West,4 Neither,2011-Q2,152,22.7,16.5
Children Act (Private),North West,4 Neither,2011-Q3,184,25.9,18.3
Children Act (Private),North West,4 Neither,2011-Q4,155,28.5,19
Children Act (Private),North West,4 Neither,2012-Q1,172,29.4,20.5
Children Act (Private),North West,4 Neither,2012-Q2,174,24.2,15.2
Children Act (Private),North West,4 Neither,2012-Q3,187,27.6,18.1
Children Act (Private),North West,4 Neither,2012-Q4,205,25.4,18.4
Children Act (Private),North West,4 Neither,2013-Q1,197,25.3,17.1
Children Act (Private),North West,4 Neither,2013-Q2,204,19.9,11.8
Children Act (Private),North West,4 Neither,2013-Q3,368,22.2,14.9
Children Act (Private),North West,4 Neither,2013-Q4,460,20.6,14.7
Children Act (Private),North West,4 Neither,2014-Q1,463,22.3,17.1
Children Act (Private),North West,4 Neither,2014-Q2,511,21.8,17
Children Act (Private),North West,4 Neither,2014-Q3,480,22.7,18.9
Children Act (Private),North West,4 Neither,2014-Q4,440,24,18.1
Children Act (Private),North West,4 Neither,2015-Q1,460,24,18.1
Children Act (Private),North West,4 Neither,2015-Q2,460,24.3,17.4
Children Act (Private),North West,4 Neither,2015-Q3,485,20.8,15.9
Children Act (Private),North West,4 Neither,2015-Q4,506,18.5,14.7
Children Act (Private),North West,4 Neither,2016-Q1,504,20.5,15.7
Children Act (Private),North West,4 Neither,2016-Q2,586,20.5,15.9
Children Act (Private),North West,4 Neither,2016-Q3,532,19.4,14.9
Children Act (Private),North West,4 Neither,2016-Q4,489,19.4,15.4
Children Act (Private),North West,4 Neither,2017-Q1,549,22,17.9
Children Act (Private),North West,4 Neither,2017-Q2,585,21,16.9
Children Act (Private),North West,4 Neither,2017-Q3,542,21,16.6
Children Act (Private),North West,4 Neither,2017-Q4,546,21.6,17.7
Children Act (Private),North West,4 Neither,2018-Q1,595,23,19.3
Children Act (Private),North West,4 Neither,2018-Q2,617,22.5,18.4
Children Act (Private),North West,4 Neither,2018-Q3,669,24.3,18.9
Children Act (Private),North West,4 Neither,2018-Q4,551,24,19.6
Children Act (Private),North West,4 Neither,2019-Q1,684,25.9,21.1
Children Act (Private),North West,4 Neither,2019-Q2,702,26,20.1
Children Act (Private),North West,4 Neither,2019-Q3,723,26.5,21.9
Children Act (Private),North West,4 Neither,2019-Q4,658,26.2,20.5
Children Act (Private),North West,4 Neither,2020-Q1,641,28.2,21.9
Children Act (Private),North West,4 Neither,2020-Q2,425,27.7,24
Children Act (Private),North West,4 Neither,2020-Q3,592,29,25
Children Act (Private),North West,4 Neither,2020-Q4,614,32.7,28.6
Children Act (Private),North West,4 Neither,2021-Q1,651,34.4,28.6
Children Act (Private),North West,4 Neither,2021-Q2,652,34.9,29.3
Children Act (Private),North West,4 Neither,2021-Q3,661,35.3,28
Children Act (Private),North West,4 Neither,2021-Q4,623,34.7,29
Children Act (Private),North West,4 Neither,2022-Q1,670,35.9,30.6
Children Act (Private),North West,4 Neither,2022-Q2,697,37.2,28.4
Children Act (Private),North West,4 Neither,2022-Q3,686,33.2,25.3
Children Act (Private),North West,4 Neither,2022-Q4,679,34.5,27
Children Act (Private),North West,4 Neither,2023-Q1,813,34.3,27.4
Children Act (Private),North West,4 Neither,2023-Q2,701,34.8,26.1
Children Act (Private),North West,4 Neither,2023-Q3,654,34,26.7
Children Act (Private),North West,4 Neither,2023-Q4,627,35.6,27.1
Children Act (Private),North West,4 Neither,2024-Q1,675,33.1,26.7
Children Act (Private),North West,4 Neither,2024-Q2,657,33.1,28.1
Children Act (Private),North West,4 Neither,2024-Q3,721,30.8,25
Children Act (Private),North West,4 Neither,2024-Q4,625,31.5,24.9
Children Act (Private),North West,4 Neither,2025-Q1,684,31.8,24.7
Children Act (Private),North West,4 Neither,2025-Q2,635,33.7,24.9
Children Act (Private),North West,4 Neither,2025-Q3,659,33.8,24.9
Children Act (Private),North West,4 Neither,2025-Q4,555,32.5,26.3
Children Act (Private),North West,All types,2011-Q1,1668,36.9,27.1
Children Act (Private),North West,All types,2011-Q2,1506,33.9,26
Children Act (Private),North West,All types,2011-Q3,1610,36,27.6
Children Act (Private),North West,All types,2011-Q4,1447,37.3,27.9
Children Act (Private),North West,All types,2012-Q1,1531,35.5,25.6
Children Act (Private),North West,All types,2012-Q2,1510,35.3,25.4
Children Act (Private),North West,All types,2012-Q3,1545,32.7,24.1
Children Act (Private),North West,All types,2012-Q4,1531,34,24.3
Children Act (Private),North West,All types,2013-Q1,1568,34.5,24.2
Children Act (Private),North West,All types,2013-Q2,1542,32.1,24.1
Children Act (Private),North West,All types,2013-Q3,1800,31.4,22.1
Children Act (Private),North West,All types,2013-Q4,1789,30.8,23.3
Children Act (Private),North West,All types,2014-Q1,1595,31,23.9
Children Act (Private),North West,All types,2014-Q2,1533,31.5,24.1
Children Act (Private),North West,All types,2014-Q3,1456,31.9,23.1
Children Act (Private),North West,All types,2014-Q4,1309,31.1,20.9
Children Act (Private),North West,All types,2015-Q1,1249,28.6,20.1
Children Act (Private),North West,All types,2015-Q2,1297,29.4,19.1
Children Act (Private),North West,All types,2015-Q3,1247,23.8,17
Children Act (Private),North West,All types,2015-Q4,1247,22.9,17.1
Children Act (Private),North West,All types,2016-Q1,1222,23.2,17.3
Children Act (Private),North West,All types,2016-Q2,1378,23,17.7
Children Act (Private),North West,All types,2016-Q3,1364,20.9,16
Children Act (Private),North West,All types,2016-Q4,1235,22.3,17.6
Children Act (Private),North West,All types,2017-Q1,1344,22.9,19
Children Act (Private),North West,All types,2017-Q2,1414,23.6,18.9
Children Act (Private),North West,All types,2017-Q3,1314,23.5,18
Children Act (Private),North West,All types,2017-Q4,1301,24.3,19.4
Children Act (Private),North West,All types,2018-Q1,1300,24.6,19.7
Children Act (Private),North West,All types,2018-Q2,1416,25.7,20.6
Children Act (Private),North West,All types,2018-Q3,1429,25.3,19.6
Children Act (Private),North West,All types,2018-Q4,1270,26.6,21
Children Act (Private),North West,All types,2019-Q1,1434,28.5,22.8
Children Act (Private),North West,All types,2019-Q2,1456,28.1,22
Children Act (Private),North West,All types,2019-Q3,1555,28.3,22.6
Children Act (Private),North West,All types,2019-Q4,1378,28.6,21.8
Children Act (Private),North West,All types,2020-Q1,1405,30.3,23.9
Children Act (Private),North West,All types,2020-Q2,885,29.5,24.4
Children Act (Private),North West,All types,2020-Q3,1271,33.2,27.6
Children Act (Private),North West,All types,2020-Q4,1366,36.9,30.9
Children Act (Private),North West,All types,2021-Q1,1419,38.2,31.6
Children Act (Private),North West,All types,2021-Q2,1453,39.2,33.1
Children Act (Private),North West,All types,2021-Q3,1451,40.1,32.1
Children Act (Private),North West,All types,2021-Q4,1394,40,33
Children Act (Private),North West,All types,2022-Q1,1505,41.6,34.7
Children Act (Private),North West,All types,2022-Q2,1489,41.7,32.6
Children Act (Private),North West,All types,2022-Q3,1474,39.3,31
Children Act (Private),North West,All types,2022-Q4,1443,40.2,32.4
Children Act (Private),North West,All types,2023-Q1,1549,40.1,31.1
Children Act (Private),North West,All types,2023-Q2,1480,40.6,31.4
Children Act (Private),North West,All types,2023-Q3,1320,39.7,31
Children Act (Private),North West,All types,2023-Q4,1327,40.7,31.4
Children Act (Private),North West,All types,2024-Q1,1463,38.8,31.6
Children Act (Private),North West,All types,2024-Q2,1370,38.4,30.6
Children Act (Private),North West,All types,2024-Q3,1546,36.2,29.1
Children Act (Private),North West,All types,2024-Q4,1390,38.8,30.7
Children Act (Private),North West,All types,2025-Q1,1455,37.6,29
Children Act (Private),North West,All types,2025-Q2,1352,39.7,30.7
Children Act (Private),North West,All types,2025-Q3,1418,38.9,29.2
Children Act (Private),North West,All types,2025-Q4,1235,39.9,30.7
Children Act (Private),Not specified,1 Both,2011-Q4,1,111.3,111.3
Children Act (Private),Not specified,4 Neither,2011-Q1,1,154.9,154.9
Children Act (Private),Not specified,All types,2011-Q1,1,154.9,154.9
Children Act (Private),Not specified,All types,2011-Q4,1,111.3,111.3
Children Act (Private),South East,1 Both,2011-Q1,654,32.3,24.7
Children Act (Private),South East,1 Both,2011-Q2,604,35.8,28.5
Children Act (Private),South East,1 Both,2011-Q3,680,38.4,30.3
Children Act (Private),South East,1 Both,2011-Q4,605,33.9,26.4
Children Act (Private),South East,1 Both,2012-Q1,583,38.3,28.9
Children Act (Private),South East,1 Both,2012-Q2,646,37.8,27.7
Children Act (Private),South East,1 Both,2012-Q3,632,39.6,27.7
Children Act (Private),South East,1 Both,2012-Q4,667,38.7,26
Children Act (Private),South East,1 Both,2013-Q1,575,35.8,27
Children Act (Private),South East,1 Both,2013-Q2,567,40.6,30.7
Children Act (Private),South East,1 Both,2013-Q3,505,42.6,33.9
Children Act (Private),South East,1 Both,2013-Q4,449,40.9,31.9
Children Act (Private),South East,1 Both,2014-Q1,370,42.6,34.2
Children Act (Private),South East,1 Both,2014-Q2,359,43.7,33.9
Children Act (Private),South East,1 Both,2014-Q3,373,46.8,32
Children Act (Private),South East,1 Both,2014-Q4,257,37.8,27.6
Children Act (Private),South East,1 Both,2015-Q1,267,39.2,23.3
Children Act (Private),South East,1 Both,2015-Q2,281,31.6,23.9
Children Act (Private),South East,1 Both,2015-Q3,300,29.8,19
Children Act (Private),South East,1 Both,2015-Q4,272,27,21.2
Children Act (Private),South East,1 Both,2016-Q1,277,25,20.3
Children Act (Private),South East,1 Both,2016-Q2,308,25.5,19.3
Children Act (Private),South East,1 Both,2016-Q3,288,23,18.2
Children Act (Private),South East,1 Both,2016-Q4,257,27.4,21.1
Children Act (Private),South East,1 Both,2017-Q1,301,28.3,21.9
Children Act (Private),South East,1 Both,2017-Q2,272,27.6,22
Children Act (Private),South East,1 Both,2017-Q3,304,25.9,21.5
Children Act (Private),South East,1 Both,2017-Q4,261,25.6,22
Children Act (Private),South East,1 Both,2018-Q1,245,25.4,21.7
Children Act (Private),South East,1 Both,2018-Q2,264,29.8,24.1
Children Act (Private),South East,1 Both,2018-Q3,273,29.2,24
Children Act (Private),South East,1 Both,2018-Q4,284,30.2,24
Children Act (Private),South East,1 Both,2019-Q1,251,30.7,25.1
Children Act (Private),South East,1 Both,2019-Q2,303,31,26.7
Children Act (Private),South East,1 Both,2019-Q3,293,29.5,24.9
Children Act (Private),South East,1 Both,2019-Q4,305,34.4,29.1
Children Act (Private),South East,1 Both,2020-Q1,303,37.5,32.1
Children Act (Private),South East,1 Both,2020-Q2,165,33.5,27.7
Children Act (Private),South East,1 Both,2020-Q3,253,35.4,31.9
Children Act (Private),South East,1 Both,2020-Q4,280,41.4,33.8
Children Act (Private),South East,1 Both,2021-Q1,324,45.2,38.1
Children Act (Private),South East,1 Both,2021-Q2,328,45.8,40.8
Children Act (Private),South East,1 Both,2021-Q3,325,47.3,43.6
Children Act (Private),South East,1 Both,2021-Q4,294,53.6,46.3
Children Act (Private),South East,1 Both,2022-Q1,314,53.7,48.1
Children Act (Private),South East,1 Both,2022-Q2,255,56.9,53.6
Children Act (Private),South East,1 Both,2022-Q3,267,50.6,45
Children Act (Private),South East,1 Both,2022-Q4,308,58.7,51.8
Children Act (Private),South East,1 Both,2023-Q1,350,60.4,52.1
Children Act (Private),South East,1 Both,2023-Q2,335,55.4,48.1
Children Act (Private),South East,1 Both,2023-Q3,341,54.5,48.4
Children Act (Private),South East,1 Both,2023-Q4,313,60.7,52.9
Children Act (Private),South East,1 Both,2024-Q1,348,58.8,44
Children Act (Private),South East,1 Both,2024-Q2,307,53.5,43.9
Children Act (Private),South East,1 Both,2024-Q3,351,61.6,49
Children Act (Private),South East,1 Both,2024-Q4,291,54.5,46.6
Children Act (Private),South East,1 Both,2025-Q1,295,59.1,44
Children Act (Private),South East,1 Both,2025-Q2,262,57.1,45.2
Children Act (Private),South East,1 Both,2025-Q3,287,52.9,45.9
Children Act (Private),South East,1 Both,2025-Q4,241,52.4,40.9
Children Act (Private),South East,2 Applicant Only,2011-Q1,510,21.7,14
Children Act (Private),South East,2 Applicant Only,2011-Q2,459,22.3,15.6
Children Act (Private),South East,2 Applicant Only,2011-Q3,492,23.7,16.1
Children Act (Private),South East,2 Applicant Only,2011-Q4,504,22.6,14.7
Children Act (Private),South East,2 Applicant Only,2012-Q1,540,23.4,13.2
Children Act (Private),South East,2 Applicant Only,2012-Q2,574,23.9,15.6
Children Act (Private),South East,2 Applicant Only,2012-Q3,586,23.1,16.6
Children Act (Private),South East,2 Applicant Only,2012-Q4,654,26.3,15.4
Children Act (Private),South East,2 Applicant Only,2013-Q1,555,22.5,15.1
Children Act (Private),South East,2 Applicant Only,2013-Q2,622,21.1,12.7
Children Act (Private),South East,2 Applicant Only,2013-Q3,651,23.5,15.9
Children Act (Private),South East,2 Applicant Only,2013-Q4,685,23,16.7
Children Act (Private),South East,2 Applicant Only,2014-Q1,607,24.2,18.4
Children Act (Private),South East,2 Applicant Only,2014-Q2,504,26.7,18.6
Children Act (Private),South East,2 Applicant Only,2014-Q3,574,25.7,18.4
Children Act (Private),South East,2 Applicant Only,2014-Q4,504,23.8,13.1
Children Act (Private),South East,2 Applicant Only,2015-Q1,573,23.8,15.7
Children Act (Private),South East,2 Applicant Only,2015-Q2,500,20,12.3
Children Act (Private),South East,2 Applicant Only,2015-Q3,552,21.2,14.1
Children Act (Private),South East,2 Applicant Only,2015-Q4,526,18.1,12.4
Children Act (Private),South East,2 Applicant Only,2016-Q1,590,19,14.2
Children Act (Private),South East,2 Applicant Only,2016-Q2,529,20.1,14.3
Children Act (Private),South East,2 Applicant Only,2016-Q3,530,17.9,13
Children Act (Private),South East,2 Applicant Only,2016-Q4,536,18.3,13.7
Children Act (Private),South East,2 Applicant Only,2017-Q1,458,18.8,13.9
Children Act (Private),South East,2 Applicant Only,2017-Q2,516,17.5,12
Children Act (Private),South East,2 Applicant Only,2017-Q3,493,17.5,12.3
Children Act (Private),South East,2 Applicant Only,2017-Q4,456,20.3,15.7
Children Act (Private),South East,2 Applicant Only,2018-Q1,487,20.1,16.1
Children Act (Private),South East,2 Applicant Only,2018-Q2,517,22.8,19.1
Children Act (Private),South East,2 Applicant Only,2018-Q3,479,20,15.4
Children Act (Private),South East,2 Applicant Only,2018-Q4,499,20.5,16.4
Children Act (Private),South East,2 Applicant Only,2019-Q1,459,23.2,19
Children Act (Private),South East,2 Applicant Only,2019-Q2,445,23.6,19
Children Act (Private),South East,2 Applicant Only,2019-Q3,524,23.6,17.3
Children Act (Private),South East,2 Applicant Only,2019-Q4,463,23.8,19.7
Children Act (Private),South East,2 Applicant Only,2020-Q1,447,28.6,21.9
Children Act (Private),South East,2 Applicant Only,2020-Q2,294,23.4,18.8
Children Act (Private),South East,2 Applicant Only,2020-Q3,431,26.3,21.9
Children Act (Private),South East,2 Applicant Only,2020-Q4,375,34.3,27.6
Children Act (Private),South East,2 Applicant Only,2021-Q1,420,39.3,31
Children Act (Private),South East,2 Applicant Only,2021-Q2,483,38.7,33.9
Children Act (Private),South East,2 Applicant Only,2021-Q3,455,40.3,34
Children Act (Private),South East,2 Applicant Only,2021-Q4,401,40.1,34.9
Children Act (Private),South East,2 Applicant Only,2022-Q1,474,43.6,36
Children Act (Private),South East,2 Applicant Only,2022-Q2,393,41,33
Children Act (Private),South East,2 Applicant Only,2022-Q3,462,42.3,34
Children Act (Private),South East,2 Applicant Only,2022-Q4,434,46.8,37.2
Children Act (Private),South East,2 Applicant Only,2023-Q1,519,45.7,35.7
Children Act (Private),South East,2 Applicant Only,2023-Q2,490,40.7,30.5
Children Act (Private),South East,2 Applicant Only,2023-Q3,563,43.6,32.4
Children Act (Private),South East,2 Applicant Only,2023-Q4,475,42.8,30.9
Children Act (Private),South East,2 Applicant Only,2024-Q1,500,42.9,32.7
Children Act (Private),South East,2 Applicant Only,2024-Q2,467,42.6,33
Children Act (Private),South East,2 Applicant Only,2024-Q3,479,41.5,29.7
Children Act (Private),South East,2 Applicant Only,2024-Q4,504,40.1,31.5
Children Act (Private),South East,2 Applicant Only,2025-Q1,440,41.5,32
Children Act (Private),South East,2 Applicant Only,2025-Q2,451,38.9,29.1
Children Act (Private),South East,2 Applicant Only,2025-Q3,434,40.2,30
Children Act (Private),South East,2 Applicant Only,2025-Q4,422,39.2,30.4
Children Act (Private),South East,3 Respondent Only,2011-Q1,221,35.1,27.4
Children Act (Private),South East,3 Respondent Only,2011-Q2,202,35.9,27.1
Children Act (Private),South East,3 Respondent Only,2011-Q3,219,33.6,26.7
Children Act (Private),South East,3 Respondent Only,2011-Q4,225,34.2,22.7
Children Act (Private),South East,3 Respondent Only,2012-Q1,244,35.9,26.4
Children Act (Private),South East,3 Respondent Only,2012-Q2,249,40.1,30.6
Children Act (Private),South East,3 Respondent Only,2012-Q3,280,32,23.7
Children Act (Private),South East,3 Respondent Only,2012-Q4,237,38.2,28.4
Children Act (Private),South East,3 Respondent Only,2013-Q1,215,33.5,22.1
Children Act (Private),South East,3 Respondent Only,2013-Q2,265,38.2,26
Children Act (Private),South East,3 Respondent Only,2013-Q3,211,39.5,29.6
Children Act (Private),South East,3 Respondent Only,2013-Q4,224,36.1,25.4
Children Act (Private),South East,3 Respondent Only,2014-Q1,228,43,29.4
Children Act (Private),South East,3 Respondent Only,2014-Q2,199,43.3,33.7
Children Act (Private),South East,3 Respondent Only,2014-Q3,207,40,26.4
Children Act (Private),South East,3 Respondent Only,2014-Q4,217,33.3,21
Children Act (Private),South East,3 Respondent Only,2015-Q1,206,32.3,24
Children Act (Private),South East,3 Respondent Only,2015-Q2,191,31.2,26.1
Children Act (Private),South East,3 Respondent Only,2015-Q3,208,34.4,23
Children Act (Private),South East,3 Respondent Only,2015-Q4,206,29.4,20.2
Children Act (Private),South East,3 Respondent Only,2016-Q1,209,25.8,19
Children Act (Private),South East,3 Respondent Only,2016-Q2,228,26.1,20.1
Children Act (Private),South East,3 Respondent Only,2016-Q3,231,26.1,20.9
Children Act (Private),South East,3 Respondent Only,2016-Q4,231,26.6,20.9
Children Act (Private),South East,3 Respondent Only,2017-Q1,205,30.5,24.1
Children Act (Private),South East,3 Respondent Only,2017-Q2,196,25.9,20.7
Children Act (Private),South East,3 Respondent Only,2017-Q3,210,31.2,22.7
Children Act (Private),South East,3 Respondent Only,2017-Q4,228,28.7,22
Children Act (Private),South East,3 Respondent Only,2018-Q1,214,30.6,24.4
Children Act (Private),South East,3 Respondent Only,2018-Q2,197,28.8,23.7
Children Act (Private),South East,3 Respondent Only,2018-Q3,209,34.6,27
Children Act (Private),South East,3 Respondent Only,2018-Q4,236,33.1,27.4
Children Act (Private),South East,3 Respondent Only,2019-Q1,247,32.1,25.6
Children Act (Private),South East,3 Respondent Only,2019-Q2,245,33.2,27.9
Children Act (Private),South East,3 Respondent Only,2019-Q3,279,40,33
Children Act (Private),South East,3 Respondent Only,2019-Q4,235,34.1,30.4
Children Act (Private),South East,3 Respondent Only,2020-Q1,231,36.4,31
Children Act (Private),South East,3 Respondent Only,2020-Q2,124,32.4,25.5
Children Act (Private),South East,3 Respondent Only,2020-Q3,201,39.4,34.3
Children Act (Private),South East,3 Respondent Only,2020-Q4,255,44.7,38.6
Children Act (Private),South East,3 Respondent Only,2021-Q1,272,49.3,41.8
Children Act (Private),South East,3 Respondent Only,2021-Q2,297,47.6,43
Children Act (Private),South East,3 Respondent Only,2021-Q3,319,51.5,44.3
Children Act (Private),South East,3 Respondent Only,2021-Q4,331,57.4,49.3
Children Act (Private),South East,3 Respondent Only,2022-Q1,338,53.6,48
Children Act (Private),South East,3 Respondent Only,2022-Q2,308,60.2,54
Children Act (Private),South East,3 Respondent Only,2022-Q3,298,61.2,53.9
Children Act (Private),South East,3 Respondent Only,2022-Q4,329,65.5,55.1
Children Act (Private),South East,3 Respondent Only,2023-Q1,382,65,56.3
Children Act (Private),South East,3 Respondent Only,2023-Q2,362,62.8,54.5
Children Act (Private),South East,3 Respondent Only,2023-Q3,381,69.3,60.4
Children Act (Private),South East,3 Respondent Only,2023-Q4,342,58.5,46
Children Act (Private),South East,3 Respondent Only,2024-Q1,416,61.4,47.4
Children Act (Private),South East,3 Respondent Only,2024-Q2,374,58.9,45.5
Children Act (Private),South East,3 Respondent Only,2024-Q3,392,64.2,48.4
Children Act (Private),South East,3 Respondent Only,2024-Q4,364,60.5,46
Children Act (Private),South East,3 Respondent Only,2025-Q1,356,61.1,48.4
Children Act (Private),South East,3 Respondent Only,2025-Q2,349,59.1,45.9
Children Act (Private),South East,3 Respondent Only,2025-Q3,374,55.4,45
Children Act (Private),South East,3 Respondent Only,2025-Q4,327,54.2,45.1
Children Act (Private),South East,4 Neither,2011-Q1,341,25.4,17.1
Children Act (Private),South East,4 Neither,2011-Q2,342,23.3,13.5
Children Act (Private),South East,4 Neither,2011-Q3,366,24.5,16.2
Children Act (Private),South East,4 Neither,2011-Q4,401,23.3,15.7
Children Act (Private),South East,4 Neither,2012-Q1,413,24,15.4
Children Act (Private),South East,4 Neither,2012-Q2,408,23.9,13.8
Children Act (Private),South East,4 Neither,2012-Q3,417,25.4,15.3
Children Act (Private),South East,4 Neither,2012-Q4,493,30.1,19
Children Act (Private),South East,4 Neither,2013-Q1,424,24.3,15.7
Children Act (Private),South East,4 Neither,2013-Q2,490,22.2,12.4
Children Act (Private),South East,4 Neither,2013-Q3,598,21.1,12.1
Children Act (Private),South East,4 Neither,2013-Q4,684,18.2,12.3
Children Act (Private),South East,4 Neither,2014-Q1,724,21.6,16
Children Act (Private),South East,4 Neither,2014-Q2,747,22.2,16.4
Children Act (Private),South East,4 Neither,2014-Q3,792,25.1,19
Children Act (Private),South East,4 Neither,2014-Q4,711,23.2,17.3
Children Act (Private),South East,4 Neither,2015-Q1,712,22.1,15.5
Children Act (Private),South East,4 Neither,2015-Q2,763,21.7,14
Children Act (Private),South East,4 Neither,2015-Q3,841,20.3,13.3
Children Act (Private),South East,4 Neither,2015-Q4,776,19.5,15
Children Act (Private),South East,4 Neither,2016-Q1,932,18.9,14.4
Children Act (Private),South East,4 Neither,2016-Q2,850,18.5,12.2
Children Act (Private),South East,4 Neither,2016-Q3,877,17.3,11.3
Children Act (Private),South East,4 Neither,2016-Q4,837,19,12.7
Children Act (Private),South East,4 Neither,2017-Q1,866,19.8,14.6
Children Act (Private),South East,4 Neither,2017-Q2,902,18.6,13
Children Act (Private),South East,4 Neither,2017-Q3,934,18.6,13.7
Children Act (Private),South East,4 Neither,2017-Q4,891,19.7,14.9
Children Act (Private),South East,4 Neither,2018-Q1,868,20.9,16.1
Children Act (Private),South East,4 Neither,2018-Q2,985,22.5,17.9
Children Act (Private),South East,4 Neither,2018-Q3,926,21.4,17
Children Act (Private),South East,4 Neither,2018-Q4,999,22.1,17.9
Children Act (Private),South East,4 Neither,2019-Q1,968,23.5,19
Children Act (Private),South East,4 Neither,2019-Q2,1057,23.4,18.7
Children Act (Private),South East,4 Neither,2019-Q3,1073,22.9,18.6
Children Act (Private),South East,4 Neither,2019-Q4,1007,24.5,19.1
Children Act (Private),South East,4 Neither,2020-Q1,1029,25.3,20
Children Act (Private),South East,4 Neither,2020-Q2,600,22.9,18
Children Act (Private),South East,4 Neither,2020-Q3,864,32.2,27.5
Children Act (Private),South East,4 Neither,2020-Q4,910,34.7,28.1
Children Act (Private),South East,4 Neither,2021-Q1,1001,36.8,30.3
Children Act (Private),South East,4 Neither,2021-Q2,1046,37.1,31.3
Children Act (Private),South East,4 Neither,2021-Q3,1124,37.1,30.7
Children Act (Private),South East,4 Neither,2021-Q4,953,42.7,35.3
Children Act (Private),South East,4 Neither,2022-Q1,1063,40.7,34.4
Children Act (Private),South East,4 Neither,2022-Q2,970,40.5,33.7
Children Act (Private),South East,4 Neither,2022-Q3,1181,41.1,33.9
Children Act (Private),South East,4 Neither,2022-Q4,1224,44.4,33.8
Children Act (Private),South East,4 Neither,2023-Q1,1396,43.2,33.1
Children Act (Private),South East,4 Neither,2023-Q2,1313,40.9,30.4
Children Act (Private),South East,4 Neither,2023-Q3,1380,40.7,30.4
Children Act (Private),South East,4 Neither,2023-Q4,1151,42.3,31.6
Children Act (Private),South East,4 Neither,2024-Q1,1350,40.7,29.6
Children Act (Private),South East,4 Neither,2024-Q2,1266,40.1,29
Children Act (Private),South East,4 Neither,2024-Q3,1328,36.6,27
Children Act (Private),South East,4 Neither,2024-Q4,1188,37.6,28.7
Children Act (Private),South East,4 Neither,2025-Q1,1202,38,27.6
Children Act (Private),South East,4 Neither,2025-Q2,1143,36.4,26
Children Act (Private),South East,4 Neither,2025-Q3,1194,34.7,25.5
Children Act (Private),South East,4 Neither,2025-Q4,1120,35.4,25.9
Children Act (Private),South East,All types,2011-Q1,1726,28.2,20
Children Act (Private),South East,All types,2011-Q2,1607,29.3,21
Children Act (Private),South East,All types,2011-Q3,1757,30.8,23.1
Children Act (Private),South East,All types,2011-Q4,1735,28.2,19.7
Children Act (Private),South East,All types,2012-Q1,1780,30.1,20.9
Children Act (Private),South East,All types,2012-Q2,1877,30.8,21
Children Act (Private),South East,All types,2012-Q3,1915,30.3,20.9
Children Act (Private),South East,All types,2012-Q4,2051,32.6,21.6
Children Act (Private),South East,All types,2013-Q1,1769,28.6,20.4
Children Act (Private),South East,All types,2013-Q2,1944,29.4,19
Children Act (Private),South East,All types,2013-Q3,1965,29.4,19.4
Children Act (Private),South East,All types,2013-Q4,2042,26.8,18.4
Children Act (Private),South East,All types,2014-Q1,1929,29,20.7
Children Act (Private),South East,All types,2014-Q2,1809,30.1,21.3
Children Act (Private),South East,All types,2014-Q3,1946,31,21.1
Children Act (Private),South East,All types,2014-Q4,1689,26.9,18
Children Act (Private),South East,All types,2015-Q1,1758,26.5,18.1
Children Act (Private),South East,All types,2015-Q2,1735,23.9,16.1
Children Act (Private),South East,All types,2015-Q3,1901,23.6,15.9
Children Act (Private),South East,All types,2015-Q4,1780,21.4,15.7
Children Act (Private),South East,All types,2016-Q1,2008,20.5,16
Children Act (Private),South East,All types,2016-Q2,1915,20.9,15.6
Children Act (Private),South East,All types,2016-Q3,1926,19.4,14.1
Children Act (Private),South East,All types,2016-Q4,1861,20.9,15.3
Children Act (Private),South East,All types,2017-Q1,1830,22.2,16.9
Children Act (Private),South East,All types,2017-Q2,1886,20.4,14.9
Children Act (Private),South East,All types,2017-Q3,1941,20.8,16
Children Act (Private),South East,All types,2017-Q4,1836,21.8,17.4
Children Act (Private),South East,All types,2018-Q1,1814,22.4,18.6
Children Act (Private),South East,All types,2018-Q2,1963,24.2,19.6
Children Act (Private),South East,All types,2018-Q3,1887,23.7,19
Children Act (Private),South East,All types,2018-Q4,2018,24.1,19.3
Children Act (Private),South East,All types,2019-Q1,1925,25.5,20.6
Children Act (Private),South East,All types,2019-Q2,2050,25.7,20.7
Children Act (Private),South East,All types,2019-Q3,2169,26.2,21
Children Act (Private),South East,All types,2019-Q4,2010,27,21.1
Children Act (Private),South East,All types,2020-Q1,2010,29.2,22.4
Children Act (Private),South East,All types,2020-Q2,1183,25.5,20.7
Children Act (Private),South East,All types,2020-Q3,1749,32,27
Children Act (Private),South East,All types,2020-Q4,1820,37,30.5
Children Act (Private),South East,All types,2021-Q1,2017,40.3,33.3
Children Act (Private),South East,All types,2021-Q2,2154,40.2,34.6
Children Act (Private),South East,All types,2021-Q3,2223,41.3,36.1
Children Act (Private),South East,All types,2021-Q4,1979,46.3,38.9
Children Act (Private),South East,All types,2022-Q1,2189,45.2,38.6
Children Act (Private),South East,All types,2022-Q2,1926,45.9,37.9
Children Act (Private),South East,All types,2022-Q3,2208,45.2,37.7
Children Act (Private),South East,All types,2022-Q4,2295,49.8,39
Children Act (Private),South East,All types,2023-Q1,2647,49.1,38.7
Children Act (Private),South East,All types,2023-Q2,2500,46,35.9
Children Act (Private),South East,All types,2023-Q3,2665,47.2,36
Children Act (Private),South East,All types,2023-Q4,2281,47.4,35.1
Children Act (Private),South East,All types,2024-Q1,2614,46.8,35
Children Act (Private),South East,All types,2024-Q2,2414,45.2,33.7
Children Act (Private),South East,All types,2024-Q3,2550,45.2,32.8
Children Act (Private),South East,All types,2024-Q4,2347,43.8,33.7
Children Act (Private),South East,All types,2025-Q1,2293,44.9,34.3
Children Act (Private),South East,All types,2025-Q2,2205,42.9,32
Children Act (Private),South East,All types,2025-Q3,2289,41.4,31.3
Children Act (Private),South East,All types,2025-Q4,2110,41,31
Children Act (Private),South West,1 Both,2011-Q1,453,34.9,26.1
Children Act (Private),South West,1 Both,2011-Q2,502,35.5,26.1
Children Act (Private),South West,1 Both,2011-Q3,451,37.9,28.1
Children Act (Private),South West,1 Both,2011-Q4,473,36,25.9
Children Act (Private),South West,1 Both,2012-Q1,464,33,25.7
Children Act (Private),South West,1 Both,2012-Q2,477,36.2,23.7
Children Act (Private),South West,1 Both,2012-Q3,489,35.6,25.1
Children Act (Private),South West,1 Both,2012-Q4,482,34.3,24.1
Children Act (Private),South West,1 Both,2013-Q1,421,32.7,23.1
Children Act (Private),South West,1 Both,2013-Q2,435,34.1,26
Children Act (Private),South West,1 Both,2013-Q3,399,34.9,26.3
Children Act (Private),South West,1 Both,2013-Q4,312,37.3,27.9
Children Act (Private),South West,1 Both,2014-Q1,244,38.7,30.8
Children Act (Private),South West,1 Both,2014-Q2,241,35.4,25.9
Children Act (Private),South West,1 Both,2014-Q3,252,37.4,26.1
Children Act (Private),South West,1 Both,2014-Q4,177,36.4,21.1
Children Act (Private),South West,1 Both,2015-Q1,217,35.3,22.4
Children Act (Private),South West,1 Both,2015-Q2,245,103.1,28.4
Children Act (Private),South West,1 Both,2015-Q3,207,30.9,22.1
Children Act (Private),South West,1 Both,2015-Q4,198,30.9,21.5
Children Act (Private),South West,1 Both,2016-Q1,164,28.7,20.5
Children Act (Private),South West,1 Both,2016-Q2,216,25.9,19.7
Children Act (Private),South West,1 Both,2016-Q3,213,24.9,20
Children Act (Private),South West,1 Both,2016-Q4,200,25.5,21.1
Children Act (Private),South West,1 Both,2017-Q1,195,25.2,20.7
Children Act (Private),South West,1 Both,2017-Q2,192,26.1,20.9
Children Act (Private),South West,1 Both,2017-Q3,203,25.2,20.7
Children Act (Private),South West,1 Both,2017-Q4,192,26.6,20
Children Act (Private),South West,1 Both,2018-Q1,207,28.1,24
Children Act (Private),South West,1 Both,2018-Q2,216,30.6,24.1
Children Act (Private),South West,1 Both,2018-Q3,215,28.3,22.7
Children Act (Private),South West,1 Both,2018-Q4,208,29.7,23.8
Children Act (Private),South West,1 Both,2019-Q1,208,30.2,23.9
Children Act (Private),South West,1 Both,2019-Q2,207,33.7,27.1
Children Act (Private),South West,1 Both,2019-Q3,181,34.1,28.9
Children Act (Private),South West,1 Both,2019-Q4,213,32.8,26.9
Children Act (Private),South West,1 Both,2020-Q1,198,35.1,28.9
Children Act (Private),South West,1 Both,2020-Q2,134,34.2,28
Children Act (Private),South West,1 Both,2020-Q3,215,38.2,32.4
Children Act (Private),South West,1 Both,2020-Q4,222,42,36.3
Children Act (Private),South West,1 Both,2021-Q1,235,43.8,35.7
Children Act (Private),South West,1 Both,2021-Q2,231,42.5,35.9
Children Act (Private),South West,1 Both,2021-Q3,213,45,40.1
Children Act (Private),South West,1 Both,2021-Q4,212,44.4,39.9
Children Act (Private),South West,1 Both,2022-Q1,189,50,40
Children Act (Private),South West,1 Both,2022-Q2,171,53.4,43.6
Children Act (Private),South West,1 Both,2022-Q3,169,53.4,48.4
Children Act (Private),South West,1 Both,2022-Q4,172,50.4,41.5
Children Act (Private),South West,1 Both,2023-Q1,193,53.4,43
Children Act (Private),South West,1 Both,2023-Q2,187,54.1,40.7
Children Act (Private),South West,1 Both,2023-Q3,191,54.1,43.9
Children Act (Private),South West,1 Both,2023-Q4,168,47.5,37.9
Children Act (Private),South West,1 Both,2024-Q1,215,48.7,41.6
Children Act (Private),South West,1 Both,2024-Q2,224,52.3,43.2
Children Act (Private),South West,1 Both,2024-Q3,203,46.5,38.4
Children Act (Private),South West,1 Both,2024-Q4,186,49.6,42.9
Children Act (Private),South West,1 Both,2025-Q1,183,46.7,40
Children Act (Private),South West,1 Both,2025-Q2,174,48.8,39.7
Children Act (Private),South West,1 Both,2025-Q3,220,48.3,41.5
Children Act (Private),South West,1 Both,2025-Q4,195,44.7,36.9
Children Act (Private),South West,2 Applicant Only,2011-Q1,341,20.9,13.9
Children Act (Private),South West,2 Applicant Only,2011-Q2,289,21.8,13.7
Children Act (Private),South West,2 Applicant Only,2011-Q3,291,21.6,12
Children Act (Private),South West,2 Applicant Only,2011-Q4,276,22.8,12.3
Children Act (Private),South West,2 Applicant Only,2012-Q1,312,21.2,13.9
Children Act (Private),South West,2 Applicant Only,2012-Q2,350,26.4,14.1
Children Act (Private),South West,2 Applicant Only,2012-Q3,365,23.1,13.7
Children Act (Private),South West,2 Applicant Only,2012-Q4,406,20.6,12.7
Children Act (Private),South West,2 Applicant Only,2013-Q1,394,21.7,14.1
Children Act (Private),South West,2 Applicant Only,2013-Q2,405,21.1,13.9
Children Act (Private),South West,2 Applicant Only,2013-Q3,535,18.1,12
Children Act (Private),South West,2 Applicant Only,2013-Q4,433,21.6,17
Children Act (Private),South West,2 Applicant Only,2014-Q1,370,25.7,21.4
Children Act (Private),South West,2 Applicant Only,2014-Q2,410,25.8,16.4
Children Act (Private),South West,2 Applicant Only,2014-Q3,354,24.7,16.2
Children Act (Private),South West,2 Applicant Only,2014-Q4,335,21.2,13.7
Children Act (Private),South West,2 Applicant Only,2015-Q1,320,23.9,15.1
Children Act (Private),South West,2 Applicant Only,2015-Q2,356,68.7,16
Children Act (Private),South West,2 Applicant Only,2015-Q3,361,18.6,12.1
Children Act (Private),South West,2 Applicant Only,2015-Q4,309,20.5,15.7
Children Act (Private),South West,2 Applicant Only,2016-Q1,355,18.4,13
Children Act (Private),South West,2 Applicant Only,2016-Q2,336,17.6,12.1
Children Act (Private),South West,2 Applicant Only,2016-Q3,372,18.8,13.7
Children Act (Private),South West,2 Applicant Only,2016-Q4,331,17.4,12.1
Children Act (Private),South West,2 Applicant Only,2017-Q1,332,17,12.6
Children Act (Private),South West,2 Applicant Only,2017-Q2,315,18.3,12
Children Act (Private),South West,2 Applicant Only,2017-Q3,364,17.7,12.1
Children Act (Private),South West,2 Applicant Only,2017-Q4,313,18.6,12.9
Children Act (Private),South West,2 Applicant Only,2018-Q1,313,19.7,15.7
Children Act (Private),South West,2 Applicant Only,2018-Q2,315,21.2,16.4
Children Act (Private),South West,2 Applicant Only,2018-Q3,345,22.2,16.6
Children Act (Private),South West,2 Applicant Only,2018-Q4,330,21.5,17.1
Children Act (Private),South West,2 Applicant Only,2019-Q1,347,24.2,19
Children Act (Private),South West,2 Applicant Only,2019-Q2,334,24.3,19
Children Act (Private),South West,2 Applicant Only,2019-Q3,351,22.2,17.7
Children Act (Private),South West,2 Applicant Only,2019-Q4,311,24.4,21
Children Act (Private),South West,2 Applicant Only,2020-Q1,283,25.8,20
Children Act (Private),South West,2 Applicant Only,2020-Q2,189,22.7,16.6
Children Act (Private),South West,2 Applicant Only,2020-Q3,292,26.2,19.4
Children Act (Private),South West,2 Applicant Only,2020-Q4,286,30.3,22.9
Children Act (Private),South West,2 Applicant Only,2021-Q1,284,30.1,25
Children Act (Private),South West,2 Applicant Only,2021-Q2,260,33.4,28.3
Children Act (Private),South West,2 Applicant Only,2021-Q3,267,32.5,26.6
Children Act (Private),South West,2 Applicant Only,2021-Q4,251,33.8,26.9
Children Act (Private),South West,2 Applicant Only,2022-Q1,218,32.1,26
Children Act (Private),South West,2 Applicant Only,2022-Q2,244,35.8,28
Children Act (Private),South West,2 Applicant Only,2022-Q3,259,39.9,31.9
Children Act (Private),South West,2 Applicant Only,2022-Q4,257,34.3,25.1
Children Act (Private),South West,2 Applicant Only,2023-Q1,306,39.6,29.8
Children Act (Private),South West,2 Applicant Only,2023-Q2,281,36.4,27.1
Children Act (Private),South West,2 Applicant Only,2023-Q3,297,29.8,23.3
Children Act (Private),South West,2 Applicant Only,2023-Q4,263,36.7,28
Children Act (Private),South West,2 Applicant Only,2024-Q1,297,38.3,28.9
Children Act (Private),South West,2 Applicant Only,2024-Q2,287,37.1,28.9
Children Act (Private),South West,2 Applicant Only,2024-Q3,313,34.4,26.9
Children Act (Private),South West,2 Applicant Only,2024-Q4,271,34,25.9
Children Act (Private),South West,2 Applicant Only,2025-Q1,294,35.4,31
Children Act (Private),South West,2 Applicant Only,2025-Q2,285,31.5,22.9
Children Act (Private),South West,2 Applicant Only,2025-Q3,355,32.3,25.4
Children Act (Private),South West,2 Applicant Only,2025-Q4,252,32.6,24
Children Act (Private),South West,3 Respondent Only,2011-Q1,113,31,25.1
Children Act (Private),South West,3 Respondent Only,2011-Q2,117,36.5,28
Children Act (Private),South West,3 Respondent Only,2011-Q3,117,38.1,28.7
Children Act (Private),South West,3 Respondent Only,2011-Q4,128,38.1,31.8
Children Act (Private),South West,3 Respondent Only,2012-Q1,115,32.7,20.7
Children Act (Private),South West,3 Respondent Only,2012-Q2,123,30.4,19.9
Children Act (Private),South West,3 Respondent Only,2012-Q3,137,35.9,23.1
Children Act (Private),South West,3 Respondent Only,2012-Q4,145,34.5,23.9
Children Act (Private),South West,3 Respondent Only,2013-Q1,159,31.3,24.3
Children Act (Private),South West,3 Respondent Only,2013-Q2,167,32.9,23.9
Children Act (Private),South West,3 Respondent Only,2013-Q3,117,29.7,22.3
Children Act (Private),South West,3 Respondent Only,2013-Q4,125,30,22.9
Children Act (Private),South West,3 Respondent Only,2014-Q1,118,31.3,25
Children Act (Private),South West,3 Respondent Only,2014-Q2,145,31,24.3
Children Act (Private),South West,3 Respondent Only,2014-Q3,123,36.2,25.4
Children Act (Private),South West,3 Respondent Only,2014-Q4,117,31.9,18
Children Act (Private),South West,3 Respondent Only,2015-Q1,137,35.7,23.1
Children Act (Private),South West,3 Respondent Only,2015-Q2,127,56.1,23.4
Children Act (Private),South West,3 Respondent Only,2015-Q3,142,32.2,23.4
Children Act (Private),South West,3 Respondent Only,2015-Q4,121,27.2,21.7
Children Act (Private),South West,3 Respondent Only,2016-Q1,144,29.7,21
Children Act (Private),South West,3 Respondent Only,2016-Q2,156,28,21.9
Children Act (Private),South West,3 Respondent Only,2016-Q3,159,23.2,19.6
Children Act (Private),South West,3 Respondent Only,2016-Q4,148,23.2,18.2
Children Act (Private),South West,3 Respondent Only,2017-Q1,156,27.9,21
Children Act (Private),South West,3 Respondent Only,2017-Q2,143,23.2,19
Children Act (Private),South West,3 Respondent Only,2017-Q3,169,27.2,22.4
Children Act (Private),South West,3 Respondent Only,2017-Q4,174,33,23.2
Children Act (Private),South West,3 Respondent Only,2018-Q1,160,30.2,24.8
Children Act (Private),South West,3 Respondent Only,2018-Q2,158,30.5,24.4
Children Act (Private),South West,3 Respondent Only,2018-Q3,152,27.8,22.8
Children Act (Private),South West,3 Respondent Only,2018-Q4,175,32.2,25.4
Children Act (Private),South West,3 Respondent Only,2019-Q1,164,36,29
Children Act (Private),South West,3 Respondent Only,2019-Q2,189,31.1,25.7
Children Act (Private),South West,3 Respondent Only,2019-Q3,188,38.8,31
Children Act (Private),South West,3 Respondent Only,2019-Q4,218,36.8,30.9
Children Act (Private),South West,3 Respondent Only,2020-Q1,207,36.9,31.3
Children Act (Private),South West,3 Respondent Only,2020-Q2,125,36.2,29.6
Children Act (Private),South West,3 Respondent Only,2020-Q3,193,39,33.1
Children Act (Private),South West,3 Respondent Only,2020-Q4,209,43.6,35.9
Children Act (Private),South West,3 Respondent Only,2021-Q1,202,45.5,38
Children Act (Private),South West,3 Respondent Only,2021-Q2,195,47.1,39.4
Children Act (Private),South West,3 Respondent Only,2021-Q3,192,48,39.9
Children Act (Private),South West,3 Respondent Only,2021-Q4,178,48.8,45.1
Children Act (Private),South West,3 Respondent Only,2022-Q1,190,51.3,41.7
Children Act (Private),South West,3 Respondent Only,2022-Q2,196,60.5,50.3
Children Act (Private),South West,3 Respondent Only,2022-Q3,215,58.3,51
Children Act (Private),South West,3 Respondent Only,2022-Q4,189,51,44
Children Act (Private),South West,3 Respondent Only,2023-Q1,227,54.7,46.9
Children Act (Private),South West,3 Respondent Only,2023-Q2,204,59.2,49
Children Act (Private),South West,3 Respondent Only,2023-Q3,207,53.6,44.3
Children Act (Private),South West,3 Respondent Only,2023-Q4,183,62.9,53.7
Children Act (Private),South West,3 Respondent Only,2024-Q1,185,49.6,41.1
Children Act (Private),South West,3 Respondent Only,2024-Q2,205,50.7,41.3
Children Act (Private),South West,3 Respondent Only,2024-Q3,194,53.6,43.3
Children Act (Private),South West,3 Respondent Only,2024-Q4,240,55.4,48.8
Children Act (Private),South West,3 Respondent Only,2025-Q1,213,54.9,44.9
Children Act (Private),South West,3 Respondent Only,2025-Q2,210,48.5,38.4
Children Act (Private),South West,3 Respondent Only,2025-Q3,221,48.1,41.3
Children Act (Private),South West,3 Respondent Only,2025-Q4,171,53.5,44.4
Children Act (Private),South West,4 Neither,2011-Q1,161,19.9,14
Children Act (Private),South West,4 Neither,2011-Q2,162,20.8,14.9
Children Act (Private),South West,4 Neither,2011-Q3,177,18.8,11.1
Children Act (Private),South West,4 Neither,2011-Q4,167,23.2,14
Children Act (Private),South West,4 Neither,2012-Q1,166,22.4,14.1
Children Act (Private),South West,4 Neither,2012-Q2,181,29.5,17.1
Children Act (Private),South West,4 Neither,2012-Q3,195,21.2,12
Children Act (Private),South West,4 Neither,2012-Q4,214,21.6,13.1
Children Act (Private),South West,4 Neither,2013-Q1,222,20.6,12.8
Children Act (Private),South West,4 Neither,2013-Q2,280,17.8,11.1
Children Act (Private),South West,4 Neither,2013-Q3,327,18.4,10.1
Children Act (Private),South West,4 Neither,2013-Q4,377,18.9,12.9
Children Act (Private),South West,4 Neither,2014-Q1,394,19.4,13.6
Children Act (Private),South West,4 Neither,2014-Q2,412,22.4,16
Children Act (Private),South West,4 Neither,2014-Q3,356,23.5,17.7
Children Act (Private),South West,4 Neither,2014-Q4,353,21.9,14.3
Children Act (Private),South West,4 Neither,2015-Q1,356,21.7,15.4
Children Act (Private),South West,4 Neither,2015-Q2,403,33.8,14.9
Children Act (Private),South West,4 Neither,2015-Q3,401,20.4,14.9
Children Act (Private),South West,4 Neither,2015-Q4,430,17.5,13.1
Children Act (Private),South West,4 Neither,2016-Q1,460,18.2,14.9
Children Act (Private),South West,4 Neither,2016-Q2,477,18.5,13.4
Children Act (Private),South West,4 Neither,2016-Q3,527,18,13.1
Children Act (Private),South West,4 Neither,2016-Q4,485,18.7,14.4
Children Act (Private),South West,4 Neither,2017-Q1,511,18.4,12.1
Children Act (Private),South West,4 Neither,2017-Q2,535,20.7,14
Children Act (Private),South West,4 Neither,2017-Q3,571,17.2,13
Children Act (Private),South West,4 Neither,2017-Q4,542,18.2,12.8
Children Act (Private),South West,4 Neither,2018-Q1,522,20.3,16.3
Children Act (Private),South West,4 Neither,2018-Q2,568,20.9,15.7
Children Act (Private),South West,4 Neither,2018-Q3,528,20.7,15.3
Children Act (Private),South West,4 Neither,2018-Q4,550,21.7,17.5
Children Act (Private),South West,4 Neither,2019-Q1,587,22.6,18.9
Children Act (Private),South West,4 Neither,2019-Q2,640,23.2,18
Children Act (Private),South West,4 Neither,2019-Q3,667,22.4,18
Children Act (Private),South West,4 Neither,2019-Q4,666,22.1,17.4
Children Act (Private),South West,4 Neither,2020-Q1,632,24.3,18.4
Children Act (Private),South West,4 Neither,2020-Q2,410,23.6,17.4
Children Act (Private),South West,4 Neither,2020-Q3,616,27,21.4
Children Act (Private),South West,4 Neither,2020-Q4,609,27.4,20.4
Children Act (Private),South West,4 Neither,2021-Q1,590,30.1,24.9
Children Act (Private),South West,4 Neither,2021-Q2,603,31.7,26.3
Children Act (Private),South West,4 Neither,2021-Q3,547,30.8,23.9
Children Act (Private),South West,4 Neither,2021-Q4,553,31.9,26
Children Act (Private),South West,4 Neither,2022-Q1,522,33,27
Children Act (Private),South West,4 Neither,2022-Q2,563,37.2,29.1
Children Act (Private),South West,4 Neither,2022-Q3,591,35,26.4
Children Act (Private),South West,4 Neither,2022-Q4,596,37.1,29.8
Children Act (Private),South West,4 Neither,2023-Q1,712,35.2,27.9
Children Act (Private),South West,4 Neither,2023-Q2,615,37.7,30.1
Children Act (Private),South West,4 Neither,2023-Q3,665,37.3,27
Children Act (Private),South West,4 Neither,2023-Q4,617,32.9,23.9
Children Act (Private),South West,4 Neither,2024-Q1,623,33.1,25.7
Children Act (Private),South West,4 Neither,2024-Q2,738,34.6,25.9
Children Act (Private),South West,4 Neither,2024-Q3,712,32.8,25
Children Act (Private),South West,4 Neither,2024-Q4,685,34,26.3
Children Act (Private),South West,4 Neither,2025-Q1,697,33.2,28.1
Children Act (Private),South West,4 Neither,2025-Q2,845,30.1,23.7
Children Act (Private),South West,4 Neither,2025-Q3,806,31.4,24
Children Act (Private),South West,4 Neither,2025-Q4,703,26.7,20.7
Children Act (Private),South West,All types,2011-Q1,1068,27.8,20.1
Children Act (Private),South West,All types,2011-Q2,1070,29.7,21.1
Children Act (Private),South West,All types,2011-Q3,1036,30.1,21.1
Children Act (Private),South West,All types,2011-Q4,1044,30.7,19.1
Children Act (Private),South West,All types,2012-Q1,1057,27.8,19.3
Children Act (Private),South West,All types,2012-Q2,1131,31.5,19.9
Children Act (Private),South West,All types,2012-Q3,1186,29.4,19.1
Children Act (Private),South West,All types,2012-Q4,1247,27.7,18.7
Children Act (Private),South West,All types,2013-Q1,1196,26.6,19
Children Act (Private),South West,All types,2013-Q2,1287,26.3,18.7
Children Act (Private),South West,All types,2013-Q3,1378,24,16.5
Children Act (Private),South West,All types,2013-Q4,1247,25.6,19.9
Children Act (Private),South West,All types,2014-Q1,1126,26.9,20.5
Children Act (Private),South West,All types,2014-Q2,1208,27.2,19.3
Children Act (Private),South West,All types,2014-Q3,1085,28.6,19.9
Children Act (Private),South West,All types,2014-Q4,982,25.5,16.3
Children Act (Private),South West,All types,2015-Q1,1030,27.1,18.1
Children Act (Private),South West,All types,2015-Q2,1131,62.3,19
Children Act (Private),South West,All types,2015-Q3,1111,23.3,16.1
Children Act (Private),South West,All types,2015-Q4,1058,22,17
Children Act (Private),South West,All types,2016-Q1,1123,21.2,15.6
Children Act (Private),South West,All types,2016-Q2,1185,20.8,15.6
Children Act (Private),South West,All types,2016-Q3,1271,20.1,15.1
Children Act (Private),South West,All types,2016-Q4,1164,20.1,15.7
Children Act (Private),South West,All types,2017-Q1,1194,20.4,15
Children Act (Private),South West,All types,2017-Q2,1185,21.2,15.1
Children Act (Private),South West,All types,2017-Q3,1307,19.9,15
Children Act (Private),South West,All types,2017-Q4,1221,21.7,16.1
Children Act (Private),South West,All types,2018-Q1,1202,22.8,18.4
Children Act (Private),South West,All types,2018-Q2,1257,23.8,18.1
Children Act (Private),South West,All types,2018-Q3,1240,23.3,18.5
Children Act (Private),South West,All types,2018-Q4,1263,24.4,19.9
Children Act (Private),South West,All types,2019-Q1,1306,25.9,21
Children Act (Private),South West,All types,2019-Q2,1370,26.1,20.7
Children Act (Private),South West,All types,2019-Q3,1387,26.1,21
Children Act (Private),South West,All types,2019-Q4,1408,26.5,21.1
Children Act (Private),South West,All types,2020-Q1,1320,28.2,21.7
Children Act (Private),South West,All types,2020-Q2,858,26.9,20.3
Children Act (Private),South West,All types,2020-Q3,1316,30.4,23.5
Children Act (Private),South West,All types,2020-Q4,1326,33,25.7
Children Act (Private),South West,All types,2021-Q1,1311,34.9,28
Children Act (Private),South West,All types,2021-Q2,1289,36.3,30
Children Act (Private),South West,All types,2021-Q3,1219,36.3,29.7
Children Act (Private),South West,All types,2021-Q4,1194,37,30
Children Act (Private),South West,All types,2022-Q1,1119,38.8,31.7
Children Act (Private),South West,All types,2022-Q2,1174,43.2,34.5
Children Act (Private),South West,All types,2022-Q3,1234,42.6,34.6
Children Act (Private),South West,All types,2022-Q4,1214,40.5,32.9
Children Act (Private),South West,All types,2023-Q1,1438,41.6,32.3
Children Act (Private),South West,All types,2023-Q2,1287,43.2,33.7
Children Act (Private),South West,All types,2023-Q3,1360,40.5,31
Children Act (Private),South West,All types,2023-Q4,1231,40.1,30.3
Children Act (Private),South West,All types,2024-Q1,1320,39.1,29.7
Children Act (Private),South West,All types,2024-Q2,1454,40.1,31.7
Children Act (Private),South West,All types,2024-Q3,1422,37.9,30.2
Children Act (Private),South West,All types,2024-Q4,1382,39.8,31.8
Children Act (Private),South West,All types,2025-Q1,1387,38.8,32.9
Children Act (Private),South West,All types,2025-Q2,1514,35.1,27.7
Children Act (Private),South West,All types,2025-Q3,1602,36.2,27.4
Children Act (Private),South West,All types,2025-Q4,1321,33.9,25.1
Children Act (Private),Wales,1 Both,2011-Q1,427,37.3,30.4
Children Act (Private),Wales,1 Both,2011-Q2,358,37.2,31.6
Children Act (Private),Wales,1 Both,2011-Q3,397,41.7,31.9
Children Act (Private),Wales,1 Both,2011-Q4,420,44.1,33.5
Children Act (Private),Wales,1 Both,2012-Q1,388,40.6,29.3
Children Act (Private),Wales,1 Both,2012-Q2,373,40.1,31.1
Children Act (Private),Wales,1 Both,2012-Q3,391,38.7,28.6
Children Act (Private),Wales,1 Both,2012-Q4,386,37.1,27.8
Children Act (Private),Wales,1 Both,2013-Q1,415,39,29.1
Children Act (Private),Wales,1 Both,2013-Q2,413,39.9,30.6
Children Act (Private),Wales,1 Both,2013-Q3,404,39.5,30.5
Children Act (Private),Wales,1 Both,2013-Q4,385,39.9,31.1
Children Act (Private),Wales,1 Both,2014-Q1,279,43.3,32.6
Children Act (Private),Wales,1 Both,2014-Q2,259,34.2,26.3
Children Act (Private),Wales,1 Both,2014-Q3,246,40.8,25.2
Children Act (Private),Wales,1 Both,2014-Q4,205,34.5,23
Children Act (Private),Wales,1 Both,2015-Q1,172,22.9,17.1
Children Act (Private),Wales,1 Both,2015-Q2,158,27.3,19.6
Children Act (Private),Wales,1 Both,2015-Q3,167,23.5,18.6
Children Act (Private),Wales,1 Both,2015-Q4,183,24.2,18.9
Children Act (Private),Wales,1 Both,2016-Q1,159,24.5,20
Children Act (Private),Wales,1 Both,2016-Q2,188,23.4,17.8
Children Act (Private),Wales,1 Both,2016-Q3,169,22.3,18.7
Children Act (Private),Wales,1 Both,2016-Q4,184,23.7,20.1
Children Act (Private),Wales,1 Both,2017-Q1,182,23.2,17.8
Children Act (Private),Wales,1 Both,2017-Q2,186,21.9,17.7
Children Act (Private),Wales,1 Both,2017-Q3,212,22.4,18.9
Children Act (Private),Wales,1 Both,2017-Q4,194,25.1,21
Children Act (Private),Wales,1 Both,2018-Q1,195,23.4,19.3
Children Act (Private),Wales,1 Both,2018-Q2,211,24.8,21.7
Children Act (Private),Wales,1 Both,2018-Q3,226,25.8,20.5
Children Act (Private),Wales,1 Both,2018-Q4,197,26.3,22.3
Children Act (Private),Wales,1 Both,2019-Q1,222,29.8,25.4
Children Act (Private),Wales,1 Both,2019-Q2,212,27.3,23.4
Children Act (Private),Wales,1 Both,2019-Q3,219,30.5,23.6
Children Act (Private),Wales,1 Both,2019-Q4,184,23.7,20.7
Children Act (Private),Wales,1 Both,2020-Q1,187,28.5,22.4
Children Act (Private),Wales,1 Both,2020-Q2,120,24.1,19.6
Children Act (Private),Wales,1 Both,2020-Q3,215,28.5,25.1
Children Act (Private),Wales,1 Both,2020-Q4,239,34.2,28.6
Children Act (Private),Wales,1 Both,2021-Q1,235,33.9,26.3
Children Act (Private),Wales,1 Both,2021-Q2,232,38,33.6
Children Act (Private),Wales,1 Both,2021-Q3,242,37.3,31.9
Children Act (Private),Wales,1 Both,2021-Q4,210,41.7,35.3
Children Act (Private),Wales,1 Both,2022-Q1,184,38.9,35.8
Children Act (Private),Wales,1 Both,2022-Q2,204,37.5,32.3
Children Act (Private),Wales,1 Both,2022-Q3,213,43.5,37.9
Children Act (Private),Wales,1 Both,2022-Q4,211,40.9,35.6
Children Act (Private),Wales,1 Both,2023-Q1,221,39.3,34.6
Children Act (Private),Wales,1 Both,2023-Q2,216,39.4,31.7
Children Act (Private),Wales,1 Both,2023-Q3,217,41.3,32.4
Children Act (Private),Wales,1 Both,2023-Q4,217,35.8,30
Children Act (Private),Wales,1 Both,2024-Q1,266,32.6,27.5
Children Act (Private),Wales,1 Both,2024-Q2,263,31.6,27
Children Act (Private),Wales,1 Both,2024-Q3,286,28.4,23.2
Children Act (Private),Wales,1 Both,2024-Q4,248,24.1,21
Children Act (Private),Wales,1 Both,2025-Q1,247,22.2,17.1
Children Act (Private),Wales,1 Both,2025-Q2,202,19.3,12.6
Children Act (Private),Wales,1 Both,2025-Q3,203,19.7,13.4
Children Act (Private),Wales,1 Both,2025-Q4,211,15.9,11
Children Act (Private),Wales,2 Applicant Only,2011-Q1,215,25.1,13
Children Act (Private),Wales,2 Applicant Only,2011-Q2,199,21.2,14.6
Children Act (Private),Wales,2 Applicant Only,2011-Q3,197,28.1,17
Children Act (Private),Wales,2 Applicant Only,2011-Q4,193,28.8,18
Children Act (Private),Wales,2 Applicant Only,2012-Q1,168,24.6,16.9
Children Act (Private),Wales,2 Applicant Only,2012-Q2,178,23,16.2
Children Act (Private),Wales,2 Applicant Only,2012-Q3,212,20.8,15
Children Act (Private),Wales,2 Applicant Only,2012-Q4,205,24.7,13.3
Children Act (Private),Wales,2 Applicant Only,2013-Q1,231,29.8,18.6
Children Act (Private),Wales,2 Applicant Only,2013-Q2,250,21.5,14.2
Children Act (Private),Wales,2 Applicant Only,2013-Q3,353,19.8,15
Children Act (Private),Wales,2 Applicant Only,2013-Q4,387,21.5,16.9
Children Act (Private),Wales,2 Applicant Only,2014-Q1,326,22.7,17.4
Children Act (Private),Wales,2 Applicant Only,2014-Q2,270,24.3,15.3
Children Act (Private),Wales,2 Applicant Only,2014-Q3,280,31.6,18.2
Children Act (Private),Wales,2 Applicant Only,2014-Q4,214,21.3,14.6
Children Act (Private),Wales,2 Applicant Only,2015-Q1,199,22.1,13.7
Children Act (Private),Wales,2 Applicant Only,2015-Q2,217,15.8,11
Children Act (Private),Wales,2 Applicant Only,2015-Q3,244,18.2,13.2
Children Act (Private),Wales,2 Applicant Only,2015-Q4,226,17.6,10.6
Children Act (Private),Wales,2 Applicant Only,2016-Q1,206,17.8,13.1
Children Act (Private),Wales,2 Applicant Only,2016-Q2,201,16.7,13.4
Children Act (Private),Wales,2 Applicant Only,2016-Q3,213,14.9,11.6
Children Act (Private),Wales,2 Applicant Only,2016-Q4,247,17.1,12
Children Act (Private),Wales,2 Applicant Only,2017-Q1,227,15.4,12.7
Children Act (Private),Wales,2 Applicant Only,2017-Q2,199,16.3,12.1
Children Act (Private),Wales,2 Applicant Only,2017-Q3,234,17.2,12
Children Act (Private),Wales,2 Applicant Only,2017-Q4,208,15.6,11.9
Children Act (Private),Wales,2 Applicant Only,2018-Q1,199,18,15.6
Children Act (Private),Wales,2 Applicant Only,2018-Q2,225,18.1,12.6
Children Act (Private),Wales,2 Applicant Only,2018-Q3,230,15.5,12.4
Children Act (Private),Wales,2 Applicant Only,2018-Q4,227,18.2,13.1
Children Act (Private),Wales,2 Applicant Only,2019-Q1,223,22.2,15.9
Children Act (Private),Wales,2 Applicant Only,2019-Q2,196,19.1,13.6
Children Act (Private),Wales,2 Applicant Only,2019-Q3,244,17.9,12.8
Children Act (Private),Wales,2 Applicant Only,2019-Q4,211,19,14.9
Children Act (Private),Wales,2 Applicant Only,2020-Q1,207,20,16
Children Act (Private),Wales,2 Applicant Only,2020-Q2,123,19.1,13.1
Children Act (Private),Wales,2 Applicant Only,2020-Q3,196,25.6,22.4
Children Act (Private),Wales,2 Applicant Only,2020-Q4,213,27.4,21.9
Children Act (Private),Wales,2 Applicant Only,2021-Q1,203,28.5,23.7
Children Act (Private),Wales,2 Applicant Only,2021-Q2,242,29.3,23.7
Children Act (Private),Wales,2 Applicant Only,2021-Q3,208,27.6,19.4
Children Act (Private),Wales,2 Applicant Only,2021-Q4,185,26.9,24.3
Children Act (Private),Wales,2 Applicant Only,2022-Q1,183,26.7,21.7
Children Act (Private),Wales,2 Applicant Only,2022-Q2,152,30.7,24.1
Children Act (Private),Wales,2 Applicant Only,2022-Q3,210,29.6,23.3
Children Act (Private),Wales,2 Applicant Only,2022-Q4,211,28.3,19.6
Children Act (Private),Wales,2 Applicant Only,2023-Q1,238,27.2,22.4
Children Act (Private),Wales,2 Applicant Only,2023-Q2,201,26.7,20
Children Act (Private),Wales,2 Applicant Only,2023-Q3,224,24.3,18
Children Act (Private),Wales,2 Applicant Only,2023-Q4,207,25.1,20.1
Children Act (Private),Wales,2 Applicant Only,2024-Q1,253,24.6,20.9
Children Act (Private),Wales,2 Applicant Only,2024-Q2,252,21.8,16.3
Children Act (Private),Wales,2 Applicant Only,2024-Q3,325,17.2,11.7
Children Act (Private),Wales,2 Applicant Only,2024-Q4,270,17.6,12.1
Children Act (Private),Wales,2 Applicant Only,2025-Q1,238,16.2,11.4
Children Act (Private),Wales,2 Applicant Only,2025-Q2,239,13.6,9.4
Children Act (Private),Wales,2 Applicant Only,2025-Q3,270,13.3,10
Children Act (Private),Wales,2 Applicant Only,2025-Q4,225,11.8,9.7
Children Act (Private),Wales,3 Respondent Only,2011-Q1,70,35.2,30.2
Children Act (Private),Wales,3 Respondent Only,2011-Q2,61,40.8,34
Children Act (Private),Wales,3 Respondent Only,2011-Q3,56,35.7,28.2
Children Act (Private),Wales,3 Respondent Only,2011-Q4,53,47.8,45.9
Children Act (Private),Wales,3 Respondent Only,2012-Q1,46,48.6,34.8
Children Act (Private),Wales,3 Respondent Only,2012-Q2,56,36,24.7
Children Act (Private),Wales,3 Respondent Only,2012-Q3,49,37.4,31
Children Act (Private),Wales,3 Respondent Only,2012-Q4,54,35.7,24.5
Children Act (Private),Wales,3 Respondent Only,2013-Q1,58,38.1,27.7
Children Act (Private),Wales,3 Respondent Only,2013-Q2,75,40.5,30.9
Children Act (Private),Wales,3 Respondent Only,2013-Q3,77,40.4,26
Children Act (Private),Wales,3 Respondent Only,2013-Q4,77,35.7,27.9
Children Act (Private),Wales,3 Respondent Only,2014-Q1,79,31.1,25.6
Children Act (Private),Wales,3 Respondent Only,2014-Q2,67,32.4,26.4
Children Act (Private),Wales,3 Respondent Only,2014-Q3,88,36.8,25.1
Children Act (Private),Wales,3 Respondent Only,2014-Q4,72,28.7,22.8
Children Act (Private),Wales,3 Respondent Only,2015-Q1,62,26.5,22.3
Children Act (Private),Wales,3 Respondent Only,2015-Q2,79,26.4,23
Children Act (Private),Wales,3 Respondent Only,2015-Q3,87,28.7,22
Children Act (Private),Wales,3 Respondent Only,2015-Q4,88,25.3,18.2
Children Act (Private),Wales,3 Respondent Only,2016-Q1,82,24.1,18.3
Children Act (Private),Wales,3 Respondent Only,2016-Q2,85,28.6,21.3
Children Act (Private),Wales,3 Respondent Only,2016-Q3,89,26.2,22.9
Children Act (Private),Wales,3 Respondent Only,2016-Q4,104,21.7,17.7
Children Act (Private),Wales,3 Respondent Only,2017-Q1,92,27.4,23.1
Children Act (Private),Wales,3 Respondent Only,2017-Q2,100,27.5,18.7
Children Act (Private),Wales,3 Respondent Only,2017-Q3,87,24.1,16.4
Children Act (Private),Wales,3 Respondent Only,2017-Q4,83,28.7,20.6
Children Act (Private),Wales,3 Respondent Only,2018-Q1,97,26.4,22.1
Children Act (Private),Wales,3 Respondent Only,2018-Q2,95,28.9,23.7
Children Act (Private),Wales,3 Respondent Only,2018-Q3,88,28.6,24.7
Children Act (Private),Wales,3 Respondent Only,2018-Q4,104,30.6,23.6
Children Act (Private),Wales,3 Respondent Only,2019-Q1,106,30.2,21.7
Children Act (Private),Wales,3 Respondent Only,2019-Q2,111,27.3,22
Children Act (Private),Wales,3 Respondent Only,2019-Q3,131,30.8,22.3
Children Act (Private),Wales,3 Respondent Only,2019-Q4,89,28.4,23
Children Act (Private),Wales,3 Respondent Only,2020-Q1,111,32.7,25.6
Children Act (Private),Wales,3 Respondent Only,2020-Q2,57,24.6,20.9
Children Act (Private),Wales,3 Respondent Only,2020-Q3,89,33,26.7
Children Act (Private),Wales,3 Respondent Only,2020-Q4,114,44.7,42.5
Children Act (Private),Wales,3 Respondent Only,2021-Q1,109,38.6,31
Children Act (Private),Wales,3 Respondent Only,2021-Q2,112,39.3,31.6
Children Act (Private),Wales,3 Respondent Only,2021-Q3,123,43.3,36.9
Children Act (Private),Wales,3 Respondent Only,2021-Q4,102,42,38.6
Children Act (Private),Wales,3 Respondent Only,2022-Q1,115,41.5,35
Children Act (Private),Wales,3 Respondent Only,2022-Q2,114,42.1,38.8
Children Act (Private),Wales,3 Respondent Only,2022-Q3,119,43.7,34.1
Children Act (Private),Wales,3 Respondent Only,2022-Q4,116,50.8,45.6
Children Act (Private),Wales,3 Respondent Only,2023-Q1,147,44.4,38.4
Children Act (Private),Wales,3 Respondent Only,2023-Q2,101,43.3,32.7
Children Act (Private),Wales,3 Respondent Only,2023-Q3,98,42.1,36.8
Children Act (Private),Wales,3 Respondent Only,2023-Q4,131,43.4,34
Children Act (Private),Wales,3 Respondent Only,2024-Q1,174,35.5,32.9
Children Act (Private),Wales,3 Respondent Only,2024-Q2,124,27.2,24
Children Act (Private),Wales,3 Respondent Only,2024-Q3,152,30,25.5
Children Act (Private),Wales,3 Respondent Only,2024-Q4,136,24.3,19.7
Children Act (Private),Wales,3 Respondent Only,2025-Q1,128,24.6,17.2
Children Act (Private),Wales,3 Respondent Only,2025-Q2,121,18.5,13.3
Children Act (Private),Wales,3 Respondent Only,2025-Q3,146,16.9,11
Children Act (Private),Wales,3 Respondent Only,2025-Q4,112,14.5,11.1
Children Act (Private),Wales,4 Neither,2011-Q1,47,25.6,15.1
Children Act (Private),Wales,4 Neither,2011-Q2,56,25.2,16.3
Children Act (Private),Wales,4 Neither,2011-Q3,52,24.7,12.9
Children Act (Private),Wales,4 Neither,2011-Q4,52,42.1,25.7
Children Act (Private),Wales,4 Neither,2012-Q1,53,31.8,16.6
Children Act (Private),Wales,4 Neither,2012-Q2,61,27.1,14.6
Children Act (Private),Wales,4 Neither,2012-Q3,54,19.8,11.9
Children Act (Private),Wales,4 Neither,2012-Q4,56,29.9,19.1
Children Act (Private),Wales,4 Neither,2013-Q1,64,26.7,19.9
Children Act (Private),Wales,4 Neither,2013-Q2,93,26.8,18.7
Children Act (Private),Wales,4 Neither,2013-Q3,125,19.4,13.1
Children Act (Private),Wales,4 Neither,2013-Q4,173,20.4,12.9
Children Act (Private),Wales,4 Neither,2014-Q1,174,18.7,13.7
Children Act (Private),Wales,4 Neither,2014-Q2,198,18.5,13.7
Children Act (Private),Wales,4 Neither,2014-Q3,205,23.1,15.1
Children Act (Private),Wales,4 Neither,2014-Q4,165,17.1,12.4
Children Act (Private),Wales,4 Neither,2015-Q1,161,19.4,16
Children Act (Private),Wales,4 Neither,2015-Q2,153,17.7,13.1
Children Act (Private),Wales,4 Neither,2015-Q3,171,16.7,12.3
Children Act (Private),Wales,4 Neither,2015-Q4,183,16.9,11.7
Children Act (Private),Wales,4 Neither,2016-Q1,162,16.8,13.4
Children Act (Private),Wales,4 Neither,2016-Q2,210,17.1,10.9
Children Act (Private),Wales,4 Neither,2016-Q3,187,15.6,11.6
Children Act (Private),Wales,4 Neither,2016-Q4,209,19.1,12.7
Children Act (Private),Wales,4 Neither,2017-Q1,217,17.5,14
Children Act (Private),Wales,4 Neither,2017-Q2,217,17.6,11.9
Children Act (Private),Wales,4 Neither,2017-Q3,204,14.5,10.9
Children Act (Private),Wales,4 Neither,2017-Q4,214,16.4,13.1
Children Act (Private),Wales,4 Neither,2018-Q1,187,20.8,16.4
Children Act (Private),Wales,4 Neither,2018-Q2,219,18.6,15.1
Children Act (Private),Wales,4 Neither,2018-Q3,212,20.4,16.1
Children Act (Private),Wales,4 Neither,2018-Q4,226,20.3,15.8
Children Act (Private),Wales,4 Neither,2019-Q1,214,22.6,18.5
Children Act (Private),Wales,4 Neither,2019-Q2,229,19.2,14.9
Children Act (Private),Wales,4 Neither,2019-Q3,283,21.8,17
Children Act (Private),Wales,4 Neither,2019-Q4,226,21.2,17.9
Children Act (Private),Wales,4 Neither,2020-Q1,199,22.5,18.4
Children Act (Private),Wales,4 Neither,2020-Q2,140,19.6,15.7
Children Act (Private),Wales,4 Neither,2020-Q3,203,28.5,25.1
Children Act (Private),Wales,4 Neither,2020-Q4,228,29.8,25.7
Children Act (Private),Wales,4 Neither,2021-Q1,227,31.3,24.7
Children Act (Private),Wales,4 Neither,2021-Q2,213,33.5,25.9
Children Act (Private),Wales,4 Neither,2021-Q3,226,28.7,20.4
Children Act (Private),Wales,4 Neither,2021-Q4,178,28.5,22.8
Children Act (Private),Wales,4 Neither,2022-Q1,193,31.2,26.1
Children Act (Private),Wales,4 Neither,2022-Q2,217,28.4,21.1
Children Act (Private),Wales,4 Neither,2022-Q3,266,29.3,23.4
Children Act (Private),Wales,4 Neither,2022-Q4,302,27.9,20.1
Children Act (Private),Wales,4 Neither,2023-Q1,273,30.8,21.9
Children Act (Private),Wales,4 Neither,2023-Q2,291,26.4,20
Children Act (Private),Wales,4 Neither,2023-Q3,259,26.7,20
Children Act (Private),Wales,4 Neither,2023-Q4,277,25.7,19.1
Children Act (Private),Wales,4 Neither,2024-Q1,317,22.3,16.1
Children Act (Private),Wales,4 Neither,2024-Q2,347,20.3,13.1
Children Act (Private),Wales,4 Neither,2024-Q3,321,17.2,11.4
Children Act (Private),Wales,4 Neither,2024-Q4,316,16.5,10.1
Children Act (Private),Wales,4 Neither,2025-Q1,296,15,10.4
Children Act (Private),Wales,4 Neither,2025-Q2,325,13.3,9.4
Children Act (Private),Wales,4 Neither,2025-Q3,282,13,9.7
Children Act (Private),Wales,4 Neither,2025-Q4,277,12.5,9.7
Children Act (Private),Wales,All types,2011-Q1,759,32.9,26
Children Act (Private),Wales,All types,2011-Q2,674,31.8,23.9
Children Act (Private),Wales,All types,2011-Q3,702,36.1,26.3
Children Act (Private),Wales,All types,2011-Q4,718,40.1,29.7
Children Act (Private),Wales,All types,2012-Q1,655,36.4,24.1
Children Act (Private),Wales,All types,2012-Q2,668,34,24.6
Children Act (Private),Wales,All types,2012-Q3,706,31.8,23.3
Children Act (Private),Wales,All types,2012-Q4,701,32.8,22.3
Children Act (Private),Wales,All types,2013-Q1,768,35.1,24.4
Children Act (Private),Wales,All types,2013-Q2,831,32.9,25
Children Act (Private),Wales,All types,2013-Q3,959,29.7,21.1
Children Act (Private),Wales,All types,2013-Q4,1022,29.3,21.4
Children Act (Private),Wales,All types,2014-Q1,858,29.3,21.5
Children Act (Private),Wales,All types,2014-Q2,794,26.8,18.8
Children Act (Private),Wales,All types,2014-Q3,819,32.8,19.9
Children Act (Private),Wales,All types,2014-Q4,656,25.2,17.6
Children Act (Private),Wales,All types,2015-Q1,594,22.1,16
Children Act (Private),Wales,All types,2015-Q2,607,20.7,16
Children Act (Private),Wales,All types,2015-Q3,669,20.5,16
Children Act (Private),Wales,All types,2015-Q4,680,20.2,14.2
Children Act (Private),Wales,All types,2016-Q1,609,20.1,16
Children Act (Private),Wales,All types,2016-Q2,684,20.1,14.3
Children Act (Private),Wales,All types,2016-Q3,658,18.5,14.9
Children Act (Private),Wales,All types,2016-Q4,744,19.9,15.1
Children Act (Private),Wales,All types,2017-Q1,718,19.6,15.5
Children Act (Private),Wales,All types,2017-Q2,702,19.8,14.9
Children Act (Private),Wales,All types,2017-Q3,737,18.8,14.3
Children Act (Private),Wales,All types,2017-Q4,699,20,15.6
Children Act (Private),Wales,All types,2018-Q1,678,21.5,18.3
Children Act (Private),Wales,All types,2018-Q2,750,21.5,17.4
Children Act (Private),Wales,All types,2018-Q3,756,21.5,16.9
Children Act (Private),Wales,All types,2018-Q4,754,22.7,18
Children Act (Private),Wales,All types,2019-Q1,765,25.6,19.9
Children Act (Private),Wales,All types,2019-Q2,748,22.7,18.1
Children Act (Private),Wales,All types,2019-Q3,877,24.2,18.3
Children Act (Private),Wales,All types,2019-Q4,710,22.1,18
Children Act (Private),Wales,All types,2020-Q1,704,25,19.9
Children Act (Private),Wales,All types,2020-Q2,440,21.3,16.8
Children Act (Private),Wales,All types,2020-Q3,703,28.3,24.3
Children Act (Private),Wales,All types,2020-Q4,794,32.6,26.4
Children Act (Private),Wales,All types,2021-Q1,774,32.4,25.7
Children Act (Private),Wales,All types,2021-Q2,799,34.3,27.7
Children Act (Private),Wales,All types,2021-Q3,799,33.3,25.9
Children Act (Private),Wales,All types,2021-Q4,675,34.2,29
Children Act (Private),Wales,All types,2022-Q1,675,33.8,29.1
Children Act (Private),Wales,All types,2022-Q2,687,33.9,28
Children Act (Private),Wales,All types,2022-Q3,808,35.2,29
Children Act (Private),Wales,All types,2022-Q4,840,34.4,26.3
Children Act (Private),Wales,All types,2023-Q1,879,34.3,28
Children Act (Private),Wales,All types,2023-Q2,809,32.1,25
Children Act (Private),Wales,All types,2023-Q3,798,31.9,24.9
Children Act (Private),Wales,All types,2023-Q4,832,30.9,24.1
Children Act (Private),Wales,All types,2024-Q1,1010,27.9,23.6
Children Act (Private),Wales,All types,2024-Q2,986,24.6,18.9
Children Act (Private),Wales,All types,2024-Q3,1084,21.9,15.6
Children Act (Private),Wales,All types,2024-Q4,970,19.9,13
Children Act (Private),Wales,All types,2025-Q1,909,18.6,12
Children Act (Private),Wales,All types,2025-Q2,887,15.4,10.1
Children Act (Private),Wales,All types,2025-Q3,901,15.2,10.4
Children Act (Private),Wales,All types,2025-Q4,825,13.5,10
Children Act (Public),England & Wales,1 Both,2011-Q1,2253,46.8,43.6
Children Act (Public),England & Wales,1 Both,2011-Q2,2300,49.9,46
Children Act (Public),England & Wales,1 Both,2011-Q3,2455,48.5,44.7
Children Act (Public),England & Wales,1 Both,2011-Q4,2528,50.4,47.2
Children Act (Public),England & Wales,1 Both,2012-Q1,2684,50.5,46.9
Children Act (Public),England & Wales,1 Both,2012-Q2,2759,48.4,44
Children Act (Public),England & Wales,1 Both,2012-Q3,3119,45.6,40.4
Children Act (Public),England & Wales,1 Both,2012-Q4,3331,43.3,38.6
Children Act (Public),England & Wales,1 Both,2013-Q1,2869,40.4,33.9
Children Act (Public),England & Wales,1 Both,2013-Q2,3436,39.1,33.4
Children Act (Public),England & Wales,1 Both,2013-Q3,3602,34.6,27.9
Children Act (Public),England & Wales,1 Both,2013-Q4,3224,31.5,25.7
Children Act (Public),England & Wales,1 Both,2014-Q1,2579,30.1,25.6
Children Act (Public),England & Wales,1 Both,2014-Q2,2628,29.2,25.1
Children Act (Public),England & Wales,1 Both,2014-Q3,2662,30,25
Children Act (Public),England & Wales,1 Both,2014-Q4,2643,27.9,24.9
Children Act (Public),England & Wales,1 Both,2015-Q1,2718,28.1,25.1
Children Act (Public),England & Wales,1 Both,2015-Q2,2632,28.4,25.4
Children Act (Public),England & Wales,1 Both,2015-Q3,2953,28.4,24.9
Children Act (Public),England & Wales,1 Both,2015-Q4,2942,27.4,24.9
Children Act (Public),England & Wales,1 Both,2016-Q1,2870,27.3,24.9
Children Act (Public),England & Wales,1 Both,2016-Q2,3203,26.8,24.9
Children Act (Public),England & Wales,1 Both,2016-Q3,3277,26.2,24.1
Children Act (Public),England & Wales,1 Both,2016-Q4,3334,26.6,24.6
Children Act (Public),England & Wales,1 Both,2017-Q1,3346,27.7,25.1
Children Act (Public),England & Wales,1 Both,2017-Q2,3205,27.7,25.1
Children Act (Public),England & Wales,1 Both,2017-Q3,3139,27.9,25
Children Act (Public),England & Wales,1 Both,2017-Q4,3266,28.2,25.1
Children Act (Public),England & Wales,1 Both,2018-Q1,3146,29.5,26
Children Act (Public),England & Wales,1 Both,2018-Q2,3181,29.5,25.9
Children Act (Public),England & Wales,1 Both,2018-Q3,3191,30,25.7
Children Act (Public),England & Wales,1 Both,2018-Q4,3326,30.5,26.3
Children Act (Public),England & Wales,1 Both,2019-Q1,2999,31.7,27.7
Children Act (Public),England & Wales,1 Both,2019-Q2,3103,32.2,28.4
Children Act (Public),England & Wales,1 Both,2019-Q3,2981,32.8,28.3
Children Act (Public),England & Wales,1 Both,2019-Q4,3023,33.4,29
Children Act (Public),England & Wales,1 Both,2020-Q1,2815,34.4,30.9
Children Act (Public),England & Wales,1 Both,2020-Q2,2219,34.8,30.6
Children Act (Public),England & Wales,1 Both,2020-Q3,2694,39.3,35
Children Act (Public),England & Wales,1 Both,2020-Q4,3021,41.3,36.9
Children Act (Public),England & Wales,1 Both,2021-Q1,3007,42.5,37.9
Children Act (Public),England & Wales,1 Both,2021-Q2,2835,43.6,39.1
Children Act (Public),England & Wales,1 Both,2021-Q3,2622,43.8,39
Children Act (Public),England & Wales,1 Both,2021-Q4,2752,44.5,39.6
Children Act (Public),England & Wales,1 Both,2022-Q1,2691,43.7,38.4
Children Act (Public),England & Wales,1 Both,2022-Q2,3024,43.5,38.1
Children Act (Public),England & Wales,1 Both,2022-Q3,3058,41.3,35.7
Children Act (Public),England & Wales,1 Both,2022-Q4,3215,42.7,37.9
Children Act (Public),England & Wales,1 Both,2023-Q1,3755,43.2,37.4
Children Act (Public),England & Wales,1 Both,2023-Q2,3568,42.2,36.1
Children Act (Public),England & Wales,1 Both,2023-Q3,3437,41.3,35.3
Children Act (Public),England & Wales,1 Both,2023-Q4,3298,41.1,34.1
Children Act (Public),England & Wales,1 Both,2024-Q1,3379,41,34.3
Children Act (Public),England & Wales,1 Both,2024-Q2,3363,40.3,33.7
Children Act (Public),England & Wales,1 Both,2024-Q3,3451,39.1,33.1
Children Act (Public),England & Wales,1 Both,2024-Q4,3520,37.7,31.9
Children Act (Public),England & Wales,1 Both,2025-Q1,3404,38.1,32.1
Children Act (Public),England & Wales,1 Both,2025-Q2,3420,37,31.3
Children Act (Public),England & Wales,1 Both,2025-Q3,3405,36.2,30.7
Children Act (Public),England & Wales,1 Both,2025-Q4,3368,35.6,29.6
Children Act (Public),England & Wales,2 Applicant Only,2011-Q1,475,16.2,5.6
Children Act (Public),England & Wales,2 Applicant Only,2011-Q2,469,14.3,4.7
Children Act (Public),England & Wales,2 Applicant Only,2011-Q3,544,18.2,8.9
Children Act (Public),England & Wales,2 Applicant Only,2011-Q4,491,16.8,6.7
Children Act (Public),England & Wales,2 Applicant Only,2012-Q1,505,16.3,4.7
Children Act (Public),England & Wales,2 Applicant Only,2012-Q2,498,17.9,9.5
Children Act (Public),England & Wales,2 Applicant Only,2012-Q3,565,14.7,7.3
Children Act (Public),England & Wales,2 Applicant Only,2012-Q4,614,14.8,6
Children Act (Public),England & Wales,2 Applicant Only,2013-Q1,554,14.1,6.7
Children Act (Public),England & Wales,2 Applicant Only,2013-Q2,611,15.7,9.9
Children Act (Public),England & Wales,2 Applicant Only,2013-Q3,696,13.2,8.4
Children Act (Public),England & Wales,2 Applicant Only,2013-Q4,638,10.4,4.8
Children Act (Public),England & Wales,2 Applicant Only,2014-Q1,571,10.7,5
Children Act (Public),England & Wales,2 Applicant Only,2014-Q2,480,12.1,7.6
Children Act (Public),England & Wales,2 Applicant Only,2014-Q3,552,18.7,10.7
Children Act (Public),England & Wales,2 Applicant Only,2014-Q4,498,13.6,10.1
Children Act (Public),England & Wales,2 Applicant Only,2015-Q1,492,13.3,9.2
Children Act (Public),England & Wales,2 Applicant Only,2015-Q2,477,14.3,10.3
Children Act (Public),England & Wales,2 Applicant Only,2015-Q3,537,13.5,10
Children Act (Public),England & Wales,2 Applicant Only,2015-Q4,553,12.9,10
Children Act (Public),England & Wales,2 Applicant Only,2016-Q1,573,13.5,10.4
Children Act (Public),England & Wales,2 Applicant Only,2016-Q2,631,13.2,10.1
Children Act (Public),England & Wales,2 Applicant Only,2016-Q3,639,14,10.7
Children Act (Public),England & Wales,2 Applicant Only,2016-Q4,644,13.8,12.1
Children Act (Public),England & Wales,2 Applicant Only,2017-Q1,665,14.4,12.6
Children Act (Public),England & Wales,2 Applicant Only,2017-Q2,710,13.7,10.8
Children Act (Public),England & Wales,2 Applicant Only,2017-Q3,746,13.4,11.2
Children Act (Public),England & Wales,2 Applicant Only,2017-Q4,642,14.4,12
Children Act (Public),England & Wales,2 Applicant Only,2018-Q1,668,14.9,12.3
Children Act (Public),England & Wales,2 Applicant Only,2018-Q2,706,15.1,12
Children Act (Public),England & Wales,2 Applicant Only,2018-Q3,656,14.6,11.5
Children Act (Public),England & Wales,2 Applicant Only,2018-Q4,690,15,11.4
Children Act (Public),England & Wales,2 Applicant Only,2019-Q1,706,15.2,12
Children Act (Public),England & Wales,2 Applicant Only,2019-Q2,745,15.8,11.3
Children Act (Public),England & Wales,2 Applicant Only,2019-Q3,698,14.6,10.7
Children Act (Public),England & Wales,2 Applicant Only,2019-Q4,741,15.8,12.3
Children Act (Public),England & Wales,2 Applicant Only,2020-Q1,729,16.1,12.1
Children Act (Public),England & Wales,2 Applicant Only,2020-Q2,595,15.8,11.9
Children Act (Public),England & Wales,2 Applicant Only,2020-Q3,750,17.6,11.5
Children Act (Public),England & Wales,2 Applicant Only,2020-Q4,799,18.3,13.3
Children Act (Public),England & Wales,2 Applicant Only,2021-Q1,784,18.8,14.1
Children Act (Public),England & Wales,2 Applicant Only,2021-Q2,863,19.3,14.6
Children Act (Public),England & Wales,2 Applicant Only,2021-Q3,907,19.8,15.4
Children Act (Public),England & Wales,2 Applicant Only,2021-Q4,864,21.8,16.9
Children Act (Public),England & Wales,2 Applicant Only,2022-Q1,850,21.7,15.7
Children Act (Public),England & Wales,2 Applicant Only,2022-Q2,750,23.1,16.1
Children Act (Public),England & Wales,2 Applicant Only,2022-Q3,674,20.5,12.9
Children Act (Public),England & Wales,2 Applicant Only,2022-Q4,662,22.3,14
Children Act (Public),England & Wales,2 Applicant Only,2023-Q1,654,22.6,13.5
Children Act (Public),England & Wales,2 Applicant Only,2023-Q2,603,17.5,10.1
Children Act (Public),England & Wales,2 Applicant Only,2023-Q3,603,15.6,9.1
Children Act (Public),England & Wales,2 Applicant Only,2023-Q4,567,14.1,9.1
Children Act (Public),England & Wales,2 Applicant Only,2024-Q1,561,13.4,9
Children Act (Public),England & Wales,2 Applicant Only,2024-Q2,577,14.8,9
Children Act (Public),England & Wales,2 Applicant Only,2024-Q3,575,11.1,7.7
Children Act (Public),England & Wales,2 Applicant Only,2024-Q4,595,12.2,8.9
Children Act (Public),England & Wales,2 Applicant Only,2025-Q1,518,12.3,8.4
Children Act (Public),England & Wales,2 Applicant Only,2025-Q2,595,11.5,8.3
Children Act (Public),England & Wales,2 Applicant Only,2025-Q3,559,10.9,8.9
Children Act (Public),England & Wales,2 Applicant Only,2025-Q4,538,11.4,8.4
Children Act (Public),England & Wales,3 Respondent Only,2011-Q1,62,45.6,40.5
Children Act (Public),England & Wales,3 Respondent Only,2011-Q2,92,55.2,53.3
Children Act (Public),England & Wales,3 Respondent Only,2011-Q3,66,52,49.3
Children Act (Public),England & Wales,3 Respondent Only,2011-Q4,90,52.5,46.8
Children Act (Public),England & Wales,3 Respondent Only,2012-Q1,68,51,53.1
Children Act (Public),England & Wales,3 Respondent Only,2012-Q2,62,54.7,48.6
Children Act (Public),England & Wales,3 Respondent Only,2012-Q3,82,52,47
Children Act (Public),England & Wales,3 Respondent Only,2012-Q4,68,49,48
Children Act (Public),England & Wales,3 Respondent Only,2013-Q1,57,40,34.6
Children Act (Public),England & Wales,3 Respondent Only,2013-Q2,84,45.3,41.4
Children Act (Public),England & Wales,3 Respondent Only,2013-Q3,71,43.8,43
Children Act (Public),England & Wales,3 Respondent Only,2013-Q4,46,37.4,38.1
Children Act (Public),England & Wales,3 Respondent Only,2014-Q1,40,28.7,25
Children Act (Public),England & Wales,3 Respondent Only,2014-Q2,36,23.1,22.1
Children Act (Public),England & Wales,3 Respondent Only,2014-Q3,45,29.8,25
Children Act (Public),England & Wales,3 Respondent Only,2014-Q4,36,27.2,23.3
Children Act (Public),England & Wales,3 Respondent Only,2015-Q1,27,32.6,22.4
Children Act (Public),England & Wales,3 Respondent Only,2015-Q2,40,27.4,24.8
Children Act (Public),England & Wales,3 Respondent Only,2015-Q3,40,27.2,24.7
Children Act (Public),England & Wales,3 Respondent Only,2015-Q4,43,22.6,22
Children Act (Public),England & Wales,3 Respondent Only,2016-Q1,41,30.3,25.6
Children Act (Public),England & Wales,3 Respondent Only,2016-Q2,54,26.4,24.1
Children Act (Public),England & Wales,3 Respondent Only,2016-Q3,38,29.3,22
Children Act (Public),England & Wales,3 Respondent Only,2016-Q4,55,26,24.7
Children Act (Public),England & Wales,3 Respondent Only,2017-Q1,58,22.9,24.1
Children Act (Public),England & Wales,3 Respondent Only,2017-Q2,75,27.2,24.9
Children Act (Public),England & Wales,3 Respondent Only,2017-Q3,48,29,25.6
Children Act (Public),England & Wales,3 Respondent Only,2017-Q4,47,27.9,25.6
Children Act (Public),England & Wales,3 Respondent Only,2018-Q1,42,27.8,26.3
Children Act (Public),England & Wales,3 Respondent Only,2018-Q2,44,25.3,24.4
Children Act (Public),England & Wales,3 Respondent Only,2018-Q3,29,34.2,26.9
Children Act (Public),England & Wales,3 Respondent Only,2018-Q4,35,31.4,27.4
Children Act (Public),England & Wales,3 Respondent Only,2019-Q1,32,26.8,26.3
Children Act (Public),England & Wales,3 Respondent Only,2019-Q2,33,28.8,25.3
Children Act (Public),England & Wales,3 Respondent Only,2019-Q3,33,35.7,33.9
Children Act (Public),England & Wales,3 Respondent Only,2019-Q4,21,29.9,26.4
Children Act (Public),England & Wales,3 Respondent Only,2020-Q1,30,36.9,33.6
Children Act (Public),England & Wales,3 Respondent Only,2020-Q2,25,31.7,30
Children Act (Public),England & Wales,3 Respondent Only,2020-Q3,26,33.5,36.1
Children Act (Public),England & Wales,3 Respondent Only,2020-Q4,24,34.3,27.1
Children Act (Public),England & Wales,3 Respondent Only,2021-Q1,31,44.3,27.1
Children Act (Public),England & Wales,3 Respondent Only,2021-Q2,50,30.7,29.9
Children Act (Public),England & Wales,3 Respondent Only,2021-Q3,39,36.5,32.9
Children Act (Public),England & Wales,3 Respondent Only,2021-Q4,36,35.8,35.9
Children Act (Public),England & Wales,3 Respondent Only,2022-Q1,38,51.6,49.7
Children Act (Public),England & Wales,3 Respondent Only,2022-Q2,29,52.1,58.1
Children Act (Public),England & Wales,3 Respondent Only,2022-Q3,15,75.5,76.6
Children Act (Public),England & Wales,3 Respondent Only,2022-Q4,17,54.4,56
Children Act (Public),England & Wales,3 Respondent Only,2023-Q1,7,70.2,81.9
Children Act (Public),England & Wales,3 Respondent Only,2023-Q2,7,55.5,39
Children Act (Public),England & Wales,3 Respondent Only,2023-Q3,5,17.1,17.1
Children Act (Public),England & Wales,3 Respondent Only,2023-Q4,3,21.1,23.9
Children Act (Public),England & Wales,3 Respondent Only,2024-Q1,6,50.2,31.5
Children Act (Public),England & Wales,3 Respondent Only,2024-Q2,5,49,18
Children Act (Public),England & Wales,3 Respondent Only,2024-Q3,5,16,15.1
Children Act (Public),England & Wales,3 Respondent Only,2024-Q4,7,18.8,5.9
Children Act (Public),England & Wales,3 Respondent Only,2025-Q1,5,19.4,14.9
Children Act (Public),England & Wales,3 Respondent Only,2025-Q2,2,11.5,11.5
Children Act (Public),England & Wales,3 Respondent Only,2025-Q3,3,17.7,23
Children Act (Public),England & Wales,3 Respondent Only,2025-Q4,6,13.9,10
Children Act (Public),England & Wales,4 Neither,2011-Q1,42,17.8,10.2
Children Act (Public),England & Wales,4 Neither,2011-Q2,32,11,4.4
Children Act (Public),England & Wales,4 Neither,2011-Q3,34,11.4,5.3
Children Act (Public),England & Wales,4 Neither,2011-Q4,33,13.6,7.6
Children Act (Public),England & Wales,4 Neither,2012-Q1,23,23.1,4.1
Children Act (Public),England & Wales,4 Neither,2012-Q2,20,17.7,11.1
Children Act (Public),England & Wales,4 Neither,2012-Q3,26,11,4.8
Children Act (Public),England & Wales,4 Neither,2012-Q4,22,19.9,10.9
Children Act (Public),England & Wales,4 Neither,2013-Q1,29,19.9,8.1
Children Act (Public),England & Wales,4 Neither,2013-Q2,26,28.7,12
Children Act (Public),England & Wales,4 Neither,2013-Q3,30,17.2,7.5
Children Act (Public),England & Wales,4 Neither,2013-Q4,36,13.1,6.1
Children Act (Public),England & Wales,4 Neither,2014-Q1,27,15.4,12
Children Act (Public),England & Wales,4 Neither,2014-Q2,31,17.9,8
Children Act (Public),England & Wales,4 Neither,2014-Q3,33,21.9,6.4
Children Act (Public),England & Wales,4 Neither,2014-Q4,22,15.5,11.5
Children Act (Public),England & Wales,4 Neither,2015-Q1,32,20.9,13.1
Children Act (Public),England & Wales,4 Neither,2015-Q2,30,13.1,7.6
Children Act (Public),England & Wales,4 Neither,2015-Q3,24,16.4,13.3
Children Act (Public),England & Wales,4 Neither,2015-Q4,34,14.1,13.8
Children Act (Public),England & Wales,4 Neither,2016-Q1,22,15.5,12.5
Children Act (Public),England & Wales,4 Neither,2016-Q2,37,10.2,5.6
Children Act (Public),England & Wales,4 Neither,2016-Q3,33,14,11.7
Children Act (Public),England & Wales,4 Neither,2016-Q4,46,16,10.2
Children Act (Public),England & Wales,4 Neither,2017-Q1,37,14.1,12
Children Act (Public),England & Wales,4 Neither,2017-Q2,48,21.7,14
Children Act (Public),England & Wales,4 Neither,2017-Q3,39,15.5,9.4
Children Act (Public),England & Wales,4 Neither,2017-Q4,49,18.7,14
Children Act (Public),England & Wales,4 Neither,2018-Q1,37,19.2,13.1
Children Act (Public),England & Wales,4 Neither,2018-Q2,41,18.2,14.7
Children Act (Public),England & Wales,4 Neither,2018-Q3,36,13.7,9.9
Children Act (Public),England & Wales,4 Neither,2018-Q4,33,15.7,16.9
Children Act (Public),England & Wales,4 Neither,2019-Q1,48,18,18.1
Children Act (Public),England & Wales,4 Neither,2019-Q2,32,14.9,12.9
Children Act (Public),England & Wales,4 Neither,2019-Q3,47,16.2,12.3
Children Act (Public),England & Wales,4 Neither,2019-Q4,42,17.4,17.2
Children Act (Public),England & Wales,4 Neither,2020-Q1,39,20.3,16.7
Children Act (Public),England & Wales,4 Neither,2020-Q2,20,10.4,7.4
Children Act (Public),England & Wales,4 Neither,2020-Q3,32,20.9,17.2
Children Act (Public),England & Wales,4 Neither,2020-Q4,40,18.1,8.7
Children Act (Public),England & Wales,4 Neither,2021-Q1,30,20.5,14
Children Act (Public),England & Wales,4 Neither,2021-Q2,39,17.6,16.3
Children Act (Public),England & Wales,4 Neither,2021-Q3,45,16.2,13.1
Children Act (Public),England & Wales,4 Neither,2021-Q4,53,27.8,19.4
Children Act (Public),England & Wales,4 Neither,2022-Q1,40,29.2,24.5
Children Act (Public),England & Wales,4 Neither,2022-Q2,26,18.4,12
Children Act (Public),England & Wales,4 Neither,2022-Q3,28,24.2,21.5
Children Act (Public),England & Wales,4 Neither,2022-Q4,39,25.8,17.3
Children Act (Public),England & Wales,4 Neither,2023-Q1,33,28,22
Children Act (Public),England & Wales,4 Neither,2023-Q2,35,34.6,17.1
Children Act (Public),England & Wales,4 Neither,2023-Q3,33,21.1,11
Children Act (Public),England & Wales,4 Neither,2023-Q4,29,21.6,12.6
Children Act (Public),England & Wales,4 Neither,2024-Q1,29,16.9,10.6
Children Act (Public),England & Wales,4 Neither,2024-Q2,38,22.1,13.4
Children Act (Public),England & Wales,4 Neither,2024-Q3,22,19.5,13.8
Children Act (Public),England & Wales,4 Neither,2024-Q4,21,29.6,18.9
Children Act (Public),England & Wales,4 Neither,2025-Q1,24,15.8,8.2
Children Act (Public),England & Wales,4 Neither,2025-Q2,22,16.3,16.3
Children Act (Public),England & Wales,4 Neither,2025-Q3,24,13.7,8.9
Children Act (Public),England & Wales,4 Neither,2025-Q4,20,20.4,17
Children Act (Public),England & Wales,All types,2011-Q1,2832,41.2,38.2
Children Act (Public),England & Wales,All types,2011-Q2,2893,43.9,41
Children Act (Public),England & Wales,All types,2011-Q3,3099,42.9,40.6
Children Act (Public),England & Wales,All types,2011-Q4,3142,44.8,43
Children Act (Public),England & Wales,All types,2012-Q1,3280,45.1,42.1
Children Act (Public),England & Wales,All types,2012-Q2,3339,43.8,40.3
Children Act (Public),England & Wales,All types,2012-Q3,3792,40.9,36.7
Children Act (Public),England & Wales,All types,2012-Q4,4035,38.9,35.3
Children Act (Public),England & Wales,All types,2013-Q1,3509,36,31
Children Act (Public),England & Wales,All types,2013-Q2,4157,35.7,30.6
Children Act (Public),England & Wales,All types,2013-Q3,4399,31.2,25.9
Children Act (Public),England & Wales,All types,2013-Q4,3944,28,24.6
Children Act (Public),England & Wales,All types,2014-Q1,3217,26.5,24.4
Children Act (Public),England & Wales,All types,2014-Q2,3175,26.4,24
Children Act (Public),England & Wales,All types,2014-Q3,3292,28,24.3
Children Act (Public),England & Wales,All types,2014-Q4,3199,25.6,23.9
Children Act (Public),England & Wales,All types,2015-Q1,3269,25.8,24.3
Children Act (Public),England & Wales,All types,2015-Q2,3179,26.1,24.7
Children Act (Public),England & Wales,All types,2015-Q3,3554,26.1,23.9
Children Act (Public),England & Wales,All types,2015-Q4,3572,25,23.9
Children Act (Public),England & Wales,All types,2016-Q1,3506,25,24
Children Act (Public),England & Wales,All types,2016-Q2,3925,24.4,23.7
Children Act (Public),England & Wales,All types,2016-Q3,3987,24.2,23.1
Children Act (Public),England & Wales,All types,2016-Q4,4079,24.5,23.6
Children Act (Public),England & Wales,All types,2017-Q1,4106,25.4,24.3
Children Act (Public),England & Wales,All types,2017-Q2,4038,25.2,24.1
Children Act (Public),England & Wales,All types,2017-Q3,3972,25,24
Children Act (Public),England & Wales,All types,2017-Q4,4004,25.9,24.3
Children Act (Public),England & Wales,All types,2018-Q1,3893,26.9,25.3
Children Act (Public),England & Wales,All types,2018-Q2,3972,26.8,25
Children Act (Public),England & Wales,All types,2018-Q3,3912,27.3,24.9
Children Act (Public),England & Wales,All types,2018-Q4,4084,27.8,25.3
Children Act (Public),England & Wales,All types,2019-Q1,3785,28.4,25.6
Children Act (Public),England & Wales,All types,2019-Q2,3913,28.9,25.9
Children Act (Public),England & Wales,All types,2019-Q3,3759,29.2,25.6
Children Act (Public),England & Wales,All types,2019-Q4,3827,29.8,26
Children Act (Public),England & Wales,All types,2020-Q1,3613,30.5,27.6
Children Act (Public),England & Wales,All types,2020-Q2,2859,30.6,27.3
Children Act (Public),England & Wales,All types,2020-Q3,3502,34.4,31
Children Act (Public),England & Wales,All types,2020-Q4,3884,36.3,32.1
Children Act (Public),England & Wales,All types,2021-Q1,3852,37.5,33.6
Children Act (Public),England & Wales,All types,2021-Q2,3787,37.6,34
Children Act (Public),England & Wales,All types,2021-Q3,3613,37.3,32.9
Children Act (Public),England & Wales,All types,2021-Q4,3705,38.9,33.9
Children Act (Public),England & Wales,All types,2022-Q1,3619,38.4,34.3
Children Act (Public),England & Wales,All types,2022-Q2,3829,39.4,34.7
Children Act (Public),England & Wales,All types,2022-Q3,3775,37.6,32.6
Children Act (Public),England & Wales,All types,2022-Q4,3933,39.1,34.6
Children Act (Public),England & Wales,All types,2023-Q1,4449,40.1,34.9
Children Act (Public),England & Wales,All types,2023-Q2,4213,38.6,32.7
Children Act (Public),England & Wales,All types,2023-Q3,4078,37.3,32
Children Act (Public),England & Wales,All types,2023-Q4,3897,37,30.7
Children Act (Public),England & Wales,All types,2024-Q1,3975,36.9,30.7
Children Act (Public),England & Wales,All types,2024-Q2,3983,36.4,30
Children Act (Public),England & Wales,All types,2024-Q3,4053,35,29.3
Children Act (Public),England & Wales,All types,2024-Q4,4143,34,28.3
Children Act (Public),England & Wales,All types,2025-Q1,3951,34.6,29
Children Act (Public),England & Wales,All types,2025-Q2,4039,33.1,28.1
Children Act (Public),England & Wales,All types,2025-Q3,3991,32.5,27.3
Children Act (Public),England & Wales,All types,2025-Q4,3932,32.2,26.6
Children Act (Public),London,1 Both,2011-Q1,345,34.6,23
Children Act (Public),London,1 Both,2011-Q2,311,42.5,31.4
Children Act (Public),London,1 Both,2011-Q3,307,45.9,40.3
Children Act (Public),London,1 Both,2011-Q4,300,49.7,48.1
Children Act (Public),London,1 Both,2012-Q1,330,53.3,50.5
Children Act (Public),London,1 Both,2012-Q2,342,53.1,51.8
Children Act (Public),London,1 Both,2012-Q3,358,49.8,45.2
Children Act (Public),London,1 Both,2012-Q4,403,49.7,45.1
Children Act (Public),London,1 Both,2013-Q1,345,47.1,41
Children Act (Public),London,1 Both,2013-Q2,441,46.1,40
Children Act (Public),London,1 Both,2013-Q3,476,41.8,36.2
Children Act (Public),London,1 Both,2013-Q4,440,38.4,33.7
Children Act (Public),London,1 Both,2014-Q1,335,36.7,32.3
Children Act (Public),London,1 Both,2014-Q2,334,38.2,32.6
Children Act (Public),London,1 Both,2014-Q3,427,43.6,34.3
Children Act (Public),London,1 Both,2014-Q4,425,33.6,29.6
Children Act (Public),London,1 Both,2015-Q1,363,32.3,28.9
Children Act (Public),London,1 Both,2015-Q2,339,31.2,29
Children Act (Public),London,1 Both,2015-Q3,391,31.9,28.1
Children Act (Public),London,1 Both,2015-Q4,349,30.2,26.7
Children Act (Public),London,1 Both,2016-Q1,356,29.8,26.7
Children Act (Public),London,1 Both,2016-Q2,454,27.9,25.7
Children Act (Public),London,1 Both,2016-Q3,398,28.5,25.1
Children Act (Public),London,1 Both,2016-Q4,463,27.3,25.1
Children Act (Public),London,1 Both,2017-Q1,444,30.1,27.1
Children Act (Public),London,1 Both,2017-Q2,401,30.2,27.4
Children Act (Public),London,1 Both,2017-Q3,387,29,25.7
Children Act (Public),London,1 Both,2017-Q4,407,29.5,26.7
Children Act (Public),London,1 Both,2018-Q1,388,30.2,27.7
Children Act (Public),London,1 Both,2018-Q2,374,31,28.2
Children Act (Public),London,1 Both,2018-Q3,347,34.5,32.6
Children Act (Public),London,1 Both,2018-Q4,390,33.9,32.4
Children Act (Public),London,1 Both,2019-Q1,334,33.1,31.4
Children Act (Public),London,1 Both,2019-Q2,370,35.2,33.7
Children Act (Public),London,1 Both,2019-Q3,318,35.8,33.1
Children Act (Public),London,1 Both,2019-Q4,302,38.4,35.7
Children Act (Public),London,1 Both,2020-Q1,289,37.7,34.7
Children Act (Public),London,1 Both,2020-Q2,223,36.9,33.1
Children Act (Public),London,1 Both,2020-Q3,273,43.3,39.6
Children Act (Public),London,1 Both,2020-Q4,361,46.4,44.3
Children Act (Public),London,1 Both,2021-Q1,292,47.6,42.7
Children Act (Public),London,1 Both,2021-Q2,277,49.7,45.1
Children Act (Public),London,1 Both,2021-Q3,269,50.1,46.4
Children Act (Public),London,1 Both,2021-Q4,253,53.3,52
Children Act (Public),London,1 Both,2022-Q1,233,49.8,45.6
Children Act (Public),London,1 Both,2022-Q2,318,53.7,49.5
Children Act (Public),London,1 Both,2022-Q3,273,50.6,47.9
Children Act (Public),London,1 Both,2022-Q4,317,53.9,51.9
Children Act (Public),London,1 Both,2023-Q1,394,53.5,49.3
Children Act (Public),London,1 Both,2023-Q2,392,53.3,49
Children Act (Public),London,1 Both,2023-Q3,344,52.8,50
Children Act (Public),London,1 Both,2023-Q4,341,56.9,53.3
Children Act (Public),London,1 Both,2024-Q1,383,58.3,53.9
Children Act (Public),London,1 Both,2024-Q2,361,59.7,53.9
Children Act (Public),London,1 Both,2024-Q3,427,53.6,48.3
Children Act (Public),London,1 Both,2024-Q4,440,55.5,50.4
Children Act (Public),London,1 Both,2025-Q1,437,52.7,48
Children Act (Public),London,1 Both,2025-Q2,429,51.4,46.7
Children Act (Public),London,1 Both,2025-Q3,410,50.1,45.7
Children Act (Public),London,1 Both,2025-Q4,401,48.1,43.3
Children Act (Public),London,2 Applicant Only,2011-Q1,75,12.5,2.4
Children Act (Public),London,2 Applicant Only,2011-Q2,90,11.3,1.1
Children Act (Public),London,2 Applicant Only,2011-Q3,108,14.9,2.6
Children Act (Public),London,2 Applicant Only,2011-Q4,98,13.1,2
Children Act (Public),London,2 Applicant Only,2012-Q1,98,11.8,0.4
Children Act (Public),London,2 Applicant Only,2012-Q2,74,19.3,6
Children Act (Public),London,2 Applicant Only,2012-Q3,95,13.2,5.9
Children Act (Public),London,2 Applicant Only,2012-Q4,107,15.7,2.3
Children Act (Public),London,2 Applicant Only,2013-Q1,82,18.6,11.8
Children Act (Public),London,2 Applicant Only,2013-Q2,86,17.4,18.1
Children Act (Public),London,2 Applicant Only,2013-Q3,122,16,8.2
Children Act (Public),London,2 Applicant Only,2013-Q4,119,13,6.4
Children Act (Public),London,2 Applicant Only,2014-Q1,114,14.1,4.4
Children Act (Public),London,2 Applicant Only,2014-Q2,71,12.9,4.9
Children Act (Public),London,2 Applicant Only,2014-Q3,136,34.5,23.2
Children Act (Public),London,2 Applicant Only,2014-Q4,73,20.6,16.3
Children Act (Public),London,2 Applicant Only,2015-Q1,66,17.2,13.2
Children Act (Public),London,2 Applicant Only,2015-Q2,63,15.9,6
Children Act (Public),London,2 Applicant Only,2015-Q3,82,18.8,17.4
Children Act (Public),London,2 Applicant Only,2015-Q4,77,17.6,16.1
Children Act (Public),London,2 Applicant Only,2016-Q1,79,15.7,14
Children Act (Public),London,2 Applicant Only,2016-Q2,96,16.8,17.1
Children Act (Public),London,2 Applicant Only,2016-Q3,105,15.8,12
Children Act (Public),London,2 Applicant Only,2016-Q4,102,17.5,17.9
Children Act (Public),London,2 Applicant Only,2017-Q1,94,17.2,16.5
Children Act (Public),London,2 Applicant Only,2017-Q2,89,15.1,12.9
Children Act (Public),London,2 Applicant Only,2017-Q3,115,15.4,13
Children Act (Public),London,2 Applicant Only,2017-Q4,100,17.1,14.8
Children Act (Public),London,2 Applicant Only,2018-Q1,114,19.6,20
Children Act (Public),London,2 Applicant Only,2018-Q2,100,16.1,15.2
Children Act (Public),London,2 Applicant Only,2018-Q3,104,21.4,19.6
Children Act (Public),London,2 Applicant Only,2018-Q4,102,19.3,14.7
Children Act (Public),London,2 Applicant Only,2019-Q1,98,20.7,20.4
Children Act (Public),London,2 Applicant Only,2019-Q2,69,17.1,13.6
Children Act (Public),London,2 Applicant Only,2019-Q3,81,17.5,12.1
Children Act (Public),London,2 Applicant Only,2019-Q4,98,19.9,21.6
Children Act (Public),London,2 Applicant Only,2020-Q1,83,22.3,20.6
Children Act (Public),London,2 Applicant Only,2020-Q2,61,19.1,17
Children Act (Public),London,2 Applicant Only,2020-Q3,82,25.2,23.4
Children Act (Public),London,2 Applicant Only,2020-Q4,92,25.9,23.8
Children Act (Public),London,2 Applicant Only,2021-Q1,69,29,27.3
Children Act (Public),London,2 Applicant Only,2021-Q2,61,31.8,28.7
Children Act (Public),London,2 Applicant Only,2021-Q3,66,31.7,24
Children Act (Public),London,2 Applicant Only,2021-Q4,72,27.5,24
Children Act (Public),London,2 Applicant Only,2022-Q1,80,24.7,24.8
Children Act (Public),London,2 Applicant Only,2022-Q2,77,24.2,18.6
Children Act (Public),London,2 Applicant Only,2022-Q3,81,29.8,24.1
Children Act (Public),London,2 Applicant Only,2022-Q4,84,33.7,34
Children Act (Public),London,2 Applicant Only,2023-Q1,76,49.5,47.8
Children Act (Public),London,2 Applicant Only,2023-Q2,71,28.8,24.9
Children Act (Public),London,2 Applicant Only,2023-Q3,54,32.8,16.9
Children Act (Public),London,2 Applicant Only,2023-Q4,60,20.1,6.6
Children Act (Public),London,2 Applicant Only,2024-Q1,55,22.8,5.1
Children Act (Public),London,2 Applicant Only,2024-Q2,60,40.2,18.7
Children Act (Public),London,2 Applicant Only,2024-Q3,53,15.1,3
Children Act (Public),London,2 Applicant Only,2024-Q4,55,17.8,14.4
Children Act (Public),London,2 Applicant Only,2025-Q1,42,17.8,3
Children Act (Public),London,2 Applicant Only,2025-Q2,41,12.9,2.6
Children Act (Public),London,2 Applicant Only,2025-Q3,45,12.3,3.6
Children Act (Public),London,2 Applicant Only,2025-Q4,40,19.4,11
Children Act (Public),London,3 Respondent Only,2011-Q1,2,117.6,117.6
Children Act (Public),London,3 Respondent Only,2011-Q2,11,54.6,54.9
Children Act (Public),London,3 Respondent Only,2011-Q3,3,41.7,41
Children Act (Public),London,3 Respondent Only,2011-Q4,7,43.4,11.4
Children Act (Public),London,3 Respondent Only,2012-Q1,4,30.2,11.4
Children Act (Public),London,3 Respondent Only,2012-Q2,1,6.1,6.1
Children Act (Public),London,3 Respondent Only,2012-Q3,6,23.5,22.2
Children Act (Public),London,3 Respondent Only,2012-Q4,6,20.3,12.2
Children Act (Public),London,3 Respondent Only,2013-Q1,4,14.2,7.3
Children Act (Public),London,3 Respondent Only,2013-Q2,9,39.4,29
Children Act (Public),London,3 Respondent Only,2013-Q3,4,38.3,33.8
Children Act (Public),London,3 Respondent Only,2013-Q4,1,8,8
Children Act (Public),London,3 Respondent Only,2014-Q1,1,24.6,24.6
Children Act (Public),London,3 Respondent Only,2014-Q2,4,34.3,34.7
Children Act (Public),London,3 Respondent Only,2014-Q3,3,54.7,55.6
Children Act (Public),London,3 Respondent Only,2014-Q4,7,23,15.6
Children Act (Public),London,3 Respondent Only,2015-Q1,4,23.4,22.3
Children Act (Public),London,3 Respondent Only,2015-Q2,6,26.2,27.2
Children Act (Public),London,3 Respondent Only,2015-Q3,1,13,13
Children Act (Public),London,3 Respondent Only,2015-Q4,6,19.1,17
Children Act (Public),London,3 Respondent Only,2016-Q1,7,29.8,31.1
Children Act (Public),London,3 Respondent Only,2016-Q2,3,20.5,7.1
Children Act (Public),London,3 Respondent Only,2016-Q3,3,77.7,51.6
Children Act (Public),London,3 Respondent Only,2016-Q4,5,13.4,2.1
Children Act (Public),London,3 Respondent Only,2017-Q1,14,15.9,18.8
Children Act (Public),London,3 Respondent Only,2017-Q2,47,26.3,25.1
Children Act (Public),London,3 Respondent Only,2017-Q3,21,29.3,28
Children Act (Public),London,3 Respondent Only,2017-Q4,11,37.2,37.1
Children Act (Public),London,3 Respondent Only,2018-Q1,6,27.4,29.3
Children Act (Public),London,3 Respondent Only,2018-Q2,12,27.5,24.8
Children Act (Public),London,3 Respondent Only,2018-Q3,5,51,37.4
Children Act (Public),London,3 Respondent Only,2018-Q4,1,57.6,57.6
Children Act (Public),London,3 Respondent Only,2019-Q1,1,66.1,66.1
Children Act (Public),London,3 Respondent Only,2019-Q2,2,48.4,48.4
Children Act (Public),London,3 Respondent Only,2019-Q3,2,39,39
Children Act (Public),London,3 Respondent Only,2019-Q4,1,24.6,24.6
Children Act (Public),London,3 Respondent Only,2020-Q1,1,30,30
Children Act (Public),London,3 Respondent Only,2020-Q2,1,36.4,36.4
Children Act (Public),London,3 Respondent Only,2020-Q3,4,34.6,38.4
Children Act (Public),London,3 Respondent Only,2020-Q4,3,13.9,9.1
Children Act (Public),London,3 Respondent Only,2021-Q1,7,20.2,17.7
Children Act (Public),London,3 Respondent Only,2021-Q2,21,28.9,28.9
Children Act (Public),London,3 Respondent Only,2021-Q3,22,36.2,32.4
Children Act (Public),London,3 Respondent Only,2021-Q4,16,42.2,45.3
Children Act (Public),London,3 Respondent Only,2022-Q1,18,53.1,54.1
Children Act (Public),London,3 Respondent Only,2022-Q2,14,67.7,68.4
Children Act (Public),London,3 Respondent Only,2022-Q3,9,80.2,79.1
Children Act (Public),London,3 Respondent Only,2022-Q4,5,94.3,100
Children Act (Public),London,3 Respondent Only,2023-Q1,3,99.8,88.4
Children Act (Public),London,3 Respondent Only,2023-Q2,1,114.1,114.1
Children Act (Public),London,3 Respondent Only,2023-Q3,1,0.1,0.1
Children Act (Public),London,3 Respondent Only,2024-Q1,2,70.9,70.9
Children Act (Public),London,3 Respondent Only,2024-Q2,1,180.7,180.7
Children Act (Public),London,4 Neither,2011-Q1,3,17.6,12.3
Children Act (Public),London,4 Neither,2011-Q2,2,0.1,0.1
Children Act (Public),London,4 Neither,2011-Q3,4,9.8,2.6
Children Act (Public),London,4 Neither,2011-Q4,2,16,16
Children Act (Public),London,4 Neither,2012-Q2,3,20.6,21.6
Children Act (Public),London,4 Neither,2012-Q3,4,4.1,3.8
Children Act (Public),London,4 Neither,2012-Q4,2,8.3,8.3
Children Act (Public),London,4 Neither,2013-Q1,4,4.5,1
Children Act (Public),London,4 Neither,2013-Q2,6,20.9,19.8
Children Act (Public),London,4 Neither,2013-Q3,4,11.7,11.1
Children Act (Public),London,4 Neither,2013-Q4,3,26.9,27.9
Children Act (Public),London,4 Neither,2014-Q1,2,38.6,38.6
Children Act (Public),London,4 Neither,2014-Q3,9,46.4,31.7
Children Act (Public),London,4 Neither,2015-Q1,1,11.6,11.6
Children Act (Public),London,4 Neither,2015-Q2,6,8.8,4.8
Children Act (Public),London,4 Neither,2015-Q3,3,8.2,4
Children Act (Public),London,4 Neither,2015-Q4,5,13,12.3
Children Act (Public),London,4 Neither,2016-Q1,5,11.8,13
Children Act (Public),London,4 Neither,2016-Q2,6,16.2,16
Children Act (Public),London,4 Neither,2016-Q3,2,11.5,11.5
Children Act (Public),London,4 Neither,2016-Q4,9,18.3,9.4
Children Act (Public),London,4 Neither,2017-Q1,6,11.1,9.7
Children Act (Public),London,4 Neither,2017-Q2,16,27.2,25.1
Children Act (Public),London,4 Neither,2017-Q3,5,21.4,16.1
Children Act (Public),London,4 Neither,2017-Q4,5,19.1,17.1
Children Act (Public),London,4 Neither,2018-Q1,7,12.1,7
Children Act (Public),London,4 Neither,2018-Q2,4,27.3,25.4
Children Act (Public),London,4 Neither,2018-Q3,3,17.2,9.4
Children Act (Public),London,4 Neither,2018-Q4,1,23.3,23.3
Children Act (Public),London,4 Neither,2019-Q1,6,20.6,21.6
Children Act (Public),London,4 Neither,2019-Q2,6,17,12.8
Children Act (Public),London,4 Neither,2019-Q3,6,16.5,17.5
Children Act (Public),London,4 Neither,2019-Q4,5,17.2,15.6
Children Act (Public),London,4 Neither,2020-Q1,4,25.5,25.8
Children Act (Public),London,4 Neither,2020-Q3,1,33.7,33.7
Children Act (Public),London,4 Neither,2020-Q4,3,10.5,8.9
Children Act (Public),London,4 Neither,2021-Q1,6,25.1,13.9
Children Act (Public),London,4 Neither,2021-Q2,17,21.5,20
Children Act (Public),London,4 Neither,2021-Q3,9,26.3,26
Children Act (Public),London,4 Neither,2021-Q4,9,34.3,41.1
Children Act (Public),London,4 Neither,2022-Q1,6,43.8,44.7
Children Act (Public),London,4 Neither,2022-Q2,3,7.3,3
Children Act (Public),London,4 Neither,2022-Q3,2,31.7,31.7
Children Act (Public),London,4 Neither,2022-Q4,9,49.7,54
Children Act (Public),London,4 Neither,2023-Q1,3,65.4,79.9
Children Act (Public),London,4 Neither,2023-Q2,6,81.1,72
Children Act (Public),London,4 Neither,2023-Q3,5,61.8,48.1
Children Act (Public),London,4 Neither,2023-Q4,2,88.7,88.7
Children Act (Public),London,4 Neither,2024-Q1,2,46.3,46.3
Children Act (Public),London,4 Neither,2024-Q2,6,48.9,13.4
Children Act (Public),London,4 Neither,2024-Q3,3,31.1,17.9
Children Act (Public),London,4 Neither,2024-Q4,3,78.6,66.4
Children Act (Public),London,4 Neither,2025-Q1,1,0,0
Children Act (Public),London,4 Neither,2025-Q2,5,17.7,3
Children Act (Public),London,4 Neither,2025-Q3,3,17.6,2.9
Children Act (Public),London,4 Neither,2025-Q4,3,16.3,18.7
Children Act (Public),London,All types,2011-Q1,425,31,17.7
Children Act (Public),London,All types,2011-Q2,414,35.8,28.4
Children Act (Public),London,All types,2011-Q3,422,37.6,35
Children Act (Public),London,All types,2011-Q4,407,40.6,43.4
Children Act (Public),London,All types,2012-Q1,432,43.7,42.9
Children Act (Public),London,All types,2012-Q2,420,46.8,46.9
Children Act (Public),London,All types,2012-Q3,463,41.6,39.1
Children Act (Public),London,All types,2012-Q4,518,42.2,41
Children Act (Public),London,All types,2013-Q1,435,41,36.6
Children Act (Public),London,All types,2013-Q2,542,41.2,36.5
Children Act (Public),London,All types,2013-Q3,606,36.4,32
Children Act (Public),London,All types,2013-Q4,563,32.9,29
Children Act (Public),London,All types,2014-Q1,452,31,28.6
Children Act (Public),London,All types,2014-Q2,409,33.7,29.1
Children Act (Public),London,All types,2014-Q3,575,41.6,33
Children Act (Public),London,All types,2014-Q4,505,31.6,28.1
Children Act (Public),London,All types,2015-Q1,434,29.9,27.4
Children Act (Public),London,All types,2015-Q2,414,28.5,26.2
Children Act (Public),London,All types,2015-Q3,477,29.4,26.1
Children Act (Public),London,All types,2015-Q4,437,27.6,25.6
Children Act (Public),London,All types,2016-Q1,447,27.1,25.7
Children Act (Public),London,All types,2016-Q2,559,25.8,25.1
Children Act (Public),London,All types,2016-Q3,508,26.1,24.1
Children Act (Public),London,All types,2016-Q4,579,25.3,24.7
Children Act (Public),London,All types,2017-Q1,558,27.3,25.8
Children Act (Public),London,All types,2017-Q2,553,27.3,25.7
Children Act (Public),London,All types,2017-Q3,528,26,24.9
Children Act (Public),London,All types,2017-Q4,523,27.2,26
Children Act (Public),London,All types,2018-Q1,515,27.6,26.3
Children Act (Public),London,All types,2018-Q2,490,27.8,26
Children Act (Public),London,All types,2018-Q3,459,31.6,29.9
Children Act (Public),London,All types,2018-Q4,494,30.9,29.3
Children Act (Public),London,All types,2019-Q1,439,30.2,28.6
Children Act (Public),London,All types,2019-Q2,447,32.2,31.3
Children Act (Public),London,All types,2019-Q3,407,31.9,28.6
Children Act (Public),London,All types,2019-Q4,406,33.6,29.7
Children Act (Public),London,All types,2020-Q1,377,34.2,32.4
Children Act (Public),London,All types,2020-Q2,285,33.1,30.1
Children Act (Public),London,All types,2020-Q3,360,39,35.8
Children Act (Public),London,All types,2020-Q4,459,41.8,39.4
Children Act (Public),London,All types,2021-Q1,374,43.3,39.9
Children Act (Public),London,All types,2021-Q2,376,44.3,40.9
Children Act (Public),London,All types,2021-Q3,366,45.4,41
Children Act (Public),London,All types,2021-Q4,350,47,45.2
Children Act (Public),London,All types,2022-Q1,337,43.9,42.3
Children Act (Public),London,All types,2022-Q2,412,48.3,46
Children Act (Public),London,All types,2022-Q3,365,46.6,44.7
Children Act (Public),London,All types,2022-Q4,415,50.2,49
Children Act (Public),London,All types,2023-Q1,476,53.2,49.3
Children Act (Public),London,All types,2023-Q2,470,50.1,46.8
Children Act (Public),London,All types,2023-Q3,404,50.1,48
Children Act (Public),London,All types,2023-Q4,403,51.6,50.7
Children Act (Public),London,All types,2024-Q1,442,53.9,50
Children Act (Public),London,All types,2024-Q2,428,57.1,50.9
Children Act (Public),London,All types,2024-Q3,483,49.2,45
Children Act (Public),London,All types,2024-Q4,498,51.5,46.5
Children Act (Public),London,All types,2025-Q1,480,49.5,46
Children Act (Public),London,All types,2025-Q2,475,47.7,44.4
Children Act (Public),London,All types,2025-Q3,458,46.2,42.5
Children Act (Public),London,All types,2025-Q4,444,45.3,40.5
Children Act (Public),Midlands,1 Both,2011-Q1,426,52.9,47.1
Children Act (Public),Midlands,1 Both,2011-Q2,428,51.9,46.6
Children Act (Public),Midlands,1 Both,2011-Q3,456,51,46
Children Act (Public),Midlands,1 Both,2011-Q4,440,50.4,47.6
Children Act (Public),Midlands,1 Both,2012-Q1,537,50.8,45.1
Children Act (Public),Midlands,1 Both,2012-Q2,526,44.5,40
Children Act (Public),Midlands,1 Both,2012-Q3,611,40.5,35.4
Children Act (Public),Midlands,1 Both,2012-Q4,603,38.6,32.7
Children Act (Public),Midlands,1 Both,2013-Q1,530,37.6,30
Children Act (Public),Midlands,1 Both,2013-Q2,622,35.9,30.9
Children Act (Public),Midlands,1 Both,2013-Q3,704,34.2,26
Children Act (Public),Midlands,1 Both,2013-Q4,627,30.6,25
Children Act (Public),Midlands,1 Both,2014-Q1,528,31.9,25.8
Children Act (Public),Midlands,1 Both,2014-Q2,510,29.4,25
Children Act (Public),Midlands,1 Both,2014-Q3,487,29.6,25.1
Children Act (Public),Midlands,1 Both,2014-Q4,536,29.5,25.4
Children Act (Public),Midlands,1 Both,2015-Q1,526,30.3,25.4
Children Act (Public),Midlands,1 Both,2015-Q2,466,28.9,25.3
Children Act (Public),Midlands,1 Both,2015-Q3,520,32.5,25.4
Children Act (Public),Midlands,1 Both,2015-Q4,552,27.4,24.4
Children Act (Public),Midlands,1 Both,2016-Q1,529,28.8,25.1
Children Act (Public),Midlands,1 Both,2016-Q2,540,30.7,25.7
Children Act (Public),Midlands,1 Both,2016-Q3,559,26.6,24
Children Act (Public),Midlands,1 Both,2016-Q4,556,26.9,24.1
Children Act (Public),Midlands,1 Both,2017-Q1,608,29.1,25.7
Children Act (Public),Midlands,1 Both,2017-Q2,599,28.3,25.1
Children Act (Public),Midlands,1 Both,2017-Q3,593,28.5,25.3
Children Act (Public),Midlands,1 Both,2017-Q4,636,30.5,25.9
Children Act (Public),Midlands,1 Both,2018-Q1,590,32.7,29
Children Act (Public),Midlands,1 Both,2018-Q2,614,31.9,28
Children Act (Public),Midlands,1 Both,2018-Q3,620,33.1,27
Children Act (Public),Midlands,1 Both,2018-Q4,621,33.3,29
Children Act (Public),Midlands,1 Both,2019-Q1,519,35.8,31.6
Children Act (Public),Midlands,1 Both,2019-Q2,541,36.1,31.4
Children Act (Public),Midlands,1 Both,2019-Q3,570,35.2,30.1
Children Act (Public),Midlands,1 Both,2019-Q4,576,36.4,32.2
Children Act (Public),Midlands,1 Both,2020-Q1,533,38.3,34.3
Children Act (Public),Midlands,1 Both,2020-Q2,451,39.4,34
Children Act (Public),Midlands,1 Both,2020-Q3,476,46.2,43
Children Act (Public),Midlands,1 Both,2020-Q4,575,47,42.4
Children Act (Public),Midlands,1 Both,2021-Q1,572,49.9,44.1
Children Act (Public),Midlands,1 Both,2021-Q2,510,48.8,41.5
Children Act (Public),Midlands,1 Both,2021-Q3,535,51.5,46.3
Children Act (Public),Midlands,1 Both,2021-Q4,551,54.6,51.4
Children Act (Public),Midlands,1 Both,2022-Q1,549,52.6,47.9
Children Act (Public),Midlands,1 Both,2022-Q2,592,49.9,43.2
Children Act (Public),Midlands,1 Both,2022-Q3,559,44.5,36.3
Children Act (Public),Midlands,1 Both,2022-Q4,598,46.3,41.7
Children Act (Public),Midlands,1 Both,2023-Q1,654,44.4,37.9
Children Act (Public),Midlands,1 Both,2023-Q2,671,42.6,37.3
Children Act (Public),Midlands,1 Both,2023-Q3,672,42,36.2
Children Act (Public),Midlands,1 Both,2023-Q4,612,41.6,34.7
Children Act (Public),Midlands,1 Both,2024-Q1,670,39.4,34
Children Act (Public),Midlands,1 Both,2024-Q2,634,35.4,30
Children Act (Public),Midlands,1 Both,2024-Q3,655,35.4,29.9
Children Act (Public),Midlands,1 Both,2024-Q4,642,32.2,27.8
Children Act (Public),Midlands,1 Both,2025-Q1,577,32.8,28.6
Children Act (Public),Midlands,1 Both,2025-Q2,598,32.6,29
Children Act (Public),Midlands,1 Both,2025-Q3,622,32.5,28
Children Act (Public),Midlands,1 Both,2025-Q4,589,31.2,26
Children Act (Public),Midlands,2 Applicant Only,2011-Q1,84,16.6,2.6
Children Act (Public),Midlands,2 Applicant Only,2011-Q2,89,15.9,1.6
Children Act (Public),Midlands,2 Applicant Only,2011-Q3,80,16.4,8.1
Children Act (Public),Midlands,2 Applicant Only,2011-Q4,83,16.8,5.6
Children Act (Public),Midlands,2 Applicant Only,2012-Q1,80,19.2,6.2
Children Act (Public),Midlands,2 Applicant Only,2012-Q2,87,13.8,9.4
Children Act (Public),Midlands,2 Applicant Only,2012-Q3,94,10.2,5.6
Children Act (Public),Midlands,2 Applicant Only,2012-Q4,80,15.4,4.5
Children Act (Public),Midlands,2 Applicant Only,2013-Q1,90,12.3,6.5
Children Act (Public),Midlands,2 Applicant Only,2013-Q2,86,12,8.3
Children Act (Public),Midlands,2 Applicant Only,2013-Q3,121,11.3,7.1
Children Act (Public),Midlands,2 Applicant Only,2013-Q4,102,11.6,6.9
Children Act (Public),Midlands,2 Applicant Only,2014-Q1,87,12.1,7
Children Act (Public),Midlands,2 Applicant Only,2014-Q2,84,12.8,8.1
Children Act (Public),Midlands,2 Applicant Only,2014-Q3,94,15.4,12.1
Children Act (Public),Midlands,2 Applicant Only,2014-Q4,82,14.2,11.7
Children Act (Public),Midlands,2 Applicant Only,2015-Q1,88,14.1,12.1
Children Act (Public),Midlands,2 Applicant Only,2015-Q2,90,13.7,12.4
Children Act (Public),Midlands,2 Applicant Only,2015-Q3,100,15.5,10.7
Children Act (Public),Midlands,2 Applicant Only,2015-Q4,90,12.6,10.4
Children Act (Public),Midlands,2 Applicant Only,2016-Q1,79,15.4,12.6
Children Act (Public),Midlands,2 Applicant Only,2016-Q2,121,14.4,10.4
Children Act (Public),Midlands,2 Applicant Only,2016-Q3,100,15.6,13.7
Children Act (Public),Midlands,2 Applicant Only,2016-Q4,84,13.9,12.5
Children Act (Public),Midlands,2 Applicant Only,2017-Q1,102,15,13.7
Children Act (Public),Midlands,2 Applicant Only,2017-Q2,117,13.6,11.6
Children Act (Public),Midlands,2 Applicant Only,2017-Q3,149,14.1,12.7
Children Act (Public),Midlands,2 Applicant Only,2017-Q4,93,15.4,14.9
Children Act (Public),Midlands,2 Applicant Only,2018-Q1,115,15.5,13
Children Act (Public),Midlands,2 Applicant Only,2018-Q2,125,15.3,12.9
Children Act (Public),Midlands,2 Applicant Only,2018-Q3,110,15.2,13
Children Act (Public),Midlands,2 Applicant Only,2018-Q4,105,14.1,11.1
Children Act (Public),Midlands,2 Applicant Only,2019-Q1,123,15.5,13.6
Children Act (Public),Midlands,2 Applicant Only,2019-Q2,147,16.5,12.3
Children Act (Public),Midlands,2 Applicant Only,2019-Q3,129,15.1,12.6
Children Act (Public),Midlands,2 Applicant Only,2019-Q4,141,14.8,13
Children Act (Public),Midlands,2 Applicant Only,2020-Q1,163,15.8,11.9
Children Act (Public),Midlands,2 Applicant Only,2020-Q2,111,17.5,13.3
Children Act (Public),Midlands,2 Applicant Only,2020-Q3,140,16.1,9.4
Children Act (Public),Midlands,2 Applicant Only,2020-Q4,149,18.7,14.1
Children Act (Public),Midlands,2 Applicant Only,2021-Q1,118,20.6,15.7
Children Act (Public),Midlands,2 Applicant Only,2021-Q2,143,21.5,14.4
Children Act (Public),Midlands,2 Applicant Only,2021-Q3,152,19.7,12.7
Children Act (Public),Midlands,2 Applicant Only,2021-Q4,142,20,14
Children Act (Public),Midlands,2 Applicant Only,2022-Q1,186,20.2,13.3
Children Act (Public),Midlands,2 Applicant Only,2022-Q2,135,21.4,14.9
Children Act (Public),Midlands,2 Applicant Only,2022-Q3,133,20,14.1
Children Act (Public),Midlands,2 Applicant Only,2022-Q4,137,23.2,14.7
Children Act (Public),Midlands,2 Applicant Only,2023-Q1,108,17.9,14
Children Act (Public),Midlands,2 Applicant Only,2023-Q2,126,16.8,8.4
Children Act (Public),Midlands,2 Applicant Only,2023-Q3,120,13.7,8.5
Children Act (Public),Midlands,2 Applicant Only,2023-Q4,139,10.7,6.1
Children Act (Public),Midlands,2 Applicant Only,2024-Q1,128,10.5,5.3
Children Act (Public),Midlands,2 Applicant Only,2024-Q2,130,9.7,6.1
Children Act (Public),Midlands,2 Applicant Only,2024-Q3,126,7.6,4.8
Children Act (Public),Midlands,2 Applicant Only,2024-Q4,136,8.3,5.2
Children Act (Public),Midlands,2 Applicant Only,2025-Q1,106,8.5,4.8
Children Act (Public),Midlands,2 Applicant Only,2025-Q2,119,9.5,6.9
Children Act (Public),Midlands,2 Applicant Only,2025-Q3,121,8.5,5.6
Children Act (Public),Midlands,2 Applicant Only,2025-Q4,133,9.3,7.1
Children Act (Public),Midlands,3 Respondent Only,2011-Q1,11,38.9,27.6
Children Act (Public),Midlands,3 Respondent Only,2011-Q2,14,74.9,67.8
Children Act (Public),Midlands,3 Respondent Only,2011-Q3,4,45.3,43.9
Children Act (Public),Midlands,3 Respondent Only,2011-Q4,5,32.5,28.6
Children Act (Public),Midlands,3 Respondent Only,2012-Q1,6,43,29.2
Children Act (Public),Midlands,3 Respondent Only,2012-Q2,10,39.8,35.3
Children Act (Public),Midlands,3 Respondent Only,2012-Q3,5,45.6,43.4
Children Act (Public),Midlands,3 Respondent Only,2012-Q4,6,23.4,22.7
Children Act (Public),Midlands,3 Respondent Only,2013-Q1,3,24.6,16.4
Children Act (Public),Midlands,3 Respondent Only,2013-Q2,3,22.8,20.9
Children Act (Public),Midlands,3 Respondent Only,2013-Q3,3,13.9,11.7
Children Act (Public),Midlands,3 Respondent Only,2013-Q4,2,24.8,24.8
Children Act (Public),Midlands,3 Respondent Only,2014-Q1,3,20.8,25.9
Children Act (Public),Midlands,3 Respondent Only,2014-Q2,4,17.6,18.8
Children Act (Public),Midlands,3 Respondent Only,2014-Q3,3,18.8,19
Children Act (Public),Midlands,3 Respondent Only,2014-Q4,6,17.1,21.4
Children Act (Public),Midlands,3 Respondent Only,2015-Q1,2,46.5,46.5
Children Act (Public),Midlands,3 Respondent Only,2015-Q2,2,47.8,47.8
Children Act (Public),Midlands,3 Respondent Only,2015-Q3,1,14.6,14.6
Children Act (Public),Midlands,3 Respondent Only,2016-Q1,1,25.4,25.4
Children Act (Public),Midlands,3 Respondent Only,2016-Q2,2,25.3,25.3
Children Act (Public),Midlands,3 Respondent Only,2016-Q3,1,16.4,16.4
Children Act (Public),Midlands,3 Respondent Only,2016-Q4,2,28.4,28.4
Children Act (Public),Midlands,3 Respondent Only,2017-Q1,2,14.7,14.7
Children Act (Public),Midlands,3 Respondent Only,2017-Q2,1,35,35
Children Act (Public),Midlands,3 Respondent Only,2017-Q3,2,18.3,18.3
Children Act (Public),Midlands,3 Respondent Only,2017-Q4,3,31.8,25.6
Children Act (Public),Midlands,3 Respondent Only,2018-Q1,2,46.7,46.7
Children Act (Public),Midlands,3 Respondent Only,2018-Q2,4,14.1,15
Children Act (Public),Midlands,3 Respondent Only,2018-Q3,3,32.5,25.3
Children Act (Public),Midlands,3 Respondent Only,2019-Q2,4,40.1,28.7
Children Act (Public),Midlands,3 Respondent Only,2019-Q3,3,25.1,25
Children Act (Public),Midlands,3 Respondent Only,2020-Q1,2,25,25
Children Act (Public),Midlands,3 Respondent Only,2020-Q2,2,27.2,27.2
Children Act (Public),Midlands,3 Respondent Only,2020-Q3,3,64.2,55.6
Children Act (Public),Midlands,3 Respondent Only,2020-Q4,2,47.4,47.4
Children Act (Public),Midlands,3 Respondent Only,2021-Q1,2,57.9,57.9
Children Act (Public),Midlands,3 Respondent Only,2021-Q2,3,46.3,37.3
Children Act (Public),Midlands,3 Respondent Only,2021-Q3,2,85,85
Children Act (Public),Midlands,3 Respondent Only,2021-Q4,4,41.6,41.1
Children Act (Public),Midlands,3 Respondent Only,2022-Q1,2,47.8,47.8
Children Act (Public),Midlands,3 Respondent Only,2022-Q2,2,50.5,50.5
Children Act (Public),Midlands,3 Respondent Only,2022-Q3,1,53.6,53.6
Children Act (Public),Midlands,3 Respondent Only,2022-Q4,1,58,58
Children Act (Public),Midlands,3 Respondent Only,2023-Q1,1,81.9,81.9
Children Act (Public),Midlands,3 Respondent Only,2023-Q2,2,23,23
Children Act (Public),Midlands,3 Respondent Only,2023-Q4,1,23.9,23.9
Children Act (Public),Midlands,3 Respondent Only,2024-Q2,2,22,22
Children Act (Public),Midlands,3 Respondent Only,2025-Q1,1,0.3,0.3
Children Act (Public),Midlands,3 Respondent Only,2025-Q2,1,11.1,11.1
Children Act (Public),Midlands,3 Respondent Only,2025-Q3,1,28.3,28.3
Children Act (Public),Midlands,3 Respondent Only,2025-Q4,1,7,7
Children Act (Public),Midlands,4 Neither,2011-Q1,10,22.3,11.9
Children Act (Public),Midlands,4 Neither,2011-Q2,7,11.2,7.3
Children Act (Public),Midlands,4 Neither,2011-Q3,3,14.5,19.7
Children Act (Public),Midlands,4 Neither,2011-Q4,6,15.1,13.3
Children Act (Public),Midlands,4 Neither,2012-Q1,6,23.4,15.6
Children Act (Public),Midlands,4 Neither,2012-Q3,5,13.2,11.3
Children Act (Public),Midlands,4 Neither,2012-Q4,2,11.6,11.6
Children Act (Public),Midlands,4 Neither,2013-Q1,2,7.9,7.9
Children Act (Public),Midlands,4 Neither,2013-Q2,10,19.4,4.7
Children Act (Public),Midlands,4 Neither,2013-Q3,6,11.7,5.5
Children Act (Public),Midlands,4 Neither,2013-Q4,8,5.4,5.9
Children Act (Public),Midlands,4 Neither,2014-Q1,4,7.4,7.4
Children Act (Public),Midlands,4 Neither,2014-Q2,9,34.4,15.4
Children Act (Public),Midlands,4 Neither,2014-Q3,3,8.6,6.1
Children Act (Public),Midlands,4 Neither,2014-Q4,6,12.4,11.5
Children Act (Public),Midlands,4 Neither,2015-Q1,8,32.1,25.1
Children Act (Public),Midlands,4 Neither,2015-Q2,4,7.5,7.1
Children Act (Public),Midlands,4 Neither,2015-Q3,4,19.6,17.4
Children Act (Public),Midlands,4 Neither,2015-Q4,6,20,16.2
Children Act (Public),Midlands,4 Neither,2016-Q1,4,24.9,20.3
Children Act (Public),Midlands,4 Neither,2016-Q2,2,12.1,12.1
Children Act (Public),Midlands,4 Neither,2016-Q3,6,13.3,6.2
Children Act (Public),Midlands,4 Neither,2016-Q4,5,21.7,13
Children Act (Public),Midlands,4 Neither,2017-Q1,4,13.8,5.2
Children Act (Public),Midlands,4 Neither,2017-Q2,6,35.5,18.3
Children Act (Public),Midlands,4 Neither,2017-Q3,8,30.2,42.3
Children Act (Public),Midlands,4 Neither,2017-Q4,15,16.6,8.6
Children Act (Public),Midlands,4 Neither,2018-Q1,3,31.1,33.3
Children Act (Public),Midlands,4 Neither,2018-Q2,4,11.7,11.3
Children Act (Public),Midlands,4 Neither,2018-Q3,7,11.1,10.3
Children Act (Public),Midlands,4 Neither,2018-Q4,5,13.5,16.9
Children Act (Public),Midlands,4 Neither,2019-Q1,7,22.7,28.6
Children Act (Public),Midlands,4 Neither,2019-Q2,4,14.8,15.5
Children Act (Public),Midlands,4 Neither,2019-Q3,8,29.5,30.2
Children Act (Public),Midlands,4 Neither,2019-Q4,7,20.6,17.3
Children Act (Public),Midlands,4 Neither,2020-Q1,7,14.9,16.7
Children Act (Public),Midlands,4 Neither,2020-Q2,5,13.3,13
Children Act (Public),Midlands,4 Neither,2020-Q3,8,22.9,15.7
Children Act (Public),Midlands,4 Neither,2020-Q4,9,31.3,24.3
Children Act (Public),Midlands,4 Neither,2021-Q1,1,7.6,7.6
Children Act (Public),Midlands,4 Neither,2021-Q2,2,13.7,13.7
Children Act (Public),Midlands,4 Neither,2021-Q3,3,24.3,28
Children Act (Public),Midlands,4 Neither,2021-Q4,6,17.9,20.4
Children Act (Public),Midlands,4 Neither,2022-Q1,10,36.3,34.4
Children Act (Public),Midlands,4 Neither,2022-Q2,5,40.8,43.4
Children Act (Public),Midlands,4 Neither,2022-Q3,4,27.8,24.8
Children Act (Public),Midlands,4 Neither,2022-Q4,7,20.1,20.9
Children Act (Public),Midlands,4 Neither,2023-Q1,8,29.3,31.9
Children Act (Public),Midlands,4 Neither,2023-Q2,2,33.1,33.1
Children Act (Public),Midlands,4 Neither,2023-Q3,6,19.2,14.8
Children Act (Public),Midlands,4 Neither,2023-Q4,2,24.6,24.6
Children Act (Public),Midlands,4 Neither,2024-Q1,4,32.2,30.6
Children Act (Public),Midlands,4 Neither,2024-Q2,4,20.6,17.8
Children Act (Public),Midlands,4 Neither,2024-Q3,4,12.5,12.3
Children Act (Public),Midlands,4 Neither,2024-Q4,2,10.5,10.5
Children Act (Public),Midlands,4 Neither,2025-Q1,2,2.9,2.9
Children Act (Public),Midlands,4 Neither,2025-Q2,2,7.9,7.9
Children Act (Public),Midlands,4 Neither,2025-Q3,3,20.4,12.4
Children Act (Public),Midlands,4 Neither,2025-Q4,5,21,18.1
Children Act (Public),Midlands,All types,2011-Q1,531,46.3,42.7
Children Act (Public),Midlands,All types,2011-Q2,538,46,42
Children Act (Public),Midlands,All types,2011-Q3,543,45.7,41.7
Children Act (Public),Midlands,All types,2011-Q4,534,44.6,43.2
Children Act (Public),Midlands,All types,2012-Q1,629,46.4,41.1
Children Act (Public),Midlands,All types,2012-Q2,623,40.1,36
Children Act (Public),Midlands,All types,2012-Q3,715,36.4,31.6
Children Act (Public),Midlands,All types,2012-Q4,691,35.7,30
Children Act (Public),Midlands,All types,2013-Q1,625,33.8,27.6
Children Act (Public),Midlands,All types,2013-Q2,721,32.8,28
Children Act (Public),Midlands,All types,2013-Q3,834,30.7,25.3
Children Act (Public),Midlands,All types,2013-Q4,739,27.7,24.1
Children Act (Public),Midlands,All types,2014-Q1,622,28.9,25
Children Act (Public),Midlands,All types,2014-Q2,607,27.1,24
Children Act (Public),Midlands,All types,2014-Q3,587,27.2,24.3
Children Act (Public),Midlands,All types,2014-Q4,630,27.2,24.7
Children Act (Public),Midlands,All types,2015-Q1,624,28.1,25
Children Act (Public),Midlands,All types,2015-Q2,562,26.4,24.9
Children Act (Public),Midlands,All types,2015-Q3,625,29.6,24.4
Children Act (Public),Midlands,All types,2015-Q4,648,25.3,23.6
Children Act (Public),Midlands,All types,2016-Q1,613,27.1,24.7
Children Act (Public),Midlands,All types,2016-Q2,665,27.6,24.6
Children Act (Public),Midlands,All types,2016-Q3,666,24.8,22.7
Children Act (Public),Midlands,All types,2016-Q4,647,25.2,23
Children Act (Public),Midlands,All types,2017-Q1,716,26.9,24.9
Children Act (Public),Midlands,All types,2017-Q2,723,26,24
Children Act (Public),Midlands,All types,2017-Q3,752,25.7,24.1
Children Act (Public),Midlands,All types,2017-Q4,747,28.4,25.4
Children Act (Public),Midlands,All types,2018-Q1,710,30,26.3
Children Act (Public),Midlands,All types,2018-Q2,747,28.9,25.7
Children Act (Public),Midlands,All types,2018-Q3,740,30.2,25.4
Children Act (Public),Midlands,All types,2018-Q4,731,30.4,26
Children Act (Public),Midlands,All types,2019-Q1,649,31.8,27.4
Children Act (Public),Midlands,All types,2019-Q2,696,31.9,28.3
Children Act (Public),Midlands,All types,2019-Q3,710,31.5,27.2
Children Act (Public),Midlands,All types,2019-Q4,724,32.1,28.3
Children Act (Public),Midlands,All types,2020-Q1,705,32.8,29.9
Children Act (Public),Midlands,All types,2020-Q2,569,34.8,30.6
Children Act (Public),Midlands,All types,2020-Q3,627,39.3,34.6
Children Act (Public),Midlands,All types,2020-Q4,735,41,35.3
Children Act (Public),Midlands,All types,2021-Q1,693,44.8,39.9
Children Act (Public),Midlands,All types,2021-Q2,658,42.7,38.8
Children Act (Public),Midlands,All types,2021-Q3,692,44.5,40.9
Children Act (Public),Midlands,All types,2021-Q4,703,47.2,44.7
Children Act (Public),Midlands,All types,2022-Q1,747,44.3,38.3
Children Act (Public),Midlands,All types,2022-Q2,734,44.6,38
Children Act (Public),Midlands,All types,2022-Q3,697,39.8,33
Children Act (Public),Midlands,All types,2022-Q4,743,41.8,37.7
Children Act (Public),Midlands,All types,2023-Q1,771,40.6,35
Children Act (Public),Midlands,All types,2023-Q2,801,38.5,33
Children Act (Public),Midlands,All types,2023-Q3,798,37.5,32.7
Children Act (Public),Midlands,All types,2023-Q4,754,35.8,30.1
Children Act (Public),Midlands,All types,2024-Q1,802,34.7,30.1
Children Act (Public),Midlands,All types,2024-Q2,770,31,26.7
Children Act (Public),Midlands,All types,2024-Q3,785,30.8,26
Children Act (Public),Midlands,All types,2024-Q4,780,28,24.7
Children Act (Public),Midlands,All types,2025-Q1,686,28.9,25.6
Children Act (Public),Midlands,All types,2025-Q2,720,28.7,25.7
Children Act (Public),Midlands,All types,2025-Q3,747,28.5,24.4
Children Act (Public),Midlands,All types,2025-Q4,728,27.1,23.6
Children Act (Public),National Business Centres,1 Both,2020-Q4,1,20.6,20.6
Children Act (Public),National Business Centres,1 Both,2021-Q1,1,27.6,27.6
Children Act (Public),National Business Centres,1 Both,2022-Q1,1,75.6,75.6
Children Act (Public),National Business Centres,All types,2020-Q4,1,20.6,20.6
Children Act (Public),National Business Centres,All types,2021-Q1,1,27.6,27.6
Children Act (Public),National Business Centres,All types,2022-Q1,1,75.6,75.6
Children Act (Public),North East,1 Both,2011-Q1,487,41,38.1
Children Act (Public),North East,1 Both,2011-Q2,488,44.1,42.5
Children Act (Public),North East,1 Both,2011-Q3,492,42,40.2
Children Act (Public),North East,1 Both,2011-Q4,519,45.5,42.9
Children Act (Public),North East,1 Both,2012-Q1,577,44.1,43.3
Children Act (Public),North East,1 Both,2012-Q2,570,43.8,40
Children Act (Public),North East,1 Both,2012-Q3,633,42.8,38.6
Children Act (Public),North East,1 Both,2012-Q4,692,39.7,36
Children Act (Public),North East,1 Both,2013-Q1,555,36.9,31.7
Children Act (Public),North East,1 Both,2013-Q2,669,36.3,29.9
Children Act (Public),North East,1 Both,2013-Q3,663,31,25.7
Children Act (Public),North East,1 Both,2013-Q4,536,28,24.6
Children Act (Public),North East,1 Both,2014-Q1,405,27.4,25
Children Act (Public),North East,1 Both,2014-Q2,427,27.7,24.9
Children Act (Public),North East,1 Both,2014-Q3,488,25.7,23.9
Children Act (Public),North East,1 Both,2014-Q4,427,25.7,24.1
Children Act (Public),North East,1 Both,2015-Q1,433,25.7,24.3
Children Act (Public),North East,1 Both,2015-Q2,480,26.9,24.7
Children Act (Public),North East,1 Both,2015-Q3,514,26.4,23.6
Children Act (Public),North East,1 Both,2015-Q4,509,26.7,24.7
Children Act (Public),North East,1 Both,2016-Q1,514,26.7,24.1
Children Act (Public),North East,1 Both,2016-Q2,560,26.3,24.4
Children Act (Public),North East,1 Both,2016-Q3,591,26.6,24.1
Children Act (Public),North East,1 Both,2016-Q4,650,26.6,24.3
Children Act (Public),North East,1 Both,2017-Q1,626,27.7,24.8
Children Act (Public),North East,1 Both,2017-Q2,565,26.9,24.9
Children Act (Public),North East,1 Both,2017-Q3,612,28.2,24.9
Children Act (Public),North East,1 Both,2017-Q4,591,26.9,24.6
Children Act (Public),North East,1 Both,2018-Q1,560,29.8,25.9
Children Act (Public),North East,1 Both,2018-Q2,552,28.5,25.4
Children Act (Public),North East,1 Both,2018-Q3,609,28.2,25.1
Children Act (Public),North East,1 Both,2018-Q4,561,29.6,25.7
Children Act (Public),North East,1 Both,2019-Q1,621,30.7,25.9
Children Act (Public),North East,1 Both,2019-Q2,588,32.1,27.1
Children Act (Public),North East,1 Both,2019-Q3,544,32.6,27
Children Act (Public),North East,1 Both,2019-Q4,574,31.7,27.1
Children Act (Public),North East,1 Both,2020-Q1,574,33.4,28.4
Children Act (Public),North East,1 Both,2020-Q2,437,33.1,29.6
Children Act (Public),North East,1 Both,2020-Q3,527,37,33.4
Children Act (Public),North East,1 Both,2020-Q4,577,40.3,36.7
Children Act (Public),North East,1 Both,2021-Q1,652,39.3,35.7
Children Act (Public),North East,1 Both,2021-Q2,604,39.9,35.6
Children Act (Public),North East,1 Both,2021-Q3,512,39.6,34.4
Children Act (Public),North East,1 Both,2021-Q4,505,41,35.7
Children Act (Public),North East,1 Both,2022-Q1,504,39.7,35.4
Children Act (Public),North East,1 Both,2022-Q2,589,39.9,33.3
Children Act (Public),North East,1 Both,2022-Q3,631,36.1,31.1
Children Act (Public),North East,1 Both,2022-Q4,652,37,33.3
Children Act (Public),North East,1 Both,2023-Q1,835,37.6,32.7
Children Act (Public),North East,1 Both,2023-Q2,740,36.7,30.7
Children Act (Public),North East,1 Both,2023-Q3,732,36,30.6
Children Act (Public),North East,1 Both,2023-Q4,749,33.9,27.1
Children Act (Public),North East,1 Both,2024-Q1,692,33.5,28
Children Act (Public),North East,1 Both,2024-Q2,753,33,27.6
Children Act (Public),North East,1 Both,2024-Q3,759,33.2,27
Children Act (Public),North East,1 Both,2024-Q4,729,31.6,26
Children Act (Public),North East,1 Both,2025-Q1,721,30.2,25.9
Children Act (Public),North East,1 Both,2025-Q2,699,30.5,25.7
Children Act (Public),North East,1 Both,2025-Q3,708,28.9,25.4
Children Act (Public),North East,1 Both,2025-Q4,690,28.9,25
Children Act (Public),North East,2 Applicant Only,2011-Q1,75,15.5,8
Children Act (Public),North East,2 Applicant Only,2011-Q2,103,11.4,5.1
Children Act (Public),North East,2 Applicant Only,2011-Q3,97,14.7,5.1
Children Act (Public),North East,2 Applicant Only,2011-Q4,95,16.4,6.7
Children Act (Public),North East,2 Applicant Only,2012-Q1,96,15.5,7.1
Children Act (Public),North East,2 Applicant Only,2012-Q2,93,18.7,10.4
Children Act (Public),North East,2 Applicant Only,2012-Q3,107,14.1,8.1
Children Act (Public),North East,2 Applicant Only,2012-Q4,110,12,5.5
Children Act (Public),North East,2 Applicant Only,2013-Q1,94,10.8,2.5
Children Act (Public),North East,2 Applicant Only,2013-Q2,98,11.4,7.6
Children Act (Public),North East,2 Applicant Only,2013-Q3,125,12.9,4.6
Children Act (Public),North East,2 Applicant Only,2013-Q4,113,7.7,3.7
Children Act (Public),North East,2 Applicant Only,2014-Q1,102,8.1,3.2
Children Act (Public),North East,2 Applicant Only,2014-Q2,94,9.8,5.8
Children Act (Public),North East,2 Applicant Only,2014-Q3,80,10.8,6.4
Children Act (Public),North East,2 Applicant Only,2014-Q4,93,11.3,9
Children Act (Public),North East,2 Applicant Only,2015-Q1,99,8.6,5.9
Children Act (Public),North East,2 Applicant Only,2015-Q2,85,9.9,6.1
Children Act (Public),North East,2 Applicant Only,2015-Q3,102,9.5,6.5
Children Act (Public),North East,2 Applicant Only,2015-Q4,93,10.9,8.6
Children Act (Public),North East,2 Applicant Only,2016-Q1,121,11.4,9.1
Children Act (Public),North East,2 Applicant Only,2016-Q2,101,11.3,8.7
Children Act (Public),North East,2 Applicant Only,2016-Q3,98,11.8,9.2
Children Act (Public),North East,2 Applicant Only,2016-Q4,100,12.4,9.7
Children Act (Public),North East,2 Applicant Only,2017-Q1,115,16.6,14.4
Children Act (Public),North East,2 Applicant Only,2017-Q2,141,13.9,9.1
Children Act (Public),North East,2 Applicant Only,2017-Q3,129,13.1,12.9
Children Act (Public),North East,2 Applicant Only,2017-Q4,135,14,11.7
Children Act (Public),North East,2 Applicant Only,2018-Q1,108,13.2,10.8
Children Act (Public),North East,2 Applicant Only,2018-Q2,122,12.4,9.6
Children Act (Public),North East,2 Applicant Only,2018-Q3,113,13.5,11.7
Children Act (Public),North East,2 Applicant Only,2018-Q4,131,12.7,9
Children Act (Public),North East,2 Applicant Only,2019-Q1,145,14.2,12.1
Children Act (Public),North East,2 Applicant Only,2019-Q2,149,19.6,14.6
Children Act (Public),North East,2 Applicant Only,2019-Q3,138,17.6,11.4
Children Act (Public),North East,2 Applicant Only,2019-Q4,132,16.3,12
Children Act (Public),North East,2 Applicant Only,2020-Q1,137,15.9,12.9
Children Act (Public),North East,2 Applicant Only,2020-Q2,115,15.1,12.7
Children Act (Public),North East,2 Applicant Only,2020-Q3,159,17.7,11.4
Children Act (Public),North East,2 Applicant Only,2020-Q4,185,16.9,12.1
Children Act (Public),North East,2 Applicant Only,2021-Q1,188,17.6,12.7
Children Act (Public),North East,2 Applicant Only,2021-Q2,151,18.1,13.3
Children Act (Public),North East,2 Applicant Only,2021-Q3,158,16.3,10.3
Children Act (Public),North East,2 Applicant Only,2021-Q4,153,19,12.6
Children Act (Public),North East,2 Applicant Only,2022-Q1,154,19.5,14.4
Children Act (Public),North East,2 Applicant Only,2022-Q2,161,22,15.9
Children Act (Public),North East,2 Applicant Only,2022-Q3,136,15.6,10.1
Children Act (Public),North East,2 Applicant Only,2022-Q4,116,16.3,11
Children Act (Public),North East,2 Applicant Only,2023-Q1,133,17.8,11.1
Children Act (Public),North East,2 Applicant Only,2023-Q2,115,15.2,9.1
Children Act (Public),North East,2 Applicant Only,2023-Q3,126,13,9.4
Children Act (Public),North East,2 Applicant Only,2023-Q4,124,12.7,9.9
Children Act (Public),North East,2 Applicant Only,2024-Q1,138,13.1,9.9
Children Act (Public),North East,2 Applicant Only,2024-Q2,105,12,8.9
Children Act (Public),North East,2 Applicant Only,2024-Q3,95,11.3,7.9
Children Act (Public),North East,2 Applicant Only,2024-Q4,116,10.1,8.9
Children Act (Public),North East,2 Applicant Only,2025-Q1,97,13.3,8.4
Children Act (Public),North East,2 Applicant Only,2025-Q2,124,10.3,8.3
Children Act (Public),North East,2 Applicant Only,2025-Q3,114,11,9.5
Children Act (Public),North East,2 Applicant Only,2025-Q4,122,10.6,8.9
Children Act (Public),North East,3 Respondent Only,2011-Q1,4,56.7,55
Children Act (Public),North East,3 Respondent Only,2011-Q2,8,90.1,84.1
Children Act (Public),North East,3 Respondent Only,2011-Q3,5,30.6,30.1
Children Act (Public),North East,3 Respondent Only,2011-Q4,12,35.4,36.2
Children Act (Public),North East,3 Respondent Only,2012-Q1,9,51.7,51
Children Act (Public),North East,3 Respondent Only,2012-Q2,7,31.1,29.7
Children Act (Public),North East,3 Respondent Only,2012-Q3,5,40,25.4
Children Act (Public),North East,3 Respondent Only,2012-Q4,9,34.5,27.7
Children Act (Public),North East,3 Respondent Only,2013-Q1,7,20.9,17.4
Children Act (Public),North East,3 Respondent Only,2013-Q2,8,49.8,38.5
Children Act (Public),North East,3 Respondent Only,2013-Q3,5,32.2,24.6
Children Act (Public),North East,3 Respondent Only,2013-Q4,7,14.9,9.7
Children Act (Public),North East,3 Respondent Only,2014-Q1,4,16.4,20.4
Children Act (Public),North East,3 Respondent Only,2014-Q2,1,37.1,37.1
Children Act (Public),North East,3 Respondent Only,2014-Q3,3,40.7,45.9
Children Act (Public),North East,3 Respondent Only,2014-Q4,3,28.9,12.9
Children Act (Public),North East,3 Respondent Only,2015-Q1,4,36.3,42.7
Children Act (Public),North East,3 Respondent Only,2015-Q2,4,29.7,28.8
Children Act (Public),North East,3 Respondent Only,2015-Q3,5,23.1,24.1
Children Act (Public),North East,3 Respondent Only,2015-Q4,1,46.6,46.6
Children Act (Public),North East,3 Respondent Only,2016-Q1,4,47.3,27.6
Children Act (Public),North East,3 Respondent Only,2016-Q2,2,16.8,16.8
Children Act (Public),North East,3 Respondent Only,2016-Q3,3,28.6,24.3
Children Act (Public),North East,3 Respondent Only,2016-Q4,8,17.4,20.2
Children Act (Public),North East,3 Respondent Only,2017-Q1,5,14.5,11.1
Children Act (Public),North East,3 Respondent Only,2017-Q2,2,23,23
Children Act (Public),North East,3 Respondent Only,2017-Q3,5,24.1,19.7
Children Act (Public),North East,3 Respondent Only,2017-Q4,16,24.9,27.2
Children Act (Public),North East,3 Respondent Only,2018-Q1,19,25.9,25.9
Children Act (Public),North East,3 Respondent Only,2018-Q2,14,27.1,28
Children Act (Public),North East,3 Respondent Only,2018-Q3,11,29.3,26.7
Children Act (Public),North East,3 Respondent Only,2018-Q4,20,32.6,28.7
Children Act (Public),North East,3 Respondent Only,2019-Q1,17,27.1,26.6
Children Act (Public),North East,3 Respondent Only,2019-Q2,17,31.3,28.7
Children Act (Public),North East,3 Respondent Only,2019-Q3,21,39.3,35.9
Children Act (Public),North East,3 Respondent Only,2019-Q4,7,38.3,41
Children Act (Public),North East,3 Respondent Only,2020-Q1,12,50,56.8
Children Act (Public),North East,3 Respondent Only,2020-Q2,5,48,47
Children Act (Public),North East,3 Respondent Only,2020-Q3,5,35.1,35.3
Children Act (Public),North East,3 Respondent Only,2020-Q4,7,33,21.4
Children Act (Public),North East,3 Respondent Only,2021-Q1,7,52.6,36.7
Children Act (Public),North East,3 Respondent Only,2021-Q2,8,33.1,33.2
Children Act (Public),North East,3 Respondent Only,2021-Q3,4,29,21.8
Children Act (Public),North East,3 Respondent Only,2021-Q4,6,32,29.9
Children Act (Public),North East,3 Respondent Only,2022-Q1,4,31.8,40.2
Children Act (Public),North East,3 Respondent Only,2022-Q2,8,34.4,28.2
Children Act (Public),North East,3 Respondent Only,2022-Q3,2,48.5,48.5
Children Act (Public),North East,3 Respondent Only,2022-Q4,5,26.7,4.1
Children Act (Public),North East,3 Respondent Only,2023-Q1,2,43.1,43.1
Children Act (Public),North East,3 Respondent Only,2023-Q2,3,32.4,39
Children Act (Public),North East,3 Respondent Only,2023-Q3,2,24.6,24.6
Children Act (Public),North East,3 Respondent Only,2024-Q2,1,7.3,7.3
Children Act (Public),North East,3 Respondent Only,2024-Q3,1,1,1
Children Act (Public),North East,3 Respondent Only,2024-Q4,3,33.9,5.9
Children Act (Public),North East,3 Respondent Only,2025-Q1,1,34.4,34.4
Children Act (Public),North East,3 Respondent Only,2025-Q4,2,9.1,9.1
Children Act (Public),North East,4 Neither,2011-Q1,2,4.7,4.7
Children Act (Public),North East,4 Neither,2011-Q2,4,4.5,3.5
Children Act (Public),North East,4 Neither,2011-Q3,3,2.8,0.6
Children Act (Public),North East,4 Neither,2011-Q4,6,1,0.9
Children Act (Public),North East,4 Neither,2012-Q1,7,6.4,2
Children Act (Public),North East,4 Neither,2012-Q2,2,44.4,44.4
Children Act (Public),North East,4 Neither,2012-Q3,5,10.9,10.1
Children Act (Public),North East,4 Neither,2012-Q4,6,17.3,2
Children Act (Public),North East,4 Neither,2013-Q1,6,10.4,6.1
Children Act (Public),North East,4 Neither,2013-Q3,6,8,3.7
Children Act (Public),North East,4 Neither,2013-Q4,4,11.7,10.4
Children Act (Public),North East,4 Neither,2014-Q1,4,4.3,1.6
Children Act (Public),North East,4 Neither,2014-Q2,4,20.5,14.7
Children Act (Public),North East,4 Neither,2014-Q3,8,23.3,7.9
Children Act (Public),North East,4 Neither,2014-Q4,3,6.7,9.1
Children Act (Public),North East,4 Neither,2015-Q1,1,77.9,77.9
Children Act (Public),North East,4 Neither,2015-Q2,5,14.3,13
Children Act (Public),North East,4 Neither,2015-Q3,4,10.3,11.4
Children Act (Public),North East,4 Neither,2015-Q4,9,14.8,13.6
Children Act (Public),North East,4 Neither,2016-Q1,3,21.2,21.1
Children Act (Public),North East,4 Neither,2016-Q2,10,10.5,7.8
Children Act (Public),North East,4 Neither,2016-Q3,7,7.4,1.1
Children Act (Public),North East,4 Neither,2016-Q4,8,11.5,9.4
Children Act (Public),North East,4 Neither,2017-Q1,7,17.9,12.3
Children Act (Public),North East,4 Neither,2017-Q2,9,11.2,7.9
Children Act (Public),North East,4 Neither,2017-Q3,7,9.9,2.1
Children Act (Public),North East,4 Neither,2017-Q4,12,19,16.8
Children Act (Public),North East,4 Neither,2018-Q1,11,18.1,12
Children Act (Public),North East,4 Neither,2018-Q2,17,16.2,12
Children Act (Public),North East,4 Neither,2018-Q3,7,14.9,12.6
Children Act (Public),North East,4 Neither,2018-Q4,10,12.8,13.8
Children Act (Public),North East,4 Neither,2019-Q1,11,15.7,8.1
Children Act (Public),North East,4 Neither,2019-Q2,10,18,13.5
Children Act (Public),North East,4 Neither,2019-Q3,12,12.1,11.6
Children Act (Public),North East,4 Neither,2019-Q4,7,12.9,13.4
Children Act (Public),North East,4 Neither,2020-Q1,5,45.2,34.6
Children Act (Public),North East,4 Neither,2020-Q2,2,11.4,11.4
Children Act (Public),North East,4 Neither,2020-Q3,3,27.6,24.1
Children Act (Public),North East,4 Neither,2020-Q4,4,15.5,2.1
Children Act (Public),North East,4 Neither,2021-Q1,9,19.2,22.1
Children Act (Public),North East,4 Neither,2021-Q2,4,4.8,4.8
Children Act (Public),North East,4 Neither,2021-Q3,6,9.3,10.5
Children Act (Public),North East,4 Neither,2021-Q4,7,22.8,17.4
Children Act (Public),North East,4 Neither,2022-Q1,10,28.3,23.9
Children Act (Public),North East,4 Neither,2022-Q2,12,12.1,10.7
Children Act (Public),North East,4 Neither,2022-Q3,3,14.8,9.4
Children Act (Public),North East,4 Neither,2022-Q4,9,8,6.4
Children Act (Public),North East,4 Neither,2023-Q1,8,19.5,16.8
Children Act (Public),North East,4 Neither,2023-Q2,10,21.5,10.5
Children Act (Public),North East,4 Neither,2023-Q3,11,9.8,11
Children Act (Public),North East,4 Neither,2023-Q4,8,6.3,5.9
Children Act (Public),North East,4 Neither,2024-Q1,9,11.9,2
Children Act (Public),North East,4 Neither,2024-Q2,9,12.2,10.3
Children Act (Public),North East,4 Neither,2024-Q3,2,15.6,15.6
Children Act (Public),North East,4 Neither,2024-Q4,2,10.1,10.1
Children Act (Public),North East,4 Neither,2025-Q1,5,9.7,2
Children Act (Public),North East,4 Neither,2025-Q2,6,10.9,11.7
Children Act (Public),North East,4 Neither,2025-Q3,7,8.8,5.9
Children Act (Public),North East,4 Neither,2025-Q4,6,21.1,16.6
Children Act (Public),North East,All types,2011-Q1,568,37.6,34.9
Children Act (Public),North East,All types,2011-Q2,603,38.8,38.9
Children Act (Public),North East,All types,2011-Q3,597,37.3,37.1
Children Act (Public),North East,All types,2011-Q4,632,40.5,38.5
Children Act (Public),North East,All types,2012-Q1,689,39.9,38.9
Children Act (Public),North East,All types,2012-Q2,672,40.2,37.2
Children Act (Public),North East,All types,2012-Q3,750,38.5,35.1
Children Act (Public),North East,All types,2012-Q4,817,35.8,31.3
Children Act (Public),North East,All types,2013-Q1,662,32.8,28
Children Act (Public),North East,All types,2013-Q2,775,33.3,27.1
Children Act (Public),North East,All types,2013-Q3,799,28,24.6
Children Act (Public),North East,All types,2013-Q4,660,24.3,22.7
Children Act (Public),North East,All types,2014-Q1,515,23.3,23.1
Children Act (Public),North East,All types,2014-Q2,526,24.5,23.6
Children Act (Public),North East,All types,2014-Q3,579,23.7,22.6
Children Act (Public),North East,All types,2014-Q4,526,23,22.8
Children Act (Public),North East,All types,2015-Q1,537,22.7,22.9
Children Act (Public),North East,All types,2015-Q2,574,24.3,23.4
Children Act (Public),North East,All types,2015-Q3,625,23.5,22.3
Children Act (Public),North East,All types,2015-Q4,612,24.2,23.6
Children Act (Public),North East,All types,2016-Q1,642,23.9,23.1
Children Act (Public),North East,All types,2016-Q2,673,23.8,23.3
Children Act (Public),North East,All types,2016-Q3,699,24.4,23.4
Children Act (Public),North East,All types,2016-Q4,766,24.5,23.6
Children Act (Public),North East,All types,2017-Q1,753,25.8,24
Children Act (Public),North East,All types,2017-Q2,717,24.2,23.9
Children Act (Public),North East,All types,2017-Q3,753,25.4,24
Children Act (Public),North East,All types,2017-Q4,754,24.4,23.4
Children Act (Public),North East,All types,2018-Q1,698,27,25.1
Children Act (Public),North East,All types,2018-Q2,705,25.4,24.7
Children Act (Public),North East,All types,2018-Q3,740,25.8,24.3
Children Act (Public),North East,All types,2018-Q4,722,26.4,24.6
Children Act (Public),North East,All types,2019-Q1,794,27.4,24.9
Children Act (Public),North East,All types,2019-Q2,764,29.5,25.1
Children Act (Public),North East,All types,2019-Q3,715,29.5,25.1
Children Act (Public),North East,All types,2019-Q4,720,28.7,25.6
Children Act (Public),North East,All types,2020-Q1,728,30.5,25.9
Children Act (Public),North East,All types,2020-Q2,559,29.5,26.7
Children Act (Public),North East,All types,2020-Q3,694,32.6,30
Children Act (Public),North East,All types,2020-Q4,773,34.5,32.1
Children Act (Public),North East,All types,2021-Q1,856,34.4,31.9
Children Act (Public),North East,All types,2021-Q2,767,35.4,32.1
Children Act (Public),North East,All types,2021-Q3,680,33.9,29.9
Children Act (Public),North East,All types,2021-Q4,671,35.7,31.6
Children Act (Public),North East,All types,2022-Q1,672,34.8,31
Children Act (Public),North East,All types,2022-Q2,770,35.7,30.3
Children Act (Public),North East,All types,2022-Q3,772,32.5,27.8
Children Act (Public),North East,All types,2022-Q4,782,33.5,30.6
Children Act (Public),North East,All types,2023-Q1,978,34.7,30.6
Children Act (Public),North East,All types,2023-Q2,868,33.6,27.4
Children Act (Public),North East,All types,2023-Q3,871,32.3,26
Children Act (Public),North East,All types,2023-Q4,881,30.7,25.6
Children Act (Public),North East,All types,2024-Q1,839,29.9,25.7
Children Act (Public),North East,All types,2024-Q2,868,30.2,25.6
Children Act (Public),North East,All types,2024-Q3,857,30.7,25.9
Children Act (Public),North East,All types,2024-Q4,850,28.6,25.1
Children Act (Public),North East,All types,2025-Q1,824,28.1,25.1
Children Act (Public),North East,All types,2025-Q2,829,27.3,24.7
Children Act (Public),North East,All types,2025-Q3,829,26.3,24.3
Children Act (Public),North East,All types,2025-Q4,820,26,23.9
Children Act (Public),North West,1 Both,2011-Q1,316,54.8,51
Children Act (Public),North West,1 Both,2011-Q2,332,58.5,52.7
Children Act (Public),North West,1 Both,2011-Q3,344,53.4,51.2
Children Act (Public),North West,1 Both,2011-Q4,395,56.7,52
Children Act (Public),North West,1 Both,2012-Q1,387,58.2,51.9
Children Act (Public),North West,1 Both,2012-Q2,469,54.1,48.3
Children Act (Public),North West,1 Both,2012-Q3,506,46.5,40.7
Children Act (Public),North West,1 Both,2012-Q4,498,43.5,37.8
Children Act (Public),North West,1 Both,2013-Q1,447,40.2,33.6
Children Act (Public),North West,1 Both,2013-Q2,496,38.8,32
Children Act (Public),North West,1 Both,2013-Q3,494,34.9,28.5
Children Act (Public),North West,1 Both,2013-Q4,515,32,26.7
Children Act (Public),North West,1 Both,2014-Q1,421,29.5,25.9
Children Act (Public),North West,1 Both,2014-Q2,422,27.4,25.1
Children Act (Public),North West,1 Both,2014-Q3,394,28.8,25.1
Children Act (Public),North West,1 Both,2014-Q4,419,29,25.6
Children Act (Public),North West,1 Both,2015-Q1,418,28.9,26
Children Act (Public),North West,1 Both,2015-Q2,445,29.7,26
Children Act (Public),North West,1 Both,2015-Q3,494,28.4,25
Children Act (Public),North West,1 Both,2015-Q4,468,26,24.6
Children Act (Public),North West,1 Both,2016-Q1,433,26.2,24.7
Children Act (Public),North West,1 Both,2016-Q2,522,25.5,24.1
Children Act (Public),North West,1 Both,2016-Q3,500,25,24.1
Children Act (Public),North West,1 Both,2016-Q4,486,26,24.9
Children Act (Public),North West,1 Both,2017-Q1,511,26.4,25
Children Act (Public),North West,1 Both,2017-Q2,525,27,25.7
Children Act (Public),North West,1 Both,2017-Q3,466,27.8,25.4
Children Act (Public),North West,1 Both,2017-Q4,482,28.2,25.4
Children Act (Public),North West,1 Both,2018-Q1,485,29.6,26.9
Children Act (Public),North West,1 Both,2018-Q2,482,28.7,26
Children Act (Public),North West,1 Both,2018-Q3,482,30.6,26.1
Children Act (Public),North West,1 Both,2018-Q4,528,30.3,27
Children Act (Public),North West,1 Both,2019-Q1,450,31.8,29.1
Children Act (Public),North West,1 Both,2019-Q2,467,32.8,29.1
Children Act (Public),North West,1 Both,2019-Q3,452,32.4,29.3
Children Act (Public),North West,1 Both,2019-Q4,466,35.1,31.7
Children Act (Public),North West,1 Both,2020-Q1,428,35.6,32
Children Act (Public),North West,1 Both,2020-Q2,338,35.4,31.8
Children Act (Public),North West,1 Both,2020-Q3,449,40.1,36.7
Children Act (Public),North West,1 Both,2020-Q4,439,41.3,37
Children Act (Public),North West,1 Both,2021-Q1,473,43,40
Children Act (Public),North West,1 Both,2021-Q2,455,47.6,43.7
Children Act (Public),North West,1 Both,2021-Q3,376,46.3,41.2
Children Act (Public),North West,1 Both,2021-Q4,393,47.9,44.9
Children Act (Public),North West,1 Both,2022-Q1,389,47.3,41.1
Children Act (Public),North West,1 Both,2022-Q2,427,44.7,40.7
Children Act (Public),North West,1 Both,2022-Q3,491,43.4,38.9
Children Act (Public),North West,1 Both,2022-Q4,482,44.2,39.2
Children Act (Public),North West,1 Both,2023-Q1,625,47.4,40.6
Children Act (Public),North West,1 Both,2023-Q2,562,44,39
Children Act (Public),North West,1 Both,2023-Q3,511,43.4,38.1
Children Act (Public),North West,1 Both,2023-Q4,525,43.1,37
Children Act (Public),North West,1 Both,2024-Q1,462,42.4,37.7
Children Act (Public),North West,1 Both,2024-Q2,531,44.5,39.6
Children Act (Public),North West,1 Both,2024-Q3,519,40.4,35.9
Children Act (Public),North West,1 Both,2024-Q4,551,38.9,34.6
Children Act (Public),North West,1 Both,2025-Q1,507,41,35.1
Children Act (Public),North West,1 Both,2025-Q2,554,40.5,35.1
Children Act (Public),North West,1 Both,2025-Q3,543,41.4,36.1
Children Act (Public),North West,1 Both,2025-Q4,513,38.1,33.4
Children Act (Public),North West,2 Applicant Only,2011-Q1,88,22.9,18.7
Children Act (Public),North West,2 Applicant Only,2011-Q2,65,20.1,12.4
Children Act (Public),North West,2 Applicant Only,2011-Q3,95,25,18.6
Children Act (Public),North West,2 Applicant Only,2011-Q4,75,21.9,17.1
Children Act (Public),North West,2 Applicant Only,2012-Q1,82,23.7,13.7
Children Act (Public),North West,2 Applicant Only,2012-Q2,75,22.2,14.6
Children Act (Public),North West,2 Applicant Only,2012-Q3,100,16.4,11.1
Children Act (Public),North West,2 Applicant Only,2012-Q4,120,12.7,6.4
Children Act (Public),North West,2 Applicant Only,2013-Q1,98,15.3,11.9
Children Act (Public),North West,2 Applicant Only,2013-Q2,131,22.5,14.6
Children Act (Public),North West,2 Applicant Only,2013-Q3,107,11.6,8.7
Children Act (Public),North West,2 Applicant Only,2013-Q4,112,11.4,7.9
Children Act (Public),North West,2 Applicant Only,2014-Q1,94,12.6,10.6
Children Act (Public),North West,2 Applicant Only,2014-Q2,101,12.6,11.3
Children Act (Public),North West,2 Applicant Only,2014-Q3,82,13.4,10.1
Children Act (Public),North West,2 Applicant Only,2014-Q4,96,14.7,13.1
Children Act (Public),North West,2 Applicant Only,2015-Q1,89,15.4,12.9
Children Act (Public),North West,2 Applicant Only,2015-Q2,75,15.3,13
Children Act (Public),North West,2 Applicant Only,2015-Q3,88,15.2,11.8
Children Act (Public),North West,2 Applicant Only,2015-Q4,109,12.7,10
Children Act (Public),North West,2 Applicant Only,2016-Q1,115,14.4,12.3
Children Act (Public),North West,2 Applicant Only,2016-Q2,106,13.2,10.6
Children Act (Public),North West,2 Applicant Only,2016-Q3,133,14.5,11.3
Children Act (Public),North West,2 Applicant Only,2016-Q4,137,14.2,12.3
Children Act (Public),North West,2 Applicant Only,2017-Q1,136,12.7,10.1
Children Act (Public),North West,2 Applicant Only,2017-Q2,152,14.2,10.9
Children Act (Public),North West,2 Applicant Only,2017-Q3,129,13.8,11.7
Children Act (Public),North West,2 Applicant Only,2017-Q4,142,15.2,12
Children Act (Public),North West,2 Applicant Only,2018-Q1,125,14.6,9.9
Children Act (Public),North West,2 Applicant Only,2018-Q2,158,16,12
Children Act (Public),North West,2 Applicant Only,2018-Q3,139,12.9,10.9
Children Act (Public),North West,2 Applicant Only,2018-Q4,150,17.3,12.7
Children Act (Public),North West,2 Applicant Only,2019-Q1,135,15.6,11.4
Children Act (Public),North West,2 Applicant Only,2019-Q2,149,15.7,10.3
Children Act (Public),North West,2 Applicant Only,2019-Q3,140,14.5,11
Children Act (Public),North West,2 Applicant Only,2019-Q4,152,16,11.9
Children Act (Public),North West,2 Applicant Only,2020-Q1,158,17.1,13.4
Children Act (Public),North West,2 Applicant Only,2020-Q2,143,17.2,12.1
Children Act (Public),North West,2 Applicant Only,2020-Q3,159,17.6,10.9
Children Act (Public),North West,2 Applicant Only,2020-Q4,156,17.5,12.3
Children Act (Public),North West,2 Applicant Only,2021-Q1,137,21,14.6
Children Act (Public),North West,2 Applicant Only,2021-Q2,142,18,12.9
Children Act (Public),North West,2 Applicant Only,2021-Q3,127,17.9,12.6
Children Act (Public),North West,2 Applicant Only,2021-Q4,128,17.9,13.7
Children Act (Public),North West,2 Applicant Only,2022-Q1,161,20.3,14.1
Children Act (Public),North West,2 Applicant Only,2022-Q2,129,21.2,14.1
Children Act (Public),North West,2 Applicant Only,2022-Q3,121,17.5,11.9
Children Act (Public),North West,2 Applicant Only,2022-Q4,132,20,14.9
Children Act (Public),North West,2 Applicant Only,2023-Q1,142,21.9,14.1
Children Act (Public),North West,2 Applicant Only,2023-Q2,115,16.9,11
Children Act (Public),North West,2 Applicant Only,2023-Q3,137,14.4,10.7
Children Act (Public),North West,2 Applicant Only,2023-Q4,96,17.6,12
Children Act (Public),North West,2 Applicant Only,2024-Q1,89,14,11
Children Act (Public),North West,2 Applicant Only,2024-Q2,108,17,11.7
Children Act (Public),North West,2 Applicant Only,2024-Q3,118,11.9,11.8
Children Act (Public),North West,2 Applicant Only,2024-Q4,130,15.9,12.1
Children Act (Public),North West,2 Applicant Only,2025-Q1,108,15.1,12
Children Act (Public),North West,2 Applicant Only,2025-Q2,112,14.4,11
Children Act (Public),North West,2 Applicant Only,2025-Q3,106,14.1,12
Children Act (Public),North West,2 Applicant Only,2025-Q4,82,15.4,12
Children Act (Public),North West,3 Respondent Only,2011-Q1,5,67.5,85.4
Children Act (Public),North West,3 Respondent Only,2011-Q2,11,46.3,53.9
Children Act (Public),North West,3 Respondent Only,2011-Q3,9,71.5,65.9
Children Act (Public),North West,3 Respondent Only,2011-Q4,6,43.9,31.6
Children Act (Public),North West,3 Respondent Only,2012-Q1,10,51.3,61.7
Children Act (Public),North West,3 Respondent Only,2012-Q2,5,104.9,104.7
Children Act (Public),North West,3 Respondent Only,2012-Q3,4,50.2,41.3
Children Act (Public),North West,3 Respondent Only,2012-Q4,2,80.9,80.9
Children Act (Public),North West,3 Respondent Only,2013-Q1,2,34,34
Children Act (Public),North West,3 Respondent Only,2013-Q2,1,61.7,61.7
Children Act (Public),North West,3 Respondent Only,2013-Q3,3,40,43.9
Children Act (Public),North West,3 Respondent Only,2013-Q4,3,15.2,15.1
Children Act (Public),North West,3 Respondent Only,2014-Q1,4,26.4,25.2
Children Act (Public),North West,3 Respondent Only,2014-Q2,1,39,39
Children Act (Public),North West,3 Respondent Only,2014-Q3,4,35.2,30.4
Children Act (Public),North West,3 Respondent Only,2014-Q4,2,35.8,35.8
Children Act (Public),North West,3 Respondent Only,2015-Q1,2,17.1,17.1
Children Act (Public),North West,3 Respondent Only,2015-Q2,1,19.9,19.9
Children Act (Public),North West,3 Respondent Only,2015-Q3,5,33.8,23.4
Children Act (Public),North West,3 Respondent Only,2015-Q4,1,30.3,30.3
Children Act (Public),North West,3 Respondent Only,2016-Q2,1,18,18
Children Act (Public),North West,3 Respondent Only,2016-Q3,2,19.4,19.4
Children Act (Public),North West,3 Respondent Only,2016-Q4,1,20.6,20.6
Children Act (Public),North West,3 Respondent Only,2017-Q1,2,33.5,33.5
Children Act (Public),North West,3 Respondent Only,2017-Q2,6,35.9,24
Children Act (Public),North West,3 Respondent Only,2017-Q4,3,39.8,43.1
Children Act (Public),North West,3 Respondent Only,2018-Q1,1,21.3,21.3
Children Act (Public),North West,3 Respondent Only,2018-Q2,2,37.6,37.6
Children Act (Public),North West,3 Respondent Only,2018-Q4,1,40.6,40.6
Children Act (Public),North West,3 Respondent Only,2019-Q1,2,40.8,40.8
Children Act (Public),North West,3 Respondent Only,2019-Q3,1,26.1,26.1
Children Act (Public),North West,3 Respondent Only,2020-Q2,2,44.9,44.9
Children Act (Public),North West,3 Respondent Only,2020-Q3,3,39.3,38.4
Children Act (Public),North West,3 Respondent Only,2020-Q4,3,64.8,58.9
Children Act (Public),North West,3 Respondent Only,2021-Q1,1,1,1
Children Act (Public),North West,3 Respondent Only,2021-Q2,2,54.7,54.7
Children Act (Public),North West,3 Respondent Only,2022-Q1,1,41.9,41.9
Children Act (Public),North West,3 Respondent Only,2022-Q2,1,56.3,56.3
Children Act (Public),North West,3 Respondent Only,2022-Q4,1,33.9,33.9
Children Act (Public),North West,3 Respondent Only,2024-Q1,1,13.6,13.6
Children Act (Public),North West,3 Respondent Only,2024-Q4,1,1.6,1.6
Children Act (Public),North West,3 Respondent Only,2025-Q4,1,37.9,37.9
Children Act (Public),North West,4 Neither,2011-Q1,8,13.7,5.7
Children Act (Public),North West,4 Neither,2011-Q2,1,26.3,26.3
Children Act (Public),North West,4 Neither,2011-Q3,7,7.4,1.4
Children Act (Public),North West,4 Neither,2011-Q4,2,47.8,47.8
Children Act (Public),North West,4 Neither,2012-Q1,2,4.9,4.9
Children Act (Public),North West,4 Neither,2012-Q2,1,12.4,12.4
Children Act (Public),North West,4 Neither,2012-Q3,1,4.6,4.6
Children Act (Public),North West,4 Neither,2012-Q4,3,25.7,36.9
Children Act (Public),North West,4 Neither,2013-Q2,1,19,19
Children Act (Public),North West,4 Neither,2013-Q3,4,9.1,10.5
Children Act (Public),North West,4 Neither,2013-Q4,5,17.4,12.9
Children Act (Public),North West,4 Neither,2014-Q1,5,26.9,33.7
Children Act (Public),North West,4 Neither,2014-Q2,4,13.1,16.4
Children Act (Public),North West,4 Neither,2014-Q3,1,2.7,2.7
Children Act (Public),North West,4 Neither,2014-Q4,2,45.8,45.8
Children Act (Public),North West,4 Neither,2015-Q1,5,33.3,18.9
Children Act (Public),North West,4 Neither,2015-Q2,1,5.9,5.9
Children Act (Public),North West,4 Neither,2015-Q3,3,14.3,4.1
Children Act (Public),North West,4 Neither,2015-Q4,1,15.7,15.7
Children Act (Public),North West,4 Neither,2016-Q1,3,13.7,10.1
Children Act (Public),North West,4 Neither,2016-Q2,4,18.6,19.4
Children Act (Public),North West,4 Neither,2016-Q3,6,26.5,26.3
Children Act (Public),North West,4 Neither,2016-Q4,8,13.4,10.2
Children Act (Public),North West,4 Neither,2017-Q1,4,23.5,21.2
Children Act (Public),North West,4 Neither,2017-Q3,5,14.4,8.1
Children Act (Public),North West,4 Neither,2017-Q4,7,20.3,14.1
Children Act (Public),North West,4 Neither,2018-Q1,2,46.4,46.4
Children Act (Public),North West,4 Neither,2018-Q2,7,16.1,9
Children Act (Public),North West,4 Neither,2018-Q3,6,15.1,10.6
Children Act (Public),North West,4 Neither,2018-Q4,10,19.4,25.2
Children Act (Public),North West,4 Neither,2019-Q1,6,28.6,28.1
Children Act (Public),North West,4 Neither,2019-Q2,2,19.7,19.7
Children Act (Public),North West,4 Neither,2019-Q3,5,27,16.3
Children Act (Public),North West,4 Neither,2019-Q4,7,15.9,12.4
Children Act (Public),North West,4 Neither,2020-Q1,7,20.9,27
Children Act (Public),North West,4 Neither,2020-Q2,1,34,34
Children Act (Public),North West,4 Neither,2020-Q3,2,51.7,51.7
Children Act (Public),North West,4 Neither,2020-Q4,5,17.6,13
Children Act (Public),North West,4 Neither,2021-Q1,3,32,33.7
Children Act (Public),North West,4 Neither,2021-Q2,6,25.8,23.3
Children Act (Public),North West,4 Neither,2021-Q3,4,27.5,26.2
Children Act (Public),North West,4 Neither,2021-Q4,7,30.8,18.6
Children Act (Public),North West,4 Neither,2022-Q1,2,16.6,16.6
Children Act (Public),North West,4 Neither,2022-Q3,4,39.7,41.2
Children Act (Public),North West,4 Neither,2022-Q4,6,27.6,35.3
Children Act (Public),North West,4 Neither,2023-Q1,4,28.1,8.5
Children Act (Public),North West,4 Neither,2023-Q2,9,29.1,13
Children Act (Public),North West,4 Neither,2023-Q3,4,25,23.6
Children Act (Public),North West,4 Neither,2023-Q4,3,23.7,27.4
Children Act (Public),North West,4 Neither,2024-Q1,2,15.2,15.2
Children Act (Public),North West,4 Neither,2024-Q2,5,26.5,22.9
Children Act (Public),North West,4 Neither,2024-Q3,2,23.3,23.3
Children Act (Public),North West,4 Neither,2024-Q4,5,18.1,16.9
Children Act (Public),North West,4 Neither,2025-Q1,4,25.3,21.5
Children Act (Public),North West,4 Neither,2025-Q2,6,21.1,19.8
Children Act (Public),North West,4 Neither,2025-Q3,2,34,34
Children Act (Public),North West,4 Neither,2025-Q4,2,38.8,38.8
Children Act (Public),North West,All types,2011-Q1,417,47.4,45.7
Children Act (Public),North West,All types,2011-Q2,409,52,48.1
Children Act (Public),North West,All types,2011-Q3,455,47.2,44.9
Children Act (Public),North West,All types,2011-Q4,478,51,47.6
Children Act (Public),North West,All types,2012-Q1,481,51.9,46
Children Act (Public),North West,All types,2012-Q2,550,50.1,45.6
Children Act (Public),North West,All types,2012-Q3,611,41.5,37.3
Children Act (Public),North West,All types,2012-Q4,623,37.6,33.3
Children Act (Public),North West,All types,2013-Q1,547,35.8,30.7
Children Act (Public),North West,All types,2013-Q2,629,35.4,29
Children Act (Public),North West,All types,2013-Q3,608,30.7,26.1
Children Act (Public),North West,All types,2013-Q4,635,28.2,24.9
Children Act (Public),North West,All types,2014-Q1,524,26.4,24.7
Children Act (Public),North West,All types,2014-Q2,528,24.5,23.4
Children Act (Public),North West,All types,2014-Q3,481,26.2,24.3
Children Act (Public),North West,All types,2014-Q4,519,26.5,24.3
Children Act (Public),North West,All types,2015-Q1,514,26.5,25
Children Act (Public),North West,All types,2015-Q2,522,27.6,25.4
Children Act (Public),North West,All types,2015-Q3,590,26.4,24.1
Children Act (Public),North West,All types,2015-Q4,579,23.5,23.6
Children Act (Public),North West,All types,2016-Q1,551,23.7,23.1
Children Act (Public),North West,All types,2016-Q2,633,23.3,23
Children Act (Public),North West,All types,2016-Q3,641,22.8,22.9
Children Act (Public),North West,All types,2016-Q4,632,23.3,23
Children Act (Public),North West,All types,2017-Q1,653,23.5,23.6
Children Act (Public),North West,All types,2017-Q2,683,24.2,24.3
Children Act (Public),North West,All types,2017-Q3,600,24.6,23.9
Children Act (Public),North West,All types,2017-Q4,634,25.2,24.1
Children Act (Public),North West,All types,2018-Q1,613,26.6,25.3
Children Act (Public),North West,All types,2018-Q2,649,25.5,25.1
Children Act (Public),North West,All types,2018-Q3,627,26.6,24.6
Children Act (Public),North West,All types,2018-Q4,689,27.3,25.1
Children Act (Public),North West,All types,2019-Q1,593,28.1,26
Children Act (Public),North West,All types,2019-Q2,618,28.6,26.6
Children Act (Public),North West,All types,2019-Q3,598,28.1,25.9
Children Act (Public),North West,All types,2019-Q4,625,30.2,27.9
Children Act (Public),North West,All types,2020-Q1,593,30.5,28.1
Children Act (Public),North West,All types,2020-Q2,484,30,26.6
Children Act (Public),North West,All types,2020-Q3,613,34.3,31.9
Children Act (Public),North West,All types,2020-Q4,603,35.1,31
Children Act (Public),North West,All types,2021-Q1,614,38,36.1
Children Act (Public),North West,All types,2021-Q2,605,40.4,37.9
Children Act (Public),North West,All types,2021-Q3,507,39,35.7
Children Act (Public),North West,All types,2021-Q4,528,40.4,38.1
Children Act (Public),North West,All types,2022-Q1,553,39.3,34.1
Children Act (Public),North West,All types,2022-Q2,557,39.3,35.3
Children Act (Public),North West,All types,2022-Q3,616,38.3,34.5
Children Act (Public),North West,All types,2022-Q4,621,38.9,34.3
Children Act (Public),North West,All types,2023-Q1,771,42.6,37.3
Children Act (Public),North West,All types,2023-Q2,686,39.3,34.1
Children Act (Public),North West,All types,2023-Q3,652,37.2,32.5
Children Act (Public),North West,All types,2023-Q4,624,39.1,32.7
Children Act (Public),North West,All types,2024-Q1,554,37.7,31.3
Children Act (Public),North West,All types,2024-Q2,644,39.8,35.2
Children Act (Public),North West,All types,2024-Q3,639,35.1,31
Children Act (Public),North West,All types,2024-Q4,687,34.4,30.4
Children Act (Public),North West,All types,2025-Q1,619,36.3,31.6
Children Act (Public),North West,All types,2025-Q2,672,35.9,31.5
Children Act (Public),North West,All types,2025-Q3,651,37,33
Children Act (Public),North West,All types,2025-Q4,598,35,31
Children Act (Public),Not Specified,1 Both,2021-Q2,4,10,7.3
Children Act (Public),Not Specified,1 Both,2021-Q3,44,15.7,15
Children Act (Public),Not Specified,1 Both,2021-Q4,156,23.7,23.4
Children Act (Public),Not Specified,1 Both,2022-Q1,143,34.2,33.6
Children Act (Public),Not Specified,1 Both,2022-Q2,133,44.1,45.9
Children Act (Public),Not Specified,1 Both,2022-Q3,67,52.1,56.4
Children Act (Public),Not Specified,1 Both,2022-Q4,45,60,69.1
Children Act (Public),Not Specified,1 Both,2023-Q1,18,73,83.6
Children Act (Public),Not Specified,1 Both,2023-Q2,13,73.1,91.3
Children Act (Public),Not Specified,1 Both,2023-Q3,8,104.2,107
Children Act (Public),Not Specified,1 Both,2023-Q4,5,92.8,114.7
Children Act (Public),Not Specified,2 Applicant Only,2020-Q4,7,3.6,3.3
Children Act (Public),Not Specified,2 Applicant Only,2021-Q1,55,11.8,10.7
Children Act (Public),Not Specified,2 Applicant Only,2021-Q2,134,19.8,20.7
Children Act (Public),Not Specified,2 Applicant Only,2021-Q3,188,23.1,23.8
Children Act (Public),Not Specified,2 Applicant Only,2021-Q4,159,31.8,30.3
Children Act (Public),Not Specified,2 Applicant Only,2022-Q1,81,40.3,41.3
Children Act (Public),Not Specified,2 Applicant Only,2022-Q2,45,51.7,51
Children Act (Public),Not Specified,2 Applicant Only,2022-Q3,13,67.5,72.1
Children Act (Public),Not Specified,2 Applicant Only,2022-Q4,13,77.7,72.9
Children Act (Public),Not Specified,2 Applicant Only,2023-Q1,2,100.9,100.9
Children Act (Public),Not Specified,2 Applicant Only,2023-Q2,2,115.4,115.4
Children Act (Public),Not Specified,All types,2020-Q4,7,3.6,3.3
Children Act (Public),Not Specified,All types,2021-Q1,55,11.8,10.7
Children Act (Public),Not Specified,All types,2021-Q2,138,19.5,20.5
Children Act (Public),Not Specified,All types,2021-Q3,232,21.7,22.1
Children Act (Public),Not Specified,All types,2021-Q4,315,27.8,25.3
Children Act (Public),Not Specified,All types,2022-Q1,224,36.4,34.7
Children Act (Public),Not Specified,All types,2022-Q2,178,46,47
Children Act (Public),Not Specified,All types,2022-Q3,80,54.6,57.4
Children Act (Public),Not Specified,All types,2022-Q4,58,64,71.5
Children Act (Public),Not Specified,All types,2023-Q1,20,75.8,84.2
Children Act (Public),Not Specified,All types,2023-Q2,15,78.7,92
Children Act (Public),Not Specified,All types,2023-Q3,8,104.2,107
Children Act (Public),Not Specified,All types,2023-Q4,5,92.8,114.7
Children Act (Public),South East,1 Both,2011-Q1,322,49.3,45.8
Children Act (Public),South East,1 Both,2011-Q2,374,50.3,47.1
Children Act (Public),South East,1 Both,2011-Q3,466,49.7,46.8
Children Act (Public),South East,1 Both,2011-Q4,468,48,45.1
Children Act (Public),South East,1 Both,2012-Q1,455,51.1,47.9
Children Act (Public),South East,1 Both,2012-Q2,405,49.4,44.1
Children Act (Public),South East,1 Both,2012-Q3,485,49.7,43.3
Children Act (Public),South East,1 Both,2012-Q4,574,47.4,44.3
Children Act (Public),South East,1 Both,2013-Q1,451,42.4,37
Children Act (Public),South East,1 Both,2013-Q2,568,43.3,38.2
Children Act (Public),South East,1 Both,2013-Q3,623,35.7,29.6
Children Act (Public),South East,1 Both,2013-Q4,581,30.8,26
Children Act (Public),South East,1 Both,2014-Q1,438,28.9,25
Children Act (Public),South East,1 Both,2014-Q2,467,29.4,25.1
Children Act (Public),South East,1 Both,2014-Q3,407,27.4,25
Children Act (Public),South East,1 Both,2014-Q4,387,25.3,23.9
Children Act (Public),South East,1 Both,2015-Q1,457,26.8,24.7
Children Act (Public),South East,1 Both,2015-Q2,433,28.1,25.7
Children Act (Public),South East,1 Both,2015-Q3,503,26.8,24.6
Children Act (Public),South East,1 Both,2015-Q4,532,28.3,25
Children Act (Public),South East,1 Both,2016-Q1,514,27.2,25.6
Children Act (Public),South East,1 Both,2016-Q2,564,26.7,24.7
Children Act (Public),South East,1 Both,2016-Q3,611,27.2,24.9
Children Act (Public),South East,1 Both,2016-Q4,563,27.8,25
Children Act (Public),South East,1 Both,2017-Q1,567,28,25.6
Children Act (Public),South East,1 Both,2017-Q2,545,28.9,25.9
Children Act (Public),South East,1 Both,2017-Q3,536,29.1,25.5
Children Act (Public),South East,1 Both,2017-Q4,541,28.8,25.6
Children Act (Public),South East,1 Both,2018-Q1,561,29.9,26.4
Children Act (Public),South East,1 Both,2018-Q2,566,30,25.9
Children Act (Public),South East,1 Both,2018-Q3,535,29.4,25.7
Children Act (Public),South East,1 Both,2018-Q4,561,30.6,26.3
Children Act (Public),South East,1 Both,2019-Q1,499,31.3,28.6
Children Act (Public),South East,1 Both,2019-Q2,547,31.3,28.1
Children Act (Public),South East,1 Both,2019-Q3,538,32.8,28.4
Children Act (Public),South East,1 Both,2019-Q4,531,31.9,29.3
Children Act (Public),South East,1 Both,2020-Q1,452,33.6,31.3
Children Act (Public),South East,1 Both,2020-Q2,352,34.9,31.8
Children Act (Public),South East,1 Both,2020-Q3,441,39.2,35.6
Children Act (Public),South East,1 Both,2020-Q4,464,40,37.2
Children Act (Public),South East,1 Both,2021-Q1,451,42.3,38.4
Children Act (Public),South East,1 Both,2021-Q2,477,44.8,42
Children Act (Public),South East,1 Both,2021-Q3,400,46,42.8
Children Act (Public),South East,1 Both,2021-Q4,457,45.4,41.1
Children Act (Public),South East,1 Both,2022-Q1,431,43.9,41.9
Children Act (Public),South East,1 Both,2022-Q2,434,44.2,40.1
Children Act (Public),South East,1 Both,2022-Q3,484,46.1,41.6
Children Act (Public),South East,1 Both,2022-Q4,510,48.1,43
Children Act (Public),South East,1 Both,2023-Q1,584,46.5,43.1
Children Act (Public),South East,1 Both,2023-Q2,538,48.5,45
Children Act (Public),South East,1 Both,2023-Q3,546,48.8,43.6
Children Act (Public),South East,1 Both,2023-Q4,509,47,43.6
Children Act (Public),South East,1 Both,2024-Q1,542,48.4,43
Children Act (Public),South East,1 Both,2024-Q2,482,48.4,43.1
Children Act (Public),South East,1 Both,2024-Q3,484,48.2,42.9
Children Act (Public),South East,1 Both,2024-Q4,554,44,38.1
Children Act (Public),South East,1 Both,2025-Q1,575,45.2,40.9
Children Act (Public),South East,1 Both,2025-Q2,558,41.1,36.7
Children Act (Public),South East,1 Both,2025-Q3,545,40.8,36.7
Children Act (Public),South East,1 Both,2025-Q4,565,42,36.9
Children Act (Public),South East,2 Applicant Only,2011-Q1,94,12.3,2
Children Act (Public),South East,2 Applicant Only,2011-Q2,62,15.3,5.2
Children Act (Public),South East,2 Applicant Only,2011-Q3,97,20.7,6.9
Children Act (Public),South East,2 Applicant Only,2011-Q4,71,15.7,7.9
Children Act (Public),South East,2 Applicant Only,2012-Q1,77,13.6,4.6
Children Act (Public),South East,2 Applicant Only,2012-Q2,82,21.5,13.1
Children Act (Public),South East,2 Applicant Only,2012-Q3,87,14.6,7.3
Children Act (Public),South East,2 Applicant Only,2012-Q4,91,18.5,9.6
Children Act (Public),South East,2 Applicant Only,2013-Q1,103,14.7,5.4
Children Act (Public),South East,2 Applicant Only,2013-Q2,115,13.3,5.3
Children Act (Public),South East,2 Applicant Only,2013-Q3,116,15.8,10.2
Children Act (Public),South East,2 Applicant Only,2013-Q4,90,9.4,4.2
Children Act (Public),South East,2 Applicant Only,2014-Q1,84,9.3,4.5
Children Act (Public),South East,2 Applicant Only,2014-Q2,68,9.6,3.7
Children Act (Public),South East,2 Applicant Only,2014-Q3,77,15.4,8.7
Children Act (Public),South East,2 Applicant Only,2014-Q4,83,9.4,6.1
Children Act (Public),South East,2 Applicant Only,2015-Q1,64,11.3,7.6
Children Act (Public),South East,2 Applicant Only,2015-Q2,77,11.9,7.6
Children Act (Public),South East,2 Applicant Only,2015-Q3,91,10.9,8
Children Act (Public),South East,2 Applicant Only,2015-Q4,118,10.8,7.1
Children Act (Public),South East,2 Applicant Only,2016-Q1,94,12.3,5.5
Children Act (Public),South East,2 Applicant Only,2016-Q2,127,11.6,9.6
Children Act (Public),South East,2 Applicant Only,2016-Q3,112,13.2,7.2
Children Act (Public),South East,2 Applicant Only,2016-Q4,117,13.4,11.4
Children Act (Public),South East,2 Applicant Only,2017-Q1,104,14.4,10.3
Children Act (Public),South East,2 Applicant Only,2017-Q2,109,14.7,14
Children Act (Public),South East,2 Applicant Only,2017-Q3,125,12.3,8.9
Children Act (Public),South East,2 Applicant Only,2017-Q4,87,12.5,10.9
Children Act (Public),South East,2 Applicant Only,2018-Q1,110,12.4,9.4
Children Act (Public),South East,2 Applicant Only,2018-Q2,114,17.6,17.1
Children Act (Public),South East,2 Applicant Only,2018-Q3,88,14.4,13.5
Children Act (Public),South East,2 Applicant Only,2018-Q4,117,13.6,11
Children Act (Public),South East,2 Applicant Only,2019-Q1,82,14,11.2
Children Act (Public),South East,2 Applicant Only,2019-Q2,104,13.1,7.1
Children Act (Public),South East,2 Applicant Only,2019-Q3,103,11.9,9
Children Act (Public),South East,2 Applicant Only,2019-Q4,117,14,9.7
Children Act (Public),South East,2 Applicant Only,2020-Q1,109,14,9.9
Children Act (Public),South East,2 Applicant Only,2020-Q2,88,13,9.6
Children Act (Public),South East,2 Applicant Only,2020-Q3,97,19.4,17.7
Children Act (Public),South East,2 Applicant Only,2020-Q4,90,18.7,13.1
Children Act (Public),South East,2 Applicant Only,2021-Q1,86,19.6,17
Children Act (Public),South East,2 Applicant Only,2021-Q2,107,21.6,17.1
Children Act (Public),South East,2 Applicant Only,2021-Q3,117,18.8,13.9
Children Act (Public),South East,2 Applicant Only,2021-Q4,89,26.3,20.4
Children Act (Public),South East,2 Applicant Only,2022-Q1,83,21.7,16.9
Children Act (Public),South East,2 Applicant Only,2022-Q2,87,24.1,18
Children Act (Public),South East,2 Applicant Only,2022-Q3,98,22.5,14.3
Children Act (Public),South East,2 Applicant Only,2022-Q4,79,21,11.3
Children Act (Public),South East,2 Applicant Only,2023-Q1,84,23.6,16.8
Children Act (Public),South East,2 Applicant Only,2023-Q2,62,16.8,10.1
Children Act (Public),South East,2 Applicant Only,2023-Q3,68,17.2,7.9
Children Act (Public),South East,2 Applicant Only,2023-Q4,62,18.6,10.7
Children Act (Public),South East,2 Applicant Only,2024-Q1,61,12.7,5.1
Children Act (Public),South East,2 Applicant Only,2024-Q2,65,11.1,4
Children Act (Public),South East,2 Applicant Only,2024-Q3,69,13.9,6.1
Children Act (Public),South East,2 Applicant Only,2024-Q4,57,13.3,7.3
Children Act (Public),South East,2 Applicant Only,2025-Q1,67,10.9,5.7
Children Act (Public),South East,2 Applicant Only,2025-Q2,76,12.1,4.3
Children Act (Public),South East,2 Applicant Only,2025-Q3,56,8.9,3.4
Children Act (Public),South East,2 Applicant Only,2025-Q4,52,9.9,5.4
Children Act (Public),South East,3 Respondent Only,2011-Q1,24,37.6,40.5
Children Act (Public),South East,3 Respondent Only,2011-Q2,23,45.5,44.1
Children Act (Public),South East,3 Respondent Only,2011-Q3,28,53.5,48.3
Children Act (Public),South East,3 Respondent Only,2011-Q4,29,66.6,57.6
Children Act (Public),South East,3 Respondent Only,2012-Q1,22,57.2,56.9
Children Act (Public),South East,3 Respondent Only,2012-Q2,26,60.3,50.5
Children Act (Public),South East,3 Respondent Only,2012-Q3,31,57.3,55.3
Children Act (Public),South East,3 Respondent Only,2012-Q4,20,70.5,68.3
Children Act (Public),South East,3 Respondent Only,2013-Q1,22,49.4,45.5
Children Act (Public),South East,3 Respondent Only,2013-Q2,32,51.4,45.3
Children Act (Public),South East,3 Respondent Only,2013-Q3,25,56,53.7
Children Act (Public),South East,3 Respondent Only,2013-Q4,13,52.1,54.4
Children Act (Public),South East,3 Respondent Only,2014-Q1,9,46.4,67.3
Children Act (Public),South East,3 Respondent Only,2014-Q2,6,20.9,18.2
Children Act (Public),South East,3 Respondent Only,2014-Q3,12,26.1,21.4
Children Act (Public),South East,3 Respondent Only,2014-Q4,9,29.1,25.6
Children Act (Public),South East,3 Respondent Only,2015-Q1,3,10.7,11.1
Children Act (Public),South East,3 Respondent Only,2015-Q2,10,27.9,25.6
Children Act (Public),South East,3 Respondent Only,2015-Q3,3,20.9,25
Children Act (Public),South East,3 Respondent Only,2015-Q4,10,16.2,14.9
Children Act (Public),South East,3 Respondent Only,2016-Q1,3,16.9,16.7
Children Act (Public),South East,3 Respondent Only,2016-Q2,4,38.4,33.8
Children Act (Public),South East,3 Respondent Only,2016-Q3,5,21.7,20.1
Children Act (Public),South East,3 Respondent Only,2016-Q4,7,27.9,26.3
Children Act (Public),South East,3 Respondent Only,2017-Q1,12,19.4,22.4
Children Act (Public),South East,3 Respondent Only,2017-Q2,2,23.4,23.4
Children Act (Public),South East,3 Respondent Only,2017-Q3,8,23,24.1
Children Act (Public),South East,3 Respondent Only,2017-Q4,6,21.3,12
Children Act (Public),South East,3 Respondent Only,2018-Q1,2,16.4,16.4
Children Act (Public),South East,3 Respondent Only,2018-Q2,2,10,10
Children Act (Public),South East,3 Respondent Only,2018-Q3,3,33.2,14
Children Act (Public),South East,3 Respondent Only,2018-Q4,5,23.6,16.4
Children Act (Public),South East,3 Respondent Only,2019-Q1,6,21,18.7
Children Act (Public),South East,3 Respondent Only,2019-Q2,3,22.6,30
Children Act (Public),South East,3 Respondent Only,2019-Q3,1,20.7,20.7
Children Act (Public),South East,3 Respondent Only,2019-Q4,7,24.8,31.6
Children Act (Public),South East,3 Respondent Only,2020-Q1,10,35.6,34.6
Children Act (Public),South East,3 Respondent Only,2020-Q2,6,21,16.1
Children Act (Public),South East,3 Respondent Only,2020-Q3,6,14.5,3.2
Children Act (Public),South East,3 Respondent Only,2020-Q4,3,31.4,26.1
Children Act (Public),South East,3 Respondent Only,2021-Q1,2,5.8,5.8
Children Act (Public),South East,3 Respondent Only,2021-Q2,8,18.9,0.1
Children Act (Public),South East,3 Respondent Only,2021-Q3,7,25.4,21.9
Children Act (Public),South East,3 Respondent Only,2021-Q4,4,18.9,8.5
Children Act (Public),South East,3 Respondent Only,2022-Q1,7,77.1,62.3
Children Act (Public),South East,3 Respondent Only,2022-Q2,2,29.3,29.3
Children Act (Public),South East,3 Respondent Only,2022-Q3,1,133.9,133.9
Children Act (Public),South East,3 Respondent Only,2022-Q4,3,39.6,21.9
Children Act (Public),South East,3 Respondent Only,2023-Q4,1,25.4,25.4
Children Act (Public),South East,3 Respondent Only,2024-Q1,2,64.5,64.5
Children Act (Public),South East,3 Respondent Only,2024-Q2,1,13,13
Children Act (Public),South East,3 Respondent Only,2024-Q3,2,9.6,9.6
Children Act (Public),South East,3 Respondent Only,2024-Q4,2,7.2,7.2
Children Act (Public),South East,3 Respondent Only,2025-Q1,2,23.8,23.8
Children Act (Public),South East,3 Respondent Only,2025-Q2,1,11.9,11.9
Children Act (Public),South East,3 Respondent Only,2025-Q3,1,23,23
Children Act (Public),South East,3 Respondent Only,2025-Q4,1,14.3,14.3
Children Act (Public),South East,4 Neither,2011-Q1,11,15.7,3.1
Children Act (Public),South East,4 Neither,2011-Q2,11,11.5,6
Children Act (Public),South East,4 Neither,2011-Q3,11,15.9,5.6
Children Act (Public),South East,4 Neither,2011-Q4,9,18.1,9.9
Children Act (Public),South East,4 Neither,2012-Q1,4,66.3,56.9
Children Act (Public),South East,4 Neither,2012-Q2,8,14.5,4.4
Children Act (Public),South East,4 Neither,2012-Q3,5,15.4,11.3
Children Act (Public),South East,4 Neither,2012-Q4,6,31.2,33.7
Children Act (Public),South East,4 Neither,2013-Q1,10,26.3,13.8
Children Act (Public),South East,4 Neither,2013-Q2,5,34.1,12
Children Act (Public),South East,4 Neither,2013-Q3,7,31.6,13
Children Act (Public),South East,4 Neither,2013-Q4,6,17.7,1.9
Children Act (Public),South East,4 Neither,2014-Q1,8,16.4,5.5
Children Act (Public),South East,4 Neither,2014-Q2,8,5.8,3.3
Children Act (Public),South East,4 Neither,2014-Q3,7,7.3,6.1
Children Act (Public),South East,4 Neither,2014-Q4,7,11.1,8.9
Children Act (Public),South East,4 Neither,2015-Q1,6,8.6,5.2
Children Act (Public),South East,4 Neither,2015-Q2,6,11.5,9
Children Act (Public),South East,4 Neither,2015-Q3,5,20.5,23.9
Children Act (Public),South East,4 Neither,2015-Q4,8,10.4,6.3
Children Act (Public),South East,4 Neither,2016-Q1,1,0,0
Children Act (Public),South East,4 Neither,2016-Q2,11,5.4,2.9
Children Act (Public),South East,4 Neither,2016-Q3,4,9.2,6.2
Children Act (Public),South East,4 Neither,2016-Q4,7,1.6,0.1
Children Act (Public),South East,4 Neither,2017-Q1,5,12.5,11.1
Children Act (Public),South East,4 Neither,2017-Q2,8,21.6,8.3
Children Act (Public),South East,4 Neither,2017-Q3,9,6.6,5
Children Act (Public),South East,4 Neither,2017-Q4,6,12.7,5.5
Children Act (Public),South East,4 Neither,2018-Q1,8,13,8.8
Children Act (Public),South East,4 Neither,2018-Q2,6,27.8,18.8
Children Act (Public),South East,4 Neither,2018-Q3,5,13.5,8.9
Children Act (Public),South East,4 Neither,2018-Q4,2,1.3,1.3
Children Act (Public),South East,4 Neither,2019-Q1,12,10.5,6.2
Children Act (Public),South East,4 Neither,2019-Q2,3,8.7,6.6
Children Act (Public),South East,4 Neither,2019-Q3,8,3.8,1.7
Children Act (Public),South East,4 Neither,2019-Q4,7,14.3,18.3
Children Act (Public),South East,4 Neither,2020-Q1,10,14,2.1
Children Act (Public),South East,4 Neither,2020-Q2,9,6,0
Children Act (Public),South East,4 Neither,2020-Q3,9,18.3,23.7
Children Act (Public),South East,4 Neither,2020-Q4,11,10.4,0.9
Children Act (Public),South East,4 Neither,2021-Q1,7,20.1,8.7
Children Act (Public),South East,4 Neither,2021-Q2,3,3.8,0
Children Act (Public),South East,4 Neither,2021-Q3,12,12.1,0.1
Children Act (Public),South East,4 Neither,2021-Q4,10,42.1,38.9
Children Act (Public),South East,4 Neither,2022-Q1,4,12.8,11.7
Children Act (Public),South East,4 Neither,2022-Q2,3,18.6,27.9
Children Act (Public),South East,4 Neither,2022-Q3,4,18.7,18.9
Children Act (Public),South East,4 Neither,2022-Q4,3,21.4,4.7
Children Act (Public),South East,4 Neither,2023-Q1,2,38,38
Children Act (Public),South East,4 Neither,2023-Q2,1,108.9,108.9
Children Act (Public),South East,4 Neither,2023-Q3,2,19,19
Children Act (Public),South East,4 Neither,2024-Q1,2,11.1,11.1
Children Act (Public),South East,4 Neither,2024-Q2,1,40.1,40.1
Children Act (Public),South East,4 Neither,2024-Q3,5,34.7,24.9
Children Act (Public),South East,4 Neither,2024-Q4,3,40.1,53.1
Children Act (Public),South East,4 Neither,2025-Q1,2,9.1,9.1
Children Act (Public),South East,4 Neither,2025-Q2,1,32.7,32.7
Children Act (Public),South East,4 Neither,2025-Q3,2,12,12
Children Act (Public),South East,4 Neither,2025-Q4,2,10.1,10.1
Children Act (Public),South East,All types,2011-Q1,451,40.1,39.6
Children Act (Public),South East,All types,2011-Q2,470,44.6,44.1
Children Act (Public),South East,All types,2011-Q3,602,44.6,42.1
Children Act (Public),South East,All types,2011-Q4,577,44.5,43.3
Children Act (Public),South East,All types,2012-Q1,558,46.2,42.9
Children Act (Public),South East,All types,2012-Q2,521,45,41.3
Children Act (Public),South East,All types,2012-Q3,608,44.8,40.3
Children Act (Public),South East,All types,2012-Q4,691,44.1,42.3
Children Act (Public),South East,All types,2013-Q1,586,37.5,32.6
Children Act (Public),South East,All types,2013-Q2,720,38.8,34.7
Children Act (Public),South East,All types,2013-Q3,771,33.3,27.1
Children Act (Public),South East,All types,2013-Q4,690,28.3,25
Children Act (Public),South East,All types,2014-Q1,539,25.9,24
Children Act (Public),South East,All types,2014-Q2,549,26.5,24.3
Children Act (Public),South East,All types,2014-Q3,503,25.2,24
Children Act (Public),South East,All types,2014-Q4,486,22.5,22.1
Children Act (Public),South East,All types,2015-Q1,530,24.7,23.6
Children Act (Public),South East,All types,2015-Q2,526,25.5,25
Children Act (Public),South East,All types,2015-Q3,602,24.3,23.7
Children Act (Public),South East,All types,2015-Q4,668,24.8,23.6
Children Act (Public),South East,All types,2016-Q1,612,24.8,24.8
Children Act (Public),South East,All types,2016-Q2,706,23.7,23.7
Children Act (Public),South East,All types,2016-Q3,732,24.9,24
Children Act (Public),South East,All types,2016-Q4,694,25.1,24.3
Children Act (Public),South East,All types,2017-Q1,688,25.6,24.9
Children Act (Public),South East,All types,2017-Q2,664,26.5,25.1
Children Act (Public),South East,All types,2017-Q3,678,25.6,24.6
Children Act (Public),South East,All types,2017-Q4,640,26.4,24.7
Children Act (Public),South East,All types,2018-Q1,681,26.8,25.3
Children Act (Public),South East,All types,2018-Q2,688,27.9,25.6
Children Act (Public),South East,All types,2018-Q3,631,27.2,25
Children Act (Public),South East,All types,2018-Q4,685,27.5,25.4
Children Act (Public),South East,All types,2019-Q1,599,28.4,26.6
Children Act (Public),South East,All types,2019-Q2,657,28.3,26
Children Act (Public),South East,All types,2019-Q3,650,29.2,25.9
Children Act (Public),South East,All types,2019-Q4,662,28.4,26.4
Children Act (Public),South East,All types,2020-Q1,581,29.6,29
Children Act (Public),South East,All types,2020-Q2,455,29.9,29
Children Act (Public),South East,All types,2020-Q3,553,35.2,32.7
Children Act (Public),South East,All types,2020-Q4,568,36,34
Children Act (Public),South East,All types,2021-Q1,546,38.3,35.4
Children Act (Public),South East,All types,2021-Q2,595,40.1,39
Children Act (Public),South East,All types,2021-Q3,536,39.1,35.1
Children Act (Public),South East,All types,2021-Q4,560,42.1,38.2
Children Act (Public),South East,All types,2022-Q1,525,40.6,38.1
Children Act (Public),South East,All types,2022-Q2,526,40.7,37.1
Children Act (Public),South East,All types,2022-Q3,587,42.1,38.9
Children Act (Public),South East,All types,2022-Q4,595,44.3,40.9
Children Act (Public),South East,All types,2023-Q1,670,43.6,39.9
Children Act (Public),South East,All types,2023-Q2,601,45.4,42.4
Children Act (Public),South East,All types,2023-Q3,616,45.2,41
Children Act (Public),South East,All types,2023-Q4,572,43.9,40.5
Children Act (Public),South East,All types,2024-Q1,607,44.7,39.9
Children Act (Public),South East,All types,2024-Q2,549,43.9,39.4
Children Act (Public),South East,All types,2024-Q3,560,43.7,39.1
Children Act (Public),South East,All types,2024-Q4,616,41,35.5
Children Act (Public),South East,All types,2025-Q1,646,41.5,37
Children Act (Public),South East,All types,2025-Q2,636,37.6,33.6
Children Act (Public),South East,All types,2025-Q3,604,37.7,34.1
Children Act (Public),South East,All types,2025-Q4,620,39.2,34.9
Children Act (Public),South West,1 Both,2011-Q1,212,48.5,47.3
Children Act (Public),South West,1 Both,2011-Q2,221,53.1,49.9
Children Act (Public),South West,1 Both,2011-Q3,228,46.6,44
Children Act (Public),South West,1 Both,2011-Q4,250,53,45.2
Children Act (Public),South West,1 Both,2012-Q1,231,48.2,45.9
Children Act (Public),South West,1 Both,2012-Q2,260,45.8,42.8
Children Act (Public),South West,1 Both,2012-Q3,312,43.2,38.8
Children Act (Public),South West,1 Both,2012-Q4,333,43.6,39.4
Children Act (Public),South West,1 Both,2013-Q1,333,38.3,33
Children Act (Public),South West,1 Both,2013-Q2,406,35.9,31.7
Children Act (Public),South West,1 Both,2013-Q3,424,30.9,26
Children Act (Public),South West,1 Both,2013-Q4,331,30.8,25.6
Children Act (Public),South West,1 Both,2014-Q1,289,27.4,24
Children Act (Public),South West,1 Both,2014-Q2,321,25.1,23.4
Children Act (Public),South West,1 Both,2014-Q3,278,24.5,23
Children Act (Public),South West,1 Both,2014-Q4,262,24.7,22.5
Children Act (Public),South West,1 Both,2015-Q1,324,25.3,23.8
Children Act (Public),South West,1 Both,2015-Q2,310,27.5,24.8
Children Act (Public),South West,1 Both,2015-Q3,372,26.2,23.7
Children Act (Public),South West,1 Both,2015-Q4,361,27.3,24.6
Children Act (Public),South West,1 Both,2016-Q1,359,26.3,24
Children Act (Public),South West,1 Both,2016-Q2,376,24.3,23.7
Children Act (Public),South West,1 Both,2016-Q3,391,25,23.9
Children Act (Public),South West,1 Both,2016-Q4,388,26.7,23.9
Children Act (Public),South West,1 Both,2017-Q1,364,27,24.9
Children Act (Public),South West,1 Both,2017-Q2,333,27.1,24.1
Children Act (Public),South West,1 Both,2017-Q3,305,25.9,23.9
Children Act (Public),South West,1 Both,2017-Q4,374,26.5,23.9
Children Act (Public),South West,1 Both,2018-Q1,327,24.8,23.3
Children Act (Public),South West,1 Both,2018-Q2,349,27.1,24.9
Children Act (Public),South West,1 Both,2018-Q3,352,26.6,24.4
Children Act (Public),South West,1 Both,2018-Q4,391,26.8,23.9
Children Act (Public),South West,1 Both,2019-Q1,341,29.9,25.9
Children Act (Public),South West,1 Both,2019-Q2,361,27.8,25.1
Children Act (Public),South West,1 Both,2019-Q3,347,30.5,25.9
Children Act (Public),South West,1 Both,2019-Q4,355,31.7,25.9
Children Act (Public),South West,1 Both,2020-Q1,335,29.9,27.1
Children Act (Public),South West,1 Both,2020-Q2,265,30.8,26.9
Children Act (Public),South West,1 Both,2020-Q3,340,32.8,28.5
Children Act (Public),South West,1 Both,2020-Q4,387,35.4,30.4
Children Act (Public),South West,1 Both,2021-Q1,363,36.8,32.7
Children Act (Public),South West,1 Both,2021-Q2,334,35.7,32
Children Act (Public),South West,1 Both,2021-Q3,319,35.6,30.1
Children Act (Public),South West,1 Both,2021-Q4,323,34,29.9
Children Act (Public),South West,1 Both,2022-Q1,314,34.9,31.5
Children Act (Public),South West,1 Both,2022-Q2,373,33.5,29.6
Children Act (Public),South West,1 Both,2022-Q3,376,33.5,31
Children Act (Public),South West,1 Both,2022-Q4,397,32.9,29.4
Children Act (Public),South West,1 Both,2023-Q1,430,36.2,32.3
Children Act (Public),South West,1 Both,2023-Q2,392,36.3,30.1
Children Act (Public),South West,1 Both,2023-Q3,426,33.4,29.4
Children Act (Public),South West,1 Both,2023-Q4,369,34.5,30.9
Children Act (Public),South West,1 Both,2024-Q1,417,35.6,30.3
Children Act (Public),South West,1 Both,2024-Q2,378,35.9,32.1
Children Act (Public),South West,1 Both,2024-Q3,399,35.1,30.7
Children Act (Public),South West,1 Both,2024-Q4,377,33,27.7
Children Act (Public),South West,1 Both,2025-Q1,400,35.7,30.4
Children Act (Public),South West,1 Both,2025-Q2,373,34.1,30.3
Children Act (Public),South West,1 Both,2025-Q3,383,31.3,28.6
Children Act (Public),South West,1 Both,2025-Q4,389,34.5,29.4
Children Act (Public),South West,2 Applicant Only,2011-Q1,39,14.8,3.1
Children Act (Public),South West,2 Applicant Only,2011-Q2,39,9.8,1.1
Children Act (Public),South West,2 Applicant Only,2011-Q3,53,14.5,5.6
Children Act (Public),South West,2 Applicant Only,2011-Q4,50,14.9,5.1
Children Act (Public),South West,2 Applicant Only,2012-Q1,50,12.7,2
Children Act (Public),South West,2 Applicant Only,2012-Q2,61,10.7,2
Children Act (Public),South West,2 Applicant Only,2012-Q3,49,13.7,2.6
Children Act (Public),South West,2 Applicant Only,2012-Q4,68,11.3,2.4
Children Act (Public),South West,2 Applicant Only,2013-Q1,62,11.6,3
Children Act (Public),South West,2 Applicant Only,2013-Q2,61,12,3
Children Act (Public),South West,2 Applicant Only,2013-Q3,73,9.8,3.3
Children Act (Public),South West,2 Applicant Only,2013-Q4,75,8,3
Children Act (Public),South West,2 Applicant Only,2014-Q1,66,6.8,1.8
Children Act (Public),South West,2 Applicant Only,2014-Q2,44,9.8,3.3
Children Act (Public),South West,2 Applicant Only,2014-Q3,50,8.1,3
Children Act (Public),South West,2 Applicant Only,2014-Q4,39,11.1,6
Children Act (Public),South West,2 Applicant Only,2015-Q1,51,15.5,4.9
Children Act (Public),South West,2 Applicant Only,2015-Q2,54,20.3,7.7
Children Act (Public),South West,2 Applicant Only,2015-Q3,43,11.7,6.3
Children Act (Public),South West,2 Applicant Only,2015-Q4,30,12.9,10.2
Children Act (Public),South West,2 Applicant Only,2016-Q1,50,12.7,7.2
Children Act (Public),South West,2 Applicant Only,2016-Q2,39,10.8,6.6
Children Act (Public),South West,2 Applicant Only,2016-Q3,57,10.5,5.1
Children Act (Public),South West,2 Applicant Only,2016-Q4,63,11,7.9
Children Act (Public),South West,2 Applicant Only,2017-Q1,67,10.3,5.7
Children Act (Public),South West,2 Applicant Only,2017-Q2,54,10.9,7
Children Act (Public),South West,2 Applicant Only,2017-Q3,55,8.6,5.7
Children Act (Public),South West,2 Applicant Only,2017-Q4,46,8.2,6.5
Children Act (Public),South West,2 Applicant Only,2018-Q1,42,12.1,7.7
Children Act (Public),South West,2 Applicant Only,2018-Q2,54,9.6,7.1
Children Act (Public),South West,2 Applicant Only,2018-Q3,67,10.7,6.1
Children Act (Public),South West,2 Applicant Only,2018-Q4,44,10.7,7.2
Children Act (Public),South West,2 Applicant Only,2019-Q1,66,10.8,8.4
Children Act (Public),South West,2 Applicant Only,2019-Q2,77,11,7.7
Children Act (Public),South West,2 Applicant Only,2019-Q3,61,9.7,7.9
Children Act (Public),South West,2 Applicant Only,2019-Q4,57,14.7,8.4
Children Act (Public),South West,2 Applicant Only,2020-Q1,44,10.1,7.7
Children Act (Public),South West,2 Applicant Only,2020-Q2,44,10.9,6.6
Children Act (Public),South West,2 Applicant Only,2020-Q3,69,12.3,9
Children Act (Public),South West,2 Applicant Only,2020-Q4,62,13.1,11.4
Children Act (Public),South West,2 Applicant Only,2021-Q1,63,13.3,7.1
Children Act (Public),South West,2 Applicant Only,2021-Q2,73,10.4,7.3
Children Act (Public),South West,2 Applicant Only,2021-Q3,49,14.3,6.7
Children Act (Public),South West,2 Applicant Only,2021-Q4,79,10.3,6.3
Children Act (Public),South West,2 Applicant Only,2022-Q1,50,12.5,8.2
Children Act (Public),South West,2 Applicant Only,2022-Q2,63,15.3,9.6
Children Act (Public),South West,2 Applicant Only,2022-Q3,49,15.2,10.7
Children Act (Public),South West,2 Applicant Only,2022-Q4,60,12.2,7.6
Children Act (Public),South West,2 Applicant Only,2023-Q1,62,11.7,7
Children Act (Public),South West,2 Applicant Only,2023-Q2,57,9.7,8
Children Act (Public),South West,2 Applicant Only,2023-Q3,49,12.6,7.1
Children Act (Public),South West,2 Applicant Only,2023-Q4,48,7.8,7
Children Act (Public),South West,2 Applicant Only,2024-Q1,59,11.2,8
Children Act (Public),South West,2 Applicant Only,2024-Q2,58,9.3,7.8
Children Act (Public),South West,2 Applicant Only,2024-Q3,62,9.1,5.3
Children Act (Public),South West,2 Applicant Only,2024-Q4,54,11.2,8
Children Act (Public),South West,2 Applicant Only,2025-Q1,55,11.1,7.9
Children Act (Public),South West,2 Applicant Only,2025-Q2,66,12.2,7
Children Act (Public),South West,2 Applicant Only,2025-Q3,69,11.2,8.7
Children Act (Public),South West,2 Applicant Only,2025-Q4,60,9.1,6.5
Children Act (Public),South West,3 Respondent Only,2011-Q1,8,43.4,45.5
Children Act (Public),South West,3 Respondent Only,2011-Q2,10,42.1,40.4
Children Act (Public),South West,3 Respondent Only,2011-Q3,8,53.3,50.5
Children Act (Public),South West,3 Respondent Only,2011-Q4,15,44.3,38.6
Children Act (Public),South West,3 Respondent Only,2012-Q1,7,46.3,54.1
Children Act (Public),South West,3 Respondent Only,2012-Q2,5,56.3,59
Children Act (Public),South West,3 Respondent Only,2012-Q3,11,44,45.4
Children Act (Public),South West,3 Respondent Only,2012-Q4,14,57.4,55.3
Children Act (Public),South West,3 Respondent Only,2013-Q1,7,63.2,72.4
Children Act (Public),South West,3 Respondent Only,2013-Q2,16,41.8,35
Children Act (Public),South West,3 Respondent Only,2013-Q3,17,46.6,36.7
Children Act (Public),South West,3 Respondent Only,2013-Q4,12,49.9,41.5
Children Act (Public),South West,3 Respondent Only,2014-Q1,9,29.9,26.6
Children Act (Public),South West,3 Respondent Only,2014-Q2,9,22.3,22.3
Children Act (Public),South West,3 Respondent Only,2014-Q3,13,24.9,25
Children Act (Public),South West,3 Respondent Only,2014-Q4,5,47,36.6
Children Act (Public),South West,3 Respondent Only,2015-Q1,4,77.9,40
Children Act (Public),South West,3 Respondent Only,2015-Q2,2,45.8,45.8
Children Act (Public),South West,3 Respondent Only,2015-Q3,4,43.5,24.2
Children Act (Public),South West,3 Respondent Only,2015-Q4,3,19.5,20.3
Children Act (Public),South West,3 Respondent Only,2016-Q1,6,21.7,20.6
Children Act (Public),South West,3 Respondent Only,2016-Q2,14,19.1,21.2
Children Act (Public),South West,3 Respondent Only,2016-Q3,13,22.9,21.9
Children Act (Public),South West,3 Respondent Only,2016-Q4,13,28.3,25.7
Children Act (Public),South West,3 Respondent Only,2017-Q1,14,28,25.9
Children Act (Public),South West,3 Respondent Only,2017-Q2,11,27.1,24.1
Children Act (Public),South West,3 Respondent Only,2017-Q3,8,38.5,27
Children Act (Public),South West,3 Respondent Only,2017-Q4,4,26.4,22.9
Children Act (Public),South West,3 Respondent Only,2018-Q1,9,33.6,38.1
Children Act (Public),South West,3 Respondent Only,2018-Q2,6,24.8,22.7
Children Act (Public),South West,3 Respondent Only,2018-Q3,2,55.2,55.2
Children Act (Public),South West,3 Respondent Only,2018-Q4,5,25,21.4
Children Act (Public),South West,3 Respondent Only,2019-Q1,4,20.8,23
Children Act (Public),South West,3 Respondent Only,2019-Q2,1,24.6,24.6
Children Act (Public),South West,3 Respondent Only,2019-Q3,4,33.2,30.6
Children Act (Public),South West,3 Respondent Only,2019-Q4,1,8.3,8.3
Children Act (Public),South West,3 Respondent Only,2020-Q1,2,12.7,12.7
Children Act (Public),South West,3 Respondent Only,2020-Q3,1,39.9,39.9
Children Act (Public),South West,3 Respondent Only,2021-Q1,5,32.4,25
Children Act (Public),South West,3 Respondent Only,2021-Q2,4,23.4,24.6
Children Act (Public),South West,3 Respondent Only,2021-Q3,2,43,43
Children Act (Public),South West,3 Respondent Only,2022-Q1,1,56,56
Children Act (Public),South West,3 Respondent Only,2022-Q3,1,60,60
Children Act (Public),South West,3 Respondent Only,2022-Q4,1,108.6,108.6
Children Act (Public),South West,3 Respondent Only,2024-Q3,1,17.9,17.9
Children Act (Public),South West,3 Respondent Only,2024-Q4,1,14.1,14.1
Children Act (Public),South West,4 Neither,2011-Q1,4,29.8,22.8
Children Act (Public),South West,4 Neither,2011-Q2,7,14.6,3.9
Children Act (Public),South West,4 Neither,2011-Q3,4,8.2,7.2
Children Act (Public),South West,4 Neither,2011-Q4,3,11.5,9.7
Children Act (Public),South West,4 Neither,2012-Q2,4,15.9,10.7
Children Act (Public),South West,4 Neither,2012-Q3,3,20.1,0.7
Children Act (Public),South West,4 Neither,2012-Q4,3,9.7,0.4
Children Act (Public),South West,4 Neither,2013-Q1,4,22.3,23.5
Children Act (Public),South West,4 Neither,2013-Q2,2,7.2,7.2
Children Act (Public),South West,4 Neither,2013-Q3,2,33.6,33.6
Children Act (Public),South West,4 Neither,2013-Q4,6,14.2,4.9
Children Act (Public),South West,4 Neither,2014-Q1,2,0,0
Children Act (Public),South West,4 Neither,2014-Q2,4,7.5,6.5
Children Act (Public),South West,4 Neither,2014-Q3,5,8,4.3
Children Act (Public),South West,4 Neither,2014-Q4,1,33.9,33.9
Children Act (Public),South West,4 Neither,2015-Q1,5,4.5,3
Children Act (Public),South West,4 Neither,2015-Q2,2,44.5,44.5
Children Act (Public),South West,4 Neither,2015-Q3,2,4.5,4.5
Children Act (Public),South West,4 Neither,2016-Q1,3,6.7,5.4
Children Act (Public),South West,4 Neither,2016-Q2,1,3.3,3.3
Children Act (Public),South West,4 Neither,2016-Q3,3,17,0.6
Children Act (Public),South West,4 Neither,2016-Q4,6,32,15.8
Children Act (Public),South West,4 Neither,2017-Q1,5,6,6.1
Children Act (Public),South West,4 Neither,2017-Q2,5,6.8,5.3
Children Act (Public),South West,4 Neither,2017-Q3,4,7.3,8.3
Children Act (Public),South West,4 Neither,2017-Q4,3,41.5,24
Children Act (Public),South West,4 Neither,2018-Q1,3,35.6,13.6
Children Act (Public),South West,4 Neither,2018-Q2,3,11.4,8.1
Children Act (Public),South West,4 Neither,2018-Q3,1,18.9,18.9
Children Act (Public),South West,4 Neither,2018-Q4,2,16.1,16.1
Children Act (Public),South West,4 Neither,2019-Q1,5,19,21
Children Act (Public),South West,4 Neither,2019-Q2,1,5,5
Children Act (Public),South West,4 Neither,2019-Q3,3,7.3,5
Children Act (Public),South West,4 Neither,2019-Q4,2,9.4,9.4
Children Act (Public),South West,4 Neither,2020-Q1,3,5.8,5.9
Children Act (Public),South West,4 Neither,2020-Q2,2,14.9,14.9
Children Act (Public),South West,4 Neither,2020-Q3,3,18,18.7
Children Act (Public),South West,4 Neither,2020-Q4,4,21.1,8.6
Children Act (Public),South West,4 Neither,2021-Q2,2,22.7,22.7
Children Act (Public),South West,4 Neither,2021-Q3,1,1.6,1.6
Children Act (Public),South West,4 Neither,2021-Q4,4,35.9,10.9
Children Act (Public),South West,4 Neither,2022-Q1,6,26.6,19.2
Children Act (Public),South West,4 Neither,2022-Q2,1,13.4,13.4
Children Act (Public),South West,4 Neither,2022-Q3,2,40.2,40.2
Children Act (Public),South West,4 Neither,2023-Q1,2,15.1,15.1
Children Act (Public),South West,4 Neither,2023-Q3,2,6.4,6.4
Children Act (Public),South West,4 Neither,2023-Q4,9,12.6,9
Children Act (Public),South West,4 Neither,2024-Q1,7,8.5,4.4
Children Act (Public),South West,4 Neither,2024-Q2,6,8.7,5.6
Children Act (Public),South West,4 Neither,2024-Q3,5,5.2,6.9
Children Act (Public),South West,4 Neither,2024-Q4,2,25.4,25.4
Children Act (Public),South West,4 Neither,2025-Q1,7,25.7,8.4
Children Act (Public),South West,4 Neither,2025-Q2,1,22.1,22.1
Children Act (Public),South West,4 Neither,2025-Q3,4,7,6
Children Act (Public),South West,All types,2011-Q1,263,43,41.9
Children Act (Public),South West,All types,2011-Q2,277,45.6,43.3
Children Act (Public),South West,All types,2011-Q3,293,40.5,39.4
Children Act (Public),South West,All types,2011-Q4,318,46.2,40.5
Children Act (Public),South West,All types,2012-Q1,288,42,40.1
Children Act (Public),South West,All types,2012-Q2,330,39.1,39
Children Act (Public),South West,All types,2012-Q3,375,39.2,34.9
Children Act (Public),South West,All types,2012-Q4,418,38.6,35.1
Children Act (Public),South West,All types,2013-Q1,406,34.5,30.7
Children Act (Public),South West,All types,2013-Q2,485,33,29.6
Children Act (Public),South West,All types,2013-Q3,516,28.4,25.1
Children Act (Public),South West,All types,2013-Q4,424,27.1,23.7
Children Act (Public),South West,All types,2014-Q1,366,23.6,22.6
Children Act (Public),South West,All types,2014-Q2,378,23.1,22.6
Children Act (Public),South West,All types,2014-Q3,346,21.9,21.7
Children Act (Public),South West,All types,2014-Q4,307,23.4,21.9
Children Act (Public),South West,All types,2015-Q1,384,24.3,22.9
Children Act (Public),South West,All types,2015-Q2,368,26.6,23.9
Children Act (Public),South West,All types,2015-Q3,421,24.8,23.3
Children Act (Public),South West,All types,2015-Q4,394,26.1,24.3
Children Act (Public),South West,All types,2016-Q1,418,24.5,23.3
Children Act (Public),South West,All types,2016-Q2,430,22.9,23.1
Children Act (Public),South West,All types,2016-Q3,464,23.1,22.6
Children Act (Public),South West,All types,2016-Q4,470,24.7,23.1
Children Act (Public),South West,All types,2017-Q1,450,24.3,23.9
Children Act (Public),South West,All types,2017-Q2,403,24.6,23.1
Children Act (Public),South West,All types,2017-Q3,372,23.4,22.5
Children Act (Public),South West,All types,2017-Q4,427,24.7,22.9
Children Act (Public),South West,All types,2018-Q1,381,23.7,22.6
Children Act (Public),South West,All types,2018-Q2,412,24.7,23.7
Children Act (Public),South West,All types,2018-Q3,422,24.2,23.2
Children Act (Public),South West,All types,2018-Q4,442,25.1,22.9
Children Act (Public),South West,All types,2019-Q1,416,26.7,24.4
Children Act (Public),South West,All types,2019-Q2,440,24.8,23.5
Children Act (Public),South West,All types,2019-Q3,415,27.3,24.1
Children Act (Public),South West,All types,2019-Q4,415,29.2,24.7
Children Act (Public),South West,All types,2020-Q1,384,27.4,24.7
Children Act (Public),South West,All types,2020-Q2,311,27.9,25.3
Children Act (Public),South West,All types,2020-Q3,413,29.3,25.7
Children Act (Public),South West,All types,2020-Q4,453,32.2,25.6
Children Act (Public),South West,All types,2021-Q1,431,33.3,29.6
Children Act (Public),South West,All types,2021-Q2,413,31,27
Children Act (Public),South West,All types,2021-Q3,371,32.8,27.1
Children Act (Public),South West,All types,2021-Q4,406,29.4,26
Children Act (Public),South West,All types,2022-Q1,371,31.8,28.4
Children Act (Public),South West,All types,2022-Q2,437,30.9,27.3
Children Act (Public),South West,All types,2022-Q3,428,31.5,29.4
Children Act (Public),South West,All types,2022-Q4,458,30.4,27
Children Act (Public),South West,All types,2023-Q1,494,33.1,30.1
Children Act (Public),South West,All types,2023-Q2,449,32.9,28.4
Children Act (Public),South West,All types,2023-Q3,477,31.1,27.6
Children Act (Public),South West,All types,2023-Q4,426,31,27.4
Children Act (Public),South West,All types,2024-Q1,483,32.2,27.3
Children Act (Public),South West,All types,2024-Q2,442,32.1,27.8
Children Act (Public),South West,All types,2024-Q3,467,31.3,27
Children Act (Public),South West,All types,2024-Q4,434,30.3,25.2
Children Act (Public),South West,All types,2025-Q1,462,32.6,28
Children Act (Public),South West,All types,2025-Q2,440,30.7,27.8
Children Act (Public),South West,All types,2025-Q3,456,28,26
Children Act (Public),South West,All types,2025-Q4,449,31.1,26.6
Children Act (Public),Wales,1 Both,2011-Q1,145,51.6,48.9
Children Act (Public),Wales,1 Both,2011-Q2,146,53.8,51
Children Act (Public),Wales,1 Both,2011-Q3,162,55.5,50.7
Children Act (Public),Wales,1 Both,2011-Q4,156,55.3,51.9
Children Act (Public),Wales,1 Both,2012-Q1,167,50.4,47.4
Children Act (Public),Wales,1 Both,2012-Q2,187,52.5,45.6
Children Act (Public),Wales,1 Both,2012-Q3,214,52.7,47.1
Children Act (Public),Wales,1 Both,2012-Q4,228,43.9,39.8
Children Act (Public),Wales,1 Both,2013-Q1,208,44.6,36.7
Children Act (Public),Wales,1 Both,2013-Q2,234,38.5,30.4
Children Act (Public),Wales,1 Both,2013-Q3,218,34.2,26.1
Children Act (Public),Wales,1 Both,2013-Q4,194,30.3,25.1
Children Act (Public),Wales,1 Both,2014-Q1,163,27.3,24.4
Children Act (Public),Wales,1 Both,2014-Q2,147,25.7,24.1
Children Act (Public),Wales,1 Both,2014-Q3,181,27.2,24.3
Children Act (Public),Wales,1 Both,2014-Q4,187,23.1,23.4
Children Act (Public),Wales,1 Both,2015-Q1,197,25.4,24.1
Children Act (Public),Wales,1 Both,2015-Q2,159,23.9,24
Children Act (Public),Wales,1 Both,2015-Q3,159,24.2,23.6
Children Act (Public),Wales,1 Both,2015-Q4,171,24.6,23.7
Children Act (Public),Wales,1 Both,2016-Q1,165,24.2,24
Children Act (Public),Wales,1 Both,2016-Q2,187,23.2,23.6
Children Act (Public),Wales,1 Both,2016-Q3,227,22.3,23.1
Children Act (Public),Wales,1 Both,2016-Q4,228,22.9,23.4
Children Act (Public),Wales,1 Both,2017-Q1,226,23.1,23.4
Children Act (Public),Wales,1 Both,2017-Q2,237,24.3,23.3
Children Act (Public),Wales,1 Both,2017-Q3,240,23.6,23.3
Children Act (Public),Wales,1 Both,2017-Q4,235,24.5,24
Children Act (Public),Wales,1 Both,2018-Q1,235,25,24.7
Children Act (Public),Wales,1 Both,2018-Q2,244,27.6,24.7
Children Act (Public),Wales,1 Both,2018-Q3,246,25.8,24.5
Children Act (Public),Wales,1 Both,2018-Q4,274,26.5,24.9
Children Act (Public),Wales,1 Both,2019-Q1,235,27.3,24.7
Children Act (Public),Wales,1 Both,2019-Q2,229,26.8,24.9
Children Act (Public),Wales,1 Both,2019-Q3,212,26.8,24.9
Children Act (Public),Wales,1 Both,2019-Q4,219,26,24.4
Children Act (Public),Wales,1 Both,2020-Q1,204,28.3,25.3
Children Act (Public),Wales,1 Both,2020-Q2,153,28.2,25.3
Children Act (Public),Wales,1 Both,2020-Q3,188,32,27.2
Children Act (Public),Wales,1 Both,2020-Q4,217,33.1,26.3
Children Act (Public),Wales,1 Both,2021-Q1,203,33.9,29
Children Act (Public),Wales,1 Both,2021-Q2,174,34.3,29.1
Children Act (Public),Wales,1 Both,2021-Q3,167,33.2,28.4
Children Act (Public),Wales,1 Both,2021-Q4,114,34.8,30.2
Children Act (Public),Wales,1 Both,2022-Q1,127,30.5,26.6
Children Act (Public),Wales,1 Both,2022-Q2,158,30.2,25.7
Children Act (Public),Wales,1 Both,2022-Q3,177,29.4,26
Children Act (Public),Wales,1 Both,2022-Q4,214,31.1,29
Children Act (Public),Wales,1 Both,2023-Q1,215,32.3,28.3
Children Act (Public),Wales,1 Both,2023-Q2,260,29.7,25.2
Children Act (Public),Wales,1 Both,2023-Q3,198,27.8,25.4
Children Act (Public),Wales,1 Both,2023-Q4,188,29,25.2
Children Act (Public),Wales,1 Both,2024-Q1,213,28.4,25.6
Children Act (Public),Wales,1 Both,2024-Q2,224,27.3,25
Children Act (Public),Wales,1 Both,2024-Q3,208,25.8,24.1
Children Act (Public),Wales,1 Both,2024-Q4,227,27.8,25
Children Act (Public),Wales,1 Both,2025-Q1,187,26.5,24.6
Children Act (Public),Wales,1 Both,2025-Q2,209,27.1,24
Children Act (Public),Wales,1 Both,2025-Q3,194,26.7,24.1
Children Act (Public),Wales,1 Both,2025-Q4,221,26.1,24.6
Children Act (Public),Wales,2 Applicant Only,2011-Q1,20,22.6,15.6
Children Act (Public),Wales,2 Applicant Only,2011-Q2,21,21.8,13
Children Act (Public),Wales,2 Applicant Only,2011-Q3,14,29.6,14.8
Children Act (Public),Wales,2 Applicant Only,2011-Q4,19,27,17
Children Act (Public),Wales,2 Applicant Only,2012-Q1,22,19,8.5
Children Act (Public),Wales,2 Applicant Only,2012-Q2,26,17.7,8.9
Children Act (Public),Wales,2 Applicant Only,2012-Q3,33,30.7,13.9
Children Act (Public),Wales,2 Applicant Only,2012-Q4,38,22.4,13.9
Children Act (Public),Wales,2 Applicant Only,2013-Q1,25,17.5,8.9
Children Act (Public),Wales,2 Applicant Only,2013-Q2,34,21.1,11
Children Act (Public),Wales,2 Applicant Only,2013-Q3,32,14.3,13.1
Children Act (Public),Wales,2 Applicant Only,2013-Q4,27,11,11.3
Children Act (Public),Wales,2 Applicant Only,2014-Q1,24,9.4,6
Children Act (Public),Wales,2 Applicant Only,2014-Q2,18,31.3,12.6
Children Act (Public),Wales,2 Applicant Only,2014-Q3,33,18.6,10.9
Children Act (Public),Wales,2 Applicant Only,2014-Q4,32,13.9,11.5
Children Act (Public),Wales,2 Applicant Only,2015-Q1,35,11.7,12
Children Act (Public),Wales,2 Applicant Only,2015-Q2,33,17.9,13
Children Act (Public),Wales,2 Applicant Only,2015-Q3,31,11.2,11.4
Children Act (Public),Wales,2 Applicant Only,2015-Q4,36,16.4,14.2
Children Act (Public),Wales,2 Applicant Only,2016-Q1,35,13,10.4
Children Act (Public),Wales,2 Applicant Only,2016-Q2,41,12.5,12.9
Children Act (Public),Wales,2 Applicant Only,2016-Q3,34,16.9,15.7
Children Act (Public),Wales,2 Applicant Only,2016-Q4,41,11.9,10.1
Children Act (Public),Wales,2 Applicant Only,2017-Q1,47,13.2,14
Children Act (Public),Wales,2 Applicant Only,2017-Q2,48,10.3,8.8
Children Act (Public),Wales,2 Applicant Only,2017-Q3,44,14.9,13.9
Children Act (Public),Wales,2 Applicant Only,2017-Q4,39,14.9,12.4
Children Act (Public),Wales,2 Applicant Only,2018-Q1,54,14.4,14.1
Children Act (Public),Wales,2 Applicant Only,2018-Q2,33,16.6,14.4
Children Act (Public),Wales,2 Applicant Only,2018-Q3,35,10.6,9
Children Act (Public),Wales,2 Applicant Only,2018-Q4,41,14.3,11.6
Children Act (Public),Wales,2 Applicant Only,2019-Q1,57,13.2,9.1
Children Act (Public),Wales,2 Applicant Only,2019-Q2,50,14.3,14.1
Children Act (Public),Wales,2 Applicant Only,2019-Q3,46,11.5,9.9
Children Act (Public),Wales,2 Applicant Only,2019-Q4,44,13.9,12.5
Children Act (Public),Wales,2 Applicant Only,2020-Q1,35,12.2,11.6
Children Act (Public),Wales,2 Applicant Only,2020-Q2,33,13.8,11.1
Children Act (Public),Wales,2 Applicant Only,2020-Q3,44,12.9,8
Children Act (Public),Wales,2 Applicant Only,2020-Q4,58,19.6,15.5
Children Act (Public),Wales,2 Applicant Only,2021-Q1,68,13.9,11.7
Children Act (Public),Wales,2 Applicant Only,2021-Q2,52,11.6,7.6
Children Act (Public),Wales,2 Applicant Only,2021-Q3,50,15.6,12
Children Act (Public),Wales,2 Applicant Only,2021-Q4,42,13.8,8.5
Children Act (Public),Wales,2 Applicant Only,2022-Q1,55,13.5,9.6
Children Act (Public),Wales,2 Applicant Only,2022-Q2,53,17.8,11.9
Children Act (Public),Wales,2 Applicant Only,2022-Q3,43,15.2,10.7
Children Act (Public),Wales,2 Applicant Only,2022-Q4,41,19.5,15.9
Children Act (Public),Wales,2 Applicant Only,2023-Q1,47,15.2,11
Children Act (Public),Wales,2 Applicant Only,2023-Q2,55,15.5,10
Children Act (Public),Wales,2 Applicant Only,2023-Q3,49,11.6,8.1
Children Act (Public),Wales,2 Applicant Only,2023-Q4,38,14.2,10.2
Children Act (Public),Wales,2 Applicant Only,2024-Q1,31,14.3,10
Children Act (Public),Wales,2 Applicant Only,2024-Q2,51,9.8,8.7
Children Act (Public),Wales,2 Applicant Only,2024-Q3,52,12.3,8.7
Children Act (Public),Wales,2 Applicant Only,2024-Q4,47,11.9,9.1
Children Act (Public),Wales,2 Applicant Only,2025-Q1,43,10.4,8.4
Children Act (Public),Wales,2 Applicant Only,2025-Q2,57,9.9,8.3
Children Act (Public),Wales,2 Applicant Only,2025-Q3,48,10.4,9
Children Act (Public),Wales,2 Applicant Only,2025-Q4,49,10.1,8.6
Children Act (Public),Wales,3 Respondent Only,2011-Q1,8,43.8,31.9
Children Act (Public),Wales,3 Respondent Only,2011-Q2,15,48.9,36.9
Children Act (Public),Wales,3 Respondent Only,2011-Q3,9,45.2,46.9
Children Act (Public),Wales,3 Respondent Only,2011-Q4,16,60.9,62.9
Children Act (Public),Wales,3 Respondent Only,2012-Q1,10,53.1,54.3
Children Act (Public),Wales,3 Respondent Only,2012-Q2,8,49.7,52.5
Children Act (Public),Wales,3 Respondent Only,2012-Q3,20,61.6,58.9
Children Act (Public),Wales,3 Respondent Only,2012-Q4,11,35.1,34.6
Children Act (Public),Wales,3 Respondent Only,2013-Q1,12,33.8,27.8
Children Act (Public),Wales,3 Respondent Only,2013-Q2,15,40.3,39.6
Children Act (Public),Wales,3 Respondent Only,2013-Q3,14,31.8,25.9
Children Act (Public),Wales,3 Respondent Only,2013-Q4,8,29.3,27.9
Children Act (Public),Wales,3 Respondent Only,2014-Q1,10,20.2,22.5
Children Act (Public),Wales,3 Respondent Only,2014-Q2,11,20,17.1
Children Act (Public),Wales,3 Respondent Only,2014-Q3,7,31.9,23.4
Children Act (Public),Wales,3 Respondent Only,2014-Q4,4,15.2,14
Children Act (Public),Wales,3 Respondent Only,2015-Q1,8,21.4,19.8
Children Act (Public),Wales,3 Respondent Only,2015-Q2,15,22.2,21.9
Children Act (Public),Wales,3 Respondent Only,2015-Q3,21,25.7,24.9
Children Act (Public),Wales,3 Respondent Only,2015-Q4,22,25.4,25.6
Children Act (Public),Wales,3 Respondent Only,2016-Q1,20,31.9,25.6
Children Act (Public),Wales,3 Respondent Only,2016-Q2,28,30,25
Children Act (Public),Wales,3 Respondent Only,2016-Q3,11,30.3,29.6
Children Act (Public),Wales,3 Respondent Only,2016-Q4,19,30.8,25.4
Children Act (Public),Wales,3 Respondent Only,2017-Q1,9,34.6,33.6
Children Act (Public),Wales,3 Respondent Only,2017-Q2,6,27.8,21
Children Act (Public),Wales,3 Respondent Only,2017-Q3,4,31.9,25.5
Children Act (Public),Wales,3 Respondent Only,2017-Q4,4,14.1,14.9
Children Act (Public),Wales,3 Respondent Only,2018-Q1,3,20.5,22.3
Children Act (Public),Wales,3 Respondent Only,2018-Q2,4,25.4,24.1
Children Act (Public),Wales,3 Respondent Only,2018-Q3,5,21.4,23
Children Act (Public),Wales,3 Respondent Only,2018-Q4,3,35.4,33.6
Children Act (Public),Wales,3 Respondent Only,2019-Q1,2,20,20
Children Act (Public),Wales,3 Respondent Only,2019-Q2,6,11.6,10.2
Children Act (Public),Wales,3 Respondent Only,2019-Q3,1,22.3,22.3
Children Act (Public),Wales,3 Respondent Only,2019-Q4,5,30.7,25.4
Children Act (Public),Wales,3 Respondent Only,2020-Q1,3,15.8,11.1
Children Act (Public),Wales,3 Respondent Only,2020-Q2,9,27.5,25.6
Children Act (Public),Wales,3 Respondent Only,2020-Q3,4,29.8,31.1
Children Act (Public),Wales,3 Respondent Only,2020-Q4,6,27.8,26.5
Children Act (Public),Wales,3 Respondent Only,2021-Q1,7,81.8,24.1
Children Act (Public),Wales,3 Respondent Only,2021-Q2,4,43,36.4
Children Act (Public),Wales,3 Respondent Only,2021-Q3,2,37.8,37.8
Children Act (Public),Wales,3 Respondent Only,2021-Q4,6,29.9,29.6
Children Act (Public),Wales,3 Respondent Only,2022-Q1,5,29.1,29.6
Children Act (Public),Wales,3 Respondent Only,2022-Q2,2,36.4,36.4
Children Act (Public),Wales,3 Respondent Only,2022-Q3,1,66.4,66.4
Children Act (Public),Wales,3 Respondent Only,2022-Q4,1,0.6,0.6
Children Act (Public),Wales,3 Respondent Only,2023-Q1,1,23.6,23.6
Children Act (Public),Wales,3 Respondent Only,2023-Q2,1,131.1,131.1
Children Act (Public),Wales,3 Respondent Only,2023-Q3,2,18.2,18.2
Children Act (Public),Wales,3 Respondent Only,2023-Q4,1,14.1,14.1
Children Act (Public),Wales,3 Respondent Only,2024-Q1,1,17,17
Children Act (Public),Wales,3 Respondent Only,2024-Q3,1,41.9,41.9
Children Act (Public),Wales,3 Respondent Only,2025-Q1,1,14.9,14.9
Children Act (Public),Wales,3 Respondent Only,2025-Q3,1,1.9,1.9
Children Act (Public),Wales,3 Respondent Only,2025-Q4,1,5.9,5.9
Children Act (Public),Wales,4 Neither,2011-Q1,4,14.7,14.9
Children Act (Public),Wales,4 Neither,2011-Q3,2,18.2,18.2
Children Act (Public),Wales,4 Neither,2011-Q4,5,5.8,0.7
Children Act (Public),Wales,4 Neither,2012-Q1,4,17.9,0.4
Children Act (Public),Wales,4 Neither,2012-Q2,2,5.8,5.8
Children Act (Public),Wales,4 Neither,2012-Q3,3,2,2
Children Act (Public),Wales,4 Neither,2013-Q1,3,42.7,4.4
Children Act (Public),Wales,4 Neither,2013-Q2,2,112.2,112.2
Children Act (Public),Wales,4 Neither,2013-Q3,1,26.9,26.9
Children Act (Public),Wales,4 Neither,2013-Q4,4,5.7,4.8
Children Act (Public),Wales,4 Neither,2014-Q1,2,13.1,13.1
Children Act (Public),Wales,4 Neither,2014-Q2,2,17.3,17.3
Children Act (Public),Wales,4 Neither,2014-Q4,3,14.8,12.4
Children Act (Public),Wales,4 Neither,2015-Q1,6,13.5,13.3
Children Act (Public),Wales,4 Neither,2015-Q2,6,12.6,12.4
Children Act (Public),Wales,4 Neither,2015-Q3,3,31.5,36.1
Children Act (Public),Wales,4 Neither,2015-Q4,5,12.4,14
Children Act (Public),Wales,4 Neither,2016-Q1,3,19.1,12
Children Act (Public),Wales,4 Neither,2016-Q2,3,4.3,1.6
Children Act (Public),Wales,4 Neither,2016-Q3,5,12.4,14.7
Children Act (Public),Wales,4 Neither,2016-Q4,3,19.7,18.7
Children Act (Public),Wales,4 Neither,2017-Q1,6,15,15.7
Children Act (Public),Wales,4 Neither,2017-Q2,4,20.9,18.8
Children Act (Public),Wales,4 Neither,2017-Q3,1,27.4,27.4
Children Act (Public),Wales,4 Neither,2017-Q4,1,3.3,3.3
Children Act (Public),Wales,4 Neither,2018-Q1,3,10,13.1
Children Act (Public),Wales,4 Neither,2018-Q3,7,11.8,13
Children Act (Public),Wales,4 Neither,2018-Q4,3,23.4,24.7
Children Act (Public),Wales,4 Neither,2019-Q1,1,13.7,13.7
Children Act (Public),Wales,4 Neither,2019-Q2,6,10.7,10.4
Children Act (Public),Wales,4 Neither,2019-Q3,5,18.7,25.9
Children Act (Public),Wales,4 Neither,2019-Q4,7,25.5,24.9
Children Act (Public),Wales,4 Neither,2020-Q1,3,19.1,20
Children Act (Public),Wales,4 Neither,2020-Q2,1,1.9,1.9
Children Act (Public),Wales,4 Neither,2020-Q3,6,7.6,5.9
Children Act (Public),Wales,4 Neither,2020-Q4,4,15.6,4
Children Act (Public),Wales,4 Neither,2021-Q1,4,11.6,13.8
Children Act (Public),Wales,4 Neither,2021-Q2,5,12.8,9.1
Children Act (Public),Wales,4 Neither,2021-Q3,10,10.9,10.8
Children Act (Public),Wales,4 Neither,2021-Q4,10,11.7,7
Children Act (Public),Wales,4 Neither,2022-Q1,2,7.6,7.6
Children Act (Public),Wales,4 Neither,2022-Q2,2,19.2,19.2
Children Act (Public),Wales,4 Neither,2022-Q3,9,16.2,16
Children Act (Public),Wales,4 Neither,2022-Q4,5,23.2,20.7
Children Act (Public),Wales,4 Neither,2023-Q1,6,19.6,18
Children Act (Public),Wales,4 Neither,2023-Q2,7,10.7,6
Children Act (Public),Wales,4 Neither,2023-Q3,3,5.3,3.4
Children Act (Public),Wales,4 Neither,2023-Q4,5,33.2,27.4
Children Act (Public),Wales,4 Neither,2024-Q1,3,16.9,10.9
Children Act (Public),Wales,4 Neither,2024-Q2,7,18.5,15
Children Act (Public),Wales,4 Neither,2024-Q3,1,8.7,8.7
Children Act (Public),Wales,4 Neither,2024-Q4,4,20.5,19.1
Children Act (Public),Wales,4 Neither,2025-Q1,3,8.9,10
Children Act (Public),Wales,4 Neither,2025-Q2,1,7.4,7.4
Children Act (Public),Wales,4 Neither,2025-Q3,3,11.5,8.1
Children Act (Public),Wales,4 Neither,2025-Q4,2,14.9,14.9
Children Act (Public),Wales,All types,2011-Q1,177,47.2,45
Children Act (Public),Wales,All types,2011-Q2,182,49.7,45.9
Children Act (Public),Wales,All types,2011-Q3,187,52.6,49.7
Children Act (Public),Wales,All types,2011-Q4,196,51.8,49.1
Children Act (Public),Wales,All types,2012-Q1,203,46.5,45.3
Children Act (Public),Wales,All types,2012-Q2,223,47.9,43
Children Act (Public),Wales,All types,2012-Q3,270,50.1,44.1
Children Act (Public),Wales,All types,2012-Q4,277,40.6,36.9
Children Act (Public),Wales,All types,2013-Q1,248,41.3,34.3
Children Act (Public),Wales,All types,2013-Q2,285,37.1,29.4
Children Act (Public),Wales,All types,2013-Q3,265,31.6,25.4
Children Act (Public),Wales,All types,2013-Q4,233,27.6,24.6
Children Act (Public),Wales,All types,2014-Q1,199,24.7,23.7
Children Act (Public),Wales,All types,2014-Q2,178,25.8,23.8
Children Act (Public),Wales,All types,2014-Q3,221,26,24
Children Act (Public),Wales,All types,2014-Q4,226,21.6,22.4
Children Act (Public),Wales,All types,2015-Q1,246,23.1,23
Children Act (Public),Wales,All types,2015-Q2,213,22.5,22.4
Children Act (Public),Wales,All types,2015-Q3,214,22.6,23.1
Children Act (Public),Wales,All types,2015-Q4,234,23.2,23
Children Act (Public),Wales,All types,2016-Q1,223,23.1,23.3
Children Act (Public),Wales,All types,2016-Q2,259,22.1,22.1
Children Act (Public),Wales,All types,2016-Q3,277,21.8,22.4
Children Act (Public),Wales,All types,2016-Q4,291,21.9,23
Children Act (Public),Wales,All types,2017-Q1,288,21.7,22.5
Children Act (Public),Wales,All types,2017-Q2,295,22.1,22.3
Children Act (Public),Wales,All types,2017-Q3,289,22.4,22.9
Children Act (Public),Wales,All types,2017-Q4,279,22.9,23.4
Children Act (Public),Wales,All types,2018-Q1,295,22.9,23.9
Children Act (Public),Wales,All types,2018-Q2,281,26.2,24.1
Children Act (Public),Wales,All types,2018-Q3,293,23.5,23.9
Children Act (Public),Wales,All types,2018-Q4,321,25,24.1
Children Act (Public),Wales,All types,2019-Q1,295,24.5,24
Children Act (Public),Wales,All types,2019-Q2,291,24,23.9
Children Act (Public),Wales,All types,2019-Q3,264,24,24.2
Children Act (Public),Wales,All types,2019-Q4,275,24.1,24
Children Act (Public),Wales,All types,2020-Q1,245,25.7,24.9
Children Act (Public),Wales,All types,2020-Q2,196,25.6,24.9
Children Act (Public),Wales,All types,2020-Q3,242,27.9,25.7
Children Act (Public),Wales,All types,2020-Q4,285,30,25.4
Children Act (Public),Wales,All types,2021-Q1,282,30,25.5
Children Act (Public),Wales,All types,2021-Q2,235,29,26
Children Act (Public),Wales,All types,2021-Q3,229,28.5,25.7
Children Act (Public),Wales,All types,2021-Q4,172,28.2,25.1
Children Act (Public),Wales,All types,2022-Q1,189,25.2,24.4
Children Act (Public),Wales,All types,2022-Q2,215,27.1,24.9
Children Act (Public),Wales,All types,2022-Q3,230,26.4,25.2
Children Act (Public),Wales,All types,2022-Q4,261,29,26.1
Children Act (Public),Wales,All types,2023-Q1,269,29,26
Children Act (Public),Wales,All types,2023-Q2,323,27.2,24.6
Children Act (Public),Wales,All types,2023-Q3,252,24.3,23.1
Children Act (Public),Wales,All types,2023-Q4,232,26.6,24.5
Children Act (Public),Wales,All types,2024-Q1,248,26.4,25
Children Act (Public),Wales,All types,2024-Q2,282,23.9,23
Children Act (Public),Wales,All types,2024-Q3,262,23.2,22.5
Children Act (Public),Wales,All types,2024-Q4,278,25,23
Children Act (Public),Wales,All types,2025-Q1,234,23.3,22.4
Children Act (Public),Wales,All types,2025-Q2,267,23.3,21.9
Children Act (Public),Wales,All types,2025-Q3,246,23.3,22.1
Children Act (Public),Wales,All types,2025-Q4,273,23,22
Domestic Violence,England & Wales,1 Both,2011-Q1,661,0.3,0
Domestic Violence,England & Wales,1 Both,2011-Q2,711,0.9,0
Domestic Violence,England & Wales,1 Both,2011-Q3,681,0.7,0
Domestic Violence,England & Wales,1 Both,2011-Q4,623,1,0
Domestic Violence,England & Wales,1 Both,2012-Q1,640,1,0
Domestic Violence,England & Wales,1 Both,2012-Q2,596,1,0
Domestic Violence,England & Wales,1 Both,2012-Q3,601,1.3,0
Domestic Violence,England & Wales,1 Both,2012-Q4,547,1.1,0
Domestic Violence,England & Wales,1 Both,2013-Q1,592,1,0
Domestic Violence,England & Wales,1 Both,2013-Q2,427,1,0
Domestic Violence,England & Wales,1 Both,2013-Q3,459,0.6,0
Domestic Violence,England & Wales,1 Both,2013-Q4,414,1,0
Domestic Violence,England & Wales,1 Both,2014-Q1,477,1,0
Domestic Violence,England & Wales,1 Both,2014-Q2,417,1.1,0
Domestic Violence,England & Wales,1 Both,2014-Q3,432,1.3,0
Domestic Violence,England & Wales,1 Both,2014-Q4,450,0.7,0
Domestic Violence,England & Wales,1 Both,2015-Q1,421,1,0
Domestic Violence,England & Wales,1 Both,2015-Q2,381,1.3,0
Domestic Violence,England & Wales,1 Both,2015-Q3,428,1,0
Domestic Violence,England & Wales,1 Both,2015-Q4,419,0.6,0
Domestic Violence,England & Wales,1 Both,2016-Q1,444,0.9,0
Domestic Violence,England & Wales,1 Both,2016-Q2,442,0.9,0
Domestic Violence,England & Wales,1 Both,2016-Q3,418,0.6,0
Domestic Violence,England & Wales,1 Both,2016-Q4,394,1.4,0
Domestic Violence,England & Wales,1 Both,2017-Q1,424,1,0
Domestic Violence,England & Wales,1 Both,2017-Q2,447,1.1,0
Domestic Violence,England & Wales,1 Both,2017-Q3,445,0.9,0
Domestic Violence,England & Wales,1 Both,2017-Q4,403,1,0
Domestic Violence,England & Wales,1 Both,2018-Q1,392,1.1,0
Domestic Violence,England & Wales,1 Both,2018-Q2,382,0.9,0
Domestic Violence,England & Wales,1 Both,2018-Q3,426,0.7,0
Domestic Violence,England & Wales,1 Both,2018-Q4,391,0.7,0
Domestic Violence,England & Wales,1 Both,2019-Q1,432,0.7,0
Domestic Violence,England & Wales,1 Both,2019-Q2,441,1.1,0
Domestic Violence,England & Wales,1 Both,2019-Q3,451,0.7,0
Domestic Violence,England & Wales,1 Both,2019-Q4,431,0.9,0
Domestic Violence,England & Wales,1 Both,2020-Q1,538,0.7,0
Domestic Violence,England & Wales,1 Both,2020-Q2,710,0.6,0
Domestic Violence,England & Wales,1 Both,2020-Q3,823,0.6,0
Domestic Violence,England & Wales,1 Both,2020-Q4,744,0.6,0
Domestic Violence,England & Wales,1 Both,2021-Q1,779,0.9,0
Domestic Violence,England & Wales,1 Both,2021-Q2,698,0.7,0
Domestic Violence,England & Wales,1 Both,2021-Q3,716,1,0
Domestic Violence,England & Wales,1 Both,2021-Q4,638,1,0
Domestic Violence,England & Wales,1 Both,2022-Q1,685,1.1,0.1
Domestic Violence,England & Wales,1 Both,2022-Q2,619,2,0.1
Domestic Violence,England & Wales,1 Both,2022-Q3,605,1.1,0.1
Domestic Violence,England & Wales,1 Both,2022-Q4,629,1.6,0.1
Domestic Violence,England & Wales,1 Both,2023-Q1,637,1.6,0.1
Domestic Violence,England & Wales,1 Both,2023-Q2,567,1.4,0.1
Domestic Violence,England & Wales,1 Both,2023-Q3,639,1.3,0.1
Domestic Violence,England & Wales,1 Both,2023-Q4,518,1.1,0.1
Domestic Violence,England & Wales,1 Both,2024-Q1,575,1.1,0.1
Domestic Violence,England & Wales,1 Both,2024-Q2,598,1.3,0.1
Domestic Violence,England & Wales,1 Both,2024-Q3,573,1.1,0.1
Domestic Violence,England & Wales,1 Both,2024-Q4,540,2.3,0.3
Domestic Violence,England & Wales,1 Both,2025-Q1,590,1.4,0.1
Domestic Violence,England & Wales,1 Both,2025-Q2,544,1.3,0.3
Domestic Violence,England & Wales,1 Both,2025-Q3,606,1.3,0.1
Domestic Violence,England & Wales,1 Both,2025-Q4,522,1.1,0.3
Domestic Violence,England & Wales,2 Applicant Only,2011-Q1,2606,0.1,0
Domestic Violence,England & Wales,2 Applicant Only,2011-Q2,2758,0.4,0
Domestic Violence,England & Wales,2 Applicant Only,2011-Q3,3021,0.4,0
Domestic Violence,England & Wales,2 Applicant Only,2011-Q4,2599,0.4,0
Domestic Violence,England & Wales,2 Applicant Only,2012-Q1,2777,0.4,0
Domestic Violence,England & Wales,2 Applicant Only,2012-Q2,2823,0.4,0
Domestic Violence,England & Wales,2 Applicant Only,2012-Q3,2993,0.6,0
Domestic Violence,England & Wales,2 Applicant Only,2012-Q4,2815,0.4,0
Domestic Violence,England & Wales,2 Applicant Only,2013-Q1,3083,0.4,0
Domestic Violence,England & Wales,2 Applicant Only,2013-Q2,3293,0.4,0
Domestic Violence,England & Wales,2 Applicant Only,2013-Q3,3755,0.4,0
Domestic Violence,England & Wales,2 Applicant Only,2013-Q4,3579,0.3,0
Domestic Violence,England & Wales,2 Applicant Only,2014-Q1,3410,0.4,0
Domestic Violence,England & Wales,2 Applicant Only,2014-Q2,3344,0.3,0
Domestic Violence,England & Wales,2 Applicant Only,2014-Q3,3495,0.4,0
Domestic Violence,England & Wales,2 Applicant Only,2014-Q4,3118,0.4,0
Domestic Violence,England & Wales,2 Applicant Only,2015-Q1,3065,0.3,0
Domestic Violence,England & Wales,2 Applicant Only,2015-Q2,3134,0.4,0
Domestic Violence,England & Wales,2 Applicant Only,2015-Q3,3219,0.3,0
Domestic Violence,England & Wales,2 Applicant Only,2015-Q4,3137,0.3,0
Domestic Violence,England & Wales,2 Applicant Only,2016-Q1,2985,0.3,0
Domestic Violence,England & Wales,2 Applicant Only,2016-Q2,3260,0.3,0
Domestic Violence,England & Wales,2 Applicant Only,2016-Q3,3184,0.4,0
Domestic Violence,England & Wales,2 Applicant Only,2016-Q4,3108,0.3,0
Domestic Violence,England & Wales,2 Applicant Only,2017-Q1,3180,0.4,0
Domestic Violence,England & Wales,2 Applicant Only,2017-Q2,3253,0.4,0
Domestic Violence,England & Wales,2 Applicant Only,2017-Q3,3418,0.3,0
Domestic Violence,England & Wales,2 Applicant Only,2017-Q4,3031,0.6,0
Domestic Violence,England & Wales,2 Applicant Only,2018-Q1,3128,0.4,0
Domestic Violence,England & Wales,2 Applicant Only,2018-Q2,2978,0.4,0
Domestic Violence,England & Wales,2 Applicant Only,2018-Q3,2990,0.4,0
Domestic Violence,England & Wales,2 Applicant Only,2018-Q4,3039,0.3,0
Domestic Violence,England & Wales,2 Applicant Only,2019-Q1,3439,0.4,0
Domestic Violence,England & Wales,2 Applicant Only,2019-Q2,3458,0.4,0
Domestic Violence,England & Wales,2 Applicant Only,2019-Q3,3733,0.4,0
Domestic Violence,England & Wales,2 Applicant Only,2019-Q4,3660,0.4,0
Domestic Violence,England & Wales,2 Applicant Only,2020-Q1,3813,0.4,0
Domestic Violence,England & Wales,2 Applicant Only,2020-Q2,4522,0.3,0
Domestic Violence,England & Wales,2 Applicant Only,2020-Q3,5009,0.6,0
Domestic Violence,England & Wales,2 Applicant Only,2020-Q4,4821,0.6,0
Domestic Violence,England & Wales,2 Applicant Only,2021-Q1,4843,0.7,0
Domestic Violence,England & Wales,2 Applicant Only,2021-Q2,4429,0.7,0
Domestic Violence,England & Wales,2 Applicant Only,2021-Q3,4676,0.7,0
Domestic Violence,England & Wales,2 Applicant Only,2021-Q4,4549,0.9,0
Domestic Violence,England & Wales,2 Applicant Only,2022-Q1,4671,0.9,0
Domestic Violence,England & Wales,2 Applicant Only,2022-Q2,4536,1,0
Domestic Violence,England & Wales,2 Applicant Only,2022-Q3,4749,1.1,0
Domestic Violence,England & Wales,2 Applicant Only,2022-Q4,4622,1.4,0.1
Domestic Violence,England & Wales,2 Applicant Only,2023-Q1,4725,1.4,0.1
Domestic Violence,England & Wales,2 Applicant Only,2023-Q2,4524,1.4,0.1
Domestic Violence,England & Wales,2 Applicant Only,2023-Q3,4427,1.1,0.1
Domestic Violence,England & Wales,2 Applicant Only,2023-Q4,4304,1.1,0.1
Domestic Violence,England & Wales,2 Applicant Only,2024-Q1,4297,1.1,0.1
Domestic Violence,England & Wales,2 Applicant Only,2024-Q2,4434,1.1,0.1
Domestic Violence,England & Wales,2 Applicant Only,2024-Q3,4438,1.1,0.1
Domestic Violence,England & Wales,2 Applicant Only,2024-Q4,4123,1.1,0.1
Domestic Violence,England & Wales,2 Applicant Only,2025-Q1,4203,1.1,0.1
Domestic Violence,England & Wales,2 Applicant Only,2025-Q2,4123,1,0.1
Domestic Violence,England & Wales,2 Applicant Only,2025-Q3,4581,1.3,0.1
Domestic Violence,England & Wales,2 Applicant Only,2025-Q4,4038,1.3,0.3
Domestic Violence,England & Wales,3 Respondent Only,2011-Q1,92,0.6,0
Domestic Violence,England & Wales,3 Respondent Only,2011-Q2,77,0.9,0
Domestic Violence,England & Wales,3 Respondent Only,2011-Q3,88,0.9,0
Domestic Violence,England & Wales,3 Respondent Only,2011-Q4,73,0.9,0
Domestic Violence,England & Wales,3 Respondent Only,2012-Q1,87,0.7,0
Domestic Violence,England & Wales,3 Respondent Only,2012-Q2,76,0.9,0
Domestic Violence,England & Wales,3 Respondent Only,2012-Q3,80,1.6,0
Domestic Violence,England & Wales,3 Respondent Only,2012-Q4,79,0.9,0
Domestic Violence,England & Wales,3 Respondent Only,2013-Q1,78,0.3,0
Domestic Violence,England & Wales,3 Respondent Only,2013-Q2,81,1.7,0
Domestic Violence,England & Wales,3 Respondent Only,2013-Q3,89,1.6,0
Domestic Violence,England & Wales,3 Respondent Only,2013-Q4,103,1.1,0
Domestic Violence,England & Wales,3 Respondent Only,2014-Q1,104,0.9,0
Domestic Violence,England & Wales,3 Respondent Only,2014-Q2,100,1.3,0
Domestic Violence,England & Wales,3 Respondent Only,2014-Q3,109,1.1,0
Domestic Violence,England & Wales,3 Respondent Only,2014-Q4,110,1.1,0
Domestic Violence,England & Wales,3 Respondent Only,2015-Q1,121,1,0
Domestic Violence,England & Wales,3 Respondent Only,2015-Q2,112,0.7,0
Domestic Violence,England & Wales,3 Respondent Only,2015-Q3,97,0.3,0
Domestic Violence,England & Wales,3 Respondent Only,2015-Q4,105,0.7,0
Domestic Violence,England & Wales,3 Respondent Only,2016-Q1,107,0.7,0
Domestic Violence,England & Wales,3 Respondent Only,2016-Q2,130,1.1,0
Domestic Violence,England & Wales,3 Respondent Only,2016-Q3,117,0.9,0
Domestic Violence,England & Wales,3 Respondent Only,2016-Q4,116,1.1,0
Domestic Violence,England & Wales,3 Respondent Only,2017-Q1,135,1.1,0
Domestic Violence,England & Wales,3 Respondent Only,2017-Q2,106,1.7,0
Domestic Violence,England & Wales,3 Respondent Only,2017-Q3,156,0.9,0
Domestic Violence,England & Wales,3 Respondent Only,2017-Q4,153,1.4,0
Domestic Violence,England & Wales,3 Respondent Only,2018-Q1,138,1,0
Domestic Violence,England & Wales,3 Respondent Only,2018-Q2,148,1.3,0
Domestic Violence,England & Wales,3 Respondent Only,2018-Q3,179,0.7,0
Domestic Violence,England & Wales,3 Respondent Only,2018-Q4,154,0.9,0
Domestic Violence,England & Wales,3 Respondent Only,2019-Q1,179,2.7,0
Domestic Violence,England & Wales,3 Respondent Only,2019-Q2,189,0.9,0
Domestic Violence,England & Wales,3 Respondent Only,2019-Q3,204,0.7,0
Domestic Violence,England & Wales,3 Respondent Only,2019-Q4,199,1,0
Domestic Violence,England & Wales,3 Respondent Only,2020-Q1,220,0.7,0
Domestic Violence,England & Wales,3 Respondent Only,2020-Q2,282,0.9,0
Domestic Violence,England & Wales,3 Respondent Only,2020-Q3,294,0.7,0
Domestic Violence,England & Wales,3 Respondent Only,2020-Q4,268,1,0.1
Domestic Violence,England & Wales,3 Respondent Only,2021-Q1,249,1.1,0.1
Domestic Violence,England & Wales,3 Respondent Only,2021-Q2,248,1,0
Domestic Violence,England & Wales,3 Respondent Only,2021-Q3,235,1.4,0
Domestic Violence,England & Wales,3 Respondent Only,2021-Q4,263,1.3,0.1
Domestic Violence,England & Wales,3 Respondent Only,2022-Q1,276,1.1,0.1
Domestic Violence,England & Wales,3 Respondent Only,2022-Q2,239,1.7,0.3
Domestic Violence,England & Wales,3 Respondent Only,2022-Q3,249,1.6,0.1
Domestic Violence,England & Wales,3 Respondent Only,2022-Q4,262,1.6,0.1
Domestic Violence,England & Wales,3 Respondent Only,2023-Q1,259,1.9,0.3
Domestic Violence,England & Wales,3 Respondent Only,2023-Q2,273,3.6,0.1
Domestic Violence,England & Wales,3 Respondent Only,2023-Q3,263,1.1,0.3
Domestic Violence,England & Wales,3 Respondent Only,2023-Q4,233,1.9,0.3
Domestic Violence,England & Wales,3 Respondent Only,2024-Q1,252,0.7,0.1
Domestic Violence,England & Wales,3 Respondent Only,2024-Q2,254,1.3,0.1
Domestic Violence,England & Wales,3 Respondent Only,2024-Q3,271,1.1,0.3
Domestic Violence,England & Wales,3 Respondent Only,2024-Q4,271,1.4,0.3
Domestic Violence,England & Wales,3 Respondent Only,2025-Q1,279,1.3,0.1
Domestic Violence,England & Wales,3 Respondent Only,2025-Q2,262,1.3,0.1
Domestic Violence,England & Wales,3 Respondent Only,2025-Q3,294,1.3,0.1
Domestic Violence,England & Wales,3 Respondent Only,2025-Q4,281,0.9,0.1
Domestic Violence,England & Wales,4 Neither,2011-Q1,502,0.4,0
Domestic Violence,England & Wales,4 Neither,2011-Q2,490,0.6,0
Domestic Violence,England & Wales,4 Neither,2011-Q3,512,0.7,0
Domestic Violence,England & Wales,4 Neither,2011-Q4,484,1.1,0
Domestic Violence,England & Wales,4 Neither,2012-Q1,556,0.7,0
Domestic Violence,England & Wales,4 Neither,2012-Q2,535,0.7,0
Domestic Violence,England & Wales,4 Neither,2012-Q3,585,0.7,0
Domestic Violence,England & Wales,4 Neither,2012-Q4,569,0.7,0
Domestic Violence,England & Wales,4 Neither,2013-Q1,546,1,0
Domestic Violence,England & Wales,4 Neither,2013-Q2,678,1.1,0
Domestic Violence,England & Wales,4 Neither,2013-Q3,831,1.1,0
Domestic Violence,England & Wales,4 Neither,2013-Q4,799,1,0
Domestic Violence,England & Wales,4 Neither,2014-Q1,775,0.7,0
Domestic Violence,England & Wales,4 Neither,2014-Q2,947,0.9,0
Domestic Violence,England & Wales,4 Neither,2014-Q3,1032,1,0
Domestic Violence,England & Wales,4 Neither,2014-Q4,996,1,0
Domestic Violence,England & Wales,4 Neither,2015-Q1,935,0.7,0
Domestic Violence,England & Wales,4 Neither,2015-Q2,1021,0.7,0
Domestic Violence,England & Wales,4 Neither,2015-Q3,1079,0.7,0
Domestic Violence,England & Wales,4 Neither,2015-Q4,1001,0.9,0
Domestic Violence,England & Wales,4 Neither,2016-Q1,1021,0.9,0
Domestic Violence,England & Wales,4 Neither,2016-Q2,1124,0.9,0
Domestic Violence,England & Wales,4 Neither,2016-Q3,1189,1,0
Domestic Violence,England & Wales,4 Neither,2016-Q4,1108,0.9,0
Domestic Violence,England & Wales,4 Neither,2017-Q1,1227,0.9,0
Domestic Violence,England & Wales,4 Neither,2017-Q2,1174,0.9,0
Domestic Violence,England & Wales,4 Neither,2017-Q3,1360,0.9,0
Domestic Violence,England & Wales,4 Neither,2017-Q4,1369,0.9,0
Domestic Violence,England & Wales,4 Neither,2018-Q1,1386,0.7,0
Domestic Violence,England & Wales,4 Neither,2018-Q2,1464,0.9,0
Domestic Violence,England & Wales,4 Neither,2018-Q3,1622,0.9,0
Domestic Violence,England & Wales,4 Neither,2018-Q4,1612,0.9,0
Domestic Violence,England & Wales,4 Neither,2019-Q1,1745,0.7,0
Domestic Violence,England & Wales,4 Neither,2019-Q2,1712,0.7,0
Domestic Violence,England & Wales,4 Neither,2019-Q3,1986,0.9,0
Domestic Violence,England & Wales,4 Neither,2019-Q4,1976,1,0
Domestic Violence,England & Wales,4 Neither,2020-Q1,1924,0.9,0
Domestic Violence,England & Wales,4 Neither,2020-Q2,1638,0.9,0
Domestic Violence,England & Wales,4 Neither,2020-Q3,1866,0.9,0
Domestic Violence,England & Wales,4 Neither,2020-Q4,1706,1,0.1
Domestic Violence,England & Wales,4 Neither,2021-Q1,1571,1.1,0
Domestic Violence,England & Wales,4 Neither,2021-Q2,1472,1.1,0
Domestic Violence,England & Wales,4 Neither,2021-Q3,1622,1,0.1
Domestic Violence,England & Wales,4 Neither,2021-Q4,1715,1.1,0.1
Domestic Violence,England & Wales,4 Neither,2022-Q1,1732,1,0.1
Domestic Violence,England & Wales,4 Neither,2022-Q2,1700,1.1,0.1
Domestic Violence,England & Wales,4 Neither,2022-Q3,1773,1.6,0.1
Domestic Violence,England & Wales,4 Neither,2022-Q4,1779,1.7,0.1
Domestic Violence,England & Wales,4 Neither,2023-Q1,1924,1.7,0.1
Domestic Violence,England & Wales,4 Neither,2023-Q2,1765,1.7,0.1
Domestic Violence,England & Wales,4 Neither,2023-Q3,1996,1.9,0.1
Domestic Violence,England & Wales,4 Neither,2023-Q4,1789,1.1,0.1
Domestic Violence,England & Wales,4 Neither,2024-Q1,1822,1.3,0.1
Domestic Violence,England & Wales,4 Neither,2024-Q2,1820,1.7,0.1
Domestic Violence,England & Wales,4 Neither,2024-Q3,1802,1.6,0.1
Domestic Violence,England & Wales,4 Neither,2024-Q4,1932,1.1,0.1
Domestic Violence,England & Wales,4 Neither,2025-Q1,2021,1,0.1
Domestic Violence,England & Wales,4 Neither,2025-Q2,2056,1,0.1
Domestic Violence,England & Wales,4 Neither,2025-Q3,2355,1,0.1
Domestic Violence,England & Wales,4 Neither,2025-Q4,2380,1,0.1
Domestic Violence,England & Wales,All types,2011-Q1,3861,0.3,0
Domestic Violence,England & Wales,All types,2011-Q2,4036,0.6,0
Domestic Violence,England & Wales,All types,2011-Q3,4302,0.6,0
Domestic Violence,England & Wales,All types,2011-Q4,3779,0.6,0
Domestic Violence,England & Wales,All types,2012-Q1,4060,0.6,0
Domestic Violence,England & Wales,All types,2012-Q2,4030,0.6,0
Domestic Violence,England & Wales,All types,2012-Q3,4259,0.7,0
Domestic Violence,England & Wales,All types,2012-Q4,4010,0.6,0
Domestic Violence,England & Wales,All types,2013-Q1,4299,0.6,0
Domestic Violence,England & Wales,All types,2013-Q2,4479,0.6,0
Domestic Violence,England & Wales,All types,2013-Q3,5134,0.6,0
Domestic Violence,England & Wales,All types,2013-Q4,4895,0.6,0
Domestic Violence,England & Wales,All types,2014-Q1,4766,0.6,0
Domestic Violence,England & Wales,All types,2014-Q2,4808,0.6,0
Domestic Violence,England & Wales,All types,2014-Q3,5068,0.6,0
Domestic Violence,England & Wales,All types,2014-Q4,4674,0.6,0
Domestic Violence,England & Wales,All types,2015-Q1,4542,0.4,0
Domestic Violence,England & Wales,All types,2015-Q2,4648,0.6,0
Domestic Violence,England & Wales,All types,2015-Q3,4823,0.4,0
Domestic Violence,England & Wales,All types,2015-Q4,4662,0.4,0
Domestic Violence,England & Wales,All types,2016-Q1,4557,0.6,0
Domestic Violence,England & Wales,All types,2016-Q2,4956,0.6,0
Domestic Violence,England & Wales,All types,2016-Q3,4908,0.6,0
Domestic Violence,England & Wales,All types,2016-Q4,4726,0.6,0
Domestic Violence,England & Wales,All types,2017-Q1,4966,0.6,0
Domestic Violence,England & Wales,All types,2017-Q2,4980,0.6,0
Domestic Violence,England & Wales,All types,2017-Q3,5379,0.6,0
Domestic Violence,England & Wales,All types,2017-Q4,4956,0.7,0
Domestic Violence,England & Wales,All types,2018-Q1,5044,0.6,0
Domestic Violence,England & Wales,All types,2018-Q2,4972,0.6,0
Domestic Violence,England & Wales,All types,2018-Q3,5217,0.6,0
Domestic Violence,England & Wales,All types,2018-Q4,5196,0.6,0
Domestic Violence,England & Wales,All types,2019-Q1,5795,0.6,0
Domestic Violence,England & Wales,All types,2019-Q2,5800,0.6,0
Domestic Violence,England & Wales,All types,2019-Q3,6374,0.6,0
Domestic Violence,England & Wales,All types,2019-Q4,6266,0.7,0
Domestic Violence,England & Wales,All types,2020-Q1,6495,0.6,0
Domestic Violence,England & Wales,All types,2020-Q2,7152,0.4,0
Domestic Violence,England & Wales,All types,2020-Q3,7992,0.7,0
Domestic Violence,England & Wales,All types,2020-Q4,7539,0.7,0
Domestic Violence,England & Wales,All types,2021-Q1,7442,0.9,0
Domestic Violence,England & Wales,All types,2021-Q2,6847,0.9,0
Domestic Violence,England & Wales,All types,2021-Q3,7249,0.9,0
Domestic Violence,England & Wales,All types,2021-Q4,7165,0.9,0
Domestic Violence,England & Wales,All types,2022-Q1,7364,1,0
Domestic Violence,England & Wales,All types,2022-Q2,7094,1.1,0.1
Domestic Violence,England & Wales,All types,2022-Q3,7376,1.3,0.1
Domestic Violence,England & Wales,All types,2022-Q4,7292,1.4,0.1
Domestic Violence,England & Wales,All types,2023-Q1,7545,1.6,0.1
Domestic Violence,England & Wales,All types,2023-Q2,7129,1.6,0.1
Domestic Violence,England & Wales,All types,2023-Q3,7325,1.3,0.1
Domestic Violence,England & Wales,All types,2023-Q4,6844,1.1,0.1
Domestic Violence,England & Wales,All types,2024-Q1,6946,1.1,0.1
Domestic Violence,England & Wales,All types,2024-Q2,7106,1.3,0.1
Domestic Violence,England & Wales,All types,2024-Q3,7084,1.3,0.1
Domestic Violence,England & Wales,All types,2024-Q4,6866,1.1,0.1
Domestic Violence,England & Wales,All types,2025-Q1,7093,1.1,0.1
Domestic Violence,England & Wales,All types,2025-Q2,6985,1.1,0.1
Domestic Violence,England & Wales,All types,2025-Q3,7836,1.1,0.1
Domestic Violence,England & Wales,All types,2025-Q4,7221,1.1,0.1
Domestic Violence,London,1 Both,2011-Q1,109,0.4,0
Domestic Violence,London,1 Both,2011-Q2,119,1.7,0
Domestic Violence,London,1 Both,2011-Q3,109,1.6,0
Domestic Violence,London,1 Both,2011-Q4,119,2.6,0
Domestic Violence,London,1 Both,2012-Q1,129,1.3,0
Domestic Violence,London,1 Both,2012-Q2,130,2.9,0
Domestic Violence,London,1 Both,2012-Q3,111,2.7,0
Domestic Violence,London,1 Both,2012-Q4,96,2.9,0
Domestic Violence,London,1 Both,2013-Q1,146,2.1,0
Domestic Violence,London,1 Both,2013-Q2,99,2.7,0
Domestic Violence,London,1 Both,2013-Q3,121,1.1,0
Domestic Violence,London,1 Both,2013-Q4,100,2.1,0
Domestic Violence,London,1 Both,2014-Q1,114,2.1,0
Domestic Violence,London,1 Both,2014-Q2,101,2.6,0
Domestic Violence,London,1 Both,2014-Q3,108,3.4,0
Domestic Violence,London,1 Both,2014-Q4,139,0.9,0
Domestic Violence,London,1 Both,2015-Q1,104,2.4,0
Domestic Violence,London,1 Both,2015-Q2,94,1.7,0
Domestic Violence,London,1 Both,2015-Q3,97,2.4,0
Domestic Violence,London,1 Both,2015-Q4,118,1.1,0
Domestic Violence,London,1 Both,2016-Q1,114,1.4,0
Domestic Violence,London,1 Both,2016-Q2,99,1.4,0
Domestic Violence,London,1 Both,2016-Q3,104,0.9,0
Domestic Violence,London,1 Both,2016-Q4,105,3.9,0
Domestic Violence,London,1 Both,2017-Q1,112,2.1,0
Domestic Violence,London,1 Both,2017-Q2,113,3.4,0
Domestic Violence,London,1 Both,2017-Q3,86,2.3,0
Domestic Violence,London,1 Both,2017-Q4,94,2.4,0
Domestic Violence,London,1 Both,2018-Q1,111,2.7,0
Domestic Violence,London,1 Both,2018-Q2,94,0.9,0
Domestic Violence,London,1 Both,2018-Q3,98,1.4,0
Domestic Violence,London,1 Both,2018-Q4,117,1,0
Domestic Violence,London,1 Both,2019-Q1,105,1.1,0
Domestic Violence,London,1 Both,2019-Q2,103,3,0
Domestic Violence,London,1 Both,2019-Q3,111,1.1,0
Domestic Violence,London,1 Both,2019-Q4,105,1.7,0
Domestic Violence,London,1 Both,2020-Q1,128,2.1,0
Domestic Violence,London,1 Both,2020-Q2,134,1.3,0
Domestic Violence,London,1 Both,2020-Q3,160,1,0
Domestic Violence,London,1 Both,2020-Q4,150,1,0
Domestic Violence,London,1 Both,2021-Q1,162,1.3,0
Domestic Violence,London,1 Both,2021-Q2,143,0.9,0
Domestic Violence,London,1 Both,2021-Q3,152,1.7,0
Domestic Violence,London,1 Both,2021-Q4,128,1.6,0
Domestic Violence,London,1 Both,2022-Q1,131,2.4,0.1
Domestic Violence,London,1 Both,2022-Q2,125,0.9,0
Domestic Violence,London,1 Both,2022-Q3,117,0.4,0
Domestic Violence,London,1 Both,2022-Q4,119,2.4,0.1
Domestic Violence,London,1 Both,2023-Q1,127,3.3,0
Domestic Violence,London,1 Both,2023-Q2,120,2,0
Domestic Violence,London,1 Both,2023-Q3,127,2.4,0.1
Domestic Violence,London,1 Both,2023-Q4,94,1.9,0
Domestic Violence,London,1 Both,2024-Q1,115,2.4,0
Domestic Violence,London,1 Both,2024-Q2,109,1.4,0
Domestic Violence,London,1 Both,2024-Q3,94,1.3,0
Domestic Violence,London,1 Both,2024-Q4,90,8,0
Domestic Violence,London,1 Both,2025-Q1,137,3,0
Domestic Violence,London,1 Both,2025-Q2,109,2.1,0.1
Domestic Violence,London,1 Both,2025-Q3,125,1.9,0.1
Domestic Violence,London,1 Both,2025-Q4,92,1.4,0.1
Domestic Violence,London,2 Applicant Only,2011-Q1,630,0.1,0
Domestic Violence,London,2 Applicant Only,2011-Q2,689,0.4,0
Domestic Violence,London,2 Applicant Only,2011-Q3,714,0.6,0
Domestic Violence,London,2 Applicant Only,2011-Q4,687,0.3,0
Domestic Violence,London,2 Applicant Only,2012-Q1,694,0.6,0
Domestic Violence,London,2 Applicant Only,2012-Q2,707,0.6,0
Domestic Violence,London,2 Applicant Only,2012-Q3,757,0.7,0
Domestic Violence,London,2 Applicant Only,2012-Q4,691,0.6,0
Domestic Violence,London,2 Applicant Only,2013-Q1,763,0.7,0
Domestic Violence,London,2 Applicant Only,2013-Q2,757,0.6,0
Domestic Violence,London,2 Applicant Only,2013-Q3,846,0.4,0
Domestic Violence,London,2 Applicant Only,2013-Q4,866,0.3,0
Domestic Violence,London,2 Applicant Only,2014-Q1,810,0.6,0
Domestic Violence,London,2 Applicant Only,2014-Q2,737,0.4,0
Domestic Violence,London,2 Applicant Only,2014-Q3,772,0.7,0
Domestic Violence,London,2 Applicant Only,2014-Q4,744,0.6,0
Domestic Violence,London,2 Applicant Only,2015-Q1,689,0.4,0
Domestic Violence,London,2 Applicant Only,2015-Q2,695,0.7,0
Domestic Violence,London,2 Applicant Only,2015-Q3,684,0.6,0
Domestic Violence,London,2 Applicant Only,2015-Q4,646,0.4,0
Domestic Violence,London,2 Applicant Only,2016-Q1,636,0.7,0
Domestic Violence,London,2 Applicant Only,2016-Q2,733,0.6,0
Domestic Violence,London,2 Applicant Only,2016-Q3,609,1.1,0
Domestic Violence,London,2 Applicant Only,2016-Q4,639,0.6,0
Domestic Violence,London,2 Applicant Only,2017-Q1,562,0.9,0
Domestic Violence,London,2 Applicant Only,2017-Q2,563,0.9,0
Domestic Violence,London,2 Applicant Only,2017-Q3,574,0.7,0
Domestic Violence,London,2 Applicant Only,2017-Q4,518,1.3,0
Domestic Violence,London,2 Applicant Only,2018-Q1,633,0.9,0
Domestic Violence,London,2 Applicant Only,2018-Q2,546,1.1,0
Domestic Violence,London,2 Applicant Only,2018-Q3,542,1,0
Domestic Violence,London,2 Applicant Only,2018-Q4,543,0.7,0
Domestic Violence,London,2 Applicant Only,2019-Q1,636,0.9,0
Domestic Violence,London,2 Applicant Only,2019-Q2,607,0.9,0
Domestic Violence,London,2 Applicant Only,2019-Q3,625,0.7,0
Domestic Violence,London,2 Applicant Only,2019-Q4,633,1.1,0
Domestic Violence,London,2 Applicant Only,2020-Q1,661,0.9,0
Domestic Violence,London,2 Applicant Only,2020-Q2,725,0.6,0
Domestic Violence,London,2 Applicant Only,2020-Q3,878,0.9,0
Domestic Violence,London,2 Applicant Only,2020-Q4,817,1.1,0
Domestic Violence,London,2 Applicant Only,2021-Q1,815,1.4,0
Domestic Violence,London,2 Applicant Only,2021-Q2,761,1.3,0
Domestic Violence,London,2 Applicant Only,2021-Q3,813,1.1,0
Domestic Violence,London,2 Applicant Only,2021-Q4,785,1.4,0
Domestic Violence,London,2 Applicant Only,2022-Q1,867,1.4,0
Domestic Violence,London,2 Applicant Only,2022-Q2,802,1,0
Domestic Violence,London,2 Applicant Only,2022-Q3,761,1.3,0
Domestic Violence,London,2 Applicant Only,2022-Q4,883,2,0
Domestic Violence,London,2 Applicant Only,2023-Q1,782,2.6,0.1
Domestic Violence,London,2 Applicant Only,2023-Q2,743,2.1,0.1
Domestic Violence,London,2 Applicant Only,2023-Q3,732,1.9,0
Domestic Violence,London,2 Applicant Only,2023-Q4,753,2.3,0
Domestic Violence,London,2 Applicant Only,2024-Q1,669,2.3,0
Domestic Violence,London,2 Applicant Only,2024-Q2,667,1.7,0
Domestic Violence,London,2 Applicant Only,2024-Q3,747,1.7,0
Domestic Violence,London,2 Applicant Only,2024-Q4,720,1.7,0
Domestic Violence,London,2 Applicant Only,2025-Q1,724,1.9,0
Domestic Violence,London,2 Applicant Only,2025-Q2,716,1.9,0
Domestic Violence,London,2 Applicant Only,2025-Q3,777,2.7,0
Domestic Violence,London,2 Applicant Only,2025-Q4,715,2.1,0.1
Domestic Violence,London,3 Respondent Only,2011-Q1,35,0.1,0
Domestic Violence,London,3 Respondent Only,2011-Q2,25,0.9,0
Domestic Violence,London,3 Respondent Only,2011-Q3,24,1.7,0
Domestic Violence,London,3 Respondent Only,2011-Q4,17,0.4,0
Domestic Violence,London,3 Respondent Only,2012-Q1,29,0.9,0
Domestic Violence,London,3 Respondent Only,2012-Q2,20,2.3,0
Domestic Violence,London,3 Respondent Only,2012-Q3,32,1.1,0
Domestic Violence,London,3 Respondent Only,2012-Q4,23,1.7,0
Domestic Violence,London,3 Respondent Only,2013-Q1,32,0,0
Domestic Violence,London,3 Respondent Only,2013-Q2,24,4.3,0
Domestic Violence,London,3 Respondent Only,2013-Q3,27,2.9,0
Domestic Violence,London,3 Respondent Only,2013-Q4,30,0.9,0
Domestic Violence,London,3 Respondent Only,2014-Q1,27,0.9,0
Domestic Violence,London,3 Respondent Only,2014-Q2,29,1,0
Domestic Violence,London,3 Respondent Only,2014-Q3,33,2.3,0
Domestic Violence,London,3 Respondent Only,2014-Q4,32,1.4,0
Domestic Violence,London,3 Respondent Only,2015-Q1,35,1.4,0
Domestic Violence,London,3 Respondent Only,2015-Q2,33,0.3,0
Domestic Violence,London,3 Respondent Only,2015-Q3,27,0.6,0
Domestic Violence,London,3 Respondent Only,2015-Q4,31,0.6,0
Domestic Violence,London,3 Respondent Only,2016-Q1,27,1.7,0
Domestic Violence,London,3 Respondent Only,2016-Q2,47,1.1,0
Domestic Violence,London,3 Respondent Only,2016-Q3,34,1,0
Domestic Violence,London,3 Respondent Only,2016-Q4,28,1.3,0
Domestic Violence,London,3 Respondent Only,2017-Q1,32,2.3,0
Domestic Violence,London,3 Respondent Only,2017-Q2,29,1.6,0
Domestic Violence,London,3 Respondent Only,2017-Q3,47,0.7,0
Domestic Violence,London,3 Respondent Only,2017-Q4,47,3.9,0.1
Domestic Violence,London,3 Respondent Only,2018-Q1,42,1.7,0
Domestic Violence,London,3 Respondent Only,2018-Q2,44,2.3,0.1
Domestic Violence,London,3 Respondent Only,2018-Q3,44,0.3,0
Domestic Violence,London,3 Respondent Only,2018-Q4,38,1.6,0
Domestic Violence,London,3 Respondent Only,2019-Q1,49,0.4,0
Domestic Violence,London,3 Respondent Only,2019-Q2,47,2.1,0
Domestic Violence,London,3 Respondent Only,2019-Q3,43,1.3,0
Domestic Violence,London,3 Respondent Only,2019-Q4,52,2.3,0
Domestic Violence,London,3 Respondent Only,2020-Q1,54,0.7,0
Domestic Violence,London,3 Respondent Only,2020-Q2,43,1,0.1
Domestic Violence,London,3 Respondent Only,2020-Q3,60,0.9,0
Domestic Violence,London,3 Respondent Only,2020-Q4,60,1.4,0
Domestic Violence,London,3 Respondent Only,2021-Q1,39,1.6,0
Domestic Violence,London,3 Respondent Only,2021-Q2,34,0.4,0
Domestic Violence,London,3 Respondent Only,2021-Q3,38,2.7,0
Domestic Violence,London,3 Respondent Only,2021-Q4,53,1.6,0
Domestic Violence,London,3 Respondent Only,2022-Q1,42,2,0.1
Domestic Violence,London,3 Respondent Only,2022-Q2,42,2,0.1
Domestic Violence,London,3 Respondent Only,2022-Q3,45,1.7,0.1
Domestic Violence,London,3 Respondent Only,2022-Q4,38,2.7,0.1
Domestic Violence,London,3 Respondent Only,2023-Q1,53,2.4,0.1
Domestic Violence,London,3 Respondent Only,2023-Q2,47,1,0.1
Domestic Violence,London,3 Respondent Only,2023-Q3,41,1.4,0.3
Domestic Violence,London,3 Respondent Only,2023-Q4,44,2.1,0.2
Domestic Violence,London,3 Respondent Only,2024-Q1,45,0.4,0
Domestic Violence,London,3 Respondent Only,2024-Q2,52,1.9,0.1
Domestic Violence,London,3 Respondent Only,2024-Q3,42,1.3,0
Domestic Violence,London,3 Respondent Only,2024-Q4,40,2.1,0
Domestic Violence,London,3 Respondent Only,2025-Q1,45,1.4,0
Domestic Violence,London,3 Respondent Only,2025-Q2,39,1.6,0
Domestic Violence,London,3 Respondent Only,2025-Q3,52,1.4,0
Domestic Violence,London,3 Respondent Only,2025-Q4,34,1.3,0
Domestic Violence,London,4 Neither,2011-Q1,228,0.3,0
Domestic Violence,London,4 Neither,2011-Q2,239,0.6,0
Domestic Violence,London,4 Neither,2011-Q3,227,0.6,0
Domestic Violence,London,4 Neither,2011-Q4,208,1,0
Domestic Violence,London,4 Neither,2012-Q1,254,1,0
Domestic Violence,London,4 Neither,2012-Q2,222,0.9,0
Domestic Violence,London,4 Neither,2012-Q3,246,0.9,0
Domestic Violence,London,4 Neither,2012-Q4,243,1,0
Domestic Violence,London,4 Neither,2013-Q1,231,1.6,0
Domestic Violence,London,4 Neither,2013-Q2,265,1.7,0
Domestic Violence,London,4 Neither,2013-Q3,307,1.3,0
Domestic Violence,London,4 Neither,2013-Q4,293,1.4,0
Domestic Violence,London,4 Neither,2014-Q1,265,0.6,0
Domestic Violence,London,4 Neither,2014-Q2,314,1,0
Domestic Violence,London,4 Neither,2014-Q3,378,0.9,0
Domestic Violence,London,4 Neither,2014-Q4,357,1.1,0
Domestic Violence,London,4 Neither,2015-Q1,349,0.7,0
Domestic Violence,London,4 Neither,2015-Q2,329,1,0
Domestic Violence,London,4 Neither,2015-Q3,375,0.7,0
Domestic Violence,London,4 Neither,2015-Q4,322,1,0
Domestic Violence,London,4 Neither,2016-Q1,318,1.1,0
Domestic Violence,London,4 Neither,2016-Q2,350,1,0
Domestic Violence,London,4 Neither,2016-Q3,338,1.4,0
Domestic Violence,London,4 Neither,2016-Q4,320,1.1,0
Domestic Violence,London,4 Neither,2017-Q1,343,1,0
Domestic Violence,London,4 Neither,2017-Q2,351,1,0
Domestic Violence,London,4 Neither,2017-Q3,332,0.9,0
Domestic Violence,London,4 Neither,2017-Q4,350,1,0
Domestic Violence,London,4 Neither,2018-Q1,388,1.3,0
Domestic Violence,London,4 Neither,2018-Q2,356,1,0
Domestic Violence,London,4 Neither,2018-Q3,375,1.6,0
Domestic Violence,London,4 Neither,2018-Q4,340,0.9,0
Domestic Violence,London,4 Neither,2019-Q1,364,1.1,0
Domestic Violence,London,4 Neither,2019-Q2,365,0.7,0
Domestic Violence,London,4 Neither,2019-Q3,421,1.1,0
Domestic Violence,London,4 Neither,2019-Q4,399,2.3,0
Domestic Violence,London,4 Neither,2020-Q1,376,1.3,0
Domestic Violence,London,4 Neither,2020-Q2,279,1.1,0
Domestic Violence,London,4 Neither,2020-Q3,345,1.3,0
Domestic Violence,London,4 Neither,2020-Q4,309,1,0
Domestic Violence,London,4 Neither,2021-Q1,278,1.1,0
Domestic Violence,London,4 Neither,2021-Q2,272,1.1,0
Domestic Violence,London,4 Neither,2021-Q3,303,1.6,0
Domestic Violence,London,4 Neither,2021-Q4,278,1.6,0
Domestic Violence,London,4 Neither,2022-Q1,297,1.6,0
Domestic Violence,London,4 Neither,2022-Q2,267,1,0
Domestic Violence,London,4 Neither,2022-Q3,315,1.6,0
Domestic Violence,London,4 Neither,2022-Q4,329,2.4,0
Domestic Violence,London,4 Neither,2023-Q1,321,3,0
Domestic Violence,London,4 Neither,2023-Q2,296,1.9,0
Domestic Violence,London,4 Neither,2023-Q3,344,2.4,0
Domestic Violence,London,4 Neither,2023-Q4,291,1.6,0
Domestic Violence,London,4 Neither,2024-Q1,311,2,0
Domestic Violence,London,4 Neither,2024-Q2,316,1.7,0
Domestic Violence,London,4 Neither,2024-Q3,307,1.9,0
Domestic Violence,London,4 Neither,2024-Q4,345,1.6,0
Domestic Violence,London,4 Neither,2025-Q1,322,1.1,0
Domestic Violence,London,4 Neither,2025-Q2,352,1.3,0
Domestic Violence,London,4 Neither,2025-Q3,403,1.4,0
Domestic Violence,London,4 Neither,2025-Q4,406,1.6,0
Domestic Violence,London,All types,2011-Q1,1002,0.1,0
Domestic Violence,London,All types,2011-Q2,1072,0.6,0
Domestic Violence,London,All types,2011-Q3,1074,0.7,0
Domestic Violence,London,All types,2011-Q4,1031,0.7,0
Domestic Violence,London,All types,2012-Q1,1106,0.9,0
Domestic Violence,London,All types,2012-Q2,1079,1,0
Domestic Violence,London,All types,2012-Q3,1146,1,0
Domestic Violence,London,All types,2012-Q4,1053,0.9,0
Domestic Violence,London,All types,2013-Q1,1172,1,0
Domestic Violence,London,All types,2013-Q2,1145,1.1,0
Domestic Violence,London,All types,2013-Q3,1301,0.7,0
Domestic Violence,London,All types,2013-Q4,1289,0.7,0
Domestic Violence,London,All types,2014-Q1,1216,0.7,0
Domestic Violence,London,All types,2014-Q2,1181,0.7,0
Domestic Violence,London,All types,2014-Q3,1291,1,0
Domestic Violence,London,All types,2014-Q4,1272,0.9,0
Domestic Violence,London,All types,2015-Q1,1177,0.7,0
Domestic Violence,London,All types,2015-Q2,1151,0.9,0
Domestic Violence,London,All types,2015-Q3,1183,0.7,0
Domestic Violence,London,All types,2015-Q4,1117,0.7,0
Domestic Violence,London,All types,2016-Q1,1095,0.9,0
Domestic Violence,London,All types,2016-Q2,1229,0.9,0
Domestic Violence,London,All types,2016-Q3,1085,1.1,0
Domestic Violence,London,All types,2016-Q4,1092,1.1,0
Domestic Violence,London,All types,2017-Q1,1049,1.1,0
Domestic Violence,London,All types,2017-Q2,1056,1.1,0
Domestic Violence,London,All types,2017-Q3,1039,0.9,0
Domestic Violence,London,All types,2017-Q4,1009,1.4,0
Domestic Violence,London,All types,2018-Q1,1174,1.1,0
Domestic Violence,London,All types,2018-Q2,1040,1.1,0
Domestic Violence,London,All types,2018-Q3,1059,1.1,0
Domestic Violence,London,All types,2018-Q4,1038,0.9,0
Domestic Violence,London,All types,2019-Q1,1154,0.9,0
Domestic Violence,London,All types,2019-Q2,1122,1.1,0
Domestic Violence,London,All types,2019-Q3,1200,0.9,0
Domestic Violence,London,All types,2019-Q4,1189,1.7,0
Domestic Violence,London,All types,2020-Q1,1219,1.1,0
Domestic Violence,London,All types,2020-Q2,1181,0.9,0
Domestic Violence,London,All types,2020-Q3,1443,1,0
Domestic Violence,London,All types,2020-Q4,1336,1.1,0
Domestic Violence,London,All types,2021-Q1,1294,1.3,0
Domestic Violence,London,All types,2021-Q2,1210,1.1,0
Domestic Violence,London,All types,2021-Q3,1306,1.4,0
Domestic Violence,London,All types,2021-Q4,1244,1.4,0
Domestic Violence,London,All types,2022-Q1,1337,1.6,0
Domestic Violence,London,All types,2022-Q2,1236,1,0
Domestic Violence,London,All types,2022-Q3,1238,1.3,0
Domestic Violence,London,All types,2022-Q4,1369,2.1,0
Domestic Violence,London,All types,2023-Q1,1283,2.7,0
Domestic Violence,London,All types,2023-Q2,1206,2,0
Domestic Violence,London,All types,2023-Q3,1244,2,0.1
Domestic Violence,London,All types,2023-Q4,1182,2,0
Domestic Violence,London,All types,2024-Q1,1140,2.1,0
Domestic Violence,London,All types,2024-Q2,1144,1.7,0
Domestic Violence,London,All types,2024-Q3,1190,1.7,0
Domestic Violence,London,All types,2024-Q4,1195,2.1,0
Domestic Violence,London,All types,2025-Q1,1228,1.9,0
Domestic Violence,London,All types,2025-Q2,1216,1.7,0
Domestic Violence,London,All types,2025-Q3,1357,2.1,0
Domestic Violence,London,All types,2025-Q4,1247,1.9,0.1
Domestic Violence,Midlands,1 Both,2011-Q1,80,0.3,0
Domestic Violence,Midlands,1 Both,2011-Q2,88,1.3,0
Domestic Violence,Midlands,1 Both,2011-Q3,90,0.3,0
Domestic Violence,Midlands,1 Both,2011-Q4,72,0.9,0
Domestic Violence,Midlands,1 Both,2012-Q1,75,0.9,0
Domestic Violence,Midlands,1 Both,2012-Q2,56,0.6,0
Domestic Violence,Midlands,1 Both,2012-Q3,58,1.4,0
Domestic Violence,Midlands,1 Both,2012-Q4,49,1.1,0
Domestic Violence,Midlands,1 Both,2013-Q1,77,1,0
Domestic Violence,Midlands,1 Both,2013-Q2,60,0.7,0
Domestic Violence,Midlands,1 Both,2013-Q3,69,0.3,0
Domestic Violence,Midlands,1 Both,2013-Q4,64,0.6,0
Domestic Violence,Midlands,1 Both,2014-Q1,74,1.3,0
Domestic Violence,Midlands,1 Both,2014-Q2,76,1.4,0
Domestic Violence,Midlands,1 Both,2014-Q3,57,1.3,0
Domestic Violence,Midlands,1 Both,2014-Q4,53,0.1,0
Domestic Violence,Midlands,1 Both,2015-Q1,70,0.1,0
Domestic Violence,Midlands,1 Both,2015-Q2,67,0.3,0
Domestic Violence,Midlands,1 Both,2015-Q3,74,0.3,0
Domestic Violence,Midlands,1 Both,2015-Q4,58,0.7,0
Domestic Violence,Midlands,1 Both,2016-Q1,76,0.4,0
Domestic Violence,Midlands,1 Both,2016-Q2,86,0.7,0
Domestic Violence,Midlands,1 Both,2016-Q3,76,0.4,0
Domestic Violence,Midlands,1 Both,2016-Q4,67,0.1,0
Domestic Violence,Midlands,1 Both,2017-Q1,74,0.1,0
Domestic Violence,Midlands,1 Both,2017-Q2,76,0.1,0
Domestic Violence,Midlands,1 Both,2017-Q3,74,0.1,0
Domestic Violence,Midlands,1 Both,2017-Q4,73,0.4,0
Domestic Violence,Midlands,1 Both,2018-Q1,64,0.1,0
Domestic Violence,Midlands,1 Both,2018-Q2,71,0.4,0
Domestic Violence,Midlands,1 Both,2018-Q3,85,0.3,0
Domestic Violence,Midlands,1 Both,2018-Q4,75,0.4,0
Domestic Violence,Midlands,1 Both,2019-Q1,79,0.1,0
Domestic Violence,Midlands,1 Both,2019-Q2,88,0.6,0
Domestic Violence,Midlands,1 Both,2019-Q3,83,0.3,0
Domestic Violence,Midlands,1 Both,2019-Q4,87,0.3,0
Domestic Violence,Midlands,1 Both,2020-Q1,101,0.1,0
Domestic Violence,Midlands,1 Both,2020-Q2,141,0.4,0
Domestic Violence,Midlands,1 Both,2020-Q3,163,0.3,0.1
Domestic Violence,Midlands,1 Both,2020-Q4,151,0.4,0.1
Domestic Violence,Midlands,1 Both,2021-Q1,161,0.4,0
Domestic Violence,Midlands,1 Both,2021-Q2,122,0.3,0
Domestic Violence,Midlands,1 Both,2021-Q3,120,0.4,0
Domestic Violence,Midlands,1 Both,2021-Q4,122,0.3,0.1
Domestic Violence,Midlands,1 Both,2022-Q1,131,0.4,0.1
Domestic Violence,Midlands,1 Both,2022-Q2,116,0.9,0.1
Domestic Violence,Midlands,1 Both,2022-Q3,120,0.6,0.1
Domestic Violence,Midlands,1 Both,2022-Q4,107,0.9,0.1
Domestic Violence,Midlands,1 Both,2023-Q1,135,0.6,0.1
Domestic Violence,Midlands,1 Both,2023-Q2,106,0.7,0.1
Domestic Violence,Midlands,1 Both,2023-Q3,140,0.7,0.1
Domestic Violence,Midlands,1 Both,2023-Q4,94,0.7,0.4
Domestic Violence,Midlands,1 Both,2024-Q1,127,0.4,0.1
Domestic Violence,Midlands,1 Both,2024-Q2,105,1,0.1
Domestic Violence,Midlands,1 Both,2024-Q3,99,0.7,0.1
Domestic Violence,Midlands,1 Both,2024-Q4,99,0.6,0.1
Domestic Violence,Midlands,1 Both,2025-Q1,100,1,0.1
Domestic Violence,Midlands,1 Both,2025-Q2,105,0.6,0.1
Domestic Violence,Midlands,1 Both,2025-Q3,107,0.9,0.3
Domestic Violence,Midlands,1 Both,2025-Q4,90,1.1,0.3
Domestic Violence,Midlands,2 Applicant Only,2011-Q1,317,0.4,0
Domestic Violence,Midlands,2 Applicant Only,2011-Q2,338,0.4,0
Domestic Violence,Midlands,2 Applicant Only,2011-Q3,389,0.4,0
Domestic Violence,Midlands,2 Applicant Only,2011-Q4,337,0.4,0
Domestic Violence,Midlands,2 Applicant Only,2012-Q1,308,0.6,0
Domestic Violence,Midlands,2 Applicant Only,2012-Q2,334,0.4,0
Domestic Violence,Midlands,2 Applicant Only,2012-Q3,334,0.4,0
Domestic Violence,Midlands,2 Applicant Only,2012-Q4,356,0.3,0
Domestic Violence,Midlands,2 Applicant Only,2013-Q1,400,0.1,0
Domestic Violence,Midlands,2 Applicant Only,2013-Q2,442,0.3,0
Domestic Violence,Midlands,2 Applicant Only,2013-Q3,567,0.6,0
Domestic Violence,Midlands,2 Applicant Only,2013-Q4,590,0.3,0
Domestic Violence,Midlands,2 Applicant Only,2014-Q1,599,0.4,0
Domestic Violence,Midlands,2 Applicant Only,2014-Q2,598,0.3,0
Domestic Violence,Midlands,2 Applicant Only,2014-Q3,657,0.4,0
Domestic Violence,Midlands,2 Applicant Only,2014-Q4,563,0.4,0
Domestic Violence,Midlands,2 Applicant Only,2015-Q1,580,0.1,0
Domestic Violence,Midlands,2 Applicant Only,2015-Q2,689,0.1,0
Domestic Violence,Midlands,2 Applicant Only,2015-Q3,680,0.1,0
Domestic Violence,Midlands,2 Applicant Only,2015-Q4,683,0.1,0
Domestic Violence,Midlands,2 Applicant Only,2016-Q1,659,0.3,0
Domestic Violence,Midlands,2 Applicant Only,2016-Q2,645,0.1,0
Domestic Violence,Midlands,2 Applicant Only,2016-Q3,697,0.1,0
Domestic Violence,Midlands,2 Applicant Only,2016-Q4,661,0.1,0
Domestic Violence,Midlands,2 Applicant Only,2017-Q1,681,0.1,0
Domestic Violence,Midlands,2 Applicant Only,2017-Q2,759,0.1,0
Domestic Violence,Midlands,2 Applicant Only,2017-Q3,767,0.1,0
Domestic Violence,Midlands,2 Applicant Only,2017-Q4,686,0.1,0
Domestic Violence,Midlands,2 Applicant Only,2018-Q1,705,0.1,0
Domestic Violence,Midlands,2 Applicant Only,2018-Q2,691,0.1,0
Domestic Violence,Midlands,2 Applicant Only,2018-Q3,691,0.1,0
Domestic Violence,Midlands,2 Applicant Only,2018-Q4,683,0.1,0
Domestic Violence,Midlands,2 Applicant Only,2019-Q1,815,0.1,0
Domestic Violence,Midlands,2 Applicant Only,2019-Q2,845,0.1,0
Domestic Violence,Midlands,2 Applicant Only,2019-Q3,898,0.1,0
Domestic Violence,Midlands,2 Applicant Only,2019-Q4,762,0.1,0
Domestic Violence,Midlands,2 Applicant Only,2020-Q1,892,0.1,0
Domestic Violence,Midlands,2 Applicant Only,2020-Q2,1165,0.3,0
Domestic Violence,Midlands,2 Applicant Only,2020-Q3,1272,0.3,0
Domestic Violence,Midlands,2 Applicant Only,2020-Q4,1190,0.4,0.1
Domestic Violence,Midlands,2 Applicant Only,2021-Q1,1194,0.3,0
Domestic Violence,Midlands,2 Applicant Only,2021-Q2,1019,0.4,0
Domestic Violence,Midlands,2 Applicant Only,2021-Q3,1034,0.4,0
Domestic Violence,Midlands,2 Applicant Only,2021-Q4,1010,0.7,0
Domestic Violence,Midlands,2 Applicant Only,2022-Q1,995,0.4,0.1
Domestic Violence,Midlands,2 Applicant Only,2022-Q2,927,0.6,0.1
Domestic Violence,Midlands,2 Applicant Only,2022-Q3,987,0.6,0.1
Domestic Violence,Midlands,2 Applicant Only,2022-Q4,970,0.9,0.3
Domestic Violence,Midlands,2 Applicant Only,2023-Q1,1083,0.6,0.1
Domestic Violence,Midlands,2 Applicant Only,2023-Q2,1020,0.6,0.1
Domestic Violence,Midlands,2 Applicant Only,2023-Q3,980,0.6,0.1
Domestic Violence,Midlands,2 Applicant Only,2023-Q4,959,0.6,0.1
Domestic Violence,Midlands,2 Applicant Only,2024-Q1,898,0.6,0.1
Domestic Violence,Midlands,2 Applicant Only,2024-Q2,978,0.6,0.1
Domestic Violence,Midlands,2 Applicant Only,2024-Q3,971,0.6,0.1
Domestic Violence,Midlands,2 Applicant Only,2024-Q4,930,0.7,0.1
Domestic Violence,Midlands,2 Applicant Only,2025-Q1,966,0.7,0.1
Domestic Violence,Midlands,2 Applicant Only,2025-Q2,932,0.6,0.1
Domestic Violence,Midlands,2 Applicant Only,2025-Q3,1036,0.9,0.3
Domestic Violence,Midlands,2 Applicant Only,2025-Q4,881,0.9,0.3
Domestic Violence,Midlands,3 Respondent Only,2011-Q1,7,0.4,0
Domestic Violence,Midlands,3 Respondent Only,2011-Q2,14,1.1,0.3
Domestic Violence,Midlands,3 Respondent Only,2011-Q3,11,0.3,0
Domestic Violence,Midlands,3 Respondent Only,2011-Q4,10,0.4,0
Domestic Violence,Midlands,3 Respondent Only,2012-Q1,4,1.7,1.7
Domestic Violence,Midlands,3 Respondent Only,2012-Q2,6,0,0
Domestic Violence,Midlands,3 Respondent Only,2012-Q3,4,0,0
Domestic Violence,Midlands,3 Respondent Only,2012-Q4,20,0.6,0
Domestic Violence,Midlands,3 Respondent Only,2013-Q1,3,1.3,0.1
Domestic Violence,Midlands,3 Respondent Only,2013-Q2,10,1.1,0.4
Domestic Violence,Midlands,3 Respondent Only,2013-Q3,9,0.4,0
Domestic Violence,Midlands,3 Respondent Only,2013-Q4,16,0.9,0
Domestic Violence,Midlands,3 Respondent Only,2014-Q1,18,0.6,0
Domestic Violence,Midlands,3 Respondent Only,2014-Q2,17,0.6,0
Domestic Violence,Midlands,3 Respondent Only,2014-Q3,16,1.1,0
Domestic Violence,Midlands,3 Respondent Only,2014-Q4,10,0.9,0
Domestic Violence,Midlands,3 Respondent Only,2015-Q1,19,0.1,0
Domestic Violence,Midlands,3 Respondent Only,2015-Q2,10,0,0
Domestic Violence,Midlands,3 Respondent Only,2015-Q3,11,0.1,0
Domestic Violence,Midlands,3 Respondent Only,2015-Q4,12,0.6,0
Domestic Violence,Midlands,3 Respondent Only,2016-Q1,12,0.1,0
Domestic Violence,Midlands,3 Respondent Only,2016-Q2,15,1.1,0
Domestic Violence,Midlands,3 Respondent Only,2016-Q3,15,0.3,0
Domestic Violence,Midlands,3 Respondent Only,2016-Q4,18,0.4,0
Domestic Violence,Midlands,3 Respondent Only,2017-Q1,26,0.1,0
Domestic Violence,Midlands,3 Respondent Only,2017-Q2,17,0,0
Domestic Violence,Midlands,3 Respondent Only,2017-Q3,22,0.1,0
Domestic Violence,Midlands,3 Respondent Only,2017-Q4,24,0.1,0
Domestic Violence,Midlands,3 Respondent Only,2018-Q1,16,1.1,0.1
Domestic Violence,Midlands,3 Respondent Only,2018-Q2,26,0.1,0
Domestic Violence,Midlands,3 Respondent Only,2018-Q3,26,1.3,0
Domestic Violence,Midlands,3 Respondent Only,2018-Q4,20,0,0
Domestic Violence,Midlands,3 Respondent Only,2019-Q1,23,0.6,0
Domestic Violence,Midlands,3 Respondent Only,2019-Q2,35,0,0
Domestic Violence,Midlands,3 Respondent Only,2019-Q3,20,0.9,0
Domestic Violence,Midlands,3 Respondent Only,2019-Q4,38,0,0
Domestic Violence,Midlands,3 Respondent Only,2020-Q1,33,0.6,0
Domestic Violence,Midlands,3 Respondent Only,2020-Q2,51,0.6,0
Domestic Violence,Midlands,3 Respondent Only,2020-Q3,55,0.9,0.1
Domestic Violence,Midlands,3 Respondent Only,2020-Q4,39,0.4,0
Domestic Violence,Midlands,3 Respondent Only,2021-Q1,49,0.4,0.1
Domestic Violence,Midlands,3 Respondent Only,2021-Q2,36,0.4,0
Domestic Violence,Midlands,3 Respondent Only,2021-Q3,35,0.7,0
Domestic Violence,Midlands,3 Respondent Only,2021-Q4,40,0.7,0.1
Domestic Violence,Midlands,3 Respondent Only,2022-Q1,38,0.9,0.1
Domestic Violence,Midlands,3 Respondent Only,2022-Q2,35,0.7,0.1
Domestic Violence,Midlands,3 Respondent Only,2022-Q3,40,1.6,0.1
Domestic Violence,Midlands,3 Respondent Only,2022-Q4,40,1.1,0.4
Domestic Violence,Midlands,3 Respondent Only,2023-Q1,32,0.9,0.2
Domestic Violence,Midlands,3 Respondent Only,2023-Q2,56,1,0.1
Domestic Violence,Midlands,3 Respondent Only,2023-Q3,47,0.9,0.1
Domestic Violence,Midlands,3 Respondent Only,2023-Q4,26,1,0.1
Domestic Violence,Midlands,3 Respondent Only,2024-Q1,33,0.4,0.1
Domestic Violence,Midlands,3 Respondent Only,2024-Q2,36,0.6,0.1
Domestic Violence,Midlands,3 Respondent Only,2024-Q3,41,1.1,0.1
Domestic Violence,Midlands,3 Respondent Only,2024-Q4,46,0.9,0.1
Domestic Violence,Midlands,3 Respondent Only,2025-Q1,40,0.3,0.1
Domestic Violence,Midlands,3 Respondent Only,2025-Q2,42,0.6,0.1
Domestic Violence,Midlands,3 Respondent Only,2025-Q3,42,1.1,0.2
Domestic Violence,Midlands,3 Respondent Only,2025-Q4,39,0.9,0.4
Domestic Violence,Midlands,4 Neither,2011-Q1,32,0.4,0
Domestic Violence,Midlands,4 Neither,2011-Q2,39,0.4,0
Domestic Violence,Midlands,4 Neither,2011-Q3,44,1.1,0
Domestic Violence,Midlands,4 Neither,2011-Q4,53,0.6,0
Domestic Violence,Midlands,4 Neither,2012-Q1,47,0.6,0
Domestic Violence,Midlands,4 Neither,2012-Q2,46,0.6,0
Domestic Violence,Midlands,4 Neither,2012-Q3,51,0.1,0
Domestic Violence,Midlands,4 Neither,2012-Q4,58,0.1,0
Domestic Violence,Midlands,4 Neither,2013-Q1,49,0.3,0
Domestic Violence,Midlands,4 Neither,2013-Q2,76,0.1,0
Domestic Violence,Midlands,4 Neither,2013-Q3,95,1.1,0
Domestic Violence,Midlands,4 Neither,2013-Q4,93,0.4,0
Domestic Violence,Midlands,4 Neither,2014-Q1,118,0.6,0
Domestic Violence,Midlands,4 Neither,2014-Q2,116,1.1,0
Domestic Violence,Midlands,4 Neither,2014-Q3,126,0.3,0
Domestic Violence,Midlands,4 Neither,2014-Q4,125,0.7,0
Domestic Violence,Midlands,4 Neither,2015-Q1,134,0.3,0
Domestic Violence,Midlands,4 Neither,2015-Q2,141,0.6,0
Domestic Violence,Midlands,4 Neither,2015-Q3,170,0.4,0
Domestic Violence,Midlands,4 Neither,2015-Q4,140,0.3,0
Domestic Violence,Midlands,4 Neither,2016-Q1,146,0.6,0
Domestic Violence,Midlands,4 Neither,2016-Q2,162,0.3,0
Domestic Violence,Midlands,4 Neither,2016-Q3,179,0.6,0
Domestic Violence,Midlands,4 Neither,2016-Q4,152,0.6,0
Domestic Violence,Midlands,4 Neither,2017-Q1,189,0.4,0
Domestic Violence,Midlands,4 Neither,2017-Q2,154,0.3,0
Domestic Violence,Midlands,4 Neither,2017-Q3,220,0.4,0
Domestic Violence,Midlands,4 Neither,2017-Q4,203,0.3,0
Domestic Violence,Midlands,4 Neither,2018-Q1,207,0.3,0
Domestic Violence,Midlands,4 Neither,2018-Q2,227,0.6,0
Domestic Violence,Midlands,4 Neither,2018-Q3,269,0.4,0
Domestic Violence,Midlands,4 Neither,2018-Q4,294,0.9,0
Domestic Violence,Midlands,4 Neither,2019-Q1,286,0.4,0
Domestic Violence,Midlands,4 Neither,2019-Q2,287,0.6,0
Domestic Violence,Midlands,4 Neither,2019-Q3,339,0.6,0
Domestic Violence,Midlands,4 Neither,2019-Q4,350,0.4,0
Domestic Violence,Midlands,4 Neither,2020-Q1,348,0.6,0
Domestic Violence,Midlands,4 Neither,2020-Q2,314,0.6,0
Domestic Violence,Midlands,4 Neither,2020-Q3,334,0.7,0.1
Domestic Violence,Midlands,4 Neither,2020-Q4,327,0.6,0.1
Domestic Violence,Midlands,4 Neither,2021-Q1,282,0.6,0
Domestic Violence,Midlands,4 Neither,2021-Q2,236,0.6,0.1
Domestic Violence,Midlands,4 Neither,2021-Q3,262,0.6,0.1
Domestic Violence,Midlands,4 Neither,2021-Q4,338,0.9,0.1
Domestic Violence,Midlands,4 Neither,2022-Q1,301,0.6,0
Domestic Violence,Midlands,4 Neither,2022-Q2,280,0.7,0.1
Domestic Violence,Midlands,4 Neither,2022-Q3,285,0.6,0.1
Domestic Violence,Midlands,4 Neither,2022-Q4,284,1.1,0.3
Domestic Violence,Midlands,4 Neither,2023-Q1,339,0.9,0.1
Domestic Violence,Midlands,4 Neither,2023-Q2,310,0.7,0.1
Domestic Violence,Midlands,4 Neither,2023-Q3,359,0.9,0.1
Domestic Violence,Midlands,4 Neither,2023-Q4,336,0.7,0.3
Domestic Violence,Midlands,4 Neither,2024-Q1,320,0.6,0.1
Domestic Violence,Midlands,4 Neither,2024-Q2,294,0.6,0.1
Domestic Violence,Midlands,4 Neither,2024-Q3,321,0.6,0.1
Domestic Violence,Midlands,4 Neither,2024-Q4,348,0.6,0.1
Domestic Violence,Midlands,4 Neither,2025-Q1,334,0.7,0.1
Domestic Violence,Midlands,4 Neither,2025-Q2,350,0.6,0.1
Domestic Violence,Midlands,4 Neither,2025-Q3,417,0.7,0.3
Domestic Violence,Midlands,4 Neither,2025-Q4,399,0.6,0.1
Domestic Violence,Midlands,All types,2011-Q1,436,0.4,0
Domestic Violence,Midlands,All types,2011-Q2,479,0.6,0
Domestic Violence,Midlands,All types,2011-Q3,534,0.6,0
Domestic Violence,Midlands,All types,2011-Q4,472,0.6,0
Domestic Violence,Midlands,All types,2012-Q1,434,0.7,0
Domestic Violence,Midlands,All types,2012-Q2,442,0.4,0
Domestic Violence,Midlands,All types,2012-Q3,447,0.6,0
Domestic Violence,Midlands,All types,2012-Q4,483,0.4,0
Domestic Violence,Midlands,All types,2013-Q1,529,0.3,0
Domestic Violence,Midlands,All types,2013-Q2,588,0.3,0
Domestic Violence,Midlands,All types,2013-Q3,740,0.6,0
Domestic Violence,Midlands,All types,2013-Q4,763,0.3,0
Domestic Violence,Midlands,All types,2014-Q1,809,0.4,0
Domestic Violence,Midlands,All types,2014-Q2,807,0.6,0
Domestic Violence,Midlands,All types,2014-Q3,856,0.4,0
Domestic Violence,Midlands,All types,2014-Q4,751,0.4,0
Domestic Violence,Midlands,All types,2015-Q1,803,0.3,0
Domestic Violence,Midlands,All types,2015-Q2,907,0.3,0
Domestic Violence,Midlands,All types,2015-Q3,935,0.3,0
Domestic Violence,Midlands,All types,2015-Q4,893,0.3,0
Domestic Violence,Midlands,All types,2016-Q1,893,0.3,0
Domestic Violence,Midlands,All types,2016-Q2,908,0.3,0
Domestic Violence,Midlands,All types,2016-Q3,967,0.3,0
Domestic Violence,Midlands,All types,2016-Q4,898,0.1,0
Domestic Violence,Midlands,All types,2017-Q1,970,0.3,0
Domestic Violence,Midlands,All types,2017-Q2,1006,0.1,0
Domestic Violence,Midlands,All types,2017-Q3,1083,0.3,0
Domestic Violence,Midlands,All types,2017-Q4,986,0.3,0
Domestic Violence,Midlands,All types,2018-Q1,992,0.3,0
Domestic Violence,Midlands,All types,2018-Q2,1015,0.3,0
Domestic Violence,Midlands,All types,2018-Q3,1071,0.3,0
Domestic Violence,Midlands,All types,2018-Q4,1072,0.3,0
Domestic Violence,Midlands,All types,2019-Q1,1203,0.3,0
Domestic Violence,Midlands,All types,2019-Q2,1255,0.3,0
Domestic Violence,Midlands,All types,2019-Q3,1340,0.3,0
Domestic Violence,Midlands,All types,2019-Q4,1237,0.3,0
Domestic Violence,Midlands,All types,2020-Q1,1374,0.3,0
Domestic Violence,Midlands,All types,2020-Q2,1671,0.3,0
Domestic Violence,Midlands,All types,2020-Q3,1824,0.4,0.1
Domestic Violence,Midlands,All types,2020-Q4,1707,0.4,0.1
Domestic Violence,Midlands,All types,2021-Q1,1686,0.3,0
Domestic Violence,Midlands,All types,2021-Q2,1413,0.4,0
Domestic Violence,Midlands,All types,2021-Q3,1451,0.4,0
Domestic Violence,Midlands,All types,2021-Q4,1510,0.7,0.1
Domestic Violence,Midlands,All types,2022-Q1,1465,0.4,0.1
Domestic Violence,Midlands,All types,2022-Q2,1358,0.7,0.1
Domestic Violence,Midlands,All types,2022-Q3,1432,0.6,0.1
Domestic Violence,Midlands,All types,2022-Q4,1401,0.9,0.3
Domestic Violence,Midlands,All types,2023-Q1,1589,0.6,0.1
Domestic Violence,Midlands,All types,2023-Q2,1492,0.7,0.1
Domestic Violence,Midlands,All types,2023-Q3,1526,0.7,0.1
Domestic Violence,Midlands,All types,2023-Q4,1415,0.7,0.1
Domestic Violence,Midlands,All types,2024-Q1,1378,0.6,0.1
Domestic Violence,Midlands,All types,2024-Q2,1413,0.7,0.1
Domestic Violence,Midlands,All types,2024-Q3,1432,0.6,0.1
Domestic Violence,Midlands,All types,2024-Q4,1423,0.7,0.1
Domestic Violence,Midlands,All types,2025-Q1,1440,0.7,0.1
Domestic Violence,Midlands,All types,2025-Q2,1429,0.6,0.1
Domestic Violence,Midlands,All types,2025-Q3,1602,0.9,0.3
Domestic Violence,Midlands,All types,2025-Q4,1409,0.9,0.3
Domestic Violence,National Business Centres,1 Both,2021-Q4,1,0,0
Domestic Violence,National Business Centres,1 Both,2023-Q2,1,1.1,1.1
Domestic Violence,National Business Centres,2 Applicant Only,2020-Q2,1,0,0
Domestic Violence,National Business Centres,2 Applicant Only,2021-Q1,2,4.9,4.9
Domestic Violence,National Business Centres,2 Applicant Only,2021-Q3,3,0,0
Domestic Violence,National Business Centres,2 Applicant Only,2021-Q4,4,0,0
Domestic Violence,National Business Centres,2 Applicant Only,2022-Q1,2,0,0
Domestic Violence,National Business Centres,2 Applicant Only,2022-Q2,3,1.3,0
Domestic Violence,National Business Centres,2 Applicant Only,2022-Q3,5,0.1,0
Domestic Violence,National Business Centres,2 Applicant Only,2022-Q4,3,0.3,0.1
Domestic Violence,National Business Centres,2 Applicant Only,2023-Q1,2,0,0
Domestic Violence,National Business Centres,2 Applicant Only,2023-Q2,4,0.7,0
Domestic Violence,National Business Centres,2 Applicant Only,2023-Q3,2,0,0
Domestic Violence,National Business Centres,2 Applicant Only,2024-Q2,2,11.7,11.8
Domestic Violence,National Business Centres,2 Applicant Only,2024-Q4,1,2,2
Domestic Violence,National Business Centres,2 Applicant Only,2025-Q3,1,0,0
Domestic Violence,National Business Centres,2 Applicant Only,2025-Q4,2,0.6,0.6
Domestic Violence,National Business Centres,3 Respondent Only,2020-Q4,1,0,0
Domestic Violence,National Business Centres,3 Respondent Only,2023-Q2,2,1.4,1.4
Domestic Violence,National Business Centres,3 Respondent Only,2023-Q4,1,3.1,3.1
Domestic Violence,National Business Centres,3 Respondent Only,2025-Q4,1,0.9,0.9
Domestic Violence,National Business Centres,4 Neither,2022-Q2,4,0,0
Domestic Violence,National Business Centres,4 Neither,2022-Q4,2,0.1,0.2
Domestic Violence,National Business Centres,4 Neither,2023-Q1,2,0,0
Domestic Violence,National Business Centres,4 Neither,2023-Q2,1,0,0
Domestic Violence,National Business Centres,4 Neither,2023-Q3,1,0,0
Domestic Violence,National Business Centres,4 Neither,2023-Q4,1,0,0
Domestic Violence,National Business Centres,4 Neither,2024-Q2,1,21.7,21.7
Domestic Violence,National Business Centres,4 Neither,2024-Q3,1,1.1,1.1
Domestic Violence,National Business Centres,4 Neither,2025-Q4,1,0,0
Domestic Violence,National Business Centres,All types,2020-Q2,1,0,0
Domestic Violence,National Business Centres,All types,2020-Q4,1,0,0
Domestic Violence,National Business Centres,All types,2021-Q1,2,4.9,4.9
Domestic Violence,National Business Centres,All types,2021-Q3,3,0,0
Domestic Violence,National Business Centres,All types,2021-Q4,5,0,0
Domestic Violence,National Business Centres,All types,2022-Q1,2,0,0
Domestic Violence,National Business Centres,All types,2022-Q2,7,0.6,0
Domestic Violence,National Business Centres,All types,2022-Q3,5,0.1,0
Domestic Violence,National Business Centres,All types,2022-Q4,5,0.1,0.1
Domestic Violence,National Business Centres,All types,2023-Q1,4,0,0
Domestic Violence,National Business Centres,All types,2023-Q2,8,0.9,0
Domestic Violence,National Business Centres,All types,2023-Q3,3,0,0
Domestic Violence,National Business Centres,All types,2023-Q4,2,1.6,1.6
Domestic Violence,National Business Centres,All types,2024-Q2,3,15,21.7
Domestic Violence,National Business Centres,All types,2024-Q3,1,1.1,1.1
Domestic Violence,National Business Centres,All types,2024-Q4,1,2,2
Domestic Violence,National Business Centres,All types,2025-Q3,1,0,0
Domestic Violence,National Business Centres,All types,2025-Q4,4,0.4,0.6
Domestic Violence,North East,1 Both,2011-Q1,177,0.1,0
Domestic Violence,North East,1 Both,2011-Q2,179,0.4,0
Domestic Violence,North East,1 Both,2011-Q3,165,0.1,0
Domestic Violence,North East,1 Both,2011-Q4,158,0.4,0
Domestic Violence,North East,1 Both,2012-Q1,154,0.4,0
Domestic Violence,North East,1 Both,2012-Q2,142,0.1,0
Domestic Violence,North East,1 Both,2012-Q3,158,0.6,0
Domestic Violence,North East,1 Both,2012-Q4,151,0.1,0
Domestic Violence,North East,1 Both,2013-Q1,119,0.1,0
Domestic Violence,North East,1 Both,2013-Q2,79,0.3,0
Domestic Violence,North East,1 Both,2013-Q3,86,0.4,0
Domestic Violence,North East,1 Both,2013-Q4,82,0.1,0
Domestic Violence,North East,1 Both,2014-Q1,92,0.3,0
Domestic Violence,North East,1 Both,2014-Q2,77,0.3,0
Domestic Violence,North East,1 Both,2014-Q3,80,0.7,0
Domestic Violence,North East,1 Both,2014-Q4,58,0.3,0
Domestic Violence,North East,1 Both,2015-Q1,60,0,0
Domestic Violence,North East,1 Both,2015-Q2,63,0.1,0
Domestic Violence,North East,1 Both,2015-Q3,58,0.3,0
Domestic Violence,North East,1 Both,2015-Q4,69,0.1,0
Domestic Violence,North East,1 Both,2016-Q1,70,0.1,0
Domestic Violence,North East,1 Both,2016-Q2,70,0.3,0
Domestic Violence,North East,1 Both,2016-Q3,65,0.4,0
Domestic Violence,North East,1 Both,2016-Q4,50,0.1,0
Domestic Violence,North East,1 Both,2017-Q1,68,0.6,0
Domestic Violence,North East,1 Both,2017-Q2,72,0.3,0
Domestic Violence,North East,1 Both,2017-Q3,76,0.1,0
Domestic Violence,North East,1 Both,2017-Q4,54,0.3,0
Domestic Violence,North East,1 Both,2018-Q1,48,0.1,0
Domestic Violence,North East,1 Both,2018-Q2,60,1.7,0
Domestic Violence,North East,1 Both,2018-Q3,59,0.3,0
Domestic Violence,North East,1 Both,2018-Q4,40,0.4,0
Domestic Violence,North East,1 Both,2019-Q1,56,0.3,0
Domestic Violence,North East,1 Both,2019-Q2,77,0.4,0
Domestic Violence,North East,1 Both,2019-Q3,70,0.1,0
Domestic Violence,North East,1 Both,2019-Q4,54,1.3,0
Domestic Violence,North East,1 Both,2020-Q1,56,0.1,0
Domestic Violence,North East,1 Both,2020-Q2,89,0,0
Domestic Violence,North East,1 Both,2020-Q3,120,1,0
Domestic Violence,North East,1 Both,2020-Q4,95,0.3,0
Domestic Violence,North East,1 Both,2021-Q1,85,0.3,0
Domestic Violence,North East,1 Both,2021-Q2,94,0.6,0
Domestic Violence,North East,1 Both,2021-Q3,92,0.7,0
Domestic Violence,North East,1 Both,2021-Q4,82,0.9,0
Domestic Violence,North East,1 Both,2022-Q1,94,0.4,0
Domestic Violence,North East,1 Both,2022-Q2,80,0.3,0
Domestic Violence,North East,1 Both,2022-Q3,72,0.3,0
Domestic Violence,North East,1 Both,2022-Q4,86,0.4,0
Domestic Violence,North East,1 Both,2023-Q1,67,0.3,0
Domestic Violence,North East,1 Both,2023-Q2,68,0.3,0
Domestic Violence,North East,1 Both,2023-Q3,64,1,0.1
Domestic Violence,North East,1 Both,2023-Q4,57,0.7,0.1
Domestic Violence,North East,1 Both,2024-Q1,71,0.6,0.1
Domestic Violence,North East,1 Both,2024-Q2,87,0.3,0
Domestic Violence,North East,1 Both,2024-Q3,81,0.4,0.1
Domestic Violence,North East,1 Both,2024-Q4,79,0.6,0.3
Domestic Violence,North East,1 Both,2025-Q1,68,0.3,0
Domestic Violence,North East,1 Both,2025-Q2,69,1,0.4
Domestic Violence,North East,1 Both,2025-Q3,75,0.7,0
Domestic Violence,North East,1 Both,2025-Q4,70,0.6,0.1
Domestic Violence,North East,2 Applicant Only,2011-Q1,616,0.1,0
Domestic Violence,North East,2 Applicant Only,2011-Q2,579,0.1,0
Domestic Violence,North East,2 Applicant Only,2011-Q3,649,0.3,0
Domestic Violence,North East,2 Applicant Only,2011-Q4,486,0.3,0
Domestic Violence,North East,2 Applicant Only,2012-Q1,568,0.1,0
Domestic Violence,North East,2 Applicant Only,2012-Q2,534,0.1,0
Domestic Violence,North East,2 Applicant Only,2012-Q3,543,0.1,0
Domestic Violence,North East,2 Applicant Only,2012-Q4,526,0.3,0
Domestic Violence,North East,2 Applicant Only,2013-Q1,550,0.4,0
Domestic Violence,North East,2 Applicant Only,2013-Q2,610,0.1,0
Domestic Violence,North East,2 Applicant Only,2013-Q3,695,0.1,0
Domestic Violence,North East,2 Applicant Only,2013-Q4,625,0.3,0
Domestic Violence,North East,2 Applicant Only,2014-Q1,524,0.1,0
Domestic Violence,North East,2 Applicant Only,2014-Q2,599,0.1,0
Domestic Violence,North East,2 Applicant Only,2014-Q3,613,0.1,0
Domestic Violence,North East,2 Applicant Only,2014-Q4,462,0.3,0
Domestic Violence,North East,2 Applicant Only,2015-Q1,450,0.1,0
Domestic Violence,North East,2 Applicant Only,2015-Q2,460,0.1,0
Domestic Violence,North East,2 Applicant Only,2015-Q3,496,0.1,0
Domestic Violence,North East,2 Applicant Only,2015-Q4,495,0,0
Domestic Violence,North East,2 Applicant Only,2016-Q1,485,0.1,0
Domestic Violence,North East,2 Applicant Only,2016-Q2,517,0.1,0
Domestic Violence,North East,2 Applicant Only,2016-Q3,555,0,0
Domestic Violence,North East,2 Applicant Only,2016-Q4,484,0.1,0
Domestic Violence,North East,2 Applicant Only,2017-Q1,550,0.1,0
Domestic Violence,North East,2 Applicant Only,2017-Q2,595,0.1,0
Domestic Violence,North East,2 Applicant Only,2017-Q3,644,0.1,0
Domestic Violence,North East,2 Applicant Only,2017-Q4,512,0.1,0
Domestic Violence,North East,2 Applicant Only,2018-Q1,455,0.1,0
Domestic Violence,North East,2 Applicant Only,2018-Q2,534,0.1,0
Domestic Violence,North East,2 Applicant Only,2018-Q3,546,0.1,0
Domestic Violence,North East,2 Applicant Only,2018-Q4,567,0.1,0
Domestic Violence,North East,2 Applicant Only,2019-Q1,567,0.3,0
Domestic Violence,North East,2 Applicant Only,2019-Q2,598,0.1,0
Domestic Violence,North East,2 Applicant Only,2019-Q3,612,0.1,0
Domestic Violence,North East,2 Applicant Only,2019-Q4,557,0.3,0
Domestic Violence,North East,2 Applicant Only,2020-Q1,541,0.1,0
Domestic Violence,North East,2 Applicant Only,2020-Q2,613,0.1,0
Domestic Violence,North East,2 Applicant Only,2020-Q3,678,0.4,0
Domestic Violence,North East,2 Applicant Only,2020-Q4,606,0.1,0
Domestic Violence,North East,2 Applicant Only,2021-Q1,561,0.1,0
Domestic Violence,North East,2 Applicant Only,2021-Q2,583,0.3,0
Domestic Violence,North East,2 Applicant Only,2021-Q3,600,0.1,0
Domestic Violence,North East,2 Applicant Only,2021-Q4,580,0.1,0
Domestic Violence,North East,2 Applicant Only,2022-Q1,601,0.1,0
Domestic Violence,North East,2 Applicant Only,2022-Q2,627,0.4,0
Domestic Violence,North East,2 Applicant Only,2022-Q3,659,0.3,0
Domestic Violence,North East,2 Applicant Only,2022-Q4,567,0.9,0
Domestic Violence,North East,2 Applicant Only,2023-Q1,650,0.3,0
Domestic Violence,North East,2 Applicant Only,2023-Q2,630,0.3,0
Domestic Violence,North East,2 Applicant Only,2023-Q3,702,0.3,0
Domestic Violence,North East,2 Applicant Only,2023-Q4,632,0.3,0
Domestic Violence,North East,2 Applicant Only,2024-Q1,694,0.3,0
Domestic Violence,North East,2 Applicant Only,2024-Q2,659,0.4,0
Domestic Violence,North East,2 Applicant Only,2024-Q3,618,0.4,0
Domestic Violence,North East,2 Applicant Only,2024-Q4,580,0.4,0
Domestic Violence,North East,2 Applicant Only,2025-Q1,595,0.4,0
Domestic Violence,North East,2 Applicant Only,2025-Q2,629,0.4,0
Domestic Violence,North East,2 Applicant Only,2025-Q3,629,0.6,0.1
Domestic Violence,North East,2 Applicant Only,2025-Q4,528,0.6,0.1
Domestic Violence,North East,3 Respondent Only,2011-Q1,11,0.6,0
Domestic Violence,North East,3 Respondent Only,2011-Q2,4,2.1,0.4
Domestic Violence,North East,3 Respondent Only,2011-Q3,4,3,0
Domestic Violence,North East,3 Respondent Only,2011-Q4,7,1.1,1.1
Domestic Violence,North East,3 Respondent Only,2012-Q1,10,0,0
Domestic Violence,North East,3 Respondent Only,2012-Q2,9,0,0
Domestic Violence,North East,3 Respondent Only,2012-Q3,7,0,0
Domestic Violence,North East,3 Respondent Only,2012-Q4,6,0.3,0
Domestic Violence,North East,3 Respondent Only,2013-Q1,5,0,0
Domestic Violence,North East,3 Respondent Only,2013-Q2,6,0.4,0.4
Domestic Violence,North East,3 Respondent Only,2013-Q3,7,0.3,0
Domestic Violence,North East,3 Respondent Only,2013-Q4,5,0,0
Domestic Violence,North East,3 Respondent Only,2014-Q1,7,1.9,0
Domestic Violence,North East,3 Respondent Only,2014-Q2,12,0.6,0
Domestic Violence,North East,3 Respondent Only,2014-Q3,9,0.4,0
Domestic Violence,North East,3 Respondent Only,2014-Q4,12,0.7,0
Domestic Violence,North East,3 Respondent Only,2015-Q1,9,0.4,0
Domestic Violence,North East,3 Respondent Only,2015-Q2,11,0.3,0
Domestic Violence,North East,3 Respondent Only,2015-Q3,6,0.3,0
Domestic Violence,North East,3 Respondent Only,2015-Q4,8,0.3,0.1
Domestic Violence,North East,3 Respondent Only,2016-Q1,11,0.9,0.1
Domestic Violence,North East,3 Respondent Only,2016-Q2,14,1.3,0.1
Domestic Violence,North East,3 Respondent Only,2016-Q3,11,0.4,0
Domestic Violence,North East,3 Respondent Only,2016-Q4,14,0.3,0
Domestic Violence,North East,3 Respondent Only,2017-Q1,13,0.3,0
Domestic Violence,North East,3 Respondent Only,2017-Q2,10,0,0
Domestic Violence,North East,3 Respondent Only,2017-Q3,11,0.3,0
Domestic Violence,North East,3 Respondent Only,2017-Q4,19,0.1,0
Domestic Violence,North East,3 Respondent Only,2018-Q1,12,0.3,0
Domestic Violence,North East,3 Respondent Only,2018-Q2,16,2.4,0
Domestic Violence,North East,3 Respondent Only,2018-Q3,24,0.1,0
Domestic Violence,North East,3 Respondent Only,2018-Q4,15,0.1,0
Domestic Violence,North East,3 Respondent Only,2019-Q1,25,15.6,0
Domestic Violence,North East,3 Respondent Only,2019-Q2,21,0.1,0
Domestic Violence,North East,3 Respondent Only,2019-Q3,23,0.4,0
Domestic Violence,North East,3 Respondent Only,2019-Q4,16,0.3,0
Domestic Violence,North East,3 Respondent Only,2020-Q1,22,0.7,0
Domestic Violence,North East,3 Respondent Only,2020-Q2,25,0.3,0
Domestic Violence,North East,3 Respondent Only,2020-Q3,28,0.4,0
Domestic Violence,North East,3 Respondent Only,2020-Q4,31,0.3,0
Domestic Violence,North East,3 Respondent Only,2021-Q1,22,0.4,0
Domestic Violence,North East,3 Respondent Only,2021-Q2,22,0.3,0
Domestic Violence,North East,3 Respondent Only,2021-Q3,24,0.9,0.1
Domestic Violence,North East,3 Respondent Only,2021-Q4,30,0.9,0.4
Domestic Violence,North East,3 Respondent Only,2022-Q1,34,0.3,0
Domestic Violence,North East,3 Respondent Only,2022-Q2,22,0.4,0.2
Domestic Violence,North East,3 Respondent Only,2022-Q3,32,0.3,0
Domestic Violence,North East,3 Respondent Only,2022-Q4,24,0.7,0
Domestic Violence,North East,3 Respondent Only,2023-Q1,28,2.1,0.4
Domestic Violence,North East,3 Respondent Only,2023-Q2,23,20.6,0.4
Domestic Violence,North East,3 Respondent Only,2023-Q3,37,0.6,0.1
Domestic Violence,North East,3 Respondent Only,2023-Q4,27,0.9,0.3
Domestic Violence,North East,3 Respondent Only,2024-Q1,39,0.6,0.1
Domestic Violence,North East,3 Respondent Only,2024-Q2,23,0.1,0
Domestic Violence,North East,3 Respondent Only,2024-Q3,37,0.7,0
Domestic Violence,North East,3 Respondent Only,2024-Q4,41,1,0.1
Domestic Violence,North East,3 Respondent Only,2025-Q1,32,0.4,0
Domestic Violence,North East,3 Respondent Only,2025-Q2,25,0.7,0.1
Domestic Violence,North East,3 Respondent Only,2025-Q3,38,1.4,0
Domestic Violence,North East,3 Respondent Only,2025-Q4,29,0.6,0.1
Domestic Violence,North East,4 Neither,2011-Q1,25,0.7,0
Domestic Violence,North East,4 Neither,2011-Q2,28,0.4,0
Domestic Violence,North East,4 Neither,2011-Q3,31,0.3,0
Domestic Violence,North East,4 Neither,2011-Q4,21,0.1,0
Domestic Violence,North East,4 Neither,2012-Q1,25,0,0
Domestic Violence,North East,4 Neither,2012-Q2,34,1.1,0
Domestic Violence,North East,4 Neither,2012-Q3,39,0.4,0
Domestic Violence,North East,4 Neither,2012-Q4,50,0.4,0
Domestic Violence,North East,4 Neither,2013-Q1,34,0.1,0
Domestic Violence,North East,4 Neither,2013-Q2,57,1.1,0
Domestic Violence,North East,4 Neither,2013-Q3,54,0.4,0
Domestic Violence,North East,4 Neither,2013-Q4,54,0.1,0
Domestic Violence,North East,4 Neither,2014-Q1,40,0.3,0
Domestic Violence,North East,4 Neither,2014-Q2,65,0.1,0
Domestic Violence,North East,4 Neither,2014-Q3,64,0.3,0
Domestic Violence,North East,4 Neither,2014-Q4,60,0.3,0
Domestic Violence,North East,4 Neither,2015-Q1,63,0.3,0
Domestic Violence,North East,4 Neither,2015-Q2,84,0.1,0
Domestic Violence,North East,4 Neither,2015-Q3,76,0.4,0
Domestic Violence,North East,4 Neither,2015-Q4,63,0.1,0
Domestic Violence,North East,4 Neither,2016-Q1,66,0.4,0
Domestic Violence,North East,4 Neither,2016-Q2,77,0.6,0
Domestic Violence,North East,4 Neither,2016-Q3,97,0.3,0
Domestic Violence,North East,4 Neither,2016-Q4,77,0.9,0
Domestic Violence,North East,4 Neither,2017-Q1,97,1,0
Domestic Violence,North East,4 Neither,2017-Q2,126,0.4,0
Domestic Violence,North East,4 Neither,2017-Q3,131,0.4,0
Domestic Violence,North East,4 Neither,2017-Q4,155,0.3,0
Domestic Violence,North East,4 Neither,2018-Q1,106,0.6,0
Domestic Violence,North East,4 Neither,2018-Q2,130,0.4,0
Domestic Violence,North East,4 Neither,2018-Q3,182,0.3,0
Domestic Violence,North East,4 Neither,2018-Q4,154,0.3,0
Domestic Violence,North East,4 Neither,2019-Q1,204,0.1,0
Domestic Violence,North East,4 Neither,2019-Q2,200,0.3,0
Domestic Violence,North East,4 Neither,2019-Q3,225,0.4,0
Domestic Violence,North East,4 Neither,2019-Q4,228,0.4,0
Domestic Violence,North East,4 Neither,2020-Q1,210,0.6,0
Domestic Violence,North East,4 Neither,2020-Q2,167,0.4,0
Domestic Violence,North East,4 Neither,2020-Q3,174,0.3,0
Domestic Violence,North East,4 Neither,2020-Q4,153,0.4,0
Domestic Violence,North East,4 Neither,2021-Q1,162,0.4,0
Domestic Violence,North East,4 Neither,2021-Q2,153,0.4,0
Domestic Violence,North East,4 Neither,2021-Q3,161,0.4,0
Domestic Violence,North East,4 Neither,2021-Q4,184,0.3,0
Domestic Violence,North East,4 Neither,2022-Q1,190,0.6,0
Domestic Violence,North East,4 Neither,2022-Q2,221,0.4,0
Domestic Violence,North East,4 Neither,2022-Q3,193,0.7,0
Domestic Violence,North East,4 Neither,2022-Q4,230,1,0
Domestic Violence,North East,4 Neither,2023-Q1,216,0.6,0
Domestic Violence,North East,4 Neither,2023-Q2,203,0.4,0
Domestic Violence,North East,4 Neither,2023-Q3,213,0.7,0
Domestic Violence,North East,4 Neither,2023-Q4,194,0.4,0.1
Domestic Violence,North East,4 Neither,2024-Q1,186,0.7,0.1
Domestic Violence,North East,4 Neither,2024-Q2,203,2.1,0
Domestic Violence,North East,4 Neither,2024-Q3,208,0.4,0
Domestic Violence,North East,4 Neither,2024-Q4,192,0.4,0.1
Domestic Violence,North East,4 Neither,2025-Q1,225,0.6,0.1
Domestic Violence,North East,4 Neither,2025-Q2,223,0.6,0.1
Domestic Violence,North East,4 Neither,2025-Q3,284,0.6,0.1
Domestic Violence,North East,4 Neither,2025-Q4,232,0.6,0.1
Domestic Violence,North East,All types,2011-Q1,829,0.1,0
Domestic Violence,North East,All types,2011-Q2,790,0.3,0
Domestic Violence,North East,All types,2011-Q3,849,0.3,0
Domestic Violence,North East,All types,2011-Q4,672,0.3,0
Domestic Violence,North East,All types,2012-Q1,757,0.3,0
Domestic Violence,North East,All types,2012-Q2,719,0.1,0
Domestic Violence,North East,All types,2012-Q3,747,0.3,0
Domestic Violence,North East,All types,2012-Q4,733,0.3,0
Domestic Violence,North East,All types,2013-Q1,708,0.4,0
Domestic Violence,North East,All types,2013-Q2,752,0.3,0
Domestic Violence,North East,All types,2013-Q3,842,0.1,0
Domestic Violence,North East,All types,2013-Q4,766,0.1,0
Domestic Violence,North East,All types,2014-Q1,663,0.1,0
Domestic Violence,North East,All types,2014-Q2,753,0.1,0
Domestic Violence,North East,All types,2014-Q3,766,0.3,0
Domestic Violence,North East,All types,2014-Q4,592,0.3,0
Domestic Violence,North East,All types,2015-Q1,582,0.1,0
Domestic Violence,North East,All types,2015-Q2,618,0.1,0
Domestic Violence,North East,All types,2015-Q3,636,0.1,0
Domestic Violence,North East,All types,2015-Q4,635,0,0
Domestic Violence,North East,All types,2016-Q1,632,0.1,0
Domestic Violence,North East,All types,2016-Q2,678,0.1,0
Domestic Violence,North East,All types,2016-Q3,728,0.1,0
Domestic Violence,North East,All types,2016-Q4,625,0.3,0
Domestic Violence,North East,All types,2017-Q1,728,0.3,0
Domestic Violence,North East,All types,2017-Q2,803,0.3,0
Domestic Violence,North East,All types,2017-Q3,862,0.1,0
Domestic Violence,North East,All types,2017-Q4,740,0.1,0
Domestic Violence,North East,All types,2018-Q1,621,0.1,0
Domestic Violence,North East,All types,2018-Q2,740,0.3,0
Domestic Violence,North East,All types,2018-Q3,811,0.1,0
Domestic Violence,North East,All types,2018-Q4,776,0.1,0
Domestic Violence,North East,All types,2019-Q1,852,0.7,0
Domestic Violence,North East,All types,2019-Q2,896,0.3,0
Domestic Violence,North East,All types,2019-Q3,930,0.1,0
Domestic Violence,North East,All types,2019-Q4,855,0.3,0
Domestic Violence,North East,All types,2020-Q1,829,0.3,0
Domestic Violence,North East,All types,2020-Q2,894,0.1,0
Domestic Violence,North East,All types,2020-Q3,1000,0.4,0
Domestic Violence,North East,All types,2020-Q4,885,0.1,0
Domestic Violence,North East,All types,2021-Q1,830,0.3,0
Domestic Violence,North East,All types,2021-Q2,852,0.3,0
Domestic Violence,North East,All types,2021-Q3,877,0.3,0
Domestic Violence,North East,All types,2021-Q4,876,0.3,0
Domestic Violence,North East,All types,2022-Q1,919,0.3,0
Domestic Violence,North East,All types,2022-Q2,950,0.4,0
Domestic Violence,North East,All types,2022-Q3,956,0.3,0
Domestic Violence,North East,All types,2022-Q4,907,0.9,0
Domestic Violence,North East,All types,2023-Q1,961,0.4,0
Domestic Violence,North East,All types,2023-Q2,924,0.9,0
Domestic Violence,North East,All types,2023-Q3,1016,0.4,0
Domestic Violence,North East,All types,2023-Q4,910,0.3,0
Domestic Violence,North East,All types,2024-Q1,990,0.4,0
Domestic Violence,North East,All types,2024-Q2,972,0.7,0
Domestic Violence,North East,All types,2024-Q3,944,0.4,0
Domestic Violence,North East,All types,2024-Q4,892,0.4,0
Domestic Violence,North East,All types,2025-Q1,920,0.4,0
Domestic Violence,North East,All types,2025-Q2,946,0.6,0
Domestic Violence,North East,All types,2025-Q3,1026,0.6,0.1
Domestic Violence,North East,All types,2025-Q4,859,0.6,0.1
Domestic Violence,North West,1 Both,2011-Q1,71,0.3,0
Domestic Violence,North West,1 Both,2011-Q2,79,0.3,0
Domestic Violence,North West,1 Both,2011-Q3,71,0.3,0
Domestic Violence,North West,1 Both,2011-Q4,70,0.4,0
Domestic Violence,North West,1 Both,2012-Q1,60,0.6,0
Domestic Violence,North West,1 Both,2012-Q2,79,1,0
Domestic Violence,North West,1 Both,2012-Q3,66,1.6,0
Domestic Violence,North West,1 Both,2012-Q4,71,1,0
Domestic Violence,North West,1 Both,2013-Q1,61,0.1,0
Domestic Violence,North West,1 Both,2013-Q2,40,0.9,0
Domestic Violence,North West,1 Both,2013-Q3,47,0.3,0
Domestic Violence,North West,1 Both,2013-Q4,43,0.4,0
Domestic Violence,North West,1 Both,2014-Q1,42,0.1,0
Domestic Violence,North West,1 Both,2014-Q2,29,0.1,0
Domestic Violence,North West,1 Both,2014-Q3,43,0.4,0
Domestic Violence,North West,1 Both,2014-Q4,36,0.1,0
Domestic Violence,North West,1 Both,2015-Q1,40,1.7,0
Domestic Violence,North West,1 Both,2015-Q2,30,2.1,0
Domestic Violence,North West,1 Both,2015-Q3,53,1,0
Domestic Violence,North West,1 Both,2015-Q4,39,0.1,0
Domestic Violence,North West,1 Both,2016-Q1,35,0.1,0
Domestic Violence,North West,1 Both,2016-Q2,40,0.4,0
Domestic Violence,North West,1 Both,2016-Q3,32,0.1,0
Domestic Violence,North West,1 Both,2016-Q4,29,0.1,0
Domestic Violence,North West,1 Both,2017-Q1,35,0.3,0
Domestic Violence,North West,1 Both,2017-Q2,46,0.1,0
Domestic Violence,North West,1 Both,2017-Q3,43,0.1,0
Domestic Violence,North West,1 Both,2017-Q4,40,0.6,0
Domestic Violence,North West,1 Both,2018-Q1,40,0.1,0
Domestic Violence,North West,1 Both,2018-Q2,33,0.1,0
Domestic Violence,North West,1 Both,2018-Q3,47,0.6,0
Domestic Violence,North West,1 Both,2018-Q4,48,0.4,0
Domestic Violence,North West,1 Both,2019-Q1,41,0.3,0
Domestic Violence,North West,1 Both,2019-Q2,40,0.1,0
Domestic Violence,North West,1 Both,2019-Q3,50,0.7,0
Domestic Violence,North West,1 Both,2019-Q4,45,0.7,0
Domestic Violence,North West,1 Both,2020-Q1,64,0.3,0
Domestic Violence,North West,1 Both,2020-Q2,72,0.1,0
Domestic Violence,North West,1 Both,2020-Q3,83,0.4,0
Domestic Violence,North West,1 Both,2020-Q4,83,0.1,0
Domestic Violence,North West,1 Both,2021-Q1,83,0.6,0
Domestic Violence,North West,1 Both,2021-Q2,82,0.4,0
Domestic Violence,North West,1 Both,2021-Q3,86,0.4,0
Domestic Violence,North West,1 Both,2021-Q4,74,0.3,0
Domestic Violence,North West,1 Both,2022-Q1,60,0.4,0
Domestic Violence,North West,1 Both,2022-Q2,81,0.4,0
Domestic Violence,North West,1 Both,2022-Q3,89,0.3,0
Domestic Violence,North West,1 Both,2022-Q4,82,0.4,0
Domestic Violence,North West,1 Both,2023-Q1,86,0.6,0.1
Domestic Violence,North West,1 Both,2023-Q2,78,1,0.6
Domestic Violence,North West,1 Both,2023-Q3,74,0.7,0.1
Domestic Violence,North West,1 Both,2023-Q4,74,0.6,0.1
Domestic Violence,North West,1 Both,2024-Q1,74,0.6,0.3
Domestic Violence,North West,1 Both,2024-Q2,71,1,0.1
Domestic Violence,North West,1 Both,2024-Q3,68,0.7,0.1
Domestic Violence,North West,1 Both,2024-Q4,70,1,0.4
Domestic Violence,North West,1 Both,2025-Q1,84,0.9,0.2
Domestic Violence,North West,1 Both,2025-Q2,68,1.6,0.9
Domestic Violence,North West,1 Both,2025-Q3,76,1.7,0.9
Domestic Violence,North West,1 Both,2025-Q4,69,1.4,0.6
Domestic Violence,North West,2 Applicant Only,2011-Q1,270,0.3,0
Domestic Violence,North West,2 Applicant Only,2011-Q2,315,0.4,0
Domestic Violence,North West,2 Applicant Only,2011-Q3,352,0.3,0
Domestic Violence,North West,2 Applicant Only,2011-Q4,292,0.6,0
Domestic Violence,North West,2 Applicant Only,2012-Q1,320,0.4,0
Domestic Violence,North West,2 Applicant Only,2012-Q2,376,0.3,0
Domestic Violence,North West,2 Applicant Only,2012-Q3,412,1,0
Domestic Violence,North West,2 Applicant Only,2012-Q4,362,0.6,0
Domestic Violence,North West,2 Applicant Only,2013-Q1,384,0.1,0
Domestic Violence,North West,2 Applicant Only,2013-Q2,445,0.1,0
Domestic Violence,North West,2 Applicant Only,2013-Q3,525,0.3,0
Domestic Violence,North West,2 Applicant Only,2013-Q4,483,0.1,0
Domestic Violence,North West,2 Applicant Only,2014-Q1,482,0.3,0
Domestic Violence,North West,2 Applicant Only,2014-Q2,437,0.1,0
Domestic Violence,North West,2 Applicant Only,2014-Q3,414,0.3,0
Domestic Violence,North West,2 Applicant Only,2014-Q4,358,0.1,0
Domestic Violence,North West,2 Applicant Only,2015-Q1,344,0.1,0
Domestic Violence,North West,2 Applicant Only,2015-Q2,336,0.4,0
Domestic Violence,North West,2 Applicant Only,2015-Q3,352,0.1,0
Domestic Violence,North West,2 Applicant Only,2015-Q4,369,0.1,0
Domestic Violence,North West,2 Applicant Only,2016-Q1,330,0.1,0
Domestic Violence,North West,2 Applicant Only,2016-Q2,375,0.4,0
Domestic Violence,North West,2 Applicant Only,2016-Q3,342,0.1,0
Domestic Violence,North West,2 Applicant Only,2016-Q4,375,0.1,0
Domestic Violence,North West,2 Applicant Only,2017-Q1,390,0.9,0
Domestic Violence,North West,2 Applicant Only,2017-Q2,382,0.3,0
Domestic Violence,North West,2 Applicant Only,2017-Q3,403,0.1,0
Domestic Violence,North West,2 Applicant Only,2017-Q4,385,1.1,0
Domestic Violence,North West,2 Applicant Only,2018-Q1,339,0.1,0
Domestic Violence,North West,2 Applicant Only,2018-Q2,353,0.3,0
Domestic Violence,North West,2 Applicant Only,2018-Q3,343,0.3,0
Domestic Violence,North West,2 Applicant Only,2018-Q4,327,0.3,0
Domestic Violence,North West,2 Applicant Only,2019-Q1,414,0.3,0
Domestic Violence,North West,2 Applicant Only,2019-Q2,393,0.3,0
Domestic Violence,North West,2 Applicant Only,2019-Q3,437,0.3,0
Domestic Violence,North West,2 Applicant Only,2019-Q4,409,0.1,0
Domestic Violence,North West,2 Applicant Only,2020-Q1,468,0.3,0
Domestic Violence,North West,2 Applicant Only,2020-Q2,611,0.3,0
Domestic Violence,North West,2 Applicant Only,2020-Q3,613,0.3,0
Domestic Violence,North West,2 Applicant Only,2020-Q4,627,0.4,0
Domestic Violence,North West,2 Applicant Only,2021-Q1,638,0.3,0
Domestic Violence,North West,2 Applicant Only,2021-Q2,572,0.3,0
Domestic Violence,North West,2 Applicant Only,2021-Q3,669,0.3,0
Domestic Violence,North West,2 Applicant Only,2021-Q4,613,0.4,0
Domestic Violence,North West,2 Applicant Only,2022-Q1,607,0.4,0
Domestic Violence,North West,2 Applicant Only,2022-Q2,613,0.6,0
Domestic Violence,North West,2 Applicant Only,2022-Q3,597,0.6,0
Domestic Violence,North West,2 Applicant Only,2022-Q4,586,0.6,0
Domestic Violence,North West,2 Applicant Only,2023-Q1,579,0.7,0
Domestic Violence,North West,2 Applicant Only,2023-Q2,550,0.6,0
Domestic Violence,North West,2 Applicant Only,2023-Q3,555,0.7,0.1
Domestic Violence,North West,2 Applicant Only,2023-Q4,490,0.7,0.1
Domestic Violence,North West,2 Applicant Only,2024-Q1,557,1,0.3
Domestic Violence,North West,2 Applicant Only,2024-Q2,616,1,0.1
Domestic Violence,North West,2 Applicant Only,2024-Q3,562,0.7,0.1
Domestic Violence,North West,2 Applicant Only,2024-Q4,559,0.9,0.1
Domestic Violence,North West,2 Applicant Only,2025-Q1,542,1,0.1
Domestic Violence,North West,2 Applicant Only,2025-Q2,515,1.3,0.6
Domestic Violence,North West,2 Applicant Only,2025-Q3,571,1.6,0.6
Domestic Violence,North West,2 Applicant Only,2025-Q4,501,1.6,1
Domestic Violence,North West,3 Respondent Only,2011-Q1,4,0.4,0
Domestic Violence,North West,3 Respondent Only,2011-Q2,5,1.7,0
Domestic Violence,North West,3 Respondent Only,2011-Q3,7,0.4,0
Domestic Violence,North West,3 Respondent Only,2011-Q4,5,0.7,0.3
Domestic Violence,North West,3 Respondent Only,2012-Q1,4,0.6,0
Domestic Violence,North West,3 Respondent Only,2012-Q2,6,0.9,0
Domestic Violence,North West,3 Respondent Only,2012-Q3,4,0,0
Domestic Violence,North West,3 Respondent Only,2012-Q4,3,0,0
Domestic Violence,North West,3 Respondent Only,2013-Q1,5,0.6,0
Domestic Violence,North West,3 Respondent Only,2013-Q2,7,0,0
Domestic Violence,North West,3 Respondent Only,2013-Q3,11,0,0
Domestic Violence,North West,3 Respondent Only,2013-Q4,12,1.4,0.1
Domestic Violence,North West,3 Respondent Only,2014-Q1,8,1.4,0
Domestic Violence,North West,3 Respondent Only,2014-Q2,9,0.1,0
Domestic Violence,North West,3 Respondent Only,2014-Q3,9,0,0
Domestic Violence,North West,3 Respondent Only,2014-Q4,10,0,0
Domestic Violence,North West,3 Respondent Only,2015-Q1,7,0.7,0.3
Domestic Violence,North West,3 Respondent Only,2015-Q2,8,0,0
Domestic Violence,North West,3 Respondent Only,2015-Q3,16,0.4,0.1
Domestic Violence,North West,3 Respondent Only,2015-Q4,7,3,0
Domestic Violence,North West,3 Respondent Only,2016-Q1,6,0.1,0
Domestic Violence,North West,3 Respondent Only,2016-Q2,9,0.1,0
Domestic Violence,North West,3 Respondent Only,2016-Q3,15,0.1,0
Domestic Violence,North West,3 Respondent Only,2016-Q4,10,1.1,0
Domestic Violence,North West,3 Respondent Only,2017-Q1,12,1.3,0.3
Domestic Violence,North West,3 Respondent Only,2017-Q2,9,0.4,0
Domestic Violence,North West,3 Respondent Only,2017-Q3,20,0.4,0
Domestic Violence,North West,3 Respondent Only,2017-Q4,18,0.1,0
Domestic Violence,North West,3 Respondent Only,2018-Q1,13,0.3,0
Domestic Violence,North West,3 Respondent Only,2018-Q2,8,0.1,0
Domestic Violence,North West,3 Respondent Only,2018-Q3,12,2.1,0
Domestic Violence,North West,3 Respondent Only,2018-Q4,18,0.1,0
Domestic Violence,North West,3 Respondent Only,2019-Q1,18,0,0
Domestic Violence,North West,3 Respondent Only,2019-Q2,15,0.7,0
Domestic Violence,North West,3 Respondent Only,2019-Q3,30,0.6,0
Domestic Violence,North West,3 Respondent Only,2019-Q4,15,0.4,0
Domestic Violence,North West,3 Respondent Only,2020-Q1,17,0.1,0
Domestic Violence,North West,3 Respondent Only,2020-Q2,24,0.4,0.1
Domestic Violence,North West,3 Respondent Only,2020-Q3,32,0.4,0
Domestic Violence,North West,3 Respondent Only,2020-Q4,24,0.3,0
Domestic Violence,North West,3 Respondent Only,2021-Q1,31,0.9,0
Domestic Violence,North West,3 Respondent Only,2021-Q2,36,0.4,0
Domestic Violence,North West,3 Respondent Only,2021-Q3,26,0.6,0
Domestic Violence,North West,3 Respondent Only,2021-Q4,21,0.6,0.1
Domestic Violence,North West,3 Respondent Only,2022-Q1,38,1,0.1
Domestic Violence,North West,3 Respondent Only,2022-Q2,34,0.7,0
Domestic Violence,North West,3 Respondent Only,2022-Q3,28,0.3,0
Domestic Violence,North West,3 Respondent Only,2022-Q4,32,0.6,0
Domestic Violence,North West,3 Respondent Only,2023-Q1,44,0.9,0.1
Domestic Violence,North West,3 Respondent Only,2023-Q2,34,0.6,0.4
Domestic Violence,North West,3 Respondent Only,2023-Q3,40,0.7,0.1
Domestic Violence,North West,3 Respondent Only,2023-Q4,33,1.4,0.3
Domestic Violence,North West,3 Respondent Only,2024-Q1,30,0.6,0.1
Domestic Violence,North West,3 Respondent Only,2024-Q2,44,0.7,0.1
Domestic Violence,North West,3 Respondent Only,2024-Q3,30,0.6,0.4
Domestic Violence,North West,3 Respondent Only,2024-Q4,28,1.1,0.8
Domestic Violence,North West,3 Respondent Only,2025-Q1,48,1.9,0.5
Domestic Violence,North West,3 Respondent Only,2025-Q2,33,0.7,0
Domestic Violence,North West,3 Respondent Only,2025-Q3,37,1.4,0.6
Domestic Violence,North West,3 Respondent Only,2025-Q4,39,0.9,0.4
Domestic Violence,North West,4 Neither,2011-Q1,19,0.1,0
Domestic Violence,North West,4 Neither,2011-Q2,16,0.4,0.1
Domestic Violence,North West,4 Neither,2011-Q3,19,0.9,0
Domestic Violence,North West,4 Neither,2011-Q4,21,0.3,0
Domestic Violence,North West,4 Neither,2012-Q1,27,1.7,0
Domestic Violence,North West,4 Neither,2012-Q2,25,0.4,0
Domestic Violence,North West,4 Neither,2012-Q3,31,0.4,0
Domestic Violence,North West,4 Neither,2012-Q4,22,1.1,0
Domestic Violence,North West,4 Neither,2013-Q1,26,0.1,0
Domestic Violence,North West,4 Neither,2013-Q2,28,0.1,0
Domestic Violence,North West,4 Neither,2013-Q3,53,1.1,0
Domestic Violence,North West,4 Neither,2013-Q4,57,0.3,0
Domestic Violence,North West,4 Neither,2014-Q1,68,0.3,0
Domestic Violence,North West,4 Neither,2014-Q2,73,1.3,0
Domestic Violence,North West,4 Neither,2014-Q3,72,0.1,0
Domestic Violence,North West,4 Neither,2014-Q4,72,0.1,0
Domestic Violence,North West,4 Neither,2015-Q1,65,0.4,0
Domestic Violence,North West,4 Neither,2015-Q2,78,0.3,0
Domestic Violence,North West,4 Neither,2015-Q3,80,0.4,0
Domestic Violence,North West,4 Neither,2015-Q4,86,0.4,0
Domestic Violence,North West,4 Neither,2016-Q1,93,0.3,0
Domestic Violence,North West,4 Neither,2016-Q2,99,0.6,0
Domestic Violence,North West,4 Neither,2016-Q3,135,1.3,0
Domestic Violence,North West,4 Neither,2016-Q4,121,0.3,0
Domestic Violence,North West,4 Neither,2017-Q1,163,0.3,0
Domestic Violence,North West,4 Neither,2017-Q2,133,0.3,0
Domestic Violence,North West,4 Neither,2017-Q3,172,0.4,0
Domestic Violence,North West,4 Neither,2017-Q4,141,0.6,0
Domestic Violence,North West,4 Neither,2018-Q1,158,0.3,0
Domestic Violence,North West,4 Neither,2018-Q2,164,0.4,0
Domestic Violence,North West,4 Neither,2018-Q3,170,0.6,0
Domestic Violence,North West,4 Neither,2018-Q4,160,0.6,0
Domestic Violence,North West,4 Neither,2019-Q1,190,0.4,0
Domestic Violence,North West,4 Neither,2019-Q2,202,0.3,0
Domestic Violence,North West,4 Neither,2019-Q3,229,0.4,0
Domestic Violence,North West,4 Neither,2019-Q4,218,0.4,0
Domestic Violence,North West,4 Neither,2020-Q1,220,0.6,0
Domestic Violence,North West,4 Neither,2020-Q2,185,0.4,0
Domestic Violence,North West,4 Neither,2020-Q3,207,0.4,0
Domestic Violence,North West,4 Neither,2020-Q4,214,0.4,0
Domestic Violence,North West,4 Neither,2021-Q1,214,0.9,0
Domestic Violence,North West,4 Neither,2021-Q2,196,0.6,0
Domestic Violence,North West,4 Neither,2021-Q3,212,0.4,0
Domestic Violence,North West,4 Neither,2021-Q4,222,0.3,0
Domestic Violence,North West,4 Neither,2022-Q1,226,0.6,0
Domestic Violence,North West,4 Neither,2022-Q2,224,1,0.1
Domestic Violence,North West,4 Neither,2022-Q3,261,1,0
Domestic Violence,North West,4 Neither,2022-Q4,214,0.9,0.1
Domestic Violence,North West,4 Neither,2023-Q1,247,0.7,0.1
Domestic Violence,North West,4 Neither,2023-Q2,234,0.9,0.1
Domestic Violence,North West,4 Neither,2023-Q3,272,0.6,0.1
Domestic Violence,North West,4 Neither,2023-Q4,216,0.9,0.1
Domestic Violence,North West,4 Neither,2024-Q1,233,1.1,0.1
Domestic Violence,North West,4 Neither,2024-Q2,214,1.1,0.1
Domestic Violence,North West,4 Neither,2024-Q3,236,0.9,0.1
Domestic Violence,North West,4 Neither,2024-Q4,198,0.7,0.1
Domestic Violence,North West,4 Neither,2025-Q1,256,0.7,0.1
Domestic Violence,North West,4 Neither,2025-Q2,240,1.1,0.4
Domestic Violence,North West,4 Neither,2025-Q3,246,1.4,0.6
Domestic Violence,North West,4 Neither,2025-Q4,251,1.1,0.6
Domestic Violence,North West,All types,2011-Q1,364,0.3,0
Domestic Violence,North West,All types,2011-Q2,415,0.4,0
Domestic Violence,North West,All types,2011-Q3,449,0.3,0
Domestic Violence,North West,All types,2011-Q4,388,0.6,0
Domestic Violence,North West,All types,2012-Q1,411,0.4,0
Domestic Violence,North West,All types,2012-Q2,486,0.4,0
Domestic Violence,North West,All types,2012-Q3,513,1,0
Domestic Violence,North West,All types,2012-Q4,458,0.7,0
Domestic Violence,North West,All types,2013-Q1,476,0.1,0
Domestic Violence,North West,All types,2013-Q2,520,0.3,0
Domestic Violence,North West,All types,2013-Q3,636,0.3,0
Domestic Violence,North West,All types,2013-Q4,595,0.3,0
Domestic Violence,North West,All types,2014-Q1,600,0.3,0
Domestic Violence,North West,All types,2014-Q2,548,0.3,0
Domestic Violence,North West,All types,2014-Q3,538,0.3,0
Domestic Violence,North West,All types,2014-Q4,476,0.1,0
Domestic Violence,North West,All types,2015-Q1,456,0.3,0
Domestic Violence,North West,All types,2015-Q2,452,0.6,0
Domestic Violence,North West,All types,2015-Q3,501,0.3,0
Domestic Violence,North West,All types,2015-Q4,501,0.3,0
Domestic Violence,North West,All types,2016-Q1,464,0.1,0
Domestic Violence,North West,All types,2016-Q2,523,0.4,0
Domestic Violence,North West,All types,2016-Q3,524,0.4,0
Domestic Violence,North West,All types,2016-Q4,535,0.3,0
Domestic Violence,North West,All types,2017-Q1,600,0.7,0
Domestic Violence,North West,All types,2017-Q2,570,0.3,0
Domestic Violence,North West,All types,2017-Q3,638,0.3,0
Domestic Violence,North West,All types,2017-Q4,584,0.9,0
Domestic Violence,North West,All types,2018-Q1,550,0.1,0
Domestic Violence,North West,All types,2018-Q2,558,0.3,0
Domestic Violence,North West,All types,2018-Q3,572,0.4,0
Domestic Violence,North West,All types,2018-Q4,553,0.4,0
Domestic Violence,North West,All types,2019-Q1,663,0.3,0
Domestic Violence,North West,All types,2019-Q2,650,0.3,0
Domestic Violence,North West,All types,2019-Q3,746,0.4,0
Domestic Violence,North West,All types,2019-Q4,687,0.3,0
Domestic Violence,North West,All types,2020-Q1,769,0.3,0
Domestic Violence,North West,All types,2020-Q2,892,0.3,0
Domestic Violence,North West,All types,2020-Q3,935,0.4,0
Domestic Violence,North West,All types,2020-Q4,948,0.4,0
Domestic Violence,North West,All types,2021-Q1,966,0.4,0
Domestic Violence,North West,All types,2021-Q2,886,0.3,0
Domestic Violence,North West,All types,2021-Q3,993,0.4,0
Domestic Violence,North West,All types,2021-Q4,930,0.3,0
Domestic Violence,North West,All types,2022-Q1,931,0.6,0
Domestic Violence,North West,All types,2022-Q2,952,0.6,0
Domestic Violence,North West,All types,2022-Q3,975,0.7,0
Domestic Violence,North West,All types,2022-Q4,914,0.6,0
Domestic Violence,North West,All types,2023-Q1,956,0.7,0.1
Domestic Violence,North West,All types,2023-Q2,896,0.7,0.1
Domestic Violence,North West,All types,2023-Q3,941,0.7,0.1
Domestic Violence,North West,All types,2023-Q4,813,0.7,0.1
Domestic Violence,North West,All types,2024-Q1,894,1,0.3
Domestic Violence,North West,All types,2024-Q2,945,1,0.1
Domestic Violence,North West,All types,2024-Q3,896,0.7,0.1
Domestic Violence,North West,All types,2024-Q4,855,0.9,0.1
Domestic Violence,North West,All types,2025-Q1,930,1,0.1
Domestic Violence,North West,All types,2025-Q2,856,1.3,0.4
Domestic Violence,North West,All types,2025-Q3,930,1.6,0.6
Domestic Violence,North West,All types,2025-Q4,860,1.4,1
Domestic Violence,South East,1 Both,2011-Q1,100,0.6,0
Domestic Violence,South East,1 Both,2011-Q2,134,0.7,0
Domestic Violence,South East,1 Both,2011-Q3,133,1.1,0
Domestic Violence,South East,1 Both,2011-Q4,97,0.7,0
Domestic Violence,South East,1 Both,2012-Q1,124,1,0
Domestic Violence,South East,1 Both,2012-Q2,117,0.6,0
Domestic Violence,South East,1 Both,2012-Q3,119,1,0
Domestic Violence,South East,1 Both,2012-Q4,105,1.4,0
Domestic Violence,South East,1 Both,2013-Q1,113,1,0
Domestic Violence,South East,1 Both,2013-Q2,91,0.7,0
Domestic Violence,South East,1 Both,2013-Q3,80,0.6,0
Domestic Violence,South East,1 Both,2013-Q4,68,1.4,0
Domestic Violence,South East,1 Both,2014-Q1,103,0.6,0
Domestic Violence,South East,1 Both,2014-Q2,73,0.3,0
Domestic Violence,South East,1 Both,2014-Q3,73,0.3,0
Domestic Violence,South East,1 Both,2014-Q4,91,0.4,0
Domestic Violence,South East,1 Both,2015-Q1,82,0.9,0
Domestic Violence,South East,1 Both,2015-Q2,75,2.3,0
Domestic Violence,South East,1 Both,2015-Q3,91,0.6,0
Domestic Violence,SOUTH EAST,1 Both,2015-Q3,91,0.7,0
Domestic Violence,South East,1 Both,2015-Q4,62,0.6,0
Domestic Violence,SOUTH EAST,1 Both,2015-Q4,62,0.6,0
Domestic Violence,South East,1 Both,2016-Q1,71,0.4,0
Domestic Violence,SOUTH EAST,1 Both,2016-Q1,71,0.6,0
Domestic Violence,South East,1 Both,2016-Q2,80,1.1,0
Domestic Violence,SOUTH EAST,1 Both,2016-Q2,80,1.2,0
Domestic Violence,South East,1 Both,2016-Q3,87,0.4,0
Domestic Violence,SOUTH EAST,1 Both,2016-Q3,86,0.4,0
Domestic Violence,South East,1 Both,2016-Q4,72,1.1,0
Domestic Violence,SOUTH EAST,1 Both,2016-Q4,71,1.3,0
Domestic Violence,South East,1 Both,2017-Q1,84,0.9,0
Domestic Violence,SOUTH EAST,1 Both,2017-Q1,83,0.8,0
Domestic Violence,South East,1 Both,2017-Q2,79,0.9,0
Domestic Violence,SOUTH EAST,1 Both,2017-Q2,78,0.8,0
Domestic Violence,South East,1 Both,2017-Q3,95,0.9,0
Domestic Violence,SOUTH EAST,1 Both,2017-Q3,94,0.9,0
Domestic Violence,South East,1 Both,2017-Q4,78,0.9,0
Domestic Violence,SOUTH EAST,1 Both,2017-Q4,77,1,0
Domestic Violence,South East,1 Both,2018-Q1,81,1.3,0
Domestic Violence,SOUTH EAST,1 Both,2018-Q1,81,1.3,0
Domestic Violence,South East,1 Both,2018-Q2,72,0.4,0
Domestic Violence,SOUTH EAST,1 Both,2018-Q2,73,0.5,0
Domestic Violence,South East,1 Both,2018-Q3,88,0.6,0
Domestic Violence,SOUTH EAST,1 Both,2018-Q3,86,0.7,0
Domestic Violence,South East,1 Both,2018-Q4,65,1.1,0
Domestic Violence,SOUTH EAST,1 Both,2018-Q4,65,1.3,0
Domestic Violence,South East,1 Both,2019-Q1,111,1.3,0
Domestic Violence,SOUTH EAST,1 Both,2019-Q1,111,1.3,0
Domestic Violence,South East,1 Both,2019-Q2,76,0.6,0
Domestic Violence,SOUTH EAST,1 Both,2019-Q2,77,6.5,0
Domestic Violence,South East,1 Both,2019-Q3,72,0.9,0
Domestic Violence,SOUTH EAST,1 Both,2019-Q3,72,1,0
Domestic Violence,South East,1 Both,2019-Q4,88,0.6,0
Domestic Violence,SOUTH EAST,1 Both,2019-Q4,89,0.8,0
Domestic Violence,South East,1 Both,2020-Q1,121,0.7,0
Domestic Violence,SOUTH EAST,1 Both,2020-Q1,118,0.7,0
Domestic Violence,South East,1 Both,2020-Q2,177,0.6,0
Domestic Violence,SOUTH EAST,1 Both,2020-Q2,175,0.6,0
Domestic Violence,South East,1 Both,2020-Q3,182,0.6,0.1
Domestic Violence,SOUTH EAST,1 Both,2020-Q3,183,0.6,0.1
Domestic Violence,South East,1 Both,2020-Q4,158,0.7,0.1
Domestic Violence,SOUTH EAST,1 Both,2020-Q4,157,0.9,0.1
Domestic Violence,South East,1 Both,2021-Q1,160,1.4,0.1
Domestic Violence,SOUTH EAST,1 Both,2021-Q1,157,1.5,0.1
Domestic Violence,South East,1 Both,2021-Q2,145,1.3,0.1
Domestic Violence,SOUTH EAST,1 Both,2021-Q2,145,1.3,0.1
Domestic Violence,South East,1 Both,2021-Q3,163,1.3,0.1
Domestic Violence,SOUTH EAST,1 Both,2021-Q3,166,1.3,0.1
Domestic Violence,South East,1 Both,2021-Q4,131,1.9,0.1
Domestic Violence,SOUTH EAST,1 Both,2021-Q4,129,1.9,0.1
Domestic Violence,South East,1 Both,2022-Q1,162,1.6,0.1
Domestic Violence,SOUTH EAST,1 Both,2022-Q1,162,1.7,0.1
Domestic Violence,South East,1 Both,2022-Q2,137,6.4,0.3
Domestic Violence,SOUTH EAST,1 Both,2022-Q2,136,6.6,0.4
Domestic Violence,South East,1 Both,2022-Q3,134,3.1,0.3
Domestic Violence,SOUTH EAST,1 Both,2022-Q3,135,3.2,0.3
Domestic Violence,South East,1 Both,2022-Q4,143,2.9,0.3
Domestic Violence,SOUTH EAST,1 Both,2022-Q4,145,3,0.3
Domestic Violence,South East,1 Both,2023-Q1,146,2.3,0.3
Domestic Violence,SOUTH EAST,1 Both,2023-Q1,147,2.8,0.3
Domestic Violence,South East,1 Both,2023-Q2,133,2.4,0.4
Domestic Violence,SOUTH EAST,1 Both,2023-Q2,133,2.3,0.4
Domestic Violence,South East,1 Both,2023-Q3,144,2,0.6
Domestic Violence,SOUTH EAST,1 Both,2023-Q3,144,2.1,0.6
Domestic Violence,South East,1 Both,2023-Q4,119,1.7,0.3
Domestic Violence,SOUTH EAST,1 Both,2023-Q4,119,1.9,0.3
Domestic Violence,South East,1 Both,2024-Q1,117,1.1,0.1
Domestic Violence,SOUTH EAST,1 Both,2024-Q1,119,1.4,0.3
Domestic Violence,South East,1 Both,2024-Q2,135,2.1,0.4
Domestic Violence,SOUTH EAST,1 Both,2024-Q2,135,2.2,0.4
Domestic Violence,South East,1 Both,2024-Q3,141,1.9,0.4
Domestic Violence,SOUTH EAST,1 Both,2024-Q3,138,1.9,0.4
Domestic Violence,South East,1 Both,2024-Q4,123,1.9,0.4
Domestic Violence,SOUTH EAST,1 Both,2024-Q4,122,1.6,0.4
Domestic Violence,South East,1 Both,2025-Q1,131,1.3,0.6
Domestic Violence,SOUTH EAST,1 Both,2025-Q1,133,1.4,0.4
Domestic Violence,South East,1 Both,2025-Q2,121,1.6,0.3
Domestic Violence,SOUTH EAST,1 Both,2025-Q2,114,1.4,0.3
Domestic Violence,South East,1 Both,2025-Q3,142,1.3,0.3
Domestic Violence,SOUTH EAST,1 Both,2025-Q3,129,1.5,0.1
Domestic Violence,South East,1 Both,2025-Q4,129,1.1,0.1
Domestic Violence,South East,2 Applicant Only,2011-Q1,424,0.3,0
Domestic Violence,SOUTH EAST,2 Applicant Only,2011-Q1,446,0.7,0
Domestic Violence,South East,2 Applicant Only,2011-Q2,458,0.6,0
Domestic Violence,SOUTH EAST,2 Applicant Only,2011-Q2,455,0.8,0
Domestic Violence,South East,2 Applicant Only,2011-Q3,516,0.6,0
Domestic Violence,SOUTH EAST,2 Applicant Only,2011-Q3,516,0.7,0
Domestic Violence,South East,2 Applicant Only,2011-Q4,455,0.6,0
Domestic Violence,SOUTH EAST,2 Applicant Only,2011-Q4,455,0.8,0
Domestic Violence,South East,2 Applicant Only,2012-Q1,532,0.6,0
Domestic Violence,SOUTH EAST,2 Applicant Only,2012-Q1,532,0.6,0
Domestic Violence,South East,2 Applicant Only,2012-Q2,495,0.6,0
Domestic Violence,SOUTH EAST,2 Applicant Only,2012-Q2,494,0.6,0
Domestic Violence,South East,2 Applicant Only,2012-Q3,562,0.7,0
Domestic Violence,SOUTH EAST,2 Applicant Only,2012-Q3,563,0.8,0
Domestic Violence,South East,2 Applicant Only,2012-Q4,548,0.4,0
Domestic Violence,SOUTH EAST,2 Applicant Only,2012-Q4,549,1,0
Domestic Violence,South East,2 Applicant Only,2013-Q1,598,0.6,0
Domestic Violence,SOUTH EAST,2 Applicant Only,2013-Q1,597,0.6,0
Domestic Violence,South East,2 Applicant Only,2013-Q2,626,0.6,0
Domestic Violence,SOUTH EAST,2 Applicant Only,2013-Q2,626,0.6,0
Domestic Violence,South East,2 Applicant Only,2013-Q3,665,0.4,0
Domestic Violence,SOUTH EAST,2 Applicant Only,2013-Q3,665,0.6,0
Domestic Violence,South East,2 Applicant Only,2013-Q4,638,0.4,0
Domestic Violence,SOUTH EAST,2 Applicant Only,2013-Q4,638,0.6,0
Domestic Violence,South East,2 Applicant Only,2014-Q1,630,0.6,0
Domestic Violence,SOUTH EAST,2 Applicant Only,2014-Q1,629,0.6,0
Domestic Violence,South East,2 Applicant Only,2014-Q2,628,0.6,0
Domestic Violence,SOUTH EAST,2 Applicant Only,2014-Q2,628,0.6,0
Domestic Violence,South East,2 Applicant Only,2014-Q3,657,0.4,0
Domestic Violence,SOUTH EAST,2 Applicant Only,2014-Q3,657,0.5,0
Domestic Violence,South East,2 Applicant Only,2014-Q4,615,0.4,0
Domestic Violence,SOUTH EAST,2 Applicant Only,2014-Q4,617,0.5,0
Domestic Violence,South East,2 Applicant Only,2015-Q1,638,0.3,0
Domestic Violence,SOUTH EAST,2 Applicant Only,2015-Q1,638,0.4,0
Domestic Violence,South East,2 Applicant Only,2015-Q2,619,0.4,0
Domestic Violence,SOUTH EAST,2 Applicant Only,2015-Q2,618,0.5,0
Domestic Violence,South East,2 Applicant Only,2015-Q3,651,0.4,0
Domestic Violence,SOUTH EAST,2 Applicant Only,2015-Q3,652,0.5,0
Domestic Violence,South East,2 Applicant Only,2015-Q4,613,0.3,0
Domestic Violence,SOUTH EAST,2 Applicant Only,2015-Q4,613,0.3,0
Domestic Violence,South East,2 Applicant Only,2016-Q1,544,0.4,0
Domestic Violence,SOUTH EAST,2 Applicant Only,2016-Q1,544,0.4,0
Domestic Violence,South East,2 Applicant Only,2016-Q2,643,0.3,0
Domestic Violence,SOUTH EAST,2 Applicant Only,2016-Q2,643,0.4,0
Domestic Violence,South East,2 Applicant Only,2016-Q3,627,0.4,0
Domestic Violence,SOUTH EAST,2 Applicant Only,2016-Q3,629,0.6,0
Domestic Violence,South East,2 Applicant Only,2016-Q4,608,0.4,0
Domestic Violence,SOUTH EAST,2 Applicant Only,2016-Q4,610,0.5,0
Domestic Violence,South East,2 Applicant Only,2017-Q1,627,0.3,0
Domestic Violence,SOUTH EAST,2 Applicant Only,2017-Q1,626,0.4,0
Domestic Violence,South East,2 Applicant Only,2017-Q2,591,0.4,0
Domestic Violence,SOUTH EAST,2 Applicant Only,2017-Q2,592,0.5,0
Domestic Violence,South East,2 Applicant Only,2017-Q3,651,0.4,0
Domestic Violence,SOUTH EAST,2 Applicant Only,2017-Q3,650,0.5,0
Domestic Violence,South East,2 Applicant Only,2017-Q4,582,0.4,0
Domestic Violence,SOUTH EAST,2 Applicant Only,2017-Q4,579,0.5,0
Domestic Violence,South East,2 Applicant Only,2018-Q1,636,0.4,0
Domestic Violence,SOUTH EAST,2 Applicant Only,2018-Q1,633,0.5,0
Domestic Violence,South East,2 Applicant Only,2018-Q2,558,0.4,0
Domestic Violence,SOUTH EAST,2 Applicant Only,2018-Q2,557,0.6,0
Domestic Violence,South East,2 Applicant Only,2018-Q3,562,0.4,0
Domestic Violence,SOUTH EAST,2 Applicant Only,2018-Q3,564,0.5,0
Domestic Violence,South East,2 Applicant Only,2018-Q4,595,0.6,0
Domestic Violence,SOUTH EAST,2 Applicant Only,2018-Q4,590,0.6,0
Domestic Violence,South East,2 Applicant Only,2019-Q1,678,0.4,0
Domestic Violence,SOUTH EAST,2 Applicant Only,2019-Q1,676,0.5,0
Domestic Violence,South East,2 Applicant Only,2019-Q2,676,0.7,0
Domestic Violence,SOUTH EAST,2 Applicant Only,2019-Q2,676,0.8,0
Domestic Violence,South East,2 Applicant Only,2019-Q3,760,0.6,0
Domestic Violence,SOUTH EAST,2 Applicant Only,2019-Q3,759,0.6,0
Domestic Violence,South East,2 Applicant Only,2019-Q4,886,0.6,0
Domestic Violence,SOUTH EAST,2 Applicant Only,2019-Q4,882,0.6,0
Domestic Violence,South East,2 Applicant Only,2020-Q1,906,0.6,0
Domestic Violence,SOUTH EAST,2 Applicant Only,2020-Q1,906,0.6,0
Domestic Violence,South East,2 Applicant Only,2020-Q2,978,0.6,0
Domestic Violence,SOUTH EAST,2 Applicant Only,2020-Q2,976,0.6,0
Domestic Violence,South East,2 Applicant Only,2020-Q3,1089,0.6,0.1
Domestic Violence,SOUTH EAST,2 Applicant Only,2020-Q3,1082,0.7,0.1
Domestic Violence,South East,2 Applicant Only,2020-Q4,1058,0.7,0.1
Domestic Violence,SOUTH EAST,2 Applicant Only,2020-Q4,1058,0.8,0.1
Domestic Violence,South East,2 Applicant Only,2021-Q1,1070,1,0.1
Domestic Violence,SOUTH EAST,2 Applicant Only,2021-Q1,1070,1.1,0.1
Domestic Violence,South East,2 Applicant Only,2021-Q2,1009,0.9,0.1
Domestic Violence,SOUTH EAST,2 Applicant Only,2021-Q2,1007,0.9,0.1
Domestic Violence,South East,2 Applicant Only,2021-Q3,1029,1,0.1
Domestic Violence,SOUTH EAST,2 Applicant Only,2021-Q3,1030,1.1,0.1
Domestic Violence,South East,2 Applicant Only,2021-Q4,1018,1.3,0.1
Domestic Violence,SOUTH EAST,2 Applicant Only,2021-Q4,1016,1.4,0.1
Domestic Violence,South East,2 Applicant Only,2022-Q1,1064,1.6,0.1
Domestic Violence,SOUTH EAST,2 Applicant Only,2022-Q1,1054,1.6,0.1
Domestic Violence,South East,2 Applicant Only,2022-Q2,1075,1.7,0.1
Domestic Violence,SOUTH EAST,2 Applicant Only,2022-Q2,1074,1.8,0.1
Domestic Violence,South East,2 Applicant Only,2022-Q3,1192,2.6,0.1
Domestic Violence,SOUTH EAST,2 Applicant Only,2022-Q3,1187,2.7,0.1
Domestic Violence,South East,2 Applicant Only,2022-Q4,1094,2.4,0.1
Domestic Violence,SOUTH EAST,2 Applicant Only,2022-Q4,1093,2.5,0.3
Domestic Violence,South East,2 Applicant Only,2023-Q1,1098,2.4,0.1
Domestic Violence,SOUTH EAST,2 Applicant Only,2023-Q1,1095,2.5,0.1
Domestic Violence,South East,2 Applicant Only,2023-Q2,1120,3,0.4
Domestic Violence,SOUTH EAST,2 Applicant Only,2023-Q2,1122,3,0.4
Domestic Violence,South East,2 Applicant Only,2023-Q3,949,2,0.4
Domestic Violence,SOUTH EAST,2 Applicant Only,2023-Q3,946,2.1,0.4
Domestic Violence,South East,2 Applicant Only,2023-Q4,992,2,0.6
Domestic Violence,SOUTH EAST,2 Applicant Only,2023-Q4,992,2.1,0.6
Domestic Violence,South East,2 Applicant Only,2024-Q1,1009,1.7,0.4
Domestic Violence,SOUTH EAST,2 Applicant Only,2024-Q1,1007,1.8,0.4
Domestic Violence,South East,2 Applicant Only,2024-Q2,1013,1.9,0.4
Domestic Violence,SOUTH EAST,2 Applicant Only,2024-Q2,1010,1.9,0.4
Domestic Violence,South East,2 Applicant Only,2024-Q3,1025,1.9,0.4
Domestic Violence,SOUTH EAST,2 Applicant Only,2024-Q3,1025,2,0.4
Domestic Violence,South East,2 Applicant Only,2024-Q4,903,1.4,0.4
Domestic Violence,SOUTH EAST,2 Applicant Only,2024-Q4,908,1.6,0.4
Domestic Violence,South East,2 Applicant Only,2025-Q1,937,1.4,0.4
Domestic Violence,SOUTH EAST,2 Applicant Only,2025-Q1,946,1.6,0.4
Domestic Violence,South East,2 Applicant Only,2025-Q2,924,1.1,0.1
Domestic Violence,SOUTH EAST,2 Applicant Only,2025-Q2,935,1.3,0.1
Domestic Violence,South East,2 Applicant Only,2025-Q3,1103,1,0.1
Domestic Violence,SOUTH EAST,2 Applicant Only,2025-Q3,1117,1.1,0.1
Domestic Violence,South East,2 Applicant Only,2025-Q4,936,1.3,0.3
Domestic Violence,South East,3 Respondent Only,2011-Q1,24,0.4,0
Domestic Violence,SOUTH EAST,3 Respondent Only,2011-Q1,26,2.4,0
Domestic Violence,South East,3 Respondent Only,2011-Q2,20,0.4,0
Domestic Violence,SOUTH EAST,3 Respondent Only,2011-Q2,21,1.8,0
Domestic Violence,South East,3 Respondent Only,2011-Q3,26,0.3,0
Domestic Violence,SOUTH EAST,3 Respondent Only,2011-Q3,26,0.3,0
Domestic Violence,South East,3 Respondent Only,2011-Q4,25,1.4,0
Domestic Violence,SOUTH EAST,3 Respondent Only,2011-Q4,25,1.5,0
Domestic Violence,South East,3 Respondent Only,2012-Q1,28,0.9,0
Domestic Violence,SOUTH EAST,3 Respondent Only,2012-Q1,29,0.9,0
Domestic Violence,South East,3 Respondent Only,2012-Q2,21,0.3,0
Domestic Violence,SOUTH EAST,3 Respondent Only,2012-Q2,22,0.4,0
Domestic Violence,South East,3 Respondent Only,2012-Q3,23,2.6,0
Domestic Violence,SOUTH EAST,3 Respondent Only,2012-Q3,23,2.6,0
Domestic Violence,South East,3 Respondent Only,2012-Q4,15,0.7,0
Domestic Violence,SOUTH EAST,3 Respondent Only,2012-Q4,15,0.7,0
Domestic Violence,South East,3 Respondent Only,2013-Q1,25,0.3,0
Domestic Violence,SOUTH EAST,3 Respondent Only,2013-Q1,25,0.4,0
Domestic Violence,South East,3 Respondent Only,2013-Q2,24,0.7,0
Domestic Violence,SOUTH EAST,3 Respondent Only,2013-Q2,24,0.8,0
Domestic Violence,South East,3 Respondent Only,2013-Q3,24,1.9,0
Domestic Violence,SOUTH EAST,3 Respondent Only,2013-Q3,24,1.9,0
Domestic Violence,South East,3 Respondent Only,2013-Q4,32,1.6,0
Domestic Violence,SOUTH EAST,3 Respondent Only,2013-Q4,32,1.7,0
Domestic Violence,South East,3 Respondent Only,2014-Q1,33,0.4,0
Domestic Violence,SOUTH EAST,3 Respondent Only,2014-Q1,33,0.5,0
Domestic Violence,South East,3 Respondent Only,2014-Q2,25,3.1,0
Domestic Violence,SOUTH EAST,3 Respondent Only,2014-Q2,25,3.2,0
Domestic Violence,South East,3 Respondent Only,2014-Q3,32,0.6,0
Domestic Violence,SOUTH EAST,3 Respondent Only,2014-Q3,32,0.6,0
Domestic Violence,South East,3 Respondent Only,2014-Q4,30,1.1,0
Domestic Violence,SOUTH EAST,3 Respondent Only,2014-Q4,33,1.4,0
Domestic Violence,South East,3 Respondent Only,2015-Q1,33,1.7,0
Domestic Violence,SOUTH EAST,3 Respondent Only,2015-Q1,33,1.8,0
Domestic Violence,South East,3 Respondent Only,2015-Q2,35,0.6,0
Domestic Violence,SOUTH EAST,3 Respondent Only,2015-Q2,36,0.6,0
Domestic Violence,South East,3 Respondent Only,2015-Q3,27,0.3,0
Domestic Violence,SOUTH EAST,3 Respondent Only,2015-Q3,28,0.3,0
Domestic Violence,South East,3 Respondent Only,2015-Q4,35,0.6,0
Domestic Violence,SOUTH EAST,3 Respondent Only,2015-Q4,35,0.6,0
Domestic Violence,South East,3 Respondent Only,2016-Q1,35,0.1,0
Domestic Violence,SOUTH EAST,3 Respondent Only,2016-Q1,35,0.2,0
Domestic Violence,South East,3 Respondent Only,2016-Q2,34,1.3,0
Domestic Violence,SOUTH EAST,3 Respondent Only,2016-Q2,34,1.3,0
Domestic Violence,South East,3 Respondent Only,2016-Q3,28,1,0
Domestic Violence,SOUTH EAST,3 Respondent Only,2016-Q3,28,1.1,0
Domestic Violence,South East,3 Respondent Only,2016-Q4,32,2,0
Domestic Violence,SOUTH EAST,3 Respondent Only,2016-Q4,33,2.1,0
Domestic Violence,South East,3 Respondent Only,2017-Q1,32,1.1,0
Domestic Violence,SOUTH EAST,3 Respondent Only,2017-Q1,32,1.2,0
Domestic Violence,South East,3 Respondent Only,2017-Q2,24,3.4,0
Domestic Violence,SOUTH EAST,3 Respondent Only,2017-Q2,25,3.8,0
Domestic Violence,South East,3 Respondent Only,2017-Q3,34,1,0
Domestic Violence,SOUTH EAST,3 Respondent Only,2017-Q3,35,1.1,0
Domestic Violence,South East,3 Respondent Only,2017-Q4,31,0.6,0
Domestic Violence,SOUTH EAST,3 Respondent Only,2017-Q4,31,0.7,0
Domestic Violence,South East,3 Respondent Only,2018-Q1,37,0.7,0
Domestic Violence,SOUTH EAST,3 Respondent Only,2018-Q1,37,0.7,0
Domestic Violence,South East,3 Respondent Only,2018-Q2,34,0.6,0
Domestic Violence,SOUTH EAST,3 Respondent Only,2018-Q2,33,0.6,0
Domestic Violence,South East,3 Respondent Only,2018-Q3,47,0.9,0
Domestic Violence,SOUTH EAST,3 Respondent Only,2018-Q3,49,0.9,0
Domestic Violence,South East,3 Respondent Only,2018-Q4,41,1.1,0
Domestic Violence,SOUTH EAST,3 Respondent Only,2018-Q4,41,1.2,0
Domestic Violence,South East,3 Respondent Only,2019-Q1,39,0.7,0
Domestic Violence,SOUTH EAST,3 Respondent Only,2019-Q1,39,0.8,0
Domestic Violence,South East,3 Respondent Only,2019-Q2,50,0.7,0
Domestic Violence,SOUTH EAST,3 Respondent Only,2019-Q2,50,0.8,0
Domestic Violence,South East,3 Respondent Only,2019-Q3,65,0.7,0
Domestic Violence,SOUTH EAST,3 Respondent Only,2019-Q3,66,1,0
Domestic Violence,South East,3 Respondent Only,2019-Q4,52,0.9,0
Domestic Violence,SOUTH EAST,3 Respondent Only,2019-Q4,52,0.9,0
Domestic Violence,South East,3 Respondent Only,2020-Q1,59,1,0
Domestic Violence,SOUTH EAST,3 Respondent Only,2020-Q1,60,1.1,0
Domestic Violence,South East,3 Respondent Only,2020-Q2,93,1.3,0.1
Domestic Violence,SOUTH EAST,3 Respondent Only,2020-Q2,94,1.3,0.1
Domestic Violence,South East,3 Respondent Only,2020-Q3,80,0.6,0.1
Domestic Violence,SOUTH EAST,3 Respondent Only,2020-Q3,79,0.6,0
Domestic Violence,South East,3 Respondent Only,2020-Q4,63,1.1,0.3
Domestic Violence,SOUTH EAST,3 Respondent Only,2020-Q4,64,1.1,0.3
Domestic Violence,South East,3 Respondent Only,2021-Q1,73,1.6,0.3
Domestic Violence,SOUTH EAST,3 Respondent Only,2021-Q1,72,1.6,0.3
Domestic Violence,South East,3 Respondent Only,2021-Q2,79,2,0.3
Domestic Violence,SOUTH EAST,3 Respondent Only,2021-Q2,78,2.1,0.3
Domestic Violence,South East,3 Respondent Only,2021-Q3,72,1.9,0.1
Domestic Violence,SOUTH EAST,3 Respondent Only,2021-Q3,72,1.9,0.1
Domestic Violence,South East,3 Respondent Only,2021-Q4,73,2.1,0.7
Domestic Violence,SOUTH EAST,3 Respondent Only,2021-Q4,74,2.2,0.8
Domestic Violence,South East,3 Respondent Only,2022-Q1,77,1.3,0.3
Domestic Violence,SOUTH EAST,3 Respondent Only,2022-Q1,77,1.4,0.3
Domestic Violence,South East,3 Respondent Only,2022-Q2,64,3.4,0.9
Domestic Violence,SOUTH EAST,3 Respondent Only,2022-Q2,64,3.4,0.9
Domestic Violence,South East,3 Respondent Only,2022-Q3,64,3.6,0.5
Domestic Violence,SOUTH EAST,3 Respondent Only,2022-Q3,65,3.6,0.4
Domestic Violence,South East,3 Respondent Only,2022-Q4,76,2.3,0.4
Domestic Violence,SOUTH EAST,3 Respondent Only,2022-Q4,76,2.4,0.4
Domestic Violence,South East,3 Respondent Only,2023-Q1,63,2.4,0.4
Domestic Violence,SOUTH EAST,3 Respondent Only,2023-Q1,63,2.6,0.4
Domestic Violence,South East,3 Respondent Only,2023-Q2,68,4.9,0.4
Domestic Violence,SOUTH EAST,3 Respondent Only,2023-Q2,68,4.9,0.4
Domestic Violence,South East,3 Respondent Only,2023-Q3,60,1.9,0.6
Domestic Violence,SOUTH EAST,3 Respondent Only,2023-Q3,62,1.8,0.5
Domestic Violence,South East,3 Respondent Only,2023-Q4,64,2.9,0.4
Domestic Violence,SOUTH EAST,3 Respondent Only,2023-Q4,64,3,0.4
Domestic Violence,South East,3 Respondent Only,2024-Q1,64,1.3,0.1
Domestic Violence,SOUTH EAST,3 Respondent Only,2024-Q1,64,1.4,0.1
Domestic Violence,South East,3 Respondent Only,2024-Q2,64,2,0.1
Domestic Violence,SOUTH EAST,3 Respondent Only,2024-Q2,64,2.1,0.1
Domestic Violence,South East,3 Respondent Only,2024-Q3,78,1.6,0.4
Domestic Violence,SOUTH EAST,3 Respondent Only,2024-Q3,80,1.6,0.5
Domestic Violence,South East,3 Respondent Only,2024-Q4,75,1.7,0.4
Domestic Violence,SOUTH EAST,3 Respondent Only,2024-Q4,74,1.8,0.4
Domestic Violence,South East,3 Respondent Only,2025-Q1,76,1.6,0.2
Domestic Violence,SOUTH EAST,3 Respondent Only,2025-Q1,77,1.6,0.3
Domestic Violence,South East,3 Respondent Only,2025-Q2,87,2.1,0.1
Domestic Violence,SOUTH EAST,3 Respondent Only,2025-Q2,87,2.3,0.1
Domestic Violence,South East,3 Respondent Only,2025-Q3,73,1.3,0.1
Domestic Violence,SOUTH EAST,3 Respondent Only,2025-Q3,62,1.5,0.1
Domestic Violence,South East,3 Respondent Only,2025-Q4,78,0.6,0.1
Domestic Violence,South East,4 Neither,2011-Q1,136,0.6,0
Domestic Violence,SOUTH EAST,4 Neither,2011-Q1,144,1,0
Domestic Violence,South East,4 Neither,2011-Q2,113,0.7,0
Domestic Violence,SOUTH EAST,4 Neither,2011-Q2,116,4.5,0
Domestic Violence,South East,4 Neither,2011-Q3,136,1.1,0
Domestic Violence,SOUTH EAST,4 Neither,2011-Q3,135,1.2,0
Domestic Violence,South East,4 Neither,2011-Q4,142,1.6,0
Domestic Violence,SOUTH EAST,4 Neither,2011-Q4,143,1.6,0
Domestic Violence,South East,4 Neither,2012-Q1,155,0.4,0
Domestic Violence,SOUTH EAST,4 Neither,2012-Q1,155,0.5,0
Domestic Violence,South East,4 Neither,2012-Q2,148,0.6,0
Domestic Violence,SOUTH EAST,4 Neither,2012-Q2,148,0.7,0
Domestic Violence,South East,4 Neither,2012-Q3,155,0.7,0
Domestic Violence,SOUTH EAST,4 Neither,2012-Q3,155,1.6,0
Domestic Violence,South East,4 Neither,2012-Q4,141,0.6,0
Domestic Violence,SOUTH EAST,4 Neither,2012-Q4,142,0.7,0
Domestic Violence,South East,4 Neither,2013-Q1,140,0.9,0
Domestic Violence,SOUTH EAST,4 Neither,2013-Q1,139,0.9,0
Domestic Violence,South East,4 Neither,2013-Q2,181,1,0
Domestic Violence,SOUTH EAST,4 Neither,2013-Q2,181,1.1,0
Domestic Violence,South East,4 Neither,2013-Q3,238,1.1,0
Domestic Violence,SOUTH EAST,4 Neither,2013-Q3,238,1.3,0
Domestic Violence,South East,4 Neither,2013-Q4,205,1.1,0
Domestic Violence,SOUTH EAST,4 Neither,2013-Q4,208,4.2,0
Domestic Violence,South East,4 Neither,2014-Q1,205,0.9,0
Domestic Violence,SOUTH EAST,4 Neither,2014-Q1,204,0.8,0
Domestic Violence,South East,4 Neither,2014-Q2,267,0.7,0
Domestic Violence,SOUTH EAST,4 Neither,2014-Q2,267,0.8,0
Domestic Violence,South East,4 Neither,2014-Q3,296,1.6,0
Domestic Violence,SOUTH EAST,4 Neither,2014-Q3,297,1.6,0
Domestic Violence,South East,4 Neither,2014-Q4,258,1,0
Domestic Violence,SOUTH EAST,4 Neither,2014-Q4,257,1.1,0
Domestic Violence,South East,4 Neither,2015-Q1,248,1,0
Domestic Violence,SOUTH EAST,4 Neither,2015-Q1,249,1.2,0
Domestic Violence,South East,4 Neither,2015-Q2,283,0.9,0
Domestic Violence,SOUTH EAST,4 Neither,2015-Q2,284,0.9,0
Domestic Violence,South East,4 Neither,2015-Q3,264,0.9,0
Domestic Violence,SOUTH EAST,4 Neither,2015-Q3,263,1,0
Domestic Violence,South East,4 Neither,2015-Q4,281,1,0
Domestic Violence,SOUTH EAST,4 Neither,2015-Q4,279,1,0
Domestic Violence,South East,4 Neither,2016-Q1,274,1,0
Domestic Violence,SOUTH EAST,4 Neither,2016-Q1,274,1,0
Domestic Violence,South East,4 Neither,2016-Q2,321,1.1,0
Domestic Violence,SOUTH EAST,4 Neither,2016-Q2,321,1.2,0
Domestic Violence,South East,4 Neither,2016-Q3,294,0.9,0
Domestic Violence,SOUTH EAST,4 Neither,2016-Q3,294,0.9,0
Domestic Violence,South East,4 Neither,2016-Q4,270,1,0
Domestic Violence,SOUTH EAST,4 Neither,2016-Q4,270,1,0
Domestic Violence,South East,4 Neither,2017-Q1,286,1.1,0
Domestic Violence,SOUTH EAST,4 Neither,2017-Q1,286,1.1,0
Domestic Violence,South East,4 Neither,2017-Q2,270,1.4,0
Domestic Violence,SOUTH EAST,4 Neither,2017-Q2,271,1.5,0
Domestic Violence,South East,4 Neither,2017-Q3,313,1.3,0
Domestic Violence,SOUTH EAST,4 Neither,2017-Q3,314,1.4,0
Domestic Violence,South East,4 Neither,2017-Q4,348,1,0
Domestic Violence,SOUTH EAST,4 Neither,2017-Q4,349,1.1,0
Domestic Violence,South East,4 Neither,2018-Q1,364,0.9,0
Domestic Violence,SOUTH EAST,4 Neither,2018-Q1,364,0.9,0
Domestic Violence,South East,4 Neither,2018-Q2,397,1.3,0
Domestic Violence,SOUTH EAST,4 Neither,2018-Q2,396,1.4,0
Domestic Violence,South East,4 Neither,2018-Q3,398,0.9,0
Domestic Violence,SOUTH EAST,4 Neither,2018-Q3,394,0.9,0
Domestic Violence,South East,4 Neither,2018-Q4,425,0.9,0
Domestic Violence,SOUTH EAST,4 Neither,2018-Q4,426,1,0
Domestic Violence,South East,4 Neither,2019-Q1,479,1,0
Domestic Violence,SOUTH EAST,4 Neither,2019-Q1,477,1,0
Domestic Violence,South East,4 Neither,2019-Q2,426,0.9,0
Domestic Violence,SOUTH EAST,4 Neither,2019-Q2,425,1,0
Domestic Violence,South East,4 Neither,2019-Q3,516,1.1,0
Domestic Violence,SOUTH EAST,4 Neither,2019-Q3,516,1.2,0
Domestic Violence,South East,4 Neither,2019-Q4,516,1,0
Domestic Violence,SOUTH EAST,4 Neither,2019-Q4,515,1,0
Domestic Violence,South East,4 Neither,2020-Q1,497,1.1,0
Domestic Violence,SOUTH EAST,4 Neither,2020-Q1,500,1.1,0
Domestic Violence,South East,4 Neither,2020-Q2,480,1,0.1
Domestic Violence,SOUTH EAST,4 Neither,2020-Q2,484,1.1,0.1
Domestic Violence,South East,4 Neither,2020-Q3,541,1.3,0.1
Domestic Violence,SOUTH EAST,4 Neither,2020-Q3,534,1.4,0.1
Domestic Violence,South East,4 Neither,2020-Q4,476,1.9,0.3
Domestic Violence,SOUTH EAST,4 Neither,2020-Q4,472,2,0.3
Domestic Violence,South East,4 Neither,2021-Q1,406,1.9,0.4
Domestic Violence,SOUTH EAST,4 Neither,2021-Q1,402,1.8,0.4
Domestic Violence,South East,4 Neither,2021-Q2,409,1.9,0.4
Domestic Violence,SOUTH EAST,4 Neither,2021-Q2,407,1.9,0.4
Domestic Violence,South East,4 Neither,2021-Q3,450,1.6,0.1
Domestic Violence,SOUTH EAST,4 Neither,2021-Q3,449,1.6,0.1
Domestic Violence,South East,4 Neither,2021-Q4,460,1.7,0.3
Domestic Violence,SOUTH EAST,4 Neither,2021-Q4,461,1.8,0.3
Domestic Violence,South East,4 Neither,2022-Q1,472,1.6,0.3
Domestic Violence,SOUTH EAST,4 Neither,2022-Q1,468,1.6,0.3
Domestic Violence,South East,4 Neither,2022-Q2,440,2.1,0.3
Domestic Violence,SOUTH EAST,4 Neither,2022-Q2,441,2.3,0.3
Domestic Violence,South East,4 Neither,2022-Q3,503,2.9,0.6
Domestic Violence,SOUTH EAST,4 Neither,2022-Q3,498,2.9,0.6
Domestic Violence,South East,4 Neither,2022-Q4,461,2.7,0.4
Domestic Violence,SOUTH EAST,4 Neither,2022-Q4,461,2.7,0.4
Domestic Violence,South East,4 Neither,2023-Q1,532,2.9,0.4
Domestic Violence,SOUTH EAST,4 Neither,2023-Q1,532,2.9,0.4
Domestic Violence,South East,4 Neither,2023-Q2,472,3.4,0.6
Domestic Violence,SOUTH EAST,4 Neither,2023-Q2,468,3.6,0.6
Domestic Violence,South East,4 Neither,2023-Q3,510,4,0.4
Domestic Violence,SOUTH EAST,4 Neither,2023-Q3,503,4.1,0.4
Domestic Violence,South East,4 Neither,2023-Q4,489,1.9,0.3
Domestic Violence,SOUTH EAST,4 Neither,2023-Q4,486,1.9,0.3
Domestic Violence,South East,4 Neither,2024-Q1,504,1.9,0.4
Domestic Violence,SOUTH EAST,4 Neither,2024-Q1,506,2,0.4
Domestic Violence,South East,4 Neither,2024-Q2,498,2.4,0.6
Domestic Violence,SOUTH EAST,4 Neither,2024-Q2,499,2.6,0.6
Domestic Violence,South East,4 Neither,2024-Q3,466,3.3,0.4
Domestic Violence,SOUTH EAST,4 Neither,2024-Q3,465,3.4,0.4
Domestic Violence,South East,4 Neither,2024-Q4,550,1.4,0.3
Domestic Violence,SOUTH EAST,4 Neither,2024-Q4,551,1.6,0.3
Domestic Violence,South East,4 Neither,2025-Q1,571,1.4,0.4
Domestic Violence,SOUTH EAST,4 Neither,2025-Q1,564,1.5,0.4
Domestic Violence,South East,4 Neither,2025-Q2,570,1.4,0.3
Domestic Violence,SOUTH EAST,4 Neither,2025-Q2,561,1.5,0.3
Domestic Violence,South East,4 Neither,2025-Q3,602,1,0.1
Domestic Violence,SOUTH EAST,4 Neither,2025-Q3,615,1.1,0.1
Domestic Violence,South East,4 Neither,2025-Q4,648,1.3,0.1
Domestic Violence,South East,All types,2011-Q1,684,0.3,0
Domestic Violence,SOUTH EAST,All types,2011-Q1,723,1,0
Domestic Violence,South East,All types,2011-Q2,725,0.7,0
Domestic Violence,SOUTH EAST,All types,2011-Q2,726,1.5,0
Domestic Violence,South East,All types,2011-Q3,811,0.7,0
Domestic Violence,SOUTH EAST,All types,2011-Q3,810,0.8,0
Domestic Violence,South East,All types,2011-Q4,719,0.9,0
Domestic Violence,SOUTH EAST,All types,2011-Q4,720,1,0
Domestic Violence,South East,All types,2012-Q1,839,0.6,0
Domestic Violence,SOUTH EAST,All types,2012-Q1,837,0.7,0
Domestic Violence,South East,All types,2012-Q2,781,0.6,0
Domestic Violence,SOUTH EAST,All types,2012-Q2,780,0.6,0
Domestic Violence,South East,All types,2012-Q3,859,0.7,0
Domestic Violence,SOUTH EAST,All types,2012-Q3,859,1,0
Domestic Violence,South East,All types,2012-Q4,809,0.6,0
Domestic Violence,SOUTH EAST,All types,2012-Q4,811,1,0
Domestic Violence,South East,All types,2013-Q1,876,0.6,0
Domestic Violence,SOUTH EAST,All types,2013-Q1,874,0.7,0
Domestic Violence,South East,All types,2013-Q2,922,0.7,0
Domestic Violence,SOUTH EAST,All types,2013-Q2,922,0.7,0
Domestic Violence,South East,All types,2013-Q3,1007,0.7,0
Domestic Violence,SOUTH EAST,All types,2013-Q3,1009,1.3,0
Domestic Violence,South East,All types,2013-Q4,943,0.7,0
Domestic Violence,SOUTH EAST,All types,2013-Q4,949,2.3,0
Domestic Violence,South East,All types,2014-Q1,971,0.6,0
Domestic Violence,SOUTH EAST,All types,2014-Q1,969,0.7,0
Domestic Violence,South East,All types,2014-Q2,993,0.6,0
Domestic Violence,SOUTH EAST,All types,2014-Q2,993,0.7,0
Domestic Violence,South East,All types,2014-Q3,1058,0.7,0
Domestic Violence,SOUTH EAST,All types,2014-Q3,1059,0.8,0
Domestic Violence,South East,All types,2014-Q4,994,0.6,0
Domestic Violence,SOUTH EAST,All types,2014-Q4,998,0.7,0
Domestic Violence,South East,All types,2015-Q1,1001,0.6,0
Domestic Violence,SOUTH EAST,All types,2015-Q1,1002,0.7,0
Domestic Violence,South East,All types,2015-Q2,1012,0.7,0
Domestic Violence,SOUTH EAST,All types,2015-Q2,1012,0.8,0
Domestic Violence,South East,All types,2015-Q3,1033,0.6,0
Domestic Violence,SOUTH EAST,All types,2015-Q3,1034,0.6,0
Domestic Violence,South East,All types,2015-Q4,991,0.4,0
Domestic Violence,SOUTH EAST,All types,2015-Q4,989,0.5,0
Domestic Violence,South East,All types,2016-Q1,924,0.6,0
Domestic Violence,SOUTH EAST,All types,2016-Q1,924,0.6,0
Domestic Violence,South East,All types,2016-Q2,1078,0.6,0
Domestic Violence,SOUTH EAST,All types,2016-Q2,1078,0.7,0
Domestic Violence,South East,All types,2016-Q3,1036,0.6,0
Domestic Violence,SOUTH EAST,All types,2016-Q3,1037,0.7,0
Domestic Violence,South East,All types,2016-Q4,982,0.7,0
Domestic Violence,SOUTH EAST,All types,2016-Q4,984,0.8,0
Domestic Violence,South East,All types,2017-Q1,1029,0.6,0
Domestic Violence,SOUTH EAST,All types,2017-Q1,1027,0.7,0
Domestic Violence,South East,All types,2017-Q2,964,0.9,0
Domestic Violence,SOUTH EAST,All types,2017-Q2,966,0.9,0
Domestic Violence,South East,All types,2017-Q3,1093,0.7,0
Domestic Violence,SOUTH EAST,All types,2017-Q3,1093,0.8,0
Domestic Violence,South East,All types,2017-Q4,1039,0.7,0
Domestic Violence,SOUTH EAST,All types,2017-Q4,1036,0.8,0
Domestic Violence,South East,All types,2018-Q1,1118,0.6,0
Domestic Violence,SOUTH EAST,All types,2018-Q1,1115,0.7,0
Domestic Violence,South East,All types,2018-Q2,1061,0.7,0
Domestic Violence,SOUTH EAST,All types,2018-Q2,1059,0.9,0
Domestic Violence,South East,All types,2018-Q3,1095,0.6,0
Domestic Violence,SOUTH EAST,All types,2018-Q3,1093,0.7,0
Domestic Violence,South East,All types,2018-Q4,1126,0.7,0
Domestic Violence,SOUTH EAST,All types,2018-Q4,1122,0.8,0
Domestic Violence,South East,All types,2019-Q1,1307,0.7,0
Domestic Violence,SOUTH EAST,All types,2019-Q1,1303,0.8,0
Domestic Violence,South East,All types,2019-Q2,1228,0.7,0
Domestic Violence,SOUTH EAST,All types,2019-Q2,1228,1.2,0
Domestic Violence,South East,All types,2019-Q3,1413,0.9,0
Domestic Violence,SOUTH EAST,All types,2019-Q3,1413,0.9,0
Domestic Violence,South East,All types,2019-Q4,1542,0.7,0
Domestic Violence,SOUTH EAST,All types,2019-Q4,1538,0.8,0
Domestic Violence,South East,All types,2020-Q1,1583,0.7,0
Domestic Violence,SOUTH EAST,All types,2020-Q1,1584,0.8,0
Domestic Violence,South East,All types,2020-Q2,1728,0.7,0
Domestic Violence,SOUTH EAST,All types,2020-Q2,1729,0.8,0
Domestic Violence,South East,All types,2020-Q3,1892,0.9,0.1
Domestic Violence,SOUTH EAST,All types,2020-Q3,1878,0.9,0.1
Domestic Violence,South East,All types,2020-Q4,1755,1,0.1
Domestic Violence,SOUTH EAST,All types,2020-Q4,1751,1.1,0.1
Domestic Violence,South East,All types,2021-Q1,1709,1.3,0.1
Domestic Violence,SOUTH EAST,All types,2021-Q1,1701,1.3,0.1
Domestic Violence,South East,All types,2021-Q2,1642,1.1,0.1
Domestic Violence,SOUTH EAST,All types,2021-Q2,1637,1.3,0.1
Domestic Violence,South East,All types,2021-Q3,1714,1.3,0.1
Domestic Violence,SOUTH EAST,All types,2021-Q3,1717,1.3,0.1
Domestic Violence,South East,All types,2021-Q4,1682,1.4,0.1
Domestic Violence,SOUTH EAST,All types,2021-Q4,1680,1.6,0.1
Domestic Violence,South East,All types,2022-Q1,1775,1.6,0.1
Domestic Violence,SOUTH EAST,All types,2022-Q1,1761,1.6,0.1
Domestic Violence,South East,All types,2022-Q2,1716,2.3,0.3
Domestic Violence,SOUTH EAST,All types,2022-Q2,1715,2.4,0.3
Domestic Violence,South East,All types,2022-Q3,1893,2.7,0.3
Domestic Violence,SOUTH EAST,All types,2022-Q3,1885,2.8,0.3
Domestic Violence,South East,All types,2022-Q4,1774,2.4,0.3
Domestic Violence,SOUTH EAST,All types,2022-Q4,1775,2.6,0.3
Domestic Violence,South East,All types,2023-Q1,1839,2.6,0.3
Domestic Violence,SOUTH EAST,All types,2023-Q1,1837,2.6,0.3
Domestic Violence,South East,All types,2023-Q2,1793,3.1,0.6
Domestic Violence,SOUTH EAST,All types,2023-Q2,1791,3.2,0.6
Domestic Violence,South East,All types,2023-Q3,1663,2.7,0.4
Domestic Violence,SOUTH EAST,All types,2023-Q3,1655,2.7,0.4
Domestic Violence,South East,All types,2023-Q4,1664,2,0.4
Domestic Violence,SOUTH EAST,All types,2023-Q4,1661,2.1,0.4
Domestic Violence,South East,All types,2024-Q1,1694,1.7,0.4
Domestic Violence,SOUTH EAST,All types,2024-Q1,1696,1.8,0.4
Domestic Violence,South East,All types,2024-Q2,1710,2,0.4
Domestic Violence,SOUTH EAST,All types,2024-Q2,1708,2.1,0.4
Domestic Violence,South East,All types,2024-Q3,1710,2.3,0.4
Domestic Violence,SOUTH EAST,All types,2024-Q3,1708,2.3,0.4
Domestic Violence,South East,All types,2024-Q4,1651,1.6,0.4
Domestic Violence,SOUTH EAST,All types,2024-Q4,1655,1.6,0.4
Domestic Violence,South East,All types,2025-Q1,1715,1.4,0.4
Domestic Violence,SOUTH EAST,All types,2025-Q1,1720,1.5,0.4
Domestic Violence,South East,All types,2025-Q2,1702,1.3,0.3
Domestic Violence,SOUTH EAST,All types,2025-Q2,1697,1.4,0.3
Domestic Violence,South East,All types,2025-Q3,1920,1,0.1
Domestic Violence,SOUTH EAST,All types,2025-Q3,1923,1.1,0.1
Domestic Violence,South East,All types,2025-Q4,1791,1.1,0.1
Domestic Violence,South West,1 Both,2011-Q1,98,0.6,0
Domestic Violence,SOUTH WEST,1 Both,2011-Q1,103,1.1,0
Domestic Violence,South West,1 Both,2011-Q2,81,0.4,0
Domestic Violence,SOUTH WEST,1 Both,2011-Q2,82,1.2,0
Domestic Violence,South West,1 Both,2011-Q3,88,0.9,0
Domestic Violence,SOUTH WEST,1 Both,2011-Q3,88,0.9,0
Domestic Violence,South West,1 Both,2011-Q4,78,0.6,0
Domestic Violence,SOUTH WEST,1 Both,2011-Q4,78,0.6,0
Domestic Violence,South West,1 Both,2012-Q1,70,1.3,0
Domestic Violence,SOUTH WEST,1 Both,2012-Q1,71,1.3,0
Domestic Violence,South West,1 Both,2012-Q2,51,0.3,0
Domestic Violence,SOUTH WEST,1 Both,2012-Q2,51,0.3,0
Domestic Violence,South West,1 Both,2012-Q3,62,0.4,0
Domestic Violence,SOUTH WEST,1 Both,2012-Q3,62,0.5,0
Domestic Violence,South West,1 Both,2012-Q4,63,0.6,0
Domestic Violence,SOUTH WEST,1 Both,2012-Q4,63,0.6,0
Domestic Violence,South West,1 Both,2013-Q1,63,0.4,0
Domestic Violence,SOUTH WEST,1 Both,2013-Q1,63,0.5,0
Domestic Violence,South West,1 Both,2013-Q2,40,0.3,0
Domestic Violence,SOUTH WEST,1 Both,2013-Q2,40,0.3,0
Domestic Violence,South West,1 Both,2013-Q3,40,0.7,0
Domestic Violence,SOUTH WEST,1 Both,2013-Q3,40,0.8,0
Domestic Violence,South West,1 Both,2013-Q4,45,0.7,0
Domestic Violence,SOUTH WEST,1 Both,2013-Q4,45,0.8,0
Domestic Violence,South West,1 Both,2014-Q1,37,0.9,0
Domestic Violence,SOUTH WEST,1 Both,2014-Q1,37,1,0
Domestic Violence,South West,1 Both,2014-Q2,48,0.7,0
Domestic Violence,SOUTH WEST,1 Both,2014-Q2,48,0.8,0
Domestic Violence,South West,1 Both,2014-Q3,59,0.4,0
Domestic Violence,SOUTH WEST,1 Both,2014-Q3,59,0.4,0
Domestic Violence,South West,1 Both,2014-Q4,52,1.1,0
Domestic Violence,SOUTH WEST,1 Both,2014-Q4,52,1.2,0
Domestic Violence,South West,1 Both,2015-Q1,54,0.3,0
Domestic Violence,SOUTH WEST,1 Both,2015-Q1,53,0.3,0
Domestic Violence,South West,1 Both,2015-Q2,36,0.7,0
Domestic Violence,SOUTH WEST,1 Both,2015-Q2,36,0.8,0
Domestic Violence,South West,1 Both,2015-Q3,43,0.6,0
Domestic Violence,SOUTH WEST,1 Both,2015-Q3,42,0.5,0
Domestic Violence,South West,1 Both,2015-Q4,58,0.3,0
Domestic Violence,SOUTH WEST,1 Both,2015-Q4,57,0.4,0
Domestic Violence,South West,1 Both,2016-Q1,58,1.6,0
Domestic Violence,SOUTH WEST,1 Both,2016-Q1,58,1.6,0
Domestic Violence,South West,1 Both,2016-Q2,57,0.4,0
Domestic Violence,SOUTH WEST,1 Both,2016-Q2,57,0.5,0
Domestic Violence,South West,1 Both,2016-Q3,42,0.9,0
Domestic Violence,SOUTH WEST,1 Both,2016-Q3,42,0.9,0
Domestic Violence,South West,1 Both,2016-Q4,53,0.7,0
Domestic Violence,SOUTH WEST,1 Both,2016-Q4,53,0.7,0
Domestic Violence,South West,1 Both,2017-Q1,45,0.7,0
Domestic Violence,SOUTH WEST,1 Both,2017-Q1,45,0.8,0
Domestic Violence,South West,1 Both,2017-Q2,48,0.7,0
Domestic Violence,SOUTH WEST,1 Both,2017-Q2,48,0.8,0
Domestic Violence,South West,1 Both,2017-Q3,48,1.1,0
Domestic Violence,SOUTH WEST,1 Both,2017-Q3,48,1.2,0
Domestic Violence,South West,1 Both,2017-Q4,51,0.3,0
Domestic Violence,SOUTH WEST,1 Both,2017-Q4,51,0.4,0
Domestic Violence,South West,1 Both,2018-Q1,43,0.7,0
Domestic Violence,SOUTH WEST,1 Both,2018-Q1,43,0.8,0
Domestic Violence,South West,1 Both,2018-Q2,41,0.7,0
Domestic Violence,SOUTH WEST,1 Both,2018-Q2,41,0.8,0
Domestic Violence,South West,1 Both,2018-Q3,35,1.1,0
Domestic Violence,SOUTH WEST,1 Both,2018-Q3,35,1.2,0
Domestic Violence,South West,1 Both,2018-Q4,37,0.9,0
Domestic Violence,SOUTH WEST,1 Both,2018-Q4,37,1.1,0
Domestic Violence,South West,1 Both,2019-Q1,36,0.9,0
Domestic Violence,SOUTH WEST,1 Both,2019-Q1,34,0.3,0
Domestic Violence,South West,1 Both,2019-Q2,41,1,0
Domestic Violence,SOUTH WEST,1 Both,2019-Q2,41,1.1,0
Domestic Violence,South West,1 Both,2019-Q3,51,0.6,0
Domestic Violence,SOUTH WEST,1 Both,2019-Q3,51,0.7,0
Domestic Violence,South West,1 Both,2019-Q4,42,0.6,0
Domestic Violence,SOUTH WEST,1 Both,2019-Q4,42,0.6,0
Domestic Violence,South West,1 Both,2020-Q1,55,0.1,0
Domestic Violence,SOUTH WEST,1 Both,2020-Q1,55,0.2,0
Domestic Violence,South West,1 Both,2020-Q2,76,1,0
Domestic Violence,SOUTH WEST,1 Both,2020-Q2,75,1,0
Domestic Violence,South West,1 Both,2020-Q3,100,0.3,0
Domestic Violence,SOUTH WEST,1 Both,2020-Q3,98,0.3,0
Domestic Violence,South West,1 Both,2020-Q4,82,0.6,0
Domestic Violence,SOUTH WEST,1 Both,2020-Q4,81,0.7,0
Domestic Violence,South West,1 Both,2021-Q1,106,0.9,0
Domestic Violence,SOUTH WEST,1 Both,2021-Q1,106,0.9,0
Domestic Violence,South West,1 Both,2021-Q2,92,1,0.1
Domestic Violence,SOUTH WEST,1 Both,2021-Q2,91,1,0.1
Domestic Violence,South West,1 Both,2021-Q3,82,0.9,0
Domestic Violence,SOUTH WEST,1 Both,2021-Q3,81,0.9,0
Domestic Violence,South West,1 Both,2021-Q4,84,0.7,0
Domestic Violence,SOUTH WEST,1 Both,2021-Q4,84,0.8,0
Domestic Violence,South West,1 Both,2022-Q1,92,0.7,0.1
Domestic Violence,SOUTH WEST,1 Both,2022-Q1,92,0.7,0.1
Domestic Violence,South West,1 Both,2022-Q2,62,0.9,0.1
Domestic Violence,SOUTH WEST,1 Both,2022-Q2,62,0.9,0.1
Domestic Violence,South West,1 Both,2022-Q3,60,0.9,0.1
Domestic Violence,SOUTH WEST,1 Both,2022-Q3,60,0.9,0.1
Domestic Violence,South West,1 Both,2022-Q4,73,0.7,0
Domestic Violence,SOUTH WEST,1 Both,2022-Q4,73,0.8,0
Domestic Violence,South West,1 Both,2023-Q1,57,1.1,0.1
Domestic Violence,SOUTH WEST,1 Both,2023-Q1,57,1.2,0.1
Domestic Violence,South West,1 Both,2023-Q2,48,1,0.2
Domestic Violence,SOUTH WEST,1 Both,2023-Q2,50,1,0.2
Domestic Violence,South West,1 Both,2023-Q3,73,0.6,0.1
Domestic Violence,SOUTH WEST,1 Both,2023-Q3,73,0.6,0.1
Domestic Violence,South West,1 Both,2023-Q4,62,0.7,0.3
Domestic Violence,SOUTH WEST,1 Both,2023-Q4,61,0.9,0.3
Domestic Violence,South West,1 Both,2024-Q1,62,0.7,0.1
Domestic Violence,SOUTH WEST,1 Both,2024-Q1,62,0.8,0.1
Domestic Violence,South West,1 Both,2024-Q2,76,1,0.5
Domestic Violence,SOUTH WEST,1 Both,2024-Q2,78,1.1,0.5
Domestic Violence,South West,1 Both,2024-Q3,72,0.9,0.1
Domestic Violence,SOUTH WEST,1 Both,2024-Q3,72,1,0.1
Domestic Violence,South West,1 Both,2024-Q4,58,1.3,0.1
Domestic Violence,SOUTH WEST,1 Both,2024-Q4,57,1.4,0.1
Domestic Violence,South West,1 Both,2025-Q1,54,1.1,0.1
Domestic Violence,SOUTH WEST,1 Both,2025-Q1,54,1.2,0.1
Domestic Violence,South West,1 Both,2025-Q2,57,1,0.1
Domestic Violence,SOUTH WEST,1 Both,2025-Q2,59,1,0.1
Domestic Violence,South West,1 Both,2025-Q3,65,0.7,0.1
Domestic Violence,SOUTH WEST,1 Both,2025-Q3,61,0.9,0.1
Domestic Violence,South West,1 Both,2025-Q4,53,0.6,0.1
Domestic Violence,South West,2 Applicant Only,2011-Q1,300,0.3,0
Domestic Violence,SOUTH WEST,2 Applicant Only,2011-Q1,311,0.6,0
Domestic Violence,South West,2 Applicant Only,2011-Q2,325,0.4,0
Domestic Violence,SOUTH WEST,2 Applicant Only,2011-Q2,323,0.4,0
Domestic Violence,South West,2 Applicant Only,2011-Q3,342,0.4,0
Domestic Violence,SOUTH WEST,2 Applicant Only,2011-Q3,343,0.6,0
Domestic Violence,South West,2 Applicant Only,2011-Q4,291,0.4,0
Domestic Violence,SOUTH WEST,2 Applicant Only,2011-Q4,289,0.5,0
Domestic Violence,South West,2 Applicant Only,2012-Q1,305,0.3,0
Domestic Violence,SOUTH WEST,2 Applicant Only,2012-Q1,305,0.4,0
Domestic Violence,South West,2 Applicant Only,2012-Q2,318,0.7,0
Domestic Violence,SOUTH WEST,2 Applicant Only,2012-Q2,318,0.9,0
Domestic Violence,South West,2 Applicant Only,2012-Q3,315,0.6,0
Domestic Violence,SOUTH WEST,2 Applicant Only,2012-Q3,315,0.6,0
Domestic Violence,South West,2 Applicant Only,2012-Q4,286,0.6,0
Domestic Violence,SOUTH WEST,2 Applicant Only,2012-Q4,286,0.7,0
Domestic Violence,South West,2 Applicant Only,2013-Q1,335,0.6,0
Domestic Violence,SOUTH WEST,2 Applicant Only,2013-Q1,335,0.6,0
Domestic Violence,South West,2 Applicant Only,2013-Q2,337,0.7,0
Domestic Violence,SOUTH WEST,2 Applicant Only,2013-Q2,337,0.8,0
Domestic Violence,South West,2 Applicant Only,2013-Q3,392,0.7,0
Domestic Violence,SOUTH WEST,2 Applicant Only,2013-Q3,392,0.7,0
Domestic Violence,South West,2 Applicant Only,2013-Q4,305,0.4,0
Domestic Violence,SOUTH WEST,2 Applicant Only,2013-Q4,305,0.5,0
Domestic Violence,South West,2 Applicant Only,2014-Q1,305,0.3,0
Domestic Violence,SOUTH WEST,2 Applicant Only,2014-Q1,305,0.4,0
Domestic Violence,South West,2 Applicant Only,2014-Q2,302,0.4,0
Domestic Violence,SOUTH WEST,2 Applicant Only,2014-Q2,302,0.4,0
Domestic Violence,South West,2 Applicant Only,2014-Q3,329,0.4,0
Domestic Violence,SOUTH WEST,2 Applicant Only,2014-Q3,330,0.5,0
Domestic Violence,South West,2 Applicant Only,2014-Q4,320,0.4,0
Domestic Violence,SOUTH WEST,2 Applicant Only,2014-Q4,319,0.5,0
Domestic Violence,South West,2 Applicant Only,2015-Q1,315,0.4,0
Domestic Violence,SOUTH WEST,2 Applicant Only,2015-Q1,316,0.5,0
Domestic Violence,South West,2 Applicant Only,2015-Q2,289,0.4,0
Domestic Violence,SOUTH WEST,2 Applicant Only,2015-Q2,289,0.5,0
Domestic Violence,South West,2 Applicant Only,2015-Q3,308,0.3,0
Domestic Violence,SOUTH WEST,2 Applicant Only,2015-Q3,307,0.4,0
Domestic Violence,South West,2 Applicant Only,2015-Q4,293,0.1,0
Domestic Violence,SOUTH WEST,2 Applicant Only,2015-Q4,294,0.3,0
Domestic Violence,South West,2 Applicant Only,2016-Q1,295,0.4,0
Domestic Violence,SOUTH WEST,2 Applicant Only,2016-Q1,295,0.5,0
Domestic Violence,South West,2 Applicant Only,2016-Q2,313,0.3,0
Domestic Violence,SOUTH WEST,2 Applicant Only,2016-Q2,313,0.4,0
Domestic Violence,South West,2 Applicant Only,2016-Q3,318,0.3,0
Domestic Violence,SOUTH WEST,2 Applicant Only,2016-Q3,318,0.4,0
Domestic Violence,South West,2 Applicant Only,2016-Q4,300,0.3,0
Domestic Violence,SOUTH WEST,2 Applicant Only,2016-Q4,299,0.4,0
Domestic Violence,South West,2 Applicant Only,2017-Q1,327,0.4,0
Domestic Violence,SOUTH WEST,2 Applicant Only,2017-Q1,327,0.5,0
Domestic Violence,South West,2 Applicant Only,2017-Q2,307,0.1,0
Domestic Violence,SOUTH WEST,2 Applicant Only,2017-Q2,306,0.3,0
Domestic Violence,South West,2 Applicant Only,2017-Q3,339,0.4,0
Domestic Violence,SOUTH WEST,2 Applicant Only,2017-Q3,339,0.5,0
Domestic Violence,South West,2 Applicant Only,2017-Q4,310,0.3,0
Domestic Violence,SOUTH WEST,2 Applicant Only,2017-Q4,310,0.4,0
Domestic Violence,South West,2 Applicant Only,2018-Q1,319,0.6,0
Domestic Violence,SOUTH WEST,2 Applicant Only,2018-Q1,319,0.7,0
Domestic Violence,South West,2 Applicant Only,2018-Q2,251,0.4,0
Domestic Violence,SOUTH WEST,2 Applicant Only,2018-Q2,250,0.5,0
Domestic Violence,South West,2 Applicant Only,2018-Q3,258,0.4,0
Domestic Violence,SOUTH WEST,2 Applicant Only,2018-Q3,257,0.5,0
Domestic Violence,South West,2 Applicant Only,2018-Q4,283,0.3,0
Domestic Violence,SOUTH WEST,2 Applicant Only,2018-Q4,286,0.4,0
Domestic Violence,South West,2 Applicant Only,2019-Q1,289,0.3,0
Domestic Violence,SOUTH WEST,2 Applicant Only,2019-Q1,289,0.3,0
Domestic Violence,South West,2 Applicant Only,2019-Q2,300,0.4,0
Domestic Violence,SOUTH WEST,2 Applicant Only,2019-Q2,300,0.4,0
Domestic Violence,South West,2 Applicant Only,2019-Q3,347,0.4,0
Domestic Violence,SOUTH WEST,2 Applicant Only,2019-Q3,347,0.5,0
Domestic Violence,South West,2 Applicant Only,2019-Q4,358,0.4,0
Domestic Violence,SOUTH WEST,2 Applicant Only,2019-Q4,358,0.5,0
Domestic Violence,South West,2 Applicant Only,2020-Q1,304,0.4,0
Domestic Violence,SOUTH WEST,2 Applicant Only,2020-Q1,305,0.5,0
Domestic Violence,South West,2 Applicant Only,2020-Q2,380,0.3,0
Domestic Violence,SOUTH WEST,2 Applicant Only,2020-Q2,379,0.4,0
Domestic Violence,South West,2 Applicant Only,2020-Q3,421,0.4,0
Domestic Violence,SOUTH WEST,2 Applicant Only,2020-Q3,423,0.5,0
Domestic Violence,South West,2 Applicant Only,2020-Q4,480,0.4,0
Domestic Violence,SOUTH WEST,2 Applicant Only,2020-Q4,480,0.4,0
Domestic Violence,South West,2 Applicant Only,2021-Q1,488,0.9,0
Domestic Violence,SOUTH WEST,2 Applicant Only,2021-Q1,490,2.4,0
Domestic Violence,South West,2 Applicant Only,2021-Q2,423,0.6,0
Domestic Violence,SOUTH WEST,2 Applicant Only,2021-Q2,422,0.7,0
Domestic Violence,South West,2 Applicant Only,2021-Q3,459,0.4,0
Domestic Violence,SOUTH WEST,2 Applicant Only,2021-Q3,462,0.5,0
Domestic Violence,South West,2 Applicant Only,2021-Q4,469,0.4,0
Domestic Violence,SOUTH WEST,2 Applicant Only,2021-Q4,472,0.5,0
Domestic Violence,South West,2 Applicant Only,2022-Q1,482,0.6,0
Domestic Violence,SOUTH WEST,2 Applicant Only,2022-Q1,484,0.7,0
Domestic Violence,South West,2 Applicant Only,2022-Q2,422,0.9,0.1
Domestic Violence,SOUTH WEST,2 Applicant Only,2022-Q2,424,0.9,0.1
Domestic Violence,South West,2 Applicant Only,2022-Q3,488,1,0
Domestic Violence,SOUTH WEST,2 Applicant Only,2022-Q3,489,1.1,0
Domestic Violence,South West,2 Applicant Only,2022-Q4,448,0.6,0
Domestic Violence,SOUTH WEST,2 Applicant Only,2022-Q4,448,0.6,0
Domestic Violence,South West,2 Applicant Only,2023-Q1,486,1,0.1
Domestic Violence,SOUTH WEST,2 Applicant Only,2023-Q1,484,1,0.1
Domestic Violence,South West,2 Applicant Only,2023-Q2,406,0.7,0.1
Domestic Violence,SOUTH WEST,2 Applicant Only,2023-Q2,409,0.8,0.1
Domestic Violence,South West,2 Applicant Only,2023-Q3,465,0.7,0.1
Domestic Violence,SOUTH WEST,2 Applicant Only,2023-Q3,465,0.8,0.1
Domestic Violence,South West,2 Applicant Only,2023-Q4,423,0.7,0.1
Domestic Violence,SOUTH WEST,2 Applicant Only,2023-Q4,423,0.8,0.1
Domestic Violence,South West,2 Applicant Only,2024-Q1,421,0.9,0.1
Domestic Violence,SOUTH WEST,2 Applicant Only,2024-Q1,421,0.9,0.1
Domestic Violence,South West,2 Applicant Only,2024-Q2,435,0.7,0.1
Domestic Violence,SOUTH WEST,2 Applicant Only,2024-Q2,436,0.8,0.1
Domestic Violence,South West,2 Applicant Only,2024-Q3,463,1,0.3
Domestic Violence,SOUTH WEST,2 Applicant Only,2024-Q3,469,1,0.3
Domestic Violence,South West,2 Applicant Only,2024-Q4,365,1,0.1
Domestic Violence,SOUTH WEST,2 Applicant Only,2024-Q4,367,1,0.1
Domestic Violence,South West,2 Applicant Only,2025-Q1,387,0.9,0.1
Domestic Violence,SOUTH WEST,2 Applicant Only,2025-Q1,391,1,0.1
Domestic Violence,South West,2 Applicant Only,2025-Q2,358,1,0.1
Domestic Violence,SOUTH WEST,2 Applicant Only,2025-Q2,366,1,0.1
Domestic Violence,South West,2 Applicant Only,2025-Q3,412,1,0.1
Domestic Violence,SOUTH WEST,2 Applicant Only,2025-Q3,443,1,0.1
Domestic Violence,South West,2 Applicant Only,2025-Q4,427,1,0.1
Domestic Violence,South West,3 Respondent Only,2011-Q1,9,1.1,0.1
Domestic Violence,SOUTH WEST,3 Respondent Only,2011-Q1,8,1.3,0.5
Domestic Violence,South West,3 Respondent Only,2011-Q2,7,0,0
Domestic Violence,SOUTH WEST,3 Respondent Only,2011-Q2,7,0,0
Domestic Violence,South West,3 Respondent Only,2011-Q3,15,0.7,0
Domestic Violence,SOUTH WEST,3 Respondent Only,2011-Q3,14,0.8,0
Domestic Violence,South West,3 Respondent Only,2011-Q4,9,0.9,1
Domestic Violence,SOUTH WEST,3 Respondent Only,2011-Q4,9,0.9,1
Domestic Violence,South West,3 Respondent Only,2012-Q1,11,0.4,0
Domestic Violence,SOUTH WEST,3 Respondent Only,2012-Q1,11,0.5,0
Domestic Violence,South West,3 Respondent Only,2012-Q2,12,1,0
Domestic Violence,SOUTH WEST,3 Respondent Only,2012-Q2,12,1.1,0
Domestic Violence,South West,3 Respondent Only,2012-Q3,8,3.3,0
Domestic Violence,SOUTH WEST,3 Respondent Only,2012-Q3,7,3.8,0
Domestic Violence,South West,3 Respondent Only,2012-Q4,10,0.1,0
Domestic Violence,SOUTH WEST,3 Respondent Only,2012-Q4,10,0.2,0
Domestic Violence,South West,3 Respondent Only,2013-Q1,8,0.9,0
Domestic Violence,SOUTH WEST,3 Respondent Only,2013-Q1,8,0.9,0
Domestic Violence,South West,3 Respondent Only,2013-Q2,10,0.4,0
Domestic Violence,SOUTH WEST,3 Respondent Only,2013-Q2,10,0.4,0
Domestic Violence,South West,3 Respondent Only,2013-Q3,11,1.4,0
Domestic Violence,SOUTH WEST,3 Respondent Only,2013-Q3,11,1.5,0
Domestic Violence,South West,3 Respondent Only,2013-Q4,7,1,0
Domestic Violence,SOUTH WEST,3 Respondent Only,2013-Q4,7,1.1,0
Domestic Violence,South West,3 Respondent Only,2014-Q1,7,1.6,0
Domestic Violence,SOUTH WEST,3 Respondent Only,2014-Q1,7,1.6,0
Domestic Violence,South West,3 Respondent Only,2014-Q2,7,0.1,0
Domestic Violence,SOUTH WEST,3 Respondent Only,2014-Q2,7,0.2,0
Domestic Violence,South West,3 Respondent Only,2014-Q3,9,0.9,0
Domestic Violence,SOUTH WEST,3 Respondent Only,2014-Q3,9,1,0
Domestic Violence,South West,3 Respondent Only,2014-Q4,11,2.4,0
Domestic Violence,SOUTH WEST,3 Respondent Only,2014-Q4,11,2.5,0
Domestic Violence,South West,3 Respondent Only,2015-Q1,15,0.6,0
Domestic Violence,SOUTH WEST,3 Respondent Only,2015-Q1,15,0.6,0
Domestic Violence,South West,3 Respondent Only,2015-Q2,15,3.6,1.3
Domestic Violence,SOUTH WEST,3 Respondent Only,2015-Q2,15,3.7,1.3
Domestic Violence,South West,3 Respondent Only,2015-Q3,9,0.4,0
Domestic Violence,SOUTH WEST,3 Respondent Only,2015-Q3,10,0.9,0.1
Domestic Violence,South West,3 Respondent Only,2015-Q4,11,0.6,0
Domestic Violence,SOUTH WEST,3 Respondent Only,2015-Q4,11,0.7,0
Domestic Violence,South West,3 Respondent Only,2016-Q1,14,1.1,0
Domestic Violence,SOUTH WEST,3 Respondent Only,2016-Q1,14,1.3,0
Domestic Violence,South West,3 Respondent Only,2016-Q2,11,1.7,0
Domestic Violence,SOUTH WEST,3 Respondent Only,2016-Q2,11,1.8,0
Domestic Violence,South West,3 Respondent Only,2016-Q3,11,1.7,0
Domestic Violence,SOUTH WEST,3 Respondent Only,2016-Q3,11,1.8,0
Domestic Violence,South West,3 Respondent Only,2016-Q4,11,0.1,0
Domestic Violence,SOUTH WEST,3 Respondent Only,2016-Q4,11,0.2,0
Domestic Violence,South West,3 Respondent Only,2017-Q1,19,1.4,0
Domestic Violence,SOUTH WEST,3 Respondent Only,2017-Q1,19,1.5,0
Domestic Violence,South West,3 Respondent Only,2017-Q2,16,3.4,0.2
Domestic Violence,SOUTH WEST,3 Respondent Only,2017-Q2,16,3.6,0.2
Domestic Violence,South West,3 Respondent Only,2017-Q3,18,2,0.4
Domestic Violence,SOUTH WEST,3 Respondent Only,2017-Q3,19,2.1,0.7
Domestic Violence,South West,3 Respondent Only,2017-Q4,13,1.1,0.7
Domestic Violence,SOUTH WEST,3 Respondent Only,2017-Q4,13,1.2,0.7
Domestic Violence,South West,3 Respondent Only,2018-Q1,15,1,0.3
Domestic Violence,SOUTH WEST,3 Respondent Only,2018-Q1,15,1.1,0.3
Domestic Violence,South West,3 Respondent Only,2018-Q2,17,1.1,0
Domestic Violence,SOUTH WEST,3 Respondent Only,2018-Q2,17,1.2,0
Domestic Violence,South West,3 Respondent Only,2018-Q3,22,0.7,0
Domestic Violence,SOUTH WEST,3 Respondent Only,2018-Q3,21,0.7,0
Domestic Violence,South West,3 Respondent Only,2018-Q4,20,1.3,0
Domestic Violence,SOUTH WEST,3 Respondent Only,2018-Q4,20,1.4,0
Domestic Violence,South West,3 Respondent Only,2019-Q1,22,0.7,0
Domestic Violence,SOUTH WEST,3 Respondent Only,2019-Q1,24,1.7,0
Domestic Violence,South West,3 Respondent Only,2019-Q2,18,0.7,0
Domestic Violence,SOUTH WEST,3 Respondent Only,2019-Q2,18,0.8,0
Domestic Violence,South West,3 Respondent Only,2019-Q3,21,0.1,0
Domestic Violence,SOUTH WEST,3 Respondent Only,2019-Q3,21,0.3,0
Domestic Violence,South West,3 Respondent Only,2019-Q4,21,1.3,0.1
Domestic Violence,SOUTH WEST,3 Respondent Only,2019-Q4,21,1.3,0.1
Domestic Violence,South West,3 Respondent Only,2020-Q1,31,0.9,0
Domestic Violence,SOUTH WEST,3 Respondent Only,2020-Q1,31,0.9,0
Domestic Violence,South West,3 Respondent Only,2020-Q2,43,0.4,0
Domestic Violence,SOUTH WEST,3 Respondent Only,2020-Q2,43,0.6,0
Domestic Violence,South West,3 Respondent Only,2020-Q3,33,0.6,0.1
Domestic Violence,SOUTH WEST,3 Respondent Only,2020-Q3,34,0.7,0.2
Domestic Violence,South West,3 Respondent Only,2020-Q4,43,1.1,0.1
Domestic Violence,SOUTH WEST,3 Respondent Only,2020-Q4,44,1.2,0.1
Domestic Violence,South West,3 Respondent Only,2021-Q1,32,0.7,0.1
Domestic Violence,SOUTH WEST,3 Respondent Only,2021-Q1,35,0.9,0.1
Domestic Violence,South West,3 Respondent Only,2021-Q2,37,0.6,0
Domestic Violence,SOUTH WEST,3 Respondent Only,2021-Q2,39,0.7,0
Domestic Violence,South West,3 Respondent Only,2021-Q3,38,0.6,0
Domestic Violence,SOUTH WEST,3 Respondent Only,2021-Q3,39,0.7,0
Domestic Violence,South West,3 Respondent Only,2021-Q4,36,0.9,0.2
Domestic Violence,SOUTH WEST,3 Respondent Only,2021-Q4,37,0.9,0.1
Domestic Violence,South West,3 Respondent Only,2022-Q1,36,0.9,0
Domestic Violence,SOUTH WEST,3 Respondent Only,2022-Q1,36,0.9,0
Domestic Violence,South West,3 Respondent Only,2022-Q2,36,1,0.4
Domestic Violence,SOUTH WEST,3 Respondent Only,2022-Q2,36,1.1,0.4
Domestic Violence,South West,3 Respondent Only,2022-Q3,38,0.4,0.1
Domestic Violence,SOUTH WEST,3 Respondent Only,2022-Q3,38,0.5,0.1
Domestic Violence,South West,3 Respondent Only,2022-Q4,40,0.9,0.3
Domestic Violence,SOUTH WEST,3 Respondent Only,2022-Q4,41,1.1,0.3
Domestic Violence,South West,3 Respondent Only,2023-Q1,28,1.7,0.6
Domestic Violence,SOUTH WEST,3 Respondent Only,2023-Q1,28,1.7,0.6
Domestic Violence,South West,3 Respondent Only,2023-Q2,34,0.9,0.1
Domestic Violence,SOUTH WEST,3 Respondent Only,2023-Q2,33,0.9,0.1
Domestic Violence,South West,3 Respondent Only,2023-Q3,30,0.7,0.2
Domestic Violence,SOUTH WEST,3 Respondent Only,2023-Q3,30,0.8,0.2
Domestic Violence,South West,3 Respondent Only,2023-Q4,36,1.7,0.8
Domestic Violence,SOUTH WEST,3 Respondent Only,2023-Q4,36,1.8,0.8
Domestic Violence,South West,3 Respondent Only,2024-Q1,31,0.7,0.4
Domestic Violence,SOUTH WEST,3 Respondent Only,2024-Q1,31,0.8,0.4
Domestic Violence,South West,3 Respondent Only,2024-Q2,32,1,0.6
Domestic Violence,SOUTH WEST,3 Respondent Only,2024-Q2,32,1.1,0.6
Domestic Violence,South West,3 Respondent Only,2024-Q3,39,1,0.4
Domestic Violence,SOUTH WEST,3 Respondent Only,2024-Q3,39,1.1,0.4
Domestic Violence,South West,3 Respondent Only,2024-Q4,36,1.1,0.1
Domestic Violence,SOUTH WEST,3 Respondent Only,2024-Q4,36,1.2,0.2
Domestic Violence,South West,3 Respondent Only,2025-Q1,33,1.1,0.4
Domestic Violence,SOUTH WEST,3 Respondent Only,2025-Q1,32,1.2,0.4
Domestic Violence,South West,3 Respondent Only,2025-Q2,26,0.9,0.3
Domestic Violence,SOUTH WEST,3 Respondent Only,2025-Q2,24,0.9,0.2
Domestic Violence,South West,3 Respondent Only,2025-Q3,40,0.6,0.1
Domestic Violence,SOUTH WEST,3 Respondent Only,2025-Q3,34,0.7,0.1
Domestic Violence,South West,3 Respondent Only,2025-Q4,50,0.7,0.1
Domestic Violence,South West,4 Neither,2011-Q1,58,0.6,0
Domestic Violence,SOUTH WEST,4 Neither,2011-Q1,60,0.9,0
Domestic Violence,South West,4 Neither,2011-Q2,52,0.6,0
Domestic Violence,SOUTH WEST,4 Neither,2011-Q2,51,0.6,0
Domestic Violence,South West,4 Neither,2011-Q3,48,0.9,0
Domestic Violence,SOUTH WEST,4 Neither,2011-Q3,48,0.9,0
Domestic Violence,South West,4 Neither,2011-Q4,33,1.7,0
Domestic Violence,SOUTH WEST,4 Neither,2011-Q4,34,1.7,0
Domestic Violence,South West,4 Neither,2012-Q1,42,0.6,0
Domestic Violence,SOUTH WEST,4 Neither,2012-Q1,42,0.7,0
Domestic Violence,South West,4 Neither,2012-Q2,49,1.1,0
Domestic Violence,SOUTH WEST,4 Neither,2012-Q2,49,1.2,0
Domestic Violence,South West,4 Neither,2012-Q3,56,0.7,0
Domestic Violence,SOUTH WEST,4 Neither,2012-Q3,57,0.7,0
Domestic Violence,South West,4 Neither,2012-Q4,53,0.7,0
Domestic Violence,SOUTH WEST,4 Neither,2012-Q4,53,0.8,0
Domestic Violence,South West,4 Neither,2013-Q1,60,1,0
Domestic Violence,SOUTH WEST,4 Neither,2013-Q1,60,1,0
Domestic Violence,South West,4 Neither,2013-Q2,62,0.9,0
Domestic Violence,SOUTH WEST,4 Neither,2013-Q2,62,1,0
Domestic Violence,South West,4 Neither,2013-Q3,78,1,0
Domestic Violence,SOUTH WEST,4 Neither,2013-Q3,78,1.1,0
Domestic Violence,South West,4 Neither,2013-Q4,87,1,0
Domestic Violence,SOUTH WEST,4 Neither,2013-Q4,87,1,0
Domestic Violence,South West,4 Neither,2014-Q1,70,1.1,0
Domestic Violence,SOUTH WEST,4 Neither,2014-Q1,70,1.2,0
Domestic Violence,South West,4 Neither,2014-Q2,102,0.9,0
Domestic Violence,SOUTH WEST,4 Neither,2014-Q2,102,1,0
Domestic Violence,South West,4 Neither,2014-Q3,89,1.3,0
Domestic Violence,SOUTH WEST,4 Neither,2014-Q3,89,1.3,0
Domestic Violence,South West,4 Neither,2014-Q4,117,1.1,0
Domestic Violence,SOUTH WEST,4 Neither,2014-Q4,117,1.3,0
Domestic Violence,South West,4 Neither,2015-Q1,67,1.3,0
Domestic Violence,SOUTH WEST,4 Neither,2015-Q1,67,1.3,0
Domestic Violence,South West,4 Neither,2015-Q2,100,1,0
Domestic Violence,SOUTH WEST,4 Neither,2015-Q2,100,1.1,0
Domestic Violence,South West,4 Neither,2015-Q3,102,1,0
Domestic Violence,SOUTH WEST,4 Neither,2015-Q3,102,1.1,0
Domestic Violence,South West,4 Neither,2015-Q4,91,1,0
Domestic Violence,SOUTH WEST,4 Neither,2015-Q4,93,1.1,0
Domestic Violence,South West,4 Neither,2016-Q1,106,0.9,0
Domestic Violence,SOUTH WEST,4 Neither,2016-Q1,106,1,0
Domestic Violence,South West,4 Neither,2016-Q2,99,0.6,0
Domestic Violence,SOUTH WEST,4 Neither,2016-Q2,98,0.7,0
Domestic Violence,South West,4 Neither,2016-Q3,131,1.3,0
Domestic Violence,SOUTH WEST,4 Neither,2016-Q3,131,1.3,0
Domestic Violence,South West,4 Neither,2016-Q4,154,0.4,0
Domestic Violence,SOUTH WEST,4 Neither,2016-Q4,154,0.5,0
Domestic Violence,South West,4 Neither,2017-Q1,135,0.7,0
Domestic Violence,SOUTH WEST,4 Neither,2017-Q1,135,0.8,0
Domestic Violence,South West,4 Neither,2017-Q2,129,1.3,0
Domestic Violence,SOUTH WEST,4 Neither,2017-Q2,128,1.3,0
Domestic Violence,South West,4 Neither,2017-Q3,171,1,0
Domestic Violence,SOUTH WEST,4 Neither,2017-Q3,171,1,0
Domestic Violence,South West,4 Neither,2017-Q4,154,1,0
Domestic Violence,SOUTH WEST,4 Neither,2017-Q4,153,1.1,0
Domestic Violence,South West,4 Neither,2018-Q1,146,0.6,0
Domestic Violence,SOUTH WEST,4 Neither,2018-Q1,146,0.7,0
Domestic Violence,South West,4 Neither,2018-Q2,163,0.6,0
Domestic Violence,SOUTH WEST,4 Neither,2018-Q2,163,0.7,0
Domestic Violence,South West,4 Neither,2018-Q3,197,1.1,0
Domestic Violence,SOUTH WEST,4 Neither,2018-Q3,197,1.2,0
Domestic Violence,South West,4 Neither,2018-Q4,204,1.1,0
Domestic Violence,SOUTH WEST,4 Neither,2018-Q4,204,1.2,0
Domestic Violence,South West,4 Neither,2019-Q1,197,0.6,0
Domestic Violence,SOUTH WEST,4 Neither,2019-Q1,197,0.7,0
Domestic Violence,South West,4 Neither,2019-Q2,202,0.7,0
Domestic Violence,SOUTH WEST,4 Neither,2019-Q2,202,0.9,0
Domestic Violence,South West,4 Neither,2019-Q3,223,1.1,0
Domestic Violence,SOUTH WEST,4 Neither,2019-Q3,221,1.2,0
Domestic Violence,South West,4 Neither,2019-Q4,239,0.9,0
Domestic Violence,SOUTH WEST,4 Neither,2019-Q4,239,0.9,0
Domestic Violence,South West,4 Neither,2020-Q1,246,1,0
Domestic Violence,SOUTH WEST,4 Neither,2020-Q1,245,1,0
Domestic Violence,South West,4 Neither,2020-Q2,182,1,0.1
Domestic Violence,SOUTH WEST,4 Neither,2020-Q2,181,0.9,0.1
Domestic Violence,South West,4 Neither,2020-Q3,240,0.6,0
Domestic Violence,SOUTH WEST,4 Neither,2020-Q3,240,0.7,0
Domestic Violence,South West,4 Neither,2020-Q4,204,0.6,0
Domestic Violence,SOUTH WEST,4 Neither,2020-Q4,204,0.7,0
Domestic Violence,South West,4 Neither,2021-Q1,190,0.7,0
Domestic Violence,SOUTH WEST,4 Neither,2021-Q1,189,0.8,0
Domestic Violence,South West,4 Neither,2021-Q2,171,2.1,0
Domestic Violence,SOUTH WEST,4 Neither,2021-Q2,172,2.2,0
Domestic Violence,South West,4 Neither,2021-Q3,208,0.9,0
Domestic Violence,SOUTH WEST,4 Neither,2021-Q3,207,1,0
Domestic Violence,South West,4 Neither,2021-Q4,192,1,0.1
Domestic Violence,SOUTH WEST,4 Neither,2021-Q4,190,1.1,0.1
Domestic Violence,South West,4 Neither,2022-Q1,210,1,0.1
Domestic Violence,SOUTH WEST,4 Neither,2022-Q1,210,1,0.1
Domestic Violence,South West,4 Neither,2022-Q2,238,0.9,0.1
Domestic Violence,SOUTH WEST,4 Neither,2022-Q2,241,0.9,0.1
Domestic Violence,South West,4 Neither,2022-Q3,186,1.3,0.2
Domestic Violence,SOUTH WEST,4 Neither,2022-Q3,189,1.4,0.3
Domestic Violence,South West,4 Neither,2022-Q4,204,1.1,0.1
Domestic Violence,SOUTH WEST,4 Neither,2022-Q4,205,1.2,0.1
Domestic Violence,South West,4 Neither,2023-Q1,232,1.1,0.1
Domestic Violence,SOUTH WEST,4 Neither,2023-Q1,233,1.3,0.1
Domestic Violence,South West,4 Neither,2023-Q2,227,1,0.3
Domestic Violence,SOUTH WEST,4 Neither,2023-Q2,227,1.1,0.3
Domestic Violence,South West,4 Neither,2023-Q3,254,0.9,0.1
Domestic Violence,SOUTH WEST,4 Neither,2023-Q3,254,0.9,0.1
Domestic Violence,South West,4 Neither,2023-Q4,231,1,0.3
Domestic Violence,SOUTH WEST,4 Neither,2023-Q4,232,1,0.3
Domestic Violence,South West,4 Neither,2024-Q1,230,1,0.3
Domestic Violence,SOUTH WEST,4 Neither,2024-Q1,227,1.1,0.3
Domestic Violence,South West,4 Neither,2024-Q2,256,1.4,0.4
Domestic Violence,SOUTH WEST,4 Neither,2024-Q2,256,1.5,0.4
Domestic Violence,South West,4 Neither,2024-Q3,231,0.9,0.3
Domestic Violence,SOUTH WEST,4 Neither,2024-Q3,227,1,0.3
Domestic Violence,South West,4 Neither,2024-Q4,265,0.9,0.1
Domestic Violence,SOUTH WEST,4 Neither,2024-Q4,259,0.9,0.1
Domestic Violence,South West,4 Neither,2025-Q1,272,0.9,0.1
Domestic Violence,SOUTH WEST,4 Neither,2025-Q1,268,1,0.1
Domestic Violence,South West,4 Neither,2025-Q2,276,0.9,0.1
Domestic Violence,SOUTH WEST,4 Neither,2025-Q2,267,1,0.1
Domestic Violence,South West,4 Neither,2025-Q3,354,0.9,0.1
Domestic Violence,SOUTH WEST,4 Neither,2025-Q3,332,0.9,0.1
Domestic Violence,South West,4 Neither,2025-Q4,374,0.9,0.1
Domestic Violence,SOUTH WEST,5 Unknown,2011-Q2,1,0,0
Domestic Violence,South West,All types,2011-Q1,465,0.4,0
Domestic Violence,SOUTH WEST,All types,2011-Q1,482,0.7,0
Domestic Violence,South West,All types,2011-Q2,465,0.4,0
Domestic Violence,SOUTH WEST,All types,2011-Q2,464,0.6,0
Domestic Violence,South West,All types,2011-Q3,493,0.6,0
Domestic Violence,SOUTH WEST,All types,2011-Q3,493,0.7,0
Domestic Violence,South West,All types,2011-Q4,411,0.6,0
Domestic Violence,SOUTH WEST,All types,2011-Q4,410,0.7,0
Domestic Violence,South West,All types,2012-Q1,428,0.4,0
Domestic Violence,SOUTH WEST,All types,2012-Q1,429,0.6,0
Domestic Violence,South West,All types,2012-Q2,430,0.7,0
Domestic Violence,SOUTH WEST,All types,2012-Q2,430,0.8,0
Domestic Violence,South West,All types,2012-Q3,441,0.6,0
Domestic Violence,SOUTH WEST,All types,2012-Q3,441,0.6,0
Domestic Violence,South West,All types,2012-Q4,412,0.6,0
Domestic Violence,SOUTH WEST,All types,2012-Q4,412,0.7,0
Domestic Violence,South West,All types,2013-Q1,466,0.6,0
Domestic Violence,SOUTH WEST,All types,2013-Q1,466,0.6,0
Domestic Violence,South West,All types,2013-Q2,449,0.7,0
Domestic Violence,SOUTH WEST,All types,2013-Q2,449,0.8,0
Domestic Violence,South West,All types,2013-Q3,521,0.7,0
Domestic Violence,SOUTH WEST,All types,2013-Q3,521,0.8,0
Domestic Violence,South West,All types,2013-Q4,444,0.6,0
Domestic Violence,SOUTH WEST,All types,2013-Q4,444,0.6,0
Domestic Violence,South West,All types,2014-Q1,419,0.6,0
Domestic Violence,SOUTH WEST,All types,2014-Q1,419,0.6,0
Domestic Violence,South West,All types,2014-Q2,459,0.6,0
Domestic Violence,SOUTH WEST,All types,2014-Q2,459,0.6,0
Domestic Violence,South West,All types,2014-Q3,486,0.6,0
Domestic Violence,SOUTH WEST,All types,2014-Q3,487,0.7,0
Domestic Violence,South West,All types,2014-Q4,500,0.7,0
Domestic Violence,SOUTH WEST,All types,2014-Q4,499,0.8,0
Domestic Violence,South West,All types,2015-Q1,451,0.6,0
Domestic Violence,SOUTH WEST,All types,2015-Q1,451,0.6,0
Domestic Violence,South West,All types,2015-Q2,440,0.7,0
Domestic Violence,SOUTH WEST,All types,2015-Q2,440,0.7,0
Domestic Violence,South West,All types,2015-Q3,462,0.4,0
Domestic Violence,SOUTH WEST,All types,2015-Q3,461,0.6,0
Domestic Violence,South West,All types,2015-Q4,453,0.4,0
Domestic Violence,SOUTH WEST,All types,2015-Q4,455,0.5,0
Domestic Violence,South West,All types,2016-Q1,473,0.7,0
Domestic Violence,SOUTH WEST,All types,2016-Q1,473,0.8,0
Domestic Violence,South West,All types,2016-Q2,480,0.4,0
Domestic Violence,SOUTH WEST,All types,2016-Q2,479,0.5,0
Domestic Violence,South West,All types,2016-Q3,502,0.6,0
Domestic Violence,SOUTH WEST,All types,2016-Q3,502,0.7,0
Domestic Violence,South West,All types,2016-Q4,518,0.4,0
Domestic Violence,SOUTH WEST,All types,2016-Q4,517,0.4,0
Domestic Violence,South West,All types,2017-Q1,526,0.6,0
Domestic Violence,SOUTH WEST,All types,2017-Q1,526,0.6,0
Domestic Violence,South West,All types,2017-Q2,500,0.6,0
Domestic Violence,SOUTH WEST,All types,2017-Q2,498,0.7,0
Domestic Violence,South West,All types,2017-Q3,576,0.7,0
Domestic Violence,SOUTH WEST,All types,2017-Q3,577,0.7,0
Domestic Violence,South West,All types,2017-Q4,528,0.6,0
Domestic Violence,SOUTH WEST,All types,2017-Q4,527,0.6,0
Domestic Violence,South West,All types,2018-Q1,523,0.6,0
Domestic Violence,SOUTH WEST,All types,2018-Q1,523,0.7,0
Domestic Violence,South West,All types,2018-Q2,472,0.6,0
Domestic Violence,SOUTH WEST,All types,2018-Q2,471,0.6,0
Domestic Violence,South West,All types,2018-Q3,512,0.7,0
Domestic Violence,SOUTH WEST,All types,2018-Q3,510,0.8,0
Domestic Violence,South West,All types,2018-Q4,544,0.7,0
Domestic Violence,SOUTH WEST,All types,2018-Q4,547,0.8,0
Domestic Violence,South West,All types,2019-Q1,544,0.4,0
Domestic Violence,SOUTH WEST,All types,2019-Q1,544,0.5,0
Domestic Violence,South West,All types,2019-Q2,561,0.6,0
Domestic Violence,SOUTH WEST,All types,2019-Q2,561,0.6,0
Domestic Violence,South West,All types,2019-Q3,642,0.7,0
Domestic Violence,SOUTH WEST,All types,2019-Q3,640,0.8,0
Domestic Violence,South West,All types,2019-Q4,660,0.6,0
Domestic Violence,SOUTH WEST,All types,2019-Q4,660,0.7,0
Domestic Violence,South West,All types,2020-Q1,636,0.7,0
Domestic Violence,SOUTH WEST,All types,2020-Q1,636,0.7,0
Domestic Violence,South West,All types,2020-Q2,681,0.6,0
Domestic Violence,SOUTH WEST,All types,2020-Q2,678,0.6,0
Domestic Violence,South West,All types,2020-Q3,794,0.4,0
Domestic Violence,SOUTH WEST,All types,2020-Q3,795,0.5,0
Domestic Violence,South West,All types,2020-Q4,809,0.6,0
Domestic Violence,SOUTH WEST,All types,2020-Q4,809,0.6,0
Domestic Violence,South West,All types,2021-Q1,816,0.9,0
Domestic Violence,SOUTH WEST,All types,2021-Q1,820,1.8,0
Domestic Violence,South West,All types,2021-Q2,723,1,0
Domestic Violence,SOUTH WEST,All types,2021-Q2,724,1.1,0
Domestic Violence,South West,All types,2021-Q3,787,0.6,0
Domestic Violence,SOUTH WEST,All types,2021-Q3,789,0.6,0
Domestic Violence,South West,All types,2021-Q4,781,0.6,0
Domestic Violence,SOUTH WEST,All types,2021-Q4,783,0.7,0
Domestic Violence,South West,All types,2022-Q1,820,0.7,0.1
Domestic Violence,SOUTH WEST,All types,2022-Q1,822,0.8,0.1
Domestic Violence,South West,All types,2022-Q2,758,0.9,0.1
Domestic Violence,SOUTH WEST,All types,2022-Q2,763,0.9,0.1
Domestic Violence,South West,All types,2022-Q3,772,1,0.1
Domestic Violence,SOUTH WEST,All types,2022-Q3,776,1.1,0.1
Domestic Violence,South West,All types,2022-Q4,765,0.7,0.1
Domestic Violence,SOUTH WEST,All types,2022-Q4,767,0.8,0.1
Domestic Violence,South West,All types,2023-Q1,803,1,0.1
Domestic Violence,SOUTH WEST,All types,2023-Q1,802,1.1,0.1
Domestic Violence,South West,All types,2023-Q2,715,0.9,0.1
Domestic Violence,SOUTH WEST,All types,2023-Q2,719,0.9,0.1
Domestic Violence,South West,All types,2023-Q3,822,0.7,0.1
Domestic Violence,SOUTH WEST,All types,2023-Q3,822,0.8,0.1
Domestic Violence,South West,All types,2023-Q4,752,0.9,0.1
Domestic Violence,SOUTH WEST,All types,2023-Q4,752,0.9,0.1
Domestic Violence,South West,All types,2024-Q1,744,0.9,0.1
Domestic Violence,SOUTH WEST,All types,2024-Q1,741,1,0.1
Domestic Violence,South West,All types,2024-Q2,799,1,0.1
Domestic Violence,SOUTH WEST,All types,2024-Q2,802,1.1,0.2
Domestic Violence,South West,All types,2024-Q3,805,1,0.3
Domestic Violence,SOUTH WEST,All types,2024-Q3,807,1,0.3
Domestic Violence,South West,All types,2024-Q4,724,1,0.1
Domestic Violence,SOUTH WEST,All types,2024-Q4,719,1,0.1
Domestic Violence,South West,All types,2025-Q1,746,1,0.1
Domestic Violence,SOUTH WEST,All types,2025-Q1,745,1,0.1
Domestic Violence,South West,All types,2025-Q2,717,0.9,0.1
Domestic Violence,SOUTH WEST,All types,2025-Q2,716,1,0.1
Domestic Violence,South West,All types,2025-Q3,871,0.9,0.1
Domestic Violence,SOUTH WEST,All types,2025-Q3,870,1,0.1
Domestic Violence,South West,All types,2025-Q4,904,0.9,0.1
Domestic Violence,Wales,1 Both,2011-Q1,26,0.7,0.2
Domestic Violence,WALES,1 Both,2011-Q1,29,1.4,0.4
Domestic Violence,Wales,1 Both,2011-Q2,31,0.6,0.1
Domestic Violence,WALES,1 Both,2011-Q2,31,0.6,0.1
Domestic Violence,Wales,1 Both,2011-Q3,25,1,0
Domestic Violence,WALES,1 Both,2011-Q3,26,5.9,0.1
Domestic Violence,Wales,1 Both,2011-Q4,29,2.3,0.6
Domestic Violence,WALES,1 Both,2011-Q4,29,2.3,0.6
Domestic Violence,Wales,1 Both,2012-Q1,28,3.7,0.4
Domestic Violence,WALES,1 Both,2012-Q1,28,3.8,0.4
Domestic Violence,Wales,1 Both,2012-Q2,21,0.6,0
Domestic Violence,WALES,1 Both,2012-Q2,21,0.7,0
Domestic Violence,Wales,1 Both,2012-Q3,27,0.7,0
Domestic Violence,WALES,1 Both,2012-Q3,27,0.8,0
Domestic Violence,Wales,1 Both,2012-Q4,12,0.9,0.5
Domestic Violence,WALES,1 Both,2012-Q4,12,0.9,0.5
Domestic Violence,Wales,1 Both,2013-Q1,13,1.9,0.1
Domestic Violence,WALES,1 Both,2013-Q1,13,1.9,0.1
Domestic Violence,Wales,1 Both,2013-Q2,18,0.4,0.1
Domestic Violence,WALES,1 Both,2013-Q2,18,0.5,0.1
Domestic Violence,Wales,1 Both,2013-Q3,16,0.4,0
Domestic Violence,WALES,1 Both,2013-Q3,16,0.5,0
Domestic Violence,Wales,1 Both,2013-Q4,12,0.4,0.5
Domestic Violence,WALES,1 Both,2013-Q4,12,0.5,0.5
Domestic Violence,Wales,1 Both,2014-Q1,15,0.3,0
Domestic Violence,WALES,1 Both,2014-Q1,15,0.4,0
Domestic Violence,Wales,1 Both,2014-Q2,13,0.7,0.1
Domestic Violence,WALES,1 Both,2014-Q2,13,0.7,0.1
Domestic Violence,Wales,1 Both,2014-Q3,12,1.3,0.1
Domestic Violence,WALES,1 Both,2014-Q3,12,1.4,0.1
Domestic Violence,Wales,1 Both,2014-Q4,21,1.9,0.9
Domestic Violence,WALES,1 Both,2014-Q4,21,2,0.9
Domestic Violence,Wales,1 Both,2015-Q1,11,2.6,1.3
Domestic Violence,WALES,1 Both,2015-Q1,11,2.7,1.3
Domestic Violence,Wales,1 Both,2015-Q2,16,1,0.5
Domestic Violence,WALES,1 Both,2015-Q2,16,1.1,0.5
Domestic Violence,Wales,1 Both,2015-Q3,12,0.9,0
Domestic Violence,WALES,1 Both,2015-Q3,12,1,0
Domestic Violence,Wales,1 Both,2015-Q4,15,0.9,1
Domestic Violence,WALES,1 Both,2015-Q4,15,0.9,1
Domestic Violence,Wales,1 Both,2016-Q1,20,0.9,0.6
Domestic Violence,WALES,1 Both,2016-Q1,20,0.9,0.6
Domestic Violence,Wales,1 Both,2016-Q2,10,1.1,0.7
Domestic Violence,WALES,1 Both,2016-Q2,12,5.3,1
Domestic Violence,Wales,1 Both,2016-Q3,12,0.4,0
Domestic Violence,WALES,1 Both,2016-Q3,11,0.5,0
Domestic Violence,Wales,1 Both,2016-Q4,18,1.7,0.5
Domestic Violence,WALES,1 Both,2016-Q4,18,1.8,0.5
Domestic Violence,Wales,1 Both,2017-Q1,6,2.4,1.3
Domestic Violence,WALES,1 Both,2017-Q1,6,2.5,1.3
Domestic Violence,Wales,1 Both,2017-Q2,13,0.9,0.7
Domestic Violence,WALES,1 Both,2017-Q2,13,0.9,0.7
Domestic Violence,Wales,1 Both,2017-Q3,23,1.1,1.1
Domestic Violence,WALES,1 Both,2017-Q3,23,1.2,1.1
Domestic Violence,Wales,1 Both,2017-Q4,13,2.6,1.3
Domestic Violence,WALES,1 Both,2017-Q4,13,2.6,1.3
Domestic Violence,Wales,1 Both,2018-Q1,5,0.4,0
Domestic Violence,WALES,1 Both,2018-Q1,5,0.5,0
Domestic Violence,Wales,1 Both,2018-Q2,11,1.6,0.4
Domestic Violence,WALES,1 Both,2018-Q2,11,1.7,0.4
Domestic Violence,Wales,1 Both,2018-Q3,14,1,1.2
Domestic Violence,WALES,1 Both,2018-Q3,14,1.1,1.2
Domestic Violence,Wales,1 Both,2018-Q4,9,1,1
Domestic Violence,WALES,1 Both,2018-Q4,9,1,1
Domestic Violence,Wales,1 Both,2019-Q1,4,0.6,0.7
Domestic Violence,WALES,1 Both,2019-Q1,4,0.7,0.7
Domestic Violence,Wales,1 Both,2019-Q2,16,1.4,1.4
Domestic Violence,WALES,1 Both,2019-Q2,16,1.5,1.4
Domestic Violence,Wales,1 Both,2019-Q3,14,1,0.6
Domestic Violence,WALES,1 Both,2019-Q3,14,1.1,0.6
Domestic Violence,Wales,1 Both,2019-Q4,10,1,1
Domestic Violence,WALES,1 Both,2019-Q4,10,1.1,1
Domestic Violence,Wales,1 Both,2020-Q1,13,0.6,0.9
Domestic Violence,WALES,1 Both,2020-Q1,13,0.7,0.9
Domestic Violence,Wales,1 Both,2020-Q2,21,1.6,0.9
Domestic Violence,WALES,1 Both,2020-Q2,21,1.6,0.9
Domestic Violence,Wales,1 Both,2020-Q3,15,0.9,0.4
Domestic Violence,WALES,1 Both,2020-Q3,15,0.9,0.4
Domestic Violence,Wales,1 Both,2020-Q4,25,0.6,0.6
Domestic Violence,WALES,1 Both,2020-Q4,25,0.7,0.6
Domestic Violence,Wales,1 Both,2021-Q1,22,1,0.4
Domestic Violence,WALES,1 Both,2021-Q1,23,1.1,0.4
Domestic Violence,Wales,1 Both,2021-Q2,20,1.3,0.9
Domestic Violence,WALES,1 Both,2021-Q2,20,1.3,0.9
Domestic Violence,Wales,1 Both,2021-Q3,21,2.9,1.1
Domestic Violence,WALES,1 Both,2021-Q3,21,3,1.1
Domestic Violence,Wales,1 Both,2021-Q4,16,0.9,0.4
Domestic Violence,WALES,1 Both,2021-Q4,16,0.9,0.4
Domestic Violence,Wales,1 Both,2022-Q1,15,0.7,0.6
Domestic Violence,WALES,1 Both,2022-Q1,15,0.8,0.6
Domestic Violence,Wales,1 Both,2022-Q2,18,0.7,0.4
Domestic Violence,WALES,1 Both,2022-Q2,19,0.7,0.4
Domestic Violence,Wales,1 Both,2022-Q3,13,1.1,0.9
Domestic Violence,WALES,1 Both,2022-Q3,12,1,0.6
Domestic Violence,Wales,1 Both,2022-Q4,19,0.9,0.6
Domestic Violence,WALES,1 Both,2022-Q4,19,0.9,0.6
Domestic Violence,Wales,1 Both,2023-Q1,19,1.7,1
Domestic Violence,WALES,1 Both,2023-Q1,19,1.8,1
Domestic Violence,Wales,1 Both,2023-Q2,13,1.6,0.6
Domestic Violence,WALES,1 Both,2023-Q2,13,1.6,0.6
Domestic Violence,Wales,1 Both,2023-Q3,17,0.7,0.6
Domestic Violence,WALES,1 Both,2023-Q3,17,0.8,0.6
Domestic Violence,Wales,1 Both,2023-Q4,18,1.6,0.9
Domestic Violence,WALES,1 Both,2023-Q4,18,1.7,0.9
Domestic Violence,Wales,1 Both,2024-Q1,9,1.9,1.9
Domestic Violence,WALES,1 Both,2024-Q1,9,1.9,1.9
Domestic Violence,Wales,1 Both,2024-Q2,15,1.7,1.3
Domestic Violence,WALES,1 Both,2024-Q2,15,1.7,1.3
Domestic Violence,Wales,1 Both,2024-Q3,18,2.7,1.2
Domestic Violence,WALES,1 Both,2024-Q3,17,1.1,1.1
Domestic Violence,Wales,1 Both,2024-Q4,21,1.1,1.3
Domestic Violence,WALES,1 Both,2024-Q4,22,1.3,1.4
Domestic Violence,Wales,1 Both,2025-Q1,16,1,0.4
Domestic Violence,WALES,1 Both,2025-Q1,16,1,0.4
Domestic Violence,Wales,1 Both,2025-Q2,15,1,1
Domestic Violence,WALES,1 Both,2025-Q2,16,1,0.8
Domestic Violence,Wales,1 Both,2025-Q3,16,0.9,0.7
Domestic Violence,WALES,1 Both,2025-Q3,14,1,0.9
Domestic Violence,Wales,1 Both,2025-Q4,19,2.7,0.9
Domestic Violence,Wales,2 Applicant Only,2011-Q1,49,0.6,0
Domestic Violence,WALES,2 Applicant Only,2011-Q1,52,3.9,0.1
Domestic Violence,Wales,2 Applicant Only,2011-Q2,54,0.4,0
Domestic Violence,WALES,2 Applicant Only,2011-Q2,54,0.5,0
Domestic Violence,Wales,2 Applicant Only,2011-Q3,59,0.9,0.4
Domestic Violence,WALES,2 Applicant Only,2011-Q3,59,0.9,0.4
Domestic Violence,Wales,2 Applicant Only,2011-Q4,51,0.9,0.1
Domestic Violence,WALES,2 Applicant Only,2011-Q4,51,0.9,0.1
Domestic Violence,Wales,2 Applicant Only,2012-Q1,50,1.7,0.2
Domestic Violence,WALES,2 Applicant Only,2012-Q1,51,2.3,0.3
Domestic Violence,Wales,2 Applicant Only,2012-Q2,59,0.7,0
Domestic Violence,WALES,2 Applicant Only,2012-Q2,59,0.8,0
Domestic Violence,Wales,2 Applicant Only,2012-Q3,70,0.7,0
Domestic Violence,WALES,2 Applicant Only,2012-Q3,70,0.8,0
Domestic Violence,Wales,2 Applicant Only,2012-Q4,46,1.7,0
Domestic Violence,WALES,2 Applicant Only,2012-Q4,46,1.8,0
Domestic Violence,Wales,2 Applicant Only,2013-Q1,53,0.7,0.1
Domestic Violence,WALES,2 Applicant Only,2013-Q1,53,0.8,0.1
Domestic Violence,Wales,2 Applicant Only,2013-Q2,76,0.7,0
Domestic Violence,WALES,2 Applicant Only,2013-Q2,76,0.8,0
Domestic Violence,Wales,2 Applicant Only,2013-Q3,65,0.4,0
Domestic Violence,WALES,2 Applicant Only,2013-Q3,65,0.6,0
Domestic Violence,Wales,2 Applicant Only,2013-Q4,72,1,0.4
Domestic Violence,WALES,2 Applicant Only,2013-Q4,72,1.1,0.4
Domestic Violence,Wales,2 Applicant Only,2014-Q1,60,0.9,0.6
Domestic Violence,WALES,2 Applicant Only,2014-Q1,60,0.9,0.6
Domestic Violence,Wales,2 Applicant Only,2014-Q2,43,1.1,0.9
Domestic Violence,WALES,2 Applicant Only,2014-Q2,43,1.2,0.9
Domestic Violence,Wales,2 Applicant Only,2014-Q3,53,1.3,0
Domestic Violence,WALES,2 Applicant Only,2014-Q3,54,1.3,0
Domestic Violence,Wales,2 Applicant Only,2014-Q4,56,0.7,0.1
Domestic Violence,WALES,2 Applicant Only,2014-Q4,56,0.8,0.1
Domestic Violence,Wales,2 Applicant Only,2015-Q1,49,1.7,0
Domestic Violence,WALES,2 Applicant Only,2015-Q1,49,1.8,0
Domestic Violence,Wales,2 Applicant Only,2015-Q2,46,1.7,0.4
Domestic Violence,WALES,2 Applicant Only,2015-Q2,46,1.8,0.4
Domestic Violence,Wales,2 Applicant Only,2015-Q3,48,1.4,0.2
Domestic Violence,WALES,2 Applicant Only,2015-Q3,48,1.4,0.2
Domestic Violence,Wales,2 Applicant Only,2015-Q4,38,0.7,0.1
Domestic Violence,WALES,2 Applicant Only,2015-Q4,38,0.8,0.1
Domestic Violence,Wales,2 Applicant Only,2016-Q1,36,1,0.4
Domestic Violence,WALES,2 Applicant Only,2016-Q1,36,1.1,0.4
Domestic Violence,Wales,2 Applicant Only,2016-Q2,34,0.7,0.6
Domestic Violence,WALES,2 Applicant Only,2016-Q2,34,0.8,0.6
Domestic Violence,Wales,2 Applicant Only,2016-Q3,36,2.7,0.1
Domestic Violence,WALES,2 Applicant Only,2016-Q3,36,2.8,0.1
Domestic Violence,Wales,2 Applicant Only,2016-Q4,41,1.1,0.7
Domestic Violence,WALES,2 Applicant Only,2016-Q4,41,1.2,0.7
Domestic Violence,Wales,2 Applicant Only,2017-Q1,43,0.7,0.4
Domestic Violence,WALES,2 Applicant Only,2017-Q1,43,0.8,0.4
Domestic Violence,Wales,2 Applicant Only,2017-Q2,56,1.1,0.9
Domestic Violence,WALES,2 Applicant Only,2017-Q2,56,1.3,0.9
Domestic Violence,Wales,2 Applicant Only,2017-Q3,40,1.9,0.7
Domestic Violence,WALES,2 Applicant Only,2017-Q3,40,1.9,0.7
Domestic Violence,Wales,2 Applicant Only,2017-Q4,38,1.1,0.8
Domestic Violence,WALES,2 Applicant Only,2017-Q4,38,1.2,0.8
Domestic Violence,Wales,2 Applicant Only,2018-Q1,41,1.3,0.9
Domestic Violence,WALES,2 Applicant Only,2018-Q1,41,1.3,0.9
Domestic Violence,Wales,2 Applicant Only,2018-Q2,45,1.3,0.7
Domestic Violence,WALES,2 Applicant Only,2018-Q2,45,1.4,0.7
Domestic Violence,Wales,2 Applicant Only,2018-Q3,48,1,0.9
Domestic Violence,WALES,2 Applicant Only,2018-Q3,47,1.1,0.9
Domestic Violence,Wales,2 Applicant Only,2018-Q4,41,1.3,0.9
Domestic Violence,WALES,2 Applicant Only,2018-Q4,41,1.4,0.9
Domestic Violence,Wales,2 Applicant Only,2019-Q1,40,1.3,0.8
Domestic Violence,WALES,2 Applicant Only,2019-Q1,40,1.3,0.8
Domestic Violence,Wales,2 Applicant Only,2019-Q2,39,1.3,1
Domestic Violence,WALES,2 Applicant Only,2019-Q2,39,1.4,1
Domestic Violence,Wales,2 Applicant Only,2019-Q3,54,1.3,1
Domestic Violence,WALES,2 Applicant Only,2019-Q3,54,1.4,1
Domestic Violence,Wales,2 Applicant Only,2019-Q4,55,1.4,1.3
Domestic Violence,WALES,2 Applicant Only,2019-Q4,55,1.5,1.3
Domestic Violence,Wales,2 Applicant Only,2020-Q1,41,0.9,0.9
Domestic Violence,WALES,2 Applicant Only,2020-Q1,41,0.9,0.9
Domestic Violence,Wales,2 Applicant Only,2020-Q2,49,1,0.4
Domestic Violence,WALES,2 Applicant Only,2020-Q2,48,1,0.4
Domestic Violence,Wales,2 Applicant Only,2020-Q3,58,3.9,0.7
Domestic Violence,WALES,2 Applicant Only,2020-Q3,58,4,0.7
Domestic Violence,Wales,2 Applicant Only,2020-Q4,43,0.9,0.9
Domestic Violence,WALES,2 Applicant Only,2020-Q4,45,0.9,1
Domestic Violence,Wales,2 Applicant Only,2021-Q1,75,2.9,0.9
Domestic Violence,WALES,2 Applicant Only,2021-Q1,76,2.9,0.9
Domestic Violence,Wales,2 Applicant Only,2021-Q2,62,0.9,0.4
Domestic Violence,WALES,2 Applicant Only,2021-Q2,63,0.9,0.4
Domestic Violence,Wales,2 Applicant Only,2021-Q3,69,1,0.6
Domestic Violence,WALES,2 Applicant Only,2021-Q3,70,1,0.6
Domestic Violence,Wales,2 Applicant Only,2021-Q4,70,1.1,0.7
Domestic Violence,WALES,2 Applicant Only,2021-Q4,70,1.3,0.7
Domestic Violence,Wales,2 Applicant Only,2022-Q1,53,1,0.6
Domestic Violence,WALES,2 Applicant Only,2022-Q1,53,1.1,0.6
Domestic Violence,Wales,2 Applicant Only,2022-Q2,67,2,0.9
Domestic Violence,WALES,2 Applicant Only,2022-Q2,66,2.1,0.9
Domestic Violence,Wales,2 Applicant Only,2022-Q3,60,1.1,0.5
Domestic Violence,WALES,2 Applicant Only,2022-Q3,61,1.2,0.6
Domestic Violence,Wales,2 Applicant Only,2022-Q4,71,1.3,1
Domestic Violence,WALES,2 Applicant Only,2022-Q4,72,1.3,0.9
Domestic Violence,Wales,2 Applicant Only,2023-Q1,45,1,0.7
Domestic Violence,WALES,2 Applicant Only,2023-Q1,46,1,0.6
Domestic Violence,Wales,2 Applicant Only,2023-Q2,51,1.1,0.7
Domestic Violence,WALES,2 Applicant Only,2023-Q2,51,1.2,0.7
Domestic Violence,Wales,2 Applicant Only,2023-Q3,42,0.9,0.6
Domestic Violence,WALES,2 Applicant Only,2023-Q3,42,0.9,0.6
Domestic Violence,Wales,2 Applicant Only,2023-Q4,55,1.1,0.7
Domestic Violence,WALES,2 Applicant Only,2023-Q4,55,1.2,0.7
Domestic Violence,Wales,2 Applicant Only,2024-Q1,49,0.9,1
Domestic Violence,WALES,2 Applicant Only,2024-Q1,49,1,1
Domestic Violence,Wales,2 Applicant Only,2024-Q2,64,1.4,0.9
Domestic Violence,WALES,2 Applicant Only,2024-Q2,64,1.6,0.9
Domestic Violence,Wales,2 Applicant Only,2024-Q3,52,1,1
Domestic Violence,WALES,2 Applicant Only,2024-Q3,52,1,1
Domestic Violence,Wales,2 Applicant Only,2024-Q4,65,1.4,1
Domestic Violence,WALES,2 Applicant Only,2024-Q4,66,1.6,1
Domestic Violence,Wales,2 Applicant Only,2025-Q1,52,0.9,0.6
Domestic Violence,WALES,2 Applicant Only,2025-Q1,54,0.9,0.6
Domestic Violence,Wales,2 Applicant Only,2025-Q2,49,1.3,0.9
Domestic Violence,WALES,2 Applicant Only,2025-Q2,55,1.4,1.1
Domestic Violence,Wales,2 Applicant Only,2025-Q3,52,0.7,0.6
Domestic Violence,WALES,2 Applicant Only,2025-Q3,55,0.7,0.4
Domestic Violence,Wales,2 Applicant Only,2025-Q4,48,1.3,1
Domestic Violence,Wales,3 Respondent Only,2011-Q1,2,4.4,4.4
Domestic Violence,WALES,3 Respondent Only,2011-Q1,3,6,8.1
Domestic Violence,Wales,3 Respondent Only,2011-Q2,2,1,1.1
Domestic Violence,WALES,3 Respondent Only,2011-Q2,2,1.1,1.1
Domestic Violence,Wales,3 Respondent Only,2011-Q3,1,0.9,0.9
Domestic Violence,WALES,3 Respondent Only,2011-Q3,1,0.9,0.9
Domestic Violence,Wales,3 Respondent Only,2012-Q1,1,2.4,2.4
Domestic Violence,WALES,3 Respondent Only,2012-Q1,1,2.4,2.4
Domestic Violence,Wales,3 Respondent Only,2012-Q2,2,0.3,0.4
Domestic Violence,WALES,3 Respondent Only,2012-Q2,2,0.4,0.4
Domestic Violence,Wales,3 Respondent Only,2012-Q3,2,3,3.1
Domestic Violence,WALES,3 Respondent Only,2012-Q3,2,3.1,3.1
Domestic Violence,Wales,3 Respondent Only,2012-Q4,2,0,0
Domestic Violence,WALES,3 Respondent Only,2012-Q4,2,0,0
Domestic Violence,Wales,3 Respondent Only,2013-Q4,1,0.3,0.3
Domestic Violence,WALES,3 Respondent Only,2013-Q4,1,0.3,0.3
Domestic Violence,Wales,3 Respondent Only,2014-Q1,4,2,0.6
Domestic Violence,WALES,3 Respondent Only,2014-Q1,4,2,0.6
Domestic Violence,Wales,3 Respondent Only,2014-Q2,1,0,0
Domestic Violence,WALES,3 Respondent Only,2014-Q2,1,0,0
Domestic Violence,Wales,3 Respondent Only,2014-Q3,1,4,4
Domestic Violence,WALES,3 Respondent Only,2014-Q3,1,4,4
Domestic Violence,Wales,3 Respondent Only,2014-Q4,5,1.9,0
Domestic Violence,WALES,3 Respondent Only,2014-Q4,5,1.9,0
Domestic Violence,Wales,3 Respondent Only,2015-Q1,3,0,0
Domestic Violence,WALES,3 Respondent Only,2015-Q1,3,0,0
Domestic Violence,Wales,3 Respondent Only,2015-Q3,1,0,0
Domestic Violence,WALES,3 Respondent Only,2015-Q3,1,0,0
Domestic Violence,Wales,3 Respondent Only,2015-Q4,1,0,0
Domestic Violence,WALES,3 Respondent Only,2015-Q4,1,0,0
Domestic Violence,Wales,3 Respondent Only,2016-Q1,2,2.4,2.5
Domestic Violence,WALES,3 Respondent Only,2016-Q1,2,2.5,2.5
Domestic Violence,Wales,3 Respondent Only,2016-Q3,3,0.7,0
Domestic Violence,WALES,3 Respondent Only,2016-Q3,4,0.6,0
Domestic Violence,Wales,3 Respondent Only,2016-Q4,3,0.1,0.3
Domestic Violence,WALES,3 Respondent Only,2016-Q4,3,0.2,0.3
Domestic Violence,Wales,3 Respondent Only,2017-Q1,1,0.3,0.3
Domestic Violence,WALES,3 Respondent Only,2017-Q1,1,0.3,0.3
Domestic Violence,Wales,3 Respondent Only,2017-Q2,1,1.3,1.3
Domestic Violence,WALES,3 Respondent Only,2017-Q2,1,1.3,1.3
Domestic Violence,Wales,3 Respondent Only,2017-Q3,4,0.3,0.4
Domestic Violence,WALES,3 Respondent Only,2017-Q3,4,0.4,0.4
Domestic Violence,Wales,3 Respondent Only,2017-Q4,1,0,0
Domestic Violence,WALES,3 Respondent Only,2017-Q4,1,0,0
Domestic Violence,Wales,3 Respondent Only,2018-Q1,3,0.3,0.1
Domestic Violence,WALES,3 Respondent Only,2018-Q1,3,0.4,0.1
Domestic Violence,Wales,3 Respondent Only,2018-Q2,3,1,1.1
Domestic Violence,WALES,3 Respondent Only,2018-Q2,3,1,1.1
Domestic Violence,Wales,3 Respondent Only,2018-Q3,4,0,0
Domestic Violence,WALES,3 Respondent Only,2018-Q3,4,0,0
Domestic Violence,Wales,3 Respondent Only,2018-Q4,2,2.6,2.6
Domestic Violence,WALES,3 Respondent Only,2018-Q4,2,2.6,2.6
Domestic Violence,Wales,3 Respondent Only,2019-Q1,3,3.7,3.1
Domestic Violence,WALES,3 Respondent Only,2019-Q1,3,3.7,3.1
Domestic Violence,Wales,3 Respondent Only,2019-Q2,3,1.9,2.9
Domestic Violence,WALES,3 Respondent Only,2019-Q2,3,2,2.9
Domestic Violence,Wales,3 Respondent Only,2019-Q3,2,4.9,4.9
Domestic Violence,WALES,3 Respondent Only,2019-Q3,2,4.9,4.9
Domestic Violence,Wales,3 Respondent Only,2019-Q4,5,2.6,2.6
Domestic Violence,WALES,3 Respondent Only,2019-Q4,5,2.7,2.6
Domestic Violence,Wales,3 Respondent Only,2020-Q1,4,1.9,1.9
Domestic Violence,WALES,3 Respondent Only,2020-Q1,4,1.9,1.9
Domestic Violence,Wales,3 Respondent Only,2020-Q2,3,0.9,0
Domestic Violence,WALES,3 Respondent Only,2020-Q2,3,0.9,0
Domestic Violence,Wales,3 Respondent Only,2020-Q3,6,1.4,0.6
Domestic Violence,WALES,3 Respondent Only,2020-Q3,6,1.5,0.6
Domestic Violence,Wales,3 Respondent Only,2020-Q4,7,1.6,1.1
Domestic Violence,WALES,3 Respondent Only,2020-Q4,7,1.6,1.1
Domestic Violence,Wales,3 Respondent Only,2021-Q1,3,7.9,0.9
Domestic Violence,WALES,3 Respondent Only,2021-Q1,3,7.9,0.9
Domestic Violence,Wales,3 Respondent Only,2021-Q2,4,2.4,1.1
Domestic Violence,WALES,3 Respondent Only,2021-Q2,4,2.5,1.1
Domestic Violence,Wales,3 Respondent Only,2021-Q3,2,1.9,1.9
Domestic Violence,WALES,3 Respondent Only,2021-Q3,2,1.9,1.9
Domestic Violence,Wales,3 Respondent Only,2021-Q4,10,0.7,0.7
Domestic Violence,WALES,3 Respondent Only,2021-Q4,10,0.8,0.7
Domestic Violence,Wales,3 Respondent Only,2022-Q1,11,1.4,1.3
Domestic Violence,WALES,3 Respondent Only,2022-Q1,11,1.4,1.3
Domestic Violence,Wales,3 Respondent Only,2022-Q2,6,0.6,0.2
Domestic Violence,WALES,3 Respondent Only,2022-Q2,6,0.7,0.2
Domestic Violence,Wales,3 Respondent Only,2022-Q3,2,4.4,4.5
Domestic Violence,WALES,3 Respondent Only,2022-Q3,2,4.5,4.5
Domestic Violence,Wales,3 Respondent Only,2022-Q4,12,0.7,0.6
Domestic Violence,WALES,3 Respondent Only,2022-Q4,12,0.8,0.6
Domestic Violence,Wales,3 Respondent Only,2023-Q1,11,1.1,1
Domestic Violence,WALES,3 Respondent Only,2023-Q1,11,1.2,1
Domestic Violence,Wales,3 Respondent Only,2023-Q2,9,0.9,0.4
Domestic Violence,WALES,3 Respondent Only,2023-Q2,9,1,0.4
Domestic Violence,Wales,3 Respondent Only,2023-Q3,8,1.7,0.4
Domestic Violence,WALES,3 Respondent Only,2023-Q3,8,1.7,0.4
Domestic Violence,Wales,3 Respondent Only,2023-Q4,2,1,1
Domestic Violence,WALES,3 Respondent Only,2023-Q4,2,1,1
Domestic Violence,Wales,3 Respondent Only,2024-Q1,10,1.4,1.1
Domestic Violence,WALES,3 Respondent Only,2024-Q1,10,1.6,1.1
Domestic Violence,Wales,3 Respondent Only,2024-Q2,3,0.9,1
Domestic Violence,WALES,3 Respondent Only,2024-Q2,3,1,1
Domestic Violence,Wales,3 Respondent Only,2024-Q3,4,1.7,1.4
Domestic Violence,WALES,3 Respondent Only,2024-Q3,4,1.8,1.4
Domestic Violence,Wales,3 Respondent Only,2024-Q4,5,1.3,0.6
Domestic Violence,WALES,3 Respondent Only,2024-Q4,5,1.5,0.7
Domestic Violence,Wales,3 Respondent Only,2025-Q1,5,1.9,1.6
Domestic Violence,WALES,3 Respondent Only,2025-Q1,5,1.9,1.6
Domestic Violence,Wales,3 Respondent Only,2025-Q2,10,1.1,1
Domestic Violence,WALES,3 Respondent Only,2025-Q2,9,1.2,1
Domestic Violence,Wales,3 Respondent Only,2025-Q3,12,1.3,1.1
Domestic Violence,WALES,3 Respondent Only,2025-Q3,10,1.1,1.1
Domestic Violence,Wales,3 Respondent Only,2025-Q4,11,1.1,0.6
Domestic Violence,Wales,4 Neither,2011-Q1,4,1.7,1.8
Domestic Violence,WALES,4 Neither,2011-Q1,4,1.7,1.8
Domestic Violence,Wales,4 Neither,2011-Q2,3,0.9,0
Domestic Violence,WALES,4 Neither,2011-Q2,3,0.9,0
Domestic Violence,Wales,4 Neither,2011-Q3,7,0.9,0.1
Domestic Violence,WALES,4 Neither,2011-Q3,7,0.9,0.1
Domestic Violence,Wales,4 Neither,2011-Q4,6,0.7,1
Domestic Violence,WALES,4 Neither,2011-Q4,6,0.8,1
Domestic Violence,Wales,4 Neither,2012-Q1,6,0.7,0
Domestic Violence,WALES,4 Neither,2012-Q1,6,0.8,0
Domestic Violence,Wales,4 Neither,2012-Q2,11,0.4,0
Domestic Violence,WALES,4 Neither,2012-Q2,11,0.5,0
Domestic Violence,Wales,4 Neither,2012-Q3,7,0.9,0
Domestic Violence,WALES,4 Neither,2012-Q3,7,0.9,0
Domestic Violence,Wales,4 Neither,2012-Q4,2,1.4,1.5
Domestic Violence,WALES,4 Neither,2012-Q4,2,1.5,1.5
Domestic Violence,Wales,4 Neither,2013-Q1,6,1,1.1
Domestic Violence,WALES,4 Neither,2013-Q1,6,1.1,1.1
Domestic Violence,Wales,4 Neither,2013-Q2,9,1.6,0.9
Domestic Violence,WALES,4 Neither,2013-Q2,9,1.6,0.9
Domestic Violence,Wales,4 Neither,2013-Q3,6,1.1,0.4
Domestic Violence,WALES,4 Neither,2013-Q3,6,1.2,0.4
Domestic Violence,Wales,4 Neither,2013-Q4,10,0.6,0.4
Domestic Violence,WALES,4 Neither,2013-Q4,10,0.7,0.4
Domestic Violence,Wales,4 Neither,2014-Q1,9,1,0.7
Domestic Violence,WALES,4 Neither,2014-Q1,9,1,0.7
Domestic Violence,Wales,4 Neither,2014-Q2,10,0.9,0.1
Domestic Violence,WALES,4 Neither,2014-Q2,10,0.9,0.1
Domestic Violence,Wales,4 Neither,2014-Q3,7,1.9,0
Domestic Violence,WALES,4 Neither,2014-Q3,7,2,0
Domestic Violence,Wales,4 Neither,2014-Q4,7,0.6,0
Domestic Violence,WALES,4 Neither,2014-Q4,7,0.6,0
Domestic Violence,Wales,4 Neither,2015-Q1,9,1.3,1.3
Domestic Violence,WALES,4 Neither,2015-Q1,9,1.3,1.3
Domestic Violence,Wales,4 Neither,2015-Q2,6,0.1,0
Domestic Violence,WALES,4 Neither,2015-Q2,6,0.2,0
Domestic Violence,Wales,4 Neither,2015-Q3,12,1.1,1.3
Domestic Violence,WALES,4 Neither,2015-Q3,12,1.2,1.3
Domestic Violence,Wales,4 Neither,2015-Q4,18,1.4,1.1
Domestic Violence,WALES,4 Neither,2015-Q4,17,1.4,1
Domestic Violence,Wales,4 Neither,2016-Q1,18,1.6,1.7
Domestic Violence,WALES,4 Neither,2016-Q1,18,1.7,1.7
Domestic Violence,Wales,4 Neither,2016-Q2,16,1.7,0.3
Domestic Violence,WALES,4 Neither,2016-Q2,16,1.8,0.3
Domestic Violence,Wales,4 Neither,2016-Q3,15,1.3,1
Domestic Violence,WALES,4 Neither,2016-Q3,15,1.3,1
Domestic Violence,Wales,4 Neither,2016-Q4,14,1.3,0.6
Domestic Violence,WALES,4 Neither,2016-Q4,14,1.4,0.6
Domestic Violence,Wales,4 Neither,2017-Q1,14,0.7,0.4
Domestic Violence,WALES,4 Neither,2017-Q1,14,0.8,0.4
Domestic Violence,Wales,4 Neither,2017-Q2,11,1.4,1.7
Domestic Violence,WALES,4 Neither,2017-Q2,12,1.3,1.5
Domestic Violence,Wales,4 Neither,2017-Q3,21,1,0.9
Domestic Violence,WALES,4 Neither,2017-Q3,21,1,0.9
Domestic Violence,Wales,4 Neither,2017-Q4,18,1.4,0.4
Domestic Violence,WALES,4 Neither,2017-Q4,19,1.6,0.6
Domestic Violence,Wales,4 Neither,2018-Q1,17,1,0.1
Domestic Violence,WALES,4 Neither,2018-Q1,17,1.1,0.1
Domestic Violence,Wales,4 Neither,2018-Q2,27,2,1.6
Domestic Violence,WALES,4 Neither,2018-Q2,27,2,1.6
Domestic Violence,Wales,4 Neither,2018-Q3,31,1.6,1
Domestic Violence,WALES,4 Neither,2018-Q3,31,1.6,1
Domestic Violence,Wales,4 Neither,2018-Q4,35,1.1,0.9
Domestic Violence,WALES,4 Neither,2018-Q4,35,1.3,0.9
Domestic Violence,Wales,4 Neither,2019-Q1,25,1.6,1.3
Domestic Violence,WALES,4 Neither,2019-Q1,25,1.7,1.3
Domestic Violence,Wales,4 Neither,2019-Q2,30,2.4,1.1
Domestic Violence,WALES,4 Neither,2019-Q2,30,2.5,1.1
Domestic Violence,Wales,4 Neither,2019-Q3,33,2.1,1.7
Domestic Violence,WALES,4 Neither,2019-Q3,34,2.4,1.7
Domestic Violence,Wales,4 Neither,2019-Q4,26,1.1,0.4
Domestic Violence,WALES,4 Neither,2019-Q4,26,1.2,0.4
Domestic Violence,Wales,4 Neither,2020-Q1,27,1.9,1.4
Domestic Violence,WALES,4 Neither,2020-Q1,27,2,1.4
Domestic Violence,Wales,4 Neither,2020-Q2,31,1.7,1.1
Domestic Violence,WALES,4 Neither,2020-Q2,32,2.3,1.4
Domestic Violence,Wales,4 Neither,2020-Q3,25,1.3,0.9
Domestic Violence,WALES,4 Neither,2020-Q3,25,1.4,0.9
Domestic Violence,Wales,4 Neither,2020-Q4,23,1.9,0.9
Domestic Violence,WALES,4 Neither,2020-Q4,23,1.9,0.9
Domestic Violence,Wales,4 Neither,2021-Q1,39,0.9,0.6
Domestic Violence,WALES,4 Neither,2021-Q1,39,1,0.6
Domestic Violence,Wales,4 Neither,2021-Q2,35,1.3,0.9
Domestic Violence,WALES,4 Neither,2021-Q2,36,1.6,0.9
Domestic Violence,Wales,4 Neither,2021-Q3,26,0.9,0.6
Domestic Violence,WALES,4 Neither,2021-Q3,26,0.9,0.6
Domestic Violence,Wales,4 Neither,2021-Q4,41,1,0.7
Domestic Violence,WALES,4 Neither,2021-Q4,41,1.1,0.7
Domestic Violence,Wales,4 Neither,2022-Q1,36,1.1,0.9
Domestic Violence,WALES,4 Neither,2022-Q1,36,1.3,0.9
Domestic Violence,Wales,4 Neither,2022-Q2,26,1.3,1
Domestic Violence,WALES,4 Neither,2022-Q2,26,1.4,1
Domestic Violence,Wales,4 Neither,2022-Q3,30,0.9,0.4
Domestic Violence,WALES,4 Neither,2022-Q3,30,0.9,0.4
Domestic Violence,Wales,4 Neither,2022-Q4,55,1,0.9
Domestic Violence,WALES,4 Neither,2022-Q4,55,1.1,0.9
Domestic Violence,Wales,4 Neither,2023-Q1,35,1.6,1
Domestic Violence,WALES,4 Neither,2023-Q1,35,1.7,1
Domestic Violence,Wales,4 Neither,2023-Q2,22,1.3,1.4
Domestic Violence,WALES,4 Neither,2023-Q2,22,1.4,1.4
Domestic Violence,Wales,4 Neither,2023-Q3,43,1,0.4
Domestic Violence,WALES,4 Neither,2023-Q3,43,1.1,0.4
Domestic Violence,Wales,4 Neither,2023-Q4,31,1,1
Domestic Violence,WALES,4 Neither,2023-Q4,31,1.1,1
Domestic Violence,Wales,4 Neither,2024-Q1,38,0.9,0.4
Domestic Violence,WALES,4 Neither,2024-Q1,38,1,0.4
Domestic Violence,Wales,4 Neither,2024-Q2,38,1.1,0.9
Domestic Violence,WALES,4 Neither,2024-Q2,38,1.2,0.9
Domestic Violence,Wales,4 Neither,2024-Q3,32,1.7,1.6
Domestic Violence,WALES,4 Neither,2024-Q3,33,1.8,1.6
Domestic Violence,Wales,4 Neither,2024-Q4,34,1.4,1
Domestic Violence,WALES,4 Neither,2024-Q4,35,1.4,1
Domestic Violence,Wales,4 Neither,2025-Q1,41,2,0.7
Domestic Violence,WALES,4 Neither,2025-Q1,41,2.2,0.9
Domestic Violence,Wales,4 Neither,2025-Q2,45,1,0.6
Domestic Violence,WALES,4 Neither,2025-Q2,48,1.1,0.6
Domestic Violence,Wales,4 Neither,2025-Q3,49,1.3,1
Domestic Violence,WALES,4 Neither,2025-Q3,49,1.2,0.7
Domestic Violence,Wales,4 Neither,2025-Q4,69,1.1,0.6
Domestic Violence,Wales,All types,2011-Q1,81,0.7,0.1
Domestic Violence,WALES,All types,2011-Q1,88,3.1,0.4
Domestic Violence,Wales,All types,2011-Q2,90,0.6,0
Domestic Violence,WALES,All types,2011-Q2,90,0.6,0
Domestic Violence,Wales,All types,2011-Q3,92,0.9,0.2
Domestic Violence,WALES,All types,2011-Q3,93,2.3,0.3
Domestic Violence,Wales,All types,2011-Q4,86,1.3,0.6
Domestic Violence,WALES,All types,2011-Q4,86,1.4,0.6
Domestic Violence,Wales,All types,2012-Q1,85,2.3,0.3
Domestic Violence,WALES,All types,2012-Q1,86,2.7,0.4
Domestic Violence,Wales,All types,2012-Q2,93,0.6,0
Domestic Violence,WALES,All types,2012-Q2,93,0.7,0
Domestic Violence,Wales,All types,2012-Q3,106,0.7,0
Domestic Violence,WALES,All types,2012-Q3,106,0.8,0
Domestic Violence,Wales,All types,2012-Q4,62,1.6,0
Domestic Violence,WALES,All types,2012-Q4,62,1.6,0
Domestic Violence,Wales,All types,2013-Q1,72,0.9,0.3
Domestic Violence,WALES,All types,2013-Q1,72,1,0.3
Domestic Violence,Wales,All types,2013-Q2,103,0.7,0.1
Domestic Violence,WALES,All types,2013-Q2,103,0.8,0.1
Domestic Violence,Wales,All types,2013-Q3,87,0.6,0
Domestic Violence,WALES,All types,2013-Q3,87,0.6,0
Domestic Violence,Wales,All types,2013-Q4,95,0.9,0.4
Domestic Violence,WALES,All types,2013-Q4,95,0.9,0.4
Domestic Violence,Wales,All types,2014-Q1,88,0.9,0.4
Domestic Violence,WALES,All types,2014-Q1,88,0.9,0.4
Domestic Violence,Wales,All types,2014-Q2,67,1,0.4
Domestic Violence,WALES,All types,2014-Q2,67,1,0.4
Domestic Violence,Wales,All types,2014-Q3,73,1.4,0
Domestic Violence,WALES,All types,2014-Q3,74,1.4,0
Domestic Violence,Wales,All types,2014-Q4,89,1,0.1
Domestic Violence,WALES,All types,2014-Q4,89,1.1,0.1
Domestic Violence,Wales,All types,2015-Q1,72,1.7,0.6
Domestic Violence,WALES,All types,2015-Q1,72,1.8,0.6
Domestic Violence,Wales,All types,2015-Q2,68,1.4,0.1
Domestic Violence,WALES,All types,2015-Q2,68,1.5,0.1
Domestic Violence,Wales,All types,2015-Q3,73,1.3,0.1
Domestic Violence,WALES,All types,2015-Q3,73,1.3,0.1
Domestic Violence,Wales,All types,2015-Q4,72,0.9,0.7
Domestic Violence,WALES,All types,2015-Q4,71,1,0.7
Domestic Violence,Wales,All types,2016-Q1,76,1.1,0.7
Domestic Violence,WALES,All types,2016-Q1,76,1.2,0.7
Domestic Violence,Wales,All types,2016-Q2,60,1,0.4
Domestic Violence,WALES,All types,2016-Q2,62,1.9,0.6
Domestic Violence,Wales,All types,2016-Q3,66,1.9,0.1
Domestic Violence,WALES,All types,2016-Q3,66,2,0.1
Domestic Violence,Wales,All types,2016-Q4,76,1.3,0.6
Domestic Violence,WALES,All types,2016-Q4,76,1.3,0.6
Domestic Violence,Wales,All types,2017-Q1,64,0.9,0.4
Domestic Violence,WALES,All types,2017-Q1,64,1,0.4
Domestic Violence,Wales,All types,2017-Q2,81,1.1,0.9
Domestic Violence,WALES,All types,2017-Q2,82,1.2,0.9
Domestic Violence,Wales,All types,2017-Q3,88,1.4,0.8
Domestic Violence,WALES,All types,2017-Q3,88,1.4,0.8
Domestic Violence,Wales,All types,2017-Q4,70,1.4,0.6
Domestic Violence,WALES,All types,2017-Q4,71,1.6,0.7
Domestic Violence,Wales,All types,2018-Q1,66,1,0.6
Domestic Violence,WALES,All types,2018-Q1,66,1.1,0.6
Domestic Violence,Wales,All types,2018-Q2,86,1.6,1
Domestic Violence,WALES,All types,2018-Q2,86,1.6,1
Domestic Violence,Wales,All types,2018-Q3,97,1.1,0.9
Domestic Violence,WALES,All types,2018-Q3,96,1.2,0.9
Domestic Violence,Wales,All types,2018-Q4,87,1.3,0.9
Domestic Violence,WALES,All types,2018-Q4,87,1.3,0.9
Domestic Violence,Wales,All types,2019-Q1,72,1.4,1
Domestic Violence,WALES,All types,2019-Q1,72,1.5,1
Domestic Violence,Wales,All types,2019-Q2,88,1.7,1.1
Domestic Violence,WALES,All types,2019-Q2,88,1.8,1.1
Domestic Violence,Wales,All types,2019-Q3,103,1.6,1
Domestic Violence,WALES,All types,2019-Q3,104,1.8,1
Domestic Violence,Wales,All types,2019-Q4,96,1.4,1.2
Domestic Violence,WALES,All types,2019-Q4,96,1.4,1.2
Domestic Violence,Wales,All types,2020-Q1,85,1.1,1
Domestic Violence,WALES,All types,2020-Q1,85,1.3,1
Domestic Violence,Wales,All types,2020-Q2,104,1.3,0.9
Domestic Violence,WALES,All types,2020-Q2,104,1.5,0.9
Domestic Violence,Wales,All types,2020-Q3,104,2.7,0.7
Domestic Violence,WALES,All types,2020-Q3,104,2.8,0.7
Domestic Violence,Wales,All types,2020-Q4,98,1,0.7
Domestic Violence,WALES,All types,2020-Q4,100,1.1,0.7
Domestic Violence,Wales,All types,2021-Q1,139,2.1,0.7
Domestic Violence,WALES,All types,2021-Q1,141,2.2,0.9
Domestic Violence,Wales,All types,2021-Q2,121,1.1,0.6
Domestic Violence,WALES,All types,2021-Q2,123,1.3,0.6
Domestic Violence,Wales,All types,2021-Q3,118,1.3,0.6
Domestic Violence,WALES,All types,2021-Q3,119,1.4,0.6
Domestic Violence,Wales,All types,2021-Q4,137,1.1,0.7
Domestic Violence,WALES,All types,2021-Q4,137,1.2,0.7
Domestic Violence,Wales,All types,2022-Q1,115,1.1,0.7
Domestic Violence,WALES,All types,2022-Q1,115,1.2,0.7
Domestic Violence,Wales,All types,2022-Q2,117,1.6,0.7
Domestic Violence,WALES,All types,2022-Q2,117,1.6,0.7
Domestic Violence,Wales,All types,2022-Q3,105,1.1,0.4
Domestic Violence,WALES,All types,2022-Q3,105,1.2,0.4
Domestic Violence,Wales,All types,2022-Q4,157,1.1,0.9
Domestic Violence,WALES,All types,2022-Q4,158,1.2,0.9
Domestic Violence,Wales,All types,2023-Q1,110,1.3,0.9
Domestic Violence,WALES,All types,2023-Q1,111,1.4,0.9
Domestic Violence,Wales,All types,2023-Q2,95,1.3,0.7
Domestic Violence,WALES,All types,2023-Q2,95,1.3,0.7
Domestic Violence,Wales,All types,2023-Q3,110,1,0.6
Domestic Violence,WALES,All types,2023-Q3,110,1,0.6
Domestic Violence,Wales,All types,2023-Q4,106,1.1,0.9
Domestic Violence,WALES,All types,2023-Q4,106,1.2,0.9
Domestic Violence,Wales,All types,2024-Q1,106,1,0.7
Domestic Violence,WALES,All types,2024-Q1,106,1.1,0.7
Domestic Violence,Wales,All types,2024-Q2,120,1.4,0.9
Domestic Violence,WALES,All types,2024-Q2,120,1.5,0.9
Domestic Violence,Wales,All types,2024-Q3,106,1.6,1
Domestic Violence,WALES,All types,2024-Q3,106,1.3,1
Domestic Violence,Wales,All types,2024-Q4,125,1.4,1
Domestic Violence,WALES,All types,2024-Q4,128,1.5,1
Domestic Violence,Wales,All types,2025-Q1,114,1.3,0.6
Domestic Violence,WALES,All types,2025-Q1,116,1.4,0.6
Domestic Violence,Wales,All types,2025-Q2,119,1.1,0.9
Domestic Violence,WALES,All types,2025-Q2,128,1.2,0.9
Domestic Violence,Wales,All types,2025-Q3,129,1,0.7
Domestic Violence,WALES,All types,2025-Q3,128,1,0.7
Domestic Violence,Wales,All types,2025-Q4,147,1.4,0.7
Financial Remedy,COURT TRIBUNAL SERVICE CENTRE,1 Both,2019-Q3,1,3.9,3.9
Financial Remedy,COURT TRIBUNAL SERVICE CENTRE,1 Both,2019-Q4,2,4.7,4.7
Financial Remedy,COURT TRIBUNAL SERVICE CENTRE,1 Both,2020-Q1,7,2.6,2.4
Financial Remedy,COURT TRIBUNAL SERVICE CENTRE,1 Both,2020-Q2,22,6.3,5.6
Financial Remedy,COURT TRIBUNAL SERVICE CENTRE,1 Both,2020-Q3,25,8.7,5.7
Financial Remedy,COURT TRIBUNAL SERVICE CENTRE,1 Both,2020-Q4,38,12.3,5.8
Financial Remedy,COURT TRIBUNAL SERVICE CENTRE,1 Both,2021-Q1,81,19.4,16.6
Financial Remedy,COURT TRIBUNAL SERVICE CENTRE,1 Both,2021-Q2,126,24.5,22.3
Financial Remedy,COURT TRIBUNAL SERVICE CENTRE,1 Both,2021-Q3,188,28.8,25.4
Financial Remedy,COURT TRIBUNAL SERVICE CENTRE,1 Both,2021-Q4,307,33.2,31.6
Financial Remedy,COURT TRIBUNAL SERVICE CENTRE,1 Both,2022-Q1,422,34.4,32.5
Financial Remedy,COURT TRIBUNAL SERVICE CENTRE,1 Both,2022-Q2,505,38,34.9
Financial Remedy,COURT TRIBUNAL SERVICE CENTRE,1 Both,2022-Q3,510,46.3,42.3
Financial Remedy,COURT TRIBUNAL SERVICE CENTRE,1 Both,2022-Q4,338,57.2,53.6
Financial Remedy,COURT TRIBUNAL SERVICE CENTRE,1 Both,2023-Q1,273,68.7,64
Financial Remedy,COURT TRIBUNAL SERVICE CENTRE,1 Both,2023-Q2,128,80.7,77.4
Financial Remedy,COURT TRIBUNAL SERVICE CENTRE,1 Both,2023-Q3,90,95.2,91.9
Financial Remedy,COURT TRIBUNAL SERVICE CENTRE,1 Both,2023-Q4,60,106.8,108.1
Financial Remedy,COURT TRIBUNAL SERVICE CENTRE,1 Both,2024-Q1,48,116.9,123.5
Financial Remedy,COURT TRIBUNAL SERVICE CENTRE,1 Both,2024-Q2,40,139.8,139.2
Financial Remedy,COURT TRIBUNAL SERVICE CENTRE,1 Both,2024-Q3,21,153,147.4
Financial Remedy,COURT TRIBUNAL SERVICE CENTRE,1 Both,2024-Q4,25,174.8,175
Financial Remedy,COURT TRIBUNAL SERVICE CENTRE,1 Both,2025-Q1,15,183.5,178.9
Financial Remedy,COURT TRIBUNAL SERVICE CENTRE,1 Both,2025-Q2,8,182.6,178.7
Financial Remedy,COURT TRIBUNAL SERVICE CENTRE,1 Both,2025-Q3,6,210.1,199.7
Financial Remedy,COURT TRIBUNAL SERVICE CENTRE,1 Both,2025-Q4,7,232.6,219.1
Financial Remedy,COURT TRIBUNAL SERVICE CENTRE,2 Petitioner Only,2018-Q4,1,0,0
Financial Remedy,COURT TRIBUNAL SERVICE CENTRE,2 Petitioner Only,2019-Q3,2,0,0
Financial Remedy,COURT TRIBUNAL SERVICE CENTRE,2 Petitioner Only,2019-Q4,8,1.1,1.2
Financial Remedy,COURT TRIBUNAL SERVICE CENTRE,2 Petitioner Only,2020-Q1,60,3.1,1.8
Financial Remedy,COURT TRIBUNAL SERVICE CENTRE,2 Petitioner Only,2020-Q2,197,4.3,3.6
Financial Remedy,COURT TRIBUNAL SERVICE CENTRE,2 Petitioner Only,2020-Q3,433,5.3,2.4
Financial Remedy,COURT TRIBUNAL SERVICE CENTRE,2 Petitioner Only,2020-Q4,720,3.7,1.9
Financial Remedy,COURT TRIBUNAL SERVICE CENTRE,2 Petitioner Only,2021-Q1,877,4.8,2.7
Financial Remedy,COURT TRIBUNAL SERVICE CENTRE,2 Petitioner Only,2021-Q2,590,10.3,7.3
Financial Remedy,COURT TRIBUNAL SERVICE CENTRE,2 Petitioner Only,2021-Q3,151,26.8,23
Financial Remedy,COURT TRIBUNAL SERVICE CENTRE,2 Petitioner Only,2021-Q4,163,29.7,27.4
Financial Remedy,COURT TRIBUNAL SERVICE CENTRE,2 Petitioner Only,2022-Q1,221,31.7,28.3
Financial Remedy,COURT TRIBUNAL SERVICE CENTRE,2 Petitioner Only,2022-Q2,246,34.9,30.5
Financial Remedy,COURT TRIBUNAL SERVICE CENTRE,2 Petitioner Only,2022-Q3,197,45,43.1
Financial Remedy,COURT TRIBUNAL SERVICE CENTRE,2 Petitioner Only,2022-Q4,172,57.3,53
Financial Remedy,COURT TRIBUNAL SERVICE CENTRE,2 Petitioner Only,2023-Q1,118,68.7,66.3
Financial Remedy,COURT TRIBUNAL SERVICE CENTRE,2 Petitioner Only,2023-Q2,64,88,87.4
Financial Remedy,COURT TRIBUNAL SERVICE CENTRE,2 Petitioner Only,2023-Q3,47,91.3,84.3
Financial Remedy,COURT TRIBUNAL SERVICE CENTRE,2 Petitioner Only,2023-Q4,38,105.2,103.5
Financial Remedy,COURT TRIBUNAL SERVICE CENTRE,2 Petitioner Only,2024-Q1,22,135.3,140
Financial Remedy,COURT TRIBUNAL SERVICE CENTRE,2 Petitioner Only,2024-Q2,14,161.2,159.6
Financial Remedy,COURT TRIBUNAL SERVICE CENTRE,2 Petitioner Only,2024-Q3,16,147.9,150.4
Financial Remedy,COURT TRIBUNAL SERVICE CENTRE,2 Petitioner Only,2024-Q4,14,166.4,158.7
Financial Remedy,COURT TRIBUNAL SERVICE CENTRE,2 Petitioner Only,2025-Q1,13,179.1,184.6
Financial Remedy,COURT TRIBUNAL SERVICE CENTRE,2 Petitioner Only,2025-Q2,3,181,181.9
Financial Remedy,COURT TRIBUNAL SERVICE CENTRE,2 Petitioner Only,2025-Q3,7,218.1,219
Financial Remedy,COURT TRIBUNAL SERVICE CENTRE,2 Petitioner Only,2025-Q4,12,218.2,216.3
Financial Remedy,COURT TRIBUNAL SERVICE CENTRE,3 Respondent Only,2019-Q4,3,2.4,1.4
Financial Remedy,COURT TRIBUNAL SERVICE CENTRE,3 Respondent Only,2020-Q1,11,3.2,2.9
Financial Remedy,COURT TRIBUNAL SERVICE CENTRE,3 Respondent Only,2020-Q2,38,7.2,6.9
Financial Remedy,COURT TRIBUNAL SERVICE CENTRE,3 Respondent Only,2020-Q3,52,8.6,8
Financial Remedy,COURT TRIBUNAL SERVICE CENTRE,3 Respondent Only,2020-Q4,49,10,5.9
Financial Remedy,COURT TRIBUNAL SERVICE CENTRE,3 Respondent Only,2021-Q1,64,15.1,9.5
Financial Remedy,COURT TRIBUNAL SERVICE CENTRE,3 Respondent Only,2021-Q2,47,21.9,16.4
Financial Remedy,COURT TRIBUNAL SERVICE CENTRE,3 Respondent Only,2021-Q3,55,28.9,26.6
Financial Remedy,COURT TRIBUNAL SERVICE CENTRE,3 Respondent Only,2021-Q4,48,32.2,29.9
Financial Remedy,COURT TRIBUNAL SERVICE CENTRE,3 Respondent Only,2022-Q1,67,33.6,28.6
Financial Remedy,COURT TRIBUNAL SERVICE CENTRE,3 Respondent Only,2022-Q2,96,37.1,32.4
Financial Remedy,COURT TRIBUNAL SERVICE CENTRE,3 Respondent Only,2022-Q3,90,52.9,47.9
Financial Remedy,COURT TRIBUNAL SERVICE CENTRE,3 Respondent Only,2022-Q4,62,65.2,58.5
Financial Remedy,COURT TRIBUNAL SERVICE CENTRE,3 Respondent Only,2023-Q1,64,78.2,76.7
Financial Remedy,COURT TRIBUNAL SERVICE CENTRE,3 Respondent Only,2023-Q2,34,80.8,80.6
Financial Remedy,COURT TRIBUNAL SERVICE CENTRE,3 Respondent Only,2023-Q3,24,96.3,96.5
Financial Remedy,COURT TRIBUNAL SERVICE CENTRE,3 Respondent Only,2023-Q4,19,113.1,124.7
Financial Remedy,COURT TRIBUNAL SERVICE CENTRE,3 Respondent Only,2024-Q1,23,124.5,121
Financial Remedy,COURT TRIBUNAL SERVICE CENTRE,3 Respondent Only,2024-Q2,7,143.4,144.9
Financial Remedy,COURT TRIBUNAL SERVICE CENTRE,3 Respondent Only,2024-Q3,8,151.5,160.3
Financial Remedy,COURT TRIBUNAL SERVICE CENTRE,3 Respondent Only,2024-Q4,10,185,183.6
Financial Remedy,COURT TRIBUNAL SERVICE CENTRE,3 Respondent Only,2025-Q1,9,171.8,166
Financial Remedy,COURT TRIBUNAL SERVICE CENTRE,3 Respondent Only,2025-Q2,4,208.9,211.6
Financial Remedy,COURT TRIBUNAL SERVICE CENTRE,3 Respondent Only,2025-Q3,2,221.8,221.8
Financial Remedy,COURT TRIBUNAL SERVICE CENTRE,3 Respondent Only,2025-Q4,8,222.7,228
Financial Remedy,COURT TRIBUNAL SERVICE CENTRE,4 Neither,2019-Q4,4,1.5,1.4
Financial Remedy,COURT TRIBUNAL SERVICE CENTRE,4 Neither,2020-Q1,106,3.5,3.6
Financial Remedy,COURT TRIBUNAL SERVICE CENTRE,4 Neither,2020-Q2,296,4.1,3.4
Financial Remedy,COURT TRIBUNAL SERVICE CENTRE,4 Neither,2020-Q3,748,4.8,2.3
Financial Remedy,COURT TRIBUNAL SERVICE CENTRE,4 Neither,2020-Q4,1355,3.4,1.6
Financial Remedy,COURT TRIBUNAL SERVICE CENTRE,4 Neither,2021-Q1,1251,4.9,2.4
Financial Remedy,COURT TRIBUNAL SERVICE CENTRE,4 Neither,2021-Q2,803,9.7,7.3
Financial Remedy,COURT TRIBUNAL SERVICE CENTRE,4 Neither,2021-Q3,138,26.6,23.3
Financial Remedy,COURT TRIBUNAL SERVICE CENTRE,4 Neither,2021-Q4,107,33.9,34.4
Financial Remedy,COURT TRIBUNAL SERVICE CENTRE,4 Neither,2022-Q1,114,33.1,30.8
Financial Remedy,COURT TRIBUNAL SERVICE CENTRE,4 Neither,2022-Q2,100,37.3,35.5
Financial Remedy,COURT TRIBUNAL SERVICE CENTRE,4 Neither,2022-Q3,100,50,50
Financial Remedy,COURT TRIBUNAL SERVICE CENTRE,4 Neither,2022-Q4,88,54.4,52.7
Financial Remedy,COURT TRIBUNAL SERVICE CENTRE,4 Neither,2023-Q1,89,64,64
Financial Remedy,COURT TRIBUNAL SERVICE CENTRE,4 Neither,2023-Q2,63,80.7,81.9
Financial Remedy,COURT TRIBUNAL SERVICE CENTRE,4 Neither,2023-Q3,43,92.9,100.6
Financial Remedy,COURT TRIBUNAL SERVICE CENTRE,4 Neither,2023-Q4,39,96.5,103.7
Financial Remedy,COURT TRIBUNAL SERVICE CENTRE,4 Neither,2024-Q1,34,133.7,133.7
Financial Remedy,COURT TRIBUNAL SERVICE CENTRE,4 Neither,2024-Q2,25,145,154
Financial Remedy,COURT TRIBUNAL SERVICE CENTRE,4 Neither,2024-Q3,14,149.5,139.5
Financial Remedy,COURT TRIBUNAL SERVICE CENTRE,4 Neither,2024-Q4,22,162.3,154.1
Financial Remedy,COURT TRIBUNAL SERVICE CENTRE,4 Neither,2025-Q1,16,187.9,194.6
Financial Remedy,COURT TRIBUNAL SERVICE CENTRE,4 Neither,2025-Q2,16,195,208.3
Financial Remedy,COURT TRIBUNAL SERVICE CENTRE,4 Neither,2025-Q3,15,217.8,221.9
Financial Remedy,COURT TRIBUNAL SERVICE CENTRE,4 Neither,2025-Q4,18,211,206.4
Financial Remedy,COURT TRIBUNAL SERVICE CENTRE,5 Unknown,2020-Q4,1,4,4
Financial Remedy,COURT TRIBUNAL SERVICE CENTRE,5 Unknown,2022-Q3,1,76.3,76.3
Financial Remedy,England & Wales,1 Both,2011-Q1,6003,30.4,14.6
Financial Remedy,England & Wales,1 Both,2011-Q2,5055,32,15.6
Financial Remedy,England & Wales,1 Both,2011-Q3,5405,29.6,12.7
Financial Remedy,England & Wales,1 Both,2011-Q4,5158,32.3,12.1
Financial Remedy,England & Wales,1 Both,2012-Q1,5286,30.5,12.3
Financial Remedy,England & Wales,1 Both,2012-Q2,4996,29.3,9.6
Financial Remedy,England & Wales,1 Both,2012-Q3,4953,28.2,9.9
Financial Remedy,England & Wales,1 Both,2012-Q4,4888,31.5,12.3
Financial Remedy,England & Wales,1 Both,2013-Q1,4936,30,12.9
Financial Remedy,England & Wales,1 Both,2013-Q2,4940,29.5,12
Financial Remedy,England & Wales,1 Both,2013-Q3,4916,30.4,11.9
Financial Remedy,England & Wales,1 Both,2013-Q4,4808,31.9,12.9
Financial Remedy,England & Wales,1 Both,2014-Q1,4780,33.1,14.1
Financial Remedy,England & Wales,1 Both,2014-Q2,4460,32.9,14.1
Financial Remedy,England & Wales,1 Both,2014-Q3,4328,33.5,12.9
Financial Remedy,England & Wales,1 Both,2014-Q4,4078,32.1,10.9
Financial Remedy,England & Wales,1 Both,2015-Q1,4098,34.4,10
Financial Remedy,England & Wales,1 Both,2015-Q2,3946,33.7,11.9
Financial Remedy,England & Wales,1 Both,2015-Q3,4045,31.7,11
Financial Remedy,England & Wales,1 Both,2015-Q4,3777,33.9,12.4
Financial Remedy,England & Wales,1 Both,2016-Q1,4023,32.4,12.7
Financial Remedy,England & Wales,1 Both,2016-Q2,4080,31.3,11.6
Financial Remedy,England & Wales,1 Both,2016-Q3,4283,32.7,9.1
Financial Remedy,England & Wales,1 Both,2016-Q4,4260,32.5,9.9
Financial Remedy,England & Wales,1 Both,2017-Q1,4488,32.4,11.8
Financial Remedy,England & Wales,1 Both,2017-Q2,4404,31.5,10.6
Financial Remedy,England & Wales,1 Both,2017-Q3,4202,34.7,12.2
Financial Remedy,England & Wales,1 Both,2017-Q4,4202,34.1,12.5
Financial Remedy,England & Wales,1 Both,2018-Q1,4371,34.7,13.3
Financial Remedy,England & Wales,1 Both,2018-Q2,4158,38.5,13.9
Financial Remedy,England & Wales,1 Both,2018-Q3,4337,36.1,12.9
Financial Remedy,England & Wales,1 Both,2018-Q4,4303,36.8,14.1
Financial Remedy,England & Wales,1 Both,2019-Q1,4540,34.8,13
Financial Remedy,England & Wales,1 Both,2019-Q2,4277,34.7,13.1
Financial Remedy,England & Wales,1 Both,2019-Q3,4562,33.1,12.6
Financial Remedy,England & Wales,1 Both,2019-Q4,4302,37.2,12
Financial Remedy,England & Wales,1 Both,2020-Q1,3975,40.3,15.3
Financial Remedy,England & Wales,1 Both,2020-Q2,2870,38.2,10
Financial Remedy,England & Wales,1 Both,2020-Q3,3646,37.2,12.1
Financial Remedy,England & Wales,1 Both,2020-Q4,4196,39,9.5
Financial Remedy,England & Wales,1 Both,2021-Q1,3920,43.6,18.1
Financial Remedy,England & Wales,1 Both,2021-Q2,5399,33,5.3
Financial Remedy,England & Wales,1 Both,2021-Q3,5115,32.3,4.7
Financial Remedy,England & Wales,1 Both,2021-Q4,5317,30.8,3.9
Financial Remedy,England & Wales,1 Both,2022-Q1,5029,32.2,1.9
Financial Remedy,England & Wales,1 Both,2022-Q2,3982,34.7,1.9
Financial Remedy,England & Wales,1 Both,2022-Q3,4124,33.5,1.6
Financial Remedy,England & Wales,1 Both,2022-Q4,3302,37.8,2.6
Financial Remedy,England & Wales,1 Both,2023-Q1,4044,30.2,3
Financial Remedy,England & Wales,1 Both,2023-Q2,3265,30.6,3.7
Financial Remedy,England & Wales,1 Both,2023-Q3,3610,29.2,3.9
Financial Remedy,England & Wales,1 Both,2023-Q4,3244,27.2,3.1
Financial Remedy,England & Wales,1 Both,2024-Q1,3107,25.2,3.1
Financial Remedy,England & Wales,1 Both,2024-Q2,3334,22.8,3.3
Financial Remedy,England & Wales,1 Both,2024-Q3,3465,21.4,2.9
Financial Remedy,England & Wales,1 Both,2024-Q4,3736,24.5,3.4
Financial Remedy,England & Wales,1 Both,2025-Q1,3122,25.5,3
Financial Remedy,England & Wales,1 Both,2025-Q2,3741,21.8,3.4
Financial Remedy,England & Wales,1 Both,2025-Q3,3439,21.8,2.4
Financial Remedy,England & Wales,1 Both,2025-Q4,2905,27.8,3.6
Financial Remedy,England & Wales,2 Petitioner Only,2011-Q1,3241,21,4.1
Financial Remedy,England & Wales,2 Petitioner Only,2011-Q2,2794,21.1,4.7
Financial Remedy,England & Wales,2 Petitioner Only,2011-Q3,3186,20.8,3.1
Financial Remedy,England & Wales,2 Petitioner Only,2011-Q4,2973,20,3.3
Financial Remedy,England & Wales,2 Petitioner Only,2012-Q1,3230,22.2,3.1
Financial Remedy,England & Wales,2 Petitioner Only,2012-Q2,2924,21.1,3.1
Financial Remedy,England & Wales,2 Petitioner Only,2012-Q3,3112,22,3.4
Financial Remedy,England & Wales,2 Petitioner Only,2012-Q4,3128,20.8,3.3
Financial Remedy,England & Wales,2 Petitioner Only,2013-Q1,3003,19.8,3.7
Financial Remedy,England & Wales,2 Petitioner Only,2013-Q2,2926,21.6,4
Financial Remedy,England & Wales,2 Petitioner Only,2013-Q3,3194,21.3,3.7
Financial Remedy,England & Wales,2 Petitioner Only,2013-Q4,3057,22.6,4
Financial Remedy,England & Wales,2 Petitioner Only,2014-Q1,3185,23.1,4.3
Financial Remedy,England & Wales,2 Petitioner Only,2014-Q2,3108,23.9,4.3
Financial Remedy,England & Wales,2 Petitioner Only,2014-Q3,2924,22.2,3.3
Financial Remedy,England & Wales,2 Petitioner Only,2014-Q4,2961,21.4,3.1
Financial Remedy,England & Wales,2 Petitioner Only,2015-Q1,3061,21,3
Financial Remedy,England & Wales,2 Petitioner Only,2015-Q2,2912,20.1,3
Financial Remedy,England & Wales,2 Petitioner Only,2015-Q3,2958,21.8,3.9
Financial Remedy,England & Wales,2 Petitioner Only,2015-Q4,2670,22.1,4.6
Financial Remedy,England & Wales,2 Petitioner Only,2016-Q1,2883,21.1,3.3
Financial Remedy,England & Wales,2 Petitioner Only,2016-Q2,3025,22.5,4
Financial Remedy,England & Wales,2 Petitioner Only,2016-Q3,3466,18.8,5.1
Financial Remedy,England & Wales,2 Petitioner Only,2016-Q4,3325,19.8,3.3
Financial Remedy,England & Wales,2 Petitioner Only,2017-Q1,3661,20.3,3.9
Financial Remedy,England & Wales,2 Petitioner Only,2017-Q2,3587,17.5,3.6
Financial Remedy,England & Wales,2 Petitioner Only,2017-Q3,3402,19.7,4.3
Financial Remedy,England & Wales,2 Petitioner Only,2017-Q4,3324,22.4,4
Financial Remedy,England & Wales,2 Petitioner Only,2018-Q1,3441,22.7,5.4
Financial Remedy,England & Wales,2 Petitioner Only,2018-Q2,3040,26.9,7
Financial Remedy,England & Wales,2 Petitioner Only,2018-Q3,3507,21.8,8.1
Financial Remedy,England & Wales,2 Petitioner Only,2018-Q4,3522,22.1,6.3
Financial Remedy,England & Wales,2 Petitioner Only,2019-Q1,3734,22.8,6.4
Financial Remedy,England & Wales,2 Petitioner Only,2019-Q2,3389,24.8,8.4
Financial Remedy,England & Wales,2 Petitioner Only,2019-Q3,3896,22.3,8.1
Financial Remedy,England & Wales,2 Petitioner Only,2019-Q4,3595,23.6,5.1
Financial Remedy,England & Wales,2 Petitioner Only,2020-Q1,3345,25.8,5.4
Financial Remedy,England & Wales,2 Petitioner Only,2020-Q2,2744,21.5,6.9
Financial Remedy,England & Wales,2 Petitioner Only,2020-Q3,3323,19.5,6.9
Financial Remedy,England & Wales,2 Petitioner Only,2020-Q4,4254,18.9,2
Financial Remedy,England & Wales,2 Petitioner Only,2021-Q1,3769,23.1,3.3
Financial Remedy,England & Wales,2 Petitioner Only,2021-Q2,5595,17.6,4.3
Financial Remedy,England & Wales,2 Petitioner Only,2021-Q3,4902,14.9,3.6
Financial Remedy,England & Wales,2 Petitioner Only,2021-Q4,5020,17.2,2.9
Financial Remedy,England & Wales,2 Petitioner Only,2022-Q1,4412,17.7,1
Financial Remedy,England & Wales,2 Petitioner Only,2022-Q2,3535,18.6,1.3
Financial Remedy,England & Wales,2 Petitioner Only,2022-Q3,3413,20.3,1
Financial Remedy,England & Wales,2 Petitioner Only,2022-Q4,2966,21.7,2
Financial Remedy,England & Wales,2 Petitioner Only,2023-Q1,4401,15.8,2
Financial Remedy,England & Wales,2 Petitioner Only,2023-Q2,3830,17.3,3
Financial Remedy,England & Wales,2 Petitioner Only,2023-Q3,4304,13.4,3.3
Financial Remedy,England & Wales,2 Petitioner Only,2023-Q4,3960,13.7,2.7
Financial Remedy,England & Wales,2 Petitioner Only,2024-Q1,4058,16.9,2.7
Financial Remedy,England & Wales,2 Petitioner Only,2024-Q2,4331,12.4,2.7
Financial Remedy,England & Wales,2 Petitioner Only,2024-Q3,4484,12.4,2.4
Financial Remedy,England & Wales,2 Petitioner Only,2024-Q4,4705,13.5,2.9
Financial Remedy,England & Wales,2 Petitioner Only,2025-Q1,3984,12,2.1
Financial Remedy,England & Wales,2 Petitioner Only,2025-Q2,4660,10.7,3
Financial Remedy,England & Wales,2 Petitioner Only,2025-Q3,4368,10.3,1.9
Financial Remedy,England & Wales,2 Petitioner Only,2025-Q4,3643,15.4,3.1
Financial Remedy,England & Wales,3 Respondent Only,2011-Q1,528,58.8,30.7
Financial Remedy,England & Wales,3 Respondent Only,2011-Q2,447,53.9,29.1
Financial Remedy,England & Wales,3 Respondent Only,2011-Q3,518,59.9,30.8
Financial Remedy,England & Wales,3 Respondent Only,2011-Q4,481,51.5,30
Financial Remedy,England & Wales,3 Respondent Only,2012-Q1,495,56.3,26.1
Financial Remedy,England & Wales,3 Respondent Only,2012-Q2,465,56.6,22.3
Financial Remedy,England & Wales,3 Respondent Only,2012-Q3,484,53.5,23
Financial Remedy,England & Wales,3 Respondent Only,2012-Q4,486,54.3,22.5
Financial Remedy,England & Wales,3 Respondent Only,2013-Q1,520,57.1,25.6
Financial Remedy,England & Wales,3 Respondent Only,2013-Q2,516,53.4,24.2
Financial Remedy,England & Wales,3 Respondent Only,2013-Q3,584,57.1,22.4
Financial Remedy,England & Wales,3 Respondent Only,2013-Q4,502,58.4,23.4
Financial Remedy,England & Wales,3 Respondent Only,2014-Q1,554,66.5,30.1
Financial Remedy,England & Wales,3 Respondent Only,2014-Q2,527,55.2,22
Financial Remedy,England & Wales,3 Respondent Only,2014-Q3,583,56.6,24.6
Financial Remedy,England & Wales,3 Respondent Only,2014-Q4,542,61.7,18.6
Financial Remedy,England & Wales,3 Respondent Only,2015-Q1,495,62.6,23.1
Financial Remedy,England & Wales,3 Respondent Only,2015-Q2,533,55.3,16.3
Financial Remedy,England & Wales,3 Respondent Only,2015-Q3,549,54.9,15.3
Financial Remedy,England & Wales,3 Respondent Only,2015-Q4,524,60.2,18
Financial Remedy,England & Wales,3 Respondent Only,2016-Q1,555,57,17.6
Financial Remedy,England & Wales,3 Respondent Only,2016-Q2,561,55.1,19.3
Financial Remedy,England & Wales,3 Respondent Only,2016-Q3,596,59,16.8
Financial Remedy,England & Wales,3 Respondent Only,2016-Q4,543,66.1,16.9
Financial Remedy,England & Wales,3 Respondent Only,2017-Q1,549,55.4,17.3
Financial Remedy,England & Wales,3 Respondent Only,2017-Q2,591,58.6,15
Financial Remedy,England & Wales,3 Respondent Only,2017-Q3,540,60.1,19.9
Financial Remedy,England & Wales,3 Respondent Only,2017-Q4,550,65.7,24.1
Financial Remedy,England & Wales,3 Respondent Only,2018-Q1,607,52.7,16.6
Financial Remedy,England & Wales,3 Respondent Only,2018-Q2,529,60,24.4
Financial Remedy,England & Wales,3 Respondent Only,2018-Q3,615,56.2,18.1
Financial Remedy,England & Wales,3 Respondent Only,2018-Q4,624,58.5,18
Financial Remedy,England & Wales,3 Respondent Only,2019-Q1,658,73.5,20
Financial Remedy,England & Wales,3 Respondent Only,2019-Q2,619,60.9,17.7
Financial Remedy,England & Wales,3 Respondent Only,2019-Q3,644,56.6,15.7
Financial Remedy,England & Wales,3 Respondent Only,2019-Q4,631,67.3,20
Financial Remedy,England & Wales,3 Respondent Only,2020-Q1,647,66.6,20.3
Financial Remedy,England & Wales,3 Respondent Only,2020-Q2,440,59.9,15.5
Financial Remedy,England & Wales,3 Respondent Only,2020-Q3,583,50,17
Financial Remedy,England & Wales,3 Respondent Only,2020-Q4,560,70.5,23.5
Financial Remedy,England & Wales,3 Respondent Only,2021-Q1,525,78,32.7
Financial Remedy,England & Wales,3 Respondent Only,2021-Q2,509,89.7,39
Financial Remedy,England & Wales,3 Respondent Only,2021-Q3,441,83,40.4
Financial Remedy,England & Wales,3 Respondent Only,2021-Q4,382,98.5,41.9
Financial Remedy,England & Wales,3 Respondent Only,2022-Q1,441,85.4,40.7
Financial Remedy,England & Wales,3 Respondent Only,2022-Q2,373,82.7,47.9
Financial Remedy,England & Wales,3 Respondent Only,2022-Q3,384,102,60.7
Financial Remedy,England & Wales,3 Respondent Only,2022-Q4,266,123.9,81.5
Financial Remedy,England & Wales,3 Respondent Only,2023-Q1,297,138.6,81.7
Financial Remedy,England & Wales,3 Respondent Only,2023-Q2,222,113.1,69.1
Financial Remedy,England & Wales,3 Respondent Only,2023-Q3,203,107.9,57.9
Financial Remedy,England & Wales,3 Respondent Only,2023-Q4,194,132.1,60.5
Financial Remedy,England & Wales,3 Respondent Only,2024-Q1,167,120.2,52.9
Financial Remedy,England & Wales,3 Respondent Only,2024-Q2,150,138.9,52.9
Financial Remedy,England & Wales,3 Respondent Only,2024-Q3,168,122.2,55.2
Financial Remedy,England & Wales,3 Respondent Only,2024-Q4,175,125.6,38.1
Financial Remedy,England & Wales,3 Respondent Only,2025-Q1,207,124.2,52.6
Financial Remedy,England & Wales,3 Respondent Only,2025-Q2,165,102.1,24.7
Financial Remedy,England & Wales,3 Respondent Only,2025-Q3,182,94.6,27.6
Financial Remedy,England & Wales,3 Respondent Only,2025-Q4,156,144.8,39.8
Financial Remedy,England & Wales,4 Neither,2011-Q1,608,43.4,10.9
Financial Remedy,England & Wales,4 Neither,2011-Q2,587,46.5,12.9
Financial Remedy,England & Wales,4 Neither,2011-Q3,629,50.1,10.4
Financial Remedy,England & Wales,4 Neither,2011-Q4,654,49.1,8.4
Financial Remedy,England & Wales,4 Neither,2012-Q1,692,44.9,10.1
Financial Remedy,England & Wales,4 Neither,2012-Q2,606,43.7,8.3
Financial Remedy,England & Wales,4 Neither,2012-Q3,662,46.9,9.7
Financial Remedy,England & Wales,4 Neither,2012-Q4,673,46.3,8.6
Financial Remedy,England & Wales,4 Neither,2013-Q1,711,44,9
Financial Remedy,England & Wales,4 Neither,2013-Q2,681,52.5,10
Financial Remedy,England & Wales,4 Neither,2013-Q3,780,41.7,8.1
Financial Remedy,England & Wales,4 Neither,2013-Q4,782,40.5,9
Financial Remedy,England & Wales,4 Neither,2014-Q1,895,43.5,10.9
Financial Remedy,England & Wales,4 Neither,2014-Q2,838,45.3,9.1
Financial Remedy,England & Wales,4 Neither,2014-Q3,903,37.9,5.9
Financial Remedy,England & Wales,4 Neither,2014-Q4,862,47,6
Financial Remedy,England & Wales,4 Neither,2015-Q1,872,44.4,6.1
Financial Remedy,England & Wales,4 Neither,2015-Q2,849,45.7,7
Financial Remedy,England & Wales,4 Neither,2015-Q3,827,46.4,7.1
Financial Remedy,England & Wales,4 Neither,2015-Q4,772,50.6,8.8
Financial Remedy,England & Wales,4 Neither,2016-Q1,821,46,8.1
Financial Remedy,England & Wales,4 Neither,2016-Q2,840,42.7,7.1
Financial Remedy,England & Wales,4 Neither,2016-Q3,933,39.2,6
Financial Remedy,England & Wales,4 Neither,2016-Q4,870,36.9,4.6
Financial Remedy,England & Wales,4 Neither,2017-Q1,1015,34.9,5.9
Financial Remedy,England & Wales,4 Neither,2017-Q2,899,41.5,5.1
Financial Remedy,England & Wales,4 Neither,2017-Q3,897,43.6,5.4
Financial Remedy,England & Wales,4 Neither,2017-Q4,880,40.2,7.7
Financial Remedy,England & Wales,4 Neither,2018-Q1,843,45.9,9.6
Financial Remedy,England & Wales,4 Neither,2018-Q2,742,57.3,13.6
Financial Remedy,England & Wales,4 Neither,2018-Q3,853,49.7,10.6
Financial Remedy,England & Wales,4 Neither,2018-Q4,803,46.7,10.7
Financial Remedy,England & Wales,4 Neither,2019-Q1,817,52.3,10.3
Financial Remedy,England & Wales,4 Neither,2019-Q2,822,50.8,13.9
Financial Remedy,England & Wales,4 Neither,2019-Q3,902,56.8,13
Financial Remedy,England & Wales,4 Neither,2019-Q4,816,57.2,10.1
Financial Remedy,England & Wales,4 Neither,2020-Q1,995,45.2,6.7
Financial Remedy,England & Wales,4 Neither,2020-Q2,915,31.7,6
Financial Remedy,England & Wales,4 Neither,2020-Q3,1576,29.8,5.4
Financial Remedy,England & Wales,4 Neither,2020-Q4,2284,20.4,2
Financial Remedy,England & Wales,4 Neither,2021-Q1,2177,27.6,3.1
Financial Remedy,England & Wales,4 Neither,2021-Q2,2323,27.6,5.1
Financial Remedy,England & Wales,4 Neither,2021-Q3,1564,29.9,3.6
Financial Remedy,England & Wales,4 Neither,2021-Q4,1323,39.9,2.9
Financial Remedy,England & Wales,4 Neither,2022-Q1,1494,32.4,1
Financial Remedy,England & Wales,4 Neither,2022-Q2,1114,37.7,1.1
Financial Remedy,England & Wales,4 Neither,2022-Q3,1120,30.5,1.1
Financial Remedy,England & Wales,4 Neither,2022-Q4,939,39.3,2.4
Financial Remedy,England & Wales,4 Neither,2023-Q1,1270,39.5,2.3
Financial Remedy,England & Wales,4 Neither,2023-Q2,1386,31.9,2.6
Financial Remedy,England & Wales,4 Neither,2023-Q3,1355,27.4,2.7
Financial Remedy,England & Wales,4 Neither,2023-Q4,1232,30.6,2.4
Financial Remedy,England & Wales,4 Neither,2024-Q1,1406,30.3,2
Financial Remedy,England & Wales,4 Neither,2024-Q2,1361,24.4,2.3
Financial Remedy,England & Wales,4 Neither,2024-Q3,1540,19.7,2
Financial Remedy,England & Wales,4 Neither,2024-Q4,1795,22.9,2.3
Financial Remedy,England & Wales,4 Neither,2025-Q1,1522,26.1,1.7
Financial Remedy,England & Wales,4 Neither,2025-Q2,1986,20.4,2.1
Financial Remedy,England & Wales,4 Neither,2025-Q3,2231,18.5,2.6
Financial Remedy,England & Wales,4 Neither,2025-Q4,1991,24.4,3.4
Financial Remedy,England & Wales,5 Unknown,2011-Q1,14,110.5,39.3
Financial Remedy,England & Wales,5 Unknown,2011-Q2,15,54.2,22.1
Financial Remedy,England & Wales,5 Unknown,2011-Q3,11,107.4,45.3
Financial Remedy,England & Wales,5 Unknown,2011-Q4,8,127.1,42.6
Financial Remedy,England & Wales,5 Unknown,2012-Q1,12,47.1,7.8
Financial Remedy,England & Wales,5 Unknown,2012-Q2,10,87.5,35.8
Financial Remedy,England & Wales,5 Unknown,2012-Q3,9,137.6,23
Financial Remedy,England & Wales,5 Unknown,2012-Q4,7,33.3,25.4
Financial Remedy,England & Wales,5 Unknown,2013-Q1,7,102.1,13.9
Financial Remedy,England & Wales,5 Unknown,2013-Q2,15,114,53.1
Financial Remedy,England & Wales,5 Unknown,2013-Q3,16,41.4,26.6
Financial Remedy,England & Wales,5 Unknown,2013-Q4,10,241.4,66.3
Financial Remedy,England & Wales,5 Unknown,2014-Q1,7,137.6,57.9
Financial Remedy,England & Wales,5 Unknown,2014-Q2,13,120,29.4
Financial Remedy,England & Wales,5 Unknown,2014-Q3,11,132.2,32.7
Financial Remedy,England & Wales,5 Unknown,2014-Q4,12,253.5,31.3
Financial Remedy,England & Wales,5 Unknown,2015-Q1,15,64.5,15.1
Financial Remedy,England & Wales,5 Unknown,2015-Q2,9,20.2,7.9
Financial Remedy,England & Wales,5 Unknown,2015-Q3,11,124.2,21.9
Financial Remedy,England & Wales,5 Unknown,2015-Q4,8,133.3,35.4
Financial Remedy,England & Wales,5 Unknown,2016-Q1,14,89.1,21.5
Financial Remedy,England & Wales,5 Unknown,2016-Q2,9,188.5,29.7
Financial Remedy,England & Wales,5 Unknown,2016-Q3,8,149.2,32.2
Financial Remedy,England & Wales,5 Unknown,2016-Q4,6,171.5,47.2
Financial Remedy,England & Wales,5 Unknown,2017-Q1,11,53.3,25.1
Financial Remedy,England & Wales,5 Unknown,2017-Q2,6,157.7,16.8
Financial Remedy,England & Wales,5 Unknown,2017-Q3,7,21,12.9
Financial Remedy,England & Wales,5 Unknown,2017-Q4,3,43.6,34.9
Financial Remedy,England & Wales,5 Unknown,2018-Q1,7,46.2,20.4
Financial Remedy,England & Wales,5 Unknown,2018-Q2,4,96.6,31.7
Financial Remedy,England & Wales,5 Unknown,2018-Q3,8,106.6,20.1
Financial Remedy,England & Wales,5 Unknown,2018-Q4,5,171,15.9
Financial Remedy,England & Wales,5 Unknown,2019-Q1,5,73,31.6
Financial Remedy,England & Wales,5 Unknown,2019-Q2,12,178.9,19.3
Financial Remedy,England & Wales,5 Unknown,2019-Q3,6,201.8,113.3
Financial Remedy,England & Wales,5 Unknown,2019-Q4,1,14,14
Financial Remedy,England & Wales,5 Unknown,2020-Q1,4,6.6,2.4
Financial Remedy,England & Wales,5 Unknown,2020-Q3,6,256.3,59.1
Financial Remedy,England & Wales,5 Unknown,2020-Q4,6,33.3,3
Financial Remedy,England & Wales,5 Unknown,2021-Q1,7,181.1,48.4
Financial Remedy,England & Wales,5 Unknown,2021-Q2,8,251.9,17.6
Financial Remedy,England & Wales,5 Unknown,2021-Q3,5,249.9,60.1
Financial Remedy,England & Wales,5 Unknown,2021-Q4,1,17.7,17.7
Financial Remedy,England & Wales,5 Unknown,2022-Q1,6,43.9,58.8
Financial Remedy,England & Wales,5 Unknown,2022-Q2,3,61.1,76
Financial Remedy,England & Wales,5 Unknown,2022-Q3,3,442.1,529
Financial Remedy,England & Wales,5 Unknown,2022-Q4,2,1085.8,1085.8
Financial Remedy,England & Wales,5 Unknown,2023-Q1,1,35,35
Financial Remedy,England & Wales,5 Unknown,2023-Q2,3,195.6,245.1
Financial Remedy,England & Wales,5 Unknown,2023-Q4,2,25,25
Financial Remedy,England & Wales,5 Unknown,2024-Q1,4,397.9,160.9
Financial Remedy,England & Wales,5 Unknown,2024-Q3,1,276.3,276.3
Financial Remedy,England & Wales,5 Unknown,2024-Q4,2,842.2,842.2
Financial Remedy,LONDON,1 Both,2011-Q1,444,56.3,35.3
Financial Remedy,LONDON,1 Both,2011-Q2,387,60.9,37.9
Financial Remedy,LONDON,1 Both,2011-Q3,358,57.4,38.3
Financial Remedy,LONDON,1 Both,2011-Q4,388,70.9,41.1
Financial Remedy,LONDON,1 Both,2012-Q1,370,66.4,43.7
Financial Remedy,LONDON,1 Both,2012-Q2,346,64.6,39.1
Financial Remedy,LONDON,1 Both,2012-Q3,293,68.4,39.1
Financial Remedy,LONDON,1 Both,2012-Q4,333,72,39.3
Financial Remedy,LONDON,1 Both,2013-Q1,360,64.5,42.2
Financial Remedy,LONDON,1 Both,2013-Q2,373,69.3,36.9
Financial Remedy,LONDON,1 Both,2013-Q3,390,66.1,36.7
Financial Remedy,LONDON,1 Both,2013-Q4,365,66.3,33.7
Financial Remedy,LONDON,1 Both,2014-Q1,409,62.7,38
Financial Remedy,LONDON,1 Both,2014-Q2,377,70.7,36
Financial Remedy,LONDON,1 Both,2014-Q3,396,83.4,42
Financial Remedy,LONDON,1 Both,2014-Q4,318,63.5,37.6
Financial Remedy,LONDON,1 Both,2015-Q1,346,71.1,43.7
Financial Remedy,LONDON,1 Both,2015-Q2,359,68.3,41.6
Financial Remedy,LONDON,1 Both,2015-Q3,386,65.6,37.4
Financial Remedy,LONDON,1 Both,2015-Q4,366,84.4,39.2
Financial Remedy,LONDON,1 Both,2016-Q1,365,69.7,36.3
Financial Remedy,LONDON,1 Both,2016-Q2,379,65.4,32.1
Financial Remedy,LONDON,1 Both,2016-Q3,400,95.2,38.3
Financial Remedy,LONDON,1 Both,2016-Q4,308,79.4,43
Financial Remedy,LONDON,1 Both,2017-Q1,332,80.6,46
Financial Remedy,LONDON,1 Both,2017-Q2,300,92.6,42.1
Financial Remedy,LONDON,1 Both,2017-Q3,300,97.6,42.2
Financial Remedy,LONDON,1 Both,2017-Q4,253,101,48.3
Financial Remedy,LONDON,1 Both,2018-Q1,216,114.7,56
Financial Remedy,LONDON,1 Both,2018-Q2,173,145.4,66.6
Financial Remedy,LONDON,1 Both,2018-Q3,165,140.3,72.4
Financial Remedy,LONDON,1 Both,2018-Q4,127,167,77.4
Financial Remedy,LONDON,1 Both,2019-Q1,138,123.6,65.4
Financial Remedy,LONDON,1 Both,2019-Q2,119,154.9,99
Financial Remedy,LONDON,1 Both,2019-Q3,106,195.5,123.5
Financial Remedy,LONDON,1 Both,2019-Q4,121,206.9,127.1
Financial Remedy,LONDON,1 Both,2020-Q1,105,205.7,104.6
Financial Remedy,LONDON,1 Both,2020-Q2,70,253.6,163
Financial Remedy,LONDON,1 Both,2020-Q3,67,260.6,115.1
Financial Remedy,LONDON,1 Both,2020-Q4,89,229.2,80
Financial Remedy,LONDON,1 Both,2021-Q1,82,224.1,101
Financial Remedy,LONDON,1 Both,2021-Q2,274,82.5,5
Financial Remedy,LONDON,1 Both,2021-Q3,316,62.1,6
Financial Remedy,LONDON,1 Both,2021-Q4,346,62.7,3.4
Financial Remedy,LONDON,1 Both,2022-Q1,356,57.4,1.2
Financial Remedy,LONDON,1 Both,2022-Q2,238,51.2,1.3
Financial Remedy,LONDON,1 Both,2022-Q3,262,44.5,1.1
Financial Remedy,LONDON,1 Both,2022-Q4,304,56.2,2.4
Financial Remedy,LONDON,1 Both,2023-Q1,310,48.3,1.6
Financial Remedy,LONDON,1 Both,2023-Q2,292,35.2,3.1
Financial Remedy,LONDON,1 Both,2023-Q3,350,62.1,3
Financial Remedy,LONDON,1 Both,2023-Q4,289,37.4,2.7
Financial Remedy,LONDON,1 Both,2024-Q1,266,31,2.4
Financial Remedy,LONDON,1 Both,2024-Q2,319,27.7,2.1
Financial Remedy,LONDON,1 Both,2024-Q3,332,30.3,3
Financial Remedy,LONDON,1 Both,2024-Q4,425,33.2,4.6
Financial Remedy,LONDON,1 Both,2025-Q1,313,36.1,3
Financial Remedy,LONDON,1 Both,2025-Q2,374,30.1,3.6
Financial Remedy,LONDON,1 Both,2025-Q3,339,36.8,2.4
Financial Remedy,LONDON,1 Both,2025-Q4,289,44.5,5
Financial Remedy,LONDON,2 Petitioner Only,2011-Q1,213,44.9,24.9
Financial Remedy,LONDON,2 Petitioner Only,2011-Q2,164,55.7,27.7
Financial Remedy,LONDON,2 Petitioner Only,2011-Q3,202,59.1,31.2
Financial Remedy,LONDON,2 Petitioner Only,2011-Q4,186,53.9,30.8
Financial Remedy,LONDON,2 Petitioner Only,2012-Q1,191,66.4,33.4
Financial Remedy,LONDON,2 Petitioner Only,2012-Q2,172,58.7,22.5
Financial Remedy,LONDON,2 Petitioner Only,2012-Q3,145,64.5,34.9
Financial Remedy,LONDON,2 Petitioner Only,2012-Q4,172,59,24.8
Financial Remedy,LONDON,2 Petitioner Only,2013-Q1,152,52.6,31.5
Financial Remedy,LONDON,2 Petitioner Only,2013-Q2,199,57.9,26.7
Financial Remedy,LONDON,2 Petitioner Only,2013-Q3,208,56.1,25.3
Financial Remedy,LONDON,2 Petitioner Only,2013-Q4,211,58.3,26
Financial Remedy,LONDON,2 Petitioner Only,2014-Q1,220,56.6,24.3
Financial Remedy,LONDON,2 Petitioner Only,2014-Q2,219,55.9,26
Financial Remedy,LONDON,2 Petitioner Only,2014-Q3,197,57.8,27
Financial Remedy,LONDON,2 Petitioner Only,2014-Q4,219,58.5,26.4
Financial Remedy,LONDON,2 Petitioner Only,2015-Q1,175,63.2,26
Financial Remedy,LONDON,2 Petitioner Only,2015-Q2,195,47.2,14.3
Financial Remedy,LONDON,2 Petitioner Only,2015-Q3,216,49.1,13.9
Financial Remedy,LONDON,2 Petitioner Only,2015-Q4,214,42.2,15.9
Financial Remedy,LONDON,2 Petitioner Only,2016-Q1,204,58.5,15
Financial Remedy,LONDON,2 Petitioner Only,2016-Q2,184,61.1,13.9
Financial Remedy,LONDON,2 Petitioner Only,2016-Q3,206,61.9,28
Financial Remedy,LONDON,2 Petitioner Only,2016-Q4,161,59.2,31.1
Financial Remedy,LONDON,2 Petitioner Only,2017-Q1,165,75.7,35.1
Financial Remedy,LONDON,2 Petitioner Only,2017-Q2,119,71.2,38.7
Financial Remedy,LONDON,2 Petitioner Only,2017-Q3,116,93.1,48.8
Financial Remedy,LONDON,2 Petitioner Only,2017-Q4,118,124.4,49.2
Financial Remedy,LONDON,2 Petitioner Only,2018-Q1,106,133.8,69.9
Financial Remedy,LONDON,2 Petitioner Only,2018-Q2,90,109.9,71.6
Financial Remedy,LONDON,2 Petitioner Only,2018-Q3,54,139.4,77.3
Financial Remedy,LONDON,2 Petitioner Only,2018-Q4,57,110.8,85
Financial Remedy,LONDON,2 Petitioner Only,2019-Q1,79,165.1,78.1
Financial Remedy,LONDON,2 Petitioner Only,2019-Q2,59,158.7,95.9
Financial Remedy,LONDON,2 Petitioner Only,2019-Q3,52,120.9,74.4
Financial Remedy,LONDON,2 Petitioner Only,2019-Q4,48,177.2,73.7
Financial Remedy,LONDON,2 Petitioner Only,2020-Q1,47,142.7,48
Financial Remedy,LONDON,2 Petitioner Only,2020-Q2,34,185.5,63.7
Financial Remedy,LONDON,2 Petitioner Only,2020-Q3,34,142.1,41
Financial Remedy,LONDON,2 Petitioner Only,2020-Q4,53,181.8,80.6
Financial Remedy,LONDON,2 Petitioner Only,2021-Q1,45,187.8,83
Financial Remedy,LONDON,2 Petitioner Only,2021-Q2,253,35.7,4.7
Financial Remedy,LONDON,2 Petitioner Only,2021-Q3,369,19.6,5.4
Financial Remedy,LONDON,2 Petitioner Only,2021-Q4,403,28.7,3.3
Financial Remedy,LONDON,2 Petitioner Only,2022-Q1,342,28.3,1
Financial Remedy,LONDON,2 Petitioner Only,2022-Q2,240,14.7,1.4
Financial Remedy,LONDON,2 Petitioner Only,2022-Q3,282,30.9,1.1
Financial Remedy,LONDON,2 Petitioner Only,2022-Q4,310,24.1,2.3
Financial Remedy,LONDON,2 Petitioner Only,2023-Q1,336,21.5,1.4
Financial Remedy,LONDON,2 Petitioner Only,2023-Q2,358,32.8,3
Financial Remedy,LONDON,2 Petitioner Only,2023-Q3,399,18.6,2.7
Financial Remedy,LONDON,2 Petitioner Only,2023-Q4,401,19,2.1
Financial Remedy,LONDON,2 Petitioner Only,2024-Q1,391,22,2
Financial Remedy,LONDON,2 Petitioner Only,2024-Q2,422,13.9,2.1
Financial Remedy,LONDON,2 Petitioner Only,2024-Q3,382,24.6,2.3
Financial Remedy,LONDON,2 Petitioner Only,2024-Q4,511,16.2,4
Financial Remedy,LONDON,2 Petitioner Only,2025-Q1,386,19.2,2.1
Financial Remedy,LONDON,2 Petitioner Only,2025-Q2,424,10.4,3.1
Financial Remedy,LONDON,2 Petitioner Only,2025-Q3,366,14,1.9
Financial Remedy,LONDON,2 Petitioner Only,2025-Q4,314,36.6,4.9
Financial Remedy,LONDON,3 Respondent Only,2011-Q1,59,87.1,56
Financial Remedy,LONDON,3 Respondent Only,2011-Q2,44,102.4,57.1
Financial Remedy,LONDON,3 Respondent Only,2011-Q3,68,72.9,48.6
Financial Remedy,LONDON,3 Respondent Only,2011-Q4,40,111.9,57.2
Financial Remedy,LONDON,3 Respondent Only,2012-Q1,47,87.7,45.1
Financial Remedy,LONDON,3 Respondent Only,2012-Q2,51,79,32.9
Financial Remedy,LONDON,3 Respondent Only,2012-Q3,66,89.2,51.1
Financial Remedy,LONDON,3 Respondent Only,2012-Q4,51,83.4,38.9
Financial Remedy,LONDON,3 Respondent Only,2013-Q1,52,111,54.3
Financial Remedy,LONDON,3 Respondent Only,2013-Q2,65,60.2,43.1
Financial Remedy,LONDON,3 Respondent Only,2013-Q3,63,80.4,51.9
Financial Remedy,LONDON,3 Respondent Only,2013-Q4,55,105.5,50.6
Financial Remedy,LONDON,3 Respondent Only,2014-Q1,67,143.3,62.4
Financial Remedy,LONDON,3 Respondent Only,2014-Q2,63,98.7,55.3
Financial Remedy,LONDON,3 Respondent Only,2014-Q3,62,106.3,65.7
Financial Remedy,LONDON,3 Respondent Only,2014-Q4,49,74.8,39.6
Financial Remedy,LONDON,3 Respondent Only,2015-Q1,57,106.8,45.7
Financial Remedy,LONDON,3 Respondent Only,2015-Q2,73,95.2,46.7
Financial Remedy,LONDON,3 Respondent Only,2015-Q3,53,73.7,36.6
Financial Remedy,LONDON,3 Respondent Only,2015-Q4,61,78.6,38.9
Financial Remedy,LONDON,3 Respondent Only,2016-Q1,53,99,40.1
Financial Remedy,LONDON,3 Respondent Only,2016-Q2,74,83.9,31.2
Financial Remedy,LONDON,3 Respondent Only,2016-Q3,67,128.4,57.7
Financial Remedy,LONDON,3 Respondent Only,2016-Q4,61,133.8,62.4
Financial Remedy,LONDON,3 Respondent Only,2017-Q1,62,87.5,51
Financial Remedy,LONDON,3 Respondent Only,2017-Q2,54,102.3,58
Financial Remedy,LONDON,3 Respondent Only,2017-Q3,60,108.7,58.4
Financial Remedy,LONDON,3 Respondent Only,2017-Q4,54,109.3,52.1
Financial Remedy,LONDON,3 Respondent Only,2018-Q1,42,132.6,65.7
Financial Remedy,LONDON,3 Respondent Only,2018-Q2,47,151.2,90.1
Financial Remedy,LONDON,3 Respondent Only,2018-Q3,45,192.8,106
Financial Remedy,LONDON,3 Respondent Only,2018-Q4,31,176.6,114.3
Financial Remedy,LONDON,3 Respondent Only,2019-Q1,45,241.4,147.3
Financial Remedy,LONDON,3 Respondent Only,2019-Q2,28,245.6,150
Financial Remedy,LONDON,3 Respondent Only,2019-Q3,21,334.9,320
Financial Remedy,LONDON,3 Respondent Only,2019-Q4,33,147.4,66.1
Financial Remedy,LONDON,3 Respondent Only,2020-Q1,32,296.7,183.6
Financial Remedy,LONDON,3 Respondent Only,2020-Q2,21,293.2,238
Financial Remedy,LONDON,3 Respondent Only,2020-Q3,27,150.7,46.7
Financial Remedy,LONDON,3 Respondent Only,2020-Q4,20,274.2,82.4
Financial Remedy,LONDON,3 Respondent Only,2021-Q1,27,322.6,294
Financial Remedy,LONDON,3 Respondent Only,2021-Q2,33,220.1,126.6
Financial Remedy,LONDON,3 Respondent Only,2021-Q3,35,174.1,96.3
Financial Remedy,LONDON,3 Respondent Only,2021-Q4,30,265.4,103.5
Financial Remedy,LONDON,3 Respondent Only,2022-Q1,43,143.2,8.1
Financial Remedy,LONDON,3 Respondent Only,2022-Q2,19,259,178.3
Financial Remedy,LONDON,3 Respondent Only,2022-Q3,26,159.5,75.2
Financial Remedy,LONDON,3 Respondent Only,2022-Q4,13,306.7,198
Financial Remedy,LONDON,3 Respondent Only,2023-Q1,19,304.5,181.6
Financial Remedy,LONDON,3 Respondent Only,2023-Q2,20,212,22.6
Financial Remedy,LONDON,3 Respondent Only,2023-Q3,31,177.3,37.1
Financial Remedy,LONDON,3 Respondent Only,2023-Q4,23,183.7,34.7
Financial Remedy,LONDON,3 Respondent Only,2024-Q1,19,124.6,29
Financial Remedy,LONDON,3 Respondent Only,2024-Q2,25,184.7,58.9
Financial Remedy,LONDON,3 Respondent Only,2024-Q3,22,145.3,18.5
Financial Remedy,LONDON,3 Respondent Only,2024-Q4,27,161.1,40.1
Financial Remedy,LONDON,3 Respondent Only,2025-Q1,27,164.3,62.7
Financial Remedy,LONDON,3 Respondent Only,2025-Q2,16,143.6,9.2
Financial Remedy,LONDON,3 Respondent Only,2025-Q3,22,121.6,16.5
Financial Remedy,LONDON,3 Respondent Only,2025-Q4,17,232.6,30.4
Financial Remedy,LONDON,4 Neither,2011-Q1,71,76.1,52.3
Financial Remedy,LONDON,4 Neither,2011-Q2,44,78.6,42.8
Financial Remedy,LONDON,4 Neither,2011-Q3,65,82.3,42.1
Financial Remedy,LONDON,4 Neither,2011-Q4,51,86.8,44.9
Financial Remedy,LONDON,4 Neither,2012-Q1,56,73.4,32.9
Financial Remedy,LONDON,4 Neither,2012-Q2,66,80.6,40.6
Financial Remedy,LONDON,4 Neither,2012-Q3,55,82.8,37.9
Financial Remedy,LONDON,4 Neither,2012-Q4,49,69.4,38.3
Financial Remedy,LONDON,4 Neither,2013-Q1,67,97.2,46
Financial Remedy,LONDON,4 Neither,2013-Q2,75,82.4,32.1
Financial Remedy,LONDON,4 Neither,2013-Q3,81,72.7,31
Financial Remedy,LONDON,4 Neither,2013-Q4,69,83.3,45.9
Financial Remedy,LONDON,4 Neither,2014-Q1,85,82.5,50.7
Financial Remedy,LONDON,4 Neither,2014-Q2,88,85.9,31.2
Financial Remedy,LONDON,4 Neither,2014-Q3,83,94.2,41
Financial Remedy,LONDON,4 Neither,2014-Q4,64,95.7,39.1
Financial Remedy,LONDON,4 Neither,2015-Q1,69,107.4,37.7
Financial Remedy,LONDON,4 Neither,2015-Q2,86,73.7,26.5
Financial Remedy,LONDON,4 Neither,2015-Q3,79,70.8,19.1
Financial Remedy,LONDON,4 Neither,2015-Q4,80,99.3,36.2
Financial Remedy,LONDON,4 Neither,2016-Q1,78,85.7,48.5
Financial Remedy,LONDON,4 Neither,2016-Q2,86,72.3,28.5
Financial Remedy,LONDON,4 Neither,2016-Q3,63,129.3,60.4
Financial Remedy,LONDON,4 Neither,2016-Q4,61,93,49.1
Financial Remedy,LONDON,4 Neither,2017-Q1,79,115.6,45
Financial Remedy,LONDON,4 Neither,2017-Q2,60,103.6,56.8
Financial Remedy,LONDON,4 Neither,2017-Q3,57,128.2,67.3
Financial Remedy,LONDON,4 Neither,2017-Q4,57,140.9,83
Financial Remedy,LONDON,4 Neither,2018-Q1,44,163,114.9
Financial Remedy,LONDON,4 Neither,2018-Q2,36,122,70.7
Financial Remedy,LONDON,4 Neither,2018-Q3,36,189.2,84
Financial Remedy,LONDON,4 Neither,2018-Q4,35,134.4,90.1
Financial Remedy,LONDON,4 Neither,2019-Q1,37,218.2,146.1
Financial Remedy,LONDON,4 Neither,2019-Q2,28,147.1,116.5
Financial Remedy,LONDON,4 Neither,2019-Q3,30,235.1,152
Financial Remedy,LONDON,4 Neither,2019-Q4,27,183,106.4
Financial Remedy,LONDON,4 Neither,2020-Q1,36,170.5,139.1
Financial Remedy,LONDON,4 Neither,2020-Q2,24,230.2,154.2
Financial Remedy,LONDON,4 Neither,2020-Q3,34,241.2,231.1
Financial Remedy,LONDON,4 Neither,2020-Q4,33,219.3,192
Financial Remedy,LONDON,4 Neither,2021-Q1,49,219.8,75.6
Financial Remedy,LONDON,4 Neither,2021-Q2,184,59.4,4.1
Financial Remedy,LONDON,4 Neither,2021-Q3,233,37.8,4.4
Financial Remedy,LONDON,4 Neither,2021-Q4,257,28.8,2.3
Financial Remedy,LONDON,4 Neither,2022-Q1,263,24.4,1
Financial Remedy,LONDON,4 Neither,2022-Q2,154,42.6,1.1
Financial Remedy,LONDON,4 Neither,2022-Q3,129,25.2,1.1
Financial Remedy,LONDON,4 Neither,2022-Q4,138,51.4,3
Financial Remedy,LONDON,4 Neither,2023-Q1,184,29.9,1
Financial Remedy,LONDON,4 Neither,2023-Q2,216,36,2.2
Financial Remedy,LONDON,4 Neither,2023-Q3,185,29.1,2
Financial Remedy,LONDON,4 Neither,2023-Q4,188,38.5,2.1
Financial Remedy,LONDON,4 Neither,2024-Q1,213,27,1.1
Financial Remedy,LONDON,4 Neither,2024-Q2,209,15.3,1.3
Financial Remedy,LONDON,4 Neither,2024-Q3,220,14.4,1.4
Financial Remedy,LONDON,4 Neither,2024-Q4,279,17.1,2.6
Financial Remedy,LONDON,4 Neither,2025-Q1,267,15.4,1.1
Financial Remedy,LONDON,4 Neither,2025-Q2,301,19.2,2
Financial Remedy,LONDON,4 Neither,2025-Q3,314,25,2.4
Financial Remedy,LONDON,4 Neither,2025-Q4,288,37.3,4.7
Financial Remedy,LONDON,5 Unknown,2011-Q1,8,147.1,65.6
Financial Remedy,LONDON,5 Unknown,2011-Q2,5,47,60.7
Financial Remedy,LONDON,5 Unknown,2011-Q3,6,114.5,53.6
Financial Remedy,LONDON,5 Unknown,2011-Q4,5,188.8,177.4
Financial Remedy,LONDON,5 Unknown,2012-Q1,2,234.4,234.4
Financial Remedy,LONDON,5 Unknown,2012-Q2,5,99.2,29.9
Financial Remedy,LONDON,5 Unknown,2012-Q3,3,166.8,14.6
Financial Remedy,LONDON,5 Unknown,2012-Q4,2,18.9,18.9
Financial Remedy,LONDON,5 Unknown,2013-Q1,2,23.1,23.1
Financial Remedy,LONDON,5 Unknown,2013-Q2,4,48.7,37.1
Financial Remedy,LONDON,5 Unknown,2013-Q3,6,36.6,33.6
Financial Remedy,LONDON,5 Unknown,2013-Q4,6,282.3,136.7
Financial Remedy,LONDON,5 Unknown,2014-Q1,6,160.1,61.3
Financial Remedy,LONDON,5 Unknown,2014-Q2,1,434.7,434.7
Financial Remedy,LONDON,5 Unknown,2014-Q3,6,152.9,48.2
Financial Remedy,LONDON,5 Unknown,2014-Q4,5,493.9,629.9
Financial Remedy,LONDON,5 Unknown,2015-Q1,5,174.1,59.7
Financial Remedy,LONDON,5 Unknown,2015-Q2,3,42,54
Financial Remedy,LONDON,5 Unknown,2015-Q3,7,185.3,29.9
Financial Remedy,LONDON,5 Unknown,2015-Q4,1,199.4,199.4
Financial Remedy,LONDON,5 Unknown,2016-Q1,5,212.8,38.4
Financial Remedy,LONDON,5 Unknown,2016-Q2,3,490.4,697.7
Financial Remedy,LONDON,5 Unknown,2016-Q3,5,226.2,47.6
Financial Remedy,LONDON,5 Unknown,2016-Q4,3,295,48
Financial Remedy,LONDON,5 Unknown,2017-Q1,4,14.4,12.5
Financial Remedy,LONDON,5 Unknown,2017-Q2,2,15.5,15.5
Financial Remedy,LONDON,5 Unknown,2017-Q3,1,0.3,0.3
Financial Remedy,LONDON,5 Unknown,2017-Q4,2,63.9,63.9
Financial Remedy,LONDON,5 Unknown,2018-Q1,4,33.9,24
Financial Remedy,LONDON,5 Unknown,2018-Q2,1,321.7,321.7
Financial Remedy,LONDON,5 Unknown,2018-Q3,2,332.9,332.9
Financial Remedy,LONDON,5 Unknown,2018-Q4,2,14.2,14.2
Financial Remedy,LONDON,5 Unknown,2019-Q1,2,155.7,155.7
Financial Remedy,LONDON,5 Unknown,2019-Q2,6,334.5,65.8
Financial Remedy,LONDON,5 Unknown,2019-Q3,5,143.6,54
Financial Remedy,LONDON,5 Unknown,2020-Q1,1,1.1,1.1
Financial Remedy,LONDON,5 Unknown,2020-Q3,2,301.3,301.3
Financial Remedy,LONDON,5 Unknown,2021-Q1,4,302.6,180.1
Financial Remedy,LONDON,5 Unknown,2021-Q2,1,0.1,0.1
Financial Remedy,LONDON,5 Unknown,2021-Q3,2,550.8,550.8
Financial Remedy,LONDON,5 Unknown,2021-Q4,1,17.7,17.7
Financial Remedy,LONDON,5 Unknown,2022-Q1,4,31.9,32.5
Financial Remedy,LONDON,5 Unknown,2022-Q2,1,19.9,19.9
Financial Remedy,LONDON,5 Unknown,2022-Q3,1,529,529
Financial Remedy,LONDON,5 Unknown,2022-Q4,2,1085.8,1085.8
Financial Remedy,LONDON,5 Unknown,2023-Q1,1,35,35
Financial Remedy,LONDON,5 Unknown,2023-Q2,2,170.8,170.8
Financial Remedy,LONDON,5 Unknown,2024-Q1,1,1229.9,1229.9
Financial Remedy,LONDON,5 Unknown,2024-Q4,1,876.3,876.3
Financial Remedy,MIDLANDS,1 Both,2011-Q1,1187,27.9,10.9
Financial Remedy,MIDLANDS,1 Both,2011-Q2,1025,30,13.7
Financial Remedy,MIDLANDS,1 Both,2011-Q3,1024,26.4,7
Financial Remedy,MIDLANDS,1 Both,2011-Q4,896,30.1,13
Financial Remedy,MIDLANDS,1 Both,2012-Q1,1046,28.3,7.5
Financial Remedy,MIDLANDS,1 Both,2012-Q2,941,25.9,8.4
Financial Remedy,MIDLANDS,1 Both,2012-Q3,905,24.9,8.1
Financial Remedy,MIDLANDS,1 Both,2012-Q4,935,26,7.1
Financial Remedy,MIDLANDS,1 Both,2013-Q1,985,26,8.6
Financial Remedy,MIDLANDS,1 Both,2013-Q2,896,24.6,7.7
Financial Remedy,MIDLANDS,1 Both,2013-Q3,880,25.4,7.4
Financial Remedy,MIDLANDS,1 Both,2013-Q4,854,27.8,12
Financial Remedy,MIDLANDS,1 Both,2014-Q1,919,28.7,12.7
Financial Remedy,MIDLANDS,1 Both,2014-Q2,872,26.4,9.8
Financial Remedy,MIDLANDS,1 Both,2014-Q3,889,29.3,9.7
Financial Remedy,MIDLANDS,1 Both,2014-Q4,771,31.8,6.9
Financial Remedy,MIDLANDS,1 Both,2015-Q1,800,32.3,6.2
Financial Remedy,MIDLANDS,1 Both,2015-Q2,742,27.5,7
Financial Remedy,MIDLANDS,1 Both,2015-Q3,787,27.4,5.6
Financial Remedy,MIDLANDS,1 Both,2015-Q4,687,29.8,9.3
Financial Remedy,MIDLANDS,1 Both,2016-Q1,722,31.8,15.5
Financial Remedy,MIDLANDS,1 Both,2016-Q2,721,27.2,10.9
Financial Remedy,MIDLANDS,1 Both,2016-Q3,679,29.4,11.9
Financial Remedy,MIDLANDS,1 Both,2016-Q4,678,31.6,9.2
Financial Remedy,MIDLANDS,1 Both,2017-Q1,745,31.3,13
Financial Remedy,MIDLANDS,1 Both,2017-Q2,712,33.3,15.9
Financial Remedy,MIDLANDS,1 Both,2017-Q3,599,31.6,12.3
Financial Remedy,MIDLANDS,1 Both,2017-Q4,663,39.7,22.3
Financial Remedy,MIDLANDS,1 Both,2018-Q1,636,35.4,21.7
Financial Remedy,MIDLANDS,1 Both,2018-Q2,686,40,19.9
Financial Remedy,MIDLANDS,1 Both,2018-Q3,548,42.2,23
Financial Remedy,MIDLANDS,1 Both,2018-Q4,755,38.4,21.3
Financial Remedy,MIDLANDS,1 Both,2019-Q1,636,44.4,23
Financial Remedy,MIDLANDS,1 Both,2019-Q2,633,36.5,22
Financial Remedy,MIDLANDS,1 Both,2019-Q3,315,51.6,37.3
Financial Remedy,MIDLANDS,1 Both,2019-Q4,321,56.8,34.4
Financial Remedy,MIDLANDS,1 Both,2020-Q1,251,66.7,43.3
Financial Remedy,MIDLANDS,1 Both,2020-Q2,119,83.6,52
Financial Remedy,MIDLANDS,1 Both,2020-Q3,164,76,40.9
Financial Remedy,MIDLANDS,1 Both,2020-Q4,169,88.1,60.1
Financial Remedy,MIDLANDS,1 Both,2021-Q1,181,96.8,63
Financial Remedy,MIDLANDS,1 Both,2021-Q2,645,25.1,3.9
Financial Remedy,MIDLANDS,1 Both,2021-Q3,673,22.4,3.7
Financial Remedy,MIDLANDS,1 Both,2021-Q4,700,17.1,2.4
Financial Remedy,MIDLANDS,1 Both,2022-Q1,629,19.1,1
Financial Remedy,MIDLANDS,1 Both,2022-Q2,494,18,1.1
Financial Remedy,MIDLANDS,1 Both,2022-Q3,542,17.1,1
Financial Remedy,MIDLANDS,1 Both,2022-Q4,382,26.5,2
Financial Remedy,MIDLANDS,1 Both,2023-Q1,567,11.2,2.1
Financial Remedy,MIDLANDS,1 Both,2023-Q2,490,13.7,3.7
Financial Remedy,MIDLANDS,1 Both,2023-Q3,556,19.4,4
Financial Remedy,MIDLANDS,1 Both,2023-Q4,513,14.5,3.1
Financial Remedy,MIDLANDS,1 Both,2024-Q1,501,15,3.3
Financial Remedy,MIDLANDS,1 Both,2024-Q2,486,14,3.6
Financial Remedy,MIDLANDS,1 Both,2024-Q3,528,9.7,2.7
Financial Remedy,MIDLANDS,1 Both,2024-Q4,667,13.8,4
Financial Remedy,MIDLANDS,1 Both,2025-Q1,406,17.1,2.3
Financial Remedy,MIDLANDS,1 Both,2025-Q2,643,18.5,4.3
Financial Remedy,MIDLANDS,1 Both,2025-Q3,549,14.3,4.6
Financial Remedy,MIDLANDS,1 Both,2025-Q4,472,16.2,3.4
Financial Remedy,MIDLANDS,2 Petitioner Only,2011-Q1,563,20.2,3
Financial Remedy,MIDLANDS,2 Petitioner Only,2011-Q2,486,21.7,4.5
Financial Remedy,MIDLANDS,2 Petitioner Only,2011-Q3,550,23.1,4
Financial Remedy,MIDLANDS,2 Petitioner Only,2011-Q4,477,18.9,3
Financial Remedy,MIDLANDS,2 Petitioner Only,2012-Q1,517,21.5,2.6
Financial Remedy,MIDLANDS,2 Petitioner Only,2012-Q2,511,22.9,3.4
Financial Remedy,MIDLANDS,2 Petitioner Only,2012-Q3,525,18.8,3.1
Financial Remedy,MIDLANDS,2 Petitioner Only,2012-Q4,521,22.6,3.7
Financial Remedy,MIDLANDS,2 Petitioner Only,2013-Q1,511,18.4,4
Financial Remedy,MIDLANDS,2 Petitioner Only,2013-Q2,518,19.7,4
Financial Remedy,MIDLANDS,2 Petitioner Only,2013-Q3,541,18,4.3
Financial Remedy,MIDLANDS,2 Petitioner Only,2013-Q4,538,18.4,3.9
Financial Remedy,MIDLANDS,2 Petitioner Only,2014-Q1,606,18.1,4.6
Financial Remedy,MIDLANDS,2 Petitioner Only,2014-Q2,612,22.8,4
Financial Remedy,MIDLANDS,2 Petitioner Only,2014-Q3,595,18.7,3.6
Financial Remedy,MIDLANDS,2 Petitioner Only,2014-Q4,609,19,2.6
Financial Remedy,MIDLANDS,2 Petitioner Only,2015-Q1,600,16.6,1.7
Financial Remedy,MIDLANDS,2 Petitioner Only,2015-Q2,572,17.6,2.4
Financial Remedy,MIDLANDS,2 Petitioner Only,2015-Q3,544,17.9,3.1
Financial Remedy,MIDLANDS,2 Petitioner Only,2015-Q4,476,22.3,4.1
Financial Remedy,MIDLANDS,2 Petitioner Only,2016-Q1,484,22.8,5.7
Financial Remedy,MIDLANDS,2 Petitioner Only,2016-Q2,467,25.9,3.3
Financial Remedy,MIDLANDS,2 Petitioner Only,2016-Q3,485,21.8,4.7
Financial Remedy,MIDLANDS,2 Petitioner Only,2016-Q4,482,15.5,4.8
Financial Remedy,MIDLANDS,2 Petitioner Only,2017-Q1,466,19,4.1
Financial Remedy,MIDLANDS,2 Petitioner Only,2017-Q2,458,21.2,4.7
Financial Remedy,MIDLANDS,2 Petitioner Only,2017-Q3,387,21,5.9
Financial Remedy,MIDLANDS,2 Petitioner Only,2017-Q4,307,33.8,7.7
Financial Remedy,MIDLANDS,2 Petitioner Only,2018-Q1,337,31.8,9.3
Financial Remedy,MIDLANDS,2 Petitioner Only,2018-Q2,419,32.5,12.3
Financial Remedy,MIDLANDS,2 Petitioner Only,2018-Q3,316,36.7,14
Financial Remedy,MIDLANDS,2 Petitioner Only,2018-Q4,541,26.8,9.7
Financial Remedy,MIDLANDS,2 Petitioner Only,2019-Q1,407,33.8,13
Financial Remedy,MIDLANDS,2 Petitioner Only,2019-Q2,414,28.7,10.2
Financial Remedy,MIDLANDS,2 Petitioner Only,2019-Q3,209,47.2,23.7
Financial Remedy,MIDLANDS,2 Petitioner Only,2019-Q4,247,52.2,11.1
Financial Remedy,MIDLANDS,2 Petitioner Only,2020-Q1,226,46.6,8.1
Financial Remedy,MIDLANDS,2 Petitioner Only,2020-Q2,108,34.1,9.1
Financial Remedy,MIDLANDS,2 Petitioner Only,2020-Q3,99,56.7,22.6
Financial Remedy,MIDLANDS,2 Petitioner Only,2020-Q4,131,56.9,8.4
Financial Remedy,MIDLANDS,2 Petitioner Only,2021-Q1,115,53.8,24.9
Financial Remedy,MIDLANDS,2 Petitioner Only,2021-Q2,766,12,3.4
Financial Remedy,MIDLANDS,2 Petitioner Only,2021-Q3,813,13.2,3.9
Financial Remedy,MIDLANDS,2 Petitioner Only,2021-Q4,859,8.4,2.4
Financial Remedy,MIDLANDS,2 Petitioner Only,2022-Q1,723,12.3,0.9
Financial Remedy,MIDLANDS,2 Petitioner Only,2022-Q2,564,11.2,1
Financial Remedy,MIDLANDS,2 Petitioner Only,2022-Q3,575,11,0.9
Financial Remedy,MIDLANDS,2 Petitioner Only,2022-Q4,471,14.9,1.9
Financial Remedy,MIDLANDS,2 Petitioner Only,2023-Q1,713,7.2,1.9
Financial Remedy,MIDLANDS,2 Petitioner Only,2023-Q2,707,7.9,3.3
Financial Remedy,MIDLANDS,2 Petitioner Only,2023-Q3,819,8.5,3.7
Financial Remedy,MIDLANDS,2 Petitioner Only,2023-Q4,636,6.2,3.1
Financial Remedy,MIDLANDS,2 Petitioner Only,2024-Q1,652,12.4,3.2
Financial Remedy,MIDLANDS,2 Petitioner Only,2024-Q2,794,6.3,3.6
Financial Remedy,MIDLANDS,2 Petitioner Only,2024-Q3,842,6.4,2.9
Financial Remedy,MIDLANDS,2 Petitioner Only,2024-Q4,892,12.1,3.6
Financial Remedy,MIDLANDS,2 Petitioner Only,2025-Q1,588,5,2
Financial Remedy,MIDLANDS,2 Petitioner Only,2025-Q2,861,8.7,3.9
Financial Remedy,MIDLANDS,2 Petitioner Only,2025-Q3,864,9.2,4.1
Financial Remedy,MIDLANDS,2 Petitioner Only,2025-Q4,648,9.4,3.3
Financial Remedy,MIDLANDS,3 Respondent Only,2011-Q1,85,43.8,24.6
Financial Remedy,MIDLANDS,3 Respondent Only,2011-Q2,74,45.8,26.7
Financial Remedy,MIDLANDS,3 Respondent Only,2011-Q3,81,58,26
Financial Remedy,MIDLANDS,3 Respondent Only,2011-Q4,65,61.2,38.3
Financial Remedy,MIDLANDS,3 Respondent Only,2012-Q1,82,77.3,32.6
Financial Remedy,MIDLANDS,3 Respondent Only,2012-Q2,65,36.7,14.9
Financial Remedy,MIDLANDS,3 Respondent Only,2012-Q3,61,37.1,10.9
Financial Remedy,MIDLANDS,3 Respondent Only,2012-Q4,91,60.6,25.1
Financial Remedy,MIDLANDS,3 Respondent Only,2013-Q1,77,53.6,28.1
Financial Remedy,MIDLANDS,3 Respondent Only,2013-Q2,82,60,26.5
Financial Remedy,MIDLANDS,3 Respondent Only,2013-Q3,82,69.7,24.8
Financial Remedy,MIDLANDS,3 Respondent Only,2013-Q4,78,60.8,25.9
Financial Remedy,MIDLANDS,3 Respondent Only,2014-Q1,80,51.3,28.5
Financial Remedy,MIDLANDS,3 Respondent Only,2014-Q2,88,51.5,14.7
Financial Remedy,MIDLANDS,3 Respondent Only,2014-Q3,102,49.1,15.6
Financial Remedy,MIDLANDS,3 Respondent Only,2014-Q4,93,51.2,13.3
Financial Remedy,MIDLANDS,3 Respondent Only,2015-Q1,95,41.7,13.6
Financial Remedy,MIDLANDS,3 Respondent Only,2015-Q2,89,52.2,19.1
Financial Remedy,MIDLANDS,3 Respondent Only,2015-Q3,107,45.1,10
Financial Remedy,MIDLANDS,3 Respondent Only,2015-Q4,92,49.5,8
Financial Remedy,MIDLANDS,3 Respondent Only,2016-Q1,108,48.4,12
Financial Remedy,MIDLANDS,3 Respondent Only,2016-Q2,102,44.4,26.8
Financial Remedy,MIDLANDS,3 Respondent Only,2016-Q3,88,42.1,18.6
Financial Remedy,MIDLANDS,3 Respondent Only,2016-Q4,86,47.3,17.2
Financial Remedy,MIDLANDS,3 Respondent Only,2017-Q1,94,54.6,13.4
Financial Remedy,MIDLANDS,3 Respondent Only,2017-Q2,109,60.4,23
Financial Remedy,MIDLANDS,3 Respondent Only,2017-Q3,88,55.4,32.8
Financial Remedy,MIDLANDS,3 Respondent Only,2017-Q4,80,82.6,30.3
Financial Remedy,MIDLANDS,3 Respondent Only,2018-Q1,80,58.4,30
Financial Remedy,MIDLANDS,3 Respondent Only,2018-Q2,81,44.8,35.4
Financial Remedy,MIDLANDS,3 Respondent Only,2018-Q3,63,73,24.3
Financial Remedy,MIDLANDS,3 Respondent Only,2018-Q4,110,57.4,26.4
Financial Remedy,MIDLANDS,3 Respondent Only,2019-Q1,83,77.4,26.7
Financial Remedy,MIDLANDS,3 Respondent Only,2019-Q2,106,53.5,14.5
Financial Remedy,MIDLANDS,3 Respondent Only,2019-Q3,63,66.4,36.1
Financial Remedy,MIDLANDS,3 Respondent Only,2019-Q4,68,100.5,33
Financial Remedy,MIDLANDS,3 Respondent Only,2020-Q1,67,67.9,26.4
Financial Remedy,MIDLANDS,3 Respondent Only,2020-Q2,29,71.9,24.4
Financial Remedy,MIDLANDS,3 Respondent Only,2020-Q3,50,88.7,48
Financial Remedy,MIDLANDS,3 Respondent Only,2020-Q4,40,88.8,36
Financial Remedy,MIDLANDS,3 Respondent Only,2021-Q1,24,91.2,38.5
Financial Remedy,MIDLANDS,3 Respondent Only,2021-Q2,38,79.1,33.4
Financial Remedy,MIDLANDS,3 Respondent Only,2021-Q3,33,53,6.7
Financial Remedy,MIDLANDS,3 Respondent Only,2021-Q4,31,81.3,40
Financial Remedy,MIDLANDS,3 Respondent Only,2022-Q1,34,134.6,37.5
Financial Remedy,MIDLANDS,3 Respondent Only,2022-Q2,20,133.8,100.7
Financial Remedy,MIDLANDS,3 Respondent Only,2022-Q3,20,70.4,3.9
Financial Remedy,MIDLANDS,3 Respondent Only,2022-Q4,17,105,41.4
Financial Remedy,MIDLANDS,3 Respondent Only,2023-Q1,24,167.2,25.1
Financial Remedy,MIDLANDS,3 Respondent Only,2023-Q2,19,74.9,4.9
Financial Remedy,MIDLANDS,3 Respondent Only,2023-Q3,16,53.3,16.3
Financial Remedy,MIDLANDS,3 Respondent Only,2023-Q4,19,145.8,14
Financial Remedy,MIDLANDS,3 Respondent Only,2024-Q1,11,104.3,2.6
Financial Remedy,MIDLANDS,3 Respondent Only,2024-Q2,14,3.6,2.3
Financial Remedy,MIDLANDS,3 Respondent Only,2024-Q3,15,172.1,3.1
Financial Remedy,MIDLANDS,3 Respondent Only,2024-Q4,16,31.9,8.6
Financial Remedy,MIDLANDS,3 Respondent Only,2025-Q1,23,211.2,42.7
Financial Remedy,MIDLANDS,3 Respondent Only,2025-Q2,25,69.1,16.9
Financial Remedy,MIDLANDS,3 Respondent Only,2025-Q3,29,36.9,6
Financial Remedy,MIDLANDS,3 Respondent Only,2025-Q4,21,164.8,36.1
Financial Remedy,MIDLANDS,4 Neither,2011-Q1,102,54.6,8.4
Financial Remedy,MIDLANDS,4 Neither,2011-Q2,92,45.2,14.5
Financial Remedy,MIDLANDS,4 Neither,2011-Q3,95,55.6,9.6
Financial Remedy,MIDLANDS,4 Neither,2011-Q4,90,35.3,4.2
Financial Remedy,MIDLANDS,4 Neither,2012-Q1,109,38.9,11.4
Financial Remedy,MIDLANDS,4 Neither,2012-Q2,90,59.3,8.1
Financial Remedy,MIDLANDS,4 Neither,2012-Q3,101,28.1,9.3
Financial Remedy,MIDLANDS,4 Neither,2012-Q4,93,35.4,7.9
Financial Remedy,MIDLANDS,4 Neither,2013-Q1,92,36.7,9.3
Financial Remedy,MIDLANDS,4 Neither,2013-Q2,101,53.8,12.1
Financial Remedy,MIDLANDS,4 Neither,2013-Q3,86,44.3,10.7
Financial Remedy,MIDLANDS,4 Neither,2013-Q4,94,32.2,7.9
Financial Remedy,MIDLANDS,4 Neither,2014-Q1,115,56.1,13.9
Financial Remedy,MIDLANDS,4 Neither,2014-Q2,114,38.1,7.1
Financial Remedy,MIDLANDS,4 Neither,2014-Q3,133,39.4,9.1
Financial Remedy,MIDLANDS,4 Neither,2014-Q4,123,42.5,6.9
Financial Remedy,MIDLANDS,4 Neither,2015-Q1,99,49.6,9.6
Financial Remedy,MIDLANDS,4 Neither,2015-Q2,107,59.1,6.1
Financial Remedy,MIDLANDS,4 Neither,2015-Q3,98,67.4,13.7
Financial Remedy,MIDLANDS,4 Neither,2015-Q4,109,49.6,13
Financial Remedy,MIDLANDS,4 Neither,2016-Q1,118,49.6,11.2
Financial Remedy,MIDLANDS,4 Neither,2016-Q2,97,38.9,11.3
Financial Remedy,MIDLANDS,4 Neither,2016-Q3,97,66.4,15.3
Financial Remedy,MIDLANDS,4 Neither,2016-Q4,89,66.2,14.1
Financial Remedy,MIDLANDS,4 Neither,2017-Q1,96,33.2,8.6
Financial Remedy,MIDLANDS,4 Neither,2017-Q2,111,62.4,13.3
Financial Remedy,MIDLANDS,4 Neither,2017-Q3,79,59.4,10
Financial Remedy,MIDLANDS,4 Neither,2017-Q4,74,56.6,27.2
Financial Remedy,MIDLANDS,4 Neither,2018-Q1,89,57,21.7
Financial Remedy,MIDLANDS,4 Neither,2018-Q2,82,68.7,19.2
Financial Remedy,MIDLANDS,4 Neither,2018-Q3,94,72.1,24.2
Financial Remedy,MIDLANDS,4 Neither,2018-Q4,103,54.8,22.4
Financial Remedy,MIDLANDS,4 Neither,2019-Q1,92,47.3,16.1
Financial Remedy,MIDLANDS,4 Neither,2019-Q2,114,60.4,14
Financial Remedy,MIDLANDS,4 Neither,2019-Q3,88,69.2,27.8
Financial Remedy,MIDLANDS,4 Neither,2019-Q4,67,117.8,63.4
Financial Remedy,MIDLANDS,4 Neither,2020-Q1,93,69.6,18.4
Financial Remedy,MIDLANDS,4 Neither,2020-Q2,66,34.7,6
Financial Remedy,MIDLANDS,4 Neither,2020-Q3,106,54.4,1.9
Financial Remedy,MIDLANDS,4 Neither,2020-Q4,136,35.3,2
Financial Remedy,MIDLANDS,4 Neither,2021-Q1,98,36.2,2.8
Financial Remedy,MIDLANDS,4 Neither,2021-Q2,227,28.4,3.6
Financial Remedy,MIDLANDS,4 Neither,2021-Q3,209,17.2,2.9
Financial Remedy,MIDLANDS,4 Neither,2021-Q4,151,28.9,2.1
Financial Remedy,MIDLANDS,4 Neither,2022-Q1,178,25.6,0.7
Financial Remedy,MIDLANDS,4 Neither,2022-Q2,131,32.8,0.9
Financial Remedy,MIDLANDS,4 Neither,2022-Q3,168,28.3,0.9
Financial Remedy,MIDLANDS,4 Neither,2022-Q4,111,24,1.9
Financial Remedy,MIDLANDS,4 Neither,2023-Q1,160,30.2,2
Financial Remedy,MIDLANDS,4 Neither,2023-Q2,211,10.9,2.9
Financial Remedy,MIDLANDS,4 Neither,2023-Q3,184,8.8,2.1
Financial Remedy,MIDLANDS,4 Neither,2023-Q4,186,10.2,2.6
Financial Remedy,MIDLANDS,4 Neither,2024-Q1,189,18.6,2.7
Financial Remedy,MIDLANDS,4 Neither,2024-Q2,207,14.9,3.1
Financial Remedy,MIDLANDS,4 Neither,2024-Q3,230,11.5,2.7
Financial Remedy,MIDLANDS,4 Neither,2024-Q4,306,16.2,2.6
Financial Remedy,MIDLANDS,4 Neither,2025-Q1,193,18.9,1.6
Financial Remedy,MIDLANDS,4 Neither,2025-Q2,290,10.9,2.3
Financial Remedy,MIDLANDS,4 Neither,2025-Q3,335,11.5,4.4
Financial Remedy,MIDLANDS,4 Neither,2025-Q4,341,15.3,3.4
Financial Remedy,MIDLANDS,5 Unknown,2011-Q1,3,63,37.6
Financial Remedy,MIDLANDS,5 Unknown,2011-Q2,5,35.6,19
Financial Remedy,MIDLANDS,5 Unknown,2011-Q3,2,12.7,12.7
Financial Remedy,MIDLANDS,5 Unknown,2011-Q4,2,36.2,36.2
Financial Remedy,MIDLANDS,5 Unknown,2012-Q1,4,5.1,2.2
Financial Remedy,MIDLANDS,5 Unknown,2012-Q2,2,49.8,49.8
Financial Remedy,MIDLANDS,5 Unknown,2012-Q3,2,43,43
Financial Remedy,MIDLANDS,5 Unknown,2012-Q4,4,46.3,46.2
Financial Remedy,MIDLANDS,5 Unknown,2013-Q1,2,7.2,7.2
Financial Remedy,MIDLANDS,5 Unknown,2013-Q2,6,147.1,67.1
Financial Remedy,MIDLANDS,5 Unknown,2013-Q3,2,94.9,94.9
Financial Remedy,MIDLANDS,5 Unknown,2013-Q4,2,8.2,8.2
Financial Remedy,MIDLANDS,5 Unknown,2014-Q2,9,119.6,38.1
Financial Remedy,MIDLANDS,5 Unknown,2014-Q4,3,169.6,12.1
Financial Remedy,MIDLANDS,5 Unknown,2015-Q1,7,6.1,2
Financial Remedy,MIDLANDS,5 Unknown,2015-Q2,3,8.2,7.9
Financial Remedy,MIDLANDS,5 Unknown,2015-Q3,2,24.2,24.2
Financial Remedy,MIDLANDS,5 Unknown,2015-Q4,3,261.4,55.1
Financial Remedy,MIDLANDS,5 Unknown,2016-Q1,1,39.4,39.4
Financial Remedy,MIDLANDS,5 Unknown,2016-Q2,2,87.6,87.6
Financial Remedy,MIDLANDS,5 Unknown,2016-Q3,3,21,14.7
Financial Remedy,MIDLANDS,5 Unknown,2016-Q4,1,82.6,82.6
Financial Remedy,MIDLANDS,5 Unknown,2017-Q1,2,143.5,143.5
Financial Remedy,MIDLANDS,5 Unknown,2017-Q2,1,865.1,865.1
Financial Remedy,MIDLANDS,5 Unknown,2017-Q3,3,40.4,24.1
Financial Remedy,MIDLANDS,5 Unknown,2018-Q1,1,20.4,20.4
Financial Remedy,MIDLANDS,5 Unknown,2018-Q2,1,18,18
Financial Remedy,MIDLANDS,5 Unknown,2018-Q3,3,32.3,31.9
Financial Remedy,MIDLANDS,5 Unknown,2018-Q4,1,13,13
Financial Remedy,MIDLANDS,5 Unknown,2019-Q1,2,25.8,25.8
Financial Remedy,MIDLANDS,5 Unknown,2019-Q2,1,45,45
Financial Remedy,MIDLANDS,5 Unknown,2020-Q1,1,20.4,20.4
Financial Remedy,MIDLANDS,5 Unknown,2020-Q3,1,895.7,895.7
Financial Remedy,MIDLANDS,5 Unknown,2020-Q4,1,1,1
Financial Remedy,MIDLANDS,5 Unknown,2021-Q2,3,641.1,850.4
Financial Remedy,MIDLANDS,5 Unknown,2022-Q1,1,69.7,69.7
Financial Remedy,MIDLANDS,5 Unknown,2022-Q3,1,721,721
Financial Remedy,MIDLANDS,5 Unknown,2023-Q2,1,245.1,245.1
Financial Remedy,MIDLANDS,5 Unknown,2023-Q4,1,0.3,0.3
Financial Remedy,MIDLANDS,5 Unknown,2024-Q1,1,39.9,39.9
Financial Remedy,NORTH EAST,1 Both,2011-Q1,960,26.7,6.2
Financial Remedy,NORTH EAST,1 Both,2011-Q2,743,29.4,8
Financial Remedy,NORTH EAST,1 Both,2011-Q3,849,27.5,5.9
Financial Remedy,NORTH EAST,1 Both,2011-Q4,862,29.4,4.4
Financial Remedy,NORTH EAST,1 Both,2012-Q1,824,26,5.5
Financial Remedy,NORTH EAST,1 Both,2012-Q2,762,24.7,4
Financial Remedy,NORTH EAST,1 Both,2012-Q3,793,21.7,2.9
Financial Remedy,NORTH EAST,1 Both,2012-Q4,718,29.7,8.5
Financial Remedy,NORTH EAST,1 Both,2013-Q1,716,24.8,5.9
Financial Remedy,NORTH EAST,1 Both,2013-Q2,712,26.4,9.5
Financial Remedy,NORTH EAST,1 Both,2013-Q3,733,29.8,7.6
Financial Remedy,NORTH EAST,1 Both,2013-Q4,721,32.4,9.7
Financial Remedy,NORTH EAST,1 Both,2014-Q1,738,30.9,8.4
Financial Remedy,NORTH EAST,1 Both,2014-Q2,683,27.8,12.1
Financial Remedy,NORTH EAST,1 Both,2014-Q3,624,25,7.5
Financial Remedy,NORTH EAST,1 Both,2014-Q4,644,32.2,8
Financial Remedy,NORTH EAST,1 Both,2015-Q1,646,27.4,5.5
Financial Remedy,NORTH EAST,1 Both,2015-Q2,575,29.8,4.4
Financial Remedy,NORTH EAST,1 Both,2015-Q3,649,25.9,4.3
Financial Remedy,NORTH EAST,1 Both,2015-Q4,619,24.1,3.1
Financial Remedy,NORTH EAST,1 Both,2016-Q1,621,29.2,4.4
Financial Remedy,NORTH EAST,1 Both,2016-Q2,723,24.7,4.7
Financial Remedy,NORTH EAST,1 Both,2016-Q3,685,23.9,2
Financial Remedy,NORTH EAST,1 Both,2016-Q4,664,24.4,3.4
Financial Remedy,NORTH EAST,1 Both,2017-Q1,733,21.5,4.9
Financial Remedy,NORTH EAST,1 Both,2017-Q2,701,19.8,4.4
Financial Remedy,NORTH EAST,1 Both,2017-Q3,647,25.1,4.6
Financial Remedy,NORTH EAST,1 Both,2017-Q4,674,26.7,5
Financial Remedy,NORTH EAST,1 Both,2018-Q1,760,26.2,7.2
Financial Remedy,NORTH EAST,1 Both,2018-Q2,658,26.2,6.5
Financial Remedy,NORTH EAST,1 Both,2018-Q3,648,20.9,3.1
Financial Remedy,NORTH EAST,1 Both,2018-Q4,581,31.7,5
Financial Remedy,NORTH EAST,1 Both,2019-Q1,703,23.5,5.9
Financial Remedy,NORTH EAST,1 Both,2019-Q2,462,31.9,18.3
Financial Remedy,NORTH EAST,1 Both,2019-Q3,910,23.2,11.4
Financial Remedy,NORTH EAST,1 Both,2019-Q4,764,22.9,4.3
Financial Remedy,NORTH EAST,1 Both,2020-Q1,599,30.6,7
Financial Remedy,NORTH EAST,1 Both,2020-Q2,194,51.8,34.5
Financial Remedy,NORTH EAST,1 Both,2020-Q3,235,66.2,41.1
Financial Remedy,NORTH EAST,1 Both,2020-Q4,229,72.8,49.4
Financial Remedy,NORTH EAST,1 Both,2021-Q1,186,78.4,63
Financial Remedy,NORTH EAST,1 Both,2021-Q2,497,35.1,2.6
Financial Remedy,NORTH EAST,1 Both,2021-Q3,494,19.2,2.7
Financial Remedy,NORTH EAST,1 Both,2021-Q4,572,20.7,3
Financial Remedy,NORTH EAST,1 Both,2022-Q1,525,15.2,1
Financial Remedy,NORTH EAST,1 Both,2022-Q2,378,20.8,1.1
Financial Remedy,NORTH EAST,1 Both,2022-Q3,375,12.9,1
Financial Remedy,NORTH EAST,1 Both,2022-Q4,301,23.7,2
Financial Remedy,NORTH EAST,1 Both,2023-Q1,548,19.8,3
Financial Remedy,NORTH EAST,1 Both,2023-Q2,425,18.8,3
Financial Remedy,NORTH EAST,1 Both,2023-Q3,467,18.9,4.4
Financial Remedy,NORTH EAST,1 Both,2023-Q4,486,18.6,3.1
Financial Remedy,NORTH EAST,1 Both,2024-Q1,458,24.2,3.4
Financial Remedy,NORTH EAST,1 Both,2024-Q2,467,19.8,3.7
Financial Remedy,NORTH EAST,1 Both,2024-Q3,494,16,3
Financial Remedy,NORTH EAST,1 Both,2024-Q4,528,17.3,2.4
Financial Remedy,NORTH EAST,1 Both,2025-Q1,435,20.9,2.9
Financial Remedy,NORTH EAST,1 Both,2025-Q2,511,20.4,3.7
Financial Remedy,NORTH EAST,1 Both,2025-Q3,524,19.2,2
Financial Remedy,NORTH EAST,1 Both,2025-Q4,421,17.5,3.1
Financial Remedy,NORTH EAST,2 Petitioner Only,2011-Q1,454,20.5,4.3
Financial Remedy,NORTH EAST,2 Petitioner Only,2011-Q2,361,16.7,4.7
Financial Remedy,NORTH EAST,2 Petitioner Only,2011-Q3,427,17.7,3.9
Financial Remedy,NORTH EAST,2 Petitioner Only,2011-Q4,434,13.8,2.9
Financial Remedy,NORTH EAST,2 Petitioner Only,2012-Q1,503,20.8,3.1
Financial Remedy,NORTH EAST,2 Petitioner Only,2012-Q2,409,18.6,3.4
Financial Remedy,NORTH EAST,2 Petitioner Only,2012-Q3,449,21.5,4.7
Financial Remedy,NORTH EAST,2 Petitioner Only,2012-Q4,443,19.7,3.7
Financial Remedy,NORTH EAST,2 Petitioner Only,2013-Q1,422,22.3,4.3
Financial Remedy,NORTH EAST,2 Petitioner Only,2013-Q2,362,17.8,4.4
Financial Remedy,NORTH EAST,2 Petitioner Only,2013-Q3,459,19.8,4.7
Financial Remedy,NORTH EAST,2 Petitioner Only,2013-Q4,431,22.4,4.7
Financial Remedy,NORTH EAST,2 Petitioner Only,2014-Q1,445,21.2,5.6
Financial Remedy,NORTH EAST,2 Petitioner Only,2014-Q2,469,22.6,5
Financial Remedy,NORTH EAST,2 Petitioner Only,2014-Q3,389,23.9,4.4
Financial Remedy,NORTH EAST,2 Petitioner Only,2014-Q4,391,19.6,4
Financial Remedy,NORTH EAST,2 Petitioner Only,2015-Q1,431,20.2,4.4
Financial Remedy,NORTH EAST,2 Petitioner Only,2015-Q2,417,15,3.3
Financial Remedy,NORTH EAST,2 Petitioner Only,2015-Q3,424,17.2,4.1
Financial Remedy,NORTH EAST,2 Petitioner Only,2015-Q4,388,22.2,4.1
Financial Remedy,NORTH EAST,2 Petitioner Only,2016-Q1,463,19.4,4.7
Financial Remedy,NORTH EAST,2 Petitioner Only,2016-Q2,493,19.5,4.1
Financial Remedy,NORTH EAST,2 Petitioner Only,2016-Q3,465,15.8,3.9
Financial Remedy,NORTH EAST,2 Petitioner Only,2016-Q4,369,22.7,4.1
Financial Remedy,NORTH EAST,2 Petitioner Only,2017-Q1,494,23.5,5.9
Financial Remedy,NORTH EAST,2 Petitioner Only,2017-Q2,466,13.1,4.5
Financial Remedy,NORTH EAST,2 Petitioner Only,2017-Q3,474,19.3,3.9
Financial Remedy,NORTH EAST,2 Petitioner Only,2017-Q4,462,17.2,4.4
Financial Remedy,NORTH EAST,2 Petitioner Only,2018-Q1,546,16.1,4.4
Financial Remedy,NORTH EAST,2 Petitioner Only,2018-Q2,464,22.1,5
Financial Remedy,NORTH EAST,2 Petitioner Only,2018-Q3,529,18,3.1
Financial Remedy,NORTH EAST,2 Petitioner Only,2018-Q4,399,19.2,3.4
Financial Remedy,NORTH EAST,2 Petitioner Only,2019-Q1,555,17.2,5
Financial Remedy,NORTH EAST,2 Petitioner Only,2019-Q2,310,26,8.2
Financial Remedy,NORTH EAST,2 Petitioner Only,2019-Q3,724,20.3,10.6
Financial Remedy,NORTH EAST,2 Petitioner Only,2019-Q4,615,18,4
Financial Remedy,NORTH EAST,2 Petitioner Only,2020-Q1,395,20.9,3.1
Financial Remedy,NORTH EAST,2 Petitioner Only,2020-Q2,110,58.2,22.3
Financial Remedy,NORTH EAST,2 Petitioner Only,2020-Q3,95,43.6,31.1
Financial Remedy,NORTH EAST,2 Petitioner Only,2020-Q4,125,44.3,12.6
Financial Remedy,NORTH EAST,2 Petitioner Only,2021-Q1,90,78.9,39.2
Financial Remedy,NORTH EAST,2 Petitioner Only,2021-Q2,546,12.9,1.9
Financial Remedy,NORTH EAST,2 Petitioner Only,2021-Q3,557,8.9,2.1
Financial Remedy,NORTH EAST,2 Petitioner Only,2021-Q4,585,15.9,3
Financial Remedy,NORTH EAST,2 Petitioner Only,2022-Q1,529,12.1,0.9
Financial Remedy,NORTH EAST,2 Petitioner Only,2022-Q2,406,11.9,1.1
Financial Remedy,NORTH EAST,2 Petitioner Only,2022-Q3,414,17.3,1
Financial Remedy,NORTH EAST,2 Petitioner Only,2022-Q4,286,9.9,1.9
Financial Remedy,NORTH EAST,2 Petitioner Only,2023-Q1,584,10.5,2.4
Financial Remedy,NORTH EAST,2 Petitioner Only,2023-Q2,510,13,2.6
Financial Remedy,NORTH EAST,2 Petitioner Only,2023-Q3,513,10.4,4.1
Financial Remedy,NORTH EAST,2 Petitioner Only,2023-Q4,573,8.6,2.9
Financial Remedy,NORTH EAST,2 Petitioner Only,2024-Q1,535,13.7,3
Financial Remedy,NORTH EAST,2 Petitioner Only,2024-Q2,570,12.3,3.4
Financial Remedy,NORTH EAST,2 Petitioner Only,2024-Q3,643,8.6,2.6
Financial Remedy,NORTH EAST,2 Petitioner Only,2024-Q4,605,10.6,2
Financial Remedy,NORTH EAST,2 Petitioner Only,2025-Q1,533,8.6,2.1
Financial Remedy,NORTH EAST,2 Petitioner Only,2025-Q2,639,10.3,3.6
Financial Remedy,NORTH EAST,2 Petitioner Only,2025-Q3,617,8.6,1.9
Financial Remedy,NORTH EAST,2 Petitioner Only,2025-Q4,494,9.7,3
Financial Remedy,NORTH EAST,3 Respondent Only,2011-Q1,50,35.3,25
Financial Remedy,NORTH EAST,3 Respondent Only,2011-Q2,45,78.9,43.1
Financial Remedy,NORTH EAST,3 Respondent Only,2011-Q3,65,59.3,23.1
Financial Remedy,NORTH EAST,3 Respondent Only,2011-Q4,68,44.5,30.5
Financial Remedy,NORTH EAST,3 Respondent Only,2012-Q1,65,51.2,20.1
Financial Remedy,NORTH EAST,3 Respondent Only,2012-Q2,52,80.2,18.9
Financial Remedy,NORTH EAST,3 Respondent Only,2012-Q3,63,50.8,13
Financial Remedy,NORTH EAST,3 Respondent Only,2012-Q4,46,52,18.1
Financial Remedy,NORTH EAST,3 Respondent Only,2013-Q1,75,45.5,26.7
Financial Remedy,NORTH EAST,3 Respondent Only,2013-Q2,58,57.9,32.2
Financial Remedy,NORTH EAST,3 Respondent Only,2013-Q3,82,62.9,30.5
Financial Remedy,NORTH EAST,3 Respondent Only,2013-Q4,72,29.4,13.9
Financial Remedy,NORTH EAST,3 Respondent Only,2014-Q1,69,52.8,35.4
Financial Remedy,NORTH EAST,3 Respondent Only,2014-Q2,68,50.9,18.6
Financial Remedy,NORTH EAST,3 Respondent Only,2014-Q3,69,45.3,15.4
Financial Remedy,NORTH EAST,3 Respondent Only,2014-Q4,81,54.2,6.6
Financial Remedy,NORTH EAST,3 Respondent Only,2015-Q1,59,62.2,15.1
Financial Remedy,NORTH EAST,3 Respondent Only,2015-Q2,81,48.5,12.6
Financial Remedy,NORTH EAST,3 Respondent Only,2015-Q3,63,54.8,20.9
Financial Remedy,NORTH EAST,3 Respondent Only,2015-Q4,60,52,14
Financial Remedy,NORTH EAST,3 Respondent Only,2016-Q1,67,40.5,14.1
Financial Remedy,NORTH EAST,3 Respondent Only,2016-Q2,81,82.1,15.1
Financial Remedy,NORTH EAST,3 Respondent Only,2016-Q3,90,43.3,9.1
Financial Remedy,NORTH EAST,3 Respondent Only,2016-Q4,54,58.7,18.5
Financial Remedy,NORTH EAST,3 Respondent Only,2017-Q1,58,51.7,12.8
Financial Remedy,NORTH EAST,3 Respondent Only,2017-Q2,69,59.1,12.9
Financial Remedy,NORTH EAST,3 Respondent Only,2017-Q3,53,36.7,5.7
Financial Remedy,NORTH EAST,3 Respondent Only,2017-Q4,76,48.6,10.9
Financial Remedy,NORTH EAST,3 Respondent Only,2018-Q1,60,32.6,17.6
Financial Remedy,NORTH EAST,3 Respondent Only,2018-Q2,64,63.8,15.9
Financial Remedy,NORTH EAST,3 Respondent Only,2018-Q3,71,28.1,6
Financial Remedy,NORTH EAST,3 Respondent Only,2018-Q4,77,43.1,8.1
Financial Remedy,NORTH EAST,3 Respondent Only,2019-Q1,75,43.4,9.3
Financial Remedy,NORTH EAST,3 Respondent Only,2019-Q2,51,81.5,31.6
Financial Remedy,NORTH EAST,3 Respondent Only,2019-Q3,100,49.7,16.1
Financial Remedy,NORTH EAST,3 Respondent Only,2019-Q4,61,57.7,15.6
Financial Remedy,NORTH EAST,3 Respondent Only,2020-Q1,67,65.7,19.3
Financial Remedy,NORTH EAST,3 Respondent Only,2020-Q2,30,69.7,36.5
Financial Remedy,NORTH EAST,3 Respondent Only,2020-Q3,38,90.1,40
Financial Remedy,NORTH EAST,3 Respondent Only,2020-Q4,30,102.2,50.6
Financial Remedy,NORTH EAST,3 Respondent Only,2021-Q1,34,127.4,71.2
Financial Remedy,NORTH EAST,3 Respondent Only,2021-Q2,27,171.2,80
Financial Remedy,NORTH EAST,3 Respondent Only,2021-Q3,24,152.7,89.9
Financial Remedy,NORTH EAST,3 Respondent Only,2021-Q4,23,142.8,17.3
Financial Remedy,NORTH EAST,3 Respondent Only,2022-Q1,32,55.9,16.2
Financial Remedy,NORTH EAST,3 Respondent Only,2022-Q2,17,44.1,4
Financial Remedy,NORTH EAST,3 Respondent Only,2022-Q3,23,98.4,25.9
Financial Remedy,NORTH EAST,3 Respondent Only,2022-Q4,20,152.3,86.3
Financial Remedy,NORTH EAST,3 Respondent Only,2023-Q1,18,201.7,82.8
Financial Remedy,NORTH EAST,3 Respondent Only,2023-Q2,12,75.1,16
Financial Remedy,NORTH EAST,3 Respondent Only,2023-Q3,25,55.4,15.1
Financial Remedy,NORTH EAST,3 Respondent Only,2023-Q4,23,97.3,30.9
Financial Remedy,NORTH EAST,3 Respondent Only,2024-Q1,11,130.4,39.9
Financial Remedy,NORTH EAST,3 Respondent Only,2024-Q2,17,127.5,4.7
Financial Remedy,NORTH EAST,3 Respondent Only,2024-Q3,20,105.6,14.6
Financial Remedy,NORTH EAST,3 Respondent Only,2024-Q4,21,93.6,25.6
Financial Remedy,NORTH EAST,3 Respondent Only,2025-Q1,24,63.5,14.4
Financial Remedy,NORTH EAST,3 Respondent Only,2025-Q2,12,17.6,8.1
Financial Remedy,NORTH EAST,3 Respondent Only,2025-Q3,12,141.2,32.7
Financial Remedy,NORTH EAST,3 Respondent Only,2025-Q4,10,43.2,8
Financial Remedy,NORTH EAST,4 Neither,2011-Q1,54,23.9,6.1
Financial Remedy,NORTH EAST,4 Neither,2011-Q2,64,57.8,15
Financial Remedy,NORTH EAST,4 Neither,2011-Q3,65,67.7,7.9
Financial Remedy,NORTH EAST,4 Neither,2011-Q4,55,45.8,9.7
Financial Remedy,NORTH EAST,4 Neither,2012-Q1,77,37.9,5.9
Financial Remedy,NORTH EAST,4 Neither,2012-Q2,65,30,4.9
Financial Remedy,NORTH EAST,4 Neither,2012-Q3,73,46.7,6
Financial Remedy,NORTH EAST,4 Neither,2012-Q4,82,55.1,7.5
Financial Remedy,NORTH EAST,4 Neither,2013-Q1,63,48.4,9.9
Financial Remedy,NORTH EAST,4 Neither,2013-Q2,62,46.6,13
Financial Remedy,NORTH EAST,4 Neither,2013-Q3,71,43.6,11.3
Financial Remedy,NORTH EAST,4 Neither,2013-Q4,75,57.4,10.9
Financial Remedy,NORTH EAST,4 Neither,2014-Q1,93,63.3,7.4
Financial Remedy,NORTH EAST,4 Neither,2014-Q2,84,60.3,10.2
Financial Remedy,NORTH EAST,4 Neither,2014-Q3,88,24.9,8.2
Financial Remedy,NORTH EAST,4 Neither,2014-Q4,76,69.1,18.9
Financial Remedy,NORTH EAST,4 Neither,2015-Q1,74,48,7.5
Financial Remedy,NORTH EAST,4 Neither,2015-Q2,101,51.3,5.4
Financial Remedy,NORTH EAST,4 Neither,2015-Q3,78,42.5,5.9
Financial Remedy,NORTH EAST,4 Neither,2015-Q4,91,46.1,6.6
Financial Remedy,NORTH EAST,4 Neither,2016-Q1,82,50.4,8.2
Financial Remedy,NORTH EAST,4 Neither,2016-Q2,86,51.8,6.6
Financial Remedy,NORTH EAST,4 Neither,2016-Q3,73,27.8,8
Financial Remedy,NORTH EAST,4 Neither,2016-Q4,58,48.3,12.8
Financial Remedy,NORTH EAST,4 Neither,2017-Q1,87,52,14.7
Financial Remedy,NORTH EAST,4 Neither,2017-Q2,81,42.6,7.9
Financial Remedy,NORTH EAST,4 Neither,2017-Q3,85,36.6,8.6
Financial Remedy,NORTH EAST,4 Neither,2017-Q4,90,34.9,6.1
Financial Remedy,NORTH EAST,4 Neither,2018-Q1,101,73,9
Financial Remedy,NORTH EAST,4 Neither,2018-Q2,99,54.5,12
Financial Remedy,NORTH EAST,4 Neither,2018-Q3,93,52.9,7.3
Financial Remedy,NORTH EAST,4 Neither,2018-Q4,57,43.3,11.3
Financial Remedy,NORTH EAST,4 Neither,2019-Q1,104,66.8,10.2
Financial Remedy,NORTH EAST,4 Neither,2019-Q2,78,66.4,20.5
Financial Remedy,NORTH EAST,4 Neither,2019-Q3,102,54.1,15.4
Financial Remedy,NORTH EAST,4 Neither,2019-Q4,103,53.8,10.3
Financial Remedy,NORTH EAST,4 Neither,2020-Q1,53,65.6,17.1
Financial Remedy,NORTH EAST,4 Neither,2020-Q2,29,85.9,29.7
Financial Remedy,NORTH EAST,4 Neither,2020-Q3,39,78.9,40.7
Financial Remedy,NORTH EAST,4 Neither,2020-Q4,43,88.2,52
Financial Remedy,NORTH EAST,4 Neither,2021-Q1,38,110.5,58.2
Financial Remedy,NORTH EAST,4 Neither,2021-Q2,108,40.6,2.1
Financial Remedy,NORTH EAST,4 Neither,2021-Q3,122,28.9,2
Financial Remedy,NORTH EAST,4 Neither,2021-Q4,99,30.3,2.1
Financial Remedy,NORTH EAST,4 Neither,2022-Q1,116,26.5,0.9
Financial Remedy,NORTH EAST,4 Neither,2022-Q2,92,26.8,0.9
Financial Remedy,NORTH EAST,4 Neither,2022-Q3,99,17.3,0.7
Financial Remedy,NORTH EAST,4 Neither,2022-Q4,88,10.3,2
Financial Remedy,NORTH EAST,4 Neither,2023-Q1,121,25.2,2.6
Financial Remedy,NORTH EAST,4 Neither,2023-Q2,118,24.6,2
Financial Remedy,NORTH EAST,4 Neither,2023-Q3,129,20.2,3
Financial Remedy,NORTH EAST,4 Neither,2023-Q4,136,22,2.4
Financial Remedy,NORTH EAST,4 Neither,2024-Q1,158,11.7,2.3
Financial Remedy,NORTH EAST,4 Neither,2024-Q2,148,12.6,2.7
Financial Remedy,NORTH EAST,4 Neither,2024-Q3,175,8,1.6
Financial Remedy,NORTH EAST,4 Neither,2024-Q4,201,15.5,1.7
Financial Remedy,NORTH EAST,4 Neither,2025-Q1,170,19.8,1.4
Financial Remedy,NORTH EAST,4 Neither,2025-Q2,240,11.6,2.4
Financial Remedy,NORTH EAST,4 Neither,2025-Q3,247,5.1,2.4
Financial Remedy,NORTH EAST,4 Neither,2025-Q4,213,8.3,3.3
Financial Remedy,NORTH EAST,5 Unknown,2011-Q2,1,39.6,39.6
Financial Remedy,NORTH EAST,5 Unknown,2012-Q2,1,0,0
Financial Remedy,NORTH EAST,5 Unknown,2012-Q3,2,32.5,32.5
Financial Remedy,NORTH EAST,5 Unknown,2013-Q1,1,643,643
Financial Remedy,NORTH EAST,5 Unknown,2013-Q3,1,144.4,144.4
Financial Remedy,NORTH EAST,5 Unknown,2013-Q4,1,19.3,19.3
Financial Remedy,NORTH EAST,5 Unknown,2014-Q3,2,3.7,3.7
Financial Remedy,NORTH EAST,5 Unknown,2015-Q2,1,0.4,0.4
Financial Remedy,NORTH EAST,5 Unknown,2015-Q4,1,50.4,50.4
Financial Remedy,NORTH EAST,5 Unknown,2016-Q1,1,24.9,24.9
Financial Remedy,NORTH EAST,5 Unknown,2016-Q2,1,0.3,0.3
Financial Remedy,NORTH EAST,5 Unknown,2017-Q2,1,0,0
Financial Remedy,NORTH EAST,5 Unknown,2018-Q2,1,1.4,1.4
Financial Remedy,NORTH EAST,5 Unknown,2018-Q3,1,0.1,0.1
Financial Remedy,NORTH EAST,5 Unknown,2024-Q1,1,64.4,64.4
Financial Remedy,NORTH WEST,1 Both,2011-Q1,695,32.5,18
Financial Remedy,NORTH WEST,1 Both,2011-Q2,638,30.7,14.8
Financial Remedy,NORTH WEST,1 Both,2011-Q3,659,31.7,18.4
Financial Remedy,NORTH WEST,1 Both,2011-Q4,640,29,14.1
Financial Remedy,NORTH WEST,1 Both,2012-Q1,676,31.9,15
Financial Remedy,NORTH WEST,1 Both,2012-Q2,655,27.6,10.4
Financial Remedy,NORTH WEST,1 Both,2012-Q3,612,27,12
Financial Remedy,NORTH WEST,1 Both,2012-Q4,612,30.6,15.1
Financial Remedy,NORTH WEST,1 Both,2013-Q1,617,27.1,13.3
Financial Remedy,NORTH WEST,1 Both,2013-Q2,612,24.7,12
Financial Remedy,NORTH WEST,1 Both,2013-Q3,582,27.5,12.7
Financial Remedy,NORTH WEST,1 Both,2013-Q4,610,26.5,12.1
Financial Remedy,NORTH WEST,1 Both,2014-Q1,542,31.4,15.4
Financial Remedy,NORTH WEST,1 Both,2014-Q2,518,34.2,15.1
Financial Remedy,NORTH WEST,1 Both,2014-Q3,450,27.2,13.5
Financial Remedy,NORTH WEST,1 Both,2014-Q4,457,27.2,12.6
Financial Remedy,NORTH WEST,1 Both,2015-Q1,433,31.7,9.4
Financial Remedy,NORTH WEST,1 Both,2015-Q2,416,27.9,14.7
Financial Remedy,NORTH WEST,1 Both,2015-Q3,403,33.9,15.3
Financial Remedy,NORTH WEST,1 Both,2015-Q4,382,31.3,19
Financial Remedy,NORTH WEST,1 Both,2016-Q1,323,38.2,26.6
Financial Remedy,NORTH WEST,1 Both,2016-Q2,261,41.3,27.3
Financial Remedy,NORTH WEST,1 Both,2016-Q3,268,45.7,30.2
Financial Remedy,NORTH WEST,1 Both,2016-Q4,280,46.5,29.9
Financial Remedy,NORTH WEST,1 Both,2017-Q1,281,45.1,24.4
Financial Remedy,NORTH WEST,1 Both,2017-Q2,265,38.7,29.6
Financial Remedy,NORTH WEST,1 Both,2017-Q3,251,46.9,29.3
Financial Remedy,NORTH WEST,1 Both,2017-Q4,229,51.2,31.4
Financial Remedy,NORTH WEST,1 Both,2018-Q1,273,45.9,27.9
Financial Remedy,NORTH WEST,1 Both,2018-Q2,283,42.9,28.3
Financial Remedy,NORTH WEST,1 Both,2018-Q3,284,58.2,38.7
Financial Remedy,NORTH WEST,1 Both,2018-Q4,259,48.3,32.4
Financial Remedy,NORTH WEST,1 Both,2019-Q1,316,50.1,30.5
Financial Remedy,NORTH WEST,1 Both,2019-Q2,273,43.5,29.3
Financial Remedy,NORTH WEST,1 Both,2019-Q3,314,47.1,28.7
Financial Remedy,NORTH WEST,1 Both,2019-Q4,368,48.3,29.1
Financial Remedy,NORTH WEST,1 Both,2020-Q1,358,46.1,26.9
Financial Remedy,NORTH WEST,1 Both,2020-Q2,253,38.7,20.6
Financial Remedy,NORTH WEST,1 Both,2020-Q3,453,35.5,20.3
Financial Remedy,NORTH WEST,1 Both,2020-Q4,634,28,2.4
Financial Remedy,NORTH WEST,1 Both,2021-Q1,663,32.2,15
Financial Remedy,NORTH WEST,1 Both,2021-Q2,754,30.3,7.4
Financial Remedy,NORTH WEST,1 Both,2021-Q3,702,33.7,9
Financial Remedy,NORTH WEST,1 Both,2021-Q4,643,27.5,3.3
Financial Remedy,NORTH WEST,1 Both,2022-Q1,570,35,2
Financial Remedy,NORTH WEST,1 Both,2022-Q2,448,33.8,1.9
Financial Remedy,NORTH WEST,1 Both,2022-Q3,506,32,1.3
Financial Remedy,NORTH WEST,1 Both,2022-Q4,338,34.8,1.8
Financial Remedy,NORTH WEST,1 Both,2023-Q1,446,24.3,2.6
Financial Remedy,NORTH WEST,1 Both,2023-Q2,375,26.5,2.9
Financial Remedy,NORTH WEST,1 Both,2023-Q3,410,22.9,2.9
Financial Remedy,NORTH WEST,1 Both,2023-Q4,371,27.8,3
Financial Remedy,NORTH WEST,1 Both,2024-Q1,344,15.8,2.6
Financial Remedy,NORTH WEST,1 Both,2024-Q2,386,17,2.1
Financial Remedy,NORTH WEST,1 Both,2024-Q3,405,20.4,2
Financial Remedy,NORTH WEST,1 Both,2024-Q4,407,17.9,2.1
Financial Remedy,NORTH WEST,1 Both,2025-Q1,352,24.4,2.1
Financial Remedy,NORTH WEST,1 Both,2025-Q2,451,15.9,2.7
Financial Remedy,NORTH WEST,1 Both,2025-Q3,357,18.2,1.3
Financial Remedy,NORTH WEST,1 Both,2025-Q4,351,22.1,2.7
Financial Remedy,NORTH WEST,2 Petitioner Only,2011-Q1,356,19.4,4.6
Financial Remedy,NORTH WEST,2 Petitioner Only,2011-Q2,311,22.3,5.4
Financial Remedy,NORTH WEST,2 Petitioner Only,2011-Q3,302,20.3,4.7
Financial Remedy,NORTH WEST,2 Petitioner Only,2011-Q4,298,21.6,4.8
Financial Remedy,NORTH WEST,2 Petitioner Only,2012-Q1,343,18,5
Financial Remedy,NORTH WEST,2 Petitioner Only,2012-Q2,329,22.4,4
Financial Remedy,NORTH WEST,2 Petitioner Only,2012-Q3,327,21.8,3.6
Financial Remedy,NORTH WEST,2 Petitioner Only,2012-Q4,337,19.9,3.7
Financial Remedy,NORTH WEST,2 Petitioner Only,2013-Q1,303,16.2,2.6
Financial Remedy,NORTH WEST,2 Petitioner Only,2013-Q2,341,16.2,2.9
Financial Remedy,NORTH WEST,2 Petitioner Only,2013-Q3,343,15.3,2.1
Financial Remedy,NORTH WEST,2 Petitioner Only,2013-Q4,353,19.2,3.9
Financial Remedy,NORTH WEST,2 Petitioner Only,2014-Q1,356,18.1,4.1
Financial Remedy,NORTH WEST,2 Petitioner Only,2014-Q2,315,23.6,3.3
Financial Remedy,NORTH WEST,2 Petitioner Only,2014-Q3,294,14.5,3
Financial Remedy,NORTH WEST,2 Petitioner Only,2014-Q4,301,15.6,3.6
Financial Remedy,NORTH WEST,2 Petitioner Only,2015-Q1,293,24.2,3.7
Financial Remedy,NORTH WEST,2 Petitioner Only,2015-Q2,257,19.2,3.6
Financial Remedy,NORTH WEST,2 Petitioner Only,2015-Q3,210,30.5,9.1
Financial Remedy,NORTH WEST,2 Petitioner Only,2015-Q4,186,28.2,7.9
Financial Remedy,NORTH WEST,2 Petitioner Only,2016-Q1,134,31.2,12.6
Financial Remedy,NORTH WEST,2 Petitioner Only,2016-Q2,118,33.7,17
Financial Remedy,NORTH WEST,2 Petitioner Only,2016-Q3,117,30.4,17
Financial Remedy,NORTH WEST,2 Petitioner Only,2016-Q4,104,43.4,23.9
Financial Remedy,NORTH WEST,2 Petitioner Only,2017-Q1,137,46.4,15
Financial Remedy,NORTH WEST,2 Petitioner Only,2017-Q2,113,49.9,24.7
Financial Remedy,NORTH WEST,2 Petitioner Only,2017-Q3,94,56.1,27.7
Financial Remedy,NORTH WEST,2 Petitioner Only,2017-Q4,80,65.4,29.4
Financial Remedy,NORTH WEST,2 Petitioner Only,2018-Q1,107,55.4,26.6
Financial Remedy,NORTH WEST,2 Petitioner Only,2018-Q2,158,31.3,15.8
Financial Remedy,NORTH WEST,2 Petitioner Only,2018-Q3,122,47.8,24.1
Financial Remedy,NORTH WEST,2 Petitioner Only,2018-Q4,117,59.3,26
Financial Remedy,NORTH WEST,2 Petitioner Only,2019-Q1,133,30.9,14
Financial Remedy,NORTH WEST,2 Petitioner Only,2019-Q2,158,39.5,13.9
Financial Remedy,NORTH WEST,2 Petitioner Only,2019-Q3,165,44.5,8
Financial Remedy,NORTH WEST,2 Petitioner Only,2019-Q4,219,32.6,5
Financial Remedy,NORTH WEST,2 Petitioner Only,2020-Q1,202,36,8.6
Financial Remedy,NORTH WEST,2 Petitioner Only,2020-Q2,167,17.9,3
Financial Remedy,NORTH WEST,2 Petitioner Only,2020-Q3,230,22.7,2.1
Financial Remedy,NORTH WEST,2 Petitioner Only,2020-Q4,487,11.6,1.9
Financial Remedy,NORTH WEST,2 Petitioner Only,2021-Q1,459,16.2,3.1
Financial Remedy,NORTH WEST,2 Petitioner Only,2021-Q2,651,17,3.7
Financial Remedy,NORTH WEST,2 Petitioner Only,2021-Q3,591,11.6,2.1
Financial Remedy,NORTH WEST,2 Petitioner Only,2021-Q4,545,14.3,2.1
Financial Remedy,NORTH WEST,2 Petitioner Only,2022-Q1,444,15.1,0.9
Financial Remedy,NORTH WEST,2 Petitioner Only,2022-Q2,385,16.8,1.1
Financial Remedy,NORTH WEST,2 Petitioner Only,2022-Q3,371,18.6,1
Financial Remedy,NORTH WEST,2 Petitioner Only,2022-Q4,280,18.7,1.6
Financial Remedy,NORTH WEST,2 Petitioner Only,2023-Q1,515,9.9,1.9
Financial Remedy,NORTH WEST,2 Petitioner Only,2023-Q2,457,13.5,2.3
Financial Remedy,NORTH WEST,2 Petitioner Only,2023-Q3,494,9.3,2.6
Financial Remedy,NORTH WEST,2 Petitioner Only,2023-Q4,404,13.7,2.3
Financial Remedy,NORTH WEST,2 Petitioner Only,2024-Q1,458,12.3,1.9
Financial Remedy,NORTH WEST,2 Petitioner Only,2024-Q2,529,10.3,1.9
Financial Remedy,NORTH WEST,2 Petitioner Only,2024-Q3,484,8.5,1.7
Financial Remedy,NORTH WEST,2 Petitioner Only,2024-Q4,534,7,1.9
Financial Remedy,NORTH WEST,2 Petitioner Only,2025-Q1,445,12.2,1.9
Financial Remedy,NORTH WEST,2 Petitioner Only,2025-Q2,506,8.8,2.4
Financial Remedy,NORTH WEST,2 Petitioner Only,2025-Q3,507,7.2,1.1
Financial Remedy,NORTH WEST,2 Petitioner Only,2025-Q4,464,11.8,2.4
Financial Remedy,NORTH WEST,3 Respondent Only,2011-Q1,38,41,21.8
Financial Remedy,NORTH WEST,3 Respondent Only,2011-Q2,38,51.4,34.5
Financial Remedy,NORTH WEST,3 Respondent Only,2011-Q3,53,77.6,37.1
Financial Remedy,NORTH WEST,3 Respondent Only,2011-Q4,56,49.8,26.7
Financial Remedy,NORTH WEST,3 Respondent Only,2012-Q1,45,56.9,15.9
Financial Remedy,NORTH WEST,3 Respondent Only,2012-Q2,38,48.4,22.6
Financial Remedy,NORTH WEST,3 Respondent Only,2012-Q3,38,57.2,23.2
Financial Remedy,NORTH WEST,3 Respondent Only,2012-Q4,43,63.2,38.7
Financial Remedy,NORTH WEST,3 Respondent Only,2013-Q1,55,51,25.1
Financial Remedy,NORTH WEST,3 Respondent Only,2013-Q2,37,58.4,14.7
Financial Remedy,NORTH WEST,3 Respondent Only,2013-Q3,54,32.6,18
Financial Remedy,NORTH WEST,3 Respondent Only,2013-Q4,42,49.6,14.8
Financial Remedy,NORTH WEST,3 Respondent Only,2014-Q1,53,52.8,30.9
Financial Remedy,NORTH WEST,3 Respondent Only,2014-Q2,35,48.9,21
Financial Remedy,NORTH WEST,3 Respondent Only,2014-Q3,52,52.8,24.7
Financial Remedy,NORTH WEST,3 Respondent Only,2014-Q4,47,49.1,25.4
Financial Remedy,NORTH WEST,3 Respondent Only,2015-Q1,46,60.6,32
Financial Remedy,NORTH WEST,3 Respondent Only,2015-Q2,40,56.4,28.7
Financial Remedy,NORTH WEST,3 Respondent Only,2015-Q3,51,61.7,13.3
Financial Remedy,NORTH WEST,3 Respondent Only,2015-Q4,57,108.7,25.1
Financial Remedy,NORTH WEST,3 Respondent Only,2016-Q1,35,66.7,29.9
Financial Remedy,NORTH WEST,3 Respondent Only,2016-Q2,40,59.4,35
Financial Remedy,NORTH WEST,3 Respondent Only,2016-Q3,30,104.1,40.7
Financial Remedy,NORTH WEST,3 Respondent Only,2016-Q4,38,123.6,29.6
Financial Remedy,NORTH WEST,3 Respondent Only,2017-Q1,40,89.5,25
Financial Remedy,NORTH WEST,3 Respondent Only,2017-Q2,30,95.6,36.4
Financial Remedy,NORTH WEST,3 Respondent Only,2017-Q3,31,82,31.3
Financial Remedy,NORTH WEST,3 Respondent Only,2017-Q4,36,100.2,29.4
Financial Remedy,NORTH WEST,3 Respondent Only,2018-Q1,33,66.8,30.3
Financial Remedy,NORTH WEST,3 Respondent Only,2018-Q2,35,105.7,46.1
Financial Remedy,NORTH WEST,3 Respondent Only,2018-Q3,42,69.4,31.8
Financial Remedy,NORTH WEST,3 Respondent Only,2018-Q4,31,73.4,34.4
Financial Remedy,NORTH WEST,3 Respondent Only,2019-Q1,35,54.1,42.9
Financial Remedy,NORTH WEST,3 Respondent Only,2019-Q2,34,97.7,31.5
Financial Remedy,NORTH WEST,3 Respondent Only,2019-Q3,47,82.3,32.1
Financial Remedy,NORTH WEST,3 Respondent Only,2019-Q4,67,30.2,7.4
Financial Remedy,NORTH WEST,3 Respondent Only,2020-Q1,55,36.4,19
Financial Remedy,NORTH WEST,3 Respondent Only,2020-Q2,44,33.2,22.4
Financial Remedy,NORTH WEST,3 Respondent Only,2020-Q3,68,23.1,13.1
Financial Remedy,NORTH WEST,3 Respondent Only,2020-Q4,62,40.8,14.5
Financial Remedy,NORTH WEST,3 Respondent Only,2021-Q1,72,58.6,17
Financial Remedy,NORTH WEST,3 Respondent Only,2021-Q2,76,58.2,33.8
Financial Remedy,NORTH WEST,3 Respondent Only,2021-Q3,47,45.1,29.9
Financial Remedy,NORTH WEST,3 Respondent Only,2021-Q4,35,112.6,48
Financial Remedy,NORTH WEST,3 Respondent Only,2022-Q1,38,70,42.5
Financial Remedy,NORTH WEST,3 Respondent Only,2022-Q2,33,80.1,53.9
Financial Remedy,NORTH WEST,3 Respondent Only,2022-Q3,40,167,87.7
Financial Remedy,NORTH WEST,3 Respondent Only,2022-Q4,21,71.7,55.6
Financial Remedy,NORTH WEST,3 Respondent Only,2023-Q1,34,116.9,61.4
Financial Remedy,NORTH WEST,3 Respondent Only,2023-Q2,24,166.6,137.7
Financial Remedy,NORTH WEST,3 Respondent Only,2023-Q3,18,109.8,56.9
Financial Remedy,NORTH WEST,3 Respondent Only,2023-Q4,16,163.6,121
Financial Remedy,NORTH WEST,3 Respondent Only,2024-Q1,16,108.5,1.9
Financial Remedy,NORTH WEST,3 Respondent Only,2024-Q2,10,108.5,90.9
Financial Remedy,NORTH WEST,3 Respondent Only,2024-Q3,14,91,34.7
Financial Remedy,NORTH WEST,3 Respondent Only,2024-Q4,20,192.7,49.2
Financial Remedy,NORTH WEST,3 Respondent Only,2025-Q1,36,115.2,71.2
Financial Remedy,NORTH WEST,3 Respondent Only,2025-Q2,17,89.2,33.9
Financial Remedy,NORTH WEST,3 Respondent Only,2025-Q3,10,87.1,23.9
Financial Remedy,NORTH WEST,3 Respondent Only,2025-Q4,20,146.3,29.2
Financial Remedy,NORTH WEST,4 Neither,2011-Q1,37,21.2,7.1
Financial Remedy,NORTH WEST,4 Neither,2011-Q2,46,43.8,5
Financial Remedy,NORTH WEST,4 Neither,2011-Q3,58,67.8,15.8
Financial Remedy,NORTH WEST,4 Neither,2011-Q4,52,43,7.2
Financial Remedy,NORTH WEST,4 Neither,2012-Q1,57,57.3,13.9
Financial Remedy,NORTH WEST,4 Neither,2012-Q2,45,30.4,5.9
Financial Remedy,NORTH WEST,4 Neither,2012-Q3,53,47.3,6.1
Financial Remedy,NORTH WEST,4 Neither,2012-Q4,55,51.4,7.3
Financial Remedy,NORTH WEST,4 Neither,2013-Q1,55,39.2,10.1
Financial Remedy,NORTH WEST,4 Neither,2013-Q2,54,46.2,6.6
Financial Remedy,NORTH WEST,4 Neither,2013-Q3,57,61,13.1
Financial Remedy,NORTH WEST,4 Neither,2013-Q4,72,51.7,15.1
Financial Remedy,NORTH WEST,4 Neither,2014-Q1,71,43.8,15.1
Financial Remedy,NORTH WEST,4 Neither,2014-Q2,71,38.7,14.4
Financial Remedy,NORTH WEST,4 Neither,2014-Q3,53,35.9,6.7
Financial Remedy,NORTH WEST,4 Neither,2014-Q4,69,47.5,5.1
Financial Remedy,NORTH WEST,4 Neither,2015-Q1,60,48.2,5.9
Financial Remedy,NORTH WEST,4 Neither,2015-Q2,46,57.5,11.6
Financial Remedy,NORTH WEST,4 Neither,2015-Q3,51,66.9,13
Financial Remedy,NORTH WEST,4 Neither,2015-Q4,42,112.7,42.4
Financial Remedy,NORTH WEST,4 Neither,2016-Q1,43,38,28
Financial Remedy,NORTH WEST,4 Neither,2016-Q2,35,99.7,30.6
Financial Remedy,NORTH WEST,4 Neither,2016-Q3,31,65,34.6
Financial Remedy,NORTH WEST,4 Neither,2016-Q4,38,46.1,27.2
Financial Remedy,NORTH WEST,4 Neither,2017-Q1,46,72.2,28.7
Financial Remedy,NORTH WEST,4 Neither,2017-Q2,35,99.5,41.1
Financial Remedy,NORTH WEST,4 Neither,2017-Q3,16,56.5,49.1
Financial Remedy,NORTH WEST,4 Neither,2017-Q4,24,48.7,28.8
Financial Remedy,NORTH WEST,4 Neither,2018-Q1,33,83.9,42.6
Financial Remedy,NORTH WEST,4 Neither,2018-Q2,43,67.9,25.7
Financial Remedy,NORTH WEST,4 Neither,2018-Q3,45,84.2,44
Financial Remedy,NORTH WEST,4 Neither,2018-Q4,37,95.5,43.7
Financial Remedy,NORTH WEST,4 Neither,2019-Q1,34,90.9,36.2
Financial Remedy,NORTH WEST,4 Neither,2019-Q2,46,70.8,38
Financial Remedy,NORTH WEST,4 Neither,2019-Q3,62,82.6,15.6
Financial Remedy,NORTH WEST,4 Neither,2019-Q4,90,45.6,4.1
Financial Remedy,NORTH WEST,4 Neither,2020-Q1,60,43.5,17.5
Financial Remedy,NORTH WEST,4 Neither,2020-Q2,44,29.3,2.5
Financial Remedy,NORTH WEST,4 Neither,2020-Q3,96,39.9,7.3
Financial Remedy,NORTH WEST,4 Neither,2020-Q4,100,31.6,2.6
Financial Remedy,NORTH WEST,4 Neither,2021-Q1,125,28,3.6
Financial Remedy,NORTH WEST,4 Neither,2021-Q2,167,30.8,4.3
Financial Remedy,NORTH WEST,4 Neither,2021-Q3,137,22.8,1.9
Financial Remedy,NORTH WEST,4 Neither,2021-Q4,108,39.2,3.1
Financial Remedy,NORTH WEST,4 Neither,2022-Q1,131,31.6,0.9
Financial Remedy,NORTH WEST,4 Neither,2022-Q2,100,33.4,1.1
Financial Remedy,NORTH WEST,4 Neither,2022-Q3,80,14.4,0.9
Financial Remedy,NORTH WEST,4 Neither,2022-Q4,78,46.2,1.9
Financial Remedy,NORTH WEST,4 Neither,2023-Q1,133,19.5,2
Financial Remedy,NORTH WEST,4 Neither,2023-Q2,132,20.4,2
Financial Remedy,NORTH WEST,4 Neither,2023-Q3,137,23.9,1.6
Financial Remedy,NORTH WEST,4 Neither,2023-Q4,104,45.9,3
Financial Remedy,NORTH WEST,4 Neither,2024-Q1,115,20.9,1.4
Financial Remedy,NORTH WEST,4 Neither,2024-Q2,119,25.8,1.9
Financial Remedy,NORTH WEST,4 Neither,2024-Q3,128,21.3,1.4
Financial Remedy,NORTH WEST,4 Neither,2024-Q4,179,17.4,1.6
Financial Remedy,NORTH WEST,4 Neither,2025-Q1,145,29.9,1.1
Financial Remedy,NORTH WEST,4 Neither,2025-Q2,201,25.4,1.9
Financial Remedy,NORTH WEST,4 Neither,2025-Q3,244,25.1,2
Financial Remedy,NORTH WEST,4 Neither,2025-Q4,223,19.1,3
Financial Remedy,NORTH WEST,5 Unknown,2011-Q2,1,313.3,313.3
Financial Remedy,NORTH WEST,5 Unknown,2011-Q3,1,335.1,335.1
Financial Remedy,NORTH WEST,5 Unknown,2014-Q2,2,15.4,15.4
Financial Remedy,NORTH WEST,5 Unknown,2015-Q3,1,20.1,20.1
Financial Remedy,NORTH WEST,5 Unknown,2016-Q1,1,14.7,14.7
Financial Remedy,NORTH WEST,5 Unknown,2017-Q1,2,86.9,86.9
Financial Remedy,NORTH WEST,5 Unknown,2017-Q2,1,15.6,15.6
Financial Remedy,NORTH WEST,5 Unknown,2017-Q3,1,0,0
Financial Remedy,NORTH WEST,5 Unknown,2018-Q4,1,797.3,797.3
Financial Remedy,NORTH WEST,5 Unknown,2021-Q2,1,52,52
Financial Remedy,Not specified,1 Both,2014-Q3,1,465.9,465.9
Financial Remedy,Not specified,1 Both,2024-Q2,1,1021,1021
Financial Remedy,SOUTH EAST,1 Both,2011-Q1,1449,28.4,13.7
Financial Remedy,SOUTH EAST,1 Both,2011-Q2,1185,30.2,15.1
Financial Remedy,SOUTH EAST,1 Both,2011-Q3,1256,27.9,9
Financial Remedy,SOUTH EAST,1 Both,2011-Q4,1215,29.3,8.1
Financial Remedy,SOUTH EAST,1 Both,2012-Q1,1179,27.6,9
Financial Remedy,SOUTH EAST,1 Both,2012-Q2,1150,29.5,7.1
Financial Remedy,SOUTH EAST,1 Both,2012-Q3,1282,27.9,7.3
Financial Remedy,SOUTH EAST,1 Both,2012-Q4,1179,30.9,10.1
Financial Remedy,SOUTH EAST,1 Both,2013-Q1,1157,32.4,13.4
Financial Remedy,SOUTH EAST,1 Both,2013-Q2,1223,28.1,9.7
Financial Remedy,SOUTH EAST,1 Both,2013-Q3,1148,28.1,7
Financial Remedy,SOUTH EAST,1 Both,2013-Q4,1171,28.4,9.6
Financial Remedy,SOUTH EAST,1 Both,2014-Q1,1132,32.5,13
Financial Remedy,SOUTH EAST,1 Both,2014-Q2,1081,33,13
Financial Remedy,SOUTH EAST,1 Both,2014-Q3,1035,30,8
Financial Remedy,SOUTH EAST,1 Both,2014-Q4,1029,25.8,5
Financial Remedy,SOUTH EAST,1 Both,2015-Q1,1057,32.9,8.7
Financial Remedy,SOUTH EAST,1 Both,2015-Q2,1017,33.1,10.1
Financial Remedy,SOUTH EAST,1 Both,2015-Q3,1073,27.6,6
Financial Remedy,SOUTH EAST,1 Both,2015-Q4,965,29.4,8
Financial Remedy,SOUTH EAST,1 Both,2016-Q1,1133,26.7,5.4
Financial Remedy,SOUTH EAST,1 Both,2016-Q2,1097,28.8,6.7
Financial Remedy,SOUTH EAST,1 Both,2016-Q3,1177,26.5,6.3
Financial Remedy,SOUTH EAST,1 Both,2016-Q4,1324,29.3,5.1
Financial Remedy,SOUTH EAST,1 Both,2017-Q1,1345,31,6.6
Financial Remedy,SOUTH EAST,1 Both,2017-Q2,1320,26.1,4.5
Financial Remedy,SOUTH EAST,1 Both,2017-Q3,1398,28.8,8.5
Financial Remedy,SOUTH EAST,1 Both,2017-Q4,1376,26.7,9.7
Financial Remedy,SOUTH EAST,1 Both,2018-Q1,1373,31.3,11.1
Financial Remedy,SOUTH EAST,1 Both,2018-Q2,1297,36.6,13.1
Financial Remedy,SOUTH EAST,1 Both,2018-Q3,1503,33,12.4
Financial Remedy,SOUTH EAST,1 Both,2018-Q4,1544,31.1,11.9
Financial Remedy,SOUTH EAST,1 Both,2019-Q1,1627,32.9,12.4
Financial Remedy,SOUTH EAST,1 Both,2019-Q2,1753,29.1,11.1
Financial Remedy,SOUTH EAST,1 Both,2019-Q3,1763,30.1,11.7
Financial Remedy,SOUTH EAST,1 Both,2019-Q4,1692,32.2,10.1
Financial Remedy,SOUTH EAST,1 Both,2020-Q1,1626,35.1,16.1
Financial Remedy,SOUTH EAST,1 Both,2020-Q2,1453,28.6,6.1
Financial Remedy,SOUTH EAST,1 Both,2020-Q3,1782,27.1,9.1
Financial Remedy,SOUTH EAST,1 Both,2020-Q4,2001,31.6,5.9
Financial Remedy,SOUTH EAST,1 Both,2021-Q1,1822,37.4,14.9
Financial Remedy,SOUTH EAST,1 Both,2021-Q2,1858,34.2,9.4
Financial Remedy,SOUTH EAST,1 Both,2021-Q3,1774,37,7.1
Financial Remedy,SOUTH EAST,1 Both,2021-Q4,1688,38.4,10.4
Financial Remedy,SOUTH EAST,1 Both,2022-Q1,1597,37.8,6.1
Financial Remedy,SOUTH EAST,1 Both,2022-Q2,1222,44.3,18.5
Financial Remedy,SOUTH EAST,1 Both,2022-Q3,1245,45.3,2.9
Financial Remedy,SOUTH EAST,1 Both,2022-Q4,1009,42.7,4.1
Financial Remedy,SOUTH EAST,1 Both,2023-Q1,1114,41.3,4.3
Financial Remedy,SOUTH EAST,1 Both,2023-Q2,878,45.7,4.9
Financial Remedy,SOUTH EAST,1 Both,2023-Q3,949,35,5.4
Financial Remedy,SOUTH EAST,1 Both,2023-Q4,815,37.5,4.1
Financial Remedy,SOUTH EAST,1 Both,2024-Q1,846,34.7,3.6
Financial Remedy,SOUTH EAST,1 Both,2024-Q2,913,27.8,3.7
Financial Remedy,SOUTH EAST,1 Both,2024-Q3,902,29.7,4.3
Financial Remedy,SOUTH EAST,1 Both,2024-Q4,876,33.6,4.6
Financial Remedy,SOUTH EAST,1 Both,2025-Q1,870,33,4
Financial Remedy,SOUTH EAST,1 Both,2025-Q2,940,26.1,4
Financial Remedy,SOUTH EAST,1 Both,2025-Q3,890,28.8,2.9
Financial Remedy,SOUTH EAST,1 Both,2025-Q4,663,37.4,4.3
Financial Remedy,SOUTH EAST,2 Petitioner Only,2011-Q1,857,21.1,5.1
Financial Remedy,SOUTH EAST,2 Petitioner Only,2011-Q2,716,20.3,5.1
Financial Remedy,SOUTH EAST,2 Petitioner Only,2011-Q3,817,19.1,3.4
Financial Remedy,SOUTH EAST,2 Petitioner Only,2011-Q4,854,20.1,4.4
Financial Remedy,SOUTH EAST,2 Petitioner Only,2012-Q1,861,22.5,3.1
Financial Remedy,SOUTH EAST,2 Petitioner Only,2012-Q2,706,18.3,3.1
Financial Remedy,SOUTH EAST,2 Petitioner Only,2012-Q3,910,22.1,3.4
Financial Remedy,SOUTH EAST,2 Petitioner Only,2012-Q4,839,18.5,3.1
Financial Remedy,SOUTH EAST,2 Petitioner Only,2013-Q1,843,18.1,3
Financial Remedy,SOUTH EAST,2 Petitioner Only,2013-Q2,830,19.6,3.1
Financial Remedy,SOUTH EAST,2 Petitioner Only,2013-Q3,924,20.6,3.4
Financial Remedy,SOUTH EAST,2 Petitioner Only,2013-Q4,836,20.5,3
Financial Remedy,SOUTH EAST,2 Petitioner Only,2014-Q1,846,23.6,3.9
Financial Remedy,SOUTH EAST,2 Petitioner Only,2014-Q2,844,21.2,3.3
Financial Remedy,SOUTH EAST,2 Petitioner Only,2014-Q3,778,23,3.1
Financial Remedy,SOUTH EAST,2 Petitioner Only,2014-Q4,806,17.7,2.9
Financial Remedy,SOUTH EAST,2 Petitioner Only,2015-Q1,873,19.8,2.9
Financial Remedy,SOUTH EAST,2 Petitioner Only,2015-Q2,849,19.8,3.6
Financial Remedy,SOUTH EAST,2 Petitioner Only,2015-Q3,857,21,3.9
Financial Remedy,SOUTH EAST,2 Petitioner Only,2015-Q4,772,19,3.6
Financial Remedy,SOUTH EAST,2 Petitioner Only,2016-Q1,916,15.5,2.1
Financial Remedy,SOUTH EAST,2 Petitioner Only,2016-Q2,932,19.1,4
Financial Remedy,SOUTH EAST,2 Petitioner Only,2016-Q3,1101,17.9,6
Financial Remedy,SOUTH EAST,2 Petitioner Only,2016-Q4,1188,16.9,3.3
Financial Remedy,SOUTH EAST,2 Petitioner Only,2017-Q1,1255,16,3.4
Financial Remedy,SOUTH EAST,2 Petitioner Only,2017-Q2,1197,15.8,3.6
Financial Remedy,SOUTH EAST,2 Petitioner Only,2017-Q3,1246,16.1,4.6
Financial Remedy,SOUTH EAST,2 Petitioner Only,2017-Q4,1194,17.1,4
Financial Remedy,SOUTH EAST,2 Petitioner Only,2018-Q1,1145,21.6,5.7
Financial Remedy,SOUTH EAST,2 Petitioner Only,2018-Q2,989,26.3,7.3
Financial Remedy,SOUTH EAST,2 Petitioner Only,2018-Q3,1226,21.4,9.4
Financial Remedy,SOUTH EAST,2 Petitioner Only,2018-Q4,1275,22.1,6.6
Financial Remedy,SOUTH EAST,2 Petitioner Only,2019-Q1,1394,21.1,6.6
Financial Remedy,SOUTH EAST,2 Petitioner Only,2019-Q2,1487,21.8,9.9
Financial Remedy,SOUTH EAST,2 Petitioner Only,2019-Q3,1428,20.8,10.4
Financial Remedy,SOUTH EAST,2 Petitioner Only,2019-Q4,1396,20.6,6.6
Financial Remedy,SOUTH EAST,2 Petitioner Only,2020-Q1,1385,24.1,5.1
Financial Remedy,SOUTH EAST,2 Petitioner Only,2020-Q2,1307,17,5.7
Financial Remedy,SOUTH EAST,2 Petitioner Only,2020-Q3,1472,19.2,7.3
Financial Remedy,SOUTH EAST,2 Petitioner Only,2020-Q4,1536,19.7,2.1
Financial Remedy,SOUTH EAST,2 Petitioner Only,2021-Q1,1218,27.8,4.1
Financial Remedy,SOUTH EAST,2 Petitioner Only,2021-Q2,1567,22.5,5.1
Financial Remedy,SOUTH EAST,2 Petitioner Only,2021-Q3,1526,18.3,4
Financial Remedy,SOUTH EAST,2 Petitioner Only,2021-Q4,1472,22.3,3.6
Financial Remedy,SOUTH EAST,2 Petitioner Only,2022-Q1,1306,20,1
Financial Remedy,SOUTH EAST,2 Petitioner Only,2022-Q2,1053,24.5,1.6
Financial Remedy,SOUTH EAST,2 Petitioner Only,2022-Q3,934,26.7,1.1
Financial Remedy,SOUTH EAST,2 Petitioner Only,2022-Q4,791,29.2,2.4
Financial Remedy,SOUTH EAST,2 Petitioner Only,2023-Q1,1224,20.9,2.9
Financial Remedy,SOUTH EAST,2 Petitioner Only,2023-Q2,906,23.5,4.1
Financial Remedy,SOUTH EAST,2 Petitioner Only,2023-Q3,1126,18.2,4.7
Financial Remedy,SOUTH EAST,2 Petitioner Only,2023-Q4,1057,20.1,3.3
Financial Remedy,SOUTH EAST,2 Petitioner Only,2024-Q1,1148,23.9,3
Financial Remedy,SOUTH EAST,2 Petitioner Only,2024-Q2,1090,17.9,3
Financial Remedy,SOUTH EAST,2 Petitioner Only,2024-Q3,1166,16.9,2.9
Financial Remedy,SOUTH EAST,2 Petitioner Only,2024-Q4,1229,17.4,4
Financial Remedy,SOUTH EAST,2 Petitioner Only,2025-Q1,1054,17.1,2.9
Financial Remedy,SOUTH EAST,2 Petitioner Only,2025-Q2,1210,15,3.1
Financial Remedy,SOUTH EAST,2 Petitioner Only,2025-Q3,1084,12.6,2
Financial Remedy,SOUTH EAST,2 Petitioner Only,2025-Q4,905,20.4,3.6
Financial Remedy,SOUTH EAST,3 Respondent Only,2011-Q1,163,68.6,34.1
Financial Remedy,SOUTH EAST,3 Respondent Only,2011-Q2,145,43.6,19.1
Financial Remedy,SOUTH EAST,3 Respondent Only,2011-Q3,155,57.6,26.3
Financial Remedy,SOUTH EAST,3 Respondent Only,2011-Q4,155,40.2,23.6
Financial Remedy,SOUTH EAST,3 Respondent Only,2012-Q1,156,55.2,27.8
Financial Remedy,SOUTH EAST,3 Respondent Only,2012-Q2,135,61.4,22
Financial Remedy,SOUTH EAST,3 Respondent Only,2012-Q3,150,51.8,16
Financial Remedy,SOUTH EAST,3 Respondent Only,2012-Q4,145,55.7,24.9
Financial Remedy,SOUTH EAST,3 Respondent Only,2013-Q1,145,57.8,24.9
Financial Remedy,SOUTH EAST,3 Respondent Only,2013-Q2,147,56.8,22.7
Financial Remedy,SOUTH EAST,3 Respondent Only,2013-Q3,165,55.8,18.1
Financial Remedy,SOUTH EAST,3 Respondent Only,2013-Q4,149,70.5,28.1
Financial Remedy,SOUTH EAST,3 Respondent Only,2014-Q1,158,56.6,24.6
Financial Remedy,SOUTH EAST,3 Respondent Only,2014-Q2,159,57.2,22.9
Financial Remedy,SOUTH EAST,3 Respondent Only,2014-Q3,158,62.3,26.9
Financial Remedy,SOUTH EAST,3 Respondent Only,2014-Q4,163,77.8,25
Financial Remedy,SOUTH EAST,3 Respondent Only,2015-Q1,146,75.3,23.5
Financial Remedy,SOUTH EAST,3 Respondent Only,2015-Q2,156,54.8,10.2
Financial Remedy,SOUTH EAST,3 Respondent Only,2015-Q3,159,60.2,12.7
Financial Remedy,SOUTH EAST,3 Respondent Only,2015-Q4,146,48.5,14.8
Financial Remedy,SOUTH EAST,3 Respondent Only,2016-Q1,178,62.6,13.2
Financial Remedy,SOUTH EAST,3 Respondent Only,2016-Q2,153,42.4,11.1
Financial Remedy,SOUTH EAST,3 Respondent Only,2016-Q3,193,44.5,11.1
Financial Remedy,SOUTH EAST,3 Respondent Only,2016-Q4,183,56,12.7
Financial Remedy,SOUTH EAST,3 Respondent Only,2017-Q1,178,45.9,12.3
Financial Remedy,SOUTH EAST,3 Respondent Only,2017-Q2,197,53.3,12.1
Financial Remedy,SOUTH EAST,3 Respondent Only,2017-Q3,191,58.6,12.3
Financial Remedy,SOUTH EAST,3 Respondent Only,2017-Q4,185,50.1,14.4
Financial Remedy,SOUTH EAST,3 Respondent Only,2018-Q1,255,49.7,13.4
Financial Remedy,SOUTH EAST,3 Respondent Only,2018-Q2,183,44.5,17
Financial Remedy,SOUTH EAST,3 Respondent Only,2018-Q3,247,45.5,17.9
Financial Remedy,SOUTH EAST,3 Respondent Only,2018-Q4,243,51.4,14.9
Financial Remedy,SOUTH EAST,3 Respondent Only,2019-Q1,267,59.8,16.9
Financial Remedy,SOUTH EAST,3 Respondent Only,2019-Q2,262,44.6,16
Financial Remedy,SOUTH EAST,3 Respondent Only,2019-Q3,249,44,16.4
Financial Remedy,SOUTH EAST,3 Respondent Only,2019-Q4,248,66.8,23.5
Financial Remedy,SOUTH EAST,3 Respondent Only,2020-Q1,276,57.5,21.9
Financial Remedy,SOUTH EAST,3 Respondent Only,2020-Q2,179,51.8,14.1
Financial Remedy,SOUTH EAST,3 Respondent Only,2020-Q3,241,40.4,13.4
Financial Remedy,SOUTH EAST,3 Respondent Only,2020-Q4,257,61.6,23.3
Financial Remedy,SOUTH EAST,3 Respondent Only,2021-Q1,230,68.9,37.2
Financial Remedy,SOUTH EAST,3 Respondent Only,2021-Q2,204,89.5,44.9
Financial Remedy,SOUTH EAST,3 Respondent Only,2021-Q3,177,87.2,53.1
Financial Remedy,SOUTH EAST,3 Respondent Only,2021-Q4,151,88.3,54.1
Financial Remedy,SOUTH EAST,3 Respondent Only,2022-Q1,150,82.9,52.6
Financial Remedy,SOUTH EAST,3 Respondent Only,2022-Q2,145,82.4,54.1
Financial Remedy,SOUTH EAST,3 Respondent Only,2022-Q3,142,109.7,74.6
Financial Remedy,SOUTH EAST,3 Respondent Only,2022-Q4,107,137.5,95.3
Financial Remedy,SOUTH EAST,3 Respondent Only,2023-Q1,104,135.4,86.6
Financial Remedy,SOUTH EAST,3 Respondent Only,2023-Q2,81,116,90.7
Financial Remedy,SOUTH EAST,3 Respondent Only,2023-Q3,66,124.9,95.4
Financial Remedy,SOUTH EAST,3 Respondent Only,2023-Q4,57,117.3,85.9
Financial Remedy,SOUTH EAST,3 Respondent Only,2024-Q1,57,114.2,60.9
Financial Remedy,SOUTH EAST,3 Respondent Only,2024-Q2,57,163.3,61.9
Financial Remedy,SOUTH EAST,3 Respondent Only,2024-Q3,54,139.4,92.9
Financial Remedy,SOUTH EAST,3 Respondent Only,2024-Q4,53,120.6,47.7
Financial Remedy,SOUTH EAST,3 Respondent Only,2025-Q1,49,107.4,61.7
Financial Remedy,SOUTH EAST,3 Respondent Only,2025-Q2,55,140.2,41.9
Financial Remedy,SOUTH EAST,3 Respondent Only,2025-Q3,65,135.2,56.7
Financial Remedy,SOUTH EAST,3 Respondent Only,2025-Q4,58,141.4,58.7
Financial Remedy,SOUTH EAST,4 Neither,2011-Q1,208,40.8,9.4
Financial Remedy,SOUTH EAST,4 Neither,2011-Q2,198,39.8,9
Financial Remedy,SOUTH EAST,4 Neither,2011-Q3,225,36.7,7.9
Financial Remedy,SOUTH EAST,4 Neither,2011-Q4,253,55,8.7
Financial Remedy,SOUTH EAST,4 Neither,2012-Q1,243,46.5,8.6
Financial Remedy,SOUTH EAST,4 Neither,2012-Q2,203,35.9,7.4
Financial Remedy,SOUTH EAST,4 Neither,2012-Q3,238,47.1,8.8
Financial Remedy,SOUTH EAST,4 Neither,2012-Q4,221,49.7,14.1
Financial Remedy,SOUTH EAST,4 Neither,2013-Q1,214,49.1,15
Financial Remedy,SOUTH EAST,4 Neither,2013-Q2,208,53.8,11.4
Financial Remedy,SOUTH EAST,4 Neither,2013-Q3,277,38,6.1
Financial Remedy,SOUTH EAST,4 Neither,2013-Q4,232,33,6.1
Financial Remedy,SOUTH EAST,4 Neither,2014-Q1,277,31.9,7.6
Financial Remedy,SOUTH EAST,4 Neither,2014-Q2,268,45.2,11.5
Financial Remedy,SOUTH EAST,4 Neither,2014-Q3,235,36.7,7
Financial Remedy,SOUTH EAST,4 Neither,2014-Q4,250,46.4,6
Financial Remedy,SOUTH EAST,4 Neither,2015-Q1,274,46.1,5.4
Financial Remedy,SOUTH EAST,4 Neither,2015-Q2,244,42.5,6.6
Financial Remedy,SOUTH EAST,4 Neither,2015-Q3,236,42.3,5
Financial Remedy,SOUTH EAST,4 Neither,2015-Q4,237,44.3,5.6
Financial Remedy,SOUTH EAST,4 Neither,2016-Q1,266,44.3,4
Financial Remedy,SOUTH EAST,4 Neither,2016-Q2,314,36.3,4.6
Financial Remedy,SOUTH EAST,4 Neither,2016-Q3,308,36,6.3
Financial Remedy,SOUTH EAST,4 Neither,2016-Q4,319,31.6,4.9
Financial Remedy,SOUTH EAST,4 Neither,2017-Q1,343,30.9,4
Financial Remedy,SOUTH EAST,4 Neither,2017-Q2,293,36.8,3.7
Financial Remedy,SOUTH EAST,4 Neither,2017-Q3,343,41.7,4.9
Financial Remedy,SOUTH EAST,4 Neither,2017-Q4,349,36.5,4.3
Financial Remedy,SOUTH EAST,4 Neither,2018-Q1,331,30.4,6.1
Financial Remedy,SOUTH EAST,4 Neither,2018-Q2,284,48.8,11.1
Financial Remedy,SOUTH EAST,4 Neither,2018-Q3,381,38.9,10
Financial Remedy,SOUTH EAST,4 Neither,2018-Q4,382,36.2,7.3
Financial Remedy,SOUTH EAST,4 Neither,2019-Q1,361,41.9,8.1
Financial Remedy,SOUTH EAST,4 Neither,2019-Q2,365,38.4,12.3
Financial Remedy,SOUTH EAST,4 Neither,2019-Q3,381,54.5,13
Financial Remedy,SOUTH EAST,4 Neither,2019-Q4,342,43.6,8.5
Financial Remedy,SOUTH EAST,4 Neither,2020-Q1,433,41.1,6.9
Financial Remedy,SOUTH EAST,4 Neither,2020-Q2,309,35.4,6.3
Financial Remedy,SOUTH EAST,4 Neither,2020-Q3,399,40.3,8.4
Financial Remedy,SOUTH EAST,4 Neither,2020-Q4,393,41.6,6.3
Financial Remedy,SOUTH EAST,4 Neither,2021-Q1,429,54.1,9.3
Financial Remedy,SOUTH EAST,4 Neither,2021-Q2,520,34.9,5.3
Financial Remedy,SOUTH EAST,4 Neither,2021-Q3,468,37.7,3.7
Financial Remedy,SOUTH EAST,4 Neither,2021-Q4,390,54.8,6.5
Financial Remedy,SOUTH EAST,4 Neither,2022-Q1,473,37.1,1.1
Financial Remedy,SOUTH EAST,4 Neither,2022-Q2,347,47.3,1.6
Financial Remedy,SOUTH EAST,4 Neither,2022-Q3,343,39.2,1.3
Financial Remedy,SOUTH EAST,4 Neither,2022-Q4,262,52.1,2.9
Financial Remedy,SOUTH EAST,4 Neither,2023-Q1,352,57.5,3.5
Financial Remedy,SOUTH EAST,4 Neither,2023-Q2,364,47.1,3.6
Financial Remedy,SOUTH EAST,4 Neither,2023-Q3,423,39,4.6
Financial Remedy,SOUTH EAST,4 Neither,2023-Q4,377,34.7,3
Financial Remedy,SOUTH EAST,4 Neither,2024-Q1,437,44.3,2.7
Financial Remedy,SOUTH EAST,4 Neither,2024-Q2,383,33.9,2.7
Financial Remedy,SOUTH EAST,4 Neither,2024-Q3,474,31.9,2.9
Financial Remedy,SOUTH EAST,4 Neither,2024-Q4,469,31.1,3.3
Financial Remedy,SOUTH EAST,4 Neither,2025-Q1,443,33.4,2.4
Financial Remedy,SOUTH EAST,4 Neither,2025-Q2,575,31.2,2.4
Financial Remedy,SOUTH EAST,4 Neither,2025-Q3,623,20.9,2.9
Financial Remedy,SOUTH EAST,4 Neither,2025-Q4,531,28.9,3.6
Financial Remedy,SOUTH EAST,5 Unknown,2011-Q1,1,14.1,14.1
Financial Remedy,SOUTH EAST,5 Unknown,2011-Q2,3,15.8,1.9
Financial Remedy,SOUTH EAST,5 Unknown,2011-Q3,1,4.7,4.7
Financial Remedy,SOUTH EAST,5 Unknown,2011-Q4,1,0.6,0.6
Financial Remedy,SOUTH EAST,5 Unknown,2012-Q1,5,15,13.1
Financial Remedy,SOUTH EAST,5 Unknown,2012-Q2,1,237.3,237.3
Financial Remedy,SOUTH EAST,5 Unknown,2012-Q3,2,293.7,293.7
Financial Remedy,SOUTH EAST,5 Unknown,2013-Q1,1,8.7,8.7
Financial Remedy,SOUTH EAST,5 Unknown,2013-Q2,3,184.4,25.9
Financial Remedy,SOUTH EAST,5 Unknown,2013-Q3,3,30.4,43.3
Financial Remedy,SOUTH EAST,5 Unknown,2013-Q4,1,684,684
Financial Remedy,SOUTH EAST,5 Unknown,2014-Q1,1,2.7,2.7
Financial Remedy,SOUTH EAST,5 Unknown,2014-Q3,2,239.7,239.7
Financial Remedy,SOUTH EAST,5 Unknown,2014-Q4,3,18.2,6.6
Financial Remedy,SOUTH EAST,5 Unknown,2015-Q1,1,9.6,9.6
Financial Remedy,SOUTH EAST,5 Unknown,2015-Q4,1,20.4,20.4
Financial Remedy,SOUTH EAST,5 Unknown,2016-Q1,4,12.5,15.9
Financial Remedy,SOUTH EAST,5 Unknown,2016-Q2,2,23.8,23.8
Financial Remedy,SOUTH EAST,5 Unknown,2017-Q1,2,12.6,12.6
Financial Remedy,SOUTH EAST,5 Unknown,2017-Q2,1,34.3,34.3
Financial Remedy,SOUTH EAST,5 Unknown,2017-Q3,1,12.9,12.9
Financial Remedy,SOUTH EAST,5 Unknown,2017-Q4,1,2.9,2.9
Financial Remedy,SOUTH EAST,5 Unknown,2018-Q1,1,167,167
Financial Remedy,SOUTH EAST,5 Unknown,2018-Q2,1,45.4,45.4
Financial Remedy,SOUTH EAST,5 Unknown,2018-Q3,1,8.3,8.3
Financial Remedy,SOUTH EAST,5 Unknown,2019-Q2,5,18.9,16.7
Financial Remedy,SOUTH EAST,5 Unknown,2019-Q3,1,493.1,493.1
Financial Remedy,SOUTH EAST,5 Unknown,2019-Q4,1,14,14
Financial Remedy,SOUTH EAST,5 Unknown,2020-Q1,2,2.4,2.4
Financial Remedy,SOUTH EAST,5 Unknown,2020-Q3,2,19.2,19.2
Financial Remedy,SOUTH EAST,5 Unknown,2020-Q4,2,9.1,9.1
Financial Remedy,SOUTH EAST,5 Unknown,2021-Q1,2,24.7,24.7
Financial Remedy,SOUTH EAST,5 Unknown,2021-Q2,3,13.3,8.4
Financial Remedy,SOUTH EAST,5 Unknown,2021-Q3,2,72.1,72.1
Financial Remedy,SOUTH EAST,5 Unknown,2022-Q1,1,66.1,66.1
Financial Remedy,SOUTH EAST,5 Unknown,2022-Q2,1,87.4,87.4
Financial Remedy,SOUTH EAST,5 Unknown,2023-Q4,1,49.6,49.6
Financial Remedy,SOUTH EAST,5 Unknown,2024-Q1,1,257.4,257.4
Financial Remedy,SOUTH EAST,5 Unknown,2024-Q3,1,276.3,276.3
Financial Remedy,SOUTH EAST,5 Unknown,2024-Q4,1,808,808
Financial Remedy,SOUTH WEST,1 Both,2011-Q1,873,27.7,13.7
Financial Remedy,SOUTH WEST,1 Both,2011-Q2,730,25.4,10
Financial Remedy,SOUTH WEST,1 Both,2011-Q3,866,27,12.1
Financial Remedy,SOUTH WEST,1 Both,2011-Q4,764,28.8,4.5
Financial Remedy,SOUTH WEST,1 Both,2012-Q1,836,27.7,7.5
Financial Remedy,SOUTH WEST,1 Both,2012-Q2,768,23.4,4.8
Financial Remedy,SOUTH WEST,1 Both,2012-Q3,723,26.9,8.6
Financial Remedy,SOUTH WEST,1 Both,2012-Q4,772,26,9.4
Financial Remedy,SOUTH WEST,1 Both,2013-Q1,755,25.5,6.6
Financial Remedy,SOUTH WEST,1 Both,2013-Q2,740,25.7,6
Financial Remedy,SOUTH WEST,1 Both,2013-Q3,764,28.2,10.5
Financial Remedy,SOUTH WEST,1 Both,2013-Q4,696,31.4,12.9
Financial Remedy,SOUTH WEST,1 Both,2014-Q1,696,28,12.3
Financial Remedy,SOUTH WEST,1 Both,2014-Q2,598,25.3,13.6
Financial Remedy,SOUTH WEST,1 Both,2014-Q3,576,29.9,11.7
Financial Remedy,SOUTH WEST,1 Both,2014-Q4,567,31.3,11.3
Financial Remedy,SOUTH WEST,1 Both,2015-Q1,535,32.2,8.6
Financial Remedy,SOUTH WEST,1 Both,2015-Q2,535,32.5,9
Financial Remedy,SOUTH WEST,1 Both,2015-Q3,469,28.3,14.3
Financial Remedy,SOUTH WEST,1 Both,2015-Q4,497,31.3,14.3
Financial Remedy,SOUTH WEST,1 Both,2016-Q1,602,26.4,7.5
Financial Remedy,SOUTH WEST,1 Both,2016-Q2,638,26.4,7
Financial Remedy,SOUTH WEST,1 Both,2016-Q3,797,19.2,3.9
Financial Remedy,SOUTH WEST,1 Both,2016-Q4,711,24.2,5.7
Financial Remedy,SOUTH WEST,1 Both,2017-Q1,756,23.1,9.8
Financial Remedy,SOUTH WEST,1 Both,2017-Q2,810,27.5,7.3
Financial Remedy,SOUTH WEST,1 Both,2017-Q3,724,29.2,7.4
Financial Remedy,SOUTH WEST,1 Both,2017-Q4,756,23.8,7.1
Financial Remedy,SOUTH WEST,1 Both,2018-Q1,863,24.9,7.1
Financial Remedy,SOUTH WEST,1 Both,2018-Q2,766,28.5,7.3
Financial Remedy,SOUTH WEST,1 Both,2018-Q3,921,25.5,6
Financial Remedy,SOUTH WEST,1 Both,2018-Q4,741,28.6,4.9
Financial Remedy,SOUTH WEST,1 Both,2019-Q1,831,24.1,5.1
Financial Remedy,SOUTH WEST,1 Both,2019-Q2,729,26.8,8.3
Financial Remedy,SOUTH WEST,1 Both,2019-Q3,865,22.2,5.7
Financial Remedy,SOUTH WEST,1 Both,2019-Q4,724,26.6,6.6
Financial Remedy,SOUTH WEST,1 Both,2020-Q1,693,28.1,6.1
Financial Remedy,SOUTH WEST,1 Both,2020-Q2,545,28.6,11.1
Financial Remedy,SOUTH WEST,1 Both,2020-Q3,610,28.9,8.5
Financial Remedy,SOUTH WEST,1 Both,2020-Q4,756,28.8,7.9
Financial Remedy,SOUTH WEST,1 Both,2021-Q1,609,34.5,11.9
Financial Remedy,SOUTH WEST,1 Both,2021-Q2,870,24.7,3.4
Financial Remedy,SOUTH WEST,1 Both,2021-Q3,683,26,3.1
Financial Remedy,SOUTH WEST,1 Both,2021-Q4,769,23.8,2.6
Financial Remedy,SOUTH WEST,1 Both,2022-Q1,696,28.6,1.4
Financial Remedy,SOUTH WEST,1 Both,2022-Q2,523,30.6,1.4
Financial Remedy,SOUTH WEST,1 Both,2022-Q3,497,26.5,1
Financial Remedy,SOUTH WEST,1 Both,2022-Q4,436,28.4,1.4
Financial Remedy,SOUTH WEST,1 Both,2023-Q1,581,16.5,1.4
Financial Remedy,SOUTH WEST,1 Both,2023-Q2,492,15.7,2
Financial Remedy,SOUTH WEST,1 Both,2023-Q3,534,16.3,2.9
Financial Remedy,SOUTH WEST,1 Both,2023-Q4,530,18.9,2.1
Financial Remedy,SOUTH WEST,1 Both,2024-Q1,467,16.6,2.3
Financial Remedy,SOUTH WEST,1 Both,2024-Q2,493,16.6,2.6
Financial Remedy,SOUTH WEST,1 Both,2024-Q3,568,15.1,2.7
Financial Remedy,SOUTH WEST,1 Both,2024-Q4,589,22.9,2.6
Financial Remedy,SOUTH WEST,1 Both,2025-Q1,532,17.9,2.7
Financial Remedy,SOUTH WEST,1 Both,2025-Q2,608,19.3,3
Financial Remedy,SOUTH WEST,1 Both,2025-Q3,580,15.5,2
Financial Remedy,SOUTH WEST,1 Both,2025-Q4,474,28.2,2.9
Financial Remedy,SOUTH WEST,2 Petitioner Only,2011-Q1,587,18,2.1
Financial Remedy,SOUTH WEST,2 Petitioner Only,2011-Q2,531,15.7,2
Financial Remedy,SOUTH WEST,2 Petitioner Only,2011-Q3,636,14.2,1.1
Financial Remedy,SOUTH WEST,2 Petitioner Only,2011-Q4,512,14.4,1.6
Financial Remedy,SOUTH WEST,2 Petitioner Only,2012-Q1,572,14.6,1.6
Financial Remedy,SOUTH WEST,2 Petitioner Only,2012-Q2,584,14.4,1.1
Financial Remedy,SOUTH WEST,2 Petitioner Only,2012-Q3,539,15.7,1.6
Financial Remedy,SOUTH WEST,2 Petitioner Only,2012-Q4,588,16.2,1.9
Financial Remedy,SOUTH WEST,2 Petitioner Only,2013-Q1,545,16.9,2.1
Financial Remedy,SOUTH WEST,2 Petitioner Only,2013-Q2,454,16.3,3.1
Financial Remedy,SOUTH WEST,2 Petitioner Only,2013-Q3,486,16.7,1.4
Financial Remedy,SOUTH WEST,2 Petitioner Only,2013-Q4,458,18.2,3.1
Financial Remedy,SOUTH WEST,2 Petitioner Only,2014-Q1,473,21.1,2.6
Financial Remedy,SOUTH WEST,2 Petitioner Only,2014-Q2,452,18.8,3.9
Financial Remedy,SOUTH WEST,2 Petitioner Only,2014-Q3,464,14.5,1.2
Financial Remedy,SOUTH WEST,2 Petitioner Only,2014-Q4,443,20,2
Financial Remedy,SOUTH WEST,2 Petitioner Only,2015-Q1,484,15.2,2.3
Financial Remedy,SOUTH WEST,2 Petitioner Only,2015-Q2,396,18.6,2.6
Financial Remedy,SOUTH WEST,2 Petitioner Only,2015-Q3,462,19.3,3.9
Financial Remedy,SOUTH WEST,2 Petitioner Only,2015-Q4,436,17.6,5.6
Financial Remedy,SOUTH WEST,2 Petitioner Only,2016-Q1,478,14.7,3.1
Financial Remedy,SOUTH WEST,2 Petitioner Only,2016-Q2,636,14.8,3.1
Financial Remedy,SOUTH WEST,2 Petitioner Only,2016-Q3,890,9.7,2.9
Financial Remedy,SOUTH WEST,2 Petitioner Only,2016-Q4,801,15.5,2.4
Financial Remedy,SOUTH WEST,2 Petitioner Only,2017-Q1,872,13.8,3.4
Financial Remedy,SOUTH WEST,2 Petitioner Only,2017-Q2,969,11,2.7
Financial Remedy,SOUTH WEST,2 Petitioner Only,2017-Q3,822,13.9,2.1
Financial Remedy,SOUTH WEST,2 Petitioner Only,2017-Q4,913,14.1,3
Financial Remedy,SOUTH WEST,2 Petitioner Only,2018-Q1,989,11.5,3
Financial Remedy,SOUTH WEST,2 Petitioner Only,2018-Q2,724,18.8,4.7
Financial Remedy,SOUTH WEST,2 Petitioner Only,2018-Q3,1076,12,5.4
Financial Remedy,SOUTH WEST,2 Petitioner Only,2018-Q4,901,12.9,4.4
Financial Remedy,SOUTH WEST,2 Petitioner Only,2019-Q1,944,13.2,3.9
Financial Remedy,SOUTH WEST,2 Petitioner Only,2019-Q2,733,17.9,4.9
Financial Remedy,SOUTH WEST,2 Petitioner Only,2019-Q3,1079,14.7,5.1
Financial Remedy,SOUTH WEST,2 Petitioner Only,2019-Q4,847,13.6,3.9
Financial Remedy,SOUTH WEST,2 Petitioner Only,2020-Q1,822,20.5,5.7
Financial Remedy,SOUTH WEST,2 Petitioner Only,2020-Q2,642,21.1,10
Financial Remedy,SOUTH WEST,2 Petitioner Only,2020-Q3,699,16.7,7.7
Financial Remedy,SOUTH WEST,2 Petitioner Only,2020-Q4,983,16.3,2.7
Financial Remedy,SOUTH WEST,2 Petitioner Only,2021-Q1,730,20.2,3.2
Financial Remedy,SOUTH WEST,2 Petitioner Only,2021-Q2,921,18.1,3
Financial Remedy,SOUTH WEST,2 Petitioner Only,2021-Q3,712,12.4,2.1
Financial Remedy,SOUTH WEST,2 Petitioner Only,2021-Q4,799,13,2.1
Financial Remedy,SOUTH WEST,2 Petitioner Only,2022-Q1,658,14.3,0.9
Financial Remedy,SOUTH WEST,2 Petitioner Only,2022-Q2,471,16,1
Financial Remedy,SOUTH WEST,2 Petitioner Only,2022-Q3,474,8.7,1
Financial Remedy,SOUTH WEST,2 Petitioner Only,2022-Q4,503,13.3,1.3
Financial Remedy,SOUTH WEST,2 Petitioner Only,2023-Q1,710,14,1.4
Financial Remedy,SOUTH WEST,2 Petitioner Only,2023-Q2,645,8.4,1.7
Financial Remedy,SOUTH WEST,2 Petitioner Only,2023-Q3,715,10.8,2.6
Financial Remedy,SOUTH WEST,2 Petitioner Only,2023-Q4,637,7.4,2
Financial Remedy,SOUTH WEST,2 Petitioner Only,2024-Q1,673,8.2,2
Financial Remedy,SOUTH WEST,2 Petitioner Only,2024-Q2,683,10.3,2.1
Financial Remedy,SOUTH WEST,2 Petitioner Only,2024-Q3,737,8.7,2
Financial Remedy,SOUTH WEST,2 Petitioner Only,2024-Q4,715,9.1,2
Financial Remedy,SOUTH WEST,2 Petitioner Only,2025-Q1,726,7.6,1.9
Financial Remedy,SOUTH WEST,2 Petitioner Only,2025-Q2,776,8.2,2.6
Financial Remedy,SOUTH WEST,2 Petitioner Only,2025-Q3,710,7.2,1.4
Financial Remedy,SOUTH WEST,2 Petitioner Only,2025-Q4,628,9.2,2.7
Financial Remedy,SOUTH WEST,3 Respondent Only,2011-Q1,106,61.1,27.5
Financial Remedy,SOUTH WEST,3 Respondent Only,2011-Q2,71,48,30
Financial Remedy,SOUTH WEST,3 Respondent Only,2011-Q3,76,46.1,26.6
Financial Remedy,SOUTH WEST,3 Respondent Only,2011-Q4,73,49.6,26.9
Financial Remedy,SOUTH WEST,3 Respondent Only,2012-Q1,79,26.3,11.3
Financial Remedy,SOUTH WEST,3 Respondent Only,2012-Q2,84,42.6,21.5
Financial Remedy,SOUTH WEST,3 Respondent Only,2012-Q3,78,41.8,12.9
Financial Remedy,SOUTH WEST,3 Respondent Only,2012-Q4,90,32.5,13.5
Financial Remedy,SOUTH WEST,3 Respondent Only,2013-Q1,84,34.7,12.7
Financial Remedy,SOUTH WEST,3 Respondent Only,2013-Q2,87,43.7,5.6
Financial Remedy,SOUTH WEST,3 Respondent Only,2013-Q3,95,46,14.1
Financial Remedy,SOUTH WEST,3 Respondent Only,2013-Q4,80,43.9,19.6
Financial Remedy,SOUTH WEST,3 Respondent Only,2014-Q1,95,66.8,26.3
Financial Remedy,SOUTH WEST,3 Respondent Only,2014-Q2,86,36,15
Financial Remedy,SOUTH WEST,3 Respondent Only,2014-Q3,105,36.8,17.3
Financial Remedy,SOUTH WEST,3 Respondent Only,2014-Q4,85,58.4,22.3
Financial Remedy,SOUTH WEST,3 Respondent Only,2015-Q1,62,45.1,12.5
Financial Remedy,SOUTH WEST,3 Respondent Only,2015-Q2,72,38.4,8.4
Financial Remedy,SOUTH WEST,3 Respondent Only,2015-Q3,87,39.7,16.1
Financial Remedy,SOUTH WEST,3 Respondent Only,2015-Q4,72,54.9,20.2
Financial Remedy,SOUTH WEST,3 Respondent Only,2016-Q1,87,44.3,19.4
Financial Remedy,SOUTH WEST,3 Respondent Only,2016-Q2,78,47.5,17
Financial Remedy,SOUTH WEST,3 Respondent Only,2016-Q3,93,68.9,12.7
Financial Remedy,SOUTH WEST,3 Respondent Only,2016-Q4,83,47.1,7
Financial Remedy,SOUTH WEST,3 Respondent Only,2017-Q1,89,44.7,14.4
Financial Remedy,SOUTH WEST,3 Respondent Only,2017-Q2,92,35.4,9.6
Financial Remedy,SOUTH WEST,3 Respondent Only,2017-Q3,83,49.5,10.9
Financial Remedy,SOUTH WEST,3 Respondent Only,2017-Q4,87,71.7,24.3
Financial Remedy,SOUTH WEST,3 Respondent Only,2018-Q1,109,35,7.7
Financial Remedy,SOUTH WEST,3 Respondent Only,2018-Q2,94,50.3,11.9
Financial Remedy,SOUTH WEST,3 Respondent Only,2018-Q3,123,35.7,12
Financial Remedy,SOUTH WEST,3 Respondent Only,2018-Q4,105,44.8,12.4
Financial Remedy,SOUTH WEST,3 Respondent Only,2019-Q1,124,64.6,9.7
Financial Remedy,SOUTH WEST,3 Respondent Only,2019-Q2,106,37.2,14.2
Financial Remedy,SOUTH WEST,3 Respondent Only,2019-Q3,142,33,5.8
Financial Remedy,SOUTH WEST,3 Respondent Only,2019-Q4,123,51.6,9.9
Financial Remedy,SOUTH WEST,3 Respondent Only,2020-Q1,104,53.3,13.7
Financial Remedy,SOUTH WEST,3 Respondent Only,2020-Q2,80,50.5,11.1
Financial Remedy,SOUTH WEST,3 Respondent Only,2020-Q3,85,58.5,23.3
Financial Remedy,SOUTH WEST,3 Respondent Only,2020-Q4,75,79.1,31
Financial Remedy,SOUTH WEST,3 Respondent Only,2021-Q1,57,61.6,31.3
Financial Remedy,SOUTH WEST,3 Respondent Only,2021-Q2,64,79.8,24
Financial Remedy,SOUTH WEST,3 Respondent Only,2021-Q3,50,90.3,51.4
Financial Remedy,SOUTH WEST,3 Respondent Only,2021-Q4,47,76.1,39.7
Financial Remedy,SOUTH WEST,3 Respondent Only,2022-Q1,49,87.9,44
Financial Remedy,SOUTH WEST,3 Respondent Only,2022-Q2,28,107.8,73.1
Financial Remedy,SOUTH WEST,3 Respondent Only,2022-Q3,32,105.5,61.2
Financial Remedy,SOUTH WEST,3 Respondent Only,2022-Q4,20,170.1,58.5
Financial Remedy,SOUTH WEST,3 Respondent Only,2023-Q1,25,145.2,96.4
Financial Remedy,SOUTH WEST,3 Respondent Only,2023-Q2,23,73.8,49.7
Financial Remedy,SOUTH WEST,3 Respondent Only,2023-Q3,13,54.7,3
Financial Remedy,SOUTH WEST,3 Respondent Only,2023-Q4,26,171.9,21.4
Financial Remedy,SOUTH WEST,3 Respondent Only,2024-Q1,20,180.5,30.3
Financial Remedy,SOUTH WEST,3 Respondent Only,2024-Q2,12,166.7,50.5
Financial Remedy,SOUTH WEST,3 Respondent Only,2024-Q3,22,43.9,3.2
Financial Remedy,SOUTH WEST,3 Respondent Only,2024-Q4,16,118.9,35.2
Financial Remedy,SOUTH WEST,3 Respondent Only,2025-Q1,25,122.4,21.1
Financial Remedy,SOUTH WEST,3 Respondent Only,2025-Q2,30,67.7,15.1
Financial Remedy,SOUTH WEST,3 Respondent Only,2025-Q3,32,35.4,26.1
Financial Remedy,SOUTH WEST,3 Respondent Only,2025-Q4,18,96.2,47.7
Financial Remedy,SOUTH WEST,4 Neither,2011-Q1,101,31.3,5.6
Financial Remedy,SOUTH WEST,4 Neither,2011-Q2,101,47.4,12.1
Financial Remedy,SOUTH WEST,4 Neither,2011-Q3,91,36.6,3.9
Financial Remedy,SOUTH WEST,4 Neither,2011-Q4,108,34.7,5.1
Financial Remedy,SOUTH WEST,4 Neither,2012-Q1,118,36.2,4.8
Financial Remedy,SOUTH WEST,4 Neither,2012-Q2,112,41.2,2.6
Financial Remedy,SOUTH WEST,4 Neither,2012-Q3,114,51.8,8
Financial Remedy,SOUTH WEST,4 Neither,2012-Q4,131,37.3,6
Financial Remedy,SOUTH WEST,4 Neither,2013-Q1,178,26.8,3
Financial Remedy,SOUTH WEST,4 Neither,2013-Q2,146,41.7,3.7
Financial Remedy,SOUTH WEST,4 Neither,2013-Q3,180,25.7,4.1
Financial Remedy,SOUTH WEST,4 Neither,2013-Q4,197,26.8,4.9
Financial Remedy,SOUTH WEST,4 Neither,2014-Q1,219,26.9,3
Financial Remedy,SOUTH WEST,4 Neither,2014-Q2,172,28.8,4
Financial Remedy,SOUTH WEST,4 Neither,2014-Q3,261,25.1,1.9
Financial Remedy,SOUTH WEST,4 Neither,2014-Q4,236,31.3,3.9
Financial Remedy,SOUTH WEST,4 Neither,2015-Q1,257,24,4
Financial Remedy,SOUTH WEST,4 Neither,2015-Q2,224,24.5,6.8
Financial Remedy,SOUTH WEST,4 Neither,2015-Q3,239,30.4,9.3
Financial Remedy,SOUTH WEST,4 Neither,2015-Q4,171,29.9,6.1
Financial Remedy,SOUTH WEST,4 Neither,2016-Q1,166,31.3,4.1
Financial Remedy,SOUTH WEST,4 Neither,2016-Q2,160,33.3,8.4
Financial Remedy,SOUTH WEST,4 Neither,2016-Q3,265,22,3
Financial Remedy,SOUTH WEST,4 Neither,2016-Q4,213,22.7,2.4
Financial Remedy,SOUTH WEST,4 Neither,2017-Q1,261,13.4,3.3
Financial Remedy,SOUTH WEST,4 Neither,2017-Q2,253,17.1,2.7
Financial Remedy,SOUTH WEST,4 Neither,2017-Q3,249,26.7,2.1
Financial Remedy,SOUTH WEST,4 Neither,2017-Q4,229,22.1,3.4
Financial Remedy,SOUTH WEST,4 Neither,2018-Q1,189,27.8,7.1
Financial Remedy,SOUTH WEST,4 Neither,2018-Q2,156,58,9.4
Financial Remedy,SOUTH WEST,4 Neither,2018-Q3,151,22.9,6
Financial Remedy,SOUTH WEST,4 Neither,2018-Q4,156,42.7,7.1
Financial Remedy,SOUTH WEST,4 Neither,2019-Q1,152,25.9,5
Financial Remedy,SOUTH WEST,4 Neither,2019-Q2,148,37.4,13.1
Financial Remedy,SOUTH WEST,4 Neither,2019-Q3,217,23.2,5.4
Financial Remedy,SOUTH WEST,4 Neither,2019-Q4,156,48.6,8.6
Financial Remedy,SOUTH WEST,4 Neither,2020-Q1,170,38.1,10.8
Financial Remedy,SOUTH WEST,4 Neither,2020-Q2,127,36,11
Financial Remedy,SOUTH WEST,4 Neither,2020-Q3,120,46.4,8
Financial Remedy,SOUTH WEST,4 Neither,2020-Q4,181,29.2,3.7
Financial Remedy,SOUTH WEST,4 Neither,2021-Q1,152,40.7,4
Financial Remedy,SOUTH WEST,4 Neither,2021-Q2,260,34.1,2.4
Financial Remedy,SOUTH WEST,4 Neither,2021-Q3,222,22.9,1.8
Financial Remedy,SOUTH WEST,4 Neither,2021-Q4,160,37.5,1.8
Financial Remedy,SOUTH WEST,4 Neither,2022-Q1,181,43.4,0.9
Financial Remedy,SOUTH WEST,4 Neither,2022-Q2,163,27.2,0.9
Financial Remedy,SOUTH WEST,4 Neither,2022-Q3,149,25.5,1
Financial Remedy,SOUTH WEST,4 Neither,2022-Q4,135,26.4,1
Financial Remedy,SOUTH WEST,4 Neither,2023-Q1,193,25.8,1
Financial Remedy,SOUTH WEST,4 Neither,2023-Q2,214,19.4,1
Financial Remedy,SOUTH WEST,4 Neither,2023-Q3,204,12.7,1.1
Financial Remedy,SOUTH WEST,4 Neither,2023-Q4,164,13.8,1.1
Financial Remedy,SOUTH WEST,4 Neither,2024-Q1,198,18.7,1.4
Financial Remedy,SOUTH WEST,4 Neither,2024-Q2,219,22.8,1.7
Financial Remedy,SOUTH WEST,4 Neither,2024-Q3,239,6.6,1.9
Financial Remedy,SOUTH WEST,4 Neither,2024-Q4,256,14.8,1.6
Financial Remedy,SOUTH WEST,4 Neither,2025-Q1,211,24,1.1
Financial Remedy,SOUTH WEST,4 Neither,2025-Q2,276,6.7,1.7
Financial Remedy,SOUTH WEST,4 Neither,2025-Q3,376,12.6,2.1
Financial Remedy,SOUTH WEST,4 Neither,2025-Q4,302,15.8,3
Financial Remedy,SOUTH WEST,5 Unknown,2011-Q1,1,0.6,0.6
Financial Remedy,SOUTH WEST,5 Unknown,2011-Q3,1,129,129
Financial Remedy,SOUTH WEST,5 Unknown,2012-Q2,1,41.7,41.7
Financial Remedy,SOUTH WEST,5 Unknown,2012-Q4,1,10.1,10.1
Financial Remedy,SOUTH WEST,5 Unknown,2013-Q1,1,2.7,2.7
Financial Remedy,SOUTH WEST,5 Unknown,2013-Q2,2,39.6,39.6
Financial Remedy,SOUTH WEST,5 Unknown,2013-Q3,4,4.6,0.7
Financial Remedy,SOUTH WEST,5 Unknown,2014-Q2,1,17.7,17.7
Financial Remedy,SOUTH WEST,5 Unknown,2014-Q3,1,49.9,49.9
Financial Remedy,SOUTH WEST,5 Unknown,2014-Q4,1,9.1,9.1
Financial Remedy,SOUTH WEST,5 Unknown,2015-Q1,1,30,30
Financial Remedy,SOUTH WEST,5 Unknown,2015-Q2,2,15.4,15.4
Financial Remedy,SOUTH WEST,5 Unknown,2015-Q3,1,0.9,0.9
Financial Remedy,SOUTH WEST,5 Unknown,2015-Q4,1,11.3,11.3
Financial Remedy,SOUTH WEST,5 Unknown,2016-Q1,1,3.9,3.9
Financial Remedy,SOUTH WEST,5 Unknown,2016-Q2,1,2,2
Financial Remedy,SOUTH WEST,5 Unknown,2016-Q4,1,14.7,14.7
Financial Remedy,SOUTH WEST,5 Unknown,2017-Q1,1,43,43
Financial Remedy,SOUTH WEST,5 Unknown,2017-Q3,1,12.9,12.9
Financial Remedy,SOUTH WEST,5 Unknown,2018-Q3,1,81.4,81.4
Financial Remedy,SOUTH WEST,5 Unknown,2018-Q4,1,16.6,16.6
Financial Remedy,SOUTH WEST,5 Unknown,2019-Q1,1,2,2
Financial Remedy,SOUTH WEST,5 Unknown,2020-Q3,1,1.3,1.3
Financial Remedy,SOUTH WEST,5 Unknown,2021-Q1,1,8.1,8.1
Financial Remedy,SOUTH WEST,5 Unknown,2022-Q2,1,76,76
Financial Remedy,WALES,1 Both,2011-Q1,395,26.9,8.1
Financial Remedy,WALES,1 Both,2011-Q2,347,34.2,17.6
Financial Remedy,WALES,1 Both,2011-Q3,393,25.3,6.7
Financial Remedy,WALES,1 Both,2011-Q4,393,27.4,7.1
Financial Remedy,WALES,1 Both,2012-Q1,355,23.2,4.6
Financial Remedy,WALES,1 Both,2012-Q2,374,29,6
Financial Remedy,WALES,1 Both,2012-Q3,345,23.1,6.9
Financial Remedy,WALES,1 Both,2012-Q4,339,27.3,7.1
Financial Remedy,WALES,1 Both,2013-Q1,346,22.1,6.8
Financial Remedy,WALES,1 Both,2013-Q2,384,27.1,5
Financial Remedy,WALES,1 Both,2013-Q3,419,22.7,4.9
Financial Remedy,WALES,1 Both,2013-Q4,391,27.4,9
Financial Remedy,WALES,1 Both,2014-Q1,344,29.2,11.2
Financial Remedy,WALES,1 Both,2014-Q2,331,29.5,8.7
Financial Remedy,WALES,1 Both,2014-Q3,357,26.1,9.1
Financial Remedy,WALES,1 Both,2014-Q4,292,29.9,8.1
Financial Remedy,WALES,1 Both,2015-Q1,281,25.4,2.9
Financial Remedy,WALES,1 Both,2015-Q2,302,27.2,3.4
Financial Remedy,WALES,1 Both,2015-Q3,278,28.8,6
Financial Remedy,WALES,1 Both,2015-Q4,261,22.4,5.3
Financial Remedy,WALES,1 Both,2016-Q1,257,20.5,7.3
Financial Remedy,WALES,1 Both,2016-Q2,261,23.6,6
Financial Remedy,WALES,1 Both,2016-Q3,277,24.9,7.3
Financial Remedy,WALES,1 Both,2016-Q4,295,25.1,6.1
Financial Remedy,WALES,1 Both,2017-Q1,296,26.1,5.4
Financial Remedy,WALES,1 Both,2017-Q2,296,21.3,4.9
Financial Remedy,WALES,1 Both,2017-Q3,283,28.8,5
Financial Remedy,WALES,1 Both,2017-Q4,251,26.9,3.3
Financial Remedy,WALES,1 Both,2018-Q1,250,30.7,16.5
Financial Remedy,WALES,1 Both,2018-Q2,295,29.6,4.9
Financial Remedy,WALES,1 Both,2018-Q3,268,25.9,3.8
Financial Remedy,WALES,1 Both,2018-Q4,296,27.4,12.7
Financial Remedy,WALES,1 Both,2019-Q1,289,24.3,12.6
Financial Remedy,WALES,1 Both,2019-Q2,308,31.9,8.2
Financial Remedy,WALES,1 Both,2019-Q3,288,21.1,2.3
Financial Remedy,WALES,1 Both,2019-Q4,310,24.7,5.1
Financial Remedy,WALES,1 Both,2020-Q1,336,30.9,9.2
Financial Remedy,WALES,1 Both,2020-Q2,214,22.9,4.7
Financial Remedy,WALES,1 Both,2020-Q3,310,25.8,9.7
Financial Remedy,WALES,1 Both,2020-Q4,280,29.9,11.7
Financial Remedy,WALES,1 Both,2021-Q1,296,28.4,7.5
Financial Remedy,WALES,1 Both,2021-Q2,375,29.3,3.9
Financial Remedy,WALES,1 Both,2021-Q3,285,30,4.4
Financial Remedy,WALES,1 Both,2021-Q4,291,25.8,3.7
Financial Remedy,WALES,1 Both,2022-Q1,234,30,1.6
Financial Remedy,WALES,1 Both,2022-Q2,172,28.1,1
Financial Remedy,WALES,1 Both,2022-Q3,187,16.7,0.7
Financial Remedy,WALES,1 Both,2022-Q4,194,19.4,1.1
Financial Remedy,WALES,1 Both,2023-Q1,203,22.1,1.1
Financial Remedy,WALES,1 Both,2023-Q2,185,36,2
Financial Remedy,WALES,1 Both,2023-Q3,249,16.1,2.4
Financial Remedy,WALES,1 Both,2023-Q4,179,20.3,2.3
Financial Remedy,WALES,1 Both,2024-Q1,173,17,1.9
Financial Remedy,WALES,1 Both,2024-Q2,228,18.8,2.1
Financial Remedy,WALES,1 Both,2024-Q3,212,18,1.7
Financial Remedy,WALES,1 Both,2024-Q4,219,19.8,2
Financial Remedy,WALES,1 Both,2025-Q1,199,14.1,2
Financial Remedy,WALES,1 Both,2025-Q2,206,15.1,2.3
Financial Remedy,WALES,1 Both,2025-Q3,194,10.7,1
Financial Remedy,WALES,1 Both,2025-Q4,228,22.8,2.9
Financial Remedy,WALES,2 Petitioner Only,2011-Q1,211,11.5,1.9
Financial Remedy,WALES,2 Petitioner Only,2011-Q2,225,14.7,3.1
Financial Remedy,WALES,2 Petitioner Only,2011-Q3,252,13.5,1
Financial Remedy,WALES,2 Petitioner Only,2011-Q4,212,16.9,1.7
Financial Remedy,WALES,2 Petitioner Only,2012-Q1,243,14.7,1.6
Financial Remedy,WALES,2 Petitioner Only,2012-Q2,213,17.2,1.4
Financial Remedy,WALES,2 Petitioner Only,2012-Q3,217,18,2.7
Financial Remedy,WALES,2 Petitioner Only,2012-Q4,228,11.5,1.1
Financial Remedy,WALES,2 Petitioner Only,2013-Q1,227,15.1,3.1
Financial Remedy,WALES,2 Petitioner Only,2013-Q2,222,26.1,1.5
Financial Remedy,WALES,2 Petitioner Only,2013-Q3,233,21.6,2.7
Financial Remedy,WALES,2 Petitioner Only,2013-Q4,230,21.3,2.1
Financial Remedy,WALES,2 Petitioner Only,2014-Q1,239,17.9,2
Financial Remedy,WALES,2 Petitioner Only,2014-Q2,197,18.7,2.7
Financial Remedy,WALES,2 Petitioner Only,2014-Q3,207,20.7,1.1
Financial Remedy,WALES,2 Petitioner Only,2014-Q4,192,17.8,2.7
Financial Remedy,WALES,2 Petitioner Only,2015-Q1,205,14.1,1.1
Financial Remedy,WALES,2 Petitioner Only,2015-Q2,226,17.6,1.1
Financial Remedy,WALES,2 Petitioner Only,2015-Q3,245,14.6,1.3
Financial Remedy,WALES,2 Petitioner Only,2015-Q4,198,15.4,0.9
Financial Remedy,WALES,2 Petitioner Only,2016-Q1,204,17.5,1.6
Financial Remedy,WALES,2 Petitioner Only,2016-Q2,195,19.2,2
Financial Remedy,WALES,2 Petitioner Only,2016-Q3,202,13.1,1.8
Financial Remedy,WALES,2 Petitioner Only,2016-Q4,220,15.8,1.6
Financial Remedy,WALES,2 Petitioner Only,2017-Q1,272,11.3,0.9
Financial Remedy,WALES,2 Petitioner Only,2017-Q2,265,12.1,1
Financial Remedy,WALES,2 Petitioner Only,2017-Q3,263,8.4,0.9
Financial Remedy,WALES,2 Petitioner Only,2017-Q4,250,11.8,0.4
Financial Remedy,WALES,2 Petitioner Only,2018-Q1,211,11.9,0.4
Financial Remedy,WALES,2 Petitioner Only,2018-Q2,196,17.5,0.6
Financial Remedy,WALES,2 Petitioner Only,2018-Q3,184,15,0.4
Financial Remedy,WALES,2 Petitioner Only,2018-Q4,231,11.5,0.4
Financial Remedy,WALES,2 Petitioner Only,2019-Q1,222,13,0.7
Financial Remedy,WALES,2 Petitioner Only,2019-Q2,228,12.2,0.9
Financial Remedy,WALES,2 Petitioner Only,2019-Q3,237,12.4,0.9
Financial Remedy,WALES,2 Petitioner Only,2019-Q4,215,23,3.1
Financial Remedy,WALES,2 Petitioner Only,2020-Q1,208,15.7,3.9
Financial Remedy,WALES,2 Petitioner Only,2020-Q2,179,17.4,3.1
Financial Remedy,WALES,2 Petitioner Only,2020-Q3,261,11.1,3.4
Financial Remedy,WALES,2 Petitioner Only,2020-Q4,219,14,1.4
Financial Remedy,WALES,2 Petitioner Only,2021-Q1,235,21,3.3
Financial Remedy,WALES,2 Petitioner Only,2021-Q2,301,13.7,2
Financial Remedy,WALES,2 Petitioner Only,2021-Q3,182,14.3,1.9
Financial Remedy,WALES,2 Petitioner Only,2021-Q4,194,12.5,2
Financial Remedy,WALES,2 Petitioner Only,2022-Q1,189,20.1,0.9
Financial Remedy,WALES,2 Petitioner Only,2022-Q2,169,15.4,1
Financial Remedy,WALES,2 Petitioner Only,2022-Q3,166,14.8,0.8
Financial Remedy,WALES,2 Petitioner Only,2022-Q4,153,14.2,0.9
Financial Remedy,WALES,2 Petitioner Only,2023-Q1,201,10.6,1
Financial Remedy,WALES,2 Petitioner Only,2023-Q2,183,21.1,1.6
Financial Remedy,WALES,2 Petitioner Only,2023-Q3,191,4.8,2.1
Financial Remedy,WALES,2 Petitioner Only,2023-Q4,211,9.7,2
Financial Remedy,WALES,2 Petitioner Only,2024-Q1,178,15.8,1.9
Financial Remedy,WALES,2 Petitioner Only,2024-Q2,228,6.6,1.7
Financial Remedy,WALES,2 Petitioner Only,2024-Q3,213,12,1.9
Financial Remedy,WALES,2 Petitioner Only,2024-Q4,203,19.8,1.7
Financial Remedy,WALES,2 Petitioner Only,2025-Q1,238,6.7,1.6
Financial Remedy,WALES,2 Petitioner Only,2025-Q2,239,8.1,2.1
Financial Remedy,WALES,2 Petitioner Only,2025-Q3,212,11.3,1
Financial Remedy,WALES,2 Petitioner Only,2025-Q4,178,7.7,2.6
Financial Remedy,WALES,3 Respondent Only,2011-Q1,27,44.5,24.1
Financial Remedy,WALES,3 Respondent Only,2011-Q2,30,32.6,20.7
Financial Remedy,WALES,3 Respondent Only,2011-Q3,20,48.5,29.8
Financial Remedy,WALES,3 Respondent Only,2011-Q4,24,27,14.2
Financial Remedy,WALES,3 Respondent Only,2012-Q1,21,40.1,28.7
Financial Remedy,WALES,3 Respondent Only,2012-Q2,40,50.6,17.2
Financial Remedy,WALES,3 Respondent Only,2012-Q3,28,47.2,21.3
Financial Remedy,WALES,3 Respondent Only,2012-Q4,20,25.9,7.9
Financial Remedy,WALES,3 Respondent Only,2013-Q1,32,70.6,30.9
Financial Remedy,WALES,3 Respondent Only,2013-Q2,40,26,16.5
Financial Remedy,WALES,3 Respondent Only,2013-Q3,43,48.2,18.3
Financial Remedy,WALES,3 Respondent Only,2013-Q4,26,20.6,2.8
Financial Remedy,WALES,3 Respondent Only,2014-Q1,32,43.5,24
Financial Remedy,WALES,3 Respondent Only,2014-Q2,28,35.5,8.7
Financial Remedy,WALES,3 Respondent Only,2014-Q3,35,51,20.6
Financial Remedy,WALES,3 Respondent Only,2014-Q4,24,26.9,8.9
Financial Remedy,WALES,3 Respondent Only,2015-Q1,30,23.2,13.5
Financial Remedy,WALES,3 Respondent Only,2015-Q2,22,18.1,12.3
Financial Remedy,WALES,3 Respondent Only,2015-Q3,29,61.8,3.3
Financial Remedy,WALES,3 Respondent Only,2015-Q4,36,50.8,16.3
Financial Remedy,WALES,3 Respondent Only,2016-Q1,27,40.9,23.3
Financial Remedy,WALES,3 Respondent Only,2016-Q2,33,28.8,3.1
Financial Remedy,WALES,3 Respondent Only,2016-Q3,35,24,4.3
Financial Remedy,WALES,3 Respondent Only,2016-Q4,38,42.8,8.4
Financial Remedy,WALES,3 Respondent Only,2017-Q1,28,41.1,1
Financial Remedy,WALES,3 Respondent Only,2017-Q2,40,46,3.7
Financial Remedy,WALES,3 Respondent Only,2017-Q3,34,38.5,13.5
Financial Remedy,WALES,3 Respondent Only,2017-Q4,32,25.7,16.7
Financial Remedy,WALES,3 Respondent Only,2018-Q1,28,40.3,3.6
Financial Remedy,WALES,3 Respondent Only,2018-Q2,25,13.4,6.7
Financial Remedy,WALES,3 Respondent Only,2018-Q3,24,31.4,12.1
Financial Remedy,WALES,3 Respondent Only,2018-Q4,27,70.8,8.1
Financial Remedy,WALES,3 Respondent Only,2019-Q1,29,67.1,19.7
Financial Remedy,WALES,3 Respondent Only,2019-Q2,32,63.5,10.9
Financial Remedy,WALES,3 Respondent Only,2019-Q3,22,32.7,1.7
Financial Remedy,WALES,3 Respondent Only,2019-Q4,28,81.4,22.1
Financial Remedy,WALES,3 Respondent Only,2020-Q1,35,34.7,8
Financial Remedy,WALES,3 Respondent Only,2020-Q2,19,51.4,41.1
Financial Remedy,WALES,3 Respondent Only,2020-Q3,22,23.2,18
Financial Remedy,WALES,3 Respondent Only,2020-Q4,27,96.7,37.3
Financial Remedy,WALES,3 Respondent Only,2021-Q1,17,70.2,34.9
Financial Remedy,WALES,3 Respondent Only,2021-Q2,20,98.1,50.6
Financial Remedy,WALES,3 Respondent Only,2021-Q3,20,71.3,36
Financial Remedy,WALES,3 Respondent Only,2021-Q4,17,86.4,30
Financial Remedy,WALES,3 Respondent Only,2022-Q1,28,124.8,37.6
Financial Remedy,WALES,3 Respondent Only,2022-Q2,15,88,62.9
Financial Remedy,WALES,3 Respondent Only,2022-Q3,11,85.8,41.1
Financial Remedy,WALES,3 Respondent Only,2022-Q4,6,80,55.9
Financial Remedy,WALES,3 Respondent Only,2023-Q1,8,127.5,61.6
Financial Remedy,WALES,3 Respondent Only,2023-Q2,7,91.3,114.4
Financial Remedy,WALES,3 Respondent Only,2023-Q3,10,93.3,2.8
Financial Remedy,WALES,3 Respondent Only,2023-Q4,8,38,19.9
Financial Remedy,WALES,3 Respondent Only,2024-Q1,8,32.1,9.3
Financial Remedy,WALES,3 Respondent Only,2024-Q2,7,79.8,38.3
Financial Remedy,WALES,3 Respondent Only,2024-Q3,9,153.3,44
Financial Remedy,WALES,3 Respondent Only,2024-Q4,7,118.5,24
Financial Remedy,WALES,3 Respondent Only,2025-Q1,12,60.5,15.5
Financial Remedy,WALES,3 Respondent Only,2025-Q2,6,87.3,51.5
Financial Remedy,WALES,3 Respondent Only,2025-Q3,10,53.7,23.5
Financial Remedy,WALES,3 Respondent Only,2025-Q4,4,24.3,13.7
Financial Remedy,WALES,4 Neither,2011-Q1,35,48.6,6
Financial Remedy,WALES,4 Neither,2011-Q2,42,30.7,4.9
Financial Remedy,WALES,4 Neither,2011-Q3,30,31,12.9
Financial Remedy,WALES,4 Neither,2011-Q4,45,47.1,4.6
Financial Remedy,WALES,4 Neither,2012-Q1,32,30.8,5.7
Financial Remedy,WALES,4 Neither,2012-Q2,25,24.9,4.4
Financial Remedy,WALES,4 Neither,2012-Q3,28,23.2,2.7
Financial Remedy,WALES,4 Neither,2012-Q4,42,29.6,2.1
Financial Remedy,WALES,4 Neither,2013-Q1,42,21,4.4
Financial Remedy,WALES,4 Neither,2013-Q2,35,42.8,2
Financial Remedy,WALES,4 Neither,2013-Q3,28,39.3,1.7
Financial Remedy,WALES,4 Neither,2013-Q4,43,44.7,4.7
Financial Remedy,WALES,4 Neither,2014-Q1,35,48.5,28.6
Financial Remedy,WALES,4 Neither,2014-Q2,41,27.9,5.4
Financial Remedy,WALES,4 Neither,2014-Q3,50,37.8,4.1
Financial Remedy,WALES,4 Neither,2014-Q4,44,36.9,2.8
Financial Remedy,WALES,4 Neither,2015-Q1,39,29.1,3.7
Financial Remedy,WALES,4 Neither,2015-Q2,41,59.8,4.7
Financial Remedy,WALES,4 Neither,2015-Q3,46,47.3,3.2
Financial Remedy,WALES,4 Neither,2015-Q4,42,28.9,3.4
Financial Remedy,WALES,4 Neither,2016-Q1,68,36.9,2.2
Financial Remedy,WALES,4 Neither,2016-Q2,62,20.1,2.7
Financial Remedy,WALES,4 Neither,2016-Q3,96,10.2,1.4
Financial Remedy,WALES,4 Neither,2016-Q4,92,12,1
Financial Remedy,WALES,4 Neither,2017-Q1,103,11.5,1
Financial Remedy,WALES,4 Neither,2017-Q2,66,32.4,1.4
Financial Remedy,WALES,4 Neither,2017-Q3,68,32,1.5
Financial Remedy,WALES,4 Neither,2017-Q4,57,18.6,0.4
Financial Remedy,WALES,4 Neither,2018-Q1,56,17.4,0.5
Financial Remedy,WALES,4 Neither,2018-Q2,42,30.1,2.1
Financial Remedy,WALES,4 Neither,2018-Q3,53,33.7,0.6
Financial Remedy,WALES,4 Neither,2018-Q4,33,20.7,0.9
Financial Remedy,WALES,4 Neither,2019-Q1,37,33.4,0.9
Financial Remedy,WALES,4 Neither,2019-Q2,43,65.2,10
Financial Remedy,WALES,4 Neither,2019-Q3,22,74,1.5
Financial Remedy,WALES,4 Neither,2019-Q4,27,63.7,6
Financial Remedy,WALES,4 Neither,2020-Q1,44,37.2,6
Financial Remedy,WALES,4 Neither,2020-Q2,20,32.9,4.1
Financial Remedy,WALES,4 Neither,2020-Q3,34,24.8,3.7
Financial Remedy,WALES,4 Neither,2020-Q4,43,31.2,1.9
Financial Remedy,WALES,4 Neither,2021-Q1,35,75.9,7.7
Financial Remedy,WALES,4 Neither,2021-Q2,54,44,2.5
Financial Remedy,WALES,4 Neither,2021-Q3,35,35.5,0.9
Financial Remedy,WALES,4 Neither,2021-Q4,51,56,1.3
Financial Remedy,WALES,4 Neither,2022-Q1,38,28.6,1.1
Financial Remedy,WALES,4 Neither,2022-Q2,27,27.9,0.6
Financial Remedy,WALES,4 Neither,2022-Q3,52,19.7,0.6
Financial Remedy,WALES,4 Neither,2022-Q4,37,15.2,0.9
Financial Remedy,WALES,4 Neither,2023-Q1,35,91.1,3.9
Financial Remedy,WALES,4 Neither,2023-Q2,68,32.7,1
Financial Remedy,WALES,4 Neither,2023-Q3,46,20.6,1
Financial Remedy,WALES,4 Neither,2023-Q4,37,46.3,2.4
Financial Remedy,WALES,4 Neither,2024-Q1,56,19.7,1.1
Financial Remedy,WALES,4 Neither,2024-Q2,48,5.5,1
Financial Remedy,WALES,4 Neither,2024-Q3,53,21.5,1.6
Financial Remedy,WALES,4 Neither,2024-Q4,76,34.5,1
Financial Remedy,WALES,4 Neither,2025-Q1,72,14.6,1
Financial Remedy,WALES,4 Neither,2025-Q2,85,6.9,1.3
Financial Remedy,WALES,4 Neither,2025-Q3,77,13.6,1.7
Financial Remedy,WALES,4 Neither,2025-Q4,74,33.9,2.5
Financial Remedy,WALES,5 Unknown,2011-Q1,1,167,167
Financial Remedy,WALES,5 Unknown,2012-Q1,1,0.9,0.9
Financial Remedy,WALES,5 Unknown,2015-Q1,1,15.1,15.1
Financial Remedy,WALES,5 Unknown,2015-Q4,1,0.7,0.7
Financial Remedy,WALES,5 Unknown,2016-Q1,1,50.7,50.7
Financial Remedy,WALES,5 Unknown,2016-Q4,1,46.4,46.4
Financial Remedy,WALES,5 Unknown,2018-Q1,1,0.6,0.6
Financial Remedy,WALES,5 Unknown,2020-Q4,2,88.2,88.2
Financial Remedy,WALES,5 Unknown,2021-Q3,1,4,4
Financial Remedy,,1 Both,2021-Q4,1,18,18
Financial Remedy,,1 Both,2022-Q2,2,41.5,41.5
Financial Remedy,,1 Both,2023-Q1,2,51.8,51.8
Financial Remedy,,1 Both,2023-Q3,5,36.1,37.6
Financial Remedy,,1 Both,2023-Q4,1,53.1,53.1
Financial Remedy,,1 Both,2024-Q1,4,55.5,52.5
Financial Remedy,,1 Both,2024-Q2,1,49.6,49.6
Financial Remedy,,1 Both,2024-Q3,3,76.7,68.9
Financial Remedy,,2 Petitioner Only,2021-Q3,1,78,78
Financial Remedy,,2 Petitioner Only,2022-Q2,1,35.1,35.1
Financial Remedy,,2 Petitioner Only,2023-Q4,3,31.9,24.9
Financial Remedy,,2 Petitioner Only,2024-Q1,1,87.1,87.1
Financial Remedy,,2 Petitioner Only,2024-Q2,1,97.9,97.9
Financial Remedy,,2 Petitioner Only,2024-Q3,1,35.1,35.1
Financial Remedy,,2 Petitioner Only,2024-Q4,2,114.2,114.2
Financial Remedy,,2 Petitioner Only,2025-Q1,1,145.7,145.7
Financial Remedy,,2 Petitioner Only,2025-Q2,2,95.1,95.1
Financial Remedy,,2 Petitioner Only,2025-Q3,1,164.4,164.4
Financial Remedy,,3 Respondent Only,2023-Q1,1,20.4,20.4
Financial Remedy,,3 Respondent Only,2023-Q2,2,32.4,32.4
Financial Remedy,,3 Respondent Only,2023-Q4,3,54.9,62
Financial Remedy,,3 Respondent Only,2024-Q1,2,79.4,79.4
Financial Remedy,,3 Respondent Only,2024-Q2,1,38,38
Financial Remedy,,3 Respondent Only,2024-Q3,4,69.1,67.5
Financial Remedy,,3 Respondent Only,2024-Q4,5,64.7,67.7
Financial Remedy,,3 Respondent Only,2025-Q1,2,75.5,75.5
Financial Remedy,,4 Neither,2022-Q4,2,18.1,18.1
Financial Remedy,,4 Neither,2023-Q1,3,39.8,41.3
Financial Remedy,,4 Neither,2023-Q3,4,45,46.8
Financial Remedy,,4 Neither,2023-Q4,1,37.9,37.9
Financial Remedy,,4 Neither,2024-Q1,6,57.2,63
Financial Remedy,,4 Neither,2024-Q2,3,45.4,52.4
Financial Remedy,,4 Neither,2024-Q3,7,61.4,56
Financial Remedy,,4 Neither,2024-Q4,7,67.3,51.1
Financial Remedy,,4 Neither,2025-Q1,5,64.9,50.3
Financial Remedy,,4 Neither,2025-Q2,2,83.2,83.2
Financial Remedy,,4 Neither,2025-Q4,1,125.9,125.9
Divorce (inc. Financial Remedy),WALES,3 Respondent Only,2011-Q1,50,25.9,
Divorce (inc. Financial Remedy),NORTH EAST,2 Petitioner Only,2011-Q1,1722,25.5,
Divorce (inc. Financial Remedy),NORTH WEST,4 Neither,2011-Q1,635,22.8,
Divorce (inc. Financial Remedy),MIDLANDS,2 Petitioner Only,2011-Q1,2111,27.7,
Divorce (inc. Financial Remedy),SOUTH WEST,4 Neither,2011-Q1,1085,19,
Divorce (inc. Financial Remedy),WALES,1 Both,2011-Q1,670,23.2,
Divorce (inc. Financial Remedy),WALES,4 Neither,2011-Q1,238,16.7,
Divorce (inc. Financial Remedy),SOUTH WEST,1 Both,2011-Q1,1409,21.7,
Divorce (inc. Financial Remedy),NORTH WEST,3 Respondent Only,2011-Q1,111,30.2,
Divorce (inc. Financial Remedy),MIDLANDS,All types,2011-Q1,5088,26.3,
Divorce (inc. Financial Remedy),SOUTH WEST,2 Petitioner Only,2011-Q1,2255,23.4,
Divorce (inc. Financial Remedy),MIDLANDS,1 Both,2011-Q1,1803,26.5,
Divorce (inc. Financial Remedy),NORTH WEST,2 Petitioner Only,2011-Q1,1465,27.2,
Divorce (inc. Financial Remedy),LONDON,4 Neither,2011-Q1,1504,29.9,
Divorce (inc. Financial Remedy),NORTH WEST,1 Both,2011-Q1,1231,28.2,
Divorce (inc. Financial Remedy),SOUTH EAST,4 Neither,2011-Q1,2044,22.3,
Divorce (inc. Financial Remedy),MIDLANDS,4 Neither,2011-Q1,1031,22.4,
Divorce (inc. Financial Remedy),NORTH EAST,3 Respondent Only,2011-Q1,101,28.8,
Divorce (inc. Financial Remedy),NORTH EAST,1 Both,2011-Q1,1505,25.2,
Divorce (inc. Financial Remedy),SOUTH WEST,3 Respondent Only,2011-Q1,157,25.4,
Divorce (inc. Financial Remedy),NORTH WEST,All types,2011-Q1,3442,26.8,
Divorce (inc. Financial Remedy),SOUTH EAST,All types,2011-Q1,6823,24.3,
Divorce (inc. Financial Remedy),NORTH EAST,4 Neither,2011-Q1,731,19.9,
Divorce (inc. Financial Remedy),SOUTH WEST,All types,2011-Q1,4906,22,
Divorce (inc. Financial Remedy),LONDON,All types,2011-Q1,4276,31.7,
Divorce (inc. Financial Remedy),WALES,All types,2011-Q1,1823,22.4,
Divorce (inc. Financial Remedy),NORTH EAST,All types,2011-Q1,4059,24.5,
Divorce (inc. Financial Remedy),LONDON,3 Respondent Only,2011-Q1,140,37.5,
Divorce (inc. Financial Remedy),SOUTH EAST,3 Respondent Only,2011-Q1,255,27.2,
Divorce (inc. Financial Remedy),LONDON,2 Petitioner Only,2011-Q1,1742,33.9,
Divorce (inc. Financial Remedy),SOUTH EAST,1 Both,2011-Q1,1957,23.8,
Divorce (inc. Financial Remedy),England & Wales,All types,2011-Q1,30417,25.5,
Divorce (inc. Financial Remedy),MIDLANDS,3 Respondent Only,2011-Q1,143,29.8,
Divorce (inc. Financial Remedy),England & Wales,4 Neither,2011-Q1,7268,23,
Divorce (inc. Financial Remedy),England & Wales,1 Both,2011-Q1,9465,25.3,
Divorce (inc. Financial Remedy),England & Wales,3 Respondent Only,2011-Q1,957,29.2,
Divorce (inc. Financial Remedy),LONDON,1 Both,2011-Q1,890,29.7,
Divorce (inc. Financial Remedy),WALES,2 Petitioner Only,2011-Q1,865,23.1,
Divorce (inc. Financial Remedy),England & Wales,2 Petitioner Only,2011-Q1,12727,26.8,
Divorce (inc. Financial Remedy),SOUTH EAST,2 Petitioner Only,2011-Q1,2567,25.9,
Divorce (inc. Financial Remedy),SOUTH WEST,3 Respondent Only,2011-Q2,117,24.4,
Divorce (inc. Financial Remedy),NORTH WEST,4 Neither,2011-Q2,752,21.5,
Divorce (inc. Financial Remedy),NORTH EAST,3 Respondent Only,2011-Q2,104,23.7,
Divorce (inc. Financial Remedy),SOUTH EAST,3 Respondent Only,2011-Q2,245,33.8,
Divorce (inc. Financial Remedy),SOUTH EAST,1 Both,2011-Q2,1807,23.7,
Divorce (inc. Financial Remedy),NORTH WEST,3 Respondent Only,2011-Q2,63,27.6,
Divorce (inc. Financial Remedy),LONDON,All types,2011-Q2,4216,31.1,
Divorce (inc. Financial Remedy),WALES,All types,2011-Q2,1718,21.3,
Divorce (inc. Financial Remedy),NORTH EAST,1 Both,2011-Q2,1395,23.7,
Divorce (inc. Financial Remedy),LONDON,4 Neither,2011-Q2,1570,26.7,
Divorce (inc. Financial Remedy),MIDLANDS,All types,2011-Q2,4632,26,
Divorce (inc. Financial Remedy),SOUTH EAST,4 Neither,2011-Q2,1989,20.5,
Divorce (inc. Financial Remedy),SOUTH WEST,All types,2011-Q2,4602,21.7,
Divorce (inc. Financial Remedy),SOUTH EAST,2 Petitioner Only,2011-Q2,2501,25.2,
Divorce (inc. Financial Remedy),SOUTH WEST,2 Petitioner Only,2011-Q2,2131,22,
Divorce (inc. Financial Remedy),NORTH WEST,2 Petitioner Only,2011-Q2,1532,29.8,
Divorce (inc. Financial Remedy),MIDLANDS,1 Both,2011-Q2,1537,25,
Divorce (inc. Financial Remedy),NORTH EAST,4 Neither,2011-Q2,775,20,
Divorce (inc. Financial Remedy),WALES,2 Petitioner Only,2011-Q2,788,21.9,
Divorce (inc. Financial Remedy),LONDON,1 Both,2011-Q2,790,29.3,
Divorce (inc. Financial Remedy),WALES,3 Respondent Only,2011-Q2,60,24.7,
Divorce (inc. Financial Remedy),NORTH EAST,All types,2011-Q2,3882,24.1,
Divorce (inc. Financial Remedy),MIDLANDS,3 Respondent Only,2011-Q2,130,26.3,
Divorce (inc. Financial Remedy),MIDLANDS,2 Petitioner Only,2011-Q2,1904,28.2,
Divorce (inc. Financial Remedy),NORTH WEST,1 Both,2011-Q2,1262,26.7,
Divorce (inc. Financial Remedy),SOUTH EAST,All types,2011-Q2,6542,23.7,
Divorce (inc. Financial Remedy),NORTH WEST,All types,2011-Q2,3609,26.9,
Divorce (inc. Financial Remedy),MIDLANDS,4 Neither,2011-Q2,1061,23.2,
Divorce (inc. Financial Remedy),WALES,4 Neither,2011-Q2,250,14.7,
Divorce (inc. Financial Remedy),LONDON,3 Respondent Only,2011-Q2,119,35.9,
Divorce (inc. Financial Remedy),England & Wales,All types,2011-Q2,29201,25.1,
Divorce (inc. Financial Remedy),England & Wales,3 Respondent Only,2011-Q2,838,29.3,
Divorce (inc. Financial Remedy),England & Wales,2 Petitioner Only,2011-Q2,12201,27.1,
Divorce (inc. Financial Remedy),England & Wales,4 Neither,2011-Q2,7454,22.1,
Divorce (inc. Financial Remedy),SOUTH WEST,1 Both,2011-Q2,1297,21.3,
Divorce (inc. Financial Remedy),LONDON,2 Petitioner Only,2011-Q2,1737,35.6,
Divorce (inc. Financial Remedy),SOUTH WEST,4 Neither,2011-Q2,1057,21.1,
Divorce (inc. Financial Remedy),England & Wales,1 Both,2011-Q2,8708,24.5,
Divorce (inc. Financial Remedy),WALES,1 Both,2011-Q2,620,22.9,
Divorce (inc. Financial Remedy),NORTH EAST,2 Petitioner Only,2011-Q2,1608,26.4,
Divorce (inc. Financial Remedy),SOUTH EAST,3 Respondent Only,2011-Q3,230,27.6,
Divorce (inc. Financial Remedy),SOUTH EAST,4 Neither,2011-Q3,2070,21.4,
Divorce (inc. Financial Remedy),SOUTH EAST,1 Both,2011-Q3,1855,24.1,
Divorce (inc. Financial Remedy),NORTH EAST,4 Neither,2011-Q3,854,18.2,
Divorce (inc. Financial Remedy),WALES,1 Both,2011-Q3,589,23.8,
Divorce (inc. Financial Remedy),NORTH WEST,1 Both,2011-Q3,1203,27.5,
Divorce (inc. Financial Remedy),MIDLANDS,3 Respondent Only,2011-Q3,147,31.5,
Divorce (inc. Financial Remedy),NORTH WEST,4 Neither,2011-Q3,803,24.9,
Divorce (inc. Financial Remedy),MIDLANDS,1 Both,2011-Q3,1764,28.3,
Divorce (inc. Financial Remedy),SOUTH WEST,3 Respondent Only,2011-Q3,164,24.1,
Divorce (inc. Financial Remedy),SOUTH EAST,All types,2011-Q3,6659,24.5,
Divorce (inc. Financial Remedy),MIDLANDS,All types,2011-Q3,5282,27.3,
Divorce (inc. Financial Remedy),SOUTH WEST,All types,2011-Q3,5366,20.5,
Divorce (inc. Financial Remedy),SOUTH EAST,2 Petitioner Only,2011-Q3,2504,27.2,
Divorce (inc. Financial Remedy),WALES,All types,2011-Q3,1743,23,
Divorce (inc. Financial Remedy),LONDON,4 Neither,2011-Q3,1578,26.6,
Divorce (inc. Financial Remedy),England & Wales,3 Respondent Only,2011-Q3,962,29.9,
Divorce (inc. Financial Remedy),SOUTH WEST,1 Both,2011-Q3,1452,21.2,
Divorce (inc. Financial Remedy),NORTH EAST,1 Both,2011-Q3,1462,24.7,
Divorce (inc. Financial Remedy),NORTH EAST,2 Petitioner Only,2011-Q3,1879,27,
Divorce (inc. Financial Remedy),WALES,4 Neither,2011-Q3,254,18.4,
Divorce (inc. Financial Remedy),NORTH WEST,3 Respondent Only,2011-Q3,115,29.6,
Divorce (inc. Financial Remedy),LONDON,All types,2011-Q3,4475,30.4,
Divorce (inc. Financial Remedy),WALES,2 Petitioner Only,2011-Q3,863,23.8,
Divorce (inc. Financial Remedy),MIDLANDS,4 Neither,2011-Q3,1180,23,
Divorce (inc. Financial Remedy),NORTH WEST,All types,2011-Q3,3663,27.2,
Divorce (inc. Financial Remedy),NORTH EAST,All types,2011-Q3,4330,24.6,
Divorce (inc. Financial Remedy),MIDLANDS,2 Petitioner Only,2011-Q3,2191,28.6,
Divorce (inc. Financial Remedy),LONDON,1 Both,2011-Q3,850,30.9,
Divorce (inc. Financial Remedy),England & Wales,All types,2011-Q3,31518,25.4,
Divorce (inc. Financial Remedy),LONDON,3 Respondent Only,2011-Q3,134,39.3,
Divorce (inc. Financial Remedy),NORTH EAST,3 Respondent Only,2011-Q3,135,32.2,
Divorce (inc. Financial Remedy),England & Wales,2 Petitioner Only,2011-Q3,13381,27,
Divorce (inc. Financial Remedy),WALES,3 Respondent Only,2011-Q3,37,22.4,
Divorce (inc. Financial Remedy),England & Wales,1 Both,2011-Q3,9175,25.6,
Divorce (inc. Financial Remedy),England & Wales,4 Neither,2011-Q3,8000,22,
Divorce (inc. Financial Remedy),SOUTH WEST,2 Petitioner Only,2011-Q3,2489,21.2,
Divorce (inc. Financial Remedy),SOUTH WEST,4 Neither,2011-Q3,1261,17.9,
Divorce (inc. Financial Remedy),LONDON,2 Petitioner Only,2011-Q3,1913,32.8,
Divorce (inc. Financial Remedy),NORTH WEST,2 Petitioner Only,2011-Q3,1542,28,
Divorce (inc. Financial Remedy),SOUTH EAST,3 Respondent Only,2011-Q4,267,30,
Divorce (inc. Financial Remedy),MIDLANDS,1 Both,2011-Q4,1499,26,
Divorce (inc. Financial Remedy),SOUTH WEST,4 Neither,2011-Q4,1225,17.5,
Divorce (inc. Financial Remedy),NORTH EAST,3 Respondent Only,2011-Q4,143,24.2,
Divorce (inc. Financial Remedy),WALES,1 Both,2011-Q4,626,23.4,
Divorce (inc. Financial Remedy),MIDLANDS,4 Neither,2011-Q4,1226,22.1,
Divorce (inc. Financial Remedy),LONDON,All types,2011-Q4,4501,32.2,
Divorce (inc. Financial Remedy),SOUTH EAST,All types,2011-Q4,7355,23.5,
Divorce (inc. Financial Remedy),NORTH EAST,All types,2011-Q4,4368,24.4,
Divorce (inc. Financial Remedy),MIDLANDS,All types,2011-Q4,4900,26.7,
Divorce (inc. Financial Remedy),NORTH EAST,1 Both,2011-Q4,1443,26.1,
Divorce (inc. Financial Remedy),SOUTH EAST,2 Petitioner Only,2011-Q4,2722,25.1,
Divorce (inc. Financial Remedy),MIDLANDS,2 Petitioner Only,2011-Q4,2041,29.5,
Divorce (inc. Financial Remedy),NORTH EAST,4 Neither,2011-Q4,934,19.7,
Divorce (inc. Financial Remedy),SOUTH WEST,1 Both,2011-Q4,1347,20.1,
Divorce (inc. Financial Remedy),NORTH WEST,4 Neither,2011-Q4,781,21,
Divorce (inc. Financial Remedy),NORTH WEST,2 Petitioner Only,2011-Q4,1528,30.2,
Divorce (inc. Financial Remedy),NORTH EAST,2 Petitioner Only,2011-Q4,1848,25.5,
Divorce (inc. Financial Remedy),WALES,4 Neither,2011-Q4,292,17.4,
Divorce (inc. Financial Remedy),LONDON,1 Both,2011-Q4,866,31.6,
Divorce (inc. Financial Remedy),NORTH WEST,3 Respondent Only,2011-Q4,94,34,
Divorce (inc. Financial Remedy),SOUTH WEST,2 Petitioner Only,2011-Q4,2122,20.6,
Divorce (inc. Financial Remedy),WALES,2 Petitioner Only,2011-Q4,838,23.2,
Divorce (inc. Financial Remedy),SOUTH WEST,All types,2011-Q4,4823,19.7,
Divorce (inc. Financial Remedy),LONDON,2 Petitioner Only,2011-Q4,1893,34.8,
Divorce (inc. Financial Remedy),SOUTH EAST,4 Neither,2011-Q4,2459,21.1,
Divorce (inc. Financial Remedy),LONDON,4 Neither,2011-Q4,1593,29.2,
Divorce (inc. Financial Remedy),MIDLANDS,3 Respondent Only,2011-Q4,134,34.1,
Divorce (inc. Financial Remedy),NORTH WEST,All types,2011-Q4,3581,27.3,
Divorce (inc. Financial Remedy),WALES,All types,2011-Q4,1796,22.4,
Divorce (inc. Financial Remedy),NORTH WEST,1 Both,2011-Q4,1178,27.3,
Divorce (inc. Financial Remedy),SOUTH EAST,1 Both,2011-Q4,1907,23.6,
Divorce (inc. Financial Remedy),England & Wales,All types,2011-Q4,31324,25.2,
Divorce (inc. Financial Remedy),SOUTH WEST,3 Respondent Only,2011-Q4,129,21.5,
Divorce (inc. Financial Remedy),LONDON,3 Respondent Only,2011-Q4,149,35.8,
Divorce (inc. Financial Remedy),WALES,3 Respondent Only,2011-Q4,40,28.2,
Divorce (inc. Financial Remedy),England & Wales,4 Neither,2011-Q4,8510,21.9,
Divorce (inc. Financial Remedy),England & Wales,3 Respondent Only,2011-Q4,956,29.8,
Divorce (inc. Financial Remedy),England & Wales,2 Petitioner Only,2011-Q4,12992,27,
Divorce (inc. Financial Remedy),England & Wales,1 Both,2011-Q4,8866,25.1,
Divorce (inc. Financial Remedy),SOUTH EAST,1 Both,2012-Q1,1715,23.6,
Divorce (inc. Financial Remedy),MIDLANDS,1 Both,2012-Q1,1691,26.1,
Divorce (inc. Financial Remedy),MIDLANDS,4 Neither,2012-Q1,1362,22.4,
Divorce (inc. Financial Remedy),NORTH EAST,1 Both,2012-Q1,1471,24.1,
Divorce (inc. Financial Remedy),SOUTH EAST,3 Respondent Only,2012-Q1,231,29.2,
Divorce (inc. Financial Remedy),LONDON,4 Neither,2012-Q1,1519,28.1,
Divorce (inc. Financial Remedy),LONDON,1 Both,2012-Q1,924,34.2,
Divorce (inc. Financial Remedy),LONDON,All types,2012-Q1,4483,32.7,
Divorce (inc. Financial Remedy),MIDLANDS,All types,2012-Q1,5362,26.4,
Divorce (inc. Financial Remedy),WALES,All types,2012-Q1,1784,21.7,
Divorce (inc. Financial Remedy),NORTH EAST,All types,2012-Q1,4432,24.1,
Divorce (inc. Financial Remedy),NORTH EAST,2 Petitioner Only,2012-Q1,1844,27.1,
Divorce (inc. Financial Remedy),NORTH EAST,4 Neither,2012-Q1,996,17.9,
Divorce (inc. Financial Remedy),MIDLANDS,2 Petitioner Only,2012-Q1,2129,28.7,
Divorce (inc. Financial Remedy),SOUTH WEST,2 Petitioner Only,2012-Q1,1960,22.6,
Divorce (inc. Financial Remedy),SOUTH WEST,All types,2012-Q1,4503,21.2,
Divorce (inc. Financial Remedy),MIDLANDS,3 Respondent Only,2012-Q1,180,31.8,
Divorce (inc. Financial Remedy),NORTH WEST,3 Respondent Only,2012-Q1,102,31,
Divorce (inc. Financial Remedy),SOUTH EAST,All types,2012-Q1,6796,23.8,
Divorce (inc. Financial Remedy),NORTH WEST,All types,2012-Q1,3900,26.6,
Divorce (inc. Financial Remedy),NORTH WEST,1 Both,2012-Q1,1260,25.7,
Divorce (inc. Financial Remedy),NORTH WEST,4 Neither,2012-Q1,880,22.5,
Divorce (inc. Financial Remedy),WALES,3 Respondent Only,2012-Q1,47,24.2,
Divorce (inc. Financial Remedy),WALES,4 Neither,2012-Q1,293,17.2,
Divorce (inc. Financial Remedy),SOUTH EAST,2 Petitioner Only,2012-Q1,2504,26.2,
Divorce (inc. Financial Remedy),SOUTH WEST,4 Neither,2012-Q1,1169,18,
Divorce (inc. Financial Remedy),LONDON,2 Petitioner Only,2012-Q1,1890,35.2,
Divorce (inc. Financial Remedy),WALES,1 Both,2012-Q1,644,22.9,
Divorce (inc. Financial Remedy),SOUTH WEST,1 Both,2012-Q1,1209,21.7,
Divorce (inc. Financial Remedy),England & Wales,All types,2012-Q1,31260,25.4,
Divorce (inc. Financial Remedy),NORTH EAST,3 Respondent Only,2012-Q1,121,28.9,
Divorce (inc. Financial Remedy),LONDON,3 Respondent Only,2012-Q1,150,39.5,
Divorce (inc. Financial Remedy),England & Wales,3 Respondent Only,2012-Q1,996,30.2,
Divorce (inc. Financial Remedy),England & Wales,1 Both,2012-Q1,8914,25.2,
Divorce (inc. Financial Remedy),England & Wales,2 Petitioner Only,2012-Q1,12785,27.7,
Divorce (inc. Financial Remedy),England & Wales,4 Neither,2012-Q1,8565,21.6,
Divorce (inc. Financial Remedy),SOUTH WEST,3 Respondent Only,2012-Q1,165,23.4,
Divorce (inc. Financial Remedy),NORTH WEST,2 Petitioner Only,2012-Q1,1658,29.1,
Divorce (inc. Financial Remedy),WALES,2 Petitioner Only,2012-Q1,800,22.3,
Divorce (inc. Financial Remedy),SOUTH EAST,4 Neither,2012-Q1,2346,20.7,
Divorce (inc. Financial Remedy),LONDON,3 Respondent Only,2012-Q2,142,38.3,
Divorce (inc. Financial Remedy),LONDON,4 Neither,2012-Q2,1625,26.3,
Divorce (inc. Financial Remedy),NORTH WEST,4 Neither,2012-Q2,912,20.9,
Divorce (inc. Financial Remedy),WALES,2 Petitioner Only,2012-Q2,828,22.5,
Divorce (inc. Financial Remedy),LONDON,2 Petitioner Only,2012-Q2,1719,36.1,
Divorce (inc. Financial Remedy),NORTH WEST,1 Both,2012-Q2,1166,24.6,
Divorce (inc. Financial Remedy),WALES,4 Neither,2012-Q2,312,19.6,
Divorce (inc. Financial Remedy),SOUTH WEST,All types,2012-Q2,4815,20.5,
Divorce (inc. Financial Remedy),MIDLANDS,4 Neither,2012-Q2,1393,21.9,
Divorce (inc. Financial Remedy),NORTH EAST,1 Both,2012-Q2,1368,23,
Divorce (inc. Financial Remedy),NORTH EAST,2 Petitioner Only,2012-Q2,1730,26.9,
Divorce (inc. Financial Remedy),MIDLANDS,1 Both,2012-Q2,1641,25.9,
Divorce (inc. Financial Remedy),NORTH EAST,4 Neither,2012-Q2,970,18.2,
Divorce (inc. Financial Remedy),SOUTH WEST,1 Both,2012-Q2,1264,20.5,
Divorce (inc. Financial Remedy),SOUTH WEST,2 Petitioner Only,2012-Q2,2103,21.1,
Divorce (inc. Financial Remedy),England & Wales,3 Respondent Only,2012-Q2,1015,28.8,
Divorce (inc. Financial Remedy),LONDON,1 Both,2012-Q2,737,34,
Divorce (inc. Financial Remedy),SOUTH EAST,4 Neither,2012-Q2,2344,20.4,
Divorce (inc. Financial Remedy),SOUTH WEST,3 Respondent Only,2012-Q2,164,26.1,
Divorce (inc. Financial Remedy),NORTH WEST,3 Respondent Only,2012-Q2,104,24.4,
Divorce (inc. Financial Remedy),NORTH EAST,3 Respondent Only,2012-Q2,114,28.9,
Divorce (inc. Financial Remedy),WALES,3 Respondent Only,2012-Q2,62,24.7,
Divorce (inc. Financial Remedy),LONDON,All types,2012-Q2,4223,32.1,
Divorce (inc. Financial Remedy),NORTH WEST,2 Petitioner Only,2012-Q2,1574,29.6,
Divorce (inc. Financial Remedy),MIDLANDS,All types,2012-Q2,5335,26.4,
Divorce (inc. Financial Remedy),NORTH EAST,All types,2012-Q2,4182,23.7,
Divorce (inc. Financial Remedy),SOUTH EAST,1 Both,2012-Q2,1681,22.6,
Divorce (inc. Financial Remedy),NORTH WEST,All types,2012-Q2,3756,25.8,
Divorce (inc. Financial Remedy),WALES,All types,2012-Q2,1837,22.1,
Divorce (inc. Financial Remedy),SOUTH EAST,All types,2012-Q2,6714,22.4,
Divorce (inc. Financial Remedy),WALES,1 Both,2012-Q2,635,22.7,
Divorce (inc. Financial Remedy),MIDLANDS,3 Respondent Only,2012-Q2,172,28.9,
Divorce (inc. Financial Remedy),SOUTH EAST,2 Petitioner Only,2012-Q2,2432,23.7,
Divorce (inc. Financial Remedy),England & Wales,All types,2012-Q2,30862,24.7,
Divorce (inc. Financial Remedy),SOUTH EAST,3 Respondent Only,2012-Q2,257,28,
Divorce (inc. Financial Remedy),England & Wales,4 Neither,2012-Q2,8840,21.2,
Divorce (inc. Financial Remedy),England & Wales,2 Petitioner Only,2012-Q2,12515,27.1,
Divorce (inc. Financial Remedy),England & Wales,1 Both,2012-Q2,8492,24.3,
Divorce (inc. Financial Remedy),MIDLANDS,2 Petitioner Only,2012-Q2,2129,29.5,
Divorce (inc. Financial Remedy),SOUTH WEST,4 Neither,2012-Q2,1284,18.6,
Divorce (inc. Financial Remedy),NORTH EAST,3 Respondent Only,2012-Q3,110,28.2,
Divorce (inc. Financial Remedy),NORTH WEST,2 Petitioner Only,2012-Q3,1521,27.5,
Divorce (inc. Financial Remedy),MIDLANDS,1 Both,2012-Q3,1655,26.2,
Divorce (inc. Financial Remedy),NORTH WEST,3 Respondent Only,2012-Q3,92,27.7,
Divorce (inc. Financial Remedy),WALES,4 Neither,2012-Q3,271,18,
Divorce (inc. Financial Remedy),SOUTH WEST,4 Neither,2012-Q3,1371,17.2,
Divorce (inc. Financial Remedy),SOUTH WEST,1 Both,2012-Q3,1214,20.8,
Divorce (inc. Financial Remedy),LONDON,4 Neither,2012-Q3,1659,25.1,
Divorce (inc. Financial Remedy),NORTH EAST,4 Neither,2012-Q3,1031,18,
Divorce (inc. Financial Remedy),LONDON,2 Petitioner Only,2012-Q3,1849,33.4,
Divorce (inc. Financial Remedy),WALES,1 Both,2012-Q3,591,21.4,
Divorce (inc. Financial Remedy),SOUTH EAST,2 Petitioner Only,2012-Q3,2441,25.3,
Divorce (inc. Financial Remedy),SOUTH WEST,3 Respondent Only,2012-Q3,167,24.5,
Divorce (inc. Financial Remedy),NORTH EAST,All types,2012-Q3,4279,23.5,
Divorce (inc. Financial Remedy),MIDLANDS,All types,2012-Q3,5480,26.3,
Divorce (inc. Financial Remedy),LONDON,All types,2012-Q3,4500,29.6,
Divorce (inc. Financial Remedy),SOUTH EAST,All types,2012-Q3,6821,22.8,
Divorce (inc. Financial Remedy),NORTH WEST,4 Neither,2012-Q3,887,20.5,
Divorce (inc. Financial Remedy),WALES,All types,2012-Q3,1697,20.8,
Divorce (inc. Financial Remedy),SOUTH WEST,All types,2012-Q3,4834,19.9,
Divorce (inc. Financial Remedy),NORTH WEST,All types,2012-Q3,3566,25,
Divorce (inc. Financial Remedy),MIDLANDS,4 Neither,2012-Q3,1437,22.9,
Divorce (inc. Financial Remedy),SOUTH WEST,2 Petitioner Only,2012-Q3,2082,20.8,
Divorce (inc. Financial Remedy),SOUTH EAST,3 Respondent Only,2012-Q3,260,22.7,
Divorce (inc. Financial Remedy),LONDON,3 Respondent Only,2012-Q3,139,36.6,
Divorce (inc. Financial Remedy),NORTH EAST,2 Petitioner Only,2012-Q3,1746,25.8,
Divorce (inc. Financial Remedy),SOUTH EAST,4 Neither,2012-Q3,2476,19.8,
Divorce (inc. Financial Remedy),NORTH WEST,1 Both,2012-Q3,1066,25.1,
Divorce (inc. Financial Remedy),LONDON,1 Both,2012-Q3,853,29.2,
Divorce (inc. Financial Remedy),WALES,2 Petitioner Only,2012-Q3,796,21.2,
Divorce (inc. Financial Remedy),MIDLANDS,2 Petitioner Only,2012-Q3,2215,28.5,
Divorce (inc. Financial Remedy),MIDLANDS,3 Respondent Only,2012-Q3,173,25.8,
Divorce (inc. Financial Remedy),England & Wales,All types,2012-Q3,31177,24.2,
Divorce (inc. Financial Remedy),WALES,3 Respondent Only,2012-Q3,39,24.6,
Divorce (inc. Financial Remedy),England & Wales,2 Petitioner Only,2012-Q3,12650,26.4,
Divorce (inc. Financial Remedy),England & Wales,1 Both,2012-Q3,8415,24.4,
Divorce (inc. Financial Remedy),England & Wales,3 Respondent Only,2012-Q3,980,26.7,
Divorce (inc. Financial Remedy),SOUTH EAST,1 Both,2012-Q3,1644,23.6,
Divorce (inc. Financial Remedy),England & Wales,4 Neither,2012-Q3,9132,20.7,
Divorce (inc. Financial Remedy),NORTH EAST,1 Both,2012-Q3,1392,24.2,
Divorce (inc. Financial Remedy),MIDLANDS,2 Petitioner Only,2012-Q4,2024,28.7,
Divorce (inc. Financial Remedy),SOUTH WEST,4 Neither,2012-Q4,1507,15.9,
Divorce (inc. Financial Remedy),SOUTH WEST,1 Both,2012-Q4,1232,18.9,
Divorce (inc. Financial Remedy),NORTH EAST,3 Respondent Only,2012-Q4,118,28.7,
Divorce (inc. Financial Remedy),SOUTH EAST,4 Neither,2012-Q4,2285,21.4,
Divorce (inc. Financial Remedy),NORTH EAST,4 Neither,2012-Q4,929,17.3,
Divorce (inc. Financial Remedy),WALES,1 Both,2012-Q4,558,21.1,
Divorce (inc. Financial Remedy),SOUTH WEST,3 Respondent Only,2012-Q4,154,19.7,
Divorce (inc. Financial Remedy),NORTH WEST,2 Petitioner Only,2012-Q4,1518,27.7,
Divorce (inc. Financial Remedy),WALES,3 Respondent Only,2012-Q4,47,21.6,
Divorce (inc. Financial Remedy),WALES,All types,2012-Q4,1658,20.6,
Divorce (inc. Financial Remedy),MIDLANDS,All types,2012-Q4,4947,25.8,
Divorce (inc. Financial Remedy),NORTH EAST,All types,2012-Q4,3967,23.1,
Divorce (inc. Financial Remedy),SOUTH EAST,2 Petitioner Only,2012-Q4,2156,24.9,
Divorce (inc. Financial Remedy),SOUTH EAST,All types,2012-Q4,6276,23.1,
Divorce (inc. Financial Remedy),SOUTH WEST,All types,2012-Q4,4751,18.9,
Divorce (inc. Financial Remedy),WALES,2 Petitioner Only,2012-Q4,749,21.1,
Divorce (inc. Financial Remedy),NORTH WEST,4 Neither,2012-Q4,943,19.4,
Divorce (inc. Financial Remedy),NORTH EAST,2 Petitioner Only,2012-Q4,1616,26.1,
Divorce (inc. Financial Remedy),WALES,4 Neither,2012-Q4,304,18.2,
Divorce (inc. Financial Remedy),LONDON,1 Both,2012-Q4,790,30.3,
Divorce (inc. Financial Remedy),MIDLANDS,3 Respondent Only,2012-Q4,144,35.4,
Divorce (inc. Financial Remedy),LONDON,All types,2012-Q4,4101,31,
Divorce (inc. Financial Remedy),NORTH EAST,1 Both,2012-Q4,1304,23.1,
Divorce (inc. Financial Remedy),MIDLANDS,4 Neither,2012-Q4,1334,22.1,
Divorce (inc. Financial Remedy),SOUTH EAST,1 Both,2012-Q4,1599,22,
Divorce (inc. Financial Remedy),NORTH WEST,1 Both,2012-Q4,1091,23.7,
Divorce (inc. Financial Remedy),NORTH WEST,All types,2012-Q4,3640,24.3,
Divorce (inc. Financial Remedy),MIDLANDS,1 Both,2012-Q4,1445,24.1,
Divorce (inc. Financial Remedy),SOUTH EAST,3 Respondent Only,2012-Q4,236,29.3,
Divorce (inc. Financial Remedy),LONDON,4 Neither,2012-Q4,1566,29.2,
Divorce (inc. Financial Remedy),England & Wales,All types,2012-Q4,29340,24,
Divorce (inc. Financial Remedy),NORTH WEST,3 Respondent Only,2012-Q4,88,24.1,
Divorce (inc. Financial Remedy),England & Wales,2 Petitioner Only,2012-Q4,11522,26.3,
Divorce (inc. Financial Remedy),LONDON,3 Respondent Only,2012-Q4,144,35.1,
Divorce (inc. Financial Remedy),England & Wales,1 Both,2012-Q4,8019,23.1,
Divorce (inc. Financial Remedy),England & Wales,3 Respondent Only,2012-Q4,931,28.6,
Divorce (inc. Financial Remedy),England & Wales,4 Neither,2012-Q4,8868,21.2,
Divorce (inc. Financial Remedy),LONDON,2 Petitioner Only,2012-Q4,1601,32.7,
Divorce (inc. Financial Remedy),SOUTH WEST,2 Petitioner Only,2012-Q4,1858,21.2,
Divorce (inc. Financial Remedy),MIDLANDS,1 Both,2013-Q1,1389,25,
Divorce (inc. Financial Remedy),NORTH WEST,4 Neither,2013-Q1,775,18.9,
Divorce (inc. Financial Remedy),WALES,4 Neither,2013-Q1,292,16.5,
Divorce (inc. Financial Remedy),NORTH EAST,4 Neither,2013-Q1,851,18.8,
Divorce (inc. Financial Remedy),SOUTH WEST,1 Both,2013-Q1,1075,19.4,
Divorce (inc. Financial Remedy),LONDON,4 Neither,2013-Q1,1522,27.1,
Divorce (inc. Financial Remedy),SOUTH WEST,4 Neither,2013-Q1,1498,17,
Divorce (inc. Financial Remedy),LONDON,1 Both,2013-Q1,737,32.2,
Divorce (inc. Financial Remedy),MIDLANDS,2 Petitioner Only,2013-Q1,1947,27.9,
Divorce (inc. Financial Remedy),SOUTH EAST,3 Respondent Only,2013-Q1,223,27.3,
Divorce (inc. Financial Remedy),NORTH EAST,All types,2013-Q1,3658,23.7,
Divorce (inc. Financial Remedy),MIDLANDS,3 Respondent Only,2013-Q1,165,27.9,
Divorce (inc. Financial Remedy),MIDLANDS,All types,2013-Q1,4837,25.3,
Divorce (inc. Financial Remedy),NORTH EAST,2 Petitioner Only,2013-Q1,1557,25.3,
Divorce (inc. Financial Remedy),LONDON,2 Petitioner Only,2013-Q1,1510,33.4,
Divorce (inc. Financial Remedy),SOUTH WEST,2 Petitioner Only,2013-Q1,1703,23,
Divorce (inc. Financial Remedy),MIDLANDS,4 Neither,2013-Q1,1336,21.6,
Divorce (inc. Financial Remedy),SOUTH EAST,4 Neither,2013-Q1,2325,20,
Divorce (inc. Financial Remedy),SOUTH WEST,3 Respondent Only,2013-Q1,157,22,
Divorce (inc. Financial Remedy),WALES,2 Petitioner Only,2013-Q1,563,24.9,
Divorce (inc. Financial Remedy),NORTH WEST,3 Respondent Only,2013-Q1,84,22.3,
Divorce (inc. Financial Remedy),WALES,3 Respondent Only,2013-Q1,65,19.9,
Divorce (inc. Financial Remedy),SOUTH EAST,2 Petitioner Only,2013-Q1,2264,23,
Divorce (inc. Financial Remedy),LONDON,All types,2013-Q1,3896,30.8,
Divorce (inc. Financial Remedy),NORTH WEST,2 Petitioner Only,2013-Q1,1404,28.1,
Divorce (inc. Financial Remedy),SOUTH WEST,All types,2013-Q1,4433,20.1,
Divorce (inc. Financial Remedy),WALES,All types,2013-Q1,1437,21.5,
Divorce (inc. Financial Remedy),WALES,1 Both,2013-Q1,517,20.9,
Divorce (inc. Financial Remedy),NORTH EAST,1 Both,2013-Q1,1141,24.5,
Divorce (inc. Financial Remedy),SOUTH EAST,1 Both,2013-Q1,1591,22.2,
Divorce (inc. Financial Remedy),NORTH WEST,All types,2013-Q1,3225,25,
Divorce (inc. Financial Remedy),SOUTH EAST,All types,2013-Q1,6403,21.8,
Divorce (inc. Financial Remedy),LONDON,3 Respondent Only,2013-Q1,127,35.5,
Divorce (inc. Financial Remedy),England & Wales,All types,2013-Q1,27889,24,
Divorce (inc. Financial Remedy),NORTH EAST,3 Respondent Only,2013-Q1,109,30.1,
Divorce (inc. Financial Remedy),England & Wales,1 Both,2013-Q1,7412,24,
Divorce (inc. Financial Remedy),NORTH WEST,1 Both,2013-Q1,962,25.6,
Divorce (inc. Financial Remedy),England & Wales,4 Neither,2013-Q1,8599,20.6,
Divorce (inc. Financial Remedy),England & Wales,3 Respondent Only,2013-Q1,930,27,
Divorce (inc. Financial Remedy),England & Wales,2 Petitioner Only,2013-Q1,10948,26.4,
Divorce (inc. Financial Remedy),LONDON,2 Petitioner Only,2013-Q2,1687,38.5,
Divorce (inc. Financial Remedy),SOUTH EAST,3 Respondent Only,2013-Q2,244,23.9,
Divorce (inc. Financial Remedy),MIDLANDS,3 Respondent Only,2013-Q2,135,26.8,
Divorce (inc. Financial Remedy),MIDLANDS,1 Both,2013-Q2,1318,25.4,
Divorce (inc. Financial Remedy),NORTH EAST,2 Petitioner Only,2013-Q2,1678,26.1,
Divorce (inc. Financial Remedy),SOUTH EAST,4 Neither,2013-Q2,2563,18.8,
Divorce (inc. Financial Remedy),LONDON,4 Neither,2013-Q2,1906,28.3,
Divorce (inc. Financial Remedy),SOUTH WEST,3 Respondent Only,2013-Q2,180,23.2,
Divorce (inc. Financial Remedy),WALES,3 Respondent Only,2013-Q2,43,24.2,
Divorce (inc. Financial Remedy),WALES,All types,2013-Q2,1561,22.7,
Divorce (inc. Financial Remedy),SOUTH WEST,All types,2013-Q2,4281,19.2,
Divorce (inc. Financial Remedy),SOUTH WEST,2 Petitioner Only,2013-Q2,1518,22.1,
Divorce (inc. Financial Remedy),NORTH WEST,All types,2013-Q2,3535,24.2,
Divorce (inc. Financial Remedy),MIDLANDS,2 Petitioner Only,2013-Q2,1771,26.5,
Divorce (inc. Financial Remedy),NORTH WEST,2 Petitioner Only,2013-Q2,1535,26.6,
Divorce (inc. Financial Remedy),SOUTH EAST,All types,2013-Q2,6625,20.8,
Divorce (inc. Financial Remedy),England & Wales,3 Respondent Only,2013-Q2,976,26.8,
Divorce (inc. Financial Remedy),SOUTH EAST,1 Both,2013-Q2,1503,20.7,
Divorce (inc. Financial Remedy),MIDLANDS,All types,2013-Q2,4478,24.6,
Divorce (inc. Financial Remedy),LONDON,1 Both,2013-Q2,888,30.4,
Divorce (inc. Financial Remedy),SOUTH EAST,2 Petitioner Only,2013-Q2,2315,22.6,
Divorce (inc. Financial Remedy),NORTH EAST,1 Both,2013-Q2,1218,25.1,
Divorce (inc. Financial Remedy),NORTH WEST,4 Neither,2013-Q2,890,19.9,
Divorce (inc. Financial Remedy),LONDON,All types,2013-Q2,4631,32.7,
Divorce (inc. Financial Remedy),NORTH EAST,All types,2013-Q2,4060,24,
Divorce (inc. Financial Remedy),NORTH WEST,1 Both,2013-Q2,993,23.7,
Divorce (inc. Financial Remedy),WALES,4 Neither,2013-Q2,336,16.8,
Divorce (inc. Financial Remedy),NORTH WEST,3 Respondent Only,2013-Q2,117,29.4,
Divorce (inc. Financial Remedy),SOUTH WEST,1 Both,2013-Q2,999,20.3,
Divorce (inc. Financial Remedy),SOUTH WEST,4 Neither,2013-Q2,1584,15.3,
Divorce (inc. Financial Remedy),WALES,2 Petitioner Only,2013-Q2,636,25.1,
Divorce (inc. Financial Remedy),LONDON,3 Respondent Only,2013-Q2,150,36.7,
Divorce (inc. Financial Remedy),NORTH EAST,3 Respondent Only,2013-Q2,107,23.8,
Divorce (inc. Financial Remedy),England & Wales,All types,2013-Q2,29171,24,
Divorce (inc. Financial Remedy),England & Wales,2 Petitioner Only,2013-Q2,11140,26.8,
Divorce (inc. Financial Remedy),England & Wales,4 Neither,2013-Q2,9590,20.5,
Divorce (inc. Financial Remedy),England & Wales,1 Both,2013-Q2,7465,23.9,
Divorce (inc. Financial Remedy),NORTH EAST,4 Neither,2013-Q2,1057,19.3,
Divorce (inc. Financial Remedy),WALES,1 Both,2013-Q2,546,23.4,
Divorce (inc. Financial Remedy),MIDLANDS,4 Neither,2013-Q2,1254,20.9,
Divorce (inc. Financial Remedy),NORTH EAST,3 Respondent Only,2013-Q3,105,25,
Divorce (inc. Financial Remedy),NORTH WEST,2 Petitioner Only,2013-Q3,1437,61.4,
Divorce (inc. Financial Remedy),SOUTH WEST,1 Both,2013-Q3,993,20.9,
Divorce (inc. Financial Remedy),SOUTH EAST,3 Respondent Only,2013-Q3,233,28.7,
Divorce (inc. Financial Remedy),WALES,2 Petitioner Only,2013-Q3,649,25,
Divorce (inc. Financial Remedy),NORTH WEST,1 Both,2013-Q3,897,23.9,
Divorce (inc. Financial Remedy),SOUTH EAST,4 Neither,2013-Q3,2448,20.2,
Divorce (inc. Financial Remedy),LONDON,3 Respondent Only,2013-Q3,138,33.7,
Divorce (inc. Financial Remedy),WALES,4 Neither,2013-Q3,371,14.8,
Divorce (inc. Financial Remedy),NORTH WEST,3 Respondent Only,2013-Q3,107,20.9,
Divorce (inc. Financial Remedy),LONDON,2 Petitioner Only,2013-Q3,1581,35.3,
Divorce (inc. Financial Remedy),MIDLANDS,4 Neither,2013-Q3,1348,25.1,
Divorce (inc. Financial Remedy),SOUTH EAST,1 Both,2013-Q3,1592,21.1,
Divorce (inc. Financial Remedy),SOUTH WEST,All types,2013-Q3,4398,20.6,
Divorce (inc. Financial Remedy),LONDON,All types,2013-Q3,4263,30.4,
Divorce (inc. Financial Remedy),MIDLANDS,All types,2013-Q3,4842,26.9,
Divorce (inc. Financial Remedy),SOUTH EAST,All types,2013-Q3,6565,21.9,
Divorce (inc. Financial Remedy),NORTH WEST,All types,2013-Q3,3451,37.8,
Divorce (inc. Financial Remedy),NORTH EAST,1 Both,2013-Q3,1076,24.1,
Divorce (inc. Financial Remedy),SOUTH EAST,2 Petitioner Only,2013-Q3,2292,23.6,
Divorce (inc. Financial Remedy),NORTH EAST,All types,2013-Q3,3954,23.3,
Divorce (inc. Financial Remedy),England & Wales,4 Neither,2013-Q3,9690,21.1,
Divorce (inc. Financial Remedy),NORTH WEST,4 Neither,2013-Q3,1010,18.3,
Divorce (inc. Financial Remedy),SOUTH WEST,3 Respondent Only,2013-Q3,149,20.5,
Divorce (inc. Financial Remedy),MIDLANDS,1 Both,2013-Q3,1239,25,
Divorce (inc. Financial Remedy),NORTH EAST,4 Neither,2013-Q3,1033,20.2,
Divorce (inc. Financial Remedy),WALES,All types,2013-Q3,1584,22.7,
Divorce (inc. Financial Remedy),LONDON,4 Neither,2013-Q3,1774,26,
Divorce (inc. Financial Remedy),LONDON,1 Both,2013-Q3,770,29.9,
Divorce (inc. Financial Remedy),WALES,1 Both,2013-Q3,517,25,
Divorce (inc. Financial Remedy),NORTH EAST,2 Petitioner Only,2013-Q3,1740,24.5,
Divorce (inc. Financial Remedy),MIDLANDS,2 Petitioner Only,2013-Q3,2106,28.8,
Divorce (inc. Financial Remedy),England & Wales,All types,2013-Q3,29057,25.9,
Divorce (inc. Financial Remedy),WALES,3 Respondent Only,2013-Q3,47,28.7,
Divorce (inc. Financial Remedy),MIDLANDS,3 Respondent Only,2013-Q3,149,32,
Divorce (inc. Financial Remedy),England & Wales,1 Both,2013-Q3,7084,23.8,
Divorce (inc. Financial Remedy),England & Wales,3 Respondent Only,2013-Q3,928,27.3,
Divorce (inc. Financial Remedy),England & Wales,2 Petitioner Only,2013-Q3,11355,31.2,
Divorce (inc. Financial Remedy),SOUTH WEST,2 Petitioner Only,2013-Q3,1550,23.4,
Divorce (inc. Financial Remedy),SOUTH WEST,4 Neither,2013-Q3,1706,17.8,
Divorce (inc. Financial Remedy),NORTH EAST,2 Petitioner Only,2013-Q4,1526,26,
Divorce (inc. Financial Remedy),SOUTH WEST,1 Both,2013-Q4,910,21.9,
Divorce (inc. Financial Remedy),NORTH WEST,4 Neither,2013-Q4,1076,19.3,
Divorce (inc. Financial Remedy),SOUTH EAST,4 Neither,2013-Q4,2480,20.9,
Divorce (inc. Financial Remedy),NORTH EAST,4 Neither,2013-Q4,1168,19.1,
Divorce (inc. Financial Remedy),WALES,4 Neither,2013-Q4,372,20.2,
Divorce (inc. Financial Remedy),SOUTH WEST,3 Respondent Only,2013-Q4,172,20.2,
Divorce (inc. Financial Remedy),SOUTH EAST,3 Respondent Only,2013-Q4,214,26.8,
Divorce (inc. Financial Remedy),NORTH WEST,3 Respondent Only,2013-Q4,94,25.2,
Divorce (inc. Financial Remedy),LONDON,3 Respondent Only,2013-Q4,94,34,
Divorce (inc. Financial Remedy),NORTH EAST,3 Respondent Only,2013-Q4,123,32.8,
Divorce (inc. Financial Remedy),WALES,All types,2013-Q4,1415,22.2,
Divorce (inc. Financial Remedy),NORTH WEST,All types,2013-Q4,3413,23.9,
Divorce (inc. Financial Remedy),MIDLANDS,4 Neither,2013-Q4,1551,22.3,
Divorce (inc. Financial Remedy),NORTH WEST,2 Petitioner Only,2013-Q4,1376,27.5,
Divorce (inc. Financial Remedy),SOUTH EAST,1 Both,2013-Q4,1356,22.3,
Divorce (inc. Financial Remedy),SOUTH EAST,2 Petitioner Only,2013-Q4,1923,23.4,
Divorce (inc. Financial Remedy),SOUTH WEST,2 Petitioner Only,2013-Q4,1395,22.5,
Divorce (inc. Financial Remedy),LONDON,1 Both,2013-Q4,575,34.4,
Divorce (inc. Financial Remedy),MIDLANDS,All types,2013-Q4,4868,26.1,
Divorce (inc. Financial Remedy),LONDON,All types,2013-Q4,3702,30.5,
Divorce (inc. Financial Remedy),SOUTH WEST,All types,2013-Q4,4331,20.4,
Divorce (inc. Financial Remedy),NORTH EAST,All types,2013-Q4,3859,23.8,
Divorce (inc. Financial Remedy),SOUTH EAST,All types,2013-Q4,5973,22.3,
Divorce (inc. Financial Remedy),WALES,2 Petitioner Only,2013-Q4,575,25.4,
Divorce (inc. Financial Remedy),LONDON,2 Petitioner Only,2013-Q4,1391,33.9,
Divorce (inc. Financial Remedy),SOUTH WEST,4 Neither,2013-Q4,1854,18,
Divorce (inc. Financial Remedy),NORTH EAST,1 Both,2013-Q4,1042,24.8,
Divorce (inc. Financial Remedy),MIDLANDS,2 Petitioner Only,2013-Q4,1948,28.6,
Divorce (inc. Financial Remedy),LONDON,4 Neither,2013-Q4,1642,26.2,
Divorce (inc. Financial Remedy),England & Wales,All types,2013-Q4,27561,24.2,
Divorce (inc. Financial Remedy),MIDLANDS,3 Respondent Only,2013-Q4,134,30.4,
Divorce (inc. Financial Remedy),WALES,3 Respondent Only,2013-Q4,45,21.1,
Divorce (inc. Financial Remedy),England & Wales,4 Neither,2013-Q4,10143,21,
Divorce (inc. Financial Remedy),England & Wales,3 Respondent Only,2013-Q4,876,27.2,
Divorce (inc. Financial Remedy),England & Wales,2 Petitioner Only,2013-Q4,10134,26.8,
Divorce (inc. Financial Remedy),England & Wales,1 Both,2013-Q4,6408,24.6,
Divorce (inc. Financial Remedy),WALES,1 Both,2013-Q4,423,19.9,
Divorce (inc. Financial Remedy),NORTH WEST,1 Both,2013-Q4,867,23.6,
Divorce (inc. Financial Remedy),MIDLANDS,1 Both,2013-Q4,1235,26.6,
Divorce (inc. Financial Remedy),SOUTH EAST,1 Both,2014-Q1,1334,21.7,
Divorce (inc. Financial Remedy),LONDON,4 Neither,2014-Q1,2037,27.4,
Divorce (inc. Financial Remedy),MIDLANDS,3 Respondent Only,2014-Q1,141,36.4,
Divorce (inc. Financial Remedy),NORTH WEST,4 Neither,2014-Q1,1005,21.3,
Divorce (inc. Financial Remedy),WALES,3 Respondent Only,2014-Q1,45,17.1,
Divorce (inc. Financial Remedy),SOUTH WEST,3 Respondent Only,2014-Q1,149,26.5,
Divorce (inc. Financial Remedy),LONDON,1 Both,2014-Q1,734,31.8,
Divorce (inc. Financial Remedy),MIDLANDS,2 Petitioner Only,2014-Q1,1916,28,
Divorce (inc. Financial Remedy),SOUTH EAST,4 Neither,2014-Q1,2476,21.1,
Divorce (inc. Financial Remedy),NORTH EAST,All types,2014-Q1,3536,24,
Divorce (inc. Financial Remedy),SOUTH EAST,All types,2014-Q1,5960,22.9,
Divorce (inc. Financial Remedy),SOUTH EAST,2 Petitioner Only,2014-Q1,1955,25.3,
Divorce (inc. Financial Remedy),NORTH WEST,1 Both,2014-Q1,784,23.7,
Divorce (inc. Financial Remedy),England & Wales,3 Respondent Only,2014-Q1,852,29.6,
Divorce (inc. Financial Remedy),SOUTH WEST,2 Petitioner Only,2014-Q1,1344,23.7,
Divorce (inc. Financial Remedy),LONDON,2 Petitioner Only,2014-Q1,1563,34.1,
Divorce (inc. Financial Remedy),NORTH EAST,2 Petitioner Only,2014-Q1,1400,28.1,
Divorce (inc. Financial Remedy),SOUTH WEST,1 Both,2014-Q1,914,21,
Divorce (inc. Financial Remedy),NORTH WEST,3 Respondent Only,2014-Q1,83,26.5,
Divorce (inc. Financial Remedy),MIDLANDS,1 Both,2014-Q1,1152,26.8,
Divorce (inc. Financial Remedy),MIDLANDS,All types,2014-Q1,4658,26.9,
Divorce (inc. Financial Remedy),LONDON,All types,2014-Q1,4489,30.8,
Divorce (inc. Financial Remedy),SOUTH WEST,All types,2014-Q1,4241,21.5,
Divorce (inc. Financial Remedy),WALES,1 Both,2014-Q1,362,25.6,
Divorce (inc. Financial Remedy),WALES,All types,2014-Q1,1275,22.6,
Divorce (inc. Financial Remedy),SOUTH WEST,4 Neither,2014-Q1,1834,19.8,
Divorce (inc. Financial Remedy),NORTH EAST,3 Respondent Only,2014-Q1,84,22.1,
Divorce (inc. Financial Remedy),WALES,4 Neither,2014-Q1,359,16.1,
Divorce (inc. Financial Remedy),NORTH WEST,All types,2014-Q1,3065,24.2,
Divorce (inc. Financial Remedy),NORTH EAST,4 Neither,2014-Q1,1079,19.4,
Divorce (inc. Financial Remedy),LONDON,3 Respondent Only,2014-Q1,155,36,
Divorce (inc. Financial Remedy),NORTH EAST,1 Both,2014-Q1,973,23.3,
Divorce (inc. Financial Remedy),NORTH WEST,2 Petitioner Only,2014-Q1,1193,26.7,
Divorce (inc. Financial Remedy),MIDLANDS,4 Neither,2014-Q1,1449,24.7,
Divorce (inc. Financial Remedy),WALES,2 Petitioner Only,2014-Q1,509,25.6,
Divorce (inc. Financial Remedy),SOUTH EAST,3 Respondent Only,2014-Q1,195,29.5,
Divorce (inc. Financial Remedy),England & Wales,All types,2014-Q1,27224,24.9,
Divorce (inc. Financial Remedy),England & Wales,1 Both,2014-Q1,6253,24.4,
Divorce (inc. Financial Remedy),England & Wales,4 Neither,2014-Q1,10239,22.3,
Divorce (inc. Financial Remedy),England & Wales,2 Petitioner Only,2014-Q1,9880,27.6,
Divorce (inc. Financial Remedy),NORTH EAST,4 Neither,2014-Q2,1198,16.3,
Divorce (inc. Financial Remedy),SOUTH EAST,3 Respondent Only,2014-Q2,213,26.6,
Divorce (inc. Financial Remedy),LONDON,3 Respondent Only,2014-Q2,162,42.7,
Divorce (inc. Financial Remedy),MIDLANDS,4 Neither,2014-Q2,1744,22.8,
Divorce (inc. Financial Remedy),SOUTH EAST,4 Neither,2014-Q2,2511,19.9,
Divorce (inc. Financial Remedy),WALES,4 Neither,2014-Q2,383,15.5,
Divorce (inc. Financial Remedy),NORTH EAST,2 Petitioner Only,2014-Q2,1389,26.6,
Divorce (inc. Financial Remedy),NORTH WEST,2 Petitioner Only,2014-Q2,1198,25.8,
Divorce (inc. Financial Remedy),MIDLANDS,1 Both,2014-Q2,1150,25.1,
Divorce (inc. Financial Remedy),NORTH WEST,3 Respondent Only,2014-Q2,78,22.3,
Divorce (inc. Financial Remedy),SOUTH WEST,4 Neither,2014-Q2,1792,17.5,
Divorce (inc. Financial Remedy),MIDLANDS,3 Respondent Only,2014-Q2,144,25.4,
Divorce (inc. Financial Remedy),LONDON,All types,2014-Q2,4435,32.1,
Divorce (inc. Financial Remedy),SOUTH WEST,All types,2014-Q2,4002,19.8,
Divorce (inc. Financial Remedy),SOUTH EAST,All types,2014-Q2,5944,21.5,
Divorce (inc. Financial Remedy),NORTH EAST,All types,2014-Q2,3627,22.5,
Divorce (inc. Financial Remedy),SOUTH EAST,2 Petitioner Only,2014-Q2,1885,23.3,
Divorce (inc. Financial Remedy),NORTH WEST,All types,2014-Q2,3136,23.1,
Divorce (inc. Financial Remedy),WALES,2 Petitioner Only,2014-Q2,504,23.7,
Divorce (inc. Financial Remedy),WALES,1 Both,2014-Q2,401,21.6,
Divorce (inc. Financial Remedy),WALES,All types,2014-Q2,1334,20.5,
Divorce (inc. Financial Remedy),SOUTH WEST,2 Petitioner Only,2014-Q2,1291,22.2,
Divorce (inc. Financial Remedy),SOUTH EAST,1 Both,2014-Q2,1335,21.3,
Divorce (inc. Financial Remedy),LONDON,2 Petitioner Only,2014-Q2,1513,37.1,
Divorce (inc. Financial Remedy),LONDON,4 Neither,2014-Q2,2004,27.6,
Divorce (inc. Financial Remedy),NORTH WEST,4 Neither,2014-Q2,1104,20.6,
Divorce (inc. Financial Remedy),MIDLANDS,All types,2014-Q2,4834,26.2,
Divorce (inc. Financial Remedy),NORTH EAST,1 Both,2014-Q2,941,23.4,
Divorce (inc. Financial Remedy),NORTH WEST,1 Both,2014-Q2,756,22.5,
Divorce (inc. Financial Remedy),SOUTH WEST,1 Both,2014-Q2,780,20.7,
Divorce (inc. Financial Remedy),MIDLANDS,2 Petitioner Only,2014-Q2,1796,30.3,
Divorce (inc. Financial Remedy),England & Wales,All types,2014-Q2,27312,24.1,
Divorce (inc. Financial Remedy),SOUTH WEST,3 Respondent Only,2014-Q2,139,22.1,
Divorce (inc. Financial Remedy),WALES,3 Respondent Only,2014-Q2,46,18.5,
Divorce (inc. Financial Remedy),NORTH EAST,3 Respondent Only,2014-Q2,99,33,
Divorce (inc. Financial Remedy),England & Wales,4 Neither,2014-Q2,10736,20.9,
Divorce (inc. Financial Remedy),England & Wales,3 Respondent Only,2014-Q2,881,28.6,
Divorce (inc. Financial Remedy),LONDON,1 Both,2014-Q2,756,32,
Divorce (inc. Financial Remedy),England & Wales,2 Petitioner Only,2014-Q2,9576,27.5,
Divorce (inc. Financial Remedy),England & Wales,1 Both,2014-Q2,6119,23.7,
Divorce (inc. Financial Remedy),MIDLANDS,4 Neither,2014-Q3,1594,22.8,
Divorce (inc. Financial Remedy),WALES,2 Petitioner Only,2014-Q3,566,21.7,
Divorce (inc. Financial Remedy),LONDON,2 Petitioner Only,2014-Q3,1580,35.7,
Divorce (inc. Financial Remedy),NORTH WEST,1 Both,2014-Q3,800,21.2,
Divorce (inc. Financial Remedy),NORTH WEST,4 Neither,2014-Q3,1130,17.7,
Divorce (inc. Financial Remedy),NORTH EAST,4 Neither,2014-Q3,1349,18.5,
Divorce (inc. Financial Remedy),SOUTH EAST,All types,2014-Q3,5765,22.2,
Divorce (inc. Financial Remedy),NORTH WEST,All types,2014-Q3,3239,22.3,
Divorce (inc. Financial Remedy),WALES,3 Respondent Only,2014-Q3,48,25.4,
Divorce (inc. Financial Remedy),MIDLANDS,All types,2014-Q3,4414,25.4,
Divorce (inc. Financial Remedy),SOUTH WEST,4 Neither,2014-Q3,2248,18.7,
Divorce (inc. Financial Remedy),SOUTH EAST,4 Neither,2014-Q3,2451,20.4,
Divorce (inc. Financial Remedy),SOUTH WEST,1 Both,2014-Q3,944,20.8,
Divorce (inc. Financial Remedy),SOUTH WEST,All types,2014-Q3,4878,20.2,
Divorce (inc. Financial Remedy),MIDLANDS,2 Petitioner Only,2014-Q3,1626,28.3,
Divorce (inc. Financial Remedy),NORTH EAST,1 Both,2014-Q3,944,22.2,
Divorce (inc. Financial Remedy),SOUTH EAST,2 Petitioner Only,2014-Q3,1782,24.9,
Divorce (inc. Financial Remedy),MIDLANDS,3 Respondent Only,2014-Q3,162,28.4,
Divorce (inc. Financial Remedy),WALES,1 Both,2014-Q3,402,22.1,
Divorce (inc. Financial Remedy),NORTH EAST,3 Respondent Only,2014-Q3,97,29.8,
Divorce (inc. Financial Remedy),LONDON,All types,2014-Q3,4707,30.1,
Divorce (inc. Financial Remedy),NORTH WEST,2 Petitioner Only,2014-Q3,1229,27.2,
Divorce (inc. Financial Remedy),LONDON,1 Both,2014-Q3,814,29,
Divorce (inc. Financial Remedy),MIDLANDS,1 Both,2014-Q3,1032,24.4,
Divorce (inc. Financial Remedy),NORTH WEST,3 Respondent Only,2014-Q3,80,24,
Divorce (inc. Financial Remedy),NORTH EAST,All types,2014-Q3,3763,22.2,
Divorce (inc. Financial Remedy),LONDON,3 Respondent Only,2014-Q3,171,37.3,
Divorce (inc. Financial Remedy),SOUTH WEST,3 Respondent Only,2014-Q3,175,21.3,
Divorce (inc. Financial Remedy),WALES,4 Neither,2014-Q3,481,16.6,
Divorce (inc. Financial Remedy),WALES,All types,2014-Q3,1497,20.3,
Divorce (inc. Financial Remedy),SOUTH EAST,1 Both,2014-Q3,1329,21.7,
Divorce (inc. Financial Remedy),SOUTH WEST,2 Petitioner Only,2014-Q3,1511,22,
Divorce (inc. Financial Remedy),SOUTH EAST,3 Respondent Only,2014-Q3,203,22.3,
Divorce (inc. Financial Remedy),England & Wales,All types,2014-Q3,28263,23.6,
Divorce (inc. Financial Remedy),England & Wales,3 Respondent Only,2014-Q3,936,27,
Divorce (inc. Financial Remedy),England & Wales,4 Neither,2014-Q3,11395,20.8,
Divorce (inc. Financial Remedy),England & Wales,1 Both,2014-Q3,6265,23,
Divorce (inc. Financial Remedy),England & Wales,2 Petitioner Only,2014-Q3,9667,26.9,
Divorce (inc. Financial Remedy),NORTH EAST,2 Petitioner Only,2014-Q3,1373,25.2,
Divorce (inc. Financial Remedy),LONDON,4 Neither,2014-Q3,2142,25.9,
Divorce (inc. Financial Remedy),WALES,2 Petitioner Only,2014-Q4,548,19.7,
Divorce (inc. Financial Remedy),MIDLANDS,2 Petitioner Only,2014-Q4,1532,28.6,
Divorce (inc. Financial Remedy),LONDON,3 Respondent Only,2014-Q4,132,34.2,
Divorce (inc. Financial Remedy),NORTH EAST,1 Both,2014-Q4,926,20.1,
Divorce (inc. Financial Remedy),LONDON,1 Both,2014-Q4,645,30.1,
Divorce (inc. Financial Remedy),NORTH WEST,2 Petitioner Only,2014-Q4,1036,24.2,
Divorce (inc. Financial Remedy),NORTH EAST,3 Respondent Only,2014-Q4,121,30.3,
Divorce (inc. Financial Remedy),SOUTH EAST,4 Neither,2014-Q4,2792,20.2,
Divorce (inc. Financial Remedy),MIDLANDS,4 Neither,2014-Q4,1616,23.9,
Divorce (inc. Financial Remedy),SOUTH EAST,2 Petitioner Only,2014-Q4,1949,24,
Divorce (inc. Financial Remedy),SOUTH WEST,2 Petitioner Only,2014-Q4,1268,21.9,
Divorce (inc. Financial Remedy),SOUTH EAST,3 Respondent Only,2014-Q4,228,25.1,
Divorce (inc. Financial Remedy),LONDON,4 Neither,2014-Q4,1856,27.4,
Divorce (inc. Financial Remedy),MIDLANDS,All types,2014-Q4,4425,26.2,
Divorce (inc. Financial Remedy),SOUTH WEST,All types,2014-Q4,4407,19.8,
Divorce (inc. Financial Remedy),LONDON,All types,2014-Q4,3986,30,
Divorce (inc. Financial Remedy),SOUTH EAST,All types,2014-Q4,6430,21.5,
Divorce (inc. Financial Remedy),MIDLANDS,1 Both,2014-Q4,1118,25.5,
Divorce (inc. Financial Remedy),WALES,All types,2014-Q4,1426,18.7,
Divorce (inc. Financial Remedy),SOUTH WEST,4 Neither,2014-Q4,2073,18.6,
Divorce (inc. Financial Remedy),England & Wales,3 Respondent Only,2014-Q4,933,27.6,
Divorce (inc. Financial Remedy),LONDON,2 Petitioner Only,2014-Q4,1353,33.3,
Divorce (inc. Financial Remedy),NORTH EAST,4 Neither,2014-Q4,1328,17.9,
Divorce (inc. Financial Remedy),SOUTH WEST,1 Both,2014-Q4,899,18.8,
Divorce (inc. Financial Remedy),NORTH WEST,1 Both,2014-Q4,740,22.1,
Divorce (inc. Financial Remedy),NORTH WEST,3 Respondent Only,2014-Q4,83,28.1,
Divorce (inc. Financial Remedy),NORTH EAST,All types,2014-Q4,3659,21.2,
Divorce (inc. Financial Remedy),WALES,1 Both,2014-Q4,368,20.2,
Divorce (inc. Financial Remedy),WALES,4 Neither,2014-Q4,467,16.9,
Divorce (inc. Financial Remedy),NORTH WEST,4 Neither,2014-Q4,1118,18.8,
Divorce (inc. Financial Remedy),MIDLANDS,3 Respondent Only,2014-Q4,159,31.3,
Divorce (inc. Financial Remedy),NORTH WEST,All types,2014-Q4,2977,21.8,
Divorce (inc. Financial Remedy),WALES,3 Respondent Only,2014-Q4,43,13.4,
Divorce (inc. Financial Remedy),NORTH EAST,2 Petitioner Only,2014-Q4,1284,24.5,
Divorce (inc. Financial Remedy),SOUTH WEST,3 Respondent Only,2014-Q4,167,23.7,
Divorce (inc. Financial Remedy),England & Wales,All types,2014-Q4,27310,23.1,
Divorce (inc. Financial Remedy),England & Wales,4 Neither,2014-Q4,11250,21.1,
Divorce (inc. Financial Remedy),England & Wales,1 Both,2014-Q4,6157,22.2,
Divorce (inc. Financial Remedy),England & Wales,2 Petitioner Only,2014-Q4,8970,25.7,
Divorce (inc. Financial Remedy),SOUTH EAST,1 Both,2014-Q4,1461,20.2,
Divorce (inc. Financial Remedy),NORTH EAST,2 Petitioner Only,2015-Q1,1174,25.5,
Divorce (inc. Financial Remedy),NORTH EAST,1 Both,2015-Q1,811,20.8,
Divorce (inc. Financial Remedy),NORTH EAST,3 Respondent Only,2015-Q1,106,27.1,
Divorce (inc. Financial Remedy),WALES,4 Neither,2015-Q1,442,15.1,
Divorce (inc. Financial Remedy),LONDON,4 Neither,2015-Q1,1915,27.6,
Divorce (inc. Financial Remedy),MIDLANDS,2 Petitioner Only,2015-Q1,1736,28.6,
Divorce (inc. Financial Remedy),LONDON,1 Both,2015-Q1,641,27.8,
Divorce (inc. Financial Remedy),SOUTH EAST,4 Neither,2015-Q1,2687,20.1,
Divorce (inc. Financial Remedy),SOUTH WEST,3 Respondent Only,2015-Q1,157,26.4,
Divorce (inc. Financial Remedy),SOUTH EAST,3 Respondent Only,2015-Q1,240,24.6,
Divorce (inc. Financial Remedy),WALES,3 Respondent Only,2015-Q1,42,16.6,
Divorce (inc. Financial Remedy),SOUTH WEST,All types,2015-Q1,4503,20.5,
Divorce (inc. Financial Remedy),SOUTH EAST,2 Petitioner Only,2015-Q1,1931,23.2,
Divorce (inc. Financial Remedy),MIDLANDS,All types,2015-Q1,4992,25,
Divorce (inc. Financial Remedy),NORTH WEST,4 Neither,2015-Q1,1058,20.2,
Divorce (inc. Financial Remedy),SOUTH EAST,All types,2015-Q1,6299,21.9,
Divorce (inc. Financial Remedy),NORTH WEST,All types,2015-Q1,2936,22.5,
Divorce (inc. Financial Remedy),NORTH EAST,All types,2015-Q1,3273,21.6,
Divorce (inc. Financial Remedy),MIDLANDS,1 Both,2015-Q1,1204,23,
Divorce (inc. Financial Remedy),WALES,2 Petitioner Only,2015-Q1,526,23.8,
Divorce (inc. Financial Remedy),SOUTH WEST,1 Both,2015-Q1,870,20,
Divorce (inc. Financial Remedy),NORTH WEST,1 Both,2015-Q1,709,22.8,
Divorce (inc. Financial Remedy),NORTH WEST,3 Respondent Only,2015-Q1,96,23.3,
Divorce (inc. Financial Remedy),LONDON,2 Petitioner Only,2015-Q1,1485,35.1,
Divorce (inc. Financial Remedy),MIDLANDS,4 Neither,2015-Q1,1877,22.7,
Divorce (inc. Financial Remedy),NORTH EAST,4 Neither,2015-Q1,1182,17.8,
Divorce (inc. Financial Remedy),WALES,All types,2015-Q1,1376,19.7,
Divorce (inc. Financial Remedy),LONDON,All types,2015-Q1,4171,30.7,
Divorce (inc. Financial Remedy),SOUTH EAST,1 Both,2015-Q1,1441,23,
Divorce (inc. Financial Remedy),LONDON,3 Respondent Only,2015-Q1,130,41.3,
Divorce (inc. Financial Remedy),WALES,1 Both,2015-Q1,366,19.7,
Divorce (inc. Financial Remedy),England & Wales,All types,2015-Q1,27550,23.5,
Divorce (inc. Financial Remedy),England & Wales,2 Petitioner Only,2015-Q1,9215,26.3,
Divorce (inc. Financial Remedy),MIDLANDS,3 Respondent Only,2015-Q1,175,29.1,
Divorce (inc. Financial Remedy),England & Wales,1 Both,2015-Q1,6042,22.6,
Divorce (inc. Financial Remedy),England & Wales,3 Respondent Only,2015-Q1,946,27.8,
Divorce (inc. Financial Remedy),NORTH WEST,2 Petitioner Only,2015-Q1,1073,24.4,
Divorce (inc. Financial Remedy),SOUTH WEST,2 Petitioner Only,2015-Q1,1290,21,
Divorce (inc. Financial Remedy),SOUTH WEST,4 Neither,2015-Q1,2186,19.9,
Divorce (inc. Financial Remedy),England & Wales,4 Neither,2015-Q1,11347,21.3,
Divorce (inc. Financial Remedy),MIDLANDS,4 Neither,2015-Q2,1798,20.9,
Divorce (inc. Financial Remedy),SOUTH EAST,1 Both,2015-Q2,1243,22.2,
Divorce (inc. Financial Remedy),NORTH WEST,3 Respondent Only,2015-Q2,91,24.3,
Divorce (inc. Financial Remedy),NORTH EAST,2 Petitioner Only,2015-Q2,1153,22,
Divorce (inc. Financial Remedy),LONDON,2 Petitioner Only,2015-Q2,1468,34.8,
Divorce (inc. Financial Remedy),NORTH EAST,1 Both,2015-Q2,848,19.9,
Divorce (inc. Financial Remedy),SOUTH EAST,2 Petitioner Only,2015-Q2,1717,26.5,
Divorce (inc. Financial Remedy),SOUTH WEST,2 Petitioner Only,2015-Q2,1296,21.4,
Divorce (inc. Financial Remedy),LONDON,1 Both,2015-Q2,687,32.3,
Divorce (inc. Financial Remedy),SOUTH WEST,4 Neither,2015-Q2,1677,20.8,
Divorce (inc. Financial Remedy),NORTH EAST,4 Neither,2015-Q2,1188,17.1,
Divorce (inc. Financial Remedy),MIDLANDS,1 Both,2015-Q2,1037,22,
Divorce (inc. Financial Remedy),NORTH WEST,4 Neither,2015-Q2,1111,20.3,
Divorce (inc. Financial Remedy),LONDON,3 Respondent Only,2015-Q2,155,41.7,
Divorce (inc. Financial Remedy),LONDON,All types,2015-Q2,4267,30.6,
Divorce (inc. Financial Remedy),NORTH EAST,All types,2015-Q2,3267,19.6,
Divorce (inc. Financial Remedy),NORTH WEST,All types,2015-Q2,2879,23.4,
Divorce (inc. Financial Remedy),SOUTH WEST,All types,2015-Q2,4000,21,
Divorce (inc. Financial Remedy),SOUTH EAST,All types,2015-Q2,5625,24.1,
Divorce (inc. Financial Remedy),WALES,All types,2015-Q2,1232,20.5,
Divorce (inc. Financial Remedy),WALES,4 Neither,2015-Q2,386,18.8,
Divorce (inc. Financial Remedy),SOUTH EAST,4 Neither,2015-Q2,2439,23.2,
Divorce (inc. Financial Remedy),MIDLANDS,2 Petitioner Only,2015-Q2,1539,26.1,
Divorce (inc. Financial Remedy),MIDLANDS,3 Respondent Only,2015-Q2,165,26.6,
Divorce (inc. Financial Remedy),NORTH WEST,1 Both,2015-Q2,675,24.1,
Divorce (inc. Financial Remedy),NORTH EAST,3 Respondent Only,2015-Q2,78,21.6,
Divorce (inc. Financial Remedy),MIDLANDS,All types,2015-Q2,4539,23.1,
Divorce (inc. Financial Remedy),SOUTH WEST,1 Both,2015-Q2,869,20.5,
Divorce (inc. Financial Remedy),WALES,2 Petitioner Only,2015-Q2,470,21.8,
Divorce (inc. Financial Remedy),LONDON,4 Neither,2015-Q2,1957,26.1,
Divorce (inc. Financial Remedy),England & Wales,All types,2015-Q2,25809,23.7,
Divorce (inc. Financial Remedy),NORTH WEST,2 Petitioner Only,2015-Q2,1002,26.4,
Divorce (inc. Financial Remedy),WALES,3 Respondent Only,2015-Q2,42,19.1,
Divorce (inc. Financial Remedy),WALES,1 Both,2015-Q2,334,20.7,
Divorce (inc. Financial Remedy),SOUTH EAST,3 Respondent Only,2015-Q2,226,25,
Divorce (inc. Financial Remedy),SOUTH WEST,3 Respondent Only,2015-Q2,158,22.7,
Divorce (inc. Financial Remedy),England & Wales,3 Respondent Only,2015-Q2,915,27.1,
Divorce (inc. Financial Remedy),England & Wales,4 Neither,2015-Q2,10556,21.8,
Divorce (inc. Financial Remedy),England & Wales,2 Petitioner Only,2015-Q2,8645,26.2,
Divorce (inc. Financial Remedy),England & Wales,1 Both,2015-Q2,5693,22.9,
Divorce (inc. Financial Remedy),MIDLANDS,2 Petitioner Only,2015-Q3,1574,27.7,
Divorce (inc. Financial Remedy),NORTH WEST,4 Neither,2015-Q3,1334,17,
Divorce (inc. Financial Remedy),LONDON,4 Neither,2015-Q3,1961,27.1,
Divorce (inc. Financial Remedy),SOUTH WEST,1 Both,2015-Q3,560,24.2,
Divorce (inc. Financial Remedy),LONDON,2 Petitioner Only,2015-Q3,1500,32.6,
Divorce (inc. Financial Remedy),NORTH EAST,1 Both,2015-Q3,831,20.5,
Divorce (inc. Financial Remedy),WALES,4 Neither,2015-Q3,472,16.9,
Divorce (inc. Financial Remedy),NORTH WEST,2 Petitioner Only,2015-Q3,1212,21.1,
Divorce (inc. Financial Remedy),SOUTH EAST,All types,2015-Q3,4985,26.2,
Divorce (inc. Financial Remedy),LONDON,All types,2015-Q3,4270,30.2,
Divorce (inc. Financial Remedy),MIDLANDS,1 Both,2015-Q3,1084,23.3,
Divorce (inc. Financial Remedy),SOUTH WEST,4 Neither,2015-Q3,915,28.1,
Divorce (inc. Financial Remedy),NORTH WEST,All types,2015-Q3,3442,19.3,
Divorce (inc. Financial Remedy),SOUTH WEST,All types,2015-Q3,2585,26.6,
Divorce (inc. Financial Remedy),NORTH EAST,4 Neither,2015-Q3,1143,19.5,
Divorce (inc. Financial Remedy),NORTH WEST,1 Both,2015-Q3,805,20.3,
Divorce (inc. Financial Remedy),NORTH WEST,3 Respondent Only,2015-Q3,91,20,
Divorce (inc. Financial Remedy),WALES,2 Petitioner Only,2015-Q3,510,19.8,
Divorce (inc. Financial Remedy),SOUTH WEST,3 Respondent Only,2015-Q3,93,37.6,
Divorce (inc. Financial Remedy),NORTH EAST,All types,2015-Q3,3186,21.9,
Divorce (inc. Financial Remedy),MIDLANDS,All types,2015-Q3,4552,24.3,
Divorce (inc. Financial Remedy),SOUTH EAST,1 Both,2015-Q3,1147,25.1,
Divorce (inc. Financial Remedy),WALES,All types,2015-Q3,1427,19.5,
Divorce (inc. Financial Remedy),MIDLANDS,3 Respondent Only,2015-Q3,146,26.6,
Divorce (inc. Financial Remedy),WALES,1 Both,2015-Q3,392,19.4,
Divorce (inc. Financial Remedy),SOUTH WEST,2 Petitioner Only,2015-Q3,1017,25.6,
Divorce (inc. Financial Remedy),MIDLANDS,4 Neither,2015-Q3,1748,21.6,
Divorce (inc. Financial Remedy),LONDON,1 Both,2015-Q3,658,31.4,
Divorce (inc. Financial Remedy),SOUTH EAST,2 Petitioner Only,2015-Q3,1518,27.3,
Divorce (inc. Financial Remedy),SOUTH EAST,3 Respondent Only,2015-Q3,175,27.1,
Divorce (inc. Financial Remedy),NORTH EAST,2 Petitioner Only,2015-Q3,1110,25.1,
Divorce (inc. Financial Remedy),LONDON,3 Respondent Only,2015-Q3,151,39.5,
Divorce (inc. Financial Remedy),England & Wales,All types,2015-Q3,24447,24.7,
Divorce (inc. Financial Remedy),NORTH EAST,3 Respondent Only,2015-Q3,102,24.8,
Divorce (inc. Financial Remedy),WALES,3 Respondent Only,2015-Q3,53,39.6,
Divorce (inc. Financial Remedy),England & Wales,1 Both,2015-Q3,5477,23.6,
Divorce (inc. Financial Remedy),England & Wales,4 Neither,2015-Q3,9718,23.2,
Divorce (inc. Financial Remedy),England & Wales,3 Respondent Only,2015-Q3,811,30.3,
Divorce (inc. Financial Remedy),SOUTH EAST,4 Neither,2015-Q3,2145,26.1,
Divorce (inc. Financial Remedy),England & Wales,2 Petitioner Only,2015-Q3,8441,26.5,
Divorce (inc. Financial Remedy),SOUTH EAST,3 Respondent Only,2015-Q4,137,46,
Divorce (inc. Financial Remedy),NORTH WEST,3 Respondent Only,2015-Q4,71,23.6,
Divorce (inc. Financial Remedy),MIDLANDS,3 Respondent Only,2015-Q4,149,33.7,
Divorce (inc. Financial Remedy),SOUTH EAST,1 Both,2015-Q4,801,28.7,
Divorce (inc. Financial Remedy),NORTH EAST,1 Both,2015-Q4,731,22.1,
Divorce (inc. Financial Remedy),SOUTH WEST,4 Neither,2015-Q4,979,32.6,
Divorce (inc. Financial Remedy),NORTH EAST,4 Neither,2015-Q4,1090,21,
Divorce (inc. Financial Remedy),WALES,4 Neither,2015-Q4,512,16.5,
Divorce (inc. Financial Remedy),NORTH WEST,1 Both,2015-Q4,746,22.1,
Divorce (inc. Financial Remedy),MIDLANDS,4 Neither,2015-Q4,1831,20.9,
Divorce (inc. Financial Remedy),WALES,All types,2015-Q4,1439,18.6,
Divorce (inc. Financial Remedy),NORTH EAST,All types,2015-Q4,2860,23.5,
Divorce (inc. Financial Remedy),MIDLANDS,All types,2015-Q4,4695,23.3,
Divorce (inc. Financial Remedy),WALES,1 Both,2015-Q4,352,19.5,
Divorce (inc. Financial Remedy),SOUTH EAST,All types,2015-Q4,3582,31.4,
Divorce (inc. Financial Remedy),LONDON,2 Petitioner Only,2015-Q4,1089,43.3,
Divorce (inc. Financial Remedy),MIDLANDS,1 Both,2015-Q4,1142,22,
Divorce (inc. Financial Remedy),SOUTH WEST,2 Petitioner Only,2015-Q4,1122,27.8,
Divorce (inc. Financial Remedy),SOUTH EAST,2 Petitioner Only,2015-Q4,1100,32.5,
Divorce (inc. Financial Remedy),SOUTH EAST,4 Neither,2015-Q4,1544,30.7,
Divorce (inc. Financial Remedy),SOUTH WEST,1 Both,2015-Q4,658,30,
Divorce (inc. Financial Remedy),WALES,3 Respondent Only,2015-Q4,43,24.6,
Divorce (inc. Financial Remedy),LONDON,All types,2015-Q4,3153,39.4,
Divorce (inc. Financial Remedy),LONDON,4 Neither,2015-Q4,1465,36.7,
Divorce (inc. Financial Remedy),SOUTH WEST,3 Respondent Only,2015-Q4,75,41.1,
Divorce (inc. Financial Remedy),SOUTH WEST,All types,2015-Q4,2834,30.3,
Divorce (inc. Financial Remedy),NORTH WEST,2 Petitioner Only,2015-Q4,1081,22.2,
Divorce (inc. Financial Remedy),NORTH WEST,All types,2015-Q4,3081,20.8,
Divorce (inc. Financial Remedy),LONDON,1 Both,2015-Q4,476,38,
Divorce (inc. Financial Remedy),NORTH WEST,4 Neither,2015-Q4,1183,18.6,
Divorce (inc. Financial Remedy),WALES,2 Petitioner Only,2015-Q4,532,19.5,
Divorce (inc. Financial Remedy),England & Wales,All types,2015-Q4,21644,27.3,
Divorce (inc. Financial Remedy),NORTH EAST,2 Petitioner Only,2015-Q4,971,26.7,
Divorce (inc. Financial Remedy),LONDON,3 Respondent Only,2015-Q4,123,41.8,
Divorce (inc. Financial Remedy),England & Wales,2 Petitioner Only,2015-Q4,7468,28.9,
Divorce (inc. Financial Remedy),NORTH EAST,3 Respondent Only,2015-Q4,68,30.4,
Divorce (inc. Financial Remedy),MIDLANDS,2 Petitioner Only,2015-Q4,1573,26.2,
Divorce (inc. Financial Remedy),England & Wales,3 Respondent Only,2015-Q4,666,36.6,
Divorce (inc. Financial Remedy),England & Wales,1 Both,2015-Q4,4906,25.6,
Divorce (inc. Financial Remedy),England & Wales,4 Neither,2015-Q4,8604,26.1,
Divorce (inc. Financial Remedy),NORTH EAST,2 Petitioner Only,2016-Q1,1216,24.2,
Divorce (inc. Financial Remedy),NORTH EAST,3 Respondent Only,2016-Q1,96,23.8,
Divorce (inc. Financial Remedy),WALES,4 Neither,2016-Q1,921,14.5,
Divorce (inc. Financial Remedy),MIDLANDS,3 Respondent Only,2016-Q1,159,22.9,
Divorce (inc. Financial Remedy),NORTH EAST,4 Neither,2016-Q1,1209,22.7,
Divorce (inc. Financial Remedy),WALES,1 Both,2016-Q1,333,19.2,
Divorce (inc. Financial Remedy),SOUTH WEST,3 Respondent Only,2016-Q1,96,34.3,
Divorce (inc. Financial Remedy),LONDON,3 Respondent Only,2016-Q1,54,48.1,
Divorce (inc. Financial Remedy),SOUTH WEST,All types,2016-Q1,4023,29.6,
Divorce (inc. Financial Remedy),MIDLANDS,All types,2016-Q1,5607,22.3,
Divorce (inc. Financial Remedy),SOUTH WEST,1 Both,2016-Q1,840,28.3,
Divorce (inc. Financial Remedy),SOUTH EAST,1 Both,2016-Q1,2600,22.6,
Divorce (inc. Financial Remedy),SOUTH WEST,2 Petitioner Only,2016-Q1,1627,29,
Divorce (inc. Financial Remedy),LONDON,All types,2016-Q1,1534,57.3,
Divorce (inc. Financial Remedy),MIDLANDS,2 Petitioner Only,2016-Q1,1869,25.1,
Divorce (inc. Financial Remedy),NORTH EAST,1 Both,2016-Q1,895,24.5,
Divorce (inc. Financial Remedy),SOUTH EAST,4 Neither,2016-Q1,5837,21.6,
Divorce (inc. Financial Remedy),NORTH WEST,All types,2016-Q1,2785,22.3,
Divorce (inc. Financial Remedy),NORTH WEST,2 Petitioner Only,2016-Q1,930,24.1,
Divorce (inc. Financial Remedy),SOUTH EAST,All types,2016-Q1,12958,22.2,
Divorce (inc. Financial Remedy),England & Wales,3 Respondent Only,2016-Q1,945,26.1,
Divorce (inc. Financial Remedy),MIDLANDS,4 Neither,2016-Q1,2195,19.7,
Divorce (inc. Financial Remedy),MIDLANDS,1 Both,2016-Q1,1384,22.4,
Divorce (inc. Financial Remedy),WALES,2 Petitioner Only,2016-Q1,508,21.1,
Divorce (inc. Financial Remedy),LONDON,2 Petitioner Only,2016-Q1,539,63.2,
Divorce (inc. Financial Remedy),SOUTH WEST,4 Neither,2016-Q1,1460,30.5,
Divorce (inc. Financial Remedy),LONDON,1 Both,2016-Q1,260,50.2,
Divorce (inc. Financial Remedy),WALES,3 Respondent Only,2016-Q1,41,14.9,
Divorce (inc. Financial Remedy),NORTH EAST,All types,2016-Q1,3416,23.7,
Divorce (inc. Financial Remedy),WALES,All types,2016-Q1,1803,17.3,
Divorce (inc. Financial Remedy),LONDON,4 Neither,2016-Q1,681,56,
Divorce (inc. Financial Remedy),SOUTH EAST,2 Petitioner Only,2016-Q1,4100,22.8,
Divorce (inc. Financial Remedy),NORTH WEST,1 Both,2016-Q1,701,23.1,
Divorce (inc. Financial Remedy),SOUTH EAST,3 Respondent Only,2016-Q1,421,24.3,
Divorce (inc. Financial Remedy),England & Wales,All types,2016-Q1,32126,24.7,
Divorce (inc. Financial Remedy),England & Wales,1 Both,2016-Q1,7013,24.4,
Divorce (inc. Financial Remedy),NORTH WEST,3 Respondent Only,2016-Q1,78,25.4,
Divorce (inc. Financial Remedy),England & Wales,2 Petitioner Only,2016-Q1,10789,26.3,
Divorce (inc. Financial Remedy),NORTH WEST,4 Neither,2016-Q1,1076,20,
Divorce (inc. Financial Remedy),England & Wales,4 Neither,2016-Q1,13379,23.5,
Divorce (inc. Financial Remedy),LONDON,3 Respondent Only,2016-Q2,44,60.4,
Divorce (inc. Financial Remedy),WALES,4 Neither,2016-Q2,1046,16.3,
Divorce (inc. Financial Remedy),NORTH WEST,2 Petitioner Only,2016-Q2,1284,23.5,
Divorce (inc. Financial Remedy),NORTH EAST,1 Both,2016-Q2,906,24,
Divorce (inc. Financial Remedy),MIDLANDS,3 Respondent Only,2016-Q2,150,27.9,
Divorce (inc. Financial Remedy),WALES,1 Both,2016-Q2,358,24,
Divorce (inc. Financial Remedy),MIDLANDS,2 Petitioner Only,2016-Q2,1720,24.3,
Divorce (inc. Financial Remedy),SOUTH WEST,All types,2016-Q2,6421,25.7,
Divorce (inc. Financial Remedy),SOUTH EAST,2 Petitioner Only,2016-Q2,2071,25.3,
Divorce (inc. Financial Remedy),SOUTH WEST,4 Neither,2016-Q2,2408,25.8,
Divorce (inc. Financial Remedy),England & Wales,3 Respondent Only,2016-Q2,884,29.7,
Divorce (inc. Financial Remedy),NORTH WEST,3 Respondent Only,2016-Q2,131,20.9,
Divorce (inc. Financial Remedy),MIDLANDS,1 Both,2016-Q2,1180,19.7,
Divorce (inc. Financial Remedy),LONDON,4 Neither,2016-Q2,369,78.7,
Divorce (inc. Financial Remedy),WALES,3 Respondent Only,2016-Q2,68,20.3,
Divorce (inc. Financial Remedy),NORTH EAST,2 Petitioner Only,2016-Q2,1247,25.6,
Divorce (inc. Financial Remedy),SOUTH WEST,2 Petitioner Only,2016-Q2,2541,25.5,
Divorce (inc. Financial Remedy),MIDLANDS,All types,2016-Q2,5041,21.4,
Divorce (inc. Financial Remedy),LONDON,All types,2016-Q2,957,75.4,
Divorce (inc. Financial Remedy),LONDON,2 Petitioner Only,2016-Q2,351,84.7,
Divorce (inc. Financial Remedy),SOUTH WEST,1 Both,2016-Q2,1340,25.1,
Divorce (inc. Financial Remedy),NORTH EAST,All types,2016-Q2,3530,24.1,
Divorce (inc. Financial Remedy),SOUTH EAST,All types,2016-Q2,6677,24.1,
Divorce (inc. Financial Remedy),NORTH WEST,1 Both,2016-Q2,932,22.3,
Divorce (inc. Financial Remedy),WALES,All types,2016-Q2,1973,18.9,
Divorce (inc. Financial Remedy),MIDLANDS,4 Neither,2016-Q2,1991,19.4,
Divorce (inc. Financial Remedy),NORTH WEST,All types,2016-Q2,3788,21.7,
Divorce (inc. Financial Remedy),SOUTH EAST,1 Both,2016-Q2,1366,24.1,
Divorce (inc. Financial Remedy),SOUTH WEST,3 Respondent Only,2016-Q2,132,31.3,
Divorce (inc. Financial Remedy),WALES,2 Petitioner Only,2016-Q2,501,20.7,
Divorce (inc. Financial Remedy),England & Wales,All types,2016-Q2,28387,25,
Divorce (inc. Financial Remedy),NORTH EAST,3 Respondent Only,2016-Q2,117,36.4,
Divorce (inc. Financial Remedy),LONDON,1 Both,2016-Q2,193,55.7,
Divorce (inc. Financial Remedy),SOUTH EAST,3 Respondent Only,2016-Q2,242,28.7,
Divorce (inc. Financial Remedy),England & Wales,1 Both,2016-Q2,6275,24.2,
Divorce (inc. Financial Remedy),England & Wales,4 Neither,2016-Q2,11513,23.5,
Divorce (inc. Financial Remedy),England & Wales,2 Petitioner Only,2016-Q2,9715,26.9,
Divorce (inc. Financial Remedy),SOUTH EAST,4 Neither,2016-Q2,2998,22.9,
Divorce (inc. Financial Remedy),NORTH EAST,4 Neither,2016-Q2,1260,21.5,
Divorce (inc. Financial Remedy),NORTH WEST,4 Neither,2016-Q2,1441,19.7,
Divorce (inc. Financial Remedy),NORTH EAST,4 Neither,2016-Q3,1025,23.4,
Divorce (inc. Financial Remedy),MIDLANDS,3 Respondent Only,2016-Q3,151,24.8,
Divorce (inc. Financial Remedy),SOUTH WEST,1 Both,2016-Q3,1268,22.9,
Divorce (inc. Financial Remedy),MIDLANDS,4 Neither,2016-Q3,1839,19.2,
Divorce (inc. Financial Remedy),WALES,4 Neither,2016-Q3,1036,17.7,
Divorce (inc. Financial Remedy),MIDLANDS,1 Both,2016-Q3,1195,19.1,
Divorce (inc. Financial Remedy),SOUTH EAST,1 Both,2016-Q3,1694,25,
Divorce (inc. Financial Remedy),LONDON,1 Both,2016-Q3,142,60.1,
Divorce (inc. Financial Remedy),NORTH WEST,2 Petitioner Only,2016-Q3,1052,22.4,
Divorce (inc. Financial Remedy),NORTH WEST,1 Both,2016-Q3,790,21,
Divorce (inc. Financial Remedy),NORTH WEST,All types,2016-Q3,3005,20.4,
Divorce (inc. Financial Remedy),SOUTH WEST,All types,2016-Q3,6568,22,
Divorce (inc. Financial Remedy),WALES,All types,2016-Q3,1990,20.3,
Divorce (inc. Financial Remedy),NORTH EAST,1 Both,2016-Q3,761,22.7,
Divorce (inc. Financial Remedy),WALES,2 Petitioner Only,2016-Q3,539,24,
Divorce (inc. Financial Remedy),MIDLANDS,2 Petitioner Only,2016-Q3,1611,23.8,
Divorce (inc. Financial Remedy),WALES,1 Both,2016-Q3,344,20.6,
Divorce (inc. Financial Remedy),LONDON,4 Neither,2016-Q3,215,117.3,
Divorce (inc. Financial Remedy),NORTH WEST,3 Respondent Only,2016-Q3,74,30.4,
Divorce (inc. Financial Remedy),NORTH EAST,3 Respondent Only,2016-Q3,66,20.9,
Divorce (inc. Financial Remedy),WALES,3 Respondent Only,2016-Q3,71,30.4,
Divorce (inc. Financial Remedy),LONDON,2 Petitioner Only,2016-Q3,194,108.9,
Divorce (inc. Financial Remedy),SOUTH WEST,2 Petitioner Only,2016-Q3,2673,22.3,
Divorce (inc. Financial Remedy),SOUTH EAST,4 Neither,2016-Q3,3267,25.2,
Divorce (inc. Financial Remedy),SOUTH EAST,All types,2016-Q3,7929,26.1,
Divorce (inc. Financial Remedy),SOUTH WEST,3 Respondent Only,2016-Q3,176,26.3,
Divorce (inc. Financial Remedy),NORTH EAST,All types,2016-Q3,2795,23.9,
Divorce (inc. Financial Remedy),MIDLANDS,All types,2016-Q3,4796,20.9,
Divorce (inc. Financial Remedy),SOUTH EAST,3 Respondent Only,2016-Q3,276,29.2,
Divorce (inc. Financial Remedy),LONDON,All types,2016-Q3,580,99.1,
Divorce (inc. Financial Remedy),NORTH WEST,4 Neither,2016-Q3,1089,17.4,
Divorce (inc. Financial Remedy),SOUTH EAST,2 Petitioner Only,2016-Q3,2692,27.7,
Divorce (inc. Financial Remedy),SOUTH WEST,4 Neither,2016-Q3,2451,20.8,
Divorce (inc. Financial Remedy),England & Wales,All types,2016-Q3,27663,24.5,
Divorce (inc. Financial Remedy),NORTH EAST,2 Petitioner Only,2016-Q3,943,25.6,
Divorce (inc. Financial Remedy),LONDON,3 Respondent Only,2016-Q3,29,89.3,
Divorce (inc. Financial Remedy),England & Wales,3 Respondent Only,2016-Q3,843,29.4,
Divorce (inc. Financial Remedy),England & Wales,2 Petitioner Only,2016-Q3,9704,26.2,
Divorce (inc. Financial Remedy),England & Wales,1 Both,2016-Q3,6194,23.2,
Divorce (inc. Financial Remedy),England & Wales,4 Neither,2016-Q3,10922,23.3,
Divorce (inc. Financial Remedy),NORTH WEST,3 Respondent Only,2016-Q4,88,25.1,
Divorce (inc. Financial Remedy),SOUTH EAST,3 Respondent Only,2016-Q4,320,28.4,
Divorce (inc. Financial Remedy),MIDLANDS,2 Petitioner Only,2016-Q4,1316,24.3,
Divorce (inc. Financial Remedy),MIDLANDS,3 Respondent Only,2016-Q4,138,26.3,
Divorce (inc. Financial Remedy),SOUTH EAST,2 Petitioner Only,2016-Q4,3112,28.5,
Divorce (inc. Financial Remedy),SOUTH WEST,1 Both,2016-Q4,785,22.8,
Divorce (inc. Financial Remedy),NORTH EAST,3 Respondent Only,2016-Q4,94,25.2,
Divorce (inc. Financial Remedy),SOUTH EAST,4 Neither,2016-Q4,4311,38.4,
Divorce (inc. Financial Remedy),WALES,2 Petitioner Only,2016-Q4,572,24.9,
Divorce (inc. Financial Remedy),SOUTH EAST,1 Both,2016-Q4,2044,27.4,
Divorce (inc. Financial Remedy),MIDLANDS,All types,2016-Q4,4004,22.1,
Divorce (inc. Financial Remedy),NORTH WEST,All types,2016-Q4,2392,22.9,
Divorce (inc. Financial Remedy),WALES,All types,2016-Q4,2275,20.5,
Divorce (inc. Financial Remedy),SOUTH EAST,All types,2016-Q4,9787,32.6,
Divorce (inc. Financial Remedy),SOUTH WEST,2 Petitioner Only,2016-Q4,1658,21.3,
Divorce (inc. Financial Remedy),NORTH EAST,All types,2016-Q4,3395,25.2,
Divorce (inc. Financial Remedy),England & Wales,3 Respondent Only,2016-Q4,856,31.5,
Divorce (inc. Financial Remedy),MIDLANDS,4 Neither,2016-Q4,1505,20.6,
Divorce (inc. Financial Remedy),SOUTH WEST,4 Neither,2016-Q4,1413,22,
Divorce (inc. Financial Remedy),LONDON,3 Respondent Only,2016-Q4,34,132.5,
Divorce (inc. Financial Remedy),WALES,3 Respondent Only,2016-Q4,69,26.1,
Divorce (inc. Financial Remedy),LONDON,2 Petitioner Only,2016-Q4,187,120.9,
Divorce (inc. Financial Remedy),LONDON,All types,2016-Q4,496,109.5,
Divorce (inc. Financial Remedy),NORTH WEST,1 Both,2016-Q4,595,23.9,
Divorce (inc. Financial Remedy),NORTH WEST,2 Petitioner Only,2016-Q4,848,24.6,
Divorce (inc. Financial Remedy),SOUTH WEST,All types,2016-Q4,3969,22,
Divorce (inc. Financial Remedy),NORTH WEST,4 Neither,2016-Q4,861,20.2,
Divorce (inc. Financial Remedy),NORTH EAST,1 Both,2016-Q4,889,24.3,
Divorce (inc. Financial Remedy),WALES,1 Both,2016-Q4,403,21.4,
Divorce (inc. Financial Remedy),LONDON,4 Neither,2016-Q4,156,126.8,
Divorce (inc. Financial Remedy),SOUTH WEST,3 Respondent Only,2016-Q4,113,29.4,
Divorce (inc. Financial Remedy),England & Wales,All types,2016-Q4,26318,28,
Divorce (inc. Financial Remedy),LONDON,1 Both,2016-Q4,119,62.4,
Divorce (inc. Financial Remedy),England & Wales,4 Neither,2016-Q4,10678,29.6,
Divorce (inc. Financial Remedy),England & Wales,2 Petitioner Only,2016-Q4,8904,27.6,
Divorce (inc. Financial Remedy),England & Wales,1 Both,2016-Q4,5880,25.1,
Divorce (inc. Financial Remedy),NORTH EAST,4 Neither,2016-Q4,1201,24.6,
Divorce (inc. Financial Remedy),NORTH EAST,2 Petitioner Only,2016-Q4,1211,26.5,
Divorce (inc. Financial Remedy),WALES,4 Neither,2016-Q4,1231,17.8,
Divorce (inc. Financial Remedy),MIDLANDS,1 Both,2016-Q4,1045,20.9,
Divorce (inc. Financial Remedy),SOUTH WEST,1 Both,2017-Q1,899,21.5,
Divorce (inc. Financial Remedy),NORTH EAST,3 Respondent Only,2017-Q1,81,27,
Divorce (inc. Financial Remedy),NORTH EAST,2 Petitioner Only,2017-Q1,1066,26.9,
Divorce (inc. Financial Remedy),NORTH WEST,3 Respondent Only,2017-Q1,103,28.3,
Divorce (inc. Financial Remedy),NORTH EAST,1 Both,2017-Q1,793,27.1,
Divorce (inc. Financial Remedy),SOUTH EAST,4 Neither,2017-Q1,4887,25,
Divorce (inc. Financial Remedy),WALES,1 Both,2017-Q1,418,20.1,
Divorce (inc. Financial Remedy),WALES,2 Petitioner Only,2017-Q1,601,22,
Divorce (inc. Financial Remedy),NORTH WEST,4 Neither,2017-Q1,1337,21,
Divorce (inc. Financial Remedy),SOUTH EAST,1 Both,2017-Q1,2147,24.3,
Divorce (inc. Financial Remedy),SOUTH WEST,All types,2017-Q1,4632,21.2,
Divorce (inc. Financial Remedy),NORTH WEST,All types,2017-Q1,3354,22.4,
Divorce (inc. Financial Remedy),NORTH EAST,All types,2017-Q1,3054,26.5,
Divorce (inc. Financial Remedy),SOUTH EAST,2 Petitioner Only,2017-Q1,3372,26.8,
Divorce (inc. Financial Remedy),MIDLANDS,2 Petitioner Only,2017-Q1,1566,23.5,
Divorce (inc. Financial Remedy),WALES,3 Respondent Only,2017-Q1,57,20.7,
Divorce (inc. Financial Remedy),SOUTH EAST,3 Respondent Only,2017-Q1,412,27.1,
Divorce (inc. Financial Remedy),LONDON,2 Petitioner Only,2017-Q1,126,107.1,
Divorce (inc. Financial Remedy),WALES,4 Neither,2017-Q1,774,22.5,
Divorce (inc. Financial Remedy),WALES,All types,2017-Q1,1850,21.7,
Divorce (inc. Financial Remedy),LONDON,All types,2017-Q1,442,95.9,
Divorce (inc. Financial Remedy),NORTH WEST,1 Both,2017-Q1,809,23.5,
Divorce (inc. Financial Remedy),NORTH WEST,2 Petitioner Only,2017-Q1,1105,22.9,
Divorce (inc. Financial Remedy),MIDLANDS,All types,2017-Q1,4744,21.5,
Divorce (inc. Financial Remedy),SOUTH EAST,All types,2017-Q1,10818,25.5,
Divorce (inc. Financial Remedy),MIDLANDS,1 Both,2017-Q1,1216,21,
Divorce (inc. Financial Remedy),LONDON,1 Both,2017-Q1,160,56.2,
Divorce (inc. Financial Remedy),LONDON,4 Neither,2017-Q1,117,132.1,
Divorce (inc. Financial Remedy),SOUTH WEST,4 Neither,2017-Q1,1668,21.8,
Divorce (inc. Financial Remedy),England & Wales,All types,2017-Q1,28894,24.7,
Divorce (inc. Financial Remedy),LONDON,3 Respondent Only,2017-Q1,39,114,
Divorce (inc. Financial Remedy),MIDLANDS,3 Respondent Only,2017-Q1,149,23.8,
Divorce (inc. Financial Remedy),SOUTH WEST,3 Respondent Only,2017-Q1,130,26,
Divorce (inc. Financial Remedy),England & Wales,1 Both,2017-Q1,6442,24,
Divorce (inc. Financial Remedy),England & Wales,4 Neither,2017-Q1,11710,24.3,
Divorce (inc. Financial Remedy),SOUTH WEST,2 Petitioner Only,2017-Q1,1935,20.1,
Divorce (inc. Financial Remedy),MIDLANDS,4 Neither,2017-Q1,1813,20,
Divorce (inc. Financial Remedy),England & Wales,3 Respondent Only,2017-Q1,971,29.7,
Divorce (inc. Financial Remedy),NORTH EAST,4 Neither,2017-Q1,1114,25.7,
Divorce (inc. Financial Remedy),England & Wales,2 Petitioner Only,2017-Q1,9771,25.3,
Divorce (inc. Financial Remedy),SOUTH WEST,2 Petitioner Only,2017-Q2,1891,20.7,
Divorce (inc. Financial Remedy),SOUTH EAST,4 Neither,2017-Q2,4473,22,
Divorce (inc. Financial Remedy),NORTH EAST,3 Respondent Only,2017-Q2,82,33.2,
Divorce (inc. Financial Remedy),WALES,3 Respondent Only,2017-Q2,44,27.1,
Divorce (inc. Financial Remedy),NORTH EAST,2 Petitioner Only,2017-Q2,944,30.1,
Divorce (inc. Financial Remedy),MIDLANDS,1 Both,2017-Q2,1063,20.1,
Divorce (inc. Financial Remedy),SOUTH EAST,1 Both,2017-Q2,1945,24.5,
Divorce (inc. Financial Remedy),SOUTH EAST,2 Petitioner Only,2017-Q2,3020,25.4,
Divorce (inc. Financial Remedy),NORTH WEST,3 Respondent Only,2017-Q2,80,22,
Divorce (inc. Financial Remedy),NORTH EAST,All types,2017-Q2,2729,27.3,
Divorce (inc. Financial Remedy),SOUTH EAST,All types,2017-Q2,9775,23.6,
Divorce (inc. Financial Remedy),LONDON,3 Respondent Only,2017-Q2,26,76.4,
Divorce (inc. Financial Remedy),WALES,All types,2017-Q2,1417,22.1,
Divorce (inc. Financial Remedy),MIDLANDS,4 Neither,2017-Q2,1611,19.8,
Divorce (inc. Financial Remedy),NORTH WEST,All types,2017-Q2,2822,20.7,
Divorce (inc. Financial Remedy),NORTH EAST,4 Neither,2017-Q2,1033,24.5,
Divorce (inc. Financial Remedy),NORTH WEST,2 Petitioner Only,2017-Q2,930,21.8,
Divorce (inc. Financial Remedy),SOUTH WEST,4 Neither,2017-Q2,1552,20,
Divorce (inc. Financial Remedy),SOUTH WEST,All types,2017-Q2,4524,20.4,
Divorce (inc. Financial Remedy),NORTH WEST,4 Neither,2017-Q2,1128,18.1,
Divorce (inc. Financial Remedy),NORTH WEST,1 Both,2017-Q2,684,23.2,
Divorce (inc. Financial Remedy),WALES,4 Neither,2017-Q2,538,20.9,
Divorce (inc. Financial Remedy),SOUTH WEST,3 Respondent Only,2017-Q2,108,23.1,
Divorce (inc. Financial Remedy),LONDON,4 Neither,2017-Q2,117,144.5,
Divorce (inc. Financial Remedy),MIDLANDS,3 Respondent Only,2017-Q2,155,24.2,
Divorce (inc. Financial Remedy),LONDON,1 Both,2017-Q2,136,67,
Divorce (inc. Financial Remedy),LONDON,2 Petitioner Only,2017-Q2,120,126,
Divorce (inc. Financial Remedy),WALES,2 Petitioner Only,2017-Q2,509,22,
Divorce (inc. Financial Remedy),SOUTH WEST,1 Both,2017-Q2,973,20.1,
Divorce (inc. Financial Remedy),MIDLANDS,All types,2017-Q2,4113,21.9,
Divorce (inc. Financial Remedy),MIDLANDS,2 Petitioner Only,2017-Q2,1284,25.8,
Divorce (inc. Financial Remedy),LONDON,All types,2017-Q2,399,108.1,
Divorce (inc. Financial Remedy),NORTH EAST,1 Both,2017-Q2,670,26.8,
Divorce (inc. Financial Remedy),SOUTH EAST,3 Respondent Only,2017-Q2,337,23.6,
Divorce (inc. Financial Remedy),WALES,1 Both,2017-Q2,326,23.4,
Divorce (inc. Financial Remedy),England & Wales,All types,2017-Q2,25779,24.1,
Divorce (inc. Financial Remedy),England & Wales,4 Neither,2017-Q2,10452,22.5,
Divorce (inc. Financial Remedy),England & Wales,2 Petitioner Only,2017-Q2,8698,25.8,
Divorce (inc. Financial Remedy),England & Wales,1 Both,2017-Q2,5797,24,
Divorce (inc. Financial Remedy),England & Wales,3 Respondent Only,2017-Q2,832,26.3,
Divorce (inc. Financial Remedy),SOUTH EAST,2 Petitioner Only,2017-Q3,2425,27.8,
Divorce (inc. Financial Remedy),MIDLANDS,2 Petitioner Only,2017-Q3,1334,27.1,
Divorce (inc. Financial Remedy),NORTH EAST,4 Neither,2017-Q3,1198,26.8,
Divorce (inc. Financial Remedy),WALES,2 Petitioner Only,2017-Q3,502,20.4,
Divorce (inc. Financial Remedy),LONDON,4 Neither,2017-Q3,71,153.7,
Divorce (inc. Financial Remedy),SOUTH EAST,4 Neither,2017-Q3,3372,24.2,
Divorce (inc. Financial Remedy),SOUTH WEST,2 Petitioner Only,2017-Q3,1932,19.2,
Divorce (inc. Financial Remedy),WALES,4 Neither,2017-Q3,465,22.8,
Divorce (inc. Financial Remedy),SOUTH WEST,4 Neither,2017-Q3,1627,21.1,
Divorce (inc. Financial Remedy),NORTH WEST,2 Petitioner Only,2017-Q3,1036,23.1,
Divorce (inc. Financial Remedy),LONDON,1 Both,2017-Q3,95,68.5,
Divorce (inc. Financial Remedy),NORTH WEST,All types,2017-Q3,3073,21.9,
Divorce (inc. Financial Remedy),WALES,3 Respondent Only,2017-Q3,42,31.3,
Divorce (inc. Financial Remedy),MIDLANDS,3 Respondent Only,2017-Q3,122,28.7,
Divorce (inc. Financial Remedy),SOUTH WEST,All types,2017-Q3,4643,20.2,
Divorce (inc. Financial Remedy),MIDLANDS,All types,2017-Q3,4044,23.8,
Divorce (inc. Financial Remedy),NORTH WEST,1 Both,2017-Q3,775,21.7,
Divorce (inc. Financial Remedy),MIDLANDS,4 Neither,2017-Q3,1527,21.6,
Divorce (inc. Financial Remedy),NORTH EAST,All types,2017-Q3,3190,28.5,
Divorce (inc. Financial Remedy),SOUTH EAST,All types,2017-Q3,7739,25.6,
Divorce (inc. Financial Remedy),NORTH WEST,4 Neither,2017-Q3,1161,20.6,
Divorce (inc. Financial Remedy),SOUTH WEST,1 Both,2017-Q3,957,19.8,
Divorce (inc. Financial Remedy),SOUTH WEST,3 Respondent Only,2017-Q3,127,27.1,
Divorce (inc. Financial Remedy),LONDON,2 Petitioner Only,2017-Q3,92,159.5,
Divorce (inc. Financial Remedy),NORTH EAST,1 Both,2017-Q3,823,28.7,
Divorce (inc. Financial Remedy),NORTH EAST,2 Petitioner Only,2017-Q3,1074,30.1,
Divorce (inc. Financial Remedy),SOUTH EAST,1 Both,2017-Q3,1681,25.2,
Divorce (inc. Financial Remedy),MIDLANDS,1 Both,2017-Q3,1061,22.2,
Divorce (inc. Financial Remedy),SOUTH EAST,3 Respondent Only,2017-Q3,261,27,
Divorce (inc. Financial Remedy),WALES,All types,2017-Q3,1362,22.2,
Divorce (inc. Financial Remedy),LONDON,All types,2017-Q3,285,120.1,
Divorce (inc. Financial Remedy),NORTH EAST,3 Respondent Only,2017-Q3,95,32.5,
Divorce (inc. Financial Remedy),England & Wales,All types,2017-Q3,24336,25.1,
Divorce (inc. Financial Remedy),WALES,1 Both,2017-Q3,353,22.9,
Divorce (inc. Financial Remedy),England & Wales,4 Neither,2017-Q3,9421,24,
Divorce (inc. Financial Remedy),NORTH WEST,3 Respondent Only,2017-Q3,101,27.1,
Divorce (inc. Financial Remedy),England & Wales,3 Respondent Only,2017-Q3,775,30,
Divorce (inc. Financial Remedy),LONDON,3 Respondent Only,2017-Q3,27,79.3,
Divorce (inc. Financial Remedy),England & Wales,1 Both,2017-Q3,5745,24.3,
Divorce (inc. Financial Remedy),England & Wales,2 Petitioner Only,2017-Q3,8395,26.4,
Divorce (inc. Financial Remedy),NORTH WEST,4 Neither,2017-Q4,1130,19.8,
Divorce (inc. Financial Remedy),SOUTH EAST,4 Neither,2017-Q4,3702,25.1,
Divorce (inc. Financial Remedy),SOUTH WEST,4 Neither,2017-Q4,1486,21.6,
Divorce (inc. Financial Remedy),NORTH EAST,3 Respondent Only,2017-Q4,95,32.1,
Divorce (inc. Financial Remedy),WALES,4 Neither,2017-Q4,543,19.7,
Divorce (inc. Financial Remedy),MIDLANDS,2 Petitioner Only,2017-Q4,995,30,
Divorce (inc. Financial Remedy),LONDON,2 Petitioner Only,2017-Q4,53,126.1,
Divorce (inc. Financial Remedy),NORTH WEST,2 Petitioner Only,2017-Q4,971,23.4,
Divorce (inc. Financial Remedy),NORTH EAST,2 Petitioner Only,2017-Q4,1307,28.9,
Divorce (inc. Financial Remedy),WALES,3 Respondent Only,2017-Q4,33,20.4,
Divorce (inc. Financial Remedy),LONDON,All types,2017-Q4,200,128,
Divorce (inc. Financial Remedy),NORTH EAST,All types,2017-Q4,3682,27.6,
Divorce (inc. Financial Remedy),NORTH EAST,1 Both,2017-Q4,841,26.8,
Divorce (inc. Financial Remedy),SOUTH EAST,2 Petitioner Only,2017-Q4,2632,28.6,
Divorce (inc. Financial Remedy),MIDLANDS,All types,2017-Q4,3062,27,
Divorce (inc. Financial Remedy),SOUTH WEST,All types,2017-Q4,4528,20.6,
Divorce (inc. Financial Remedy),England & Wales,1 Both,2017-Q4,5748,25.2,
Divorce (inc. Financial Remedy),NORTH WEST,1 Both,2017-Q4,762,24.7,
Divorce (inc. Financial Remedy),SOUTH EAST,3 Respondent Only,2017-Q4,322,28.5,
Divorce (inc. Financial Remedy),MIDLANDS,3 Respondent Only,2017-Q4,85,28.3,
Divorce (inc. Financial Remedy),LONDON,3 Respondent Only,2017-Q4,12,103.2,
Divorce (inc. Financial Remedy),LONDON,4 Neither,2017-Q4,62,187.3,
Divorce (inc. Financial Remedy),NORTH WEST,All types,2017-Q4,2931,22.4,
Divorce (inc. Financial Remedy),SOUTH WEST,1 Both,2017-Q4,990,20.7,
Divorce (inc. Financial Remedy),WALES,All types,2017-Q4,1567,20.4,
Divorce (inc. Financial Remedy),SOUTH WEST,2 Petitioner Only,2017-Q4,1948,19.6,
Divorce (inc. Financial Remedy),SOUTH EAST,All types,2017-Q4,8474,26.4,
Divorce (inc. Financial Remedy),NORTH EAST,4 Neither,2017-Q4,1439,26.7,
Divorce (inc. Financial Remedy),WALES,1 Both,2017-Q4,408,21.1,
Divorce (inc. Financial Remedy),MIDLANDS,4 Neither,2017-Q4,1126,24.8,
Divorce (inc. Financial Remedy),England & Wales,All types,2017-Q4,24444,25.5,
Divorce (inc. Financial Remedy),England & Wales,3 Respondent Only,2017-Q4,719,28.7,
Divorce (inc. Financial Remedy),NORTH WEST,3 Respondent Only,2017-Q4,68,24.4,
Divorce (inc. Financial Remedy),LONDON,1 Both,2017-Q4,73,83,
Divorce (inc. Financial Remedy),England & Wales,4 Neither,2017-Q4,9488,24.9,
Divorce (inc. Financial Remedy),SOUTH WEST,3 Respondent Only,2017-Q4,104,23.2,
Divorce (inc. Financial Remedy),WALES,2 Petitioner Only,2017-Q4,583,20.5,
Divorce (inc. Financial Remedy),SOUTH EAST,1 Both,2017-Q4,1818,25.5,
Divorce (inc. Financial Remedy),MIDLANDS,1 Both,2017-Q4,856,26.1,
Divorce (inc. Financial Remedy),England & Wales,2 Petitioner Only,2017-Q4,8489,26.2,
Divorce (inc. Financial Remedy),NORTH EAST,4 Neither,2018-Q1,1385,25.2,
Divorce (inc. Financial Remedy),SOUTH WEST,4 Neither,2018-Q1,1653,19.8,
Divorce (inc. Financial Remedy),SOUTH WEST,2 Petitioner Only,2018-Q1,2099,20,
Divorce (inc. Financial Remedy),LONDON,4 Neither,2018-Q1,63,212.1,
Divorce (inc. Financial Remedy),SOUTH EAST,4 Neither,2018-Q1,2837,30.7,
Divorce (inc. Financial Remedy),SOUTH WEST,3 Respondent Only,2018-Q1,149,24.9,
Divorce (inc. Financial Remedy),NORTH WEST,4 Neither,2018-Q1,1420,17,
Divorce (inc. Financial Remedy),NORTH WEST,2 Petitioner Only,2018-Q1,1123,22,
Divorce (inc. Financial Remedy),SOUTH WEST,1 Both,2018-Q1,1046,21.4,
Divorce (inc. Financial Remedy),MIDLANDS,2 Petitioner Only,2018-Q1,1147,34.2,
Divorce (inc. Financial Remedy),NORTH EAST,1 Both,2018-Q1,864,26.4,
Divorce (inc. Financial Remedy),WALES,1 Both,2018-Q1,322,22.4,
Divorce (inc. Financial Remedy),LONDON,2 Petitioner Only,2018-Q1,62,202.1,
Divorce (inc. Financial Remedy),MIDLANDS,All types,2018-Q1,3547,31.2,
Divorce (inc. Financial Remedy),LONDON,All types,2018-Q1,193,174.9,
Divorce (inc. Financial Remedy),England & Wales,1 Both,2018-Q1,5258,26.7,
Divorce (inc. Financial Remedy),NORTH EAST,2 Petitioner Only,2018-Q1,1254,27.3,
Divorce (inc. Financial Remedy),WALES,2 Petitioner Only,2018-Q1,404,21.2,
Divorce (inc. Financial Remedy),SOUTH EAST,1 Both,2018-Q1,1329,30.7,
Divorce (inc. Financial Remedy),LONDON,1 Both,2018-Q1,56,104.1,
Divorce (inc. Financial Remedy),WALES,3 Respondent Only,2018-Q1,37,28.1,
Divorce (inc. Financial Remedy),WALES,4 Neither,2018-Q1,414,20.8,
Divorce (inc. Financial Remedy),SOUTH EAST,3 Respondent Only,2018-Q1,246,34.8,
Divorce (inc. Financial Remedy),MIDLANDS,3 Respondent Only,2018-Q1,120,31.8,
Divorce (inc. Financial Remedy),SOUTH EAST,All types,2018-Q1,6377,31.8,
Divorce (inc. Financial Remedy),NORTH WEST,3 Respondent Only,2018-Q1,97,21.2,
Divorce (inc. Financial Remedy),NORTH EAST,All types,2018-Q1,3598,26.4,
Divorce (inc. Financial Remedy),SOUTH WEST,All types,2018-Q1,4947,20.4,
Divorce (inc. Financial Remedy),MIDLANDS,4 Neither,2018-Q1,1428,29.5,
Divorce (inc. Financial Remedy),NORTH WEST,All types,2018-Q1,3429,19.5,
Divorce (inc. Financial Remedy),WALES,All types,2018-Q1,1177,21.6,
Divorce (inc. Financial Remedy),LONDON,3 Respondent Only,2018-Q1,12,169.6,
Divorce (inc. Financial Remedy),NORTH WEST,1 Both,2018-Q1,789,20.3,
Divorce (inc. Financial Remedy),NORTH EAST,3 Respondent Only,2018-Q1,95,30.6,
Divorce (inc. Financial Remedy),England & Wales,All types,2018-Q1,23268,27.3,
Divorce (inc. Financial Remedy),England & Wales,2 Petitioner Only,2018-Q1,8054,28.3,
Divorce (inc. Financial Remedy),England & Wales,4 Neither,2018-Q1,9200,26.4,
Divorce (inc. Financial Remedy),England & Wales,3 Respondent Only,2018-Q1,756,31.9,
Divorce (inc. Financial Remedy),SOUTH EAST,2 Petitioner Only,2018-Q1,1965,33.9,
Divorce (inc. Financial Remedy),MIDLANDS,1 Both,2018-Q1,852,29.8,
Divorce (inc. Financial Remedy),MIDLANDS,4 Neither,2018-Q2,2173,25.9,
Divorce (inc. Financial Remedy),SOUTH WEST,3 Respondent Only,2018-Q2,137,33.2,
Divorce (inc. Financial Remedy),NORTH EAST,3 Respondent Only,2018-Q2,75,31.1,
Divorce (inc. Financial Remedy),SOUTH EAST,1 Both,2018-Q2,1216,34.2,
Divorce (inc. Financial Remedy),WALES,2 Petitioner Only,2018-Q2,459,23.9,
Divorce (inc. Financial Remedy),WALES,3 Respondent Only,2018-Q2,40,28.8,
Divorce (inc. Financial Remedy),NORTH WEST,1 Both,2018-Q2,612,23.3,
Divorce (inc. Financial Remedy),NORTH WEST,2 Petitioner Only,2018-Q2,873,24.4,
Divorce (inc. Financial Remedy),NORTH EAST,4 Neither,2018-Q2,920,29.7,
Divorce (inc. Financial Remedy),LONDON,4 Neither,2018-Q2,48,191.4,
Divorce (inc. Financial Remedy),SOUTH EAST,All types,2018-Q2,5681,36.5,
Divorce (inc. Financial Remedy),LONDON,1 Both,2018-Q2,58,99.5,
Divorce (inc. Financial Remedy),MIDLANDS,3 Respondent Only,2018-Q2,146,30.9,
Divorce (inc. Financial Remedy),SOUTH WEST,All types,2018-Q2,4483,20.5,
Divorce (inc. Financial Remedy),MIDLANDS,All types,2018-Q2,5002,28.7,
Divorce (inc. Financial Remedy),WALES,All types,2018-Q2,1243,23.7,
Divorce (inc. Financial Remedy),SOUTH EAST,4 Neither,2018-Q2,2454,36.7,
Divorce (inc. Financial Remedy),MIDLANDS,1 Both,2018-Q2,1097,28.7,
Divorce (inc. Financial Remedy),NORTH EAST,1 Both,2018-Q2,544,30.2,
Divorce (inc. Financial Remedy),WALES,4 Neither,2018-Q2,401,22.9,
Divorce (inc. Financial Remedy),NORTH EAST,All types,2018-Q2,2354,30.6,
Divorce (inc. Financial Remedy),SOUTH WEST,2 Petitioner Only,2018-Q2,1878,20.9,
Divorce (inc. Financial Remedy),SOUTH WEST,1 Both,2018-Q2,851,22,
Divorce (inc. Financial Remedy),NORTH EAST,2 Petitioner Only,2018-Q2,815,31.7,
Divorce (inc. Financial Remedy),LONDON,2 Petitioner Only,2018-Q2,61,169.9,
Divorce (inc. Financial Remedy),LONDON,3 Respondent Only,2018-Q2,14,116.9,
Divorce (inc. Financial Remedy),SOUTH EAST,2 Petitioner Only,2018-Q2,1788,37.3,
Divorce (inc. Financial Remedy),LONDON,All types,2018-Q2,181,148.9,
Divorce (inc. Financial Remedy),WALES,1 Both,2018-Q2,343,23.9,
Divorce (inc. Financial Remedy),NORTH WEST,All types,2018-Q2,2757,21.2,
Divorce (inc. Financial Remedy),SOUTH EAST,3 Respondent Only,2018-Q2,223,39.9,
Divorce (inc. Financial Remedy),NORTH WEST,4 Neither,2018-Q2,1202,17.8,
Divorce (inc. Financial Remedy),England & Wales,All types,2018-Q2,21701,29,
Divorce (inc. Financial Remedy),NORTH WEST,3 Respondent Only,2018-Q2,70,21.5,
Divorce (inc. Financial Remedy),England & Wales,3 Respondent Only,2018-Q2,705,34.9,
Divorce (inc. Financial Remedy),England & Wales,1 Both,2018-Q2,4721,28.9,
Divorce (inc. Financial Remedy),England & Wales,2 Petitioner Only,2018-Q2,7460,30.2,
Divorce (inc. Financial Remedy),SOUTH WEST,4 Neither,2018-Q2,1617,18.3,
Divorce (inc. Financial Remedy),England & Wales,4 Neither,2018-Q2,8815,27.6,
Divorce (inc. Financial Remedy),MIDLANDS,2 Petitioner Only,2018-Q2,1586,32.2,
Divorce (inc. Financial Remedy),NORTH WEST,2 Petitioner Only,2018-Q3,939,25.4,
Divorce (inc. Financial Remedy),NORTH EAST,3 Respondent Only,2018-Q3,82,37.6,
Divorce (inc. Financial Remedy),SOUTH WEST,3 Respondent Only,2018-Q3,113,27.9,
Divorce (inc. Financial Remedy),NORTH WEST,1 Both,2018-Q3,668,22.8,
Divorce (inc. Financial Remedy),LONDON,2 Petitioner Only,2018-Q3,44,194.3,
Divorce (inc. Financial Remedy),SOUTH WEST,1 Both,2018-Q3,769,22.8,
Divorce (inc. Financial Remedy),MIDLANDS,2 Petitioner Only,2018-Q3,1074,34.5,
Divorce (inc. Financial Remedy),WALES,2 Petitioner Only,2018-Q3,447,23.3,
Divorce (inc. Financial Remedy),SOUTH WEST,2 Petitioner Only,2018-Q3,1748,22.7,
Divorce (inc. Financial Remedy),SOUTH EAST,2 Petitioner Only,2018-Q3,2380,40.3,
Divorce (inc. Financial Remedy),NORTH EAST,1 Both,2018-Q3,792,29.5,
Divorce (inc. Financial Remedy),NORTH WEST,3 Respondent Only,2018-Q3,89,21,
Divorce (inc. Financial Remedy),NORTH WEST,4 Neither,2018-Q3,1214,20.4,
Divorce (inc. Financial Remedy),SOUTH EAST,1 Both,2018-Q3,1659,35.9,
Divorce (inc. Financial Remedy),MIDLANDS,4 Neither,2018-Q3,1722,28.4,
Divorce (inc. Financial Remedy),LONDON,1 Both,2018-Q3,33,90.7,
Divorce (inc. Financial Remedy),WALES,All types,2018-Q3,1161,24.5,
Divorce (inc. Financial Remedy),LONDON,All types,2018-Q3,126,187.5,
Divorce (inc. Financial Remedy),SOUTH WEST,All types,2018-Q3,4120,22.9,
Divorce (inc. Financial Remedy),NORTH WEST,All types,2018-Q3,2910,22.6,
Divorce (inc. Financial Remedy),MIDLANDS,All types,2018-Q3,3634,30.9,
Divorce (inc. Financial Remedy),NORTH EAST,2 Petitioner Only,2018-Q3,1117,31.1,
Divorce (inc. Financial Remedy),England & Wales,1 Both,2018-Q3,4977,30,
Divorce (inc. Financial Remedy),SOUTH WEST,4 Neither,2018-Q3,1490,22.8,
Divorce (inc. Financial Remedy),WALES,1 Both,2018-Q3,326,22.6,
Divorce (inc. Financial Remedy),WALES,4 Neither,2018-Q3,347,27,
Divorce (inc. Financial Remedy),LONDON,4 Neither,2018-Q3,42,270,
Divorce (inc. Financial Remedy),WALES,3 Respondent Only,2018-Q3,41,30.6,
Divorce (inc. Financial Remedy),NORTH EAST,4 Neither,2018-Q3,1031,28.3,
Divorce (inc. Financial Remedy),NORTH EAST,All types,2018-Q3,3022,29.9,
Divorce (inc. Financial Remedy),SOUTH EAST,All types,2018-Q3,7625,38.5,
Divorce (inc. Financial Remedy),MIDLANDS,3 Respondent Only,2018-Q3,108,29.9,
Divorce (inc. Financial Remedy),MIDLANDS,1 Both,2018-Q3,730,32,
Divorce (inc. Financial Remedy),England & Wales,All types,2018-Q3,22598,31.4,
Divorce (inc. Financial Remedy),England & Wales,3 Respondent Only,2018-Q3,721,34.1,
Divorce (inc. Financial Remedy),England & Wales,2 Petitioner Only,2018-Q3,7749,32.3,
Divorce (inc. Financial Remedy),LONDON,3 Respondent Only,2018-Q3,7,105.3,
Divorce (inc. Financial Remedy),SOUTH EAST,3 Respondent Only,2018-Q3,281,40,
Divorce (inc. Financial Remedy),England & Wales,4 Neither,2018-Q3,9151,31.1,
Divorce (inc. Financial Remedy),SOUTH EAST,4 Neither,2018-Q3,3305,38.4,
Divorce (inc. Financial Remedy),SOUTH WEST,4 Neither,2018-Q4,1847,25.3,
Divorce (inc. Financial Remedy),SOUTH EAST,2 Petitioner Only,2018-Q4,2975,35.5,
Divorce (inc. Financial Remedy),WALES,3 Respondent Only,2018-Q4,44,35,
Divorce (inc. Financial Remedy),SOUTH WEST,3 Respondent Only,2018-Q4,137,32.5,
Divorce (inc. Financial Remedy),NORTH WEST,4 Neither,2018-Q4,1323,23.2,
Divorce (inc. Financial Remedy),NORTH EAST,1 Both,2018-Q4,564,33,
Divorce (inc. Financial Remedy),NORTH WEST,2 Petitioner Only,2018-Q4,945,24.4,
Divorce (inc. Financial Remedy),NORTH EAST,2 Petitioner Only,2018-Q4,773,33,
Divorce (inc. Financial Remedy),MIDLANDS,1 Both,2018-Q4,921,32,
Divorce (inc. Financial Remedy),MIDLANDS,3 Respondent Only,2018-Q4,143,36.5,
Divorce (inc. Financial Remedy),LONDON,3 Respondent Only,2018-Q4,8,195.9,
Divorce (inc. Financial Remedy),LONDON,All types,2018-Q4,116,208.7,
Divorce (inc. Financial Remedy),MIDLANDS,All types,2018-Q4,4230,32.9,
Divorce (inc. Financial Remedy),LONDON,1 Both,2018-Q4,36,114.6,
Divorce (inc. Financial Remedy),NORTH EAST,All types,2018-Q4,2182,33,
Divorce (inc. Financial Remedy),SOUTH EAST,4 Neither,2018-Q4,4105,33.7,
Divorce (inc. Financial Remedy),MIDLANDS,4 Neither,2018-Q4,1887,30.4,
Divorce (inc. Financial Remedy),NORTH WEST,All types,2018-Q4,3043,23.4,
Divorce (inc. Financial Remedy),SOUTH EAST,3 Respondent Only,2018-Q4,335,34.2,
Divorce (inc. Financial Remedy),NORTH EAST,4 Neither,2018-Q4,781,32.4,
Divorce (inc. Financial Remedy),SOUTH WEST,2 Petitioner Only,2018-Q4,1567,24.4,
Divorce (inc. Financial Remedy),NORTH WEST,1 Both,2018-Q4,667,22.3,
Divorce (inc. Financial Remedy),MIDLANDS,2 Petitioner Only,2018-Q4,1279,37,
Divorce (inc. Financial Remedy),SOUTH WEST,All types,2018-Q4,4332,25.4,
Divorce (inc. Financial Remedy),SOUTH EAST,All types,2018-Q4,9302,33.9,
Divorce (inc. Financial Remedy),WALES,All types,2018-Q4,1498,26.4,
Divorce (inc. Financial Remedy),WALES,1 Both,2018-Q4,434,22.7,
Divorce (inc. Financial Remedy),SOUTH WEST,1 Both,2018-Q4,781,26.2,
Divorce (inc. Financial Remedy),NORTH EAST,3 Respondent Only,2018-Q4,64,41.4,
Divorce (inc. Financial Remedy),WALES,4 Neither,2018-Q4,422,28.9,
Divorce (inc. Financial Remedy),SOUTH EAST,1 Both,2018-Q4,1887,31.9,
Divorce (inc. Financial Remedy),WALES,2 Petitioner Only,2018-Q4,598,26.7,
Divorce (inc. Financial Remedy),NORTH WEST,3 Respondent Only,2018-Q4,108,24.6,
Divorce (inc. Financial Remedy),LONDON,2 Petitioner Only,2018-Q4,36,232.1,
Divorce (inc. Financial Remedy),England & Wales,All types,2018-Q4,24703,31.3,
Divorce (inc. Financial Remedy),LONDON,4 Neither,2018-Q4,36,282.2,
Divorce (inc. Financial Remedy),England & Wales,4 Neither,2018-Q4,10401,30.8,
Divorce (inc. Financial Remedy),England & Wales,1 Both,2018-Q4,5290,29.8,
Divorce (inc. Financial Remedy),England & Wales,2 Petitioner Only,2018-Q4,8173,32.3,
Divorce (inc. Financial Remedy),England & Wales,3 Respondent Only,2018-Q4,839,35.2,
Divorce (inc. Financial Remedy),SOUTH EAST,2 Petitioner Only,2019-Q1,3157,38.3,
Divorce (inc. Financial Remedy),WALES,1 Both,2019-Q1,376,25.8,
Divorce (inc. Financial Remedy),MIDLANDS,3 Respondent Only,2019-Q1,154,34.9,
Divorce (inc. Financial Remedy),SOUTH WEST,4 Neither,2019-Q1,1824,29.5,
Divorce (inc. Financial Remedy),NORTH WEST,2 Petitioner Only,2019-Q1,1042,27.3,
Divorce (inc. Financial Remedy),WALES,4 Neither,2019-Q1,321,30,
Divorce (inc. Financial Remedy),SOUTH EAST,4 Neither,2019-Q1,3673,39.2,
Divorce (inc. Financial Remedy),MIDLANDS,4 Neither,2019-Q1,2094,33.2,
Divorce (inc. Financial Remedy),WALES,All types,2019-Q1,1172,26.9,
Divorce (inc. Financial Remedy),MIDLANDS,All types,2019-Q1,3968,36.8,
Divorce (inc. Financial Remedy),NORTH WEST,All types,2019-Q1,3305,26.8,
Divorce (inc. Financial Remedy),SOUTH WEST,All types,2019-Q1,4503,28,
Divorce (inc. Financial Remedy),NORTH WEST,1 Both,2019-Q1,737,24,
Divorce (inc. Financial Remedy),NORTH EAST,All types,2019-Q1,3347,32.9,
Divorce (inc. Financial Remedy),SOUTH WEST,2 Petitioner Only,2019-Q1,1687,25.8,
Divorce (inc. Financial Remedy),SOUTH EAST,1 Both,2019-Q1,2124,33.2,
Divorce (inc. Financial Remedy),NORTH EAST,3 Respondent Only,2019-Q1,82,37.7,
Divorce (inc. Financial Remedy),NORTH EAST,1 Both,2019-Q1,967,30.5,
Divorce (inc. Financial Remedy),WALES,2 Petitioner Only,2019-Q1,447,25.4,
Divorce (inc. Financial Remedy),LONDON,3 Respondent Only,2019-Q1,11,148.5,
Divorce (inc. Financial Remedy),SOUTH WEST,1 Both,2019-Q1,842,28.2,
Divorce (inc. Financial Remedy),NORTH EAST,4 Neither,2019-Q1,1015,33.2,
Divorce (inc. Financial Remedy),NORTH EAST,2 Petitioner Only,2019-Q1,1283,34.1,
Divorce (inc. Financial Remedy),SOUTH WEST,3 Respondent Only,2019-Q1,150,31.2,
Divorce (inc. Financial Remedy),NORTH WEST,3 Respondent Only,2019-Q1,114,29,
Divorce (inc. Financial Remedy),SOUTH EAST,3 Respondent Only,2019-Q1,340,41.7,
Divorce (inc. Financial Remedy),SOUTH EAST,All types,2019-Q1,9294,37.6,
Divorce (inc. Financial Remedy),MIDLANDS,2 Petitioner Only,2019-Q1,1047,42.4,
Divorce (inc. Financial Remedy),LONDON,All types,2019-Q1,140,187.1,
Divorce (inc. Financial Remedy),England & Wales,All types,2019-Q1,25729,34.1,
Divorce (inc. Financial Remedy),MIDLANDS,1 Both,2019-Q1,673,39.6,
Divorce (inc. Financial Remedy),LONDON,2 Petitioner Only,2019-Q1,49,226.4,
Divorce (inc. Financial Remedy),LONDON,4 Neither,2019-Q1,40,193.1,
Divorce (inc. Financial Remedy),LONDON,1 Both,2019-Q1,40,143.7,
Divorce (inc. Financial Remedy),WALES,3 Respondent Only,2019-Q1,28,28.6,
Divorce (inc. Financial Remedy),England & Wales,1 Both,2019-Q1,5759,31.9,
Divorce (inc. Financial Remedy),England & Wales,2 Petitioner Only,2019-Q1,8712,34.9,
Divorce (inc. Financial Remedy),England & Wales,4 Neither,2019-Q1,10379,34.4,
Divorce (inc. Financial Remedy),England & Wales,3 Respondent Only,2019-Q1,879,37.6,
Divorce (inc. Financial Remedy),NORTH WEST,4 Neither,2019-Q1,1412,27.7,
Divorce (inc. Financial Remedy),SOUTH EAST,4 Neither,2019-Q2,2457,39.6,
Divorce (inc. Financial Remedy),SOUTH EAST,1 Both,2019-Q2,1623,34,
Divorce (inc. Financial Remedy),NORTH EAST,2 Petitioner Only,2019-Q2,1331,32.4,
Divorce (inc. Financial Remedy),LONDON,3 Respondent Only,2019-Q2,10,133.8,
Divorce (inc. Financial Remedy),MIDLANDS,2 Petitioner Only,2019-Q2,1029,41.1,
Divorce (inc. Financial Remedy),NORTH WEST,4 Neither,2019-Q2,2330,29.8,
Divorce (inc. Financial Remedy),WALES,2 Petitioner Only,2019-Q2,464,25.8,
Divorce (inc. Financial Remedy),NORTH WEST,3 Respondent Only,2019-Q2,156,32,
Divorce (inc. Financial Remedy),SOUTH WEST,3 Respondent Only,2019-Q2,142,33.9,
Divorce (inc. Financial Remedy),MIDLANDS,4 Neither,2019-Q2,4411,30.7,
Divorce (inc. Financial Remedy),LONDON,4 Neither,2019-Q2,42,231.9,
Divorce (inc. Financial Remedy),LONDON,2 Petitioner Only,2019-Q2,43,138.8,
Divorce (inc. Financial Remedy),SOUTH WEST,All types,2019-Q2,4771,29.1,
Divorce (inc. Financial Remedy),NORTH WEST,All types,2019-Q2,3852,29.5,
Divorce (inc. Financial Remedy),SOUTH WEST,2 Petitioner Only,2019-Q2,1705,28.3,
Divorce (inc. Financial Remedy),SOUTH EAST,2 Petitioner Only,2019-Q2,2376,38.3,
Divorce (inc. Financial Remedy),SOUTH EAST,3 Respondent Only,2019-Q2,263,48.1,
Divorce (inc. Financial Remedy),NORTH WEST,1 Both,2019-Q2,588,25.5,
Divorce (inc. Financial Remedy),NORTH EAST,4 Neither,2019-Q2,1181,32.7,
Divorce (inc. Financial Remedy),WALES,3 Respondent Only,2019-Q2,36,37.5,
Divorce (inc. Financial Remedy),MIDLANDS,3 Respondent Only,2019-Q2,231,35.4,
Divorce (inc. Financial Remedy),SOUTH WEST,4 Neither,2019-Q2,2047,30.1,
Divorce (inc. Financial Remedy),LONDON,All types,2019-Q2,139,149.8,
Divorce (inc. Financial Remedy),MIDLANDS,1 Both,2019-Q2,547,40.3,
Divorce (inc. Financial Remedy),NORTH WEST,2 Petitioner Only,2019-Q2,778,31.3,
Divorce (inc. Financial Remedy),WALES,All types,2019-Q2,1138,28.3,
Divorce (inc. Financial Remedy),NORTH EAST,All types,2019-Q2,3634,32.3,
Divorce (inc. Financial Remedy),SOUTH EAST,All types,2019-Q2,6719,38.1,
Divorce (inc. Financial Remedy),MIDLANDS,All types,2019-Q2,6218,33.5,
Divorce (inc. Financial Remedy),SOUTH WEST,1 Both,2019-Q2,877,27.5,
Divorce (inc. Financial Remedy),WALES,1 Both,2019-Q2,346,25.8,
Divorce (inc. Financial Remedy),England & Wales,All types,2019-Q2,26471,33.5,
Divorce (inc. Financial Remedy),WALES,4 Neither,2019-Q2,292,33.9,
Divorce (inc. Financial Remedy),LONDON,1 Both,2019-Q2,44,86,
Divorce (inc. Financial Remedy),NORTH EAST,3 Respondent Only,2019-Q2,92,37.4,
Divorce (inc. Financial Remedy),England & Wales,3 Respondent Only,2019-Q2,930,39.5,
Divorce (inc. Financial Remedy),England & Wales,2 Petitioner Only,2019-Q2,7726,34.6,
Divorce (inc. Financial Remedy),England & Wales,1 Both,2019-Q2,5055,31.9,
Divorce (inc. Financial Remedy),England & Wales,4 Neither,2019-Q2,12760,33.1,
Divorce (inc. Financial Remedy),NORTH EAST,1 Both,2019-Q2,1030,31.4,
Divorce (inc. Financial Remedy),NORTH WEST,1 Both,2019-Q3,851,28.2,
Divorce (inc. Financial Remedy),NORTH WEST,3 Respondent Only,2019-Q3,163,36.9,
Divorce (inc. Financial Remedy),SOUTH WEST,3 Respondent Only,2019-Q3,134,38.3,
Divorce (inc. Financial Remedy),WALES,4 Neither,2019-Q3,336,30,
Divorce (inc. Financial Remedy),MIDLANDS,4 Neither,2019-Q3,8233,20.6,
Divorce (inc. Financial Remedy),SOUTH EAST,3 Respondent Only,2019-Q3,292,44.7,
Divorce (inc. Financial Remedy),NORTH EAST,4 Neither,2019-Q3,1212,33.1,
Divorce (inc. Financial Remedy),LONDON,3 Respondent Only,2019-Q3,12,130.3,
Divorce (inc. Financial Remedy),SOUTH WEST,2 Petitioner Only,2019-Q3,1746,27.3,
Divorce (inc. Financial Remedy),NORTH EAST,2 Petitioner Only,2019-Q3,1482,36,
Divorce (inc. Financial Remedy),MIDLANDS,3 Respondent Only,2019-Q3,350,29.1,
Divorce (inc. Financial Remedy),COURT TRIBUNAL SERVICE CENTRE,3 Respondent Only,2019-Q3,1,12.4,
Divorce (inc. Financial Remedy),MIDLANDS,All types,2019-Q3,9918,22.2,
Divorce (inc. Financial Remedy),NORTH EAST,All types,2019-Q3,3952,34.2,
Divorce (inc. Financial Remedy),NORTH WEST,4 Neither,2019-Q3,2669,31.9,
Divorce (inc. Financial Remedy),SOUTH WEST,4 Neither,2019-Q3,1956,33.3,
Divorce (inc. Financial Remedy),SOUTH EAST,2 Petitioner Only,2019-Q3,2941,38.7,
Divorce (inc. Financial Remedy),NORTH WEST,2 Petitioner Only,2019-Q3,1206,31.2,
Divorce (inc. Financial Remedy),NORTH WEST,All types,2019-Q3,4889,31.2,
Divorce (inc. Financial Remedy),SOUTH EAST,1 Both,2019-Q3,2052,34.7,
Divorce (inc. Financial Remedy),MIDLANDS,2 Petitioner Only,2019-Q3,966,29,
Divorce (inc. Financial Remedy),WALES,2 Petitioner Only,2019-Q3,589,26.1,
Divorce (inc. Financial Remedy),WALES,3 Respondent Only,2019-Q3,36,44.5,
Divorce (inc. Financial Remedy),LONDON,4 Neither,2019-Q3,44,207.2,
Divorce (inc. Financial Remedy),NORTH EAST,3 Respondent Only,2019-Q3,108,42.6,
Divorce (inc. Financial Remedy),COURT TRIBUNAL SERVICE CENTRE,4 Neither,2019-Q3,40,12.5,
Divorce (inc. Financial Remedy),LONDON,1 Both,2019-Q3,29,78.2,
Divorce (inc. Financial Remedy),COURT TRIBUNAL SERVICE CENTRE,2 Petitioner Only,2019-Q3,2,11.6,
Divorce (inc. Financial Remedy),NORTH EAST,1 Both,2019-Q3,1150,32.2,
Divorce (inc. Financial Remedy),WALES,All types,2019-Q3,1395,26.6,
Divorce (inc. Financial Remedy),COURT TRIBUNAL SERVICE CENTRE,All types,2019-Q3,43,12.5,
Divorce (inc. Financial Remedy),SOUTH EAST,All types,2019-Q3,8222,38.6,
Divorce (inc. Financial Remedy),SOUTH WEST,All types,2019-Q3,4633,30.7,
Divorce (inc. Financial Remedy),WALES,1 Both,2019-Q3,434,23.4,
Divorce (inc. Financial Remedy),MIDLANDS,1 Both,2019-Q3,369,32.7,
Divorce (inc. Financial Remedy),LONDON,All types,2019-Q3,122,154.7,
Divorce (inc. Financial Remedy),England & Wales,All types,2019-Q3,33174,30.9,
Divorce (inc. Financial Remedy),England & Wales,3 Respondent Only,2019-Q3,1096,38.5,
Divorce (inc. Financial Remedy),LONDON,2 Petitioner Only,2019-Q3,37,160.1,
Divorce (inc. Financial Remedy),England & Wales,4 Neither,2019-Q3,17427,28.6,
Divorce (inc. Financial Remedy),England & Wales,2 Petitioner Only,2019-Q3,8969,33.6,
Divorce (inc. Financial Remedy),SOUTH EAST,4 Neither,2019-Q3,2937,40.6,
Divorce (inc. Financial Remedy),England & Wales,1 Both,2019-Q3,5682,31.9,
Divorce (inc. Financial Remedy),SOUTH WEST,1 Both,2019-Q3,797,30.4,
Divorce (inc. Financial Remedy),NORTH EAST,2 Petitioner Only,2019-Q4,934,39.7,
Divorce (inc. Financial Remedy),NORTH WEST,1 Both,2019-Q4,1017,26.4,
Divorce (inc. Financial Remedy),LONDON,2 Petitioner Only,2019-Q4,25,189.4,
Divorce (inc. Financial Remedy),NORTH WEST,4 Neither,2019-Q4,2025,40.6,
Divorce (inc. Financial Remedy),LONDON,3 Respondent Only,2019-Q4,7,232.1,
Divorce (inc. Financial Remedy),LONDON,4 Neither,2019-Q4,45,198,
Divorce (inc. Financial Remedy),SOUTH WEST,2 Petitioner Only,2019-Q4,1822,28.1,
Divorce (inc. Financial Remedy),LONDON,1 Both,2019-Q4,24,111.7,
Divorce (inc. Financial Remedy),SOUTH WEST,1 Both,2019-Q4,989,27.4,
Divorce (inc. Financial Remedy),SOUTH EAST,3 Respondent Only,2019-Q4,179,46,
Divorce (inc. Financial Remedy),NORTH EAST,1 Both,2019-Q4,691,36.1,
Divorce (inc. Financial Remedy),SOUTH WEST,3 Respondent Only,2019-Q4,172,43.6,
Divorce (inc. Financial Remedy),COURT TRIBUNAL SERVICE CENTRE,1 Both,2019-Q4,111,13.8,
Divorce (inc. Financial Remedy),SOUTH WEST,All types,2019-Q4,5635,33.6,
Divorce (inc. Financial Remedy),NORTH WEST,All types,2019-Q4,4583,33.8,
Divorce (inc. Financial Remedy),SOUTH EAST,All types,2019-Q4,4877,37.9,
Divorce (inc. Financial Remedy),SOUTH EAST,1 Both,2019-Q4,1290,33.4,
Divorce (inc. Financial Remedy),MIDLANDS,4 Neither,2019-Q4,1954,25.8,
Divorce (inc. Financial Remedy),SOUTH WEST,4 Neither,2019-Q4,2652,38.9,
Divorce (inc. Financial Remedy),NORTH EAST,All types,2019-Q4,2428,38.2,
Divorce (inc. Financial Remedy),England & Wales,3 Respondent Only,2019-Q4,834,38,
Divorce (inc. Financial Remedy),WALES,2 Petitioner Only,2019-Q4,343,25.7,
Divorce (inc. Financial Remedy),MIDLANDS,2 Petitioner Only,2019-Q4,311,37.8,
Divorce (inc. Financial Remedy),COURT TRIBUNAL SERVICE CENTRE,2 Petitioner Only,2019-Q4,427,13.8,
Divorce (inc. Financial Remedy),WALES,1 Both,2019-Q4,254,24.5,
Divorce (inc. Financial Remedy),MIDLANDS,3 Respondent Only,2019-Q4,86,30.3,
Divorce (inc. Financial Remedy),NORTH WEST,3 Respondent Only,2019-Q4,137,40.4,
Divorce (inc. Financial Remedy),COURT TRIBUNAL SERVICE CENTRE,All types,2019-Q4,9277,13.4,
Divorce (inc. Financial Remedy),MIDLANDS,All types,2019-Q4,2469,28.5,
Divorce (inc. Financial Remedy),WALES,4 Neither,2019-Q4,185,34.3,
Divorce (inc. Financial Remedy),MIDLANDS,1 Both,2019-Q4,118,47.8,
Divorce (inc. Financial Remedy),SOUTH EAST,2 Petitioner Only,2019-Q4,1765,38.6,
Divorce (inc. Financial Remedy),WALES,All types,2019-Q4,811,27.5,
Divorce (inc. Financial Remedy),LONDON,All types,2019-Q4,101,177.7,
Divorce (inc. Financial Remedy),NORTH WEST,2 Petitioner Only,2019-Q4,1404,28.8,
Divorce (inc. Financial Remedy),WALES,3 Respondent Only,2019-Q4,29,31.8,
Divorce (inc. Financial Remedy),COURT TRIBUNAL SERVICE CENTRE,3 Respondent Only,2019-Q4,158,13.8,
Divorce (inc. Financial Remedy),England & Wales,All types,2019-Q4,30181,28.4,
Divorce (inc. Financial Remedy),England & Wales,1 Both,2019-Q4,4494,30.7,
Divorce (inc. Financial Remedy),England & Wales,4 Neither,2019-Q4,17822,25.8,
Divorce (inc. Financial Remedy),NORTH EAST,3 Respondent Only,2019-Q4,66,46.6,
Divorce (inc. Financial Remedy),England & Wales,2 Petitioner Only,2019-Q4,7031,32.4,
Divorce (inc. Financial Remedy),NORTH EAST,4 Neither,2019-Q4,737,37.7,
Divorce (inc. Financial Remedy),SOUTH EAST,4 Neither,2019-Q4,1643,40,
Divorce (inc. Financial Remedy),COURT TRIBUNAL SERVICE CENTRE,4 Neither,2019-Q4,8581,13.4,
Divorce (inc. Financial Remedy),COURT TRIBUNAL SERVICE CENTRE,4 Neither,2020-Q1,12325,11.1,
Divorce (inc. Financial Remedy),SOUTH EAST,1 Both,2020-Q1,3000,32.6,
Divorce (inc. Financial Remedy),NORTH WEST,2 Petitioner Only,2020-Q1,1603,29.6,
Divorce (inc. Financial Remedy),COURT TRIBUNAL SERVICE CENTRE,3 Respondent Only,2020-Q1,118,13.6,
Divorce (inc. Financial Remedy),MIDLANDS,3 Respondent Only,2020-Q1,56,51,
Divorce (inc. Financial Remedy),WALES,3 Respondent Only,2020-Q1,26,35,
Divorce (inc. Financial Remedy),SOUTH WEST,1 Both,2020-Q1,594,32.5,
Divorce (inc. Financial Remedy),NORTH EAST,1 Both,2020-Q1,169,49.8,
Divorce (inc. Financial Remedy),SOUTH WEST,4 Neither,2020-Q1,935,50.8,
Divorce (inc. Financial Remedy),NORTH WEST,3 Respondent Only,2020-Q1,172,39.6,
Divorce (inc. Financial Remedy),NORTH EAST,2 Petitioner Only,2020-Q1,229,65.4,
Divorce (inc. Financial Remedy),LONDON,2 Petitioner Only,2020-Q1,36,180,
Divorce (inc. Financial Remedy),NORTH EAST,All types,2020-Q1,557,57.7,
Divorce (inc. Financial Remedy),LONDON,All types,2020-Q1,104,149.2,
Divorce (inc. Financial Remedy),SOUTH EAST,All types,2020-Q1,10776,36.8,
Divorce (inc. Financial Remedy),SOUTH EAST,2 Petitioner Only,2020-Q1,4178,36.8,
Divorce (inc. Financial Remedy),NORTH WEST,All types,2020-Q1,4755,35.3,
Divorce (inc. Financial Remedy),NORTH WEST,1 Both,2020-Q1,1242,25.7,
Divorce (inc. Financial Remedy),SOUTH WEST,2 Petitioner Only,2020-Q1,1196,33.4,
Divorce (inc. Financial Remedy),NORTH WEST,4 Neither,2020-Q1,1738,47.2,
Divorce (inc. Financial Remedy),WALES,2 Petitioner Only,2020-Q1,384,29.8,
Divorce (inc. Financial Remedy),WALES,1 Both,2020-Q1,342,26.6,
Divorce (inc. Financial Remedy),MIDLANDS,4 Neither,2020-Q1,499,62.9,
Divorce (inc. Financial Remedy),SOUTH WEST,3 Respondent Only,2020-Q1,71,45.4,
Divorce (inc. Financial Remedy),MIDLANDS,2 Petitioner Only,2020-Q1,285,52.4,
Divorce (inc. Financial Remedy),NORTH EAST,3 Respondent Only,2020-Q1,19,64.8,
Divorce (inc. Financial Remedy),LONDON,4 Neither,2020-Q1,27,207.9,
Divorce (inc. Financial Remedy),COURT TRIBUNAL SERVICE CENTRE,1 Both,2020-Q1,68,15.6,
Divorce (inc. Financial Remedy),LONDON,3 Respondent Only,2020-Q1,9,47.1,
Divorce (inc. Financial Remedy),SOUTH WEST,All types,2020-Q1,2796,39.4,
Divorce (inc. Financial Remedy),MIDLANDS,All types,2020-Q1,958,58.8,
Divorce (inc. Financial Remedy),SOUTH EAST,3 Respondent Only,2020-Q1,331,44,
Divorce (inc. Financial Remedy),WALES,4 Neither,2020-Q1,200,32.8,
Divorce (inc. Financial Remedy),COURT TRIBUNAL SERVICE CENTRE,All types,2020-Q1,13159,11.2,
Divorce (inc. Financial Remedy),WALES,All types,2020-Q1,952,29.4,
Divorce (inc. Financial Remedy),NORTH EAST,4 Neither,2020-Q1,140,53.7,
Divorce (inc. Financial Remedy),LONDON,1 Both,2020-Q1,32,93.7,
Divorce (inc. Financial Remedy),MIDLANDS,1 Both,2020-Q1,118,60.4,
Divorce (inc. Financial Remedy),COURT TRIBUNAL SERVICE CENTRE,2 Petitioner Only,2020-Q1,648,13.5,
Divorce (inc. Financial Remedy),England & Wales,All types,2020-Q1,34057,28,
Divorce (inc. Financial Remedy),England & Wales,2 Petitioner Only,2020-Q1,8559,34.8,
Divorce (inc. Financial Remedy),England & Wales,1 Both,2020-Q1,5565,32,
Divorce (inc. Financial Remedy),England & Wales,3 Respondent Only,2020-Q1,802,39.4,
Divorce (inc. Financial Remedy),England & Wales,4 Neither,2020-Q1,19131,23.4,
Divorce (inc. Financial Remedy),SOUTH EAST,4 Neither,2020-Q1,3267,39.9,
Divorce (inc. Financial Remedy),MIDLANDS,4 Neither,2020-Q2,47,51.7,
Divorce (inc. Financial Remedy),NORTH WEST,4 Neither,2020-Q2,874,53.8,
Divorce (inc. Financial Remedy),LONDON,2 Petitioner Only,2020-Q2,9,262.4,
Divorce (inc. Financial Remedy),NORTH EAST,4 Neither,2020-Q2,9,107.4,
Divorce (inc. Financial Remedy),LONDON,1 Both,2020-Q2,10,138.4,
Divorce (inc. Financial Remedy),SOUTH EAST,2 Petitioner Only,2020-Q2,1385,41.2,
Divorce (inc. Financial Remedy),COURT TRIBUNAL SERVICE CENTRE,2 Petitioner Only,2020-Q2,785,9.5,
Divorce (inc. Financial Remedy),COURT TRIBUNAL SERVICE CENTRE,1 Both,2020-Q2,67,14.7,
Divorce (inc. Financial Remedy),WALES,All types,2020-Q2,1162,29.1,
Divorce (inc. Financial Remedy),MIDLANDS,3 Respondent Only,2020-Q2,2,64.9,
Divorce (inc. Financial Remedy),NORTH EAST,2 Petitioner Only,2020-Q2,12,147.4,
Divorce (inc. Financial Remedy),NORTH EAST,1 Both,2020-Q2,6,288.8,
Divorce (inc. Financial Remedy),NORTH EAST,3 Respondent Only,2020-Q2,4,230.6,
Divorce (inc. Financial Remedy),COURT TRIBUNAL SERVICE CENTRE,All types,2020-Q2,10924,8.8,
Divorce (inc. Financial Remedy),SOUTH WEST,All types,2020-Q2,2469,34.7,
Divorce (inc. Financial Remedy),SOUTH WEST,1 Both,2020-Q2,572,33,
Divorce (inc. Financial Remedy),LONDON,All types,2020-Q2,32,226.5,
Divorce (inc. Financial Remedy),SOUTH EAST,All types,2020-Q2,3561,43.2,
Divorce (inc. Financial Remedy),WALES,2 Petitioner Only,2020-Q2,521,30,
Divorce (inc. Financial Remedy),SOUTH EAST,4 Neither,2020-Q2,1075,49.2,
Divorce (inc. Financial Remedy),SOUTH WEST,2 Petitioner Only,2020-Q2,1316,29.8,
Divorce (inc. Financial Remedy),NORTH WEST,2 Petitioner Only,2020-Q2,838,31.8,
Divorce (inc. Financial Remedy),SOUTH EAST,1 Both,2020-Q2,1002,39,
Divorce (inc. Financial Remedy),SOUTH WEST,3 Respondent Only,2020-Q2,51,42,
Divorce (inc. Financial Remedy),NORTH WEST,3 Respondent Only,2020-Q2,111,45.2,
Divorce (inc. Financial Remedy),SOUTH EAST,3 Respondent Only,2020-Q2,99,48.6,
Divorce (inc. Financial Remedy),MIDLANDS,2 Petitioner Only,2020-Q2,10,46.9,
Divorce (inc. Financial Remedy),MIDLANDS,1 Both,2020-Q2,12,84.5,
Divorce (inc. Financial Remedy),NORTH WEST,All types,2020-Q2,2494,38.9,
Divorce (inc. Financial Remedy),MIDLANDS,All types,2020-Q2,71,56.9,
Divorce (inc. Financial Remedy),NORTH EAST,All types,2020-Q2,31,173.9,
Divorce (inc. Financial Remedy),SOUTH WEST,4 Neither,2020-Q2,530,48.2,
Divorce (inc. Financial Remedy),WALES,1 Both,2020-Q2,402,27.3,
Divorce (inc. Financial Remedy),NORTH WEST,1 Both,2020-Q2,671,27.5,
Divorce (inc. Financial Remedy),COURT TRIBUNAL SERVICE CENTRE,3 Respondent Only,2020-Q2,78,11.5,
Divorce (inc. Financial Remedy),WALES,4 Neither,2020-Q2,218,30.3,
Divorce (inc. Financial Remedy),England & Wales,All types,2020-Q2,20744,23.3,
Divorce (inc. Financial Remedy),WALES,3 Respondent Only,2020-Q2,21,29.1,
Divorce (inc. Financial Remedy),England & Wales,2 Petitioner Only,2020-Q2,4876,30.9,
Divorce (inc. Financial Remedy),England & Wales,4 Neither,2020-Q2,12758,17.7,
Divorce (inc. Financial Remedy),England & Wales,1 Both,2020-Q2,2742,33.7,
Divorce (inc. Financial Remedy),England & Wales,3 Respondent Only,2020-Q2,368,40,
Divorce (inc. Financial Remedy),LONDON,3 Respondent Only,2020-Q2,2,96,
Divorce (inc. Financial Remedy),LONDON,4 Neither,2020-Q2,11,301,
Divorce (inc. Financial Remedy),COURT TRIBUNAL SERVICE CENTRE,4 Neither,2020-Q2,9994,8.7,
Divorce (inc. Financial Remedy),NORTH WEST,2 Petitioner Only,2020-Q3,622,39.3,
Divorce (inc. Financial Remedy),COURT TRIBUNAL SERVICE CENTRE,3 Respondent Only,2020-Q3,61,18.3,
Divorce (inc. Financial Remedy),MIDLANDS,1 Both,2020-Q3,16,66.3,
Divorce (inc. Financial Remedy),NORTH EAST,4 Neither,2020-Q3,17,196.6,
Divorce (inc. Financial Remedy),NORTH WEST,1 Both,2020-Q3,519,33.8,
Divorce (inc. Financial Remedy),WALES,3 Respondent Only,2020-Q3,16,24.5,
Divorce (inc. Financial Remedy),NORTH EAST,3 Respondent Only,2020-Q3,1,50.1,
Divorce (inc. Financial Remedy),WALES,1 Both,2020-Q3,247,26.9,
Divorce (inc. Financial Remedy),SOUTH WEST,3 Respondent Only,2020-Q3,57,58.6,
Divorce (inc. Financial Remedy),MIDLANDS,4 Neither,2020-Q3,36,100.2,
Divorce (inc. Financial Remedy),SOUTH EAST,All types,2020-Q3,7521,47.7,
Divorce (inc. Financial Remedy),LONDON,2 Petitioner Only,2020-Q3,22,181.8,
Divorce (inc. Financial Remedy),LONDON,1 Both,2020-Q3,27,102.2,
Divorce (inc. Financial Remedy),NORTH EAST,1 Both,2020-Q3,13,126.9,
Divorce (inc. Financial Remedy),LONDON,3 Respondent Only,2020-Q3,8,249.3,
Divorce (inc. Financial Remedy),MIDLANDS,All types,2020-Q3,74,99,
Divorce (inc. Financial Remedy),LONDON,All types,2020-Q3,75,161.2,
Divorce (inc. Financial Remedy),SOUTH WEST,All types,2020-Q3,2370,43.7,
Divorce (inc. Financial Remedy),COURT TRIBUNAL SERVICE CENTRE,All types,2020-Q3,12447,9.8,
Divorce (inc. Financial Remedy),NORTH WEST,All types,2020-Q3,1720,43.6,
Divorce (inc. Financial Remedy),SOUTH WEST,2 Petitioner Only,2020-Q3,1148,39.2,
Divorce (inc. Financial Remedy),COURT TRIBUNAL SERVICE CENTRE,4 Neither,2020-Q3,11092,9.7,
Divorce (inc. Financial Remedy),COURT TRIBUNAL SERVICE CENTRE,2 Petitioner Only,2020-Q3,1235,10.6,
Divorce (inc. Financial Remedy),England & Wales,3 Respondent Only,2020-Q3,521,51.8,
Divorce (inc. Financial Remedy),NORTH WEST,4 Neither,2020-Q3,514,57.5,
Divorce (inc. Financial Remedy),SOUTH EAST,3 Respondent Only,2020-Q3,307,52.9,
Divorce (inc. Financial Remedy),WALES,2 Petitioner Only,2020-Q3,299,32.6,
Divorce (inc. Financial Remedy),NORTH WEST,3 Respondent Only,2020-Q3,65,52.5,
Divorce (inc. Financial Remedy),SOUTH WEST,4 Neither,2020-Q3,635,55.6,
Divorce (inc. Financial Remedy),NORTH EAST,2 Petitioner Only,2020-Q3,18,234.4,
Divorce (inc. Financial Remedy),LONDON,4 Neither,2020-Q3,18,185.7,
Divorce (inc. Financial Remedy),MIDLANDS,3 Respondent Only,2020-Q3,6,78.2,
Divorce (inc. Financial Remedy),COURT TRIBUNAL SERVICE CENTRE,1 Both,2020-Q3,59,13.3,
Divorce (inc. Financial Remedy),SOUTH WEST,1 Both,2020-Q3,530,37.6,
Divorce (inc. Financial Remedy),WALES,All types,2020-Q3,708,30.5,
Divorce (inc. Financial Remedy),NORTH EAST,All types,2020-Q3,49,189,
Divorce (inc. Financial Remedy),WALES,4 Neither,2020-Q3,146,32.9,
Divorce (inc. Financial Remedy),SOUTH EAST,1 Both,2020-Q3,2064,42.5,
Divorce (inc. Financial Remedy),England & Wales,All types,2020-Q3,24964,28.4,
Divorce (inc. Financial Remedy),MIDLANDS,2 Petitioner Only,2020-Q3,16,136.8,
Divorce (inc. Financial Remedy),England & Wales,2 Petitioner Only,2020-Q3,6087,38.8,
Divorce (inc. Financial Remedy),England & Wales,1 Both,2020-Q3,3475,39.7,
Divorce (inc. Financial Remedy),SOUTH EAST,2 Petitioner Only,2020-Q3,2727,49,
Divorce (inc. Financial Remedy),England & Wales,4 Neither,2020-Q3,14881,20.7,
Divorce (inc. Financial Remedy),SOUTH EAST,4 Neither,2020-Q3,2423,50.1,
Divorce (inc. Financial Remedy),SOUTH EAST,4 Neither,2020-Q4,2334,53.6,
Divorce (inc. Financial Remedy),NORTH WEST,3 Respondent Only,2020-Q4,75,65.3,
Divorce (inc. Financial Remedy),MIDLANDS,1 Both,2020-Q4,12,72.9,
Divorce (inc. Financial Remedy),SOUTH WEST,3 Respondent Only,2020-Q4,44,43.8,
Divorce (inc. Financial Remedy),LONDON,2 Petitioner Only,2020-Q4,25,265.8,
Divorce (inc. Financial Remedy),NORTH EAST,1 Both,2020-Q4,10,186.9,
Divorce (inc. Financial Remedy),NORTH EAST,3 Respondent Only,2020-Q4,3,234.9,
Divorce (inc. Financial Remedy),SOUTH WEST,4 Neither,2020-Q4,594,52,
Divorce (inc. Financial Remedy),SOUTH EAST,2 Petitioner Only,2020-Q4,2879,50.7,
Divorce (inc. Financial Remedy),NORTH WEST,1 Both,2020-Q4,681,34.6,
Divorce (inc. Financial Remedy),SOUTH WEST,All types,2020-Q4,2768,40.2,
Divorce (inc. Financial Remedy),NORTH EAST,2 Petitioner Only,2020-Q4,14,224,
Divorce (inc. Financial Remedy),LONDON,3 Respondent Only,2020-Q4,7,152.1,
Divorce (inc. Financial Remedy),MIDLANDS,2 Petitioner Only,2020-Q4,7,182.4,
Divorce (inc. Financial Remedy),MIDLANDS,3 Respondent Only,2020-Q4,2,70.7,
Divorce (inc. Financial Remedy),WALES,3 Respondent Only,2020-Q4,30,45,
Divorce (inc. Financial Remedy),MIDLANDS,All types,2020-Q4,35,107.7,
Divorce (inc. Financial Remedy),NORTH EAST,4 Neither,2020-Q4,9,180.9,
Divorce (inc. Financial Remedy),SOUTH EAST,All types,2020-Q4,7540,50.3,
Divorce (inc. Financial Remedy),COURT TRIBUNAL SERVICE CENTRE,4 Neither,2020-Q4,11017,11.9,
Divorce (inc. Financial Remedy),NORTH EAST,All types,2020-Q4,36,203.8,
Divorce (inc. Financial Remedy),SOUTH EAST,1 Both,2020-Q4,2029,45.5,
Divorce (inc. Financial Remedy),MIDLANDS,4 Neither,2020-Q4,14,105.4,
Divorce (inc. Financial Remedy),SOUTH WEST,2 Petitioner Only,2020-Q4,1466,35.8,
Divorce (inc. Financial Remedy),NORTH WEST,All types,2020-Q4,2379,40.5,
Divorce (inc. Financial Remedy),LONDON,All types,2020-Q4,76,216.2,
Divorce (inc. Financial Remedy),WALES,All types,2020-Q4,823,33.2,
Divorce (inc. Financial Remedy),NORTH WEST,4 Neither,2020-Q4,688,49.3,
Divorce (inc. Financial Remedy),NORTH WEST,2 Petitioner Only,2020-Q4,935,36.4,
Divorce (inc. Financial Remedy),COURT TRIBUNAL SERVICE CENTRE,All types,2020-Q4,13499,12.1,
Divorce (inc. Financial Remedy),SOUTH WEST,1 Both,2020-Q4,664,39.3,
Divorce (inc. Financial Remedy),WALES,1 Both,2020-Q4,274,32.5,
Divorce (inc. Financial Remedy),SOUTH EAST,3 Respondent Only,2020-Q4,298,53.5,
Divorce (inc. Financial Remedy),LONDON,1 Both,2020-Q4,19,117.3,
Divorce (inc. Financial Remedy),England & Wales,All types,2020-Q4,27156,29.7,
Divorce (inc. Financial Remedy),WALES,2 Petitioner Only,2020-Q4,361,31.9,
Divorce (inc. Financial Remedy),WALES,4 Neither,2020-Q4,158,35.3,
Divorce (inc. Financial Remedy),COURT TRIBUNAL SERVICE CENTRE,1 Both,2020-Q4,146,18.4,
Divorce (inc. Financial Remedy),England & Wales,4 Neither,2020-Q4,14839,22.7,
Divorce (inc. Financial Remedy),LONDON,4 Neither,2020-Q4,25,259.8,
Divorce (inc. Financial Remedy),COURT TRIBUNAL SERVICE CENTRE,3 Respondent Only,2020-Q4,71,17.4,
Divorce (inc. Financial Remedy),England & Wales,2 Petitioner Only,2020-Q4,7952,35.6,
Divorce (inc. Financial Remedy),England & Wales,1 Both,2020-Q4,3835,41.3,
Divorce (inc. Financial Remedy),COURT TRIBUNAL SERVICE CENTRE,2 Petitioner Only,2020-Q4,2265,12.5,
Divorce (inc. Financial Remedy),England & Wales,3 Respondent Only,2020-Q4,530,51.5,
Divorce (inc. Financial Remedy),COURT TRIBUNAL SERVICE CENTRE,2 Petitioner Only,2021-Q1,4304,12.8,
Divorce (inc. Financial Remedy),SOUTH EAST,2 Petitioner Only,2021-Q1,2659,48.9,
Divorce (inc. Financial Remedy),SOUTH WEST,3 Respondent Only,2021-Q1,60,57.1,
Divorce (inc. Financial Remedy),NORTH EAST,1 Both,2021-Q1,10,105.8,
Divorce (inc. Financial Remedy),WALES,1 Both,2021-Q1,313,38,
Divorce (inc. Financial Remedy),WALES,3 Respondent Only,2021-Q1,27,59.8,
Divorce (inc. Financial Remedy),LONDON,1 Both,2021-Q1,17,88.1,
Divorce (inc. Financial Remedy),SOUTH WEST,1 Both,2021-Q1,601,38.6,
Divorce (inc. Financial Remedy),NORTH WEST,2 Petitioner Only,2021-Q1,1097,42.3,
Divorce (inc. Financial Remedy),COURT TRIBUNAL SERVICE CENTRE,1 Both,2021-Q1,243,21,
Divorce (inc. Financial Remedy),LONDON,3 Respondent Only,2021-Q1,6,132.7,
Divorce (inc. Financial Remedy),SOUTH WEST,2 Petitioner Only,2021-Q1,1475,36.4,
Divorce (inc. Financial Remedy),NORTH WEST,3 Respondent Only,2021-Q1,80,50.5,
Divorce (inc. Financial Remedy),SOUTH EAST,All types,2021-Q1,7128,48.6,
Divorce (inc. Financial Remedy),LONDON,All types,2021-Q1,51,181.4,
Divorce (inc. Financial Remedy),SOUTH WEST,All types,2021-Q1,2736,40.6,
Divorce (inc. Financial Remedy),NORTH EAST,All types,2021-Q1,26,163.8,
Divorce (inc. Financial Remedy),NORTH WEST,All types,2021-Q1,2825,43.3,
Divorce (inc. Financial Remedy),COURT TRIBUNAL SERVICE CENTRE,All types,2021-Q1,19286,12,
Divorce (inc. Financial Remedy),SOUTH EAST,1 Both,2021-Q1,1891,43.8,
Divorce (inc. Financial Remedy),SOUTH EAST,4 Neither,2021-Q1,2308,51,
Divorce (inc. Financial Remedy),NORTH WEST,4 Neither,2021-Q1,936,47,
Divorce (inc. Financial Remedy),NORTH WEST,1 Both,2021-Q1,712,39.3,
Divorce (inc. Financial Remedy),SOUTH WEST,4 Neither,2021-Q1,600,51.5,
Divorce (inc. Financial Remedy),LONDON,4 Neither,2021-Q1,11,317.7,
Divorce (inc. Financial Remedy),MIDLANDS,1 Both,2021-Q1,16,89.1,
Divorce (inc. Financial Remedy),LONDON,2 Petitioner Only,2021-Q1,17,203.8,
Divorce (inc. Financial Remedy),MIDLANDS,3 Respondent Only,2021-Q1,4,240.2,
Divorce (inc. Financial Remedy),COURT TRIBUNAL SERVICE CENTRE,3 Respondent Only,2021-Q1,113,19.8,
Divorce (inc. Financial Remedy),WALES,All types,2021-Q1,961,38.1,
Divorce (inc. Financial Remedy),MIDLANDS,All types,2021-Q1,38,144.4,
Divorce (inc. Financial Remedy),WALES,4 Neither,2021-Q1,215,37.7,
Divorce (inc. Financial Remedy),MIDLANDS,4 Neither,2021-Q1,9,207.3,
Divorce (inc. Financial Remedy),England & Wales,All types,2021-Q1,33051,26.2,
Divorce (inc. Financial Remedy),WALES,2 Petitioner Only,2021-Q1,406,37,
Divorce (inc. Financial Remedy),SOUTH EAST,3 Respondent Only,2021-Q1,270,59.7,
Divorce (inc. Financial Remedy),MIDLANDS,2 Petitioner Only,2021-Q1,9,137.1,
Divorce (inc. Financial Remedy),England & Wales,2 Petitioner Only,2021-Q1,9975,30.7,
Divorce (inc. Financial Remedy),England & Wales,1 Both,2021-Q1,3803,40.7,
Divorce (inc. Financial Remedy),NORTH EAST,2 Petitioner Only,2021-Q1,8,144.4,
Divorce (inc. Financial Remedy),NORTH EAST,4 Neither,2021-Q1,8,255.6,
Divorce (inc. Financial Remedy),England & Wales,3 Respondent Only,2021-Q1,560,52.1,
Divorce (inc. Financial Remedy),COURT TRIBUNAL SERVICE CENTRE,4 Neither,2021-Q1,14626,11.5,
Divorce (inc. Financial Remedy),England & Wales,4 Neither,2021-Q1,18713,20.1,
Divorce (inc. Financial Remedy),SOUTH EAST,4 Neither,2021-Q2,1876,51.6,
Divorce (inc. Financial Remedy),COURT TRIBUNAL SERVICE CENTRE,2 Petitioner Only,2021-Q2,4663,13.3,
Divorce (inc. Financial Remedy),SOUTH WEST,3 Respondent Only,2021-Q2,45,58.7,
Divorce (inc. Financial Remedy),MIDLANDS,1 Both,2021-Q2,17,120.7,
Divorce (inc. Financial Remedy),LONDON,1 Both,2021-Q2,16,168.1,
Divorce (inc. Financial Remedy),LONDON,2 Petitioner Only,2021-Q2,21,148.8,
Divorce (inc. Financial Remedy),NORTH EAST,2 Petitioner Only,2021-Q2,7,175.2,
Divorce (inc. Financial Remedy),LONDON,3 Respondent Only,2021-Q2,5,77.8,
Divorce (inc. Financial Remedy),SOUTH WEST,1 Both,2021-Q2,490,41.6,
Divorce (inc. Financial Remedy),NORTH WEST,1 Both,2021-Q2,414,40.1,
Divorce (inc. Financial Remedy),SOUTH EAST,1 Both,2021-Q2,1374,47.7,
Divorce (inc. Financial Remedy),NORTH WEST,4 Neither,2021-Q2,574,55.8,
Divorce (inc. Financial Remedy),COURT TRIBUNAL SERVICE CENTRE,3 Respondent Only,2021-Q2,165,23.5,
Divorce (inc. Financial Remedy),WALES,1 Both,2021-Q2,332,33.6,
Divorce (inc. Financial Remedy),MIDLANDS,4 Neither,2021-Q2,8,144.6,
Divorce (inc. Financial Remedy),WALES,3 Respondent Only,2021-Q2,20,39.2,
Divorce (inc. Financial Remedy),SOUTH WEST,All types,2021-Q2,2134,43.9,
Divorce (inc. Financial Remedy),NORTH WEST,All types,2021-Q2,1671,48.7,
Divorce (inc. Financial Remedy),LONDON,All types,2021-Q2,60,162.9,
Divorce (inc. Financial Remedy),NORTH WEST,2 Petitioner Only,2021-Q2,638,46.5,
Divorce (inc. Financial Remedy),COURT TRIBUNAL SERVICE CENTRE,All types,2021-Q2,20172,11.9,
Divorce (inc. Financial Remedy),NORTH EAST,1 Both,2021-Q2,9,120.3,
Divorce (inc. Financial Remedy),WALES,2 Petitioner Only,2021-Q2,427,38.7,
Divorce (inc. Financial Remedy),NORTH WEST,3 Respondent Only,2021-Q2,45,67.3,
Divorce (inc. Financial Remedy),MIDLANDS,2 Petitioner Only,2021-Q2,16,208.3,
Divorce (inc. Financial Remedy),LONDON,4 Neither,2021-Q2,18,198.3,
Divorce (inc. Financial Remedy),MIDLANDS,3 Respondent Only,2021-Q2,2,60.9,
Divorce (inc. Financial Remedy),COURT TRIBUNAL SERVICE CENTRE,1 Both,2021-Q2,453,21.6,
Divorce (inc. Financial Remedy),NORTH EAST,All types,2021-Q2,28,157.2,
Divorce (inc. Financial Remedy),COURT TRIBUNAL SERVICE CENTRE,4 Neither,2021-Q2,14891,11.1,
Divorce (inc. Financial Remedy),SOUTH WEST,2 Petitioner Only,2021-Q2,1193,38.9,
Divorce (inc. Financial Remedy),SOUTH EAST,3 Respondent Only,2021-Q2,197,62,
Divorce (inc. Financial Remedy),SOUTH EAST,All types,2021-Q2,5546,50.2,
Divorce (inc. Financial Remedy),WALES,All types,2021-Q2,996,37.1,
Divorce (inc. Financial Remedy),MIDLANDS,All types,2021-Q2,43,155,
Divorce (inc. Financial Remedy),SOUTH EAST,2 Petitioner Only,2021-Q2,2099,49.5,
Divorce (inc. Financial Remedy),England & Wales,All types,2021-Q2,30650,24.5,
Divorce (inc. Financial Remedy),SOUTH WEST,4 Neither,2021-Q2,406,59.8,
Divorce (inc. Financial Remedy),WALES,4 Neither,2021-Q2,217,39.3,
Divorce (inc. Financial Remedy),NORTH EAST,4 Neither,2021-Q2,12,174.3,
Divorce (inc. Financial Remedy),England & Wales,1 Both,2021-Q2,3105,41.6,
Divorce (inc. Financial Remedy),England & Wales,2 Petitioner Only,2021-Q2,9064,29.4,
Divorce (inc. Financial Remedy),England & Wales,3 Respondent Only,2021-Q2,479,48.1,
Divorce (inc. Financial Remedy),England & Wales,4 Neither,2021-Q2,18002,18.5,
Divorce (inc. Financial Remedy),COURT TRIBUNAL SERVICE CENTRE,2 Petitioner Only,2021-Q3,4312,13.7,
Divorce (inc. Financial Remedy),SOUTH EAST,4 Neither,2021-Q3,1986,50.4,
Divorce (inc. Financial Remedy),WALES,2 Petitioner Only,2021-Q3,15,190,
Divorce (inc. Financial Remedy),NORTH WEST,2 Petitioner Only,2021-Q3,142,45.7,
Divorce (inc. Financial Remedy),MIDLANDS,2 Petitioner Only,2021-Q3,12,242.9,
Divorce (inc. Financial Remedy),LONDON,1 Both,2021-Q3,14,171.1,
Divorce (inc. Financial Remedy),NORTH WEST,4 Neither,2021-Q3,104,60.5,
Divorce (inc. Financial Remedy),NORTH WEST,1 Both,2021-Q3,115,50,
Divorce (inc. Financial Remedy),COURT TRIBUNAL SERVICE CENTRE,1 Both,2021-Q3,531,19.1,
Divorce (inc. Financial Remedy),COURT TRIBUNAL SERVICE CENTRE,3 Respondent Only,2021-Q3,160,25.2,
Divorce (inc. Financial Remedy),SOUTH EAST,1 Both,2021-Q3,1447,47.2,
Divorce (inc. Financial Remedy),LONDON,2 Petitioner Only,2021-Q3,22,263.1,
Divorce (inc. Financial Remedy),SOUTH WEST,1 Both,2021-Q3,109,73.6,
Divorce (inc. Financial Remedy),WALES,1 Both,2021-Q3,19,60.4,
Divorce (inc. Financial Remedy),SOUTH WEST,3 Respondent Only,2021-Q3,16,98.7,
Divorce (inc. Financial Remedy),WALES,4 Neither,2021-Q3,5,208.7,
Divorce (inc. Financial Remedy),LONDON,3 Respondent Only,2021-Q3,10,195.5,
Divorce (inc. Financial Remedy),NORTH EAST,All types,2021-Q3,31,206.5,
Divorce (inc. Financial Remedy),NORTH EAST,4 Neither,2021-Q3,13,279.5,
Divorce (inc. Financial Remedy),MIDLANDS,1 Both,2021-Q3,9,70,
Divorce (inc. Financial Remedy),SOUTH EAST,2 Petitioner Only,2021-Q3,2585,48.4,
Divorce (inc. Financial Remedy),SOUTH WEST,All types,2021-Q3,441,78.8,
Divorce (inc. Financial Remedy),WALES,All types,2021-Q3,39,129.2,
Divorce (inc. Financial Remedy),COURT TRIBUNAL SERVICE CENTRE,All types,2021-Q3,17026,12.3,
Divorce (inc. Financial Remedy),SOUTH EAST,All types,2021-Q3,6189,49,
Divorce (inc. Financial Remedy),SOUTH EAST,3 Respondent Only,2021-Q3,171,59.9,
Divorce (inc. Financial Remedy),MIDLANDS,4 Neither,2021-Q3,9,288.9,
Divorce (inc. Financial Remedy),NORTH EAST,2 Petitioner Only,2021-Q3,8,180.9,
Divorce (inc. Financial Remedy),MIDLANDS,3 Respondent Only,2021-Q3,3,191,
Divorce (inc. Financial Remedy),MIDLANDS,All types,2021-Q3,33,203.6,
Divorce (inc. Financial Remedy),NORTH WEST,3 Respondent Only,2021-Q3,13,57.8,
Divorce (inc. Financial Remedy),NORTH WEST,All types,2021-Q3,374,51.5,
Divorce (inc. Financial Remedy),LONDON,All types,2021-Q3,64,213.4,
Divorce (inc. Financial Remedy),SOUTH WEST,2 Petitioner Only,2021-Q3,209,61.5,
Divorce (inc. Financial Remedy),England & Wales,All types,2021-Q3,24197,24.8,
Divorce (inc. Financial Remedy),England & Wales,4 Neither,2021-Q3,14265,18.7,
Divorce (inc. Financial Remedy),SOUTH WEST,4 Neither,2021-Q3,107,115,
Divorce (inc. Financial Remedy),NORTH EAST,1 Both,2021-Q3,10,131.9,
Divorce (inc. Financial Remedy),LONDON,4 Neither,2021-Q3,18,195.5,
Divorce (inc. Financial Remedy),COURT TRIBUNAL SERVICE CENTRE,4 Neither,2021-Q3,12023,11.4,
Divorce (inc. Financial Remedy),England & Wales,3 Respondent Only,2021-Q3,373,51.3,
Divorce (inc. Financial Remedy),England & Wales,1 Both,2021-Q3,2254,43.3,
Divorce (inc. Financial Remedy),England & Wales,2 Petitioner Only,2021-Q3,7305,29.6,
Divorce (inc. Financial Remedy),COURT TRIBUNAL SERVICE CENTRE,4 Neither,2021-Q4,13198,11.6,
Divorce (inc. Financial Remedy),SOUTH WEST,2 Petitioner Only,2021-Q4,36,98.8,
Divorce (inc. Financial Remedy),MIDLANDS,4 Neither,2021-Q4,4,168.5,
Divorce (inc. Financial Remedy),NORTH EAST,4 Neither,2021-Q4,3,250.4,
Divorce (inc. Financial Remedy),COURT TRIBUNAL SERVICE CENTRE,2 Petitioner Only,2021-Q4,5504,13.4,
Divorce (inc. Financial Remedy),COURT TRIBUNAL SERVICE CENTRE,3 Respondent Only,2021-Q4,211,22.2,
Divorce (inc. Financial Remedy),SOUTH EAST,4 Neither,2021-Q4,2114,60.3,
Divorce (inc. Financial Remedy),COURT TRIBUNAL SERVICE CENTRE,All types,2021-Q4,19792,12.6,
Divorce (inc. Financial Remedy),LONDON,1 Both,2021-Q4,21,148.7,
Divorce (inc. Financial Remedy),NORTH WEST,3 Respondent Only,2021-Q4,3,59.9,
Divorce (inc. Financial Remedy),NORTH WEST,4 Neither,2021-Q4,10,167.2,
Divorce (inc. Financial Remedy),WALES,3 Respondent Only,2021-Q4,1,461,
Divorce (inc. Financial Remedy),NORTH WEST,1 Both,2021-Q4,1,73.7,
Divorce (inc. Financial Remedy),MIDLANDS,3 Respondent Only,2021-Q4,1,100,
Divorce (inc. Financial Remedy),MIDLANDS,All types,2021-Q4,14,196.1,
Divorce (inc. Financial Remedy),NORTH EAST,All types,2021-Q4,16,228.8,
Divorce (inc. Financial Remedy),NORTH WEST,All types,2021-Q4,17,150.6,
Divorce (inc. Financial Remedy),England & Wales,1 Both,2021-Q4,2353,44.8,
Divorce (inc. Financial Remedy),SOUTH EAST,2 Petitioner Only,2021-Q4,2684,57.2,
Divorce (inc. Financial Remedy),COURT TRIBUNAL SERVICE CENTRE,1 Both,2021-Q4,879,20.4,
Divorce (inc. Financial Remedy),SOUTH WEST,3 Respondent Only,2021-Q4,2,94.6,
Divorce (inc. Financial Remedy),LONDON,2 Petitioner Only,2021-Q4,13,251.5,
Divorce (inc. Financial Remedy),LONDON,4 Neither,2021-Q4,14,264.8,
Divorce (inc. Financial Remedy),NORTH EAST,2 Petitioner Only,2021-Q4,9,268.6,
Divorce (inc. Financial Remedy),SOUTH WEST,4 Neither,2021-Q4,17,137.4,
Divorce (inc. Financial Remedy),NORTH EAST,1 Both,2021-Q4,3,147.6,
Divorce (inc. Financial Remedy),NORTH WEST,2 Petitioner Only,2021-Q4,3,211.7,
Divorce (inc. Financial Remedy),WALES,4 Neither,2021-Q4,1,462,
Divorce (inc. Financial Remedy),NORTH EAST,3 Respondent Only,2021-Q4,1,49.1,
Divorce (inc. Financial Remedy),SOUTH EAST,All types,2021-Q4,6411,58.6,
Divorce (inc. Financial Remedy),SOUTH EAST,1 Both,2021-Q4,1414,57.1,
Divorce (inc. Financial Remedy),SOUTH WEST,All types,2021-Q4,87,103.2,
Divorce (inc. Financial Remedy),LONDON,All types,2021-Q4,50,205.6,
Divorce (inc. Financial Remedy),WALES,All types,2021-Q4,2,461.5,
Divorce (inc. Financial Remedy),England & Wales,All types,2021-Q4,26389,24.8,
Divorce (inc. Financial Remedy),SOUTH WEST,1 Both,2021-Q4,32,90.4,
Divorce (inc. Financial Remedy),SOUTH EAST,3 Respondent Only,2021-Q4,199,68.9,
Divorce (inc. Financial Remedy),England & Wales,2 Petitioner Only,2021-Q4,8255,28.9,
Divorce (inc. Financial Remedy),England & Wales,3 Respondent Only,2021-Q4,420,46.6,
Divorce (inc. Financial Remedy),MIDLANDS,1 Both,2021-Q4,3,108.5,
Divorce (inc. Financial Remedy),MIDLANDS,2 Petitioner Only,2021-Q4,6,274.4,
Divorce (inc. Financial Remedy),LONDON,3 Respondent Only,2021-Q4,2,91.1,
Divorce (inc. Financial Remedy),England & Wales,4 Neither,2021-Q4,15361,18.9,
Divorce (inc. Financial Remedy),SOUTH EAST,4 Neither,2022-Q1,1669,61.2,
Divorce (inc. Financial Remedy),MIDLANDS,4 Neither,2022-Q1,11,169,
Divorce (inc. Financial Remedy),SOUTH WEST,4 Neither,2022-Q1,10,178.3,
Divorce (inc. Financial Remedy),COURT TRIBUNAL SERVICE CENTRE,3 Respondent Only,2022-Q1,205,27.1,
Divorce (inc. Financial Remedy),NORTH EAST,4 Neither,2022-Q1,12,278.3,
Divorce (inc. Financial Remedy),WALES,4 Neither,2022-Q1,1,0.1,
Divorce (inc. Financial Remedy),NORTH EAST,3 Respondent Only,2022-Q1,1,384.1,
Divorce (inc. Financial Remedy),NORTH WEST,3 Respondent Only,2022-Q1,2,440.5,
Divorce (inc. Financial Remedy),COURT TRIBUNAL SERVICE CENTRE,2 Petitioner Only,2022-Q1,5074,15.1,
Divorce (inc. Financial Remedy),COURT TRIBUNAL SERVICE CENTRE,4 Neither,2022-Q1,11000,13.1,
Divorce (inc. Financial Remedy),SOUTH EAST,2 Petitioner Only,2022-Q1,1925,58.4,
Divorce (inc. Financial Remedy),LONDON,4 Neither,2022-Q1,15,351.4,
Divorce (inc. Financial Remedy),NORTH WEST,2 Petitioner Only,2022-Q1,6,340.2,
Divorce (inc. Financial Remedy),MIDLANDS,2 Petitioner Only,2022-Q1,15,265.1,
Divorce (inc. Financial Remedy),SOUTH WEST,All types,2022-Q1,48,168.9,
Divorce (inc. Financial Remedy),NORTH WEST,4 Neither,2022-Q1,4,327.3,
Divorce (inc. Financial Remedy),NORTH WEST,1 Both,2022-Q1,4,120.6,
Divorce (inc. Financial Remedy),WALES,2 Petitioner Only,2022-Q1,1,76.3,
Divorce (inc. Financial Remedy),SOUTH WEST,3 Respondent Only,2022-Q1,1,153.9,
Divorce (inc. Financial Remedy),NORTH EAST,All types,2022-Q1,34,249.5,
Divorce (inc. Financial Remedy),COURT TRIBUNAL SERVICE CENTRE,All types,2022-Q1,17111,14.4,
Divorce (inc. Financial Remedy),SOUTH EAST,1 Both,2022-Q1,967,60.2,
Divorce (inc. Financial Remedy),LONDON,2 Petitioner Only,2022-Q1,19,302.2,
Divorce (inc. Financial Remedy),NORTH EAST,2 Petitioner Only,2022-Q1,17,183.4,
Divorce (inc. Financial Remedy),MIDLANDS,1 Both,2022-Q1,10,166.9,
Divorce (inc. Financial Remedy),WALES,1 Both,2022-Q1,3,64.2,
Divorce (inc. Financial Remedy),MIDLANDS,3 Respondent Only,2022-Q1,1,163.7,
Divorce (inc. Financial Remedy),MIDLANDS,All types,2022-Q1,37,207.3,
Divorce (inc. Financial Remedy),NORTH WEST,All types,2022-Q1,16,294.6,
Divorce (inc. Financial Remedy),WALES,All types,2022-Q1,5,53.8,
Divorce (inc. Financial Remedy),COURT TRIBUNAL SERVICE CENTRE,1 Both,2022-Q1,832,23.6,
Divorce (inc. Financial Remedy),SOUTH EAST,All types,2022-Q1,4665,60.1,
Divorce (inc. Financial Remedy),SOUTH EAST,3 Respondent Only,2022-Q1,104,72.4,
Divorce (inc. Financial Remedy),LONDON,All types,2022-Q1,49,273.4,
Divorce (inc. Financial Remedy),England & Wales,All types,2022-Q1,21965,25.9,
Divorce (inc. Financial Remedy),LONDON,1 Both,2022-Q1,10,146.4,
Divorce (inc. Financial Remedy),SOUTH WEST,1 Both,2022-Q1,19,103.7,
Divorce (inc. Financial Remedy),England & Wales,3 Respondent Only,2022-Q1,319,48.8,
Divorce (inc. Financial Remedy),SOUTH WEST,2 Petitioner Only,2022-Q1,18,233.3,
Divorce (inc. Financial Remedy),England & Wales,2 Petitioner Only,2022-Q1,7075,29.4,
Divorce (inc. Financial Remedy),LONDON,3 Respondent Only,2022-Q1,5,183.4,
Divorce (inc. Financial Remedy),NORTH EAST,1 Both,2022-Q1,4,410.8,
Divorce (inc. Financial Remedy),England & Wales,4 Neither,2022-Q1,12722,20.4,
Divorce (inc. Financial Remedy),England & Wales,1 Both,2022-Q1,1849,46.1,
Divorce (inc. Financial Remedy),SOUTH EAST,3 Respondent Only,2022-Q2,180,77.8,
Divorce (inc. Financial Remedy),SOUTH EAST,1 Both,2022-Q2,967,74.3,
Divorce (inc. Financial Remedy),NORTH EAST,1 Both,2022-Q2,7,85.7,
Divorce (inc. Financial Remedy),COURT TRIBUNAL SERVICE CENTRE,4 Neither,2022-Q2,7908,16.8,
Divorce (inc. Financial Remedy),COURT TRIBUNAL SERVICE CENTRE,2 Petitioner Only,2022-Q2,3889,19,
Divorce (inc. Financial Remedy),COURT TRIBUNAL SERVICE CENTRE,3 Respondent Only,2022-Q2,137,31.6,
Divorce (inc. Financial Remedy),SOUTH WEST,2 Petitioner Only,2022-Q2,11,119.9,
Divorce (inc. Financial Remedy),NORTH WEST,2 Petitioner Only,2022-Q2,5,377.8,
Divorce (inc. Financial Remedy),LONDON,1 Both,2022-Q2,13,188.8,
Divorce (inc. Financial Remedy),MIDLANDS,4 Neither,2022-Q2,11,245.8,
Divorce (inc. Financial Remedy),SOUTH WEST,All types,2022-Q2,32,166.3,
Divorce (inc. Financial Remedy),SOUTH EAST,All types,2022-Q2,5261,72,
Divorce (inc. Financial Remedy),COURT TRIBUNAL SERVICE CENTRE,All types,2022-Q2,12467,18.2,
Divorce (inc. Financial Remedy),SOUTH WEST,3 Respondent Only,2022-Q2,2,123.6,
Divorce (inc. Financial Remedy),LONDON,All types,2022-Q2,52,311,
Divorce (inc. Financial Remedy),NORTH WEST,All types,2022-Q2,14,404.8,
Divorce (inc. Financial Remedy),NORTH EAST,All types,2022-Q2,22,205.6,
Divorce (inc. Financial Remedy),England & Wales,1 Both,2022-Q2,1546,61,
Divorce (inc. Financial Remedy),LONDON,4 Neither,2022-Q2,25,378.2,
Divorce (inc. Financial Remedy),SOUTH WEST,1 Both,2022-Q2,12,166.5,
Divorce (inc. Financial Remedy),NORTH WEST,4 Neither,2022-Q2,4,188.2,
Divorce (inc. Financial Remedy),LONDON,3 Respondent Only,2022-Q2,2,105.3,
Divorce (inc. Financial Remedy),NORTH WEST,1 Both,2022-Q2,3,478.6,
Divorce (inc. Financial Remedy),MIDLANDS,1 Both,2022-Q2,10,89.4,
Divorce (inc. Financial Remedy),MIDLANDS,3 Respondent Only,2022-Q2,3,114.7,
Divorce (inc. Financial Remedy),SOUTH WEST,4 Neither,2022-Q2,7,251,
Divorce (inc. Financial Remedy),NORTH EAST,3 Respondent Only,2022-Q2,1,146,
Divorce (inc. Financial Remedy),NORTH EAST,2 Petitioner Only,2022-Q2,8,223.1,
Divorce (inc. Financial Remedy),WALES,1 Both,2022-Q2,1,171.4,
Divorce (inc. Financial Remedy),WALES,All types,2022-Q2,1,171.4,
Divorce (inc. Financial Remedy),LONDON,2 Petitioner Only,2022-Q2,12,337.7,
Divorce (inc. Financial Remedy),MIDLANDS,All types,2022-Q2,33,202.1,
Divorce (inc. Financial Remedy),COURT TRIBUNAL SERVICE CENTRE,1 Both,2022-Q2,533,28,
Divorce (inc. Financial Remedy),England & Wales,All types,2022-Q2,17882,36,
Divorce (inc. Financial Remedy),NORTH WEST,3 Respondent Only,2022-Q2,2,794.6,
Divorce (inc. Financial Remedy),MIDLANDS,2 Petitioner Only,2022-Q2,9,302.8,
Divorce (inc. Financial Remedy),NORTH EAST,4 Neither,2022-Q2,6,332,
Divorce (inc. Financial Remedy),England & Wales,4 Neither,2022-Q2,10084,29,
Divorce (inc. Financial Remedy),SOUTH EAST,4 Neither,2022-Q2,2123,67.1,
Divorce (inc. Financial Remedy),England & Wales,3 Respondent Only,2022-Q2,327,63.8,
Divorce (inc. Financial Remedy),SOUTH EAST,2 Petitioner Only,2022-Q2,1991,75.7,
Divorce (inc. Financial Remedy),England & Wales,2 Petitioner Only,2022-Q2,5925,39.9,
Divorce (inc. Financial Remedy),COURT TRIBUNAL SERVICE CENTRE,2 Petitioner Only,2022-Q3,4331,25.4,
Divorce (inc. Financial Remedy),SOUTH EAST,3 Respondent Only,2022-Q3,137,101.3,
Divorce (inc. Financial Remedy),COURT TRIBUNAL SERVICE CENTRE,4 Neither,2022-Q3,4370,29.1,
Divorce (inc. Financial Remedy),SOUTH WEST,4 Neither,2022-Q3,5,230.7,
Divorce (inc. Financial Remedy),MIDLANDS,4 Neither,2022-Q3,8,293.2,
Divorce (inc. Financial Remedy),WALES,4 Neither,2022-Q3,1,137,
Divorce (inc. Financial Remedy),NORTH EAST,1 Both,2022-Q3,2,517.5,
Divorce (inc. Financial Remedy),LONDON,3 Respondent Only,2022-Q3,3,118,
Divorce (inc. Financial Remedy),NORTH WEST,4 Neither,2022-Q3,2,421.6,
Divorce (inc. Financial Remedy),COURT TRIBUNAL SERVICE CENTRE,3 Respondent Only,2022-Q3,224,36.1,
Divorce (inc. Financial Remedy),LONDON,4 Neither,2022-Q3,9,260.8,
Divorce (inc. Financial Remedy),SOUTH WEST,All types,2022-Q3,12,229.3,
Divorce (inc. Financial Remedy),SOUTH WEST,2 Petitioner Only,2022-Q3,3,382.7,
Divorce (inc. Financial Remedy),NORTH EAST,2 Petitioner Only,2022-Q3,5,350.5,
Divorce (inc. Financial Remedy),SOUTH WEST,3 Respondent Only,2022-Q3,2,141.4,
Divorce (inc. Financial Remedy),COURT TRIBUNAL SERVICE CENTRE,All types,2022-Q3,9795,27.9,
Divorce (inc. Financial Remedy),SOUTH EAST,All types,2022-Q3,3984,79.6,
Divorce (inc. Financial Remedy),LONDON,All types,2022-Q3,34,226.2,
Divorce (inc. Financial Remedy),NORTH EAST,All types,2022-Q3,14,378.4,
Divorce (inc. Financial Remedy),WALES,All types,2022-Q3,2,658.1,
Divorce (inc. Financial Remedy),NORTH WEST,2 Petitioner Only,2022-Q3,5,303.9,
Divorce (inc. Financial Remedy),LONDON,2 Petitioner Only,2022-Q3,13,208.1,
Divorce (inc. Financial Remedy),NORTH WEST,1 Both,2022-Q3,5,106.4,
Divorce (inc. Financial Remedy),SOUTH WEST,1 Both,2022-Q3,2,83.6,
Divorce (inc. Financial Remedy),LONDON,1 Both,2022-Q3,9,253.7,
Divorce (inc. Financial Remedy),MIDLANDS,1 Both,2022-Q3,2,148.4,
Divorce (inc. Financial Remedy),NORTH WEST,All types,2022-Q3,12,241.2,
Divorce (inc. Financial Remedy),SOUTH EAST,2 Petitioner Only,2022-Q3,1423,85.7,
Divorce (inc. Financial Remedy),MIDLANDS,All types,2022-Q3,24,209.3,
Divorce (inc. Financial Remedy),SOUTH EAST,1 Both,2022-Q3,595,86.8,
Divorce (inc. Financial Remedy),COURT TRIBUNAL SERVICE CENTRE,1 Both,2022-Q3,870,31.8,
Divorce (inc. Financial Remedy),SOUTH EAST,4 Neither,2022-Q3,1829,70.8,
Divorce (inc. Financial Remedy),England & Wales,All types,2022-Q3,13877,44.3,
Divorce (inc. Financial Remedy),England & Wales,4 Neither,2022-Q3,6231,42.7,
Divorce (inc. Financial Remedy),MIDLANDS,3 Respondent Only,2022-Q3,2,345.4,
Divorce (inc. Financial Remedy),England & Wales,3 Respondent Only,2022-Q3,368,63.3,
Divorce (inc. Financial Remedy),MIDLANDS,2 Petitioner Only,2022-Q3,12,140.8,
Divorce (inc. Financial Remedy),NORTH EAST,4 Neither,2022-Q3,7,358.5,
Divorce (inc. Financial Remedy),England & Wales,1 Both,2022-Q3,1486,57,
Divorce (inc. Financial Remedy),WALES,1 Both,2022-Q3,1,1179.3,
Divorce (inc. Financial Remedy),England & Wales,2 Petitioner Only,2022-Q3,5792,41.6,
Divorce (inc. Financial Remedy),COURT TRIBUNAL SERVICE CENTRE,3 Respondent Only,2022-Q4,69,57.7,
Divorce (inc. Financial Remedy),WALES,4 Neither,2022-Q4,2,445.5,
Divorce (inc. Financial Remedy),NORTH WEST,1 Both,2022-Q4,6,365,
Divorce (inc. Financial Remedy),NORTH EAST,4 Neither,2022-Q4,5,303.3,
Divorce (inc. Financial Remedy),LONDON,3 Respondent Only,2022-Q4,3,177.9,
Divorce (inc. Financial Remedy),SOUTH WEST,3 Respondent Only,2022-Q4,2,103.4,
Divorce (inc. Financial Remedy),WALES,3 Respondent Only,2022-Q4,1,139.6,
Divorce (inc. Financial Remedy),MIDLANDS,2 Petitioner Only,2022-Q4,6,328,
Divorce (inc. Financial Remedy),SOUTH WEST,4 Neither,2022-Q4,5,420.8,
Divorce (inc. Financial Remedy),NORTH WEST,4 Neither,2022-Q4,5,229.4,
Divorce (inc. Financial Remedy),LONDON,2 Petitioner Only,2022-Q4,8,436.3,
Divorce (inc. Financial Remedy),LONDON,4 Neither,2022-Q4,11,475.8,
Divorce (inc. Financial Remedy),SOUTH WEST,2 Petitioner Only,2022-Q4,3,396.3,
Divorce (inc. Financial Remedy),SOUTH WEST,All types,2022-Q4,10,350,
Divorce (inc. Financial Remedy),NORTH EAST,All types,2022-Q4,10,368.8,
Divorce (inc. Financial Remedy),WALES,2 Petitioner Only,2022-Q4,1,563.3,
Divorce (inc. Financial Remedy),MIDLANDS,All types,2022-Q4,11,304.9,
Divorce (inc. Financial Remedy),SOUTH EAST,1 Both,2022-Q4,434,104.1,
Divorce (inc. Financial Remedy),SOUTH EAST,4 Neither,2022-Q4,1600,75.9,
Divorce (inc. Financial Remedy),COURT TRIBUNAL SERVICE CENTRE,1 Both,2022-Q4,255,47.4,
Divorce (inc. Financial Remedy),LONDON,1 Both,2022-Q4,13,128.3,
Divorce (inc. Financial Remedy),NORTH EAST,3 Respondent Only,2022-Q4,1,188.9,
Divorce (inc. Financial Remedy),SOUTH EAST,All types,2022-Q4,3265,88.3,
Divorce (inc. Financial Remedy),COURT TRIBUNAL SERVICE CENTRE,All types,2022-Q4,1824,51.4,
Divorce (inc. Financial Remedy),WALES,All types,2022-Q4,4,398.5,
Divorce (inc. Financial Remedy),COURT TRIBUNAL SERVICE CENTRE,2 Petitioner Only,2022-Q4,750,47.6,
Divorce (inc. Financial Remedy),LONDON,All types,2022-Q4,35,312.2,
Divorce (inc. Financial Remedy),NORTH WEST,All types,2022-Q4,17,307,
Divorce (inc. Financial Remedy),England & Wales,All types,2022-Q4,5176,79.3,
Divorce (inc. Financial Remedy),SOUTH EAST,3 Respondent Only,2022-Q4,101,105.6,
Divorce (inc. Financial Remedy),England & Wales,4 Neither,2022-Q4,2380,73.7,
Divorce (inc. Financial Remedy),NORTH WEST,2 Petitioner Only,2022-Q4,6,313.7,
Divorce (inc. Financial Remedy),NORTH EAST,2 Petitioner Only,2022-Q4,4,495.7,
Divorce (inc. Financial Remedy),England & Wales,1 Both,2022-Q4,711,86.4,
Divorce (inc. Financial Remedy),MIDLANDS,1 Both,2022-Q4,3,110.8,
Divorce (inc. Financial Remedy),England & Wales,3 Respondent Only,2022-Q4,177,88.8,
Divorce (inc. Financial Remedy),MIDLANDS,4 Neither,2022-Q4,2,527.1,
Divorce (inc. Financial Remedy),England & Wales,2 Petitioner Only,2022-Q4,1908,82.7,
Divorce (inc. Financial Remedy),SOUTH EAST,2 Petitioner Only,2022-Q4,1130,98.3,
Divorce (inc. Financial Remedy),COURT TRIBUNAL SERVICE CENTRE,4 Neither,2022-Q4,750,56,
Divorce (inc. Financial Remedy),COURT TRIBUNAL SERVICE CENTRE,2 Petitioner Only,2023-Q1,454,61.7,
Divorce (inc. Financial Remedy),SOUTH EAST,3 Respondent Only,2023-Q1,106,131.6,
Divorce (inc. Financial Remedy),SOUTH EAST,1 Both,2023-Q1,396,116.5,
Divorce (inc. Financial Remedy),LONDON,1 Both,2023-Q1,6,366.9,
Divorce (inc. Financial Remedy),NORTH WEST,2 Petitioner Only,2023-Q1,4,371.9,
Divorce (inc. Financial Remedy),WALES,1 Both,2023-Q1,3,71.4,
Divorce (inc. Financial Remedy),SOUTH EAST,2 Petitioner Only,2023-Q1,1016,116.5,
Divorce (inc. Financial Remedy),MIDLANDS,1 Both,2023-Q1,1,89.3,
Divorce (inc. Financial Remedy),NORTH WEST,4 Neither,2023-Q1,2,141.3,
Divorce (inc. Financial Remedy),LONDON,2 Petitioner Only,2023-Q1,9,242.8,
Divorce (inc. Financial Remedy),LONDON,4 Neither,2023-Q1,19,342.5,
Divorce (inc. Financial Remedy),NORTH WEST,All types,2023-Q1,10,226.4,
Divorce (inc. Financial Remedy),NORTH EAST,2 Petitioner Only,2023-Q1,4,248.2,
Divorce (inc. Financial Remedy),MIDLANDS,3 Respondent Only,2023-Q1,1,181,
Divorce (inc. Financial Remedy),NORTH WEST,3 Respondent Only,2023-Q1,1,106,
Divorce (inc. Financial Remedy),NORTH EAST,All types,2023-Q1,11,270.6,
Divorce (inc. Financial Remedy),WALES,All types,2023-Q1,4,236.7,
Divorce (inc. Financial Remedy),England & Wales,1 Both,2023-Q1,583,103.9,
Divorce (inc. Financial Remedy),NORTH EAST,1 Both,2023-Q1,3,221.1,
Divorce (inc. Financial Remedy),SOUTH WEST,2 Petitioner Only,2023-Q1,4,374.2,
Divorce (inc. Financial Remedy),MIDLANDS,4 Neither,2023-Q1,5,556.4,
Divorce (inc. Financial Remedy),COURT TRIBUNAL SERVICE CENTRE,All types,2023-Q1,1211,68.6,
Divorce (inc. Financial Remedy),MIDLANDS,All types,2023-Q1,11,408.3,
Divorce (inc. Financial Remedy),SOUTH WEST,All types,2023-Q1,8,375.1,
Divorce (inc. Financial Remedy),SOUTH EAST,All types,2023-Q1,2725,110.2,
Divorce (inc. Financial Remedy),LONDON,All types,2023-Q1,34,320.4,
Divorce (inc. Financial Remedy),COURT TRIBUNAL SERVICE CENTRE,4 Neither,2023-Q1,534,75.7,
Divorce (inc. Financial Remedy),England & Wales,All types,2023-Q1,4014,101.6,
Divorce (inc. Financial Remedy),COURT TRIBUNAL SERVICE CENTRE,1 Both,2023-Q1,170,63.3,
Divorce (inc. Financial Remedy),COURT TRIBUNAL SERVICE CENTRE,3 Respondent Only,2023-Q1,53,72.6,
Divorce (inc. Financial Remedy),England & Wales,4 Neither,2023-Q1,1774,98.3,
Divorce (inc. Financial Remedy),MIDLANDS,2 Petitioner Only,2023-Q1,4,359.8,
Divorce (inc. Financial Remedy),NORTH EAST,4 Neither,2023-Q1,4,330.1,
Divorce (inc. Financial Remedy),SOUTH WEST,4 Neither,2023-Q1,3,461.6,
Divorce (inc. Financial Remedy),SOUTH WEST,1 Both,2023-Q1,1,119,
Divorce (inc. Financial Remedy),WALES,2 Petitioner Only,2023-Q1,1,732.6,
Divorce (inc. Financial Remedy),NORTH WEST,1 Both,2023-Q1,3,129.5,
Divorce (inc. Financial Remedy),England & Wales,2 Petitioner Only,2023-Q1,1496,103.4,
Divorce (inc. Financial Remedy),England & Wales,3 Respondent Only,2023-Q1,161,112.4,
Divorce (inc. Financial Remedy),SOUTH EAST,4 Neither,2023-Q1,1207,100.9,
Divorce (inc. Financial Remedy),SOUTH EAST,3 Respondent Only,2023-Q2,71,125.9,
Divorce (inc. Financial Remedy),COURT TRIBUNAL SERVICE CENTRE,4 Neither,2023-Q2,413,93.4,
Divorce (inc. Financial Remedy),LONDON,3 Respondent Only,2023-Q2,3,727.8,
Divorce (inc. Financial Remedy),NORTH WEST,4 Neither,2023-Q2,4,491.4,
Divorce (inc. Financial Remedy),MIDLANDS,1 Both,2023-Q2,3,199,
Divorce (inc. Financial Remedy),NORTH EAST,3 Respondent Only,2023-Q2,1,92.3,
Divorce (inc. Financial Remedy),MIDLANDS,4 Neither,2023-Q2,1,195.3,
Divorce (inc. Financial Remedy),SOUTH EAST,4 Neither,2023-Q2,791,126.1,
Divorce (inc. Financial Remedy),COURT TRIBUNAL SERVICE CENTRE,2 Petitioner Only,2023-Q2,286,76.4,
Divorce (inc. Financial Remedy),COURT TRIBUNAL SERVICE CENTRE,3 Respondent Only,2023-Q2,25,97.4,
Divorce (inc. Financial Remedy),COURT TRIBUNAL SERVICE CENTRE,1 Both,2023-Q2,79,73.8,
Divorce (inc. Financial Remedy),WALES,2 Petitioner Only,2023-Q2,1,600.1,
Divorce (inc. Financial Remedy),SOUTH EAST,All types,2023-Q2,1779,128.6,
Divorce (inc. Financial Remedy),LONDON,1 Both,2023-Q2,6,194.2,
Divorce (inc. Financial Remedy),LONDON,4 Neither,2023-Q2,12,450.5,
Divorce (inc. Financial Remedy),NORTH WEST,1 Both,2023-Q2,5,114.3,
Divorce (inc. Financial Remedy),NORTH WEST,3 Respondent Only,2023-Q2,2,129.7,
Divorce (inc. Financial Remedy),SOUTH WEST,3 Respondent Only,2023-Q2,1,164.9,
Divorce (inc. Financial Remedy),MIDLANDS,2 Petitioner Only,2023-Q2,2,107.6,
Divorce (inc. Financial Remedy),COURT TRIBUNAL SERVICE CENTRE,All types,2023-Q2,803,85.6,
Divorce (inc. Financial Remedy),WALES,All types,2023-Q2,2,563.1,
Divorce (inc. Financial Remedy),SOUTH WEST,All types,2023-Q2,7,163.6,
Divorce (inc. Financial Remedy),LONDON,All types,2023-Q2,25,397.4,
Divorce (inc. Financial Remedy),MIDLANDS,All types,2023-Q2,7,165.6,
Divorce (inc. Financial Remedy),SOUTH EAST,1 Both,2023-Q2,265,129.9,
Divorce (inc. Financial Remedy),SOUTH WEST,4 Neither,2023-Q2,3,219.7,
Divorce (inc. Financial Remedy),NORTH EAST,4 Neither,2023-Q2,2,212.5,
Divorce (inc. Financial Remedy),SOUTH WEST,1 Both,2023-Q2,2,114.9,
Divorce (inc. Financial Remedy),WALES,4 Neither,2023-Q2,1,526,
Divorce (inc. Financial Remedy),NORTH EAST,1 Both,2023-Q2,6,316.2,
Divorce (inc. Financial Remedy),NORTH EAST,2 Petitioner Only,2023-Q2,2,105.9,
Divorce (inc. Financial Remedy),NORTH WEST,2 Petitioner Only,2023-Q2,1,864.9,
Divorce (inc. Financial Remedy),NORTH EAST,All types,2023-Q2,11,238.8,
Divorce (inc. Financial Remedy),NORTH WEST,All types,2023-Q2,12,305.1,
Divorce (inc. Financial Remedy),England & Wales,All types,2023-Q2,2646,119.8,
Divorce (inc. Financial Remedy),England & Wales,4 Neither,2023-Q2,1227,120.2,
Divorce (inc. Financial Remedy),England & Wales,3 Respondent Only,2023-Q2,104,136.8,
Divorce (inc. Financial Remedy),LONDON,2 Petitioner Only,2023-Q2,4,294.9,
Divorce (inc. Financial Remedy),SOUTH WEST,2 Petitioner Only,2023-Q2,1,91.3,
Divorce (inc. Financial Remedy),MIDLANDS,3 Respondent Only,2023-Q2,1,151.9,
Divorce (inc. Financial Remedy),SOUTH EAST,2 Petitioner Only,2023-Q2,652,131.3,
Divorce (inc. Financial Remedy),England & Wales,1 Both,2023-Q2,366,122.2,
Divorce (inc. Financial Remedy),England & Wales,2 Petitioner Only,2023-Q2,949,116.6,
Divorce (inc. Financial Remedy),SOUTH EAST,1 Both,2023-Q3,166,142.1,
Divorce (inc. Financial Remedy),SOUTH EAST,3 Respondent Only,2023-Q3,72,172.4,
Divorce (inc. Financial Remedy),COURT TRIBUNAL SERVICE CENTRE,2 Petitioner Only,2023-Q3,144,91.4,
Divorce (inc. Financial Remedy),MIDLANDS,1 Both,2023-Q3,2,430.4,
Divorce (inc. Financial Remedy),LONDON,4 Neither,2023-Q3,6,474.4,
Divorce (inc. Financial Remedy),LONDON,All types,2023-Q3,20,375,
Divorce (inc. Financial Remedy),NORTH WEST,All types,2023-Q3,9,475.7,
Divorce (inc. Financial Remedy),NORTH EAST,3 Respondent Only,2023-Q3,2,249.9,
Divorce (inc. Financial Remedy),SOUTH EAST,All types,2023-Q3,1511,148.3,
Divorce (inc. Financial Remedy),SOUTH WEST,All types,2023-Q3,7,272.7,
Divorce (inc. Financial Remedy),SOUTH EAST,2 Petitioner Only,2023-Q3,526,151.6,
Divorce (inc. Financial Remedy),COURT TRIBUNAL SERVICE CENTRE,1 Both,2023-Q3,56,92.7,
Divorce (inc. Financial Remedy),MIDLANDS,2 Petitioner Only,2023-Q3,2,125.8,
Divorce (inc. Financial Remedy),NORTH EAST,4 Neither,2023-Q3,4,619.6,
Divorce (inc. Financial Remedy),NORTH WEST,4 Neither,2023-Q3,5,514.4,
Divorce (inc. Financial Remedy),LONDON,3 Respondent Only,2023-Q3,3,263.1,
Divorce (inc. Financial Remedy),WALES,2 Petitioner Only,2023-Q3,1,253.7,
Divorce (inc. Financial Remedy),WALES,1 Both,2023-Q3,1,110.9,
Divorce (inc. Financial Remedy),COURT TRIBUNAL SERVICE CENTRE,All types,2023-Q3,484,100.9,
Divorce (inc. Financial Remedy),WALES,All types,2023-Q3,2,182.3,
Divorce (inc. Financial Remedy),LONDON,2 Petitioner Only,2023-Q3,8,399.2,
Divorce (inc. Financial Remedy),MIDLANDS,All types,2023-Q3,10,278.2,
Divorce (inc. Financial Remedy),NORTH EAST,All types,2023-Q3,6,496.4,
Divorce (inc. Financial Remedy),England & Wales,All types,2023-Q3,2049,142.9,
Divorce (inc. Financial Remedy),COURT TRIBUNAL SERVICE CENTRE,4 Neither,2023-Q3,256,107.7,
Divorce (inc. Financial Remedy),England & Wales,2 Petitioner Only,2023-Q3,686,143.2,
Divorce (inc. Financial Remedy),COURT TRIBUNAL SERVICE CENTRE,3 Respondent Only,2023-Q3,28,104.5,
Divorce (inc. Financial Remedy),NORTH WEST,2 Petitioner Only,2023-Q3,3,470.3,
Divorce (inc. Financial Remedy),LONDON,1 Both,2023-Q3,3,223.9,
Divorce (inc. Financial Remedy),MIDLANDS,4 Neither,2023-Q3,6,278.2,
Divorce (inc. Financial Remedy),SOUTH WEST,4 Neither,2023-Q3,5,335,
Divorce (inc. Financial Remedy),England & Wales,4 Neither,2023-Q3,1029,143,
Divorce (inc. Financial Remedy),SOUTH WEST,2 Petitioner Only,2023-Q3,2,116.9,
Divorce (inc. Financial Remedy),England & Wales,1 Both,2023-Q3,229,134.2,
Divorce (inc. Financial Remedy),NORTH WEST,1 Both,2023-Q3,1,298.6,
Divorce (inc. Financial Remedy),England & Wales,3 Respondent Only,2023-Q3,105,158.4,
Divorce (inc. Financial Remedy),SOUTH EAST,4 Neither,2023-Q3,747,145.1,
Divorce (inc. Financial Remedy),COURT TRIBUNAL SERVICE CENTRE,2 Petitioner Only,2023-Q4,86,102.8,
Divorce (inc. Financial Remedy),LONDON,4 Neither,2023-Q4,8,427.1,
Divorce (inc. Financial Remedy),LONDON,2 Petitioner Only,2023-Q4,12,404.6,
Divorce (inc. Financial Remedy),COURT TRIBUNAL SERVICE CENTRE,3 Respondent Only,2023-Q4,17,115.1,
Divorce (inc. Financial Remedy),NORTH EAST,1 Both,2023-Q4,1,148.7,
Divorce (inc. Financial Remedy),SOUTH EAST,2 Petitioner Only,2023-Q4,363,175.6,
Divorce (inc. Financial Remedy),NORTH WEST,4 Neither,2023-Q4,1,547.9,
Divorce (inc. Financial Remedy),WALES,3 Respondent Only,2023-Q4,1,114.4,
Divorce (inc. Financial Remedy),NORTH EAST,4 Neither,2023-Q4,2,725.2,
Divorce (inc. Financial Remedy),COURT TRIBUNAL SERVICE CENTRE,4 Neither,2023-Q4,179,126.4,
Divorce (inc. Financial Remedy),LONDON,1 Both,2023-Q4,1,502,
Divorce (inc. Financial Remedy),LONDON,3 Respondent Only,2023-Q4,1,134.9,
Divorce (inc. Financial Remedy),LONDON,All types,2023-Q4,22,405,
Divorce (inc. Financial Remedy),MIDLANDS,All types,2023-Q4,6,217.2,
Divorce (inc. Financial Remedy),SOUTH WEST,4 Neither,2023-Q4,1,763.7,
Divorce (inc. Financial Remedy),COURT TRIBUNAL SERVICE CENTRE,All types,2023-Q4,319,117.9,
Divorce (inc. Financial Remedy),England & Wales,4 Neither,2023-Q4,651,157,
Divorce (inc. Financial Remedy),SOUTH EAST,4 Neither,2023-Q4,456,158.7,
Divorce (inc. Financial Remedy),COURT TRIBUNAL SERVICE CENTRE,1 Both,2023-Q4,37,113.3,
Divorce (inc. Financial Remedy),WALES,2 Petitioner Only,2023-Q4,2,360,
Divorce (inc. Financial Remedy),SOUTH EAST,1 Both,2023-Q4,101,159.2,
Divorce (inc. Financial Remedy),MIDLANDS,1 Both,2023-Q4,2,141.3,
Divorce (inc. Financial Remedy),WALES,All types,2023-Q4,3,278.1,
Divorce (inc. Financial Remedy),SOUTH WEST,All types,2023-Q4,3,452,
Divorce (inc. Financial Remedy),NORTH WEST,All types,2023-Q4,1,547.9,
Divorce (inc. Financial Remedy),SOUTH EAST,All types,2023-Q4,964,167,
Divorce (inc. Financial Remedy),NORTH EAST,All types,2023-Q4,9,493.7,
Divorce (inc. Financial Remedy),England & Wales,All types,2023-Q4,1327,162.8,
Divorce (inc. Financial Remedy),SOUTH EAST,3 Respondent Only,2023-Q4,44,199.6,
Divorce (inc. Financial Remedy),England & Wales,2 Petitioner Only,2023-Q4,469,172.7,
Divorce (inc. Financial Remedy),MIDLANDS,4 Neither,2023-Q4,4,255.2,
Divorce (inc. Financial Remedy),NORTH EAST,2 Petitioner Only,2023-Q4,6,474,
Divorce (inc. Financial Remedy),England & Wales,1 Both,2023-Q4,144,151.4,
Divorce (inc. Financial Remedy),SOUTH WEST,1 Both,2023-Q4,2,296.1,
Divorce (inc. Financial Remedy),England & Wales,3 Respondent Only,2023-Q4,63,174.4,
Divorce (inc. Financial Remedy),WALES,2 Petitioner Only,2024-Q1,1,488.4,
Divorce (inc. Financial Remedy),MIDLANDS,3 Respondent Only,2024-Q1,1,404,
Divorce (inc. Financial Remedy),COURT TRIBUNAL SERVICE CENTRE,1 Both,2024-Q1,46,117.5,
Divorce (inc. Financial Remedy),SOUTH EAST,3 Respondent Only,2024-Q1,38,176.1,
Divorce (inc. Financial Remedy),SOUTH EAST,1 Both,2024-Q1,124,181.1,
Divorce (inc. Financial Remedy),NORTH EAST,2 Petitioner Only,2024-Q1,3,704.4,
Divorce (inc. Financial Remedy),SOUTH WEST,4 Neither,2024-Q1,1,523.3,
Divorce (inc. Financial Remedy),SOUTH WEST,2 Petitioner Only,2024-Q1,2,610.1,
Divorce (inc. Financial Remedy),NORTH EAST,4 Neither,2024-Q1,3,573.6,
Divorce (inc. Financial Remedy),SOUTH WEST,3 Respondent Only,2024-Q1,1,646.9,
Divorce (inc. Financial Remedy),MIDLANDS,2 Petitioner Only,2024-Q1,4,420.4,
Divorce (inc. Financial Remedy),NORTH EAST,All types,2024-Q1,8,587.9,
Divorce (inc. Financial Remedy),MIDLANDS,All types,2024-Q1,11,352.3,
Divorce (inc. Financial Remedy),SOUTH EAST,4 Neither,2024-Q1,433,183.2,
Divorce (inc. Financial Remedy),England & Wales,4 Neither,2024-Q1,696,172.3,
Divorce (inc. Financial Remedy),England & Wales,1 Both,2024-Q1,178,171,
Divorce (inc. Financial Remedy),SOUTH EAST,2 Petitioner Only,2024-Q1,380,188.9,
Divorce (inc. Financial Remedy),COURT TRIBUNAL SERVICE CENTRE,3 Respondent Only,2024-Q1,17,127.6,
Divorce (inc. Financial Remedy),LONDON,4 Neither,2024-Q1,7,434,
Divorce (inc. Financial Remedy),SOUTH WEST,1 Both,2024-Q1,1,453,
Divorce (inc. Financial Remedy),MIDLANDS,4 Neither,2024-Q1,3,418.8,
Divorce (inc. Financial Remedy),LONDON,3 Respondent Only,2024-Q1,2,139.7,
Divorce (inc. Financial Remedy),MIDLANDS,1 Both,2024-Q1,3,177.9,
Divorce (inc. Financial Remedy),WALES,1 Both,2024-Q1,1,580,
Divorce (inc. Financial Remedy),SOUTH EAST,All types,2024-Q1,975,184.9,
Divorce (inc. Financial Remedy),LONDON,All types,2024-Q1,15,372.8,
Divorce (inc. Financial Remedy),WALES,All types,2024-Q1,2,534.2,
Divorce (inc. Financial Remedy),NORTH WEST,All types,2024-Q1,4,315,
Divorce (inc. Financial Remedy),COURT TRIBUNAL SERVICE CENTRE,2 Petitioner Only,2024-Q1,130,119.1,
Divorce (inc. Financial Remedy),COURT TRIBUNAL SERVICE CENTRE,All types,2024-Q1,442,129.2,
Divorce (inc. Financial Remedy),COURT TRIBUNAL SERVICE CENTRE,4 Neither,2024-Q1,249,136.8,
Divorce (inc. Financial Remedy),SOUTH WEST,All types,2024-Q1,5,568.7,
Divorce (inc. Financial Remedy),England & Wales,All types,2024-Q1,1462,175.6,
Divorce (inc. Financial Remedy),England & Wales,3 Respondent Only,2024-Q1,59,172.7,
Divorce (inc. Financial Remedy),LONDON,2 Petitioner Only,2024-Q1,6,379.1,
Divorce (inc. Financial Remedy),NORTH WEST,2 Petitioner Only,2024-Q1,3,373.6,
Divorce (inc. Financial Remedy),NORTH EAST,1 Both,2024-Q1,2,434.6,
Divorce (inc. Financial Remedy),NORTH WEST,1 Both,2024-Q1,1,139.3,
Divorce (inc. Financial Remedy),England & Wales,2 Petitioner Only,2024-Q1,529,181.8,
Divorce (inc. Financial Remedy),SOUTH EAST,4 Neither,2024-Q2,327,203.3,
Divorce (inc. Financial Remedy),COURT TRIBUNAL SERVICE CENTRE,2 Petitioner Only,2024-Q2,104,131.3,
Divorce (inc. Financial Remedy),SOUTH EAST,2 Petitioner Only,2024-Q2,247,215.5,
Divorce (inc. Financial Remedy),LONDON,4 Neither,2024-Q2,8,442.1,
Divorce (inc. Financial Remedy),COURT TRIBUNAL SERVICE CENTRE,All types,2024-Q2,320,143.4,
Divorce (inc. Financial Remedy),LONDON,All types,2024-Q2,14,442.4,
Divorce (inc. Financial Remedy),MIDLANDS,1 Both,2024-Q2,3,475.6,
Divorce (inc. Financial Remedy),NORTH EAST,3 Respondent Only,2024-Q2,2,401.1,
Divorce (inc. Financial Remedy),NORTH EAST,1 Both,2024-Q2,1,163,
Divorce (inc. Financial Remedy),SOUTH WEST,All types,2024-Q2,3,336.5,
Divorce (inc. Financial Remedy),England & Wales,3 Respondent Only,2024-Q2,54,199.8,
Divorce (inc. Financial Remedy),England & Wales,1 Both,2024-Q2,92,178.9,
Divorce (inc. Financial Remedy),COURT TRIBUNAL SERVICE CENTRE,4 Neither,2024-Q2,178,151.1,
Divorce (inc. Financial Remedy),SOUTH EAST,3 Respondent Only,2024-Q2,36,212,
Divorce (inc. Financial Remedy),NORTH EAST,4 Neither,2024-Q2,4,512,
Divorce (inc. Financial Remedy),NORTH WEST,1 Both,2024-Q2,1,145.7,
Divorce (inc. Financial Remedy),NORTH WEST,2 Petitioner Only,2024-Q2,1,111,
Divorce (inc. Financial Remedy),SOUTH EAST,All types,2024-Q2,673,206.1,
Divorce (inc. Financial Remedy),SOUTH WEST,4 Neither,2024-Q2,2,388.9,
Divorce (inc. Financial Remedy),NORTH EAST,All types,2024-Q2,10,381,
Divorce (inc. Financial Remedy),COURT TRIBUNAL SERVICE CENTRE,3 Respondent Only,2024-Q2,15,148.6,
Divorce (inc. Financial Remedy),MIDLANDS,All types,2024-Q2,9,608.4,
Divorce (inc. Financial Remedy),NORTH WEST,All types,2024-Q2,4,270.6,
Divorce (inc. Financial Remedy),WALES,All types,2024-Q2,1,618,
Divorce (inc. Financial Remedy),LONDON,2 Petitioner Only,2024-Q2,6,442.9,
Divorce (inc. Financial Remedy),England & Wales,All types,2024-Q2,1034,196.1,
Divorce (inc. Financial Remedy),SOUTH EAST,1 Both,2024-Q2,63,180.4,
Divorce (inc. Financial Remedy),COURT TRIBUNAL SERVICE CENTRE,1 Both,2024-Q2,23,136,
Divorce (inc. Financial Remedy),NORTH EAST,2 Petitioner Only,2024-Q2,3,265.7,
Divorce (inc. Financial Remedy),MIDLANDS,2 Petitioner Only,2024-Q2,2,545.1,
Divorce (inc. Financial Remedy),England & Wales,4 Neither,2024-Q2,525,198.1,
Divorce (inc. Financial Remedy),MIDLANDS,4 Neither,2024-Q2,3,945.1,
Divorce (inc. Financial Remedy),England & Wales,2 Petitioner Only,2024-Q2,363,197.1,
Divorce (inc. Financial Remedy),NORTH WEST,4 Neither,2024-Q2,2,412.9,
Divorce (inc. Financial Remedy),WALES,4 Neither,2024-Q2,1,618,
Divorce (inc. Financial Remedy),SOUTH WEST,1 Both,2024-Q2,1,231.7,
Divorce (inc. Financial Remedy),MIDLANDS,3 Respondent Only,2024-Q2,1,123,
Divorce (inc. Financial Remedy),SOUTH EAST,3 Respondent Only,2024-Q3,27,183.4,
Divorce (inc. Financial Remedy),LONDON,1 Both,2024-Q3,1,221.3,
Divorce (inc. Financial Remedy),NORTH EAST,All types,2024-Q3,3,424,
Divorce (inc. Financial Remedy),NORTH WEST,3 Respondent Only,2024-Q3,1,129.6,
Divorce (inc. Financial Remedy),MIDLANDS,2 Petitioner Only,2024-Q3,3,774.3,
Divorce (inc. Financial Remedy),NORTH WEST,2 Petitioner Only,2024-Q3,1,127.9,
Divorce (inc. Financial Remedy),NORTH EAST,1 Both,2024-Q3,1,362.6,
Divorce (inc. Financial Remedy),NORTH WEST,4 Neither,2024-Q3,1,511.6,
Divorce (inc. Financial Remedy),NORTH EAST,2 Petitioner Only,2024-Q3,1,127.9,
Divorce (inc. Financial Remedy),SOUTH WEST,1 Both,2024-Q3,1,970.1,
Divorce (inc. Financial Remedy),SOUTH EAST,All types,2024-Q3,502,214.5,
Divorce (inc. Financial Remedy),SOUTH WEST,All types,2024-Q3,4,604.9,
Divorce (inc. Financial Remedy),WALES,All types,2024-Q3,1,179.3,
Divorce (inc. Financial Remedy),England & Wales,2 Petitioner Only,2024-Q3,211,200.7,
Divorce (inc. Financial Remedy),SOUTH EAST,1 Both,2024-Q3,54,212.6,
Divorce (inc. Financial Remedy),SOUTH WEST,2 Petitioner Only,2024-Q3,1,169.1,
Divorce (inc. Financial Remedy),LONDON,4 Neither,2024-Q3,9,394.4,
Divorce (inc. Financial Remedy),SOUTH WEST,4 Neither,2024-Q3,2,640.1,
Divorce (inc. Financial Remedy),MIDLANDS,3 Respondent Only,2024-Q3,1,269.3,
Divorce (inc. Financial Remedy),WALES,1 Both,2024-Q3,1,179.3,
Divorce (inc. Financial Remedy),COURT TRIBUNAL SERVICE CENTRE,All types,2024-Q3,188,157.6,
Divorce (inc. Financial Remedy),LONDON,All types,2024-Q3,10,377.1,
Divorce (inc. Financial Remedy),NORTH WEST,All types,2024-Q3,3,256.3,
Divorce (inc. Financial Remedy),SOUTH EAST,4 Neither,2024-Q3,261,222.3,
Divorce (inc. Financial Remedy),SOUTH EAST,2 Petitioner Only,2024-Q3,160,207.5,
Divorce (inc. Financial Remedy),COURT TRIBUNAL SERVICE CENTRE,4 Neither,2024-Q3,111,165.6,
Divorce (inc. Financial Remedy),MIDLANDS,All types,2024-Q3,8,578.5,
Divorce (inc. Financial Remedy),England & Wales,All types,2024-Q3,719,209.1,
Divorce (inc. Financial Remedy),COURT TRIBUNAL SERVICE CENTRE,2 Petitioner Only,2024-Q3,45,142.5,
Divorce (inc. Financial Remedy),COURT TRIBUNAL SERVICE CENTRE,1 Both,2024-Q3,22,141,
Divorce (inc. Financial Remedy),COURT TRIBUNAL SERVICE CENTRE,3 Respondent Only,2024-Q3,10,172.7,
Divorce (inc. Financial Remedy),MIDLANDS,4 Neither,2024-Q3,4,508.9,
Divorce (inc. Financial Remedy),England & Wales,3 Respondent Only,2024-Q3,39,181.5,
Divorce (inc. Financial Remedy),NORTH EAST,4 Neither,2024-Q3,1,781.6,
Divorce (inc. Financial Remedy),England & Wales,4 Neither,2024-Q3,389,217.4,
Divorce (inc. Financial Remedy),England & Wales,1 Both,2024-Q3,80,203.9,
Divorce (inc. Financial Remedy),COURT TRIBUNAL SERVICE CENTRE,3 Respondent Only,2024-Q4,18,168,
Divorce (inc. Financial Remedy),SOUTH EAST,1 Both,2024-Q4,45,209.5,
Divorce (inc. Financial Remedy),COURT TRIBUNAL SERVICE CENTRE,2 Petitioner Only,2024-Q4,41,155.7,
Divorce (inc. Financial Remedy),MIDLANDS,2 Petitioner Only,2024-Q4,2,770.3,
Divorce (inc. Financial Remedy),LONDON,1 Both,2024-Q4,2,551.1,
Divorce (inc. Financial Remedy),SOUTH WEST,4 Neither,2024-Q4,5,640.6,
Divorce (inc. Financial Remedy),SOUTH WEST,3 Respondent Only,2024-Q4,1,201.3,
Divorce (inc. Financial Remedy),LONDON,4 Neither,2024-Q4,10,697.8,
Divorce (inc. Financial Remedy),SOUTH EAST,2 Petitioner Only,2024-Q4,212,210.2,
Divorce (inc. Financial Remedy),SOUTH EAST,3 Respondent Only,2024-Q4,16,253.7,
Divorce (inc. Financial Remedy),LONDON,All types,2024-Q4,16,640.3,
Divorce (inc. Financial Remedy),SOUTH WEST,1 Both,2024-Q4,1,182.4,
Divorce (inc. Financial Remedy),NORTH EAST,All types,2024-Q4,5,539.5,
Divorce (inc. Financial Remedy),SOUTH WEST,2 Petitioner Only,2024-Q4,3,468.7,
Divorce (inc. Financial Remedy),WALES,2 Petitioner Only,2024-Q4,1,644.7,
Divorce (inc. Financial Remedy),SOUTH EAST,4 Neither,2024-Q4,268,201.5,
Divorce (inc. Financial Remedy),COURT TRIBUNAL SERVICE CENTRE,All types,2024-Q4,192,173,
Divorce (inc. Financial Remedy),MIDLANDS,All types,2024-Q4,4,623.2,
Divorce (inc. Financial Remedy),WALES,All types,2024-Q4,1,644.7,
Divorce (inc. Financial Remedy),England & Wales,3 Respondent Only,2024-Q4,35,208.1,
Divorce (inc. Financial Remedy),England & Wales,1 Both,2024-Q4,68,213.9,
Divorce (inc. Financial Remedy),COURT TRIBUNAL SERVICE CENTRE,1 Both,2024-Q4,19,160.4,
Divorce (inc. Financial Remedy),MIDLANDS,1 Both,2024-Q4,1,787.6,
Divorce (inc. Financial Remedy),NORTH EAST,4 Neither,2024-Q4,3,551.4,
Divorce (inc. Financial Remedy),NORTH EAST,2 Petitioner Only,2024-Q4,2,521.5,
Divorce (inc. Financial Remedy),NORTH WEST,4 Neither,2024-Q4,3,514.9,
Divorce (inc. Financial Remedy),SOUTH EAST,All types,2024-Q4,541,207.1,
Divorce (inc. Financial Remedy),COURT TRIBUNAL SERVICE CENTRE,4 Neither,2024-Q4,114,182.1,
Divorce (inc. Financial Remedy),SOUTH WEST,All types,2024-Q4,10,499.3,
Divorce (inc. Financial Remedy),NORTH WEST,All types,2024-Q4,3,514.9,
Divorce (inc. Financial Remedy),England & Wales,All types,2024-Q4,772,217.5,
Divorce (inc. Financial Remedy),LONDON,2 Petitioner Only,2024-Q4,4,541,
Divorce (inc. Financial Remedy),England & Wales,4 Neither,2024-Q4,404,218.6,
Divorce (inc. Financial Remedy),MIDLANDS,4 Neither,2024-Q4,1,164.7,
Divorce (inc. Financial Remedy),England & Wales,2 Petitioner Only,2024-Q4,265,217.9,
Divorce (inc. Financial Remedy),SOUTH WEST,2 Petitioner Only,2025-Q1,2,606.4,
Divorce (inc. Financial Remedy),NORTH EAST,4 Neither,2025-Q1,3,581,
Divorce (inc. Financial Remedy),NORTH WEST,2 Petitioner Only,2025-Q1,1,699,
Divorce (inc. Financial Remedy),SOUTH EAST,1 Both,2025-Q1,39,214.4,
Divorce (inc. Financial Remedy),COURT TRIBUNAL SERVICE CENTRE,All types,2025-Q1,145,187.2,
Divorce (inc. Financial Remedy),MIDLANDS,4 Neither,2025-Q1,2,638.5,
Divorce (inc. Financial Remedy),LONDON,4 Neither,2025-Q1,6,843.5,
Divorce (inc. Financial Remedy),LONDON,All types,2025-Q1,12,559.3,
Divorce (inc. Financial Remedy),SOUTH WEST,All types,2025-Q1,3,500.4,
Divorce (inc. Financial Remedy),NORTH EAST,All types,2025-Q1,4,570.8,
Divorce (inc. Financial Remedy),WALES,3 Respondent Only,2025-Q1,1,241.7,
Divorce (inc. Financial Remedy),MIDLANDS,All types,2025-Q1,6,719.3,
Divorce (inc. Financial Remedy),COURT TRIBUNAL SERVICE CENTRE,2 Petitioner Only,2025-Q1,28,173.8,
Divorce (inc. Financial Remedy),MIDLANDS,1 Both,2025-Q1,3,756.4,
Divorce (inc. Financial Remedy),MIDLANDS,3 Respondent Only,2025-Q1,1,769.3,
Divorce (inc. Financial Remedy),NORTH WEST,4 Neither,2025-Q1,1,589.7,
Divorce (inc. Financial Remedy),SOUTH EAST,All types,2025-Q1,367,215.2,
Divorce (inc. Financial Remedy),WALES,All types,2025-Q1,1,241.7,
Divorce (inc. Financial Remedy),NORTH WEST,All types,2025-Q1,2,644.4,
Divorce (inc. Financial Remedy),SOUTH EAST,2 Petitioner Only,2025-Q1,136,240.3,
Divorce (inc. Financial Remedy),SOUTH EAST,4 Neither,2025-Q1,178,198.3,
Divorce (inc. Financial Remedy),COURT TRIBUNAL SERVICE CENTRE,4 Neither,2025-Q1,97,192.2,
Divorce (inc. Financial Remedy),COURT TRIBUNAL SERVICE CENTRE,1 Both,2025-Q1,14,173.8,
Divorce (inc. Financial Remedy),England & Wales,All types,2025-Q1,540,226.8,
Divorce (inc. Financial Remedy),England & Wales,2 Petitioner Only,2025-Q1,170,240.1,
Divorce (inc. Financial Remedy),England & Wales,4 Neither,2025-Q1,287,218.1,
Divorce (inc. Financial Remedy),LONDON,1 Both,2025-Q1,3,210.5,
Divorce (inc. Financial Remedy),SOUTH EAST,3 Respondent Only,2025-Q1,14,188.2,
Divorce (inc. Financial Remedy),COURT TRIBUNAL SERVICE CENTRE,3 Respondent Only,2025-Q1,6,200.2,
Divorce (inc. Financial Remedy),LONDON,3 Respondent Only,2025-Q1,1,200.1,
Divorce (inc. Financial Remedy),NORTH EAST,2 Petitioner Only,2025-Q1,1,540.3,
Divorce (inc. Financial Remedy),LONDON,2 Petitioner Only,2025-Q1,2,409.6,
Divorce (inc. Financial Remedy),SOUTH WEST,1 Both,2025-Q1,1,288.6,
Divorce (inc. Financial Remedy),England & Wales,1 Both,2025-Q1,60,233.1,
Divorce (inc. Financial Remedy),England & Wales,3 Respondent Only,2025-Q1,23,219.5,
Divorce (inc. Financial Remedy),COURT TRIBUNAL SERVICE CENTRE,1 Both,2025-Q2,12,179.3,
Divorce (inc. Financial Remedy),NORTH WEST,4 Neither,2025-Q2,1,212.6,
Divorce (inc. Financial Remedy),SOUTH WEST,2 Petitioner Only,2025-Q2,1,580.3,
Divorce (inc. Financial Remedy),SOUTH EAST,1 Both,2025-Q2,31,274.6,
Divorce (inc. Financial Remedy),SOUTH EAST,2 Petitioner Only,2025-Q2,122,247.1,
Divorce (inc. Financial Remedy),WALES,4 Neither,2025-Q2,1,557.6,
Divorce (inc. Financial Remedy),COURT TRIBUNAL SERVICE CENTRE,All types,2025-Q2,114,199.1,
Divorce (inc. Financial Remedy),NORTH EAST,4 Neither,2025-Q2,1,67.1,
Divorce (inc. Financial Remedy),SOUTH WEST,4 Neither,2025-Q2,5,636.9,
Divorce (inc. Financial Remedy),NORTH WEST,All types,2025-Q2,2,663.6,
Divorce (inc. Financial Remedy),NORTH WEST,3 Respondent Only,2025-Q2,1,1114.6,
Divorce (inc. Financial Remedy),England & Wales,4 Neither,2025-Q2,310,249.2,
Divorce (inc. Financial Remedy),MIDLANDS,2 Petitioner Only,2025-Q2,4,345.7,
Divorce (inc. Financial Remedy),MIDLANDS,4 Neither,2025-Q2,4,588.1,
Divorce (inc. Financial Remedy),LONDON,1 Both,2025-Q2,2,404.3,
Divorce (inc. Financial Remedy),NORTH EAST,All types,2025-Q2,5,386.5,
Divorce (inc. Financial Remedy),SOUTH WEST,All types,2025-Q2,6,627.5,
Divorce (inc. Financial Remedy),SOUTH EAST,4 Neither,2025-Q2,228,239.8,
Divorce (inc. Financial Remedy),SOUTH EAST,All types,2025-Q2,401,245.8,
Divorce (inc. Financial Remedy),MIDLANDS,All types,2025-Q2,8,466.9,
Divorce (inc. Financial Remedy),LONDON,All types,2025-Q2,9,703,
Divorce (inc. Financial Remedy),WALES,All types,2025-Q2,1,557.6,
Divorce (inc. Financial Remedy),England & Wales,All types,2025-Q2,546,254.4,
Divorce (inc. Financial Remedy),SOUTH EAST,3 Respondent Only,2025-Q2,20,262.7,
Divorce (inc. Financial Remedy),COURT TRIBUNAL SERVICE CENTRE,4 Neither,2025-Q2,67,210.6,
Divorce (inc. Financial Remedy),LONDON,4 Neither,2025-Q2,3,699,
Divorce (inc. Financial Remedy),COURT TRIBUNAL SERVICE CENTRE,2 Petitioner Only,2025-Q2,34,184.6,
Divorce (inc. Financial Remedy),England & Wales,1 Both,2025-Q2,45,255,
Divorce (inc. Financial Remedy),England & Wales,2 Petitioner Only,2025-Q2,168,258.9,
Divorce (inc. Financial Remedy),England & Wales,3 Respondent Only,2025-Q2,23,291.6,
Divorce (inc. Financial Remedy),NORTH EAST,2 Petitioner Only,2025-Q2,4,466.3,
Divorce (inc. Financial Remedy),LONDON,2 Petitioner Only,2025-Q2,3,1080,
Divorce (inc. Financial Remedy),LONDON,3 Respondent Only,2025-Q2,1,181.1,
Divorce (inc. Financial Remedy),COURT TRIBUNAL SERVICE CENTRE,3 Respondent Only,2025-Q2,1,157.1,
Divorce (inc. Financial Remedy),COURT TRIBUNAL SERVICE CENTRE,2 Petitioner Only,2025-Q3,27,206.7,
Divorce (inc. Financial Remedy),WALES,4 Neither,2025-Q3,1,633.3,
Divorce (inc. Financial Remedy),SOUTH WEST,1 Both,2025-Q3,2,261.3,
Divorce (inc. Financial Remedy),NORTH EAST,1 Both,2025-Q3,1,1095,
Divorce (inc. Financial Remedy),NORTH EAST,4 Neither,2025-Q3,1,412.1,
Divorce (inc. Financial Remedy),SOUTH EAST,4 Neither,2025-Q3,243,240.1,
Divorce (inc. Financial Remedy),LONDON,4 Neither,2025-Q3,4,652.7,
Divorce (inc. Financial Remedy),COURT TRIBUNAL SERVICE CENTRE,1 Both,2025-Q3,10,196.6,
Divorce (inc. Financial Remedy),LONDON,All types,2025-Q3,8,744.8,
Divorce (inc. Financial Remedy),MIDLANDS,1 Both,2025-Q3,1,201,
Divorce (inc. Financial Remedy),NORTH WEST,All types,2025-Q3,2,509,
Divorce (inc. Financial Remedy),SOUTH WEST,All types,2025-Q3,4,420,
Divorce (inc. Financial Remedy),NORTH EAST,All types,2025-Q3,2,753.6,
Divorce (inc. Financial Remedy),LONDON,1 Both,2025-Q3,1,1076,
Divorce (inc. Financial Remedy),SOUTH EAST,All types,2025-Q3,409,251.3,
Divorce (inc. Financial Remedy),England & Wales,1 Both,2025-Q3,48,274.7,
Divorce (inc. Financial Remedy),SOUTH EAST,2 Petitioner Only,2025-Q3,114,271.7,
Divorce (inc. Financial Remedy),COURT TRIBUNAL SERVICE CENTRE,4 Neither,2025-Q3,90,219.5,
Divorce (inc. Financial Remedy),COURT TRIBUNAL SERVICE CENTRE,3 Respondent Only,2025-Q3,5,197.1,
Divorce (inc. Financial Remedy),NORTH WEST,4 Neither,2025-Q3,2,509,
Divorce (inc. Financial Remedy),MIDLANDS,4 Neither,2025-Q3,6,630.3,
Divorce (inc. Financial Remedy),LONDON,3 Respondent Only,2025-Q3,1,1307.4,
Divorce (inc. Financial Remedy),LONDON,2 Petitioner Only,2025-Q3,2,482.2,
Divorce (inc. Financial Remedy),COURT TRIBUNAL SERVICE CENTRE,All types,2025-Q3,132,214.3,
Divorce (inc. Financial Remedy),WALES,All types,2025-Q3,1,633.3,
Divorce (inc. Financial Remedy),MIDLANDS,All types,2025-Q3,9,541.9,
Divorce (inc. Financial Remedy),England & Wales,All types,2025-Q3,567,258.8,
Divorce (inc. Financial Remedy),SOUTH EAST,1 Both,2025-Q3,33,252.3,
Divorce (inc. Financial Remedy),England & Wales,4 Neither,2025-Q3,347,249.4,
Divorce (inc. Financial Remedy),SOUTH EAST,3 Respondent Only,2025-Q3,19,270.1,
Divorce (inc. Financial Remedy),MIDLANDS,2 Petitioner Only,2025-Q3,2,446.9,
Divorce (inc. Financial Remedy),England & Wales,2 Petitioner Only,2025-Q3,147,269.2,
Divorce (inc. Financial Remedy),SOUTH WEST,2 Petitioner Only,2025-Q3,2,578.8,
Divorce (inc. Financial Remedy),England & Wales,3 Respondent Only,2025-Q3,25,297,
Divorce (inc. Financial Remedy),WALES,1 Both,2025-Q4,1,1014.3,
Divorce (inc. Financial Remedy),LONDON,4 Neither,2025-Q4,2,904.6,
Divorce (inc. Financial Remedy),LONDON,3 Respondent Only,2025-Q4,1,225.6,
Divorce (inc. Financial Remedy),NORTH EAST,4 Neither,2025-Q4,1,607.6,
Divorce (inc. Financial Remedy),NORTH WEST,2 Petitioner Only,2025-Q4,1,843.4,
Divorce (inc. Financial Remedy),MIDLANDS,4 Neither,2025-Q4,2,754.9,
Divorce (inc. Financial Remedy),SOUTH EAST,2 Petitioner Only,2025-Q4,110,276.7,
Divorce (inc. Financial Remedy),SOUTH EAST,3 Respondent Only,2025-Q4,19,321.2,
Divorce (inc. Financial Remedy),NORTH EAST,2 Petitioner Only,2025-Q4,1,873.6,
Divorce (inc. Financial Remedy),SOUTH EAST,1 Both,2025-Q4,23,295.4,
Divorce (inc. Financial Remedy),LONDON,2 Petitioner Only,2025-Q4,3,814.2,
Divorce (inc. Financial Remedy),COURT TRIBUNAL SERVICE CENTRE,1 Both,2025-Q4,5,198.5,
Divorce (inc. Financial Remedy),COURT TRIBUNAL SERVICE CENTRE,3 Respondent Only,2025-Q4,4,214.5,
Divorce (inc. Financial Remedy),WALES,4 Neither,2025-Q4,3,883.2,
Divorce (inc. Financial Remedy),NORTH EAST,3 Respondent Only,2025-Q4,1,602.3,
Divorce (inc. Financial Remedy),SOUTH WEST,4 Neither,2025-Q4,1,592.1,
Divorce (inc. Financial Remedy),England & Wales,4 Neither,2025-Q4,325,267.5,
Divorce (inc. Financial Remedy),England & Wales,3 Respondent Only,2025-Q4,25,311.6,
Divorce (inc. Financial Remedy),SOUTH EAST,4 Neither,2025-Q4,250,258.8,
Divorce (inc. Financial Remedy),COURT TRIBUNAL SERVICE CENTRE,4 Neither,2025-Q4,66,228.1,
Divorce (inc. Financial Remedy),COURT TRIBUNAL SERVICE CENTRE,2 Petitioner Only,2025-Q4,17,217.7,
Divorce (inc. Financial Remedy),LONDON,1 Both,2025-Q4,1,187.7,
Divorce (inc. Financial Remedy),COURT TRIBUNAL SERVICE CENTRE,All types,2025-Q4,92,224,
Divorce (inc. Financial Remedy),NORTH EAST,All types,2025-Q4,3,694.5,
Divorce (inc. Financial Remedy),WALES,All types,2025-Q4,4,916,
Divorce (inc. Financial Remedy),NORTH WEST,All types,2025-Q4,1,843.4,
Divorce (inc. Financial Remedy),SOUTH WEST,All types,2025-Q4,1,592.1,
Divorce (inc. Financial Remedy),SOUTH EAST,All types,2025-Q4,402,268.8,
Divorce (inc. Financial Remedy),MIDLANDS,All types,2025-Q4,2,754.9,
Divorce (inc. Financial Remedy),LONDON,All types,2025-Q4,7,666.4,
Divorce (inc. Financial Remedy),England & Wales,All types,2025-Q4,512,277.4,
Divorce (inc. Financial Remedy),England & Wales,2 Petitioner Only,2025-Q4,132,290.1,
Divorce (inc. Financial Remedy),England & Wales,1 Both,2025-Q4,30,299.7,
